% # columns="iteration, evaluation, min 25%tile 75%tile max correlation, correlation matrix principal axes lengths  (sorted square roots of eigenvalues of correlation matrix)", seed=414859, Sat May  9 10:18:14 2026
1 12 -0.02420491801327998 -0.007851070827747324 0.004801032948308111 0.024286555587555575 0.9555449338804252 0.9679429544945664 0.9755642530967371 0.9874080553038983 0.9931669963797122 0.9958822013982068 0.9968481009709059 0.9998393422758585 1.0018721230677365 1.0034934312095882 1.00445128677701 1.0052546676511793 1.0061502876799788 1.0080225634059703 1.0082875540280007 1.016386543055594 1.0208566898457971 1.0494214257371772
2 24 -0.037448359052746585 -0.012281387319581338 0.007433811407025357 0.035654836407316245 0.9555449338804252 0.9679429544945664 0.9755642530967371 0.9874080553038983 0.9931669963797122 0.9958822013982068 0.9968481009709059 0.9998393422758585 1.0018721230677365 1.0034934312095882 1.00445128677701 1.0052546676511793 1.0061502876799788 1.0080225634059703 1.0082875540280007 1.016386543055594 1.0208566898457971 1.0494214257371772
3 36 -0.03921595078394825 -0.016867625436089356 0.01039692148110169 0.05650473719263861 0.9555449338804252 0.9679429544945664 0.9755642530967371 0.9874080553038983 0.9931669963797122 0.9958822013982068 0.9968481009709059 0.9998393422758585 1.0018721230677365 1.0034934312095882 1.00445128677701 1.0052546676511793 1.0061502876799788 1.0080225634059703 1.0082875540280007 1.016386543055594 1.0208566898457971 1.0494214257371772
4 48 -0.03870185466874526 -0.01843549629182422 0.012064176742152299 0.06624260138943838 0.9555449338804252 0.9679429544945664 0.9755642530967371 0.9874080553038983 0.9931669963797122 0.9958822013982068 0.9968481009709059 0.9998393422758585 1.0018721230677365 1.0034934312095882 1.00445128677701 1.0052546676511793 1.0061502876799788 1.0080225634059703 1.0082875540280007 1.016386543055594 1.0208566898457971 1.0494214257371772
5 60 -0.05084969212659662 -0.022285206047580636 0.016165124146621225 0.07349591637087706 0.9555449338804252 0.9679429544945664 0.9755642530967371 0.9874080553038983 0.9931669963797122 0.9958822013982068 0.9968481009709059 0.9998393422758585 1.0018721230677365 1.0034934312095882 1.00445128677701 1.0052546676511793 1.0061502876799788 1.0080225634059703 1.0082875540280007 1.016386543055594 1.0208566898457971 1.0494214257371772
6 72 -0.04898576282599103 -0.021448630384319996 0.018088680428530398 0.07520733948057651 0.9555449338804252 0.9679429544945664 0.9755642530967371 0.9874080553038983 0.9931669963797122 0.9958822013982068 0.9968481009709059 0.9998393422758585 1.0018721230677365 1.0034934312095882 1.00445128677701 1.0052546676511793 1.0061502876799788 1.0080225634059703 1.0082875540280007 1.016386543055594 1.0208566898457971 1.0494214257371772
7 84 -0.06343854189097371 -0.02738467390866701 0.016296289816099513 0.08516970601885876 0.9555449338804252 0.9679429544945664 0.9755642530967371 0.9874080553038983 0.9931669963797122 0.9958822013982068 0.9968481009709059 0.9998393422758585 1.0018721230677365 1.0034934312095882 1.00445128677701 1.0052546676511793 1.0061502876799788 1.0080225634059703 1.0082875540280007 1.016386543055594 1.0208566898457971 1.0494214257371772
8 96 -0.06955395786998884 -0.029414812082135804 0.013598540949832195 0.09213700705023829 0.9555449338804252 0.9679429544945664 0.9755642530967371 0.9874080553038983 0.9931669963797122 0.9958822013982068 0.9968481009709059 0.9998393422758585 1.0018721230677365 1.0034934312095882 1.00445128677701 1.0052546676511793 1.0061502876799788 1.0080225634059703 1.0082875540280007 1.016386543055594 1.0208566898457971 1.0494214257371772
9 108 -0.09502249897534083 -0.034367823499910015 0.01869538664671254 0.12057231993233483 0.9555449338804252 0.9679429544945664 0.9755642530967371 0.9874080553038983 0.9931669963797122 0.9958822013982068 0.9968481009709059 0.9998393422758585 1.0018721230677365 1.0034934312095882 1.00445128677701 1.0052546676511793 1.0061502876799788 1.0080225634059703 1.0082875540280007 1.016386543055594 1.0208566898457971 1.0494214257371772
10 120 -0.09655210346483953 -0.03591787612218923 0.0229215629508188 0.1263398908339781 0.9555449338804252 0.9679429544945664 0.9755642530967371 0.9874080553038983 0.9931669963797122 0.9958822013982068 0.9968481009709059 0.9998393422758585 1.0018721230677365 1.0034934312095882 1.00445128677701 1.0052546676511793 1.0061502876799788 1.0080225634059703 1.0082875540280007 1.016386543055594 1.0208566898457971 1.0494214257371772
11 132 -0.10249661090201005 -0.03526676270739225 0.022397937097792697 0.12908625966853168 0.9555449338804252 0.9679429544945664 0.9755642530967371 0.9874080553038983 0.9931669963797122 0.9958822013982068 0.9968481009709059 0.9998393422758585 1.0018721230677365 1.0034934312095882 1.00445128677701 1.0052546676511793 1.0061502876799788 1.0080225634059703 1.0082875540280007 1.016386543055594 1.0208566898457971 1.0494214257371772
12 144 -0.11914050463277692 -0.03758008181545677 0.0250660140282527 0.14176565316106624 0.9555449338804252 0.9679429544945664 0.9755642530967371 0.9874080553038983 0.9931669963797122 0.9958822013982068 0.9968481009709059 0.9998393422758585 1.0018721230677365 1.0034934312095882 1.00445128677701 1.0052546676511793 1.0061502876799788 1.0080225634059703 1.0082875540280007 1.016386543055594 1.0208566898457971 1.0494214257371772
13 156 -0.13894091632923128 -0.038063913802365276 0.02531487488725807 0.16312041594482307 0.9555449338804252 0.9679429544945664 0.9755642530967371 0.9874080553038983 0.9931669963797122 0.9958822013982068 0.9968481009709059 0.9998393422758585 1.0018721230677365 1.0034934312095882 1.00445128677701 1.0052546676511793 1.0061502876799788 1.0080225634059703 1.0082875540280007 1.016386543055594 1.0208566898457971 1.0494214257371772
14 168 -0.1361980573358335 -0.03581724124411157 0.022392732946172597 0.16837837476717268 0.9555449338804252 0.9679429544945664 0.9755642530967371 0.9874080553038983 0.9931669963797122 0.9958822013982068 0.9968481009709059 0.9998393422758585 1.0018721230677365 1.0034934312095882 1.00445128677701 1.0052546676511793 1.0061502876799788 1.0080225634059703 1.0082875540280007 1.016386543055594 1.0208566898457971 1.0494214257371772
15 180 -0.11998607266157381 -0.03870067741870176 0.023083850112725214 0.15906389094652984 0.9555449338804252 0.9679429544945664 0.9755642530967371 0.9874080553038983 0.9931669963797122 0.9958822013982068 0.9968481009709059 0.9998393422758585 1.0018721230677365 1.0034934312095882 1.00445128677701 1.0052546676511793 1.0061502876799788 1.0080225634059703 1.0082875540280007 1.016386543055594 1.0208566898457971 1.0494214257371772
16 192 -0.12695239160487673 -0.039271636326064174 0.027792068741107484 0.1579372212681361 0.9555449338804252 0.9679429544945664 0.9755642530967371 0.9874080553038983 0.9931669963797122 0.9958822013982068 0.9968481009709059 0.9998393422758585 1.0018721230677365 1.0034934312095882 1.00445128677701 1.0052546676511793 1.0061502876799788 1.0080225634059703 1.0082875540280007 1.016386543055594 1.0208566898457971 1.0494214257371772
17 204 -0.12752570009176667 -0.04301682248007643 0.02961677770072893 0.16752288628683798 0.9555449338804252 0.9679429544945664 0.9755642530967371 0.9874080553038983 0.9931669963797122 0.9958822013982068 0.9968481009709059 0.9998393422758585 1.0018721230677365 1.0034934312095882 1.00445128677701 1.0052546676511793 1.0061502876799788 1.0080225634059703 1.0082875540280007 1.016386543055594 1.0208566898457971 1.0494214257371772
18 216 -0.12641034937260448 -0.04359474199081306 0.0251552702043474 0.15907700286524923 0.9555449338804252 0.9679429544945664 0.9755642530967371 0.9874080553038983 0.9931669963797122 0.9958822013982068 0.9968481009709059 0.9998393422758585 1.0018721230677365 1.0034934312095882 1.00445128677701 1.0052546676511793 1.0061502876799788 1.0080225634059703 1.0082875540280007 1.016386543055594 1.0208566898457971 1.0494214257371772
19 228 -0.13310906984689222 -0.04110626431431703 0.0280768867259951 0.151827950409269 0.8236886266870408 0.8488555461980692 0.8761116056445477 0.902224010384521 0.926852290112884 0.9299224745920235 0.9406957781281307 0.9583676723590013 0.9666010292734586 0.997387727862136 1.012292269296544 1.0336366759315059 1.0490882020313759 1.0540453195520352 1.0824014745148207 1.1163272898389485 1.1368546505353798 1.2442498041106285
20 240 -0.1357668005612073 -0.03974454016472336 0.02830494374181272 0.1467924975186045 0.8236886266870408 0.8488555461980692 0.8761116056445477 0.902224010384521 0.926852290112884 0.9299224745920235 0.9406957781281307 0.9583676723590013 0.9666010292734586 0.997387727862136 1.012292269296544 1.0336366759315059 1.0490882020313759 1.0540453195520352 1.0824014745148207 1.1163272898389485 1.1368546505353798 1.2442498041106285
21 252 -0.13558719238687042 -0.037941828477029066 0.023014476625940937 0.14318804674681665 0.8236886266870408 0.8488555461980692 0.8761116056445477 0.902224010384521 0.926852290112884 0.9299224745920235 0.9406957781281307 0.9583676723590013 0.9666010292734586 0.997387727862136 1.012292269296544 1.0336366759315059 1.0490882020313759 1.0540453195520352 1.0824014745148207 1.1163272898389485 1.1368546505353798 1.2442498041106285
22 264 -0.14363195603478496 -0.040786420028520856 0.030455100713493333 0.14853363655321802 0.8236886266870408 0.8488555461980692 0.8761116056445477 0.902224010384521 0.926852290112884 0.9299224745920235 0.9406957781281307 0.9583676723590013 0.9666010292734586 0.997387727862136 1.012292269296544 1.0336366759315059 1.0490882020313759 1.0540453195520352 1.0824014745148207 1.1163272898389485 1.1368546505353798 1.2442498041106285
23 276 -0.14277822287308226 -0.04199560809654619 0.030086154007386977 0.16272479699268488 0.8236886266870408 0.8488555461980692 0.8761116056445477 0.902224010384521 0.926852290112884 0.9299224745920235 0.9406957781281307 0.9583676723590013 0.9666010292734586 0.997387727862136 1.012292269296544 1.0336366759315059 1.0490882020313759 1.0540453195520352 1.0824014745148207 1.1163272898389485 1.1368546505353798 1.2442498041106285
24 288 -0.14192567024749903 -0.03927657867668238 0.028706610224313055 0.159862808538647 0.8236886266870408 0.8488555461980692 0.8761116056445477 0.902224010384521 0.926852290112884 0.9299224745920235 0.9406957781281307 0.9583676723590013 0.9666010292734586 0.997387727862136 1.012292269296544 1.0336366759315059 1.0490882020313759 1.0540453195520352 1.0824014745148207 1.1163272898389485 1.1368546505353798 1.2442498041106285
25 300 -0.1673054996824528 -0.04141662478412604 0.02775035271652821 0.14722322993351175 0.8236886266870408 0.8488555461980692 0.8761116056445477 0.902224010384521 0.926852290112884 0.9299224745920235 0.9406957781281307 0.9583676723590013 0.9666010292734586 0.997387727862136 1.012292269296544 1.0336366759315059 1.0490882020313759 1.0540453195520352 1.0824014745148207 1.1163272898389485 1.1368546505353798 1.2442498041106285
26 312 -0.18409527681521143 -0.04244147018867676 0.0312911179982851 0.1436602183242747 0.8236886266870408 0.8488555461980692 0.8761116056445477 0.902224010384521 0.926852290112884 0.9299224745920235 0.9406957781281307 0.9583676723590013 0.9666010292734586 0.997387727862136 1.012292269296544 1.0336366759315059 1.0490882020313759 1.0540453195520352 1.0824014745148207 1.1163272898389485 1.1368546505353798 1.2442498041106285
27 324 -0.18874879086134677 -0.04062220285473908 0.02704785637180594 0.16227324827560852 0.8236886266870408 0.8488555461980692 0.8761116056445477 0.902224010384521 0.926852290112884 0.9299224745920235 0.9406957781281307 0.9583676723590013 0.9666010292734586 0.997387727862136 1.012292269296544 1.0336366759315059 1.0490882020313759 1.0540453195520352 1.0824014745148207 1.1163272898389485 1.1368546505353798 1.2442498041106285
28 336 -0.19418569823494822 -0.04240089205638094 0.027642777139671622 0.15423580735052164 0.8236886266870408 0.8488555461980692 0.8761116056445477 0.902224010384521 0.926852290112884 0.9299224745920235 0.9406957781281307 0.9583676723590013 0.9666010292734586 0.997387727862136 1.012292269296544 1.0336366759315059 1.0490882020313759 1.0540453195520352 1.0824014745148207 1.1163272898389485 1.1368546505353798 1.2442498041106285
29 348 -0.19082058857944 -0.04126178035385084 0.028382110530299768 0.16721441864912326 0.8236886266870408 0.8488555461980692 0.8761116056445477 0.902224010384521 0.926852290112884 0.9299224745920235 0.9406957781281307 0.9583676723590013 0.9666010292734586 0.997387727862136 1.012292269296544 1.0336366759315059 1.0490882020313759 1.0540453195520352 1.0824014745148207 1.1163272898389485 1.1368546505353798 1.2442498041106285
30 360 -0.1934889650102398 -0.0428063866822299 0.03170144672249469 0.1633672007147368 0.8236886266870408 0.8488555461980692 0.8761116056445477 0.902224010384521 0.926852290112884 0.9299224745920235 0.9406957781281307 0.9583676723590013 0.9666010292734586 0.997387727862136 1.012292269296544 1.0336366759315059 1.0490882020313759 1.0540453195520352 1.0824014745148207 1.1163272898389485 1.1368546505353798 1.2442498041106285
31 372 -0.19603531615345 -0.052006276519224036 0.029464172605020038 0.1767228189840234 0.8236886266870408 0.8488555461980692 0.8761116056445477 0.902224010384521 0.926852290112884 0.9299224745920235 0.9406957781281307 0.9583676723590013 0.9666010292734586 0.997387727862136 1.012292269296544 1.0336366759315059 1.0490882020313759 1.0540453195520352 1.0824014745148207 1.1163272898389485 1.1368546505353798 1.2442498041106285
32 384 -0.1990323323833937 -0.05166845629019079 0.033707294892701634 0.2057346741742175 0.8236886266870408 0.8488555461980692 0.8761116056445477 0.902224010384521 0.926852290112884 0.9299224745920235 0.9406957781281307 0.9583676723590013 0.9666010292734586 0.997387727862136 1.012292269296544 1.0336366759315059 1.0490882020313759 1.0540453195520352 1.0824014745148207 1.1163272898389485 1.1368546505353798 1.2442498041106285
33 396 -0.21623991820469174 -0.05567703692403104 0.03970724243349945 0.18899460200948687 0.8236886266870408 0.8488555461980692 0.8761116056445477 0.902224010384521 0.926852290112884 0.9299224745920235 0.9406957781281307 0.9583676723590013 0.9666010292734586 0.997387727862136 1.012292269296544 1.0336366759315059 1.0490882020313759 1.0540453195520352 1.0824014745148207 1.1163272898389485 1.1368546505353798 1.2442498041106285
34 408 -0.2171354247618325 -0.05439316830172924 0.03752744646061547 0.18980039463759213 0.8236886266870408 0.8488555461980692 0.8761116056445477 0.902224010384521 0.926852290112884 0.9299224745920235 0.9406957781281307 0.9583676723590013 0.9666010292734586 0.997387727862136 1.012292269296544 1.0336366759315059 1.0490882020313759 1.0540453195520352 1.0824014745148207 1.1163272898389485 1.1368546505353798 1.2442498041106285
35 420 -0.2175385898962674 -0.05884581913569617 0.03574783237571947 0.1979617423998276 0.8236886266870408 0.8488555461980692 0.8761116056445477 0.902224010384521 0.926852290112884 0.9299224745920235 0.9406957781281307 0.9583676723590013 0.9666010292734586 0.997387727862136 1.012292269296544 1.0336366759315059 1.0490882020313759 1.0540453195520352 1.0824014745148207 1.1163272898389485 1.1368546505353798 1.2442498041106285
36 432 -0.21379648870135626 -0.06607715463730394 0.03190711881442315 0.20526586521300472 0.8236886266870408 0.8488555461980692 0.8761116056445477 0.902224010384521 0.926852290112884 0.9299224745920235 0.9406957781281307 0.9583676723590013 0.9666010292734586 0.997387727862136 1.012292269296544 1.0336366759315059 1.0490882020313759 1.0540453195520352 1.0824014745148207 1.1163272898389485 1.1368546505353798 1.2442498041106285
37 444 -0.2266908729184218 -0.062429351492080856 0.03610486173138275 0.20498405236002498 0.7536721628834454 0.7748946423896178 0.8120053152477987 0.8544096211491178 0.8640890509978497 0.8818603383993807 0.905404341606655 0.9291643783510855 0.9402438288949699 0.9678577624489557 0.9924218644534688 1.034371376882156 1.0638435912055106 1.0956752664594775 1.1087402983886498 1.1696096270537888 1.2554725536439546 1.361364821283133
38 456 -0.22654778275230247 -0.06475043948740668 0.04072179069470741 0.2042534237858237 0.7536721628834454 0.7748946423896178 0.8120053152477987 0.8544096211491178 0.8640890509978497 0.8818603383993807 0.905404341606655 0.9291643783510855 0.9402438288949699 0.9678577624489557 0.9924218644534688 1.034371376882156 1.0638435912055106 1.0956752664594775 1.1087402983886498 1.1696096270537888 1.2554725536439546 1.361364821283133
39 468 -0.24401987250932225 -0.062061905567995596 0.03418769022802745 0.20281360161175382 0.7536721628834454 0.7748946423896178 0.8120053152477987 0.8544096211491178 0.8640890509978497 0.8818603383993807 0.905404341606655 0.9291643783510855 0.9402438288949699 0.9678577624489557 0.9924218644534688 1.034371376882156 1.0638435912055106 1.0956752664594775 1.1087402983886498 1.1696096270537888 1.2554725536439546 1.361364821283133
40 480 -0.2392334444047971 -0.0632575710971355 0.03693822256486755 0.20830381555172972 0.7536721628834454 0.7748946423896178 0.8120053152477987 0.8544096211491178 0.8640890509978497 0.8818603383993807 0.905404341606655 0.9291643783510855 0.9402438288949699 0.9678577624489557 0.9924218644534688 1.034371376882156 1.0638435912055106 1.0956752664594775 1.1087402983886498 1.1696096270537888 1.2554725536439546 1.361364821283133
41 492 -0.24677819549081462 -0.061912017826900936 0.039698445893339485 0.23074848524149624 0.7536721628834454 0.7748946423896178 0.8120053152477987 0.8544096211491178 0.8640890509978497 0.8818603383993807 0.905404341606655 0.9291643783510855 0.9402438288949699 0.9678577624489557 0.9924218644534688 1.034371376882156 1.0638435912055106 1.0956752664594775 1.1087402983886498 1.1696096270537888 1.2554725536439546 1.361364821283133
42 504 -0.252014312643189 -0.06493509347586181 0.03800696473292518 0.24106657174395424 0.7536721628834454 0.7748946423896178 0.8120053152477987 0.8544096211491178 0.8640890509978497 0.8818603383993807 0.905404341606655 0.9291643783510855 0.9402438288949699 0.9678577624489557 0.9924218644534688 1.034371376882156 1.0638435912055106 1.0956752664594775 1.1087402983886498 1.1696096270537888 1.2554725536439546 1.361364821283133
43 516 -0.2634043942422512 -0.06574208521997678 0.03893917340725987 0.24857983967731145 0.7536721628834454 0.7748946423896178 0.8120053152477987 0.8544096211491178 0.8640890509978497 0.8818603383993807 0.905404341606655 0.9291643783510855 0.9402438288949699 0.9678577624489557 0.9924218644534688 1.034371376882156 1.0638435912055106 1.0956752664594775 1.1087402983886498 1.1696096270537888 1.2554725536439546 1.361364821283133
44 528 -0.2657903076302617 -0.06927234479314125 0.04042342708676375 0.24826099364529133 0.7536721628834454 0.7748946423896178 0.8120053152477987 0.8544096211491178 0.8640890509978497 0.8818603383993807 0.905404341606655 0.9291643783510855 0.9402438288949699 0.9678577624489557 0.9924218644534688 1.034371376882156 1.0638435912055106 1.0956752664594775 1.1087402983886498 1.1696096270537888 1.2554725536439546 1.361364821283133
45 540 -0.27216585994982856 -0.06744286180199255 0.04499698348038183 0.2434198379776865 0.7536721628834454 0.7748946423896178 0.8120053152477987 0.8544096211491178 0.8640890509978497 0.8818603383993807 0.905404341606655 0.9291643783510855 0.9402438288949699 0.9678577624489557 0.9924218644534688 1.034371376882156 1.0638435912055106 1.0956752664594775 1.1087402983886498 1.1696096270537888 1.2554725536439546 1.361364821283133
46 552 -0.27260687557533836 -0.06427786335779 0.043649285676682234 0.23701986958512083 0.7536721628834454 0.7748946423896178 0.8120053152477987 0.8544096211491178 0.8640890509978497 0.8818603383993807 0.905404341606655 0.9291643783510855 0.9402438288949699 0.9678577624489557 0.9924218644534688 1.034371376882156 1.0638435912055106 1.0956752664594775 1.1087402983886498 1.1696096270537888 1.2554725536439546 1.361364821283133
47 564 -0.285356602042279 -0.0660155467375732 0.039486086947324806 0.22989787648847299 0.7536721628834454 0.7748946423896178 0.8120053152477987 0.8544096211491178 0.8640890509978497 0.8818603383993807 0.905404341606655 0.9291643783510855 0.9402438288949699 0.9678577624489557 0.9924218644534688 1.034371376882156 1.0638435912055106 1.0956752664594775 1.1087402983886498 1.1696096270537888 1.2554725536439546 1.361364821283133
48 576 -0.27928045173233446 -0.06814672426999782 0.03673145275650735 0.22464770895528727 0.7536721628834454 0.7748946423896178 0.8120053152477987 0.8544096211491178 0.8640890509978497 0.8818603383993807 0.905404341606655 0.9291643783510855 0.9402438288949699 0.9678577624489557 0.9924218644534688 1.034371376882156 1.0638435912055106 1.0956752664594775 1.1087402983886498 1.1696096270537888 1.2554725536439546 1.361364821283133
49 588 -0.30063695828116205 -0.06727551816690525 0.036567100508144004 0.21907321590635565 0.7536721628834454 0.7748946423896178 0.8120053152477987 0.8544096211491178 0.8640890509978497 0.8818603383993807 0.905404341606655 0.9291643783510855 0.9402438288949699 0.9678577624489557 0.9924218644534688 1.034371376882156 1.0638435912055106 1.0956752664594775 1.1087402983886498 1.1696096270537888 1.2554725536439546 1.361364821283133
50 600 -0.31445348055331923 -0.06476033238101343 0.03398602084326098 0.21822413705685453 0.7536721628834454 0.7748946423896178 0.8120053152477987 0.8544096211491178 0.8640890509978497 0.8818603383993807 0.905404341606655 0.9291643783510855 0.9402438288949699 0.9678577624489557 0.9924218644534688 1.034371376882156 1.0638435912055106 1.0956752664594775 1.1087402983886498 1.1696096270537888 1.2554725536439546 1.361364821283133
51 612 -0.3375006090522427 -0.0694577623967867 0.03629919603531827 0.2126460964880336 0.7536721628834454 0.7748946423896178 0.8120053152477987 0.8544096211491178 0.8640890509978497 0.8818603383993807 0.905404341606655 0.9291643783510855 0.9402438288949699 0.9678577624489557 0.9924218644534688 1.034371376882156 1.0638435912055106 1.0956752664594775 1.1087402983886498 1.1696096270537888 1.2554725536439546 1.361364821283133
52 624 -0.3492575726429963 -0.0658778614593972 0.04024307135947565 0.2100635719664727 0.7536721628834454 0.7748946423896178 0.8120053152477987 0.8544096211491178 0.8640890509978497 0.8818603383993807 0.905404341606655 0.9291643783510855 0.9402438288949699 0.9678577624489557 0.9924218644534688 1.034371376882156 1.0638435912055106 1.0956752664594775 1.1087402983886498 1.1696096270537888 1.2554725536439546 1.361364821283133
53 636 -0.3557510159256123 -0.06971749766237847 0.04142567083723756 0.20303617262849252 0.7536721628834454 0.7748946423896178 0.8120053152477987 0.8544096211491178 0.8640890509978497 0.8818603383993807 0.905404341606655 0.9291643783510855 0.9402438288949699 0.9678577624489557 0.9924218644534688 1.034371376882156 1.0638435912055106 1.0956752664594775 1.1087402983886498 1.1696096270537888 1.2554725536439546 1.361364821283133
54 648 -0.37170047090361186 -0.06991503753797951 0.04242564159608087 0.18277558329850718 0.7536721628834454 0.7748946423896178 0.8120053152477987 0.8544096211491178 0.8640890509978497 0.8818603383993807 0.905404341606655 0.9291643783510855 0.9402438288949699 0.9678577624489557 0.9924218644534688 1.034371376882156 1.0638435912055106 1.0956752664594775 1.1087402983886498 1.1696096270537888 1.2554725536439546 1.361364821283133
55 660 -0.38699126135208994 -0.07380530189420108 0.03869362527586782 0.1810455262002164 0.692606239887711 0.7315656575822325 0.7709331186392582 0.818513011634108 0.835879035647425 0.8647176222743626 0.8778179092861038 0.9070528093842684 0.9421499879292446 0.9813043168604282 1.016414270286882 1.0390028830270712 1.0903326749715445 1.128135661203321 1.1458550240662149 1.2429796945845022 1.2748481174210442 1.3315788892401021
56 672 -0.37409766893050134 -0.07264348241086127 0.04489597845758922 0.18250865981748624 0.692606239887711 0.7315656575822325 0.7709331186392582 0.818513011634108 0.835879035647425 0.8647176222743626 0.8778179092861038 0.9070528093842684 0.9421499879292446 0.9813043168604282 1.016414270286882 1.0390028830270712 1.0903326749715445 1.128135661203321 1.1458550240662149 1.2429796945845022 1.2748481174210442 1.3315788892401021
57 684 -0.36416418261029015 -0.07291299279965525 0.04448604046035627 0.17117504365615388 0.692606239887711 0.7315656575822325 0.7709331186392582 0.818513011634108 0.835879035647425 0.8647176222743626 0.8778179092861038 0.9070528093842684 0.9421499879292446 0.9813043168604282 1.016414270286882 1.0390028830270712 1.0903326749715445 1.128135661203321 1.1458550240662149 1.2429796945845022 1.2748481174210442 1.3315788892401021
58 696 -0.3721479624297928 -0.07253145219784637 0.0428631832091174 0.17226617446430753 0.692606239887711 0.7315656575822325 0.7709331186392582 0.818513011634108 0.835879035647425 0.8647176222743626 0.8778179092861038 0.9070528093842684 0.9421499879292446 0.9813043168604282 1.016414270286882 1.0390028830270712 1.0903326749715445 1.128135661203321 1.1458550240662149 1.2429796945845022 1.2748481174210442 1.3315788892401021
59 708 -0.38524559594300645 -0.07400376733739009 0.03858276344159896 0.16871379980579618 0.692606239887711 0.7315656575822325 0.7709331186392582 0.818513011634108 0.835879035647425 0.8647176222743626 0.8778179092861038 0.9070528093842684 0.9421499879292446 0.9813043168604282 1.016414270286882 1.0390028830270712 1.0903326749715445 1.128135661203321 1.1458550240662149 1.2429796945845022 1.2748481174210442 1.3315788892401021
60 720 -0.3950215345962872 -0.07593476755200963 0.04491244938991451 0.16473361458611813 0.692606239887711 0.7315656575822325 0.7709331186392582 0.818513011634108 0.835879035647425 0.8647176222743626 0.8778179092861038 0.9070528093842684 0.9421499879292446 0.9813043168604282 1.016414270286882 1.0390028830270712 1.0903326749715445 1.128135661203321 1.1458550240662149 1.2429796945845022 1.2748481174210442 1.3315788892401021
61 732 -0.3921988998433138 -0.08465132072370952 0.0449028022126009 0.16284137790669773 0.692606239887711 0.7315656575822325 0.7709331186392582 0.818513011634108 0.835879035647425 0.8647176222743626 0.8778179092861038 0.9070528093842684 0.9421499879292446 0.9813043168604282 1.016414270286882 1.0390028830270712 1.0903326749715445 1.128135661203321 1.1458550240662149 1.2429796945845022 1.2748481174210442 1.3315788892401021
62 744 -0.3805107165815387 -0.08279711839528618 0.04149255067254882 0.1727958221112924 0.692606239887711 0.7315656575822325 0.7709331186392582 0.818513011634108 0.835879035647425 0.8647176222743626 0.8778179092861038 0.9070528093842684 0.9421499879292446 0.9813043168604282 1.016414270286882 1.0390028830270712 1.0903326749715445 1.128135661203321 1.1458550240662149 1.2429796945845022 1.2748481174210442 1.3315788892401021
63 756 -0.3855580597336706 -0.08494208202619871 0.04361098603208448 0.18368182316757647 0.692606239887711 0.7315656575822325 0.7709331186392582 0.818513011634108 0.835879035647425 0.8647176222743626 0.8778179092861038 0.9070528093842684 0.9421499879292446 0.9813043168604282 1.016414270286882 1.0390028830270712 1.0903326749715445 1.128135661203321 1.1458550240662149 1.2429796945845022 1.2748481174210442 1.3315788892401021
64 768 -0.38456193338268563 -0.08843324371988688 0.048458893703758533 0.19012231504683738 0.692606239887711 0.7315656575822325 0.7709331186392582 0.818513011634108 0.835879035647425 0.8647176222743626 0.8778179092861038 0.9070528093842684 0.9421499879292446 0.9813043168604282 1.016414270286882 1.0390028830270712 1.0903326749715445 1.128135661203321 1.1458550240662149 1.2429796945845022 1.2748481174210442 1.3315788892401021
65 780 -0.3866727393845122 -0.08650862199063025 0.05650131313174341 0.18302174748909866 0.692606239887711 0.7315656575822325 0.7709331186392582 0.818513011634108 0.835879035647425 0.8647176222743626 0.8778179092861038 0.9070528093842684 0.9421499879292446 0.9813043168604282 1.016414270286882 1.0390028830270712 1.0903326749715445 1.128135661203321 1.1458550240662149 1.2429796945845022 1.2748481174210442 1.3315788892401021
66 792 -0.40237377941119445 -0.07952289394944459 0.04676333490835804 0.17481789653199428 0.692606239887711 0.7315656575822325 0.7709331186392582 0.818513011634108 0.835879035647425 0.8647176222743626 0.8778179092861038 0.9070528093842684 0.9421499879292446 0.9813043168604282 1.016414270286882 1.0390028830270712 1.0903326749715445 1.128135661203321 1.1458550240662149 1.2429796945845022 1.2748481174210442 1.3315788892401021
67 804 -0.4169610588613579 -0.08613812168894888 0.04786732843789088 0.17785479789945616 0.692606239887711 0.7315656575822325 0.7709331186392582 0.818513011634108 0.835879035647425 0.8647176222743626 0.8778179092861038 0.9070528093842684 0.9421499879292446 0.9813043168604282 1.016414270286882 1.0390028830270712 1.0903326749715445 1.128135661203321 1.1458550240662149 1.2429796945845022 1.2748481174210442 1.3315788892401021
68 816 -0.4298979968962958 -0.0857151162508638 0.048630991466589696 0.18792559677573026 0.692606239887711 0.7315656575822325 0.7709331186392582 0.818513011634108 0.835879035647425 0.8647176222743626 0.8778179092861038 0.9070528093842684 0.9421499879292446 0.9813043168604282 1.016414270286882 1.0390028830270712 1.0903326749715445 1.128135661203321 1.1458550240662149 1.2429796945845022 1.2748481174210442 1.3315788892401021
69 828 -0.43151800528683587 -0.08527536894530002 0.0503895658233601 0.20461339184208768 0.692606239887711 0.7315656575822325 0.7709331186392582 0.818513011634108 0.835879035647425 0.8647176222743626 0.8778179092861038 0.9070528093842684 0.9421499879292446 0.9813043168604282 1.016414270286882 1.0390028830270712 1.0903326749715445 1.128135661203321 1.1458550240662149 1.2429796945845022 1.2748481174210442 1.3315788892401021
70 840 -0.4385313700098845 -0.08841292212531833 0.056988286899174345 0.2004794082132771 0.692606239887711 0.7315656575822325 0.7709331186392582 0.818513011634108 0.835879035647425 0.8647176222743626 0.8778179092861038 0.9070528093842684 0.9421499879292446 0.9813043168604282 1.016414270286882 1.0390028830270712 1.0903326749715445 1.128135661203321 1.1458550240662149 1.2429796945845022 1.2748481174210442 1.3315788892401021
71 852 -0.4381845310909603 -0.09324217558676642 0.05240802731269609 0.19922996756653158 0.692606239887711 0.7315656575822325 0.7709331186392582 0.818513011634108 0.835879035647425 0.8647176222743626 0.8778179092861038 0.9070528093842684 0.9421499879292446 0.9813043168604282 1.016414270286882 1.0390028830270712 1.0903326749715445 1.128135661203321 1.1458550240662149 1.2429796945845022 1.2748481174210442 1.3315788892401021
72 864 -0.44367340536743977 -0.09124745520506936 0.057919650890873975 0.20652901958003575 0.692606239887711 0.7315656575822325 0.7709331186392582 0.818513011634108 0.835879035647425 0.8647176222743626 0.8778179092861038 0.9070528093842684 0.9421499879292446 0.9813043168604282 1.016414270286882 1.0390028830270712 1.0903326749715445 1.128135661203321 1.1458550240662149 1.2429796945845022 1.2748481174210442 1.3315788892401021
73 876 -0.4514612892741746 -0.09270384863528822 0.05385361674917066 0.21130249591410488 0.6344587177403771 0.6863889541876141 0.7232187435865136 0.7484160301619213 0.7663681922172602 0.8520031239420286 0.8687549882653927 0.9166471815209989 0.9352434610861432 0.986905553169589 1.012010039491975 1.0395751799943387 1.0607921281415802 1.1069990563678724 1.1456173915933083 1.2426496932979694 1.3552166267414714 1.462003221175235
74 888 -0.44183592784509096 -0.08894635843972114 0.06039744363436156 0.2306548200096666 0.6344587177403771 0.6863889541876141 0.7232187435865136 0.7484160301619213 0.7663681922172602 0.8520031239420286 0.8687549882653927 0.9166471815209989 0.9352434610861432 0.986905553169589 1.012010039491975 1.0395751799943387 1.0607921281415802 1.1069990563678724 1.1456173915933083 1.2426496932979694 1.3552166267414714 1.462003221175235
75 900 -0.44107027762123824 -0.09355167443383042 0.06318894650461951 0.27763170599005915 0.6344587177403771 0.6863889541876141 0.7232187435865136 0.7484160301619213 0.7663681922172602 0.8520031239420286 0.8687549882653927 0.9166471815209989 0.9352434610861432 0.986905553169589 1.012010039491975 1.0395751799943387 1.0607921281415802 1.1069990563678724 1.1456173915933083 1.2426496932979694 1.3552166267414714 1.462003221175235
76 912 -0.4405290616907105 -0.09300090549766424 0.06580676613296321 0.2931963286772002 0.6344587177403771 0.6863889541876141 0.7232187435865136 0.7484160301619213 0.7663681922172602 0.8520031239420286 0.8687549882653927 0.9166471815209989 0.9352434610861432 0.986905553169589 1.012010039491975 1.0395751799943387 1.0607921281415802 1.1069990563678724 1.1456173915933083 1.2426496932979694 1.3552166267414714 1.462003221175235
77 924 -0.4423327991653153 -0.09074526559397977 0.06164084528714138 0.28270373131635973 0.6344587177403771 0.6863889541876141 0.7232187435865136 0.7484160301619213 0.7663681922172602 0.8520031239420286 0.8687549882653927 0.9166471815209989 0.9352434610861432 0.986905553169589 1.012010039491975 1.0395751799943387 1.0607921281415802 1.1069990563678724 1.1456173915933083 1.2426496932979694 1.3552166267414714 1.462003221175235
78 936 -0.45340724001164245 -0.09369968707469062 0.06948926863558126 0.28908812034789205 0.6344587177403771 0.6863889541876141 0.7232187435865136 0.7484160301619213 0.7663681922172602 0.8520031239420286 0.8687549882653927 0.9166471815209989 0.9352434610861432 0.986905553169589 1.012010039491975 1.0395751799943387 1.0607921281415802 1.1069990563678724 1.1456173915933083 1.2426496932979694 1.3552166267414714 1.462003221175235
79 948 -0.46081164076890013 -0.09272632940520899 0.06096417068890654 0.29885508503251035 0.6344587177403771 0.6863889541876141 0.7232187435865136 0.7484160301619213 0.7663681922172602 0.8520031239420286 0.8687549882653927 0.9166471815209989 0.9352434610861432 0.986905553169589 1.012010039491975 1.0395751799943387 1.0607921281415802 1.1069990563678724 1.1456173915933083 1.2426496932979694 1.3552166267414714 1.462003221175235
80 960 -0.46684606062241957 -0.08926135693227577 0.05696646675646087 0.2840860366557126 0.6344587177403771 0.6863889541876141 0.7232187435865136 0.7484160301619213 0.7663681922172602 0.8520031239420286 0.8687549882653927 0.9166471815209989 0.9352434610861432 0.986905553169589 1.012010039491975 1.0395751799943387 1.0607921281415802 1.1069990563678724 1.1456173915933083 1.2426496932979694 1.3552166267414714 1.462003221175235
81 972 -0.46691482917744304 -0.09738355434770324 0.053087135230019136 0.28621761432848025 0.6344587177403771 0.6863889541876141 0.7232187435865136 0.7484160301619213 0.7663681922172602 0.8520031239420286 0.8687549882653927 0.9166471815209989 0.9352434610861432 0.986905553169589 1.012010039491975 1.0395751799943387 1.0607921281415802 1.1069990563678724 1.1456173915933083 1.2426496932979694 1.3552166267414714 1.462003221175235
82 984 -0.48059195065028876 -0.10289977508811332 0.057349601113325724 0.286024625042452 0.6344587177403771 0.6863889541876141 0.7232187435865136 0.7484160301619213 0.7663681922172602 0.8520031239420286 0.8687549882653927 0.9166471815209989 0.9352434610861432 0.986905553169589 1.012010039491975 1.0395751799943387 1.0607921281415802 1.1069990563678724 1.1456173915933083 1.2426496932979694 1.3552166267414714 1.462003221175235
83 996 -0.4747580186846579 -0.10260065495873522 0.05887403087772175 0.28587173774964136 0.6344587177403771 0.6863889541876141 0.7232187435865136 0.7484160301619213 0.7663681922172602 0.8520031239420286 0.8687549882653927 0.9166471815209989 0.9352434610861432 0.986905553169589 1.012010039491975 1.0395751799943387 1.0607921281415802 1.1069990563678724 1.1456173915933083 1.2426496932979694 1.3552166267414714 1.462003221175235
84 1008 -0.4727962139097432 -0.10065188840516079 0.05748407333391845 0.2830588465248389 0.6344587177403771 0.6863889541876141 0.7232187435865136 0.7484160301619213 0.7663681922172602 0.8520031239420286 0.8687549882653927 0.9166471815209989 0.9352434610861432 0.986905553169589 1.012010039491975 1.0395751799943387 1.0607921281415802 1.1069990563678724 1.1456173915933083 1.2426496932979694 1.3552166267414714 1.462003221175235
85 1020 -0.462503622928556 -0.09431237103673139 0.06557392556945747 0.2808235608156485 0.6344587177403771 0.6863889541876141 0.7232187435865136 0.7484160301619213 0.7663681922172602 0.8520031239420286 0.8687549882653927 0.9166471815209989 0.9352434610861432 0.986905553169589 1.012010039491975 1.0395751799943387 1.0607921281415802 1.1069990563678724 1.1456173915933083 1.2426496932979694 1.3552166267414714 1.462003221175235
86 1032 -0.45597294850514125 -0.0965019528146223 0.06587958911895052 0.2835357969621208 0.6344587177403771 0.6863889541876141 0.7232187435865136 0.7484160301619213 0.7663681922172602 0.8520031239420286 0.8687549882653927 0.9166471815209989 0.9352434610861432 0.986905553169589 1.012010039491975 1.0395751799943387 1.0607921281415802 1.1069990563678724 1.1456173915933083 1.2426496932979694 1.3552166267414714 1.462003221175235
87 1044 -0.4481721754370685 -0.10310983431771381 0.06325047636052153 0.28546538952087236 0.6344587177403771 0.6863889541876141 0.7232187435865136 0.7484160301619213 0.7663681922172602 0.8520031239420286 0.8687549882653927 0.9166471815209989 0.9352434610861432 0.986905553169589 1.012010039491975 1.0395751799943387 1.0607921281415802 1.1069990563678724 1.1456173915933083 1.2426496932979694 1.3552166267414714 1.462003221175235
88 1056 -0.45517672710432994 -0.10095827485359044 0.06809344905565239 0.28975061055643603 0.6344587177403771 0.6863889541876141 0.7232187435865136 0.7484160301619213 0.7663681922172602 0.8520031239420286 0.8687549882653927 0.9166471815209989 0.9352434610861432 0.986905553169589 1.012010039491975 1.0395751799943387 1.0607921281415802 1.1069990563678724 1.1456173915933083 1.2426496932979694 1.3552166267414714 1.462003221175235
89 1068 -0.4762655246882348 -0.0987010654943576 0.07428672844196867 0.2934199213976802 0.6344587177403771 0.6863889541876141 0.7232187435865136 0.7484160301619213 0.7663681922172602 0.8520031239420286 0.8687549882653927 0.9166471815209989 0.9352434610861432 0.986905553169589 1.012010039491975 1.0395751799943387 1.0607921281415802 1.1069990563678724 1.1456173915933083 1.2426496932979694 1.3552166267414714 1.462003221175235
90 1080 -0.4707362475414377 -0.1014280576042899 0.0713232649240508 0.28979932328432567 0.6344587177403771 0.6863889541876141 0.7232187435865136 0.7484160301619213 0.7663681922172602 0.8520031239420286 0.8687549882653927 0.9166471815209989 0.9352434610861432 0.986905553169589 1.012010039491975 1.0395751799943387 1.0607921281415802 1.1069990563678724 1.1456173915933083 1.2426496932979694 1.3552166267414714 1.462003221175235
91 1092 -0.4663743643886035 -0.10362009444722277 0.07341534492627098 0.3032514169077724 0.6092500535546399 0.6280978378538894 0.6539547740570555 0.7153673070950057 0.7583653609510049 0.7871322684075056 0.8305754740003907 0.8737190131404929 0.9192429007308118 0.947082869023489 0.9742947849181186 1.0225687423941061 1.083740589565231 1.1026057538457112 1.1533018070916485 1.2416823120510148 1.4413731602387831 1.6032542317851568
92 1104 -0.4586643115883137 -0.10236159461539074 0.06967998194462711 0.3178389322163997 0.6092500535546399 0.6280978378538894 0.6539547740570555 0.7153673070950057 0.7583653609510049 0.7871322684075056 0.8305754740003907 0.8737190131404929 0.9192429007308118 0.947082869023489 0.9742947849181186 1.0225687423941061 1.083740589565231 1.1026057538457112 1.1533018070916485 1.2416823120510148 1.4413731602387831 1.6032542317851568
93 1116 -0.46307734297227754 -0.10099788205321719 0.06898284223960864 0.32244156604861485 0.6092500535546399 0.6280978378538894 0.6539547740570555 0.7153673070950057 0.7583653609510049 0.7871322684075056 0.8305754740003907 0.8737190131404929 0.9192429007308118 0.947082869023489 0.9742947849181186 1.0225687423941061 1.083740589565231 1.1026057538457112 1.1533018070916485 1.2416823120510148 1.4413731602387831 1.6032542317851568
94 1128 -0.46989965563440755 -0.09835012959675407 0.06816087818179094 0.3316222460417378 0.6092500535546399 0.6280978378538894 0.6539547740570555 0.7153673070950057 0.7583653609510049 0.7871322684075056 0.8305754740003907 0.8737190131404929 0.9192429007308118 0.947082869023489 0.9742947849181186 1.0225687423941061 1.083740589565231 1.1026057538457112 1.1533018070916485 1.2416823120510148 1.4413731602387831 1.6032542317851568
95 1140 -0.4712077754171085 -0.10099859295059793 0.0642435667924211 0.3339312226101149 0.6092500535546399 0.6280978378538894 0.6539547740570555 0.7153673070950057 0.7583653609510049 0.7871322684075056 0.8305754740003907 0.8737190131404929 0.9192429007308118 0.947082869023489 0.9742947849181186 1.0225687423941061 1.083740589565231 1.1026057538457112 1.1533018070916485 1.2416823120510148 1.4413731602387831 1.6032542317851568
96 1152 -0.4813877753814417 -0.10023599920013562 0.07098405695610518 0.34267278368280957 0.6092500535546399 0.6280978378538894 0.6539547740570555 0.7153673070950057 0.7583653609510049 0.7871322684075056 0.8305754740003907 0.8737190131404929 0.9192429007308118 0.947082869023489 0.9742947849181186 1.0225687423941061 1.083740589565231 1.1026057538457112 1.1533018070916485 1.2416823120510148 1.4413731602387831 1.6032542317851568
97 1164 -0.48794407521232097 -0.09902322150763157 0.06844527715900614 0.3811326486396184 0.6092500535546399 0.6280978378538894 0.6539547740570555 0.7153673070950057 0.7583653609510049 0.7871322684075056 0.8305754740003907 0.8737190131404929 0.9192429007308118 0.947082869023489 0.9742947849181186 1.0225687423941061 1.083740589565231 1.1026057538457112 1.1533018070916485 1.2416823120510148 1.4413731602387831 1.6032542317851568
98 1176 -0.49365283149140143 -0.10039655930008719 0.06765924541916556 0.3943052649603242 0.6092500535546399 0.6280978378538894 0.6539547740570555 0.7153673070950057 0.7583653609510049 0.7871322684075056 0.8305754740003907 0.8737190131404929 0.9192429007308118 0.947082869023489 0.9742947849181186 1.0225687423941061 1.083740589565231 1.1026057538457112 1.1533018070916485 1.2416823120510148 1.4413731602387831 1.6032542317851568
99 1188 -0.4737650998658462 -0.10270873520279858 0.06914357702206846 0.40460318545790086 0.6092500535546399 0.6280978378538894 0.6539547740570555 0.7153673070950057 0.7583653609510049 0.7871322684075056 0.8305754740003907 0.8737190131404929 0.9192429007308118 0.947082869023489 0.9742947849181186 1.0225687423941061 1.083740589565231 1.1026057538457112 1.1533018070916485 1.2416823120510148 1.4413731602387831 1.6032542317851568
100 1200 -0.4755901597390484 -0.10506014993439575 0.06591763276578677 0.3905096743830421 0.6092500535546399 0.6280978378538894 0.6539547740570555 0.7153673070950057 0.7583653609510049 0.7871322684075056 0.8305754740003907 0.8737190131404929 0.9192429007308118 0.947082869023489 0.9742947849181186 1.0225687423941061 1.083740589565231 1.1026057538457112 1.1533018070916485 1.2416823120510148 1.4413731602387831 1.6032542317851568
101 1212 -0.48612618714281847 -0.10879468455837801 0.06926681233411762 0.3879487431986367 0.6092500535546399 0.6280978378538894 0.6539547740570555 0.7153673070950057 0.7583653609510049 0.7871322684075056 0.8305754740003907 0.8737190131404929 0.9192429007308118 0.947082869023489 0.9742947849181186 1.0225687423941061 1.083740589565231 1.1026057538457112 1.1533018070916485 1.2416823120510148 1.4413731602387831 1.6032542317851568
102 1224 -0.48544196184622024 -0.11107879791554703 0.07210123837657884 0.38547512215280993 0.6092500535546399 0.6280978378538894 0.6539547740570555 0.7153673070950057 0.7583653609510049 0.7871322684075056 0.8305754740003907 0.8737190131404929 0.9192429007308118 0.947082869023489 0.9742947849181186 1.0225687423941061 1.083740589565231 1.1026057538457112 1.1533018070916485 1.2416823120510148 1.4413731602387831 1.6032542317851568
103 1236 -0.4777049209204449 -0.10808816007749679 0.06910169126215406 0.3899925483985481 0.6092500535546399 0.6280978378538894 0.6539547740570555 0.7153673070950057 0.7583653609510049 0.7871322684075056 0.8305754740003907 0.8737190131404929 0.9192429007308118 0.947082869023489 0.9742947849181186 1.0225687423941061 1.083740589565231 1.1026057538457112 1.1533018070916485 1.2416823120510148 1.4413731602387831 1.6032542317851568
104 1248 -0.4798024944704757 -0.11097523905913358 0.06893659065657307 0.40490248799788303 0.6092500535546399 0.6280978378538894 0.6539547740570555 0.7153673070950057 0.7583653609510049 0.7871322684075056 0.8305754740003907 0.8737190131404929 0.9192429007308118 0.947082869023489 0.9742947849181186 1.0225687423941061 1.083740589565231 1.1026057538457112 1.1533018070916485 1.2416823120510148 1.4413731602387831 1.6032542317851568
105 1260 -0.48109473623385246 -0.11049779751287542 0.07417886623497638 0.3990848651227889 0.6092500535546399 0.6280978378538894 0.6539547740570555 0.7153673070950057 0.7583653609510049 0.7871322684075056 0.8305754740003907 0.8737190131404929 0.9192429007308118 0.947082869023489 0.9742947849181186 1.0225687423941061 1.083740589565231 1.1026057538457112 1.1533018070916485 1.2416823120510148 1.4413731602387831 1.6032542317851568
106 1272 -0.4808244831540024 -0.11098887568045675 0.06400716669926292 0.39231662532519435 0.6092500535546399 0.6280978378538894 0.6539547740570555 0.7153673070950057 0.7583653609510049 0.7871322684075056 0.8305754740003907 0.8737190131404929 0.9192429007308118 0.947082869023489 0.9742947849181186 1.0225687423941061 1.083740589565231 1.1026057538457112 1.1533018070916485 1.2416823120510148 1.4413731602387831 1.6032542317851568
107 1284 -0.48291672012287584 -0.11145342666142385 0.06550192377222908 0.3972731873417474 0.6092500535546399 0.6280978378538894 0.6539547740570555 0.7153673070950057 0.7583653609510049 0.7871322684075056 0.8305754740003907 0.8737190131404929 0.9192429007308118 0.947082869023489 0.9742947849181186 1.0225687423941061 1.083740589565231 1.1026057538457112 1.1533018070916485 1.2416823120510148 1.4413731602387831 1.6032542317851568
108 1296 -0.4976589283663215 -0.11070821561027264 0.06490766414583901 0.3845794552530958 0.6092500535546399 0.6280978378538894 0.6539547740570555 0.7153673070950057 0.7583653609510049 0.7871322684075056 0.8305754740003907 0.8737190131404929 0.9192429007308118 0.947082869023489 0.9742947849181186 1.0225687423941061 1.083740589565231 1.1026057538457112 1.1533018070916485 1.2416823120510148 1.4413731602387831 1.6032542317851568
109 1308 -0.5066255721821543 -0.1155423931636288 0.0719144877663813 0.38291528027095095 0.5206563120008054 0.5816048719457236 0.6186302151301529 0.7245304089241079 0.7352735044427855 0.7835744433410998 0.7904731537793621 0.8257277665287369 0.8927616964699463 0.9477621842628011 0.9813553007313729 1.005659919164304 1.0597375783567364 1.1454508001943104 1.2166763389153137 1.2392925609160748 1.4470168047925533 1.6753871081671088
110 1320 -0.514733321886409 -0.11445839514066244 0.0723338922694538 0.38092432308968444 0.5206563120008054 0.5816048719457236 0.6186302151301529 0.7245304089241079 0.7352735044427855 0.7835744433410998 0.7904731537793621 0.8257277665287369 0.8927616964699463 0.9477621842628011 0.9813553007313729 1.005659919164304 1.0597375783567364 1.1454508001943104 1.2166763389153137 1.2392925609160748 1.4470168047925533 1.6753871081671088
111 1332 -0.5119019380635436 -0.1144076258359891 0.06923787377098647 0.38417506318054195 0.5206563120008054 0.5816048719457236 0.6186302151301529 0.7245304089241079 0.7352735044427855 0.7835744433410998 0.7904731537793621 0.8257277665287369 0.8927616964699463 0.9477621842628011 0.9813553007313729 1.005659919164304 1.0597375783567364 1.1454508001943104 1.2166763389153137 1.2392925609160748 1.4470168047925533 1.6753871081671088
112 1344 -0.5190553669904323 -0.11296188441725807 0.0699699338440303 0.38630985270272944 0.5206563120008054 0.5816048719457236 0.6186302151301529 0.7245304089241079 0.7352735044427855 0.7835744433410998 0.7904731537793621 0.8257277665287369 0.8927616964699463 0.9477621842628011 0.9813553007313729 1.005659919164304 1.0597375783567364 1.1454508001943104 1.2166763389153137 1.2392925609160748 1.4470168047925533 1.6753871081671088
113 1356 -0.5216268076222985 -0.11571354113964974 0.07306768126498558 0.3861593207223118 0.5206563120008054 0.5816048719457236 0.6186302151301529 0.7245304089241079 0.7352735044427855 0.7835744433410998 0.7904731537793621 0.8257277665287369 0.8927616964699463 0.9477621842628011 0.9813553007313729 1.005659919164304 1.0597375783567364 1.1454508001943104 1.2166763389153137 1.2392925609160748 1.4470168047925533 1.6753871081671088
114 1368 -0.5318998998979133 -0.11163947880642507 0.07543356517461997 0.39233703306396606 0.5206563120008054 0.5816048719457236 0.6186302151301529 0.7245304089241079 0.7352735044427855 0.7835744433410998 0.7904731537793621 0.8257277665287369 0.8927616964699463 0.9477621842628011 0.9813553007313729 1.005659919164304 1.0597375783567364 1.1454508001943104 1.2166763389153137 1.2392925609160748 1.4470168047925533 1.6753871081671088
115 1380 -0.5335282594188462 -0.11001431918727576 0.06670536807114208 0.39928902136217787 0.5206563120008054 0.5816048719457236 0.6186302151301529 0.7245304089241079 0.7352735044427855 0.7835744433410998 0.7904731537793621 0.8257277665287369 0.8927616964699463 0.9477621842628011 0.9813553007313729 1.005659919164304 1.0597375783567364 1.1454508001943104 1.2166763389153137 1.2392925609160748 1.4470168047925533 1.6753871081671088
116 1392 -0.5490347947480663 -0.11311326069708183 0.06728806073966856 0.384976653874912 0.5206563120008054 0.5816048719457236 0.6186302151301529 0.7245304089241079 0.7352735044427855 0.7835744433410998 0.7904731537793621 0.8257277665287369 0.8927616964699463 0.9477621842628011 0.9813553007313729 1.005659919164304 1.0597375783567364 1.1454508001943104 1.2166763389153137 1.2392925609160748 1.4470168047925533 1.6753871081671088
117 1404 -0.5621635357043772 -0.10838446113282463 0.06923793693016432 0.38797137842316454 0.5206563120008054 0.5816048719457236 0.6186302151301529 0.7245304089241079 0.7352735044427855 0.7835744433410998 0.7904731537793621 0.8257277665287369 0.8927616964699463 0.9477621842628011 0.9813553007313729 1.005659919164304 1.0597375783567364 1.1454508001943104 1.2166763389153137 1.2392925609160748 1.4470168047925533 1.6753871081671088
118 1416 -0.5653601612026086 -0.11331645126453165 0.0646892950475483 0.38041129351109254 0.5206563120008054 0.5816048719457236 0.6186302151301529 0.7245304089241079 0.7352735044427855 0.7835744433410998 0.7904731537793621 0.8257277665287369 0.8927616964699463 0.9477621842628011 0.9813553007313729 1.005659919164304 1.0597375783567364 1.1454508001943104 1.2166763389153137 1.2392925609160748 1.4470168047925533 1.6753871081671088
119 1428 -0.5637266463005383 -0.1140104663254131 0.0692062397254305 0.38533318583120646 0.5206563120008054 0.5816048719457236 0.6186302151301529 0.7245304089241079 0.7352735044427855 0.7835744433410998 0.7904731537793621 0.8257277665287369 0.8927616964699463 0.9477621842628011 0.9813553007313729 1.005659919164304 1.0597375783567364 1.1454508001943104 1.2166763389153137 1.2392925609160748 1.4470168047925533 1.6753871081671088
120 1440 -0.571546869359225 -0.11274441237758837 0.06455601136946287 0.38792461022902147 0.5206563120008054 0.5816048719457236 0.6186302151301529 0.7245304089241079 0.7352735044427855 0.7835744433410998 0.7904731537793621 0.8257277665287369 0.8927616964699463 0.9477621842628011 0.9813553007313729 1.005659919164304 1.0597375783567364 1.1454508001943104 1.2166763389153137 1.2392925609160748 1.4470168047925533 1.6753871081671088
121 1452 -0.5660369099025767 -0.11715082989292364 0.05999692669161351 0.38686606597661755 0.5206563120008054 0.5816048719457236 0.6186302151301529 0.7245304089241079 0.7352735044427855 0.7835744433410998 0.7904731537793621 0.8257277665287369 0.8927616964699463 0.9477621842628011 0.9813553007313729 1.005659919164304 1.0597375783567364 1.1454508001943104 1.2166763389153137 1.2392925609160748 1.4470168047925533 1.6753871081671088
122 1464 -0.5636673734127333 -0.11289190784879789 0.06122878614782967 0.3788868945988509 0.5206563120008054 0.5816048719457236 0.6186302151301529 0.7245304089241079 0.7352735044427855 0.7835744433410998 0.7904731537793621 0.8257277665287369 0.8927616964699463 0.9477621842628011 0.9813553007313729 1.005659919164304 1.0597375783567364 1.1454508001943104 1.2166763389153137 1.2392925609160748 1.4470168047925533 1.6753871081671088
123 1476 -0.5649089422631207 -0.11940057211150458 0.061302738718955654 0.38682977068296714 0.5206563120008054 0.5816048719457236 0.6186302151301529 0.7245304089241079 0.7352735044427855 0.7835744433410998 0.7904731537793621 0.8257277665287369 0.8927616964699463 0.9477621842628011 0.9813553007313729 1.005659919164304 1.0597375783567364 1.1454508001943104 1.2166763389153137 1.2392925609160748 1.4470168047925533 1.6753871081671088
124 1488 -0.5582810309793578 -0.12000307335419776 0.06823405153381767 0.39393665075894657 0.5206563120008054 0.5816048719457236 0.6186302151301529 0.7245304089241079 0.7352735044427855 0.7835744433410998 0.7904731537793621 0.8257277665287369 0.8927616964699463 0.9477621842628011 0.9813553007313729 1.005659919164304 1.0597375783567364 1.1454508001943104 1.2166763389153137 1.2392925609160748 1.4470168047925533 1.6753871081671088
125 1500 -0.5664224451636369 -0.12523889003806135 0.07122720711820299 0.41135466274670307 0.5206563120008054 0.5816048719457236 0.6186302151301529 0.7245304089241079 0.7352735044427855 0.7835744433410998 0.7904731537793621 0.8257277665287369 0.8927616964699463 0.9477621842628011 0.9813553007313729 1.005659919164304 1.0597375783567364 1.1454508001943104 1.2166763389153137 1.2392925609160748 1.4470168047925533 1.6753871081671088
126 1512 -0.5704481669915359 -0.12295577123019592 0.06633369832763537 0.41270830237155864 0.5206563120008054 0.5816048719457236 0.6186302151301529 0.7245304089241079 0.7352735044427855 0.7835744433410998 0.7904731537793621 0.8257277665287369 0.8927616964699463 0.9477621842628011 0.9813553007313729 1.005659919164304 1.0597375783567364 1.1454508001943104 1.2166763389153137 1.2392925609160748 1.4470168047925533 1.6753871081671088
127 1524 -0.5714366880978494 -0.12484180425760782 0.06528384476337412 0.40677322859728415 0.4797163472019483 0.5643691749836527 0.6125445698950899 0.6863128218174938 0.7075388377313019 0.7655652815361786 0.8025018601357224 0.8212005102453633 0.8884905919494583 0.9376376347920261 0.9699100095391493 0.9912366014220639 1.0680737195894388 1.205266986249138 1.2267446021487023 1.3103288707879128 1.425465086500091 1.6616024035792591
128 1536 -0.5724000276640432 -0.11760292023632973 0.06895781628915237 0.41801918727648957 0.4797163472019483 0.5643691749836527 0.6125445698950899 0.6863128218174938 0.7075388377313019 0.7655652815361786 0.8025018601357224 0.8212005102453633 0.8884905919494583 0.9376376347920261 0.9699100095391493 0.9912366014220639 1.0680737195894388 1.205266986249138 1.2267446021487023 1.3103288707879128 1.425465086500091 1.6616024035792591
129 1548 -0.5697554630879099 -0.11882109113868458 0.0660929255130564 0.43289755309538325 0.4797163472019483 0.5643691749836527 0.6125445698950899 0.6863128218174938 0.7075388377313019 0.7655652815361786 0.8025018601357224 0.8212005102453633 0.8884905919494583 0.9376376347920261 0.9699100095391493 0.9912366014220639 1.0680737195894388 1.205266986249138 1.2267446021487023 1.3103288707879128 1.425465086500091 1.6616024035792591
130 1560 -0.5752848219331621 -0.12342311180148355 0.07303570403872128 0.43727552939361775 0.4797163472019483 0.5643691749836527 0.6125445698950899 0.6863128218174938 0.7075388377313019 0.7655652815361786 0.8025018601357224 0.8212005102453633 0.8884905919494583 0.9376376347920261 0.9699100095391493 0.9912366014220639 1.0680737195894388 1.205266986249138 1.2267446021487023 1.3103288707879128 1.425465086500091 1.6616024035792591
131 1572 -0.5665906790640584 -0.11271928667394596 0.06655834114063565 0.4339437978000373 0.4797163472019483 0.5643691749836527 0.6125445698950899 0.6863128218174938 0.7075388377313019 0.7655652815361786 0.8025018601357224 0.8212005102453633 0.8884905919494583 0.9376376347920261 0.9699100095391493 0.9912366014220639 1.0680737195894388 1.205266986249138 1.2267446021487023 1.3103288707879128 1.425465086500091 1.6616024035792591
132 1584 -0.5647452748192365 -0.11589351742301393 0.06768496312609579 0.4288582533603008 0.4797163472019483 0.5643691749836527 0.6125445698950899 0.6863128218174938 0.7075388377313019 0.7655652815361786 0.8025018601357224 0.8212005102453633 0.8884905919494583 0.9376376347920261 0.9699100095391493 0.9912366014220639 1.0680737195894388 1.205266986249138 1.2267446021487023 1.3103288707879128 1.425465086500091 1.6616024035792591
133 1596 -0.5600772201716194 -0.11212362827502373 0.07143982836270686 0.4164207491193711 0.4797163472019483 0.5643691749836527 0.6125445698950899 0.6863128218174938 0.7075388377313019 0.7655652815361786 0.8025018601357224 0.8212005102453633 0.8884905919494583 0.9376376347920261 0.9699100095391493 0.9912366014220639 1.0680737195894388 1.205266986249138 1.2267446021487023 1.3103288707879128 1.425465086500091 1.6616024035792591
134 1608 -0.5658300904255149 -0.11795795849369334 0.07428944343547508 0.42346254221546836 0.4797163472019483 0.5643691749836527 0.6125445698950899 0.6863128218174938 0.7075388377313019 0.7655652815361786 0.8025018601357224 0.8212005102453633 0.8884905919494583 0.9376376347920261 0.9699100095391493 0.9912366014220639 1.0680737195894388 1.205266986249138 1.2267446021487023 1.3103288707879128 1.425465086500091 1.6616024035792591
135 1620 -0.5782699220040739 -0.11378789989157817 0.07691765985678639 0.4243477462569411 0.4797163472019483 0.5643691749836527 0.6125445698950899 0.6863128218174938 0.7075388377313019 0.7655652815361786 0.8025018601357224 0.8212005102453633 0.8884905919494583 0.9376376347920261 0.9699100095391493 0.9912366014220639 1.0680737195894388 1.205266986249138 1.2267446021487023 1.3103288707879128 1.425465086500091 1.6616024035792591
136 1632 -0.5805660253553763 -0.12149974714987573 0.07573721071822813 0.4264480140590478 0.4797163472019483 0.5643691749836527 0.6125445698950899 0.6863128218174938 0.7075388377313019 0.7655652815361786 0.8025018601357224 0.8212005102453633 0.8884905919494583 0.9376376347920261 0.9699100095391493 0.9912366014220639 1.0680737195894388 1.205266986249138 1.2267446021487023 1.3103288707879128 1.425465086500091 1.6616024035792591
137 1644 -0.5717368226728724 -0.12346139971867509 0.07502644790715993 0.4305827286440426 0.4797163472019483 0.5643691749836527 0.6125445698950899 0.6863128218174938 0.7075388377313019 0.7655652815361786 0.8025018601357224 0.8212005102453633 0.8884905919494583 0.9376376347920261 0.9699100095391493 0.9912366014220639 1.0680737195894388 1.205266986249138 1.2267446021487023 1.3103288707879128 1.425465086500091 1.6616024035792591
138 1656 -0.5749039018259585 -0.12074221360988033 0.0782155550722266 0.4339300480584512 0.4797163472019483 0.5643691749836527 0.6125445698950899 0.6863128218174938 0.7075388377313019 0.7655652815361786 0.8025018601357224 0.8212005102453633 0.8884905919494583 0.9376376347920261 0.9699100095391493 0.9912366014220639 1.0680737195894388 1.205266986249138 1.2267446021487023 1.3103288707879128 1.425465086500091 1.6616024035792591
139 1668 -0.574192780801301 -0.12345465482317577 0.06958150775906555 0.4242253399614867 0.4797163472019483 0.5643691749836527 0.6125445698950899 0.6863128218174938 0.7075388377313019 0.7655652815361786 0.8025018601357224 0.8212005102453633 0.8884905919494583 0.9376376347920261 0.9699100095391493 0.9912366014220639 1.0680737195894388 1.205266986249138 1.2267446021487023 1.3103288707879128 1.425465086500091 1.6616024035792591
140 1680 -0.5731680556585448 -0.12739031065785467 0.07824600256155895 0.4266359827027342 0.4797163472019483 0.5643691749836527 0.6125445698950899 0.6863128218174938 0.7075388377313019 0.7655652815361786 0.8025018601357224 0.8212005102453633 0.8884905919494583 0.9376376347920261 0.9699100095391493 0.9912366014220639 1.0680737195894388 1.205266986249138 1.2267446021487023 1.3103288707879128 1.425465086500091 1.6616024035792591
141 1692 -0.5697297105069791 -0.1339932261970397 0.08140288757046657 0.4332687221639412 0.4797163472019483 0.5643691749836527 0.6125445698950899 0.6863128218174938 0.7075388377313019 0.7655652815361786 0.8025018601357224 0.8212005102453633 0.8884905919494583 0.9376376347920261 0.9699100095391493 0.9912366014220639 1.0680737195894388 1.205266986249138 1.2267446021487023 1.3103288707879128 1.425465086500091 1.6616024035792591
142 1704 -0.5692657965089092 -0.1363343808497389 0.08645901108574784 0.4222535541721134 0.4797163472019483 0.5643691749836527 0.6125445698950899 0.6863128218174938 0.7075388377313019 0.7655652815361786 0.8025018601357224 0.8212005102453633 0.8884905919494583 0.9376376347920261 0.9699100095391493 0.9912366014220639 1.0680737195894388 1.205266986249138 1.2267446021487023 1.3103288707879128 1.425465086500091 1.6616024035792591
143 1716 -0.5698200461707299 -0.1339155791342477 0.08236807598748017 0.42155266366267263 0.4797163472019483 0.5643691749836527 0.6125445698950899 0.6863128218174938 0.7075388377313019 0.7655652815361786 0.8025018601357224 0.8212005102453633 0.8884905919494583 0.9376376347920261 0.9699100095391493 0.9912366014220639 1.0680737195894388 1.205266986249138 1.2267446021487023 1.3103288707879128 1.425465086500091 1.6616024035792591
144 1728 -0.5695166548104814 -0.13137291876184365 0.08856334800161908 0.42338914007844736 0.4797163472019483 0.5643691749836527 0.6125445698950899 0.6863128218174938 0.7075388377313019 0.7655652815361786 0.8025018601357224 0.8212005102453633 0.8884905919494583 0.9376376347920261 0.9699100095391493 0.9912366014220639 1.0680737195894388 1.205266986249138 1.2267446021487023 1.3103288707879128 1.425465086500091 1.6616024035792591
145 1740 -0.5674503930218572 -0.12858613661993368 0.08373988740076002 0.4240080724227679 0.4451436576952419 0.5381053508927411 0.6164562604617846 0.6403514320915653 0.6755012843021904 0.7692579395122597 0.7726456947221242 0.8064683938194083 0.872123556279391 0.932325192210721 0.9372122883859823 0.9911992255984907 1.0998345928022066 1.1112596831419956 1.2021567555212815 1.3411170905176544 1.5009169561071638 1.7306226325167096
146 1752 -0.5659952238736927 -0.12811748075143145 0.08372283385052665 0.43045997956072884 0.4451436576952419 0.5381053508927411 0.6164562604617846 0.6403514320915653 0.6755012843021904 0.7692579395122597 0.7726456947221242 0.8064683938194083 0.872123556279391 0.932325192210721 0.9372122883859823 0.9911992255984907 1.0998345928022066 1.1112596831419956 1.2021567555212815 1.3411170905176544 1.5009169561071638 1.7306226325167096
147 1764 -0.5517898443457782 -0.13259600877086616 0.09057957279587331 0.4341618494809086 0.4451436576952419 0.5381053508927411 0.6164562604617846 0.6403514320915653 0.6755012843021904 0.7692579395122597 0.7726456947221242 0.8064683938194083 0.872123556279391 0.932325192210721 0.9372122883859823 0.9911992255984907 1.0998345928022066 1.1112596831419956 1.2021567555212815 1.3411170905176544 1.5009169561071638 1.7306226325167096
148 1776 -0.550785399330924 -0.12762396330406153 0.0908462324030502 0.425832699134022 0.4451436576952419 0.5381053508927411 0.6164562604617846 0.6403514320915653 0.6755012843021904 0.7692579395122597 0.7726456947221242 0.8064683938194083 0.872123556279391 0.932325192210721 0.9372122883859823 0.9911992255984907 1.0998345928022066 1.1112596831419956 1.2021567555212815 1.3411170905176544 1.5009169561071638 1.7306226325167096
149 1788 -0.544665089964126 -0.12700354003756642 0.09109120770548065 0.426487258818079 0.4451436576952419 0.5381053508927411 0.6164562604617846 0.6403514320915653 0.6755012843021904 0.7692579395122597 0.7726456947221242 0.8064683938194083 0.872123556279391 0.932325192210721 0.9372122883859823 0.9911992255984907 1.0998345928022066 1.1112596831419956 1.2021567555212815 1.3411170905176544 1.5009169561071638 1.7306226325167096
150 1800 -0.5416875960407317 -0.12555618067124902 0.09050414132742898 0.4248986204347344 0.4451436576952419 0.5381053508927411 0.6164562604617846 0.6403514320915653 0.6755012843021904 0.7692579395122597 0.7726456947221242 0.8064683938194083 0.872123556279391 0.932325192210721 0.9372122883859823 0.9911992255984907 1.0998345928022066 1.1112596831419956 1.2021567555212815 1.3411170905176544 1.5009169561071638 1.7306226325167096
151 1812 -0.5327490556363795 -0.12577378431998396 0.0894066531212768 0.4256403587031293 0.4451436576952419 0.5381053508927411 0.6164562604617846 0.6403514320915653 0.6755012843021904 0.7692579395122597 0.7726456947221242 0.8064683938194083 0.872123556279391 0.932325192210721 0.9372122883859823 0.9911992255984907 1.0998345928022066 1.1112596831419956 1.2021567555212815 1.3411170905176544 1.5009169561071638 1.7306226325167096
152 1824 -0.5295192608765582 -0.1257292086939888 0.10055585071497558 0.39141579034872936 0.4451436576952419 0.5381053508927411 0.6164562604617846 0.6403514320915653 0.6755012843021904 0.7692579395122597 0.7726456947221242 0.8064683938194083 0.872123556279391 0.932325192210721 0.9372122883859823 0.9911992255984907 1.0998345928022066 1.1112596831419956 1.2021567555212815 1.3411170905176544 1.5009169561071638 1.7306226325167096
153 1836 -0.5358762812320201 -0.12952499667400819 0.09251328049152399 0.38502050397218923 0.4451436576952419 0.5381053508927411 0.6164562604617846 0.6403514320915653 0.6755012843021904 0.7692579395122597 0.7726456947221242 0.8064683938194083 0.872123556279391 0.932325192210721 0.9372122883859823 0.9911992255984907 1.0998345928022066 1.1112596831419956 1.2021567555212815 1.3411170905176544 1.5009169561071638 1.7306226325167096
154 1848 -0.538407546195832 -0.13290913042759284 0.10116141443824772 0.3868366095321983 0.4451436576952419 0.5381053508927411 0.6164562604617846 0.6403514320915653 0.6755012843021904 0.7692579395122597 0.7726456947221242 0.8064683938194083 0.872123556279391 0.932325192210721 0.9372122883859823 0.9911992255984907 1.0998345928022066 1.1112596831419956 1.2021567555212815 1.3411170905176544 1.5009169561071638 1.7306226325167096
155 1860 -0.5297340432401889 -0.13262759451729916 0.09917053027077324 0.3778716697439295 0.4451436576952419 0.5381053508927411 0.6164562604617846 0.6403514320915653 0.6755012843021904 0.7692579395122597 0.7726456947221242 0.8064683938194083 0.872123556279391 0.932325192210721 0.9372122883859823 0.9911992255984907 1.0998345928022066 1.1112596831419956 1.2021567555212815 1.3411170905176544 1.5009169561071638 1.7306226325167096
156 1872 -0.5302722028610537 -0.134584717484025 0.09664560657361523 0.37799472115360055 0.4451436576952419 0.5381053508927411 0.6164562604617846 0.6403514320915653 0.6755012843021904 0.7692579395122597 0.7726456947221242 0.8064683938194083 0.872123556279391 0.932325192210721 0.9372122883859823 0.9911992255984907 1.0998345928022066 1.1112596831419956 1.2021567555212815 1.3411170905176544 1.5009169561071638 1.7306226325167096
157 1884 -0.5241418200813629 -0.13363058042576295 0.09393221438771865 0.38088105076957585 0.4451436576952419 0.5381053508927411 0.6164562604617846 0.6403514320915653 0.6755012843021904 0.7692579395122597 0.7726456947221242 0.8064683938194083 0.872123556279391 0.932325192210721 0.9372122883859823 0.9911992255984907 1.0998345928022066 1.1112596831419956 1.2021567555212815 1.3411170905176544 1.5009169561071638 1.7306226325167096
158 1896 -0.5347764294326919 -0.14601828875429318 0.10128942971183058 0.38789730329999067 0.4451436576952419 0.5381053508927411 0.6164562604617846 0.6403514320915653 0.6755012843021904 0.7692579395122597 0.7726456947221242 0.8064683938194083 0.872123556279391 0.932325192210721 0.9372122883859823 0.9911992255984907 1.0998345928022066 1.1112596831419956 1.2021567555212815 1.3411170905176544 1.5009169561071638 1.7306226325167096
159 1908 -0.5376902762403177 -0.14384312315860068 0.10414424061258822 0.39858465507394747 0.4451436576952419 0.5381053508927411 0.6164562604617846 0.6403514320915653 0.6755012843021904 0.7692579395122597 0.7726456947221242 0.8064683938194083 0.872123556279391 0.932325192210721 0.9372122883859823 0.9911992255984907 1.0998345928022066 1.1112596831419956 1.2021567555212815 1.3411170905176544 1.5009169561071638 1.7306226325167096
160 1920 -0.5347659176975064 -0.14337777831316587 0.09811775132378614 0.3987082441830051 0.4451436576952419 0.5381053508927411 0.6164562604617846 0.6403514320915653 0.6755012843021904 0.7692579395122597 0.7726456947221242 0.8064683938194083 0.872123556279391 0.932325192210721 0.9372122883859823 0.9911992255984907 1.0998345928022066 1.1112596831419956 1.2021567555212815 1.3411170905176544 1.5009169561071638 1.7306226325167096
161 1932 -0.5203232548529624 -0.14894410070069164 0.09706486749735647 0.39733807267252796 0.4451436576952419 0.5381053508927411 0.6164562604617846 0.6403514320915653 0.6755012843021904 0.7692579395122597 0.7726456947221242 0.8064683938194083 0.872123556279391 0.932325192210721 0.9372122883859823 0.9911992255984907 1.0998345928022066 1.1112596831419956 1.2021567555212815 1.3411170905176544 1.5009169561071638 1.7306226325167096
162 1944 -0.507085071179337 -0.14163784138193616 0.09264466511695967 0.426376479696667 0.4451436576952419 0.5381053508927411 0.6164562604617846 0.6403514320915653 0.6755012843021904 0.7692579395122597 0.7726456947221242 0.8064683938194083 0.872123556279391 0.932325192210721 0.9372122883859823 0.9911992255984907 1.0998345928022066 1.1112596831419956 1.2021567555212815 1.3411170905176544 1.5009169561071638 1.7306226325167096
163 1956 -0.5056688322789945 -0.1349422313211612 0.09157942425971255 0.43583206816552605 0.45139509159755586 0.515084565250137 0.586263833619964 0.640931819786091 0.6650319829781383 0.7353001190761332 0.744325704992298 0.7829458258294123 0.869763509267954 0.9229625310758098 0.9357987464151367 0.9917451144418702 1.0600056966787632 1.1410467586498976 1.2124018017213005 1.3276199484919429 1.4906025080523353 1.8107617787520849
164 1968 -0.5073498692895958 -0.1379161174560351 0.0926407699476699 0.42756585995047164 0.45139509159755586 0.515084565250137 0.586263833619964 0.640931819786091 0.6650319829781383 0.7353001190761332 0.744325704992298 0.7829458258294123 0.869763509267954 0.9229625310758098 0.9357987464151367 0.9917451144418702 1.0600056966787632 1.1410467586498976 1.2124018017213005 1.3276199484919429 1.4906025080523353 1.8107617787520849
165 1980 -0.5095834661934843 -0.13858184350514327 0.09173098894005159 0.41514382155818824 0.45139509159755586 0.515084565250137 0.586263833619964 0.640931819786091 0.6650319829781383 0.7353001190761332 0.744325704992298 0.7829458258294123 0.869763509267954 0.9229625310758098 0.9357987464151367 0.9917451144418702 1.0600056966787632 1.1410467586498976 1.2124018017213005 1.3276199484919429 1.4906025080523353 1.8107617787520849
166 1992 -0.5033659052841983 -0.13677583385521208 0.09117926153715569 0.42756252222925034 0.45139509159755586 0.515084565250137 0.586263833619964 0.640931819786091 0.6650319829781383 0.7353001190761332 0.744325704992298 0.7829458258294123 0.869763509267954 0.9229625310758098 0.9357987464151367 0.9917451144418702 1.0600056966787632 1.1410467586498976 1.2124018017213005 1.3276199484919429 1.4906025080523353 1.8107617787520849
167 2004 -0.5054379332568021 -0.13839177102826433 0.0922680570527123 0.4368154581414893 0.45139509159755586 0.515084565250137 0.586263833619964 0.640931819786091 0.6650319829781383 0.7353001190761332 0.744325704992298 0.7829458258294123 0.869763509267954 0.9229625310758098 0.9357987464151367 0.9917451144418702 1.0600056966787632 1.1410467586498976 1.2124018017213005 1.3276199484919429 1.4906025080523353 1.8107617787520849
168 2016 -0.4988790584040664 -0.1409767807568169 0.10141347994418055 0.43063108498184427 0.45139509159755586 0.515084565250137 0.586263833619964 0.640931819786091 0.6650319829781383 0.7353001190761332 0.744325704992298 0.7829458258294123 0.869763509267954 0.9229625310758098 0.9357987464151367 0.9917451144418702 1.0600056966787632 1.1410467586498976 1.2124018017213005 1.3276199484919429 1.4906025080523353 1.8107617787520849
169 2028 -0.49871353943624297 -0.1377264935352554 0.10166043697858504 0.43324056204490946 0.45139509159755586 0.515084565250137 0.586263833619964 0.640931819786091 0.6650319829781383 0.7353001190761332 0.744325704992298 0.7829458258294123 0.869763509267954 0.9229625310758098 0.9357987464151367 0.9917451144418702 1.0600056966787632 1.1410467586498976 1.2124018017213005 1.3276199484919429 1.4906025080523353 1.8107617787520849
170 2040 -0.5002606410747069 -0.1418666197755208 0.09540281140194526 0.4364406740868068 0.45139509159755586 0.515084565250137 0.586263833619964 0.640931819786091 0.6650319829781383 0.7353001190761332 0.744325704992298 0.7829458258294123 0.869763509267954 0.9229625310758098 0.9357987464151367 0.9917451144418702 1.0600056966787632 1.1410467586498976 1.2124018017213005 1.3276199484919429 1.4906025080523353 1.8107617787520849
171 2052 -0.5081851538731611 -0.14513259688940797 0.09328733274239245 0.45602512925882205 0.45139509159755586 0.515084565250137 0.586263833619964 0.640931819786091 0.6650319829781383 0.7353001190761332 0.744325704992298 0.7829458258294123 0.869763509267954 0.9229625310758098 0.9357987464151367 0.9917451144418702 1.0600056966787632 1.1410467586498976 1.2124018017213005 1.3276199484919429 1.4906025080523353 1.8107617787520849
172 2064 -0.52623888397099 -0.14487387807080462 0.09863277606380783 0.4513918869463571 0.45139509159755586 0.515084565250137 0.586263833619964 0.640931819786091 0.6650319829781383 0.7353001190761332 0.744325704992298 0.7829458258294123 0.869763509267954 0.9229625310758098 0.9357987464151367 0.9917451144418702 1.0600056966787632 1.1410467586498976 1.2124018017213005 1.3276199484919429 1.4906025080523353 1.8107617787520849
173 2076 -0.5342550061213253 -0.1399289961730352 0.0934718581985719 0.4489082175793789 0.45139509159755586 0.515084565250137 0.586263833619964 0.640931819786091 0.6650319829781383 0.7353001190761332 0.744325704992298 0.7829458258294123 0.869763509267954 0.9229625310758098 0.9357987464151367 0.9917451144418702 1.0600056966787632 1.1410467586498976 1.2124018017213005 1.3276199484919429 1.4906025080523353 1.8107617787520849
174 2088 -0.5359168992347623 -0.14297705443722294 0.10300925224350632 0.4479239736799831 0.45139509159755586 0.515084565250137 0.586263833619964 0.640931819786091 0.6650319829781383 0.7353001190761332 0.744325704992298 0.7829458258294123 0.869763509267954 0.9229625310758098 0.9357987464151367 0.9917451144418702 1.0600056966787632 1.1410467586498976 1.2124018017213005 1.3276199484919429 1.4906025080523353 1.8107617787520849
175 2100 -0.5394083356835826 -0.15354527177813926 0.10800581719467142 0.4510878323238837 0.45139509159755586 0.515084565250137 0.586263833619964 0.640931819786091 0.6650319829781383 0.7353001190761332 0.744325704992298 0.7829458258294123 0.869763509267954 0.9229625310758098 0.9357987464151367 0.9917451144418702 1.0600056966787632 1.1410467586498976 1.2124018017213005 1.3276199484919429 1.4906025080523353 1.8107617787520849
176 2112 -0.5428378124873755 -0.15327297990409985 0.10982547929726798 0.4549067571764789 0.45139509159755586 0.515084565250137 0.586263833619964 0.640931819786091 0.6650319829781383 0.7353001190761332 0.744325704992298 0.7829458258294123 0.869763509267954 0.9229625310758098 0.9357987464151367 0.9917451144418702 1.0600056966787632 1.1410467586498976 1.2124018017213005 1.3276199484919429 1.4906025080523353 1.8107617787520849
177 2124 -0.551759665679889 -0.14853848070252756 0.1073626216449694 0.4454111441714078 0.45139509159755586 0.515084565250137 0.586263833619964 0.640931819786091 0.6650319829781383 0.7353001190761332 0.744325704992298 0.7829458258294123 0.869763509267954 0.9229625310758098 0.9357987464151367 0.9917451144418702 1.0600056966787632 1.1410467586498976 1.2124018017213005 1.3276199484919429 1.4906025080523353 1.8107617787520849
178 2136 -0.5454848493684006 -0.1586047491311287 0.11513333746413548 0.44622125526191453 0.45139509159755586 0.515084565250137 0.586263833619964 0.640931819786091 0.6650319829781383 0.7353001190761332 0.744325704992298 0.7829458258294123 0.869763509267954 0.9229625310758098 0.9357987464151367 0.9917451144418702 1.0600056966787632 1.1410467586498976 1.2124018017213005 1.3276199484919429 1.4906025080523353 1.8107617787520849
179 2148 -0.5607148603458199 -0.15594839854871617 0.1131433430911832 0.44140303563465894 0.45139509159755586 0.515084565250137 0.586263833619964 0.640931819786091 0.6650319829781383 0.7353001190761332 0.744325704992298 0.7829458258294123 0.869763509267954 0.9229625310758098 0.9357987464151367 0.9917451144418702 1.0600056966787632 1.1410467586498976 1.2124018017213005 1.3276199484919429 1.4906025080523353 1.8107617787520849
180 2160 -0.5609617545966252 -0.1538735702572967 0.11450026648482305 0.43939360894248586 0.45139509159755586 0.515084565250137 0.586263833619964 0.640931819786091 0.6650319829781383 0.7353001190761332 0.744325704992298 0.7829458258294123 0.869763509267954 0.9229625310758098 0.9357987464151367 0.9917451144418702 1.0600056966787632 1.1410467586498976 1.2124018017213005 1.3276199484919429 1.4906025080523353 1.8107617787520849
181 2172 -0.5607485002674963 -0.14994808387399938 0.1178249370549429 0.4259631375431583 0.446760588278187 0.49302183552870366 0.5513651784886114 0.6323608124435633 0.6577015799835843 0.710491743346594 0.7347307098044799 0.8063455835290194 0.8538914933354554 0.8794594966274016 0.9316631749960861 0.9965193307941556 1.013184314108435 1.146632053743263 1.243266997616424 1.3035986912926265 1.4974347727368529 1.8798220276895088
182 2184 -0.5671289284158869 -0.15340825982906772 0.12225409302027926 0.43181196512613795 0.446760588278187 0.49302183552870366 0.5513651784886114 0.6323608124435633 0.6577015799835843 0.710491743346594 0.7347307098044799 0.8063455835290194 0.8538914933354554 0.8794594966274016 0.9316631749960861 0.9965193307941556 1.013184314108435 1.146632053743263 1.243266997616424 1.3035986912926265 1.4974347727368529 1.8798220276895088
183 2196 -0.5695496931174444 -0.16260591429493715 0.12335036802343252 0.43792185255633886 0.446760588278187 0.49302183552870366 0.5513651784886114 0.6323608124435633 0.6577015799835843 0.710491743346594 0.7347307098044799 0.8063455835290194 0.8538914933354554 0.8794594966274016 0.9316631749960861 0.9965193307941556 1.013184314108435 1.146632053743263 1.243266997616424 1.3035986912926265 1.4974347727368529 1.8798220276895088
184 2208 -0.5599153708193925 -0.15883351789634903 0.11657176101412159 0.4254510707989257 0.446760588278187 0.49302183552870366 0.5513651784886114 0.6323608124435633 0.6577015799835843 0.710491743346594 0.7347307098044799 0.8063455835290194 0.8538914933354554 0.8794594966274016 0.9316631749960861 0.9965193307941556 1.013184314108435 1.146632053743263 1.243266997616424 1.3035986912926265 1.4974347727368529 1.8798220276895088
185 2220 -0.5583179071002131 -0.15779436651059192 0.11512550912299632 0.42749592375029777 0.446760588278187 0.49302183552870366 0.5513651784886114 0.6323608124435633 0.6577015799835843 0.710491743346594 0.7347307098044799 0.8063455835290194 0.8538914933354554 0.8794594966274016 0.9316631749960861 0.9965193307941556 1.013184314108435 1.146632053743263 1.243266997616424 1.3035986912926265 1.4974347727368529 1.8798220276895088
186 2232 -0.5641284207813454 -0.15114698732299772 0.1142284232428185 0.4162010004672677 0.446760588278187 0.49302183552870366 0.5513651784886114 0.6323608124435633 0.6577015799835843 0.710491743346594 0.7347307098044799 0.8063455835290194 0.8538914933354554 0.8794594966274016 0.9316631749960861 0.9965193307941556 1.013184314108435 1.146632053743263 1.243266997616424 1.3035986912926265 1.4974347727368529 1.8798220276895088
187 2244 -0.5594627905010205 -0.15274773445339393 0.11871963091903781 0.4142172222886622 0.446760588278187 0.49302183552870366 0.5513651784886114 0.6323608124435633 0.6577015799835843 0.710491743346594 0.7347307098044799 0.8063455835290194 0.8538914933354554 0.8794594966274016 0.9316631749960861 0.9965193307941556 1.013184314108435 1.146632053743263 1.243266997616424 1.3035986912926265 1.4974347727368529 1.8798220276895088
188 2256 -0.5595261725813614 -0.14779042703335002 0.12546668743991143 0.4151843443431859 0.446760588278187 0.49302183552870366 0.5513651784886114 0.6323608124435633 0.6577015799835843 0.710491743346594 0.7347307098044799 0.8063455835290194 0.8538914933354554 0.8794594966274016 0.9316631749960861 0.9965193307941556 1.013184314108435 1.146632053743263 1.243266997616424 1.3035986912926265 1.4974347727368529 1.8798220276895088
189 2268 -0.541900441492183 -0.14162143724302376 0.1262457501340036 0.4021679153737341 0.446760588278187 0.49302183552870366 0.5513651784886114 0.6323608124435633 0.6577015799835843 0.710491743346594 0.7347307098044799 0.8063455835290194 0.8538914933354554 0.8794594966274016 0.9316631749960861 0.9965193307941556 1.013184314108435 1.146632053743263 1.243266997616424 1.3035986912926265 1.4974347727368529 1.8798220276895088
190 2280 -0.5348423602238692 -0.14341053812303092 0.1278390294493209 0.3977651690674213 0.446760588278187 0.49302183552870366 0.5513651784886114 0.6323608124435633 0.6577015799835843 0.710491743346594 0.7347307098044799 0.8063455835290194 0.8538914933354554 0.8794594966274016 0.9316631749960861 0.9965193307941556 1.013184314108435 1.146632053743263 1.243266997616424 1.3035986912926265 1.4974347727368529 1.8798220276895088
191 2292 -0.5356810301768467 -0.14488590002471613 0.13029822961996296 0.38796372854649674 0.446760588278187 0.49302183552870366 0.5513651784886114 0.6323608124435633 0.6577015799835843 0.710491743346594 0.7347307098044799 0.8063455835290194 0.8538914933354554 0.8794594966274016 0.9316631749960861 0.9965193307941556 1.013184314108435 1.146632053743263 1.243266997616424 1.3035986912926265 1.4974347727368529 1.8798220276895088
192 2304 -0.5371884404969863 -0.14585579363890963 0.13046249385507888 0.38944233660236277 0.446760588278187 0.49302183552870366 0.5513651784886114 0.6323608124435633 0.6577015799835843 0.710491743346594 0.7347307098044799 0.8063455835290194 0.8538914933354554 0.8794594966274016 0.9316631749960861 0.9965193307941556 1.013184314108435 1.146632053743263 1.243266997616424 1.3035986912926265 1.4974347727368529 1.8798220276895088
193 2316 -0.5318197000426844 -0.15442960191731855 0.12530268269295441 0.38891863197863885 0.446760588278187 0.49302183552870366 0.5513651784886114 0.6323608124435633 0.6577015799835843 0.710491743346594 0.7347307098044799 0.8063455835290194 0.8538914933354554 0.8794594966274016 0.9316631749960861 0.9965193307941556 1.013184314108435 1.146632053743263 1.243266997616424 1.3035986912926265 1.4974347727368529 1.8798220276895088
194 2328 -0.5252730649582126 -0.14818246796918155 0.12833202717833458 0.3898530659846476 0.446760588278187 0.49302183552870366 0.5513651784886114 0.6323608124435633 0.6577015799835843 0.710491743346594 0.7347307098044799 0.8063455835290194 0.8538914933354554 0.8794594966274016 0.9316631749960861 0.9965193307941556 1.013184314108435 1.146632053743263 1.243266997616424 1.3035986912926265 1.4974347727368529 1.8798220276895088
195 2340 -0.513354075116072 -0.14871130583708597 0.1328838661596294 0.37780725153209593 0.446760588278187 0.49302183552870366 0.5513651784886114 0.6323608124435633 0.6577015799835843 0.710491743346594 0.7347307098044799 0.8063455835290194 0.8538914933354554 0.8794594966274016 0.9316631749960861 0.9965193307941556 1.013184314108435 1.146632053743263 1.243266997616424 1.3035986912926265 1.4974347727368529 1.8798220276895088
196 2352 -0.5120192877715223 -0.14690577802392282 0.1300204357366755 0.37951763968897495 0.446760588278187 0.49302183552870366 0.5513651784886114 0.6323608124435633 0.6577015799835843 0.710491743346594 0.7347307098044799 0.8063455835290194 0.8538914933354554 0.8794594966274016 0.9316631749960861 0.9965193307941556 1.013184314108435 1.146632053743263 1.243266997616424 1.3035986912926265 1.4974347727368529 1.8798220276895088
197 2364 -0.4874497425208172 -0.13888545833730825 0.12183777731778903 0.37582187616651735 0.446760588278187 0.49302183552870366 0.5513651784886114 0.6323608124435633 0.6577015799835843 0.710491743346594 0.7347307098044799 0.8063455835290194 0.8538914933354554 0.8794594966274016 0.9316631749960861 0.9965193307941556 1.013184314108435 1.146632053743263 1.243266997616424 1.3035986912926265 1.4974347727368529 1.8798220276895088
198 2376 -0.4767982774169216 -0.13101266456223734 0.11975309221048977 0.37842633072095005 0.446760588278187 0.49302183552870366 0.5513651784886114 0.6323608124435633 0.6577015799835843 0.710491743346594 0.7347307098044799 0.8063455835290194 0.8538914933354554 0.8794594966274016 0.9316631749960861 0.9965193307941556 1.013184314108435 1.146632053743263 1.243266997616424 1.3035986912926265 1.4974347727368529 1.8798220276895088
199 2388 -0.47077321126809485 -0.1296249744094486 0.11768070000674005 0.38008190773847306 0.4486187515049095 0.5112357604271288 0.5582082168958624 0.6222641958328918 0.641680289010872 0.6967800906213397 0.7324889216676249 0.8179418974816932 0.8501040633537165 0.9233084223526311 0.9583615816608676 1.0164099047997586 1.0580824378537093 1.138230744700928 1.264061822351676 1.3216582028260797 1.511554591650174 1.7789002176298314
200 2400 -0.47694700989516203 -0.13477209914508143 0.10671119367501984 0.3833993101814418 0.4486187515049095 0.5112357604271288 0.5582082168958624 0.6222641958328918 0.641680289010872 0.6967800906213397 0.7324889216676249 0.8179418974816932 0.8501040633537165 0.9233084223526311 0.9583615816608676 1.0164099047997586 1.0580824378537093 1.138230744700928 1.264061822351676 1.3216582028260797 1.511554591650174 1.7789002176298314
201 2412 -0.4831195144895888 -0.13618113014308705 0.11247061614698164 0.3878460977705027 0.4486187515049095 0.5112357604271288 0.5582082168958624 0.6222641958328918 0.641680289010872 0.6967800906213397 0.7324889216676249 0.8179418974816932 0.8501040633537165 0.9233084223526311 0.9583615816608676 1.0164099047997586 1.0580824378537093 1.138230744700928 1.264061822351676 1.3216582028260797 1.511554591650174 1.7789002176298314
202 2424 -0.48326528829670956 -0.13989961244193014 0.10967914625577328 0.40287107625805074 0.4486187515049095 0.5112357604271288 0.5582082168958624 0.6222641958328918 0.641680289010872 0.6967800906213397 0.7324889216676249 0.8179418974816932 0.8501040633537165 0.9233084223526311 0.9583615816608676 1.0164099047997586 1.0580824378537093 1.138230744700928 1.264061822351676 1.3216582028260797 1.511554591650174 1.7789002176298314
203 2436 -0.4751121374913495 -0.14400736814567777 0.10435314400932741 0.4042177440265805 0.4486187515049095 0.5112357604271288 0.5582082168958624 0.6222641958328918 0.641680289010872 0.6967800906213397 0.7324889216676249 0.8179418974816932 0.8501040633537165 0.9233084223526311 0.9583615816608676 1.0164099047997586 1.0580824378537093 1.138230744700928 1.264061822351676 1.3216582028260797 1.511554591650174 1.7789002176298314
204 2448 -0.4808494423811965 -0.1391158174003326 0.11703804670483382 0.4003636724066436 0.4486187515049095 0.5112357604271288 0.5582082168958624 0.6222641958328918 0.641680289010872 0.6967800906213397 0.7324889216676249 0.8179418974816932 0.8501040633537165 0.9233084223526311 0.9583615816608676 1.0164099047997586 1.0580824378537093 1.138230744700928 1.264061822351676 1.3216582028260797 1.511554591650174 1.7789002176298314
205 2460 -0.48943883454670056 -0.14198207371259858 0.11279899449132028 0.38694695377913074 0.4486187515049095 0.5112357604271288 0.5582082168958624 0.6222641958328918 0.641680289010872 0.6967800906213397 0.7324889216676249 0.8179418974816932 0.8501040633537165 0.9233084223526311 0.9583615816608676 1.0164099047997586 1.0580824378537093 1.138230744700928 1.264061822351676 1.3216582028260797 1.511554591650174 1.7789002176298314
206 2472 -0.48000417929708306 -0.13945173336918787 0.11727450066765863 0.4052278134597026 0.4486187515049095 0.5112357604271288 0.5582082168958624 0.6222641958328918 0.641680289010872 0.6967800906213397 0.7324889216676249 0.8179418974816932 0.8501040633537165 0.9233084223526311 0.9583615816608676 1.0164099047997586 1.0580824378537093 1.138230744700928 1.264061822351676 1.3216582028260797 1.511554591650174 1.7789002176298314
207 2484 -0.4755970505915452 -0.1443220557763245 0.11825643122255959 0.40336443857533144 0.4486187515049095 0.5112357604271288 0.5582082168958624 0.6222641958328918 0.641680289010872 0.6967800906213397 0.7324889216676249 0.8179418974816932 0.8501040633537165 0.9233084223526311 0.9583615816608676 1.0164099047997586 1.0580824378537093 1.138230744700928 1.264061822351676 1.3216582028260797 1.511554591650174 1.7789002176298314
208 2496 -0.4797443440284185 -0.14295741882563096 0.11550522315084052 0.39966066461379207 0.4486187515049095 0.5112357604271288 0.5582082168958624 0.6222641958328918 0.641680289010872 0.6967800906213397 0.7324889216676249 0.8179418974816932 0.8501040633537165 0.9233084223526311 0.9583615816608676 1.0164099047997586 1.0580824378537093 1.138230744700928 1.264061822351676 1.3216582028260797 1.511554591650174 1.7789002176298314
209 2508 -0.4931171012164677 -0.14665754320205254 0.12257101919130911 0.3959414574883229 0.4486187515049095 0.5112357604271288 0.5582082168958624 0.6222641958328918 0.641680289010872 0.6967800906213397 0.7324889216676249 0.8179418974816932 0.8501040633537165 0.9233084223526311 0.9583615816608676 1.0164099047997586 1.0580824378537093 1.138230744700928 1.264061822351676 1.3216582028260797 1.511554591650174 1.7789002176298314
210 2520 -0.4847329809601472 -0.1431682233694906 0.11805002863161702 0.3957941245969404 0.4486187515049095 0.5112357604271288 0.5582082168958624 0.6222641958328918 0.641680289010872 0.6967800906213397 0.7324889216676249 0.8179418974816932 0.8501040633537165 0.9233084223526311 0.9583615816608676 1.0164099047997586 1.0580824378537093 1.138230744700928 1.264061822351676 1.3216582028260797 1.511554591650174 1.7789002176298314
211 2532 -0.5054652570229657 -0.14189126092869264 0.11866059589478026 0.3890655392425504 0.4486187515049095 0.5112357604271288 0.5582082168958624 0.6222641958328918 0.641680289010872 0.6967800906213397 0.7324889216676249 0.8179418974816932 0.8501040633537165 0.9233084223526311 0.9583615816608676 1.0164099047997586 1.0580824378537093 1.138230744700928 1.264061822351676 1.3216582028260797 1.511554591650174 1.7789002176298314
212 2544 -0.5107927120723548 -0.14255096924090133 0.12487120892158707 0.3881965417119932 0.4486187515049095 0.5112357604271288 0.5582082168958624 0.6222641958328918 0.641680289010872 0.6967800906213397 0.7324889216676249 0.8179418974816932 0.8501040633537165 0.9233084223526311 0.9583615816608676 1.0164099047997586 1.0580824378537093 1.138230744700928 1.264061822351676 1.3216582028260797 1.511554591650174 1.7789002176298314
213 2556 -0.514146523973866 -0.1483430586053188 0.12519358851776502 0.3899286826120642 0.4486187515049095 0.5112357604271288 0.5582082168958624 0.6222641958328918 0.641680289010872 0.6967800906213397 0.7324889216676249 0.8179418974816932 0.8501040633537165 0.9233084223526311 0.9583615816608676 1.0164099047997586 1.0580824378537093 1.138230744700928 1.264061822351676 1.3216582028260797 1.511554591650174 1.7789002176298314
214 2568 -0.5174160574179093 -0.14030337685359578 0.12700536464782722 0.3923089532086906 0.4486187515049095 0.5112357604271288 0.5582082168958624 0.6222641958328918 0.641680289010872 0.6967800906213397 0.7324889216676249 0.8179418974816932 0.8501040633537165 0.9233084223526311 0.9583615816608676 1.0164099047997586 1.0580824378537093 1.138230744700928 1.264061822351676 1.3216582028260797 1.511554591650174 1.7789002176298314
215 2580 -0.516588257420719 -0.14633840066543427 0.12925909899480503 0.389850964717281 0.4486187515049095 0.5112357604271288 0.5582082168958624 0.6222641958328918 0.641680289010872 0.6967800906213397 0.7324889216676249 0.8179418974816932 0.8501040633537165 0.9233084223526311 0.9583615816608676 1.0164099047997586 1.0580824378537093 1.138230744700928 1.264061822351676 1.3216582028260797 1.511554591650174 1.7789002176298314
216 2592 -0.5254556920048019 -0.15282855648659047 0.12802580692963678 0.38843332793730695 0.4486187515049095 0.5112357604271288 0.5582082168958624 0.6222641958328918 0.641680289010872 0.6967800906213397 0.7324889216676249 0.8179418974816932 0.8501040633537165 0.9233084223526311 0.9583615816608676 1.0164099047997586 1.0580824378537093 1.138230744700928 1.264061822351676 1.3216582028260797 1.511554591650174 1.7789002176298314
217 2604 -0.5381330420443059 -0.1580753444006388 0.12781984163505147 0.3836258988609596 0.4185909718646055 0.47547176921056006 0.5422707751314675 0.6189047208450291 0.6447239616029268 0.6610287668568068 0.7215600941922304 0.8109567531456022 0.8348929508580183 0.9398729512927205 0.9736518421074613 1.028370716402703 1.068465592442288 1.1073503606844404 1.2287137980034102 1.2526879098697348 1.574399263160177 1.83825647866528
218 2616 -0.5513599031672541 -0.15929250830461394 0.12361053787707742 0.3838480455691897 0.4185909718646055 0.47547176921056006 0.5422707751314675 0.6189047208450291 0.6447239616029268 0.6610287668568068 0.7215600941922304 0.8109567531456022 0.8348929508580183 0.9398729512927205 0.9736518421074613 1.028370716402703 1.068465592442288 1.1073503606844404 1.2287137980034102 1.2526879098697348 1.574399263160177 1.83825647866528
219 2628 -0.5578238757156263 -0.1617693208659989 0.11850214783858404 0.37754190182599556 0.4185909718646055 0.47547176921056006 0.5422707751314675 0.6189047208450291 0.6447239616029268 0.6610287668568068 0.7215600941922304 0.8109567531456022 0.8348929508580183 0.9398729512927205 0.9736518421074613 1.028370716402703 1.068465592442288 1.1073503606844404 1.2287137980034102 1.2526879098697348 1.574399263160177 1.83825647866528
220 2640 -0.5647801575063418 -0.15977515512420573 0.12004317811168845 0.3764654213256087 0.4185909718646055 0.47547176921056006 0.5422707751314675 0.6189047208450291 0.6447239616029268 0.6610287668568068 0.7215600941922304 0.8109567531456022 0.8348929508580183 0.9398729512927205 0.9736518421074613 1.028370716402703 1.068465592442288 1.1073503606844404 1.2287137980034102 1.2526879098697348 1.574399263160177 1.83825647866528
221 2652 -0.5750746153622841 -0.15504533342188323 0.11574980229983124 0.3795352816766664 0.4185909718646055 0.47547176921056006 0.5422707751314675 0.6189047208450291 0.6447239616029268 0.6610287668568068 0.7215600941922304 0.8109567531456022 0.8348929508580183 0.9398729512927205 0.9736518421074613 1.028370716402703 1.068465592442288 1.1073503606844404 1.2287137980034102 1.2526879098697348 1.574399263160177 1.83825647866528
222 2664 -0.5779008491322701 -0.15802787884750868 0.11597129795386661 0.3871293824373031 0.4185909718646055 0.47547176921056006 0.5422707751314675 0.6189047208450291 0.6447239616029268 0.6610287668568068 0.7215600941922304 0.8109567531456022 0.8348929508580183 0.9398729512927205 0.9736518421074613 1.028370716402703 1.068465592442288 1.1073503606844404 1.2287137980034102 1.2526879098697348 1.574399263160177 1.83825647866528
223 2676 -0.5889249441718429 -0.15644879369129344 0.12103165503379947 0.4003898706604263 0.4185909718646055 0.47547176921056006 0.5422707751314675 0.6189047208450291 0.6447239616029268 0.6610287668568068 0.7215600941922304 0.8109567531456022 0.8348929508580183 0.9398729512927205 0.9736518421074613 1.028370716402703 1.068465592442288 1.1073503606844404 1.2287137980034102 1.2526879098697348 1.574399263160177 1.83825647866528
224 2688 -0.5847796158252951 -0.15342185105535952 0.12357645760266107 0.4025951828402306 0.4185909718646055 0.47547176921056006 0.5422707751314675 0.6189047208450291 0.6447239616029268 0.6610287668568068 0.7215600941922304 0.8109567531456022 0.8348929508580183 0.9398729512927205 0.9736518421074613 1.028370716402703 1.068465592442288 1.1073503606844404 1.2287137980034102 1.2526879098697348 1.574399263160177 1.83825647866528
225 2700 -0.6028678566149307 -0.1560298276416164 0.12606731836169752 0.39535089462959727 0.4185909718646055 0.47547176921056006 0.5422707751314675 0.6189047208450291 0.6447239616029268 0.6610287668568068 0.7215600941922304 0.8109567531456022 0.8348929508580183 0.9398729512927205 0.9736518421074613 1.028370716402703 1.068465592442288 1.1073503606844404 1.2287137980034102 1.2526879098697348 1.574399263160177 1.83825647866528
226 2712 -0.6051705870988832 -0.14590731860450012 0.13455338734023614 0.4054881498420116 0.4185909718646055 0.47547176921056006 0.5422707751314675 0.6189047208450291 0.6447239616029268 0.6610287668568068 0.7215600941922304 0.8109567531456022 0.8348929508580183 0.9398729512927205 0.9736518421074613 1.028370716402703 1.068465592442288 1.1073503606844404 1.2287137980034102 1.2526879098697348 1.574399263160177 1.83825647866528
227 2724 -0.5977554601338303 -0.13873120446516965 0.14282061642936206 0.4085580870761986 0.4185909718646055 0.47547176921056006 0.5422707751314675 0.6189047208450291 0.6447239616029268 0.6610287668568068 0.7215600941922304 0.8109567531456022 0.8348929508580183 0.9398729512927205 0.9736518421074613 1.028370716402703 1.068465592442288 1.1073503606844404 1.2287137980034102 1.2526879098697348 1.574399263160177 1.83825647866528
228 2736 -0.5989188449935224 -0.14510131250031466 0.14379026261785374 0.4143049363460592 0.4185909718646055 0.47547176921056006 0.5422707751314675 0.6189047208450291 0.6447239616029268 0.6610287668568068 0.7215600941922304 0.8109567531456022 0.8348929508580183 0.9398729512927205 0.9736518421074613 1.028370716402703 1.068465592442288 1.1073503606844404 1.2287137980034102 1.2526879098697348 1.574399263160177 1.83825647866528
229 2748 -0.6072893582495212 -0.1502172203320978 0.15369193832535602 0.42086691324994624 0.4185909718646055 0.47547176921056006 0.5422707751314675 0.6189047208450291 0.6447239616029268 0.6610287668568068 0.7215600941922304 0.8109567531456022 0.8348929508580183 0.9398729512927205 0.9736518421074613 1.028370716402703 1.068465592442288 1.1073503606844404 1.2287137980034102 1.2526879098697348 1.574399263160177 1.83825647866528
230 2760 -0.6108717922745445 -0.144771325099323 0.1540723096890466 0.4292900567088764 0.4185909718646055 0.47547176921056006 0.5422707751314675 0.6189047208450291 0.6447239616029268 0.6610287668568068 0.7215600941922304 0.8109567531456022 0.8348929508580183 0.9398729512927205 0.9736518421074613 1.028370716402703 1.068465592442288 1.1073503606844404 1.2287137980034102 1.2526879098697348 1.574399263160177 1.83825647866528
231 2772 -0.6101563091945765 -0.15165598518037815 0.1612691810081432 0.4396608745874852 0.4185909718646055 0.47547176921056006 0.5422707751314675 0.6189047208450291 0.6447239616029268 0.6610287668568068 0.7215600941922304 0.8109567531456022 0.8348929508580183 0.9398729512927205 0.9736518421074613 1.028370716402703 1.068465592442288 1.1073503606844404 1.2287137980034102 1.2526879098697348 1.574399263160177 1.83825647866528
232 2784 -0.6113147243545067 -0.1482442048252794 0.15999984314001414 0.4509783356548874 0.4185909718646055 0.47547176921056006 0.5422707751314675 0.6189047208450291 0.6447239616029268 0.6610287668568068 0.7215600941922304 0.8109567531456022 0.8348929508580183 0.9398729512927205 0.9736518421074613 1.028370716402703 1.068465592442288 1.1073503606844404 1.2287137980034102 1.2526879098697348 1.574399263160177 1.83825647866528
233 2796 -0.6056544255511764 -0.15163212726718783 0.14745900035583953 0.4545696697083935 0.4185909718646055 0.47547176921056006 0.5422707751314675 0.6189047208450291 0.6447239616029268 0.6610287668568068 0.7215600941922304 0.8109567531456022 0.8348929508580183 0.9398729512927205 0.9736518421074613 1.028370716402703 1.068465592442288 1.1073503606844404 1.2287137980034102 1.2526879098697348 1.574399263160177 1.83825647866528
234 2808 -0.6060938037403704 -0.1422545730819533 0.14247972747685936 0.45668217913386533 0.4185909718646055 0.47547176921056006 0.5422707751314675 0.6189047208450291 0.6447239616029268 0.6610287668568068 0.7215600941922304 0.8109567531456022 0.8348929508580183 0.9398729512927205 0.9736518421074613 1.028370716402703 1.068465592442288 1.1073503606844404 1.2287137980034102 1.2526879098697348 1.574399263160177 1.83825647866528
235 2820 -0.5967993698615753 -0.1466084198888235 0.133346218711316 0.4681664291497489 0.4003766770143585 0.4486599794525596 0.49623985654598235 0.5887207458987864 0.6300407123329413 0.656613966992016 0.7260484356544356 0.7594004934758714 0.814828876818848 0.9084556475619497 0.9500551866102265 0.9852214940561101 1.0223977806078621 1.145788491111422 1.2200591683547009 1.3275309821228924 1.6820177595004444 1.8201452853982858
236 2832 -0.5939011638093428 -0.1426584433113421 0.14117744214089492 0.46374924491261454 0.4003766770143585 0.4486599794525596 0.49623985654598235 0.5887207458987864 0.6300407123329413 0.656613966992016 0.7260484356544356 0.7594004934758714 0.814828876818848 0.9084556475619497 0.9500551866102265 0.9852214940561101 1.0223977806078621 1.145788491111422 1.2200591683547009 1.3275309821228924 1.6820177595004444 1.8201452853982858
237 2844 -0.5929118184823408 -0.1497863101174974 0.13787987264690266 0.46960372451236826 0.4003766770143585 0.4486599794525596 0.49623985654598235 0.5887207458987864 0.6300407123329413 0.656613966992016 0.7260484356544356 0.7594004934758714 0.814828876818848 0.9084556475619497 0.9500551866102265 0.9852214940561101 1.0223977806078621 1.145788491111422 1.2200591683547009 1.3275309821228924 1.6820177595004444 1.8201452853982858
238 2856 -0.6026975229151947 -0.14582765639158543 0.14312198509884677 0.4683952408929551 0.4003766770143585 0.4486599794525596 0.49623985654598235 0.5887207458987864 0.6300407123329413 0.656613966992016 0.7260484356544356 0.7594004934758714 0.814828876818848 0.9084556475619497 0.9500551866102265 0.9852214940561101 1.0223977806078621 1.145788491111422 1.2200591683547009 1.3275309821228924 1.6820177595004444 1.8201452853982858
239 2868 -0.5958368815909149 -0.15324777771627798 0.13840168618671267 0.47301450803446704 0.4003766770143585 0.4486599794525596 0.49623985654598235 0.5887207458987864 0.6300407123329413 0.656613966992016 0.7260484356544356 0.7594004934758714 0.814828876818848 0.9084556475619497 0.9500551866102265 0.9852214940561101 1.0223977806078621 1.145788491111422 1.2200591683547009 1.3275309821228924 1.6820177595004444 1.8201452853982858
240 2880 -0.5842937046892321 -0.15205899635011497 0.14011667500792552 0.46330375419338954 0.4003766770143585 0.4486599794525596 0.49623985654598235 0.5887207458987864 0.6300407123329413 0.656613966992016 0.7260484356544356 0.7594004934758714 0.814828876818848 0.9084556475619497 0.9500551866102265 0.9852214940561101 1.0223977806078621 1.145788491111422 1.2200591683547009 1.3275309821228924 1.6820177595004444 1.8201452853982858
241 2892 -0.589544011335322 -0.15353030033986614 0.13705523211060372 0.45915653986496824 0.4003766770143585 0.4486599794525596 0.49623985654598235 0.5887207458987864 0.6300407123329413 0.656613966992016 0.7260484356544356 0.7594004934758714 0.814828876818848 0.9084556475619497 0.9500551866102265 0.9852214940561101 1.0223977806078621 1.145788491111422 1.2200591683547009 1.3275309821228924 1.6820177595004444 1.8201452853982858
242 2904 -0.5951812321963389 -0.15512672664717508 0.14891831570780711 0.4642908847643665 0.4003766770143585 0.4486599794525596 0.49623985654598235 0.5887207458987864 0.6300407123329413 0.656613966992016 0.7260484356544356 0.7594004934758714 0.814828876818848 0.9084556475619497 0.9500551866102265 0.9852214940561101 1.0223977806078621 1.145788491111422 1.2200591683547009 1.3275309821228924 1.6820177595004444 1.8201452853982858
243 2916 -0.5994788411776246 -0.15011314742937512 0.13934229225250716 0.4518241816057721 0.4003766770143585 0.4486599794525596 0.49623985654598235 0.5887207458987864 0.6300407123329413 0.656613966992016 0.7260484356544356 0.7594004934758714 0.814828876818848 0.9084556475619497 0.9500551866102265 0.9852214940561101 1.0223977806078621 1.145788491111422 1.2200591683547009 1.3275309821228924 1.6820177595004444 1.8201452853982858
244 2928 -0.5933083081209144 -0.1541952450968978 0.14118312638068584 0.4458082530409895 0.4003766770143585 0.4486599794525596 0.49623985654598235 0.5887207458987864 0.6300407123329413 0.656613966992016 0.7260484356544356 0.7594004934758714 0.814828876818848 0.9084556475619497 0.9500551866102265 0.9852214940561101 1.0223977806078621 1.145788491111422 1.2200591683547009 1.3275309821228924 1.6820177595004444 1.8201452853982858
245 2940 -0.5933412411581446 -0.15482893398949346 0.14584939636228655 0.45098737052630533 0.4003766770143585 0.4486599794525596 0.49623985654598235 0.5887207458987864 0.6300407123329413 0.656613966992016 0.7260484356544356 0.7594004934758714 0.814828876818848 0.9084556475619497 0.9500551866102265 0.9852214940561101 1.0223977806078621 1.145788491111422 1.2200591683547009 1.3275309821228924 1.6820177595004444 1.8201452853982858
246 2952 -0.5905288106055706 -0.15673606376397192 0.14977418576887852 0.44510506055499977 0.4003766770143585 0.4486599794525596 0.49623985654598235 0.5887207458987864 0.6300407123329413 0.656613966992016 0.7260484356544356 0.7594004934758714 0.814828876818848 0.9084556475619497 0.9500551866102265 0.9852214940561101 1.0223977806078621 1.145788491111422 1.2200591683547009 1.3275309821228924 1.6820177595004444 1.8201452853982858
247 2964 -0.5959572082696635 -0.154199636678569 0.155146392718942 0.454299308560826 0.4003766770143585 0.4486599794525596 0.49623985654598235 0.5887207458987864 0.6300407123329413 0.656613966992016 0.7260484356544356 0.7594004934758714 0.814828876818848 0.9084556475619497 0.9500551866102265 0.9852214940561101 1.0223977806078621 1.145788491111422 1.2200591683547009 1.3275309821228924 1.6820177595004444 1.8201452853982858
248 2976 -0.5985789319551175 -0.1571638982658311 0.14981304165973464 0.4649694390425725 0.4003766770143585 0.4486599794525596 0.49623985654598235 0.5887207458987864 0.6300407123329413 0.656613966992016 0.7260484356544356 0.7594004934758714 0.814828876818848 0.9084556475619497 0.9500551866102265 0.9852214940561101 1.0223977806078621 1.145788491111422 1.2200591683547009 1.3275309821228924 1.6820177595004444 1.8201452853982858
249 2988 -0.6001858430533772 -0.15725673407803553 0.15418301715977917 0.47005763788258426 0.4003766770143585 0.4486599794525596 0.49623985654598235 0.5887207458987864 0.6300407123329413 0.656613966992016 0.7260484356544356 0.7594004934758714 0.814828876818848 0.9084556475619497 0.9500551866102265 0.9852214940561101 1.0223977806078621 1.145788491111422 1.2200591683547009 1.3275309821228924 1.6820177595004444 1.8201452853982858
250 3000 -0.6064696794113086 -0.15998987691189226 0.1587917958150416 0.4887461113525046 0.4003766770143585 0.4486599794525596 0.49623985654598235 0.5887207458987864 0.6300407123329413 0.656613966992016 0.7260484356544356 0.7594004934758714 0.814828876818848 0.9084556475619497 0.9500551866102265 0.9852214940561101 1.0223977806078621 1.145788491111422 1.2200591683547009 1.3275309821228924 1.6820177595004444 1.8201452853982858
251 3012 -0.6111644933412622 -0.15908345987742073 0.15925058236631875 0.49505792276161514 0.4003766770143585 0.4486599794525596 0.49623985654598235 0.5887207458987864 0.6300407123329413 0.656613966992016 0.7260484356544356 0.7594004934758714 0.814828876818848 0.9084556475619497 0.9500551866102265 0.9852214940561101 1.0223977806078621 1.145788491111422 1.2200591683547009 1.3275309821228924 1.6820177595004444 1.8201452853982858
252 3024 -0.6132485631527824 -0.15902253753505377 0.1602738499976541 0.48855006396355904 0.4003766770143585 0.4486599794525596 0.49623985654598235 0.5887207458987864 0.6300407123329413 0.656613966992016 0.7260484356544356 0.7594004934758714 0.814828876818848 0.9084556475619497 0.9500551866102265 0.9852214940561101 1.0223977806078621 1.145788491111422 1.2200591683547009 1.3275309821228924 1.6820177595004444 1.8201452853982858
253 3036 -0.6180831841849084 -0.1576088717650716 0.16319096142179407 0.4961624049689806 0.394199652433854 0.4521023387663358 0.4840928686989616 0.5766109654778463 0.6209640241245628 0.6520103780677172 0.7312155138522465 0.7609736873921094 0.8196092974087276 0.8817880267734116 0.9128025474518561 0.9961785009563919 1.0200266529766209 1.1336293661159185 1.2451563706105224 1.2950746189899376 1.6693602094274191 1.8799088719918324
254 3048 -0.6252654496569175 -0.16821428166658947 0.16502503236128271 0.49166725816301504 0.394199652433854 0.4521023387663358 0.4840928686989616 0.5766109654778463 0.6209640241245628 0.6520103780677172 0.7312155138522465 0.7609736873921094 0.8196092974087276 0.8817880267734116 0.9128025474518561 0.9961785009563919 1.0200266529766209 1.1336293661159185 1.2451563706105224 1.2950746189899376 1.6693602094274191 1.8799088719918324
255 3060 -0.6256552031906839 -0.1627113714680738 0.16716554346246157 0.48592921498193953 0.394199652433854 0.4521023387663358 0.4840928686989616 0.5766109654778463 0.6209640241245628 0.6520103780677172 0.7312155138522465 0.7609736873921094 0.8196092974087276 0.8817880267734116 0.9128025474518561 0.9961785009563919 1.0200266529766209 1.1336293661159185 1.2451563706105224 1.2950746189899376 1.6693602094274191 1.8799088719918324
256 3072 -0.6241128339372685 -0.1561723582121886 0.16035772416107918 0.4862108140504659 0.394199652433854 0.4521023387663358 0.4840928686989616 0.5766109654778463 0.6209640241245628 0.6520103780677172 0.7312155138522465 0.7609736873921094 0.8196092974087276 0.8817880267734116 0.9128025474518561 0.9961785009563919 1.0200266529766209 1.1336293661159185 1.2451563706105224 1.2950746189899376 1.6693602094274191 1.8799088719918324
257 3084 -0.6247976137801965 -0.15710618917925173 0.1413938640281936 0.486570280045074 0.394199652433854 0.4521023387663358 0.4840928686989616 0.5766109654778463 0.6209640241245628 0.6520103780677172 0.7312155138522465 0.7609736873921094 0.8196092974087276 0.8817880267734116 0.9128025474518561 0.9961785009563919 1.0200266529766209 1.1336293661159185 1.2451563706105224 1.2950746189899376 1.6693602094274191 1.8799088719918324
258 3096 -0.6315913145987272 -0.15580816161154337 0.14075635787199967 0.49147404111873216 0.394199652433854 0.4521023387663358 0.4840928686989616 0.5766109654778463 0.6209640241245628 0.6520103780677172 0.7312155138522465 0.7609736873921094 0.8196092974087276 0.8817880267734116 0.9128025474518561 0.9961785009563919 1.0200266529766209 1.1336293661159185 1.2451563706105224 1.2950746189899376 1.6693602094274191 1.8799088719918324
259 3108 -0.6327596057321139 -0.15448905513410421 0.14462749729306135 0.49510084630277135 0.394199652433854 0.4521023387663358 0.4840928686989616 0.5766109654778463 0.6209640241245628 0.6520103780677172 0.7312155138522465 0.7609736873921094 0.8196092974087276 0.8817880267734116 0.9128025474518561 0.9961785009563919 1.0200266529766209 1.1336293661159185 1.2451563706105224 1.2950746189899376 1.6693602094274191 1.8799088719918324
260 3120 -0.6472135344510952 -0.1517850959288774 0.1527887654638268 0.49432694156746926 0.394199652433854 0.4521023387663358 0.4840928686989616 0.5766109654778463 0.6209640241245628 0.6520103780677172 0.7312155138522465 0.7609736873921094 0.8196092974087276 0.8817880267734116 0.9128025474518561 0.9961785009563919 1.0200266529766209 1.1336293661159185 1.2451563706105224 1.2950746189899376 1.6693602094274191 1.8799088719918324
261 3132 -0.6432580078244173 -0.15116560871835108 0.1493739568589283 0.4953996827530044 0.394199652433854 0.4521023387663358 0.4840928686989616 0.5766109654778463 0.6209640241245628 0.6520103780677172 0.7312155138522465 0.7609736873921094 0.8196092974087276 0.8817880267734116 0.9128025474518561 0.9961785009563919 1.0200266529766209 1.1336293661159185 1.2451563706105224 1.2950746189899376 1.6693602094274191 1.8799088719918324
262 3144 -0.6458066154141245 -0.15965188765428084 0.14059623367994362 0.49334857481010314 0.394199652433854 0.4521023387663358 0.4840928686989616 0.5766109654778463 0.6209640241245628 0.6520103780677172 0.7312155138522465 0.7609736873921094 0.8196092974087276 0.8817880267734116 0.9128025474518561 0.9961785009563919 1.0200266529766209 1.1336293661159185 1.2451563706105224 1.2950746189899376 1.6693602094274191 1.8799088719918324
263 3156 -0.6479524866329869 -0.1633161004182575 0.14632988451289786 0.4936894630900947 0.394199652433854 0.4521023387663358 0.4840928686989616 0.5766109654778463 0.6209640241245628 0.6520103780677172 0.7312155138522465 0.7609736873921094 0.8196092974087276 0.8817880267734116 0.9128025474518561 0.9961785009563919 1.0200266529766209 1.1336293661159185 1.2451563706105224 1.2950746189899376 1.6693602094274191 1.8799088719918324
264 3168 -0.635577033321448 -0.1562044013135092 0.1517773159145503 0.4823831351345985 0.394199652433854 0.4521023387663358 0.4840928686989616 0.5766109654778463 0.6209640241245628 0.6520103780677172 0.7312155138522465 0.7609736873921094 0.8196092974087276 0.8817880267734116 0.9128025474518561 0.9961785009563919 1.0200266529766209 1.1336293661159185 1.2451563706105224 1.2950746189899376 1.6693602094274191 1.8799088719918324
265 3180 -0.6389327714171298 -0.16153001538179954 0.15538890216195894 0.48085481411662 0.394199652433854 0.4521023387663358 0.4840928686989616 0.5766109654778463 0.6209640241245628 0.6520103780677172 0.7312155138522465 0.7609736873921094 0.8196092974087276 0.8817880267734116 0.9128025474518561 0.9961785009563919 1.0200266529766209 1.1336293661159185 1.2451563706105224 1.2950746189899376 1.6693602094274191 1.8799088719918324
266 3192 -0.6298306076054085 -0.16171389742093006 0.15415392307145281 0.48203591058115414 0.394199652433854 0.4521023387663358 0.4840928686989616 0.5766109654778463 0.6209640241245628 0.6520103780677172 0.7312155138522465 0.7609736873921094 0.8196092974087276 0.8817880267734116 0.9128025474518561 0.9961785009563919 1.0200266529766209 1.1336293661159185 1.2451563706105224 1.2950746189899376 1.6693602094274191 1.8799088719918324
267 3204 -0.6312166949233772 -0.16313329574133115 0.1432214736958256 0.49382369185606134 0.394199652433854 0.4521023387663358 0.4840928686989616 0.5766109654778463 0.6209640241245628 0.6520103780677172 0.7312155138522465 0.7609736873921094 0.8196092974087276 0.8817880267734116 0.9128025474518561 0.9961785009563919 1.0200266529766209 1.1336293661159185 1.2451563706105224 1.2950746189899376 1.6693602094274191 1.8799088719918324
268 3216 -0.6381563895426673 -0.1720525637938502 0.1330373971399354 0.4957619384039214 0.394199652433854 0.4521023387663358 0.4840928686989616 0.5766109654778463 0.6209640241245628 0.6520103780677172 0.7312155138522465 0.7609736873921094 0.8196092974087276 0.8817880267734116 0.9128025474518561 0.9961785009563919 1.0200266529766209 1.1336293661159185 1.2451563706105224 1.2950746189899376 1.6693602094274191 1.8799088719918324
269 3228 -0.6335229197672086 -0.17132839406667813 0.14711285780722333 0.4979135386107501 0.394199652433854 0.4521023387663358 0.4840928686989616 0.5766109654778463 0.6209640241245628 0.6520103780677172 0.7312155138522465 0.7609736873921094 0.8196092974087276 0.8817880267734116 0.9128025474518561 0.9961785009563919 1.0200266529766209 1.1336293661159185 1.2451563706105224 1.2950746189899376 1.6693602094274191 1.8799088719918324
270 3240 -0.626011010732967 -0.17511242587831236 0.14500130930995664 0.4985825530838933 0.394199652433854 0.4521023387663358 0.4840928686989616 0.5766109654778463 0.6209640241245628 0.6520103780677172 0.7312155138522465 0.7609736873921094 0.8196092974087276 0.8817880267734116 0.9128025474518561 0.9961785009563919 1.0200266529766209 1.1336293661159185 1.2451563706105224 1.2950746189899376 1.6693602094274191 1.8799088719918324
271 3252 -0.622725946925554 -0.1678124872864118 0.14782601488625566 0.4958459969164228 0.39687224926096826 0.4148461739945191 0.46535400259948706 0.5666823650664154 0.6070310909341081 0.6478786505274409 0.7123282017553824 0.7461521770890135 0.7690434291719549 0.8575147741814988 0.8640119714062009 1.0203818837908147 1.043021286513443 1.1614261811007012 1.2068605822455232 1.3608956569082191 1.6645230980388024 1.9104653239409717
272 3264 -0.6436792068748516 -0.16930105195299405 0.1608643096716066 0.5102116373260334 0.39687224926096826 0.4148461739945191 0.46535400259948706 0.5666823650664154 0.6070310909341081 0.6478786505274409 0.7123282017553824 0.7461521770890135 0.7690434291719549 0.8575147741814988 0.8640119714062009 1.0203818837908147 1.043021286513443 1.1614261811007012 1.2068605822455232 1.3608956569082191 1.6645230980388024 1.9104653239409717
273 3276 -0.6448301481664478 -0.17618813249183646 0.1546751407872369 0.5120330825972882 0.39687224926096826 0.4148461739945191 0.46535400259948706 0.5666823650664154 0.6070310909341081 0.6478786505274409 0.7123282017553824 0.7461521770890135 0.7690434291719549 0.8575147741814988 0.8640119714062009 1.0203818837908147 1.043021286513443 1.1614261811007012 1.2068605822455232 1.3608956569082191 1.6645230980388024 1.9104653239409717
274 3288 -0.6548907234939237 -0.1760456324846193 0.15372005972462233 0.5190553695525112 0.39687224926096826 0.4148461739945191 0.46535400259948706 0.5666823650664154 0.6070310909341081 0.6478786505274409 0.7123282017553824 0.7461521770890135 0.7690434291719549 0.8575147741814988 0.8640119714062009 1.0203818837908147 1.043021286513443 1.1614261811007012 1.2068605822455232 1.3608956569082191 1.6645230980388024 1.9104653239409717
275 3300 -0.6519971953197592 -0.16574328930028448 0.15388315885807138 0.5222056494565378 0.39687224926096826 0.4148461739945191 0.46535400259948706 0.5666823650664154 0.6070310909341081 0.6478786505274409 0.7123282017553824 0.7461521770890135 0.7690434291719549 0.8575147741814988 0.8640119714062009 1.0203818837908147 1.043021286513443 1.1614261811007012 1.2068605822455232 1.3608956569082191 1.6645230980388024 1.9104653239409717
276 3312 -0.6434202903846551 -0.17803649162061017 0.15378738674204065 0.5137852985010559 0.39687224926096826 0.4148461739945191 0.46535400259948706 0.5666823650664154 0.6070310909341081 0.6478786505274409 0.7123282017553824 0.7461521770890135 0.7690434291719549 0.8575147741814988 0.8640119714062009 1.0203818837908147 1.043021286513443 1.1614261811007012 1.2068605822455232 1.3608956569082191 1.6645230980388024 1.9104653239409717
277 3324 -0.6434858492994103 -0.17519210904060034 0.15631190509204637 0.5164341245410511 0.39687224926096826 0.4148461739945191 0.46535400259948706 0.5666823650664154 0.6070310909341081 0.6478786505274409 0.7123282017553824 0.7461521770890135 0.7690434291719549 0.8575147741814988 0.8640119714062009 1.0203818837908147 1.043021286513443 1.1614261811007012 1.2068605822455232 1.3608956569082191 1.6645230980388024 1.9104653239409717
278 3336 -0.6481449798630082 -0.17559406096838404 0.15537878717277143 0.5146986426718796 0.39687224926096826 0.4148461739945191 0.46535400259948706 0.5666823650664154 0.6070310909341081 0.6478786505274409 0.7123282017553824 0.7461521770890135 0.7690434291719549 0.8575147741814988 0.8640119714062009 1.0203818837908147 1.043021286513443 1.1614261811007012 1.2068605822455232 1.3608956569082191 1.6645230980388024 1.9104653239409717
279 3348 -0.6415393513580671 -0.17195430773619388 0.1527048835827919 0.5132092405392633 0.39687224926096826 0.4148461739945191 0.46535400259948706 0.5666823650664154 0.6070310909341081 0.6478786505274409 0.7123282017553824 0.7461521770890135 0.7690434291719549 0.8575147741814988 0.8640119714062009 1.0203818837908147 1.043021286513443 1.1614261811007012 1.2068605822455232 1.3608956569082191 1.6645230980388024 1.9104653239409717
280 3360 -0.6440074869544791 -0.162636896895253 0.145327170641323 0.5070631388698771 0.39687224926096826 0.4148461739945191 0.46535400259948706 0.5666823650664154 0.6070310909341081 0.6478786505274409 0.7123282017553824 0.7461521770890135 0.7690434291719549 0.8575147741814988 0.8640119714062009 1.0203818837908147 1.043021286513443 1.1614261811007012 1.2068605822455232 1.3608956569082191 1.6645230980388024 1.9104653239409717
281 3372 -0.6554223433212735 -0.1633433217980575 0.15151481986445695 0.5049618827247877 0.39687224926096826 0.4148461739945191 0.46535400259948706 0.5666823650664154 0.6070310909341081 0.6478786505274409 0.7123282017553824 0.7461521770890135 0.7690434291719549 0.8575147741814988 0.8640119714062009 1.0203818837908147 1.043021286513443 1.1614261811007012 1.2068605822455232 1.3608956569082191 1.6645230980388024 1.9104653239409717
282 3384 -0.6495909322345375 -0.1536212945842047 0.1581432341352295 0.4945670039045558 0.39687224926096826 0.4148461739945191 0.46535400259948706 0.5666823650664154 0.6070310909341081 0.6478786505274409 0.7123282017553824 0.7461521770890135 0.7690434291719549 0.8575147741814988 0.8640119714062009 1.0203818837908147 1.043021286513443 1.1614261811007012 1.2068605822455232 1.3608956569082191 1.6645230980388024 1.9104653239409717
283 3396 -0.6522941853561064 -0.15981914304991762 0.15096205821828135 0.495684280560945 0.39687224926096826 0.4148461739945191 0.46535400259948706 0.5666823650664154 0.6070310909341081 0.6478786505274409 0.7123282017553824 0.7461521770890135 0.7690434291719549 0.8575147741814988 0.8640119714062009 1.0203818837908147 1.043021286513443 1.1614261811007012 1.2068605822455232 1.3608956569082191 1.6645230980388024 1.9104653239409717
284 3408 -0.6475000853888234 -0.1484227290404762 0.15348229103473202 0.48769969771106814 0.39687224926096826 0.4148461739945191 0.46535400259948706 0.5666823650664154 0.6070310909341081 0.6478786505274409 0.7123282017553824 0.7461521770890135 0.7690434291719549 0.8575147741814988 0.8640119714062009 1.0203818837908147 1.043021286513443 1.1614261811007012 1.2068605822455232 1.3608956569082191 1.6645230980388024 1.9104653239409717
285 3420 -0.6398836530747566 -0.15173389505046614 0.14663761515191567 0.4797700304497569 0.39687224926096826 0.4148461739945191 0.46535400259948706 0.5666823650664154 0.6070310909341081 0.6478786505274409 0.7123282017553824 0.7461521770890135 0.7690434291719549 0.8575147741814988 0.8640119714062009 1.0203818837908147 1.043021286513443 1.1614261811007012 1.2068605822455232 1.3608956569082191 1.6645230980388024 1.9104653239409717
286 3432 -0.6520844613920661 -0.159965921948576 0.14918418905469896 0.48013460789181434 0.39687224926096826 0.4148461739945191 0.46535400259948706 0.5666823650664154 0.6070310909341081 0.6478786505274409 0.7123282017553824 0.7461521770890135 0.7690434291719549 0.8575147741814988 0.8640119714062009 1.0203818837908147 1.043021286513443 1.1614261811007012 1.2068605822455232 1.3608956569082191 1.6645230980388024 1.9104653239409717
287 3444 -0.6451524666503765 -0.16197407665444788 0.15263518193142322 0.48683250026222424 0.39687224926096826 0.4148461739945191 0.46535400259948706 0.5666823650664154 0.6070310909341081 0.6478786505274409 0.7123282017553824 0.7461521770890135 0.7690434291719549 0.8575147741814988 0.8640119714062009 1.0203818837908147 1.043021286513443 1.1614261811007012 1.2068605822455232 1.3608956569082191 1.6645230980388024 1.9104653239409717
288 3456 -0.6490190370320038 -0.1575721452949842 0.1487415222547061 0.4893319912623447 0.39687224926096826 0.4148461739945191 0.46535400259948706 0.5666823650664154 0.6070310909341081 0.6478786505274409 0.7123282017553824 0.7461521770890135 0.7690434291719549 0.8575147741814988 0.8640119714062009 1.0203818837908147 1.043021286513443 1.1614261811007012 1.2068605822455232 1.3608956569082191 1.6645230980388024 1.9104653239409717
289 3468 -0.6650623259563353 -0.1608910206936205 0.13895277199686543 0.4889134373689416 0.37252980524213286 0.3918299235704054 0.4370518447036672 0.5645857213545895 0.6044066742730487 0.6496869082176114 0.6813687470342384 0.7325986596441768 0.7688580511032724 0.7863360456543389 0.8465879830025962 1.000092209989167 1.037065742790171 1.1687366844497822 1.2890747390276347 1.3645064753373897 1.6860954092671359 1.9170894566500807
290 3480 -0.6607875229683348 -0.173107211142083 0.14894458027410823 0.48218896468682837 0.37252980524213286 0.3918299235704054 0.4370518447036672 0.5645857213545895 0.6044066742730487 0.6496869082176114 0.6813687470342384 0.7325986596441768 0.7688580511032724 0.7863360456543389 0.8465879830025962 1.000092209989167 1.037065742790171 1.1687366844497822 1.2890747390276347 1.3645064753373897 1.6860954092671359 1.9170894566500807
291 3492 -0.6608300389288702 -0.18737983050966153 0.15188205438896968 0.4880580951703694 0.37252980524213286 0.3918299235704054 0.4370518447036672 0.5645857213545895 0.6044066742730487 0.6496869082176114 0.6813687470342384 0.7325986596441768 0.7688580511032724 0.7863360456543389 0.8465879830025962 1.000092209989167 1.037065742790171 1.1687366844497822 1.2890747390276347 1.3645064753373897 1.6860954092671359 1.9170894566500807
292 3504 -0.6666753834754562 -0.19493301532370144 0.15198085003167305 0.49386441553735433 0.37252980524213286 0.3918299235704054 0.4370518447036672 0.5645857213545895 0.6044066742730487 0.6496869082176114 0.6813687470342384 0.7325986596441768 0.7688580511032724 0.7863360456543389 0.8465879830025962 1.000092209989167 1.037065742790171 1.1687366844497822 1.2890747390276347 1.3645064753373897 1.6860954092671359 1.9170894566500807
293 3516 -0.6692707910828402 -0.18697920786362462 0.15605960946305342 0.5001374416077534 0.37252980524213286 0.3918299235704054 0.4370518447036672 0.5645857213545895 0.6044066742730487 0.6496869082176114 0.6813687470342384 0.7325986596441768 0.7688580511032724 0.7863360456543389 0.8465879830025962 1.000092209989167 1.037065742790171 1.1687366844497822 1.2890747390276347 1.3645064753373897 1.6860954092671359 1.9170894566500807
294 3528 -0.6681417304450162 -0.1887221932384963 0.14765706341527968 0.507952437972125 0.37252980524213286 0.3918299235704054 0.4370518447036672 0.5645857213545895 0.6044066742730487 0.6496869082176114 0.6813687470342384 0.7325986596441768 0.7688580511032724 0.7863360456543389 0.8465879830025962 1.000092209989167 1.037065742790171 1.1687366844497822 1.2890747390276347 1.3645064753373897 1.6860954092671359 1.9170894566500807
295 3540 -0.6681210390128878 -0.18313175126210207 0.1485653522260255 0.5134438333547015 0.37252980524213286 0.3918299235704054 0.4370518447036672 0.5645857213545895 0.6044066742730487 0.6496869082176114 0.6813687470342384 0.7325986596441768 0.7688580511032724 0.7863360456543389 0.8465879830025962 1.000092209989167 1.037065742790171 1.1687366844497822 1.2890747390276347 1.3645064753373897 1.6860954092671359 1.9170894566500807
296 3552 -0.6743772860181282 -0.1811020073584494 0.1509853915969384 0.5278776295914445 0.37252980524213286 0.3918299235704054 0.4370518447036672 0.5645857213545895 0.6044066742730487 0.6496869082176114 0.6813687470342384 0.7325986596441768 0.7688580511032724 0.7863360456543389 0.8465879830025962 1.000092209989167 1.037065742790171 1.1687366844497822 1.2890747390276347 1.3645064753373897 1.6860954092671359 1.9170894566500807
297 3564 -0.6803933290204173 -0.1782084392753457 0.15500652321742392 0.5489353178182985 0.37252980524213286 0.3918299235704054 0.4370518447036672 0.5645857213545895 0.6044066742730487 0.6496869082176114 0.6813687470342384 0.7325986596441768 0.7688580511032724 0.7863360456543389 0.8465879830025962 1.000092209989167 1.037065742790171 1.1687366844497822 1.2890747390276347 1.3645064753373897 1.6860954092671359 1.9170894566500807
298 3576 -0.6711350326813833 -0.1801887683991751 0.15287033396441324 0.5510618431292417 0.37252980524213286 0.3918299235704054 0.4370518447036672 0.5645857213545895 0.6044066742730487 0.6496869082176114 0.6813687470342384 0.7325986596441768 0.7688580511032724 0.7863360456543389 0.8465879830025962 1.000092209989167 1.037065742790171 1.1687366844497822 1.2890747390276347 1.3645064753373897 1.6860954092671359 1.9170894566500807
299 3588 -0.6579838347092176 -0.1836048190514999 0.15168524464937008 0.5504251357586377 0.37252980524213286 0.3918299235704054 0.4370518447036672 0.5645857213545895 0.6044066742730487 0.6496869082176114 0.6813687470342384 0.7325986596441768 0.7688580511032724 0.7863360456543389 0.8465879830025962 1.000092209989167 1.037065742790171 1.1687366844497822 1.2890747390276347 1.3645064753373897 1.6860954092671359 1.9170894566500807
300 3600 -0.6557683609923679 -0.17608654927226716 0.15041081347626123 0.5591453278776034 0.37252980524213286 0.3918299235704054 0.4370518447036672 0.5645857213545895 0.6044066742730487 0.6496869082176114 0.6813687470342384 0.7325986596441768 0.7688580511032724 0.7863360456543389 0.8465879830025962 1.000092209989167 1.037065742790171 1.1687366844497822 1.2890747390276347 1.3645064753373897 1.6860954092671359 1.9170894566500807
301 3612 -0.659500116650347 -0.17664015121663204 0.14910498813468354 0.5657401758526579 0.37252980524213286 0.3918299235704054 0.4370518447036672 0.5645857213545895 0.6044066742730487 0.6496869082176114 0.6813687470342384 0.7325986596441768 0.7688580511032724 0.7863360456543389 0.8465879830025962 1.000092209989167 1.037065742790171 1.1687366844497822 1.2890747390276347 1.3645064753373897 1.6860954092671359 1.9170894566500807
302 3624 -0.653835142491483 -0.16904849893408658 0.14553313297399573 0.5696259237634531 0.37252980524213286 0.3918299235704054 0.4370518447036672 0.5645857213545895 0.6044066742730487 0.6496869082176114 0.6813687470342384 0.7325986596441768 0.7688580511032724 0.7863360456543389 0.8465879830025962 1.000092209989167 1.037065742790171 1.1687366844497822 1.2890747390276347 1.3645064753373897 1.6860954092671359 1.9170894566500807
303 3636 -0.6575985797436773 -0.17044764082535768 0.1445545351274165 0.5768802379105655 0.37252980524213286 0.3918299235704054 0.4370518447036672 0.5645857213545895 0.6044066742730487 0.6496869082176114 0.6813687470342384 0.7325986596441768 0.7688580511032724 0.7863360456543389 0.8465879830025962 1.000092209989167 1.037065742790171 1.1687366844497822 1.2890747390276347 1.3645064753373897 1.6860954092671359 1.9170894566500807
304 3648 -0.6808312710795771 -0.17849582482812637 0.14823324189607753 0.5805387345970404 0.37252980524213286 0.3918299235704054 0.4370518447036672 0.5645857213545895 0.6044066742730487 0.6496869082176114 0.6813687470342384 0.7325986596441768 0.7688580511032724 0.7863360456543389 0.8465879830025962 1.000092209989167 1.037065742790171 1.1687366844497822 1.2890747390276347 1.3645064753373897 1.6860954092671359 1.9170894566500807
305 3660 -0.6909447570192321 -0.17033709146294934 0.16145765970932022 0.5862083769046381 0.37252980524213286 0.3918299235704054 0.4370518447036672 0.5645857213545895 0.6044066742730487 0.6496869082176114 0.6813687470342384 0.7325986596441768 0.7688580511032724 0.7863360456543389 0.8465879830025962 1.000092209989167 1.037065742790171 1.1687366844497822 1.2890747390276347 1.3645064753373897 1.6860954092671359 1.9170894566500807
306 3672 -0.6959425182798663 -0.1761801054144321 0.16645823350554972 0.6011651418314364 0.37252980524213286 0.3918299235704054 0.4370518447036672 0.5645857213545895 0.6044066742730487 0.6496869082176114 0.6813687470342384 0.7325986596441768 0.7688580511032724 0.7863360456543389 0.8465879830025962 1.000092209989167 1.037065742790171 1.1687366844497822 1.2890747390276347 1.3645064753373897 1.6860954092671359 1.9170894566500807
307 3684 -0.7021344289092457 -0.1825261593040265 0.16865083169304204 0.607988034534697 0.34620552219513695 0.3803516592263469 0.44853489623571124 0.5349786516824453 0.5644955476176149 0.6194608839900946 0.6419471962328644 0.7182151237979567 0.729748642579987 0.8089100471482774 0.8535278595398218 0.9339469821171712 1.020426889749243 1.1517967303466463 1.2546959882417938 1.3885585838203363 1.7930581840889293 1.9351526516814586
308 3696 -0.6988749229368801 -0.17585117148744864 0.16366186363837945 0.620714654906485 0.34620552219513695 0.3803516592263469 0.44853489623571124 0.5349786516824453 0.5644955476176149 0.6194608839900946 0.6419471962328644 0.7182151237979567 0.729748642579987 0.8089100471482774 0.8535278595398218 0.9339469821171712 1.020426889749243 1.1517967303466463 1.2546959882417938 1.3885585838203363 1.7930581840889293 1.9351526516814586
309 3708 -0.7001414316727554 -0.18142751152396877 0.16322183033305662 0.6382334063007999 0.34620552219513695 0.3803516592263469 0.44853489623571124 0.5349786516824453 0.5644955476176149 0.6194608839900946 0.6419471962328644 0.7182151237979567 0.729748642579987 0.8089100471482774 0.8535278595398218 0.9339469821171712 1.020426889749243 1.1517967303466463 1.2546959882417938 1.3885585838203363 1.7930581840889293 1.9351526516814586
310 3720 -0.7046464438600423 -0.1799168956750039 0.1673543190246073 0.6500300067650044 0.34620552219513695 0.3803516592263469 0.44853489623571124 0.5349786516824453 0.5644955476176149 0.6194608839900946 0.6419471962328644 0.7182151237979567 0.729748642579987 0.8089100471482774 0.8535278595398218 0.9339469821171712 1.020426889749243 1.1517967303466463 1.2546959882417938 1.3885585838203363 1.7930581840889293 1.9351526516814586
311 3732 -0.7001715424486621 -0.18513463319758816 0.16522513655989957 0.6575235481194323 0.34620552219513695 0.3803516592263469 0.44853489623571124 0.5349786516824453 0.5644955476176149 0.6194608839900946 0.6419471962328644 0.7182151237979567 0.729748642579987 0.8089100471482774 0.8535278595398218 0.9339469821171712 1.020426889749243 1.1517967303466463 1.2546959882417938 1.3885585838203363 1.7930581840889293 1.9351526516814586
312 3744 -0.6988945577915009 -0.18711408642726934 0.18056021698138236 0.6637614561345166 0.34620552219513695 0.3803516592263469 0.44853489623571124 0.5349786516824453 0.5644955476176149 0.6194608839900946 0.6419471962328644 0.7182151237979567 0.729748642579987 0.8089100471482774 0.8535278595398218 0.9339469821171712 1.020426889749243 1.1517967303466463 1.2546959882417938 1.3885585838203363 1.7930581840889293 1.9351526516814586
313 3756 -0.6972467619540508 -0.19006295245691202 0.1802548047687871 0.6568302226822816 0.34620552219513695 0.3803516592263469 0.44853489623571124 0.5349786516824453 0.5644955476176149 0.6194608839900946 0.6419471962328644 0.7182151237979567 0.729748642579987 0.8089100471482774 0.8535278595398218 0.9339469821171712 1.020426889749243 1.1517967303466463 1.2546959882417938 1.3885585838203363 1.7930581840889293 1.9351526516814586
314 3768 -0.6981195142702394 -0.1926612767839647 0.17875740058025122 0.6685546928989765 0.34620552219513695 0.3803516592263469 0.44853489623571124 0.5349786516824453 0.5644955476176149 0.6194608839900946 0.6419471962328644 0.7182151237979567 0.729748642579987 0.8089100471482774 0.8535278595398218 0.9339469821171712 1.020426889749243 1.1517967303466463 1.2546959882417938 1.3885585838203363 1.7930581840889293 1.9351526516814586
315 3780 -0.7003094483770236 -0.19159334450240456 0.17523148296425772 0.6706546109104723 0.34620552219513695 0.3803516592263469 0.44853489623571124 0.5349786516824453 0.5644955476176149 0.6194608839900946 0.6419471962328644 0.7182151237979567 0.729748642579987 0.8089100471482774 0.8535278595398218 0.9339469821171712 1.020426889749243 1.1517967303466463 1.2546959882417938 1.3885585838203363 1.7930581840889293 1.9351526516814586
316 3792 -0.7034373018942645 -0.18975668859570147 0.18067656306943722 0.6728975499628627 0.34620552219513695 0.3803516592263469 0.44853489623571124 0.5349786516824453 0.5644955476176149 0.6194608839900946 0.6419471962328644 0.7182151237979567 0.729748642579987 0.8089100471482774 0.8535278595398218 0.9339469821171712 1.020426889749243 1.1517967303466463 1.2546959882417938 1.3885585838203363 1.7930581840889293 1.9351526516814586
317 3804 -0.6980126213563521 -0.1895297025895374 0.18278746824799638 0.6760973428308799 0.34620552219513695 0.3803516592263469 0.44853489623571124 0.5349786516824453 0.5644955476176149 0.6194608839900946 0.6419471962328644 0.7182151237979567 0.729748642579987 0.8089100471482774 0.8535278595398218 0.9339469821171712 1.020426889749243 1.1517967303466463 1.2546959882417938 1.3885585838203363 1.7930581840889293 1.9351526516814586
318 3816 -0.6968469662571739 -0.18760931453260354 0.17234504759623165 0.6784353053714626 0.34620552219513695 0.3803516592263469 0.44853489623571124 0.5349786516824453 0.5644955476176149 0.6194608839900946 0.6419471962328644 0.7182151237979567 0.729748642579987 0.8089100471482774 0.8535278595398218 0.9339469821171712 1.020426889749243 1.1517967303466463 1.2546959882417938 1.3885585838203363 1.7930581840889293 1.9351526516814586
319 3828 -0.6877117091235955 -0.19342995652755324 0.1638554371266423 0.6874724792664129 0.34620552219513695 0.3803516592263469 0.44853489623571124 0.5349786516824453 0.5644955476176149 0.6194608839900946 0.6419471962328644 0.7182151237979567 0.729748642579987 0.8089100471482774 0.8535278595398218 0.9339469821171712 1.020426889749243 1.1517967303466463 1.2546959882417938 1.3885585838203363 1.7930581840889293 1.9351526516814586
320 3840 -0.6899734942897414 -0.19094083241488818 0.1629774878169032 0.6855538447951862 0.34620552219513695 0.3803516592263469 0.44853489623571124 0.5349786516824453 0.5644955476176149 0.6194608839900946 0.6419471962328644 0.7182151237979567 0.729748642579987 0.8089100471482774 0.8535278595398218 0.9339469821171712 1.020426889749243 1.1517967303466463 1.2546959882417938 1.3885585838203363 1.7930581840889293 1.9351526516814586
321 3852 -0.6905547571609036 -0.19020886341388052 0.16635138962667745 0.687372296071969 0.34620552219513695 0.3803516592263469 0.44853489623571124 0.5349786516824453 0.5644955476176149 0.6194608839900946 0.6419471962328644 0.7182151237979567 0.729748642579987 0.8089100471482774 0.8535278595398218 0.9339469821171712 1.020426889749243 1.1517967303466463 1.2546959882417938 1.3885585838203363 1.7930581840889293 1.9351526516814586
322 3864 -0.6960673810594559 -0.1973123261334 0.1637581062804136 0.6895045408063054 0.34620552219513695 0.3803516592263469 0.44853489623571124 0.5349786516824453 0.5644955476176149 0.6194608839900946 0.6419471962328644 0.7182151237979567 0.729748642579987 0.8089100471482774 0.8535278595398218 0.9339469821171712 1.020426889749243 1.1517967303466463 1.2546959882417938 1.3885585838203363 1.7930581840889293 1.9351526516814586
323 3876 -0.693835912802843 -0.19364270487157312 0.16563001445744396 0.6824929492067369 0.34620552219513695 0.3803516592263469 0.44853489623571124 0.5349786516824453 0.5644955476176149 0.6194608839900946 0.6419471962328644 0.7182151237979567 0.729748642579987 0.8089100471482774 0.8535278595398218 0.9339469821171712 1.020426889749243 1.1517967303466463 1.2546959882417938 1.3885585838203363 1.7930581840889293 1.9351526516814586
324 3888 -0.6930473460590607 -0.1919063381026958 0.1563927527472393 0.6775996105401048 0.34620552219513695 0.3803516592263469 0.44853489623571124 0.5349786516824453 0.5644955476176149 0.6194608839900946 0.6419471962328644 0.7182151237979567 0.729748642579987 0.8089100471482774 0.8535278595398218 0.9339469821171712 1.020426889749243 1.1517967303466463 1.2546959882417938 1.3885585838203363 1.7930581840889293 1.9351526516814586
325 3900 -0.6892566712373845 -0.1913457662055316 0.15772181363826127 0.683264705076743 0.32392532851102 0.3653155621780886 0.43581405107212673 0.5024600161236331 0.506693881169491 0.5600623630969552 0.6239701676832349 0.6623763097423907 0.7351676456489928 0.7762883669577103 0.9115150385218476 0.9484048690042461 1.0372090365303068 1.158324009032011 1.2307009478230897 1.386961459794235 1.867461790920662 1.924599484127648
326 3912 -0.6877043355269342 -0.19436928177522347 0.15929031167219995 0.6850399096278426 0.32392532851102 0.3653155621780886 0.43581405107212673 0.5024600161236331 0.506693881169491 0.5600623630969552 0.6239701676832349 0.6623763097423907 0.7351676456489928 0.7762883669577103 0.9115150385218476 0.9484048690042461 1.0372090365303068 1.158324009032011 1.2307009478230897 1.386961459794235 1.867461790920662 1.924599484127648
327 3924 -0.681990868478893 -0.20008685933151016 0.15644091330629037 0.6911894249398476 0.32392532851102 0.3653155621780886 0.43581405107212673 0.5024600161236331 0.506693881169491 0.5600623630969552 0.6239701676832349 0.6623763097423907 0.7351676456489928 0.7762883669577103 0.9115150385218476 0.9484048690042461 1.0372090365303068 1.158324009032011 1.2307009478230897 1.386961459794235 1.867461790920662 1.924599484127648
328 3936 -0.6803509847047221 -0.1884575524278874 0.155906006670885 0.6918696333344949 0.32392532851102 0.3653155621780886 0.43581405107212673 0.5024600161236331 0.506693881169491 0.5600623630969552 0.6239701676832349 0.6623763097423907 0.7351676456489928 0.7762883669577103 0.9115150385218476 0.9484048690042461 1.0372090365303068 1.158324009032011 1.2307009478230897 1.386961459794235 1.867461790920662 1.924599484127648
329 3948 -0.6768021375890814 -0.19715136113201215 0.1551323705455679 0.7088410829783596 0.32392532851102 0.3653155621780886 0.43581405107212673 0.5024600161236331 0.506693881169491 0.5600623630969552 0.6239701676832349 0.6623763097423907 0.7351676456489928 0.7762883669577103 0.9115150385218476 0.9484048690042461 1.0372090365303068 1.158324009032011 1.2307009478230897 1.386961459794235 1.867461790920662 1.924599484127648
330 3960 -0.671831481460371 -0.20641083073181193 0.15432604402483427 0.7141544384264513 0.32392532851102 0.3653155621780886 0.43581405107212673 0.5024600161236331 0.506693881169491 0.5600623630969552 0.6239701676832349 0.6623763097423907 0.7351676456489928 0.7762883669577103 0.9115150385218476 0.9484048690042461 1.0372090365303068 1.158324009032011 1.2307009478230897 1.386961459794235 1.867461790920662 1.924599484127648
331 3972 -0.6715471476025459 -0.2082871039033951 0.1582304356817637 0.7145389386874991 0.32392532851102 0.3653155621780886 0.43581405107212673 0.5024600161236331 0.506693881169491 0.5600623630969552 0.6239701676832349 0.6623763097423907 0.7351676456489928 0.7762883669577103 0.9115150385218476 0.9484048690042461 1.0372090365303068 1.158324009032011 1.2307009478230897 1.386961459794235 1.867461790920662 1.924599484127648
332 3984 -0.6696619725819253 -0.20684943863498917 0.16286209860214934 0.7111940381816899 0.32392532851102 0.3653155621780886 0.43581405107212673 0.5024600161236331 0.506693881169491 0.5600623630969552 0.6239701676832349 0.6623763097423907 0.7351676456489928 0.7762883669577103 0.9115150385218476 0.9484048690042461 1.0372090365303068 1.158324009032011 1.2307009478230897 1.386961459794235 1.867461790920662 1.924599484127648
333 3996 -0.6703471595343559 -0.20836208923427982 0.16241026179633616 0.7121155198593572 0.32392532851102 0.3653155621780886 0.43581405107212673 0.5024600161236331 0.506693881169491 0.5600623630969552 0.6239701676832349 0.6623763097423907 0.7351676456489928 0.7762883669577103 0.9115150385218476 0.9484048690042461 1.0372090365303068 1.158324009032011 1.2307009478230897 1.386961459794235 1.867461790920662 1.924599484127648
334 4008 -0.6631307462415862 -0.20565131419679097 0.1629737927591043 0.7172801958554 0.32392532851102 0.3653155621780886 0.43581405107212673 0.5024600161236331 0.506693881169491 0.5600623630969552 0.6239701676832349 0.6623763097423907 0.7351676456489928 0.7762883669577103 0.9115150385218476 0.9484048690042461 1.0372090365303068 1.158324009032011 1.2307009478230897 1.386961459794235 1.867461790920662 1.924599484127648
335 4020 -0.6619124988870556 -0.20086864182773614 0.1581850625775127 0.7134853797137314 0.32392532851102 0.3653155621780886 0.43581405107212673 0.5024600161236331 0.506693881169491 0.5600623630969552 0.6239701676832349 0.6623763097423907 0.7351676456489928 0.7762883669577103 0.9115150385218476 0.9484048690042461 1.0372090365303068 1.158324009032011 1.2307009478230897 1.386961459794235 1.867461790920662 1.924599484127648
336 4032 -0.6603577255463597 -0.20064276861903851 0.1548280806360506 0.7172690014004216 0.32392532851102 0.3653155621780886 0.43581405107212673 0.5024600161236331 0.506693881169491 0.5600623630969552 0.6239701676832349 0.6623763097423907 0.7351676456489928 0.7762883669577103 0.9115150385218476 0.9484048690042461 1.0372090365303068 1.158324009032011 1.2307009478230897 1.386961459794235 1.867461790920662 1.924599484127648
337 4044 -0.6672185930675644 -0.20041515479537472 0.1567220100719884 0.7196913756794435 0.32392532851102 0.3653155621780886 0.43581405107212673 0.5024600161236331 0.506693881169491 0.5600623630969552 0.6239701676832349 0.6623763097423907 0.7351676456489928 0.7762883669577103 0.9115150385218476 0.9484048690042461 1.0372090365303068 1.158324009032011 1.2307009478230897 1.386961459794235 1.867461790920662 1.924599484127648
338 4056 -0.6624111525363688 -0.20312359673387756 0.16633450088818708 0.7122224895323327 0.32392532851102 0.3653155621780886 0.43581405107212673 0.5024600161236331 0.506693881169491 0.5600623630969552 0.6239701676832349 0.6623763097423907 0.7351676456489928 0.7762883669577103 0.9115150385218476 0.9484048690042461 1.0372090365303068 1.158324009032011 1.2307009478230897 1.386961459794235 1.867461790920662 1.924599484127648
339 4068 -0.6630117893652725 -0.2049357993592073 0.16557862375236773 0.7047706447137675 0.32392532851102 0.3653155621780886 0.43581405107212673 0.5024600161236331 0.506693881169491 0.5600623630969552 0.6239701676832349 0.6623763097423907 0.7351676456489928 0.7762883669577103 0.9115150385218476 0.9484048690042461 1.0372090365303068 1.158324009032011 1.2307009478230897 1.386961459794235 1.867461790920662 1.924599484127648
340 4080 -0.665390965782975 -0.202154610447496 0.15799749689335305 0.7019321343250216 0.32392532851102 0.3653155621780886 0.43581405107212673 0.5024600161236331 0.506693881169491 0.5600623630969552 0.6239701676832349 0.6623763097423907 0.7351676456489928 0.7762883669577103 0.9115150385218476 0.9484048690042461 1.0372090365303068 1.158324009032011 1.2307009478230897 1.386961459794235 1.867461790920662 1.924599484127648
341 4092 -0.6719301281225298 -0.19383939089416694 0.14508438935001955 0.7024889395634863 0.32392532851102 0.3653155621780886 0.43581405107212673 0.5024600161236331 0.506693881169491 0.5600623630969552 0.6239701676832349 0.6623763097423907 0.7351676456489928 0.7762883669577103 0.9115150385218476 0.9484048690042461 1.0372090365303068 1.158324009032011 1.2307009478230897 1.386961459794235 1.867461790920662 1.924599484127648
342 4104 -0.6661726775609208 -0.1907879323262306 0.15268609551579282 0.7014624885835483 0.32392532851102 0.3653155621780886 0.43581405107212673 0.5024600161236331 0.506693881169491 0.5600623630969552 0.6239701676832349 0.6623763097423907 0.7351676456489928 0.7762883669577103 0.9115150385218476 0.9484048690042461 1.0372090365303068 1.158324009032011 1.2307009478230897 1.386961459794235 1.867461790920662 1.924599484127648
343 4116 -0.6776063252946227 -0.19059558313389194 0.16084544630826567 0.7026606904243508 0.30520051571717416 0.3593108622905086 0.42135783385583914 0.5222919935116342 0.5422602226107036 0.5945767651946958 0.6348128508276646 0.6664204671178431 0.7447451496909723 0.7970224130206641 0.8903493118153137 0.9068358482045008 1.0044900310157345 1.1798183337808676 1.2439627777600384 1.361067883016708 1.8362522383549311 1.9634254575582903
344 4128 -0.6758528265701237 -0.19918802677449204 0.1566775560543633 0.705507886855137 0.30520051571717416 0.3593108622905086 0.42135783385583914 0.5222919935116342 0.5422602226107036 0.5945767651946958 0.6348128508276646 0.6664204671178431 0.7447451496909723 0.7970224130206641 0.8903493118153137 0.9068358482045008 1.0044900310157345 1.1798183337808676 1.2439627777600384 1.361067883016708 1.8362522383549311 1.9634254575582903
345 4140 -0.6814345927202253 -0.20304360879103378 0.15749018239396056 0.7062741206613201 0.30520051571717416 0.3593108622905086 0.42135783385583914 0.5222919935116342 0.5422602226107036 0.5945767651946958 0.6348128508276646 0.6664204671178431 0.7447451496909723 0.7970224130206641 0.8903493118153137 0.9068358482045008 1.0044900310157345 1.1798183337808676 1.2439627777600384 1.361067883016708 1.8362522383549311 1.9634254575582903
346 4152 -0.6778894457511878 -0.202922306255231 0.1567699235158575 0.7061096826857203 0.30520051571717416 0.3593108622905086 0.42135783385583914 0.5222919935116342 0.5422602226107036 0.5945767651946958 0.6348128508276646 0.6664204671178431 0.7447451496909723 0.7970224130206641 0.8903493118153137 0.9068358482045008 1.0044900310157345 1.1798183337808676 1.2439627777600384 1.361067883016708 1.8362522383549311 1.9634254575582903
347 4164 -0.6735055979005846 -0.20360414784264774 0.15373815084885445 0.7102506651109487 0.30520051571717416 0.3593108622905086 0.42135783385583914 0.5222919935116342 0.5422602226107036 0.5945767651946958 0.6348128508276646 0.6664204671178431 0.7447451496909723 0.7970224130206641 0.8903493118153137 0.9068358482045008 1.0044900310157345 1.1798183337808676 1.2439627777600384 1.361067883016708 1.8362522383549311 1.9634254575582903
348 4176 -0.6844902460186891 -0.21414663796104746 0.15045548663403507 0.7165597863990342 0.30520051571717416 0.3593108622905086 0.42135783385583914 0.5222919935116342 0.5422602226107036 0.5945767651946958 0.6348128508276646 0.6664204671178431 0.7447451496909723 0.7970224130206641 0.8903493118153137 0.9068358482045008 1.0044900310157345 1.1798183337808676 1.2439627777600384 1.361067883016708 1.8362522383549311 1.9634254575582903
349 4188 -0.6919086939039749 -0.21389776082258227 0.14981996628958105 0.720348496032172 0.30520051571717416 0.3593108622905086 0.42135783385583914 0.5222919935116342 0.5422602226107036 0.5945767651946958 0.6348128508276646 0.6664204671178431 0.7447451496909723 0.7970224130206641 0.8903493118153137 0.9068358482045008 1.0044900310157345 1.1798183337808676 1.2439627777600384 1.361067883016708 1.8362522383549311 1.9634254575582903
350 4200 -0.6952227367871747 -0.21573759805811069 0.15472493346705168 0.7286872851901196 0.30520051571717416 0.3593108622905086 0.42135783385583914 0.5222919935116342 0.5422602226107036 0.5945767651946958 0.6348128508276646 0.6664204671178431 0.7447451496909723 0.7970224130206641 0.8903493118153137 0.9068358482045008 1.0044900310157345 1.1798183337808676 1.2439627777600384 1.361067883016708 1.8362522383549311 1.9634254575582903
351 4212 -0.7031893091340622 -0.2105901075758984 0.1605085867636444 0.7253549401439976 0.30520051571717416 0.3593108622905086 0.42135783385583914 0.5222919935116342 0.5422602226107036 0.5945767651946958 0.6348128508276646 0.6664204671178431 0.7447451496909723 0.7970224130206641 0.8903493118153137 0.9068358482045008 1.0044900310157345 1.1798183337808676 1.2439627777600384 1.361067883016708 1.8362522383549311 1.9634254575582903
352 4224 -0.6979455272917049 -0.21112598059390816 0.1608891992186887 0.7184099111887526 0.30520051571717416 0.3593108622905086 0.42135783385583914 0.5222919935116342 0.5422602226107036 0.5945767651946958 0.6348128508276646 0.6664204671178431 0.7447451496909723 0.7970224130206641 0.8903493118153137 0.9068358482045008 1.0044900310157345 1.1798183337808676 1.2439627777600384 1.361067883016708 1.8362522383549311 1.9634254575582903
353 4236 -0.695766957019925 -0.21401092571604965 0.15972225079264463 0.7185804841944444 0.30520051571717416 0.3593108622905086 0.42135783385583914 0.5222919935116342 0.5422602226107036 0.5945767651946958 0.6348128508276646 0.6664204671178431 0.7447451496909723 0.7970224130206641 0.8903493118153137 0.9068358482045008 1.0044900310157345 1.1798183337808676 1.2439627777600384 1.361067883016708 1.8362522383549311 1.9634254575582903
354 4248 -0.6972050632360453 -0.21854399367576097 0.16116579714029103 0.7266119118657484 0.30520051571717416 0.3593108622905086 0.42135783385583914 0.5222919935116342 0.5422602226107036 0.5945767651946958 0.6348128508276646 0.6664204671178431 0.7447451496909723 0.7970224130206641 0.8903493118153137 0.9068358482045008 1.0044900310157345 1.1798183337808676 1.2439627777600384 1.361067883016708 1.8362522383549311 1.9634254575582903
355 4260 -0.7038499203230544 -0.22371146026233824 0.16406686445913338 0.7305162460141132 0.30520051571717416 0.3593108622905086 0.42135783385583914 0.5222919935116342 0.5422602226107036 0.5945767651946958 0.6348128508276646 0.6664204671178431 0.7447451496909723 0.7970224130206641 0.8903493118153137 0.9068358482045008 1.0044900310157345 1.1798183337808676 1.2439627777600384 1.361067883016708 1.8362522383549311 1.9634254575582903
356 4272 -0.712552750543992 -0.2242448953926528 0.16651693665230427 0.7321768321097892 0.30520051571717416 0.3593108622905086 0.42135783385583914 0.5222919935116342 0.5422602226107036 0.5945767651946958 0.6348128508276646 0.6664204671178431 0.7447451496909723 0.7970224130206641 0.8903493118153137 0.9068358482045008 1.0044900310157345 1.1798183337808676 1.2439627777600384 1.361067883016708 1.8362522383549311 1.9634254575582903
357 4284 -0.7136984617539699 -0.22751784510849068 0.1697385398345842 0.7385328622740173 0.30520051571717416 0.3593108622905086 0.42135783385583914 0.5222919935116342 0.5422602226107036 0.5945767651946958 0.6348128508276646 0.6664204671178431 0.7447451496909723 0.7970224130206641 0.8903493118153137 0.9068358482045008 1.0044900310157345 1.1798183337808676 1.2439627777600384 1.361067883016708 1.8362522383549311 1.9634254575582903
358 4296 -0.7112734753504842 -0.24212402725534385 0.16436440170691294 0.7499236546719446 0.30520051571717416 0.3593108622905086 0.42135783385583914 0.5222919935116342 0.5422602226107036 0.5945767651946958 0.6348128508276646 0.6664204671178431 0.7447451496909723 0.7970224130206641 0.8903493118153137 0.9068358482045008 1.0044900310157345 1.1798183337808676 1.2439627777600384 1.361067883016708 1.8362522383549311 1.9634254575582903
359 4308 -0.7101834703383983 -0.2394795115821461 0.16183415118432765 0.7505283807186006 0.30520051571717416 0.3593108622905086 0.42135783385583914 0.5222919935116342 0.5422602226107036 0.5945767651946958 0.6348128508276646 0.6664204671178431 0.7447451496909723 0.7970224130206641 0.8903493118153137 0.9068358482045008 1.0044900310157345 1.1798183337808676 1.2439627777600384 1.361067883016708 1.8362522383549311 1.9634254575582903
360 4320 -0.7105639703083023 -0.24421667135717012 0.1612622993406073 0.7496305933832665 0.30520051571717416 0.3593108622905086 0.42135783385583914 0.5222919935116342 0.5422602226107036 0.5945767651946958 0.6348128508276646 0.6664204671178431 0.7447451496909723 0.7970224130206641 0.8903493118153137 0.9068358482045008 1.0044900310157345 1.1798183337808676 1.2439627777600384 1.361067883016708 1.8362522383549311 1.9634254575582903
361 4332 -0.7148056403002351 -0.2424669430692289 0.15628204539470752 0.7498262458098535 0.2898549601830599 0.32280971039569234 0.41444377930918913 0.48454363541660733 0.5318085207693528 0.5752443487592759 0.6204896792611186 0.6682393671369318 0.7130441378299636 0.7855662653151659 0.8682305706497735 0.8997765645057892 0.9825774406369884 1.1031257878281595 1.2528170153152198 1.406708172019179 1.8896468117817047 1.9923597331234546
362 4344 -0.7110401373872259 -0.23576940238035798 0.15535980980839154 0.7593194237840398 0.2898549601830599 0.32280971039569234 0.41444377930918913 0.48454363541660733 0.5318085207693528 0.5752443487592759 0.6204896792611186 0.6682393671369318 0.7130441378299636 0.7855662653151659 0.8682305706497735 0.8997765645057892 0.9825774406369884 1.1031257878281595 1.2528170153152198 1.406708172019179 1.8896468117817047 1.9923597331234546
363 4356 -0.713636798510337 -0.2382261955805306 0.15381585374896609 0.7639158542865706 0.2898549601830599 0.32280971039569234 0.41444377930918913 0.48454363541660733 0.5318085207693528 0.5752443487592759 0.6204896792611186 0.6682393671369318 0.7130441378299636 0.7855662653151659 0.8682305706497735 0.8997765645057892 0.9825774406369884 1.1031257878281595 1.2528170153152198 1.406708172019179 1.8896468117817047 1.9923597331234546
364 4368 -0.7154412839989063 -0.23968917025869738 0.15606746939818805 0.7621568288510634 0.2898549601830599 0.32280971039569234 0.41444377930918913 0.48454363541660733 0.5318085207693528 0.5752443487592759 0.6204896792611186 0.6682393671369318 0.7130441378299636 0.7855662653151659 0.8682305706497735 0.8997765645057892 0.9825774406369884 1.1031257878281595 1.2528170153152198 1.406708172019179 1.8896468117817047 1.9923597331234546
365 4380 -0.7195889957543355 -0.2359052294241885 0.15336643788197885 0.7716788264123028 0.2898549601830599 0.32280971039569234 0.41444377930918913 0.48454363541660733 0.5318085207693528 0.5752443487592759 0.6204896792611186 0.6682393671369318 0.7130441378299636 0.7855662653151659 0.8682305706497735 0.8997765645057892 0.9825774406369884 1.1031257878281595 1.2528170153152198 1.406708172019179 1.8896468117817047 1.9923597331234546
366 4392 -0.7211098903653169 -0.23489435168104986 0.14978994236712376 0.7742085862122204 0.2898549601830599 0.32280971039569234 0.41444377930918913 0.48454363541660733 0.5318085207693528 0.5752443487592759 0.6204896792611186 0.6682393671369318 0.7130441378299636 0.7855662653151659 0.8682305706497735 0.8997765645057892 0.9825774406369884 1.1031257878281595 1.2528170153152198 1.406708172019179 1.8896468117817047 1.9923597331234546
367 4404 -0.7256787862380122 -0.23220691907159097 0.14706232456295543 0.7776524772600584 0.2898549601830599 0.32280971039569234 0.41444377930918913 0.48454363541660733 0.5318085207693528 0.5752443487592759 0.6204896792611186 0.6682393671369318 0.7130441378299636 0.7855662653151659 0.8682305706497735 0.8997765645057892 0.9825774406369884 1.1031257878281595 1.2528170153152198 1.406708172019179 1.8896468117817047 1.9923597331234546
368 4416 -0.7344753539348106 -0.2314912203357144 0.1521361951649507 0.7772871286726961 0.2898549601830599 0.32280971039569234 0.41444377930918913 0.48454363541660733 0.5318085207693528 0.5752443487592759 0.6204896792611186 0.6682393671369318 0.7130441378299636 0.7855662653151659 0.8682305706497735 0.8997765645057892 0.9825774406369884 1.1031257878281595 1.2528170153152198 1.406708172019179 1.8896468117817047 1.9923597331234546
369 4428 -0.7424760973976765 -0.22669052256734135 0.1483778676689939 0.778620081580479 0.2898549601830599 0.32280971039569234 0.41444377930918913 0.48454363541660733 0.5318085207693528 0.5752443487592759 0.6204896792611186 0.6682393671369318 0.7130441378299636 0.7855662653151659 0.8682305706497735 0.8997765645057892 0.9825774406369884 1.1031257878281595 1.2528170153152198 1.406708172019179 1.8896468117817047 1.9923597331234546
370 4440 -0.7453837051473161 -0.22672439324965882 0.14655126472104765 0.7793834271601847 0.2898549601830599 0.32280971039569234 0.41444377930918913 0.48454363541660733 0.5318085207693528 0.5752443487592759 0.6204896792611186 0.6682393671369318 0.7130441378299636 0.7855662653151659 0.8682305706497735 0.8997765645057892 0.9825774406369884 1.1031257878281595 1.2528170153152198 1.406708172019179 1.8896468117817047 1.9923597331234546
371 4452 -0.7451631588996241 -0.22344063585681376 0.1484098222247203 0.7797389710231764 0.2898549601830599 0.32280971039569234 0.41444377930918913 0.48454363541660733 0.5318085207693528 0.5752443487592759 0.6204896792611186 0.6682393671369318 0.7130441378299636 0.7855662653151659 0.8682305706497735 0.8997765645057892 0.9825774406369884 1.1031257878281595 1.2528170153152198 1.406708172019179 1.8896468117817047 1.9923597331234546
372 4464 -0.7452674549911591 -0.22341763246499774 0.14879467451561537 0.7799916670898251 0.2898549601830599 0.32280971039569234 0.41444377930918913 0.48454363541660733 0.5318085207693528 0.5752443487592759 0.6204896792611186 0.6682393671369318 0.7130441378299636 0.7855662653151659 0.8682305706497735 0.8997765645057892 0.9825774406369884 1.1031257878281595 1.2528170153152198 1.406708172019179 1.8896468117817047 1.9923597331234546
373 4476 -0.7392642650293006 -0.24061067109143275 0.15768251777797387 0.7867623515992791 0.2898549601830599 0.32280971039569234 0.41444377930918913 0.48454363541660733 0.5318085207693528 0.5752443487592759 0.6204896792611186 0.6682393671369318 0.7130441378299636 0.7855662653151659 0.8682305706497735 0.8997765645057892 0.9825774406369884 1.1031257878281595 1.2528170153152198 1.406708172019179 1.8896468117817047 1.9923597331234546
374 4488 -0.74252719223181 -0.23513562264282706 0.15106499916672617 0.7857849176645566 0.2898549601830599 0.32280971039569234 0.41444377930918913 0.48454363541660733 0.5318085207693528 0.5752443487592759 0.6204896792611186 0.6682393671369318 0.7130441378299636 0.7855662653151659 0.8682305706497735 0.8997765645057892 0.9825774406369884 1.1031257878281595 1.2528170153152198 1.406708172019179 1.8896468117817047 1.9923597331234546
375 4500 -0.7348906730838002 -0.23759239818495914 0.15527529074014396 0.781947968575206 0.2898549601830599 0.32280971039569234 0.41444377930918913 0.48454363541660733 0.5318085207693528 0.5752443487592759 0.6204896792611186 0.6682393671369318 0.7130441378299636 0.7855662653151659 0.8682305706497735 0.8997765645057892 0.9825774406369884 1.1031257878281595 1.2528170153152198 1.406708172019179 1.8896468117817047 1.9923597331234546
376 4512 -0.7281002023073895 -0.23905055788339336 0.1582935545682338 0.783955719284956 0.2898549601830599 0.32280971039569234 0.41444377930918913 0.48454363541660733 0.5318085207693528 0.5752443487592759 0.6204896792611186 0.6682393671369318 0.7130441378299636 0.7855662653151659 0.8682305706497735 0.8997765645057892 0.9825774406369884 1.1031257878281595 1.2528170153152198 1.406708172019179 1.8896468117817047 1.9923597331234546
377 4524 -0.7312587249165212 -0.23221743324652058 0.15497011486728685 0.7870319822107532 0.2898549601830599 0.32280971039569234 0.41444377930918913 0.48454363541660733 0.5318085207693528 0.5752443487592759 0.6204896792611186 0.6682393671369318 0.7130441378299636 0.7855662653151659 0.8682305706497735 0.8997765645057892 0.9825774406369884 1.1031257878281595 1.2528170153152198 1.406708172019179 1.8896468117817047 1.9923597331234546
378 4536 -0.729240479963682 -0.23165871406638902 0.15079907005461546 0.7867920426767113 0.2898549601830599 0.32280971039569234 0.41444377930918913 0.48454363541660733 0.5318085207693528 0.5752443487592759 0.6204896792611186 0.6682393671369318 0.7130441378299636 0.7855662653151659 0.8682305706497735 0.8997765645057892 0.9825774406369884 1.1031257878281595 1.2528170153152198 1.406708172019179 1.8896468117817047 1.9923597331234546
379 4548 -0.7314131091353109 -0.2377100772449961 0.15499285969063265 0.7911311295173193 0.257432312296781 0.3067494036219317 0.38161655645734993 0.43998360948925397 0.5158568534109315 0.5483685015309745 0.5862297973135453 0.6680419728795101 0.6902348791374993 0.775225663444956 0.8364275315150199 0.8520420791131279 0.9842221485813603 1.0709149412954913 1.223358026349371 1.4924734473227517 1.8829035108721028 2.0629371308683657
380 4560 -0.7268216076222564 -0.23265602082755246 0.15257038733906064 0.7884141056092737 0.257432312296781 0.3067494036219317 0.38161655645734993 0.43998360948925397 0.5158568534109315 0.5483685015309745 0.5862297973135453 0.6680419728795101 0.6902348791374993 0.775225663444956 0.8364275315150199 0.8520420791131279 0.9842221485813603 1.0709149412954913 1.223358026349371 1.4924734473227517 1.8829035108721028 2.0629371308683657
381 4572 -0.7261531339122448 -0.23432178400463405 0.14742882632455317 0.7890460994273966 0.257432312296781 0.3067494036219317 0.38161655645734993 0.43998360948925397 0.5158568534109315 0.5483685015309745 0.5862297973135453 0.6680419728795101 0.6902348791374993 0.775225663444956 0.8364275315150199 0.8520420791131279 0.9842221485813603 1.0709149412954913 1.223358026349371 1.4924734473227517 1.8829035108721028 2.0629371308683657
382 4584 -0.7274178273540527 -0.2348723178742336 0.15194229713224022 0.7904962689934787 0.257432312296781 0.3067494036219317 0.38161655645734993 0.43998360948925397 0.5158568534109315 0.5483685015309745 0.5862297973135453 0.6680419728795101 0.6902348791374993 0.775225663444956 0.8364275315150199 0.8520420791131279 0.9842221485813603 1.0709149412954913 1.223358026349371 1.4924734473227517 1.8829035108721028 2.0629371308683657
383 4596 -0.7232915905561437 -0.22772194407323512 0.1477912568987462 0.7929769253988491 0.257432312296781 0.3067494036219317 0.38161655645734993 0.43998360948925397 0.5158568534109315 0.5483685015309745 0.5862297973135453 0.6680419728795101 0.6902348791374993 0.775225663444956 0.8364275315150199 0.8520420791131279 0.9842221485813603 1.0709149412954913 1.223358026349371 1.4924734473227517 1.8829035108721028 2.0629371308683657
384 4608 -0.7174418602581832 -0.23431403342051463 0.15154310709070923 0.7979673991089559 0.257432312296781 0.3067494036219317 0.38161655645734993 0.43998360948925397 0.5158568534109315 0.5483685015309745 0.5862297973135453 0.6680419728795101 0.6902348791374993 0.775225663444956 0.8364275315150199 0.8520420791131279 0.9842221485813603 1.0709149412954913 1.223358026349371 1.4924734473227517 1.8829035108721028 2.0629371308683657
385 4620 -0.7118887661204378 -0.23442137603015883 0.15311545435001048 0.7992510393140418 0.257432312296781 0.3067494036219317 0.38161655645734993 0.43998360948925397 0.5158568534109315 0.5483685015309745 0.5862297973135453 0.6680419728795101 0.6902348791374993 0.775225663444956 0.8364275315150199 0.8520420791131279 0.9842221485813603 1.0709149412954913 1.223358026349371 1.4924734473227517 1.8829035108721028 2.0629371308683657
386 4632 -0.7139348078635593 -0.2340407388625033 0.15377125469540812 0.7986950641127738 0.257432312296781 0.3067494036219317 0.38161655645734993 0.43998360948925397 0.5158568534109315 0.5483685015309745 0.5862297973135453 0.6680419728795101 0.6902348791374993 0.775225663444956 0.8364275315150199 0.8520420791131279 0.9842221485813603 1.0709149412954913 1.223358026349371 1.4924734473227517 1.8829035108721028 2.0629371308683657
387 4644 -0.7172711634829265 -0.2301643552618699 0.15517331538217022 0.7977381039722211 0.257432312296781 0.3067494036219317 0.38161655645734993 0.43998360948925397 0.5158568534109315 0.5483685015309745 0.5862297973135453 0.6680419728795101 0.6902348791374993 0.775225663444956 0.8364275315150199 0.8520420791131279 0.9842221485813603 1.0709149412954913 1.223358026349371 1.4924734473227517 1.8829035108721028 2.0629371308683657
388 4656 -0.7159203401681085 -0.23291376518855955 0.15456402626479276 0.79965061198632 0.257432312296781 0.3067494036219317 0.38161655645734993 0.43998360948925397 0.5158568534109315 0.5483685015309745 0.5862297973135453 0.6680419728795101 0.6902348791374993 0.775225663444956 0.8364275315150199 0.8520420791131279 0.9842221485813603 1.0709149412954913 1.223358026349371 1.4924734473227517 1.8829035108721028 2.0629371308683657
389 4668 -0.7168573936665535 -0.2356927767476434 0.158468576420216 0.8020924677192015 0.257432312296781 0.3067494036219317 0.38161655645734993 0.43998360948925397 0.5158568534109315 0.5483685015309745 0.5862297973135453 0.6680419728795101 0.6902348791374993 0.775225663444956 0.8364275315150199 0.8520420791131279 0.9842221485813603 1.0709149412954913 1.223358026349371 1.4924734473227517 1.8829035108721028 2.0629371308683657
390 4680 -0.7205516387775206 -0.23093037275476766 0.1522636724193605 0.8033616391599548 0.257432312296781 0.3067494036219317 0.38161655645734993 0.43998360948925397 0.5158568534109315 0.5483685015309745 0.5862297973135453 0.6680419728795101 0.6902348791374993 0.775225663444956 0.8364275315150199 0.8520420791131279 0.9842221485813603 1.0709149412954913 1.223358026349371 1.4924734473227517 1.8829035108721028 2.0629371308683657
391 4692 -0.7165766463447716 -0.2403304720036396 0.14672746387278285 0.8070019904258586 0.257432312296781 0.3067494036219317 0.38161655645734993 0.43998360948925397 0.5158568534109315 0.5483685015309745 0.5862297973135453 0.6680419728795101 0.6902348791374993 0.775225663444956 0.8364275315150199 0.8520420791131279 0.9842221485813603 1.0709149412954913 1.223358026349371 1.4924734473227517 1.8829035108721028 2.0629371308683657
392 4704 -0.7162168614628299 -0.23437184649755588 0.142090280860106 0.8114072378980226 0.257432312296781 0.3067494036219317 0.38161655645734993 0.43998360948925397 0.5158568534109315 0.5483685015309745 0.5862297973135453 0.6680419728795101 0.6902348791374993 0.775225663444956 0.8364275315150199 0.8520420791131279 0.9842221485813603 1.0709149412954913 1.223358026349371 1.4924734473227517 1.8829035108721028 2.0629371308683657
393 4716 -0.7170529015193383 -0.2355921444466799 0.14316358526943096 0.8102487184219311 0.257432312296781 0.3067494036219317 0.38161655645734993 0.43998360948925397 0.5158568534109315 0.5483685015309745 0.5862297973135453 0.6680419728795101 0.6902348791374993 0.775225663444956 0.8364275315150199 0.8520420791131279 0.9842221485813603 1.0709149412954913 1.223358026349371 1.4924734473227517 1.8829035108721028 2.0629371308683657
394 4728 -0.7215354478356697 -0.2361192007110875 0.15397739598862875 0.8157014687982621 0.257432312296781 0.3067494036219317 0.38161655645734993 0.43998360948925397 0.5158568534109315 0.5483685015309745 0.5862297973135453 0.6680419728795101 0.6902348791374993 0.775225663444956 0.8364275315150199 0.8520420791131279 0.9842221485813603 1.0709149412954913 1.223358026349371 1.4924734473227517 1.8829035108721028 2.0629371308683657
395 4740 -0.7220136371011153 -0.23179093999679268 0.16005692117231873 0.8162443016364272 0.257432312296781 0.3067494036219317 0.38161655645734993 0.43998360948925397 0.5158568534109315 0.5483685015309745 0.5862297973135453 0.6680419728795101 0.6902348791374993 0.775225663444956 0.8364275315150199 0.8520420791131279 0.9842221485813603 1.0709149412954913 1.223358026349371 1.4924734473227517 1.8829035108721028 2.0629371308683657
396 4752 -0.7180886221762749 -0.2340803528750786 0.1592765036200902 0.8168259871481786 0.257432312296781 0.3067494036219317 0.38161655645734993 0.43998360948925397 0.5158568534109315 0.5483685015309745 0.5862297973135453 0.6680419728795101 0.6902348791374993 0.775225663444956 0.8364275315150199 0.8520420791131279 0.9842221485813603 1.0709149412954913 1.223358026349371 1.4924734473227517 1.8829035108721028 2.0629371308683657
397 4764 -0.7151899652427046 -0.23995407912134836 0.16539826047982356 0.8219529539849539 0.2481967276262132 0.2979416936286957 0.36897156347719084 0.43083189808562344 0.5164977687620264 0.533164337313225 0.5751045326677371 0.6135175911994598 0.6693345334670472 0.7929092399915298 0.8293610140319903 0.9283907674255729 1.0472381205069807 1.0604438915659795 1.294865313275723 1.4829291688697561 1.8509202312708166 2.029856438094373
398 4776 -0.7145497076654733 -0.23553287714439244 0.16226413597016118 0.825363898388868 0.2481967276262132 0.2979416936286957 0.36897156347719084 0.43083189808562344 0.5164977687620264 0.533164337313225 0.5751045326677371 0.6135175911994598 0.6693345334670472 0.7929092399915298 0.8293610140319903 0.9283907674255729 1.0472381205069807 1.0604438915659795 1.294865313275723 1.4829291688697561 1.8509202312708166 2.029856438094373
399 4788 -0.7143793425250226 -0.235978186597503 0.15671142709185154 0.8259524252553172 0.2481967276262132 0.2979416936286957 0.36897156347719084 0.43083189808562344 0.5164977687620264 0.533164337313225 0.5751045326677371 0.6135175911994598 0.6693345334670472 0.7929092399915298 0.8293610140319903 0.9283907674255729 1.0472381205069807 1.0604438915659795 1.294865313275723 1.4829291688697561 1.8509202312708166 2.029856438094373
400 4800 -0.7138124169832307 -0.22970490055824486 0.14958025024536875 0.8227202864780886 0.2481967276262132 0.2979416936286957 0.36897156347719084 0.43083189808562344 0.5164977687620264 0.533164337313225 0.5751045326677371 0.6135175911994598 0.6693345334670472 0.7929092399915298 0.8293610140319903 0.9283907674255729 1.0472381205069807 1.0604438915659795 1.294865313275723 1.4829291688697561 1.8509202312708166 2.029856438094373
401 4812 -0.715760016038229 -0.22215650957867314 0.1473946451128353 0.8228473112521227 0.2481967276262132 0.2979416936286957 0.36897156347719084 0.43083189808562344 0.5164977687620264 0.533164337313225 0.5751045326677371 0.6135175911994598 0.6693345334670472 0.7929092399915298 0.8293610140319903 0.9283907674255729 1.0472381205069807 1.0604438915659795 1.294865313275723 1.4829291688697561 1.8509202312708166 2.029856438094373
402 4824 -0.7262880860919116 -0.21151352053463035 0.15492577333897492 0.8200933635703301 0.2481967276262132 0.2979416936286957 0.36897156347719084 0.43083189808562344 0.5164977687620264 0.533164337313225 0.5751045326677371 0.6135175911994598 0.6693345334670472 0.7929092399915298 0.8293610140319903 0.9283907674255729 1.0472381205069807 1.0604438915659795 1.294865313275723 1.4829291688697561 1.8509202312708166 2.029856438094373
403 4836 -0.7218408630543097 -0.2213905717866663 0.14383586422897743 0.8215374756180863 0.2481967276262132 0.2979416936286957 0.36897156347719084 0.43083189808562344 0.5164977687620264 0.533164337313225 0.5751045326677371 0.6135175911994598 0.6693345334670472 0.7929092399915298 0.8293610140319903 0.9283907674255729 1.0472381205069807 1.0604438915659795 1.294865313275723 1.4829291688697561 1.8509202312708166 2.029856438094373
404 4848 -0.7188668802184723 -0.22047251107178997 0.14954692114924384 0.8226139547078541 0.2481967276262132 0.2979416936286957 0.36897156347719084 0.43083189808562344 0.5164977687620264 0.533164337313225 0.5751045326677371 0.6135175911994598 0.6693345334670472 0.7929092399915298 0.8293610140319903 0.9283907674255729 1.0472381205069807 1.0604438915659795 1.294865313275723 1.4829291688697561 1.8509202312708166 2.029856438094373
405 4860 -0.7193337983493557 -0.2143534568053581 0.15994561354152428 0.8179386032674364 0.2481967276262132 0.2979416936286957 0.36897156347719084 0.43083189808562344 0.5164977687620264 0.533164337313225 0.5751045326677371 0.6135175911994598 0.6693345334670472 0.7929092399915298 0.8293610140319903 0.9283907674255729 1.0472381205069807 1.0604438915659795 1.294865313275723 1.4829291688697561 1.8509202312708166 2.029856438094373
406 4872 -0.7228102025693129 -0.2196965774999407 0.1506852173239121 0.8194520787235776 0.2481967276262132 0.2979416936286957 0.36897156347719084 0.43083189808562344 0.5164977687620264 0.533164337313225 0.5751045326677371 0.6135175911994598 0.6693345334670472 0.7929092399915298 0.8293610140319903 0.9283907674255729 1.0472381205069807 1.0604438915659795 1.294865313275723 1.4829291688697561 1.8509202312708166 2.029856438094373
407 4884 -0.7179694816576808 -0.21258495546313236 0.15161292683953326 0.8256354025914648 0.2481967276262132 0.2979416936286957 0.36897156347719084 0.43083189808562344 0.5164977687620264 0.533164337313225 0.5751045326677371 0.6135175911994598 0.6693345334670472 0.7929092399915298 0.8293610140319903 0.9283907674255729 1.0472381205069807 1.0604438915659795 1.294865313275723 1.4829291688697561 1.8509202312708166 2.029856438094373
408 4896 -0.7233325192266822 -0.21121273294787285 0.15730428116592354 0.824707367288357 0.2481967276262132 0.2979416936286957 0.36897156347719084 0.43083189808562344 0.5164977687620264 0.533164337313225 0.5751045326677371 0.6135175911994598 0.6693345334670472 0.7929092399915298 0.8293610140319903 0.9283907674255729 1.0472381205069807 1.0604438915659795 1.294865313275723 1.4829291688697561 1.8509202312708166 2.029856438094373
409 4908 -0.7185748620613137 -0.21316705735023872 0.15627486501125323 0.8316565913290374 0.2481967276262132 0.2979416936286957 0.36897156347719084 0.43083189808562344 0.5164977687620264 0.533164337313225 0.5751045326677371 0.6135175911994598 0.6693345334670472 0.7929092399915298 0.8293610140319903 0.9283907674255729 1.0472381205069807 1.0604438915659795 1.294865313275723 1.4829291688697561 1.8509202312708166 2.029856438094373
410 4920 -0.723957238926798 -0.2130712229298375 0.1535455997434135 0.8323994699487145 0.2481967276262132 0.2979416936286957 0.36897156347719084 0.43083189808562344 0.5164977687620264 0.533164337313225 0.5751045326677371 0.6135175911994598 0.6693345334670472 0.7929092399915298 0.8293610140319903 0.9283907674255729 1.0472381205069807 1.0604438915659795 1.294865313275723 1.4829291688697561 1.8509202312708166 2.029856438094373
411 4932 -0.7249538485589639 -0.21644136011475332 0.15269023175817556 0.8360317850761999 0.2481967276262132 0.2979416936286957 0.36897156347719084 0.43083189808562344 0.5164977687620264 0.533164337313225 0.5751045326677371 0.6135175911994598 0.6693345334670472 0.7929092399915298 0.8293610140319903 0.9283907674255729 1.0472381205069807 1.0604438915659795 1.294865313275723 1.4829291688697561 1.8509202312708166 2.029856438094373
412 4944 -0.7294460254287631 -0.22027721517957818 0.15669682641777202 0.8363340288914578 0.2481967276262132 0.2979416936286957 0.36897156347719084 0.43083189808562344 0.5164977687620264 0.533164337313225 0.5751045326677371 0.6135175911994598 0.6693345334670472 0.7929092399915298 0.8293610140319903 0.9283907674255729 1.0472381205069807 1.0604438915659795 1.294865313275723 1.4829291688697561 1.8509202312708166 2.029856438094373
413 4956 -0.7269852940732665 -0.22372196638998654 0.15964907647421206 0.8413336339821849 0.2481967276262132 0.2979416936286957 0.36897156347719084 0.43083189808562344 0.5164977687620264 0.533164337313225 0.5751045326677371 0.6135175911994598 0.6693345334670472 0.7929092399915298 0.8293610140319903 0.9283907674255729 1.0472381205069807 1.0604438915659795 1.294865313275723 1.4829291688697561 1.8509202312708166 2.029856438094373
414 4968 -0.731028451916479 -0.21946227213169414 0.15629826266788935 0.8449221855211801 0.2481967276262132 0.2979416936286957 0.36897156347719084 0.43083189808562344 0.5164977687620264 0.533164337313225 0.5751045326677371 0.6135175911994598 0.6693345334670472 0.7929092399915298 0.8293610140319903 0.9283907674255729 1.0472381205069807 1.0604438915659795 1.294865313275723 1.4829291688697561 1.8509202312708166 2.029856438094373
415 4980 -0.7291099776294887 -0.21070896216353086 0.14942806126732683 0.8480545128247245 0.22202059108174205 0.2698939095686024 0.35450882942971207 0.39595120576960885 0.5011340854182164 0.5219128549975176 0.575932563426208 0.6176454563827949 0.672022236058984 0.7893679616203394 0.8253370644187503 0.8945578924449472 1.0310916993396306 1.0504704007167376 1.3549154800238328 1.4436180403162135 1.8663516791187997 2.0573845369527564
416 4992 -0.7284260651048983 -0.21541220060996538 0.13975971879265095 0.8463149046338307 0.22202059108174205 0.2698939095686024 0.35450882942971207 0.39595120576960885 0.5011340854182164 0.5219128549975176 0.575932563426208 0.6176454563827949 0.672022236058984 0.7893679616203394 0.8253370644187503 0.8945578924449472 1.0310916993396306 1.0504704007167376 1.3549154800238328 1.4436180403162135 1.8663516791187997 2.0573845369527564
417 5004 -0.7286605706015806 -0.21187636026432077 0.14064442432098478 0.8489123836507532 0.22202059108174205 0.2698939095686024 0.35450882942971207 0.39595120576960885 0.5011340854182164 0.5219128549975176 0.575932563426208 0.6176454563827949 0.672022236058984 0.7893679616203394 0.8253370644187503 0.8945578924449472 1.0310916993396306 1.0504704007167376 1.3549154800238328 1.4436180403162135 1.8663516791187997 2.0573845369527564
418 5016 -0.731095469250684 -0.2175606226312548 0.14106151273862688 0.851225967534698 0.22202059108174205 0.2698939095686024 0.35450882942971207 0.39595120576960885 0.5011340854182164 0.5219128549975176 0.575932563426208 0.6176454563827949 0.672022236058984 0.7893679616203394 0.8253370644187503 0.8945578924449472 1.0310916993396306 1.0504704007167376 1.3549154800238328 1.4436180403162135 1.8663516791187997 2.0573845369527564
419 5028 -0.7315623416296408 -0.20778055983478863 0.13618621647471998 0.8565965595046872 0.22202059108174205 0.2698939095686024 0.35450882942971207 0.39595120576960885 0.5011340854182164 0.5219128549975176 0.575932563426208 0.6176454563827949 0.672022236058984 0.7893679616203394 0.8253370644187503 0.8945578924449472 1.0310916993396306 1.0504704007167376 1.3549154800238328 1.4436180403162135 1.8663516791187997 2.0573845369527564
420 5040 -0.7352780730316574 -0.2065207534482154 0.13616228674183406 0.8563368354242535 0.22202059108174205 0.2698939095686024 0.35450882942971207 0.39595120576960885 0.5011340854182164 0.5219128549975176 0.575932563426208 0.6176454563827949 0.672022236058984 0.7893679616203394 0.8253370644187503 0.8945578924449472 1.0310916993396306 1.0504704007167376 1.3549154800238328 1.4436180403162135 1.8663516791187997 2.0573845369527564
421 5052 -0.7338898743382368 -0.2147085439436814 0.13104077163147623 0.8577428107964729 0.22202059108174205 0.2698939095686024 0.35450882942971207 0.39595120576960885 0.5011340854182164 0.5219128549975176 0.575932563426208 0.6176454563827949 0.672022236058984 0.7893679616203394 0.8253370644187503 0.8945578924449472 1.0310916993396306 1.0504704007167376 1.3549154800238328 1.4436180403162135 1.8663516791187997 2.0573845369527564
422 5064 -0.7345894365714248 -0.21767504820735883 0.12954279751137932 0.8551981982115574 0.22202059108174205 0.2698939095686024 0.35450882942971207 0.39595120576960885 0.5011340854182164 0.5219128549975176 0.575932563426208 0.6176454563827949 0.672022236058984 0.7893679616203394 0.8253370644187503 0.8945578924449472 1.0310916993396306 1.0504704007167376 1.3549154800238328 1.4436180403162135 1.8663516791187997 2.0573845369527564
423 5076 -0.7210173349689476 -0.21310697699801295 0.12952537972005965 0.8567592929754778 0.22202059108174205 0.2698939095686024 0.35450882942971207 0.39595120576960885 0.5011340854182164 0.5219128549975176 0.575932563426208 0.6176454563827949 0.672022236058984 0.7893679616203394 0.8253370644187503 0.8945578924449472 1.0310916993396306 1.0504704007167376 1.3549154800238328 1.4436180403162135 1.8663516791187997 2.0573845369527564
424 5088 -0.7208267047170314 -0.21551605573511068 0.13076963755633828 0.8592605833834928 0.22202059108174205 0.2698939095686024 0.35450882942971207 0.39595120576960885 0.5011340854182164 0.5219128549975176 0.575932563426208 0.6176454563827949 0.672022236058984 0.7893679616203394 0.8253370644187503 0.8945578924449472 1.0310916993396306 1.0504704007167376 1.3549154800238328 1.4436180403162135 1.8663516791187997 2.0573845369527564
425 5100 -0.723077209961391 -0.22668289938306146 0.1354095054160241 0.8561348562278919 0.22202059108174205 0.2698939095686024 0.35450882942971207 0.39595120576960885 0.5011340854182164 0.5219128549975176 0.575932563426208 0.6176454563827949 0.672022236058984 0.7893679616203394 0.8253370644187503 0.8945578924449472 1.0310916993396306 1.0504704007167376 1.3549154800238328 1.4436180403162135 1.8663516791187997 2.0573845369527564
426 5112 -0.7240205250780064 -0.22297870183966464 0.139365400676565 0.8546138015097716 0.22202059108174205 0.2698939095686024 0.35450882942971207 0.39595120576960885 0.5011340854182164 0.5219128549975176 0.575932563426208 0.6176454563827949 0.672022236058984 0.7893679616203394 0.8253370644187503 0.8945578924449472 1.0310916993396306 1.0504704007167376 1.3549154800238328 1.4436180403162135 1.8663516791187997 2.0573845369527564
427 5124 -0.7127041769289054 -0.2312297745929594 0.1426194080324853 0.8632731935772593 0.22202059108174205 0.2698939095686024 0.35450882942971207 0.39595120576960885 0.5011340854182164 0.5219128549975176 0.575932563426208 0.6176454563827949 0.672022236058984 0.7893679616203394 0.8253370644187503 0.8945578924449472 1.0310916993396306 1.0504704007167376 1.3549154800238328 1.4436180403162135 1.8663516791187997 2.0573845369527564
428 5136 -0.7080245370251125 -0.22196472615392365 0.13566966279565587 0.8674253868305543 0.22202059108174205 0.2698939095686024 0.35450882942971207 0.39595120576960885 0.5011340854182164 0.5219128549975176 0.575932563426208 0.6176454563827949 0.672022236058984 0.7893679616203394 0.8253370644187503 0.8945578924449472 1.0310916993396306 1.0504704007167376 1.3549154800238328 1.4436180403162135 1.8663516791187997 2.0573845369527564
429 5148 -0.6963835402929662 -0.21408257725142707 0.12520607610487275 0.8727100616997283 0.22202059108174205 0.2698939095686024 0.35450882942971207 0.39595120576960885 0.5011340854182164 0.5219128549975176 0.575932563426208 0.6176454563827949 0.672022236058984 0.7893679616203394 0.8253370644187503 0.8945578924449472 1.0310916993396306 1.0504704007167376 1.3549154800238328 1.4436180403162135 1.8663516791187997 2.0573845369527564
430 5160 -0.6969108864234083 -0.22229642612287528 0.13498313754023725 0.8754656606415242 0.22202059108174205 0.2698939095686024 0.35450882942971207 0.39595120576960885 0.5011340854182164 0.5219128549975176 0.575932563426208 0.6176454563827949 0.672022236058984 0.7893679616203394 0.8253370644187503 0.8945578924449472 1.0310916993396306 1.0504704007167376 1.3549154800238328 1.4436180403162135 1.8663516791187997 2.0573845369527564
431 5172 -0.6853958666258115 -0.23139733663364273 0.14916693657968083 0.8825911507697876 0.22202059108174205 0.2698939095686024 0.35450882942971207 0.39595120576960885 0.5011340854182164 0.5219128549975176 0.575932563426208 0.6176454563827949 0.672022236058984 0.7893679616203394 0.8253370644187503 0.8945578924449472 1.0310916993396306 1.0504704007167376 1.3549154800238328 1.4436180403162135 1.8663516791187997 2.0573845369527564
432 5184 -0.6850396692137297 -0.22101685609012026 0.14715681862743168 0.8866778503569624 0.22202059108174205 0.2698939095686024 0.35450882942971207 0.39595120576960885 0.5011340854182164 0.5219128549975176 0.575932563426208 0.6176454563827949 0.672022236058984 0.7893679616203394 0.8253370644187503 0.8945578924449472 1.0310916993396306 1.0504704007167376 1.3549154800238328 1.4436180403162135 1.8663516791187997 2.0573845369527564
433 5196 -0.6876260693767656 -0.22537001663557227 0.15251317044815654 0.8865278983103764 0.20024522847697018 0.23298465457576464 0.30874629378061136 0.36801376334829144 0.4689363758109331 0.5087738996105694 0.5167744313263944 0.5810676788139154 0.6380166489320769 0.749392205739315 0.7750591960633056 0.8472796405552119 0.9713014083868151 1.0895117952330784 1.2876280262907958 1.5497811206772643 1.8754053083828013 2.144002228500707
434 5208 -0.6884915211884739 -0.2292285700161893 0.16406342560587353 0.8872044461580236 0.20024522847697018 0.23298465457576464 0.30874629378061136 0.36801376334829144 0.4689363758109331 0.5087738996105694 0.5167744313263944 0.5810676788139154 0.6380166489320769 0.749392205739315 0.7750591960633056 0.8472796405552119 0.9713014083868151 1.0895117952330784 1.2876280262907958 1.5497811206772643 1.8754053083828013 2.144002228500707
435 5220 -0.6824990879747307 -0.22711498760111754 0.15536633887353268 0.8896844124268127 0.20024522847697018 0.23298465457576464 0.30874629378061136 0.36801376334829144 0.4689363758109331 0.5087738996105694 0.5167744313263944 0.5810676788139154 0.6380166489320769 0.749392205739315 0.7750591960633056 0.8472796405552119 0.9713014083868151 1.0895117952330784 1.2876280262907958 1.5497811206772643 1.8754053083828013 2.144002228500707
436 5232 -0.6823431468759417 -0.21815099853236772 0.15046025057048512 0.8925605029261922 0.20024522847697018 0.23298465457576464 0.30874629378061136 0.36801376334829144 0.4689363758109331 0.5087738996105694 0.5167744313263944 0.5810676788139154 0.6380166489320769 0.749392205739315 0.7750591960633056 0.8472796405552119 0.9713014083868151 1.0895117952330784 1.2876280262907958 1.5497811206772643 1.8754053083828013 2.144002228500707
437 5244 -0.685792872444134 -0.21723094699922949 0.1587834987676228 0.8958154319675242 0.20024522847697018 0.23298465457576464 0.30874629378061136 0.36801376334829144 0.4689363758109331 0.5087738996105694 0.5167744313263944 0.5810676788139154 0.6380166489320769 0.749392205739315 0.7750591960633056 0.8472796405552119 0.9713014083868151 1.0895117952330784 1.2876280262907958 1.5497811206772643 1.8754053083828013 2.144002228500707
438 5256 -0.6892009628898196 -0.21823173561132025 0.15896199907499442 0.8954388339932228 0.20024522847697018 0.23298465457576464 0.30874629378061136 0.36801376334829144 0.4689363758109331 0.5087738996105694 0.5167744313263944 0.5810676788139154 0.6380166489320769 0.749392205739315 0.7750591960633056 0.8472796405552119 0.9713014083868151 1.0895117952330784 1.2876280262907958 1.5497811206772643 1.8754053083828013 2.144002228500707
439 5268 -0.6956727095263765 -0.2169302796538131 0.1430354497114631 0.8930468375885258 0.20024522847697018 0.23298465457576464 0.30874629378061136 0.36801376334829144 0.4689363758109331 0.5087738996105694 0.5167744313263944 0.5810676788139154 0.6380166489320769 0.749392205739315 0.7750591960633056 0.8472796405552119 0.9713014083868151 1.0895117952330784 1.2876280262907958 1.5497811206772643 1.8754053083828013 2.144002228500707
440 5280 -0.7025266012321492 -0.2180121644165021 0.15134609124220721 0.8919221328750815 0.20024522847697018 0.23298465457576464 0.30874629378061136 0.36801376334829144 0.4689363758109331 0.5087738996105694 0.5167744313263944 0.5810676788139154 0.6380166489320769 0.749392205739315 0.7750591960633056 0.8472796405552119 0.9713014083868151 1.0895117952330784 1.2876280262907958 1.5497811206772643 1.8754053083828013 2.144002228500707
441 5292 -0.7048656914748032 -0.2203207061622934 0.15271716857747233 0.8909448280580187 0.20024522847697018 0.23298465457576464 0.30874629378061136 0.36801376334829144 0.4689363758109331 0.5087738996105694 0.5167744313263944 0.5810676788139154 0.6380166489320769 0.749392205739315 0.7750591960633056 0.8472796405552119 0.9713014083868151 1.0895117952330784 1.2876280262907958 1.5497811206772643 1.8754053083828013 2.144002228500707
442 5304 -0.7038940945263803 -0.22408244904722469 0.15351415912477678 0.8916386613310491 0.20024522847697018 0.23298465457576464 0.30874629378061136 0.36801376334829144 0.4689363758109331 0.5087738996105694 0.5167744313263944 0.5810676788139154 0.6380166489320769 0.749392205739315 0.7750591960633056 0.8472796405552119 0.9713014083868151 1.0895117952330784 1.2876280262907958 1.5497811206772643 1.8754053083828013 2.144002228500707
443 5316 -0.7088936251774501 -0.2247302296744128 0.1635435632293536 0.8939827854266951 0.20024522847697018 0.23298465457576464 0.30874629378061136 0.36801376334829144 0.4689363758109331 0.5087738996105694 0.5167744313263944 0.5810676788139154 0.6380166489320769 0.749392205739315 0.7750591960633056 0.8472796405552119 0.9713014083868151 1.0895117952330784 1.2876280262907958 1.5497811206772643 1.8754053083828013 2.144002228500707
444 5328 -0.7073511499122876 -0.21921015667272964 0.15671209995122948 0.8924954151749489 0.20024522847697018 0.23298465457576464 0.30874629378061136 0.36801376334829144 0.4689363758109331 0.5087738996105694 0.5167744313263944 0.5810676788139154 0.6380166489320769 0.749392205739315 0.7750591960633056 0.8472796405552119 0.9713014083868151 1.0895117952330784 1.2876280262907958 1.5497811206772643 1.8754053083828013 2.144002228500707
445 5340 -0.705620721199354 -0.22228125726802409 0.15950518996113605 0.895890752532067 0.20024522847697018 0.23298465457576464 0.30874629378061136 0.36801376334829144 0.4689363758109331 0.5087738996105694 0.5167744313263944 0.5810676788139154 0.6380166489320769 0.749392205739315 0.7750591960633056 0.8472796405552119 0.9713014083868151 1.0895117952330784 1.2876280262907958 1.5497811206772643 1.8754053083828013 2.144002228500707
446 5352 -0.7119018873341643 -0.22273303444325554 0.15603744342105344 0.897867152003775 0.20024522847697018 0.23298465457576464 0.30874629378061136 0.36801376334829144 0.4689363758109331 0.5087738996105694 0.5167744313263944 0.5810676788139154 0.6380166489320769 0.749392205739315 0.7750591960633056 0.8472796405552119 0.9713014083868151 1.0895117952330784 1.2876280262907958 1.5497811206772643 1.8754053083828013 2.144002228500707
447 5364 -0.7070298651950198 -0.21376828348964244 0.1601305732011089 0.8988530835435413 0.20024522847697018 0.23298465457576464 0.30874629378061136 0.36801376334829144 0.4689363758109331 0.5087738996105694 0.5167744313263944 0.5810676788139154 0.6380166489320769 0.749392205739315 0.7750591960633056 0.8472796405552119 0.9713014083868151 1.0895117952330784 1.2876280262907958 1.5497811206772643 1.8754053083828013 2.144002228500707
448 5376 -0.7069590181566198 -0.21598037203247045 0.1585783550268534 0.8998453616930318 0.20024522847697018 0.23298465457576464 0.30874629378061136 0.36801376334829144 0.4689363758109331 0.5087738996105694 0.5167744313263944 0.5810676788139154 0.6380166489320769 0.749392205739315 0.7750591960633056 0.8472796405552119 0.9713014083868151 1.0895117952330784 1.2876280262907958 1.5497811206772643 1.8754053083828013 2.144002228500707
449 5388 -0.7080942668809157 -0.21341120758109022 0.16154391377641986 0.9032003492905305 0.20024522847697018 0.23298465457576464 0.30874629378061136 0.36801376334829144 0.4689363758109331 0.5087738996105694 0.5167744313263944 0.5810676788139154 0.6380166489320769 0.749392205739315 0.7750591960633056 0.8472796405552119 0.9713014083868151 1.0895117952330784 1.2876280262907958 1.5497811206772643 1.8754053083828013 2.144002228500707
450 5400 -0.7130089244652096 -0.21113422248201122 0.16096796140176725 0.9036102013752908 0.20024522847697018 0.23298465457576464 0.30874629378061136 0.36801376334829144 0.4689363758109331 0.5087738996105694 0.5167744313263944 0.5810676788139154 0.6380166489320769 0.749392205739315 0.7750591960633056 0.8472796405552119 0.9713014083868151 1.0895117952330784 1.2876280262907958 1.5497811206772643 1.8754053083828013 2.144002228500707
451 5412 -0.7221366901417156 -0.22552930616427436 0.1664968386424838 0.9025019558090004 0.18883096534196853 0.23224864302888726 0.29441048395494646 0.3465166726329577 0.4412747969600816 0.4857947213952022 0.5198032884990073 0.5998671720699688 0.6507477970681157 0.7458321325124875 0.7999312454560072 0.8173786101268271 1.0130769171645368 1.1169898645100682 1.3030321172902593 1.5517427645244468 1.8274511240116427 2.1530891498270357
452 5424 -0.7167238425343231 -0.23078906569132512 0.1634624013687793 0.9036530804674464 0.18883096534196853 0.23224864302888726 0.29441048395494646 0.3465166726329577 0.4412747969600816 0.4857947213952022 0.5198032884990073 0.5998671720699688 0.6507477970681157 0.7458321325124875 0.7999312454560072 0.8173786101268271 1.0130769171645368 1.1169898645100682 1.3030321172902593 1.5517427645244468 1.8274511240116427 2.1530891498270357
453 5436 -0.7222649330869947 -0.22865377186508298 0.16819650587564872 0.9052339364305895 0.18883096534196853 0.23224864302888726 0.29441048395494646 0.3465166726329577 0.4412747969600816 0.4857947213952022 0.5198032884990073 0.5998671720699688 0.6507477970681157 0.7458321325124875 0.7999312454560072 0.8173786101268271 1.0130769171645368 1.1169898645100682 1.3030321172902593 1.5517427645244468 1.8274511240116427 2.1530891498270357
454 5448 -0.7283628485430521 -0.22766056856136274 0.1622824604351903 0.9080079829644678 0.18883096534196853 0.23224864302888726 0.29441048395494646 0.3465166726329577 0.4412747969600816 0.4857947213952022 0.5198032884990073 0.5998671720699688 0.6507477970681157 0.7458321325124875 0.7999312454560072 0.8173786101268271 1.0130769171645368 1.1169898645100682 1.3030321172902593 1.5517427645244468 1.8274511240116427 2.1530891498270357
455 5460 -0.7339244571548676 -0.23480320790455844 0.1683690376676598 0.908796734391034 0.18883096534196853 0.23224864302888726 0.29441048395494646 0.3465166726329577 0.4412747969600816 0.4857947213952022 0.5198032884990073 0.5998671720699688 0.6507477970681157 0.7458321325124875 0.7999312454560072 0.8173786101268271 1.0130769171645368 1.1169898645100682 1.3030321172902593 1.5517427645244468 1.8274511240116427 2.1530891498270357
456 5472 -0.7363144078155076 -0.2333283912030206 0.16876131280301632 0.9105602010144586 0.18883096534196853 0.23224864302888726 0.29441048395494646 0.3465166726329577 0.4412747969600816 0.4857947213952022 0.5198032884990073 0.5998671720699688 0.6507477970681157 0.7458321325124875 0.7999312454560072 0.8173786101268271 1.0130769171645368 1.1169898645100682 1.3030321172902593 1.5517427645244468 1.8274511240116427 2.1530891498270357
457 5484 -0.739276769603602 -0.2334435614141769 0.16070930904988473 0.910859324239643 0.18883096534196853 0.23224864302888726 0.29441048395494646 0.3465166726329577 0.4412747969600816 0.4857947213952022 0.5198032884990073 0.5998671720699688 0.6507477970681157 0.7458321325124875 0.7999312454560072 0.8173786101268271 1.0130769171645368 1.1169898645100682 1.3030321172902593 1.5517427645244468 1.8274511240116427 2.1530891498270357
458 5496 -0.73927469002355 -0.2299016043765908 0.16201243056382444 0.9111178184544224 0.18883096534196853 0.23224864302888726 0.29441048395494646 0.3465166726329577 0.4412747969600816 0.4857947213952022 0.5198032884990073 0.5998671720699688 0.6507477970681157 0.7458321325124875 0.7999312454560072 0.8173786101268271 1.0130769171645368 1.1169898645100682 1.3030321172902593 1.5517427645244468 1.8274511240116427 2.1530891498270357
459 5508 -0.7438227888306947 -0.22973262059679878 0.16800664181651104 0.9120416979627246 0.18883096534196853 0.23224864302888726 0.29441048395494646 0.3465166726329577 0.4412747969600816 0.4857947213952022 0.5198032884990073 0.5998671720699688 0.6507477970681157 0.7458321325124875 0.7999312454560072 0.8173786101268271 1.0130769171645368 1.1169898645100682 1.3030321172902593 1.5517427645244468 1.8274511240116427 2.1530891498270357
460 5520 -0.748848383077492 -0.22832237920479465 0.17869991922285103 0.913776898985313 0.18883096534196853 0.23224864302888726 0.29441048395494646 0.3465166726329577 0.4412747969600816 0.4857947213952022 0.5198032884990073 0.5998671720699688 0.6507477970681157 0.7458321325124875 0.7999312454560072 0.8173786101268271 1.0130769171645368 1.1169898645100682 1.3030321172902593 1.5517427645244468 1.8274511240116427 2.1530891498270357
461 5532 -0.7542647865086013 -0.22773170017277472 0.18115948139423405 0.9127559647599549 0.18883096534196853 0.23224864302888726 0.29441048395494646 0.3465166726329577 0.4412747969600816 0.4857947213952022 0.5198032884990073 0.5998671720699688 0.6507477970681157 0.7458321325124875 0.7999312454560072 0.8173786101268271 1.0130769171645368 1.1169898645100682 1.3030321172902593 1.5517427645244468 1.8274511240116427 2.1530891498270357
462 5544 -0.7515066075645058 -0.22943870072232164 0.17288161198947521 0.9119816164962427 0.18883096534196853 0.23224864302888726 0.29441048395494646 0.3465166726329577 0.4412747969600816 0.4857947213952022 0.5198032884990073 0.5998671720699688 0.6507477970681157 0.7458321325124875 0.7999312454560072 0.8173786101268271 1.0130769171645368 1.1169898645100682 1.3030321172902593 1.5517427645244468 1.8274511240116427 2.1530891498270357
463 5556 -0.7489563654230709 -0.22810599947141624 0.1673569765897588 0.9129819584733789 0.18883096534196853 0.23224864302888726 0.29441048395494646 0.3465166726329577 0.4412747969600816 0.4857947213952022 0.5198032884990073 0.5998671720699688 0.6507477970681157 0.7458321325124875 0.7999312454560072 0.8173786101268271 1.0130769171645368 1.1169898645100682 1.3030321172902593 1.5517427645244468 1.8274511240116427 2.1530891498270357
464 5568 -0.7488931132265076 -0.2257674680581378 0.17361004876321454 0.9155853431268778 0.18883096534196853 0.23224864302888726 0.29441048395494646 0.3465166726329577 0.4412747969600816 0.4857947213952022 0.5198032884990073 0.5998671720699688 0.6507477970681157 0.7458321325124875 0.7999312454560072 0.8173786101268271 1.0130769171645368 1.1169898645100682 1.3030321172902593 1.5517427645244468 1.8274511240116427 2.1530891498270357
465 5580 -0.748378773971678 -0.22773843898348553 0.18043823598376862 0.9159595687885965 0.18883096534196853 0.23224864302888726 0.29441048395494646 0.3465166726329577 0.4412747969600816 0.4857947213952022 0.5198032884990073 0.5998671720699688 0.6507477970681157 0.7458321325124875 0.7999312454560072 0.8173786101268271 1.0130769171645368 1.1169898645100682 1.3030321172902593 1.5517427645244468 1.8274511240116427 2.1530891498270357
466 5592 -0.7507272501278812 -0.23031257959299667 0.17830101450416047 0.916213503029604 0.18883096534196853 0.23224864302888726 0.29441048395494646 0.3465166726329577 0.4412747969600816 0.4857947213952022 0.5198032884990073 0.5998671720699688 0.6507477970681157 0.7458321325124875 0.7999312454560072 0.8173786101268271 1.0130769171645368 1.1169898645100682 1.3030321172902593 1.5517427645244468 1.8274511240116427 2.1530891498270357
467 5604 -0.7587123999678739 -0.22928066624607626 0.1767293905129685 0.9159371289123913 0.18883096534196853 0.23224864302888726 0.29441048395494646 0.3465166726329577 0.4412747969600816 0.4857947213952022 0.5198032884990073 0.5998671720699688 0.6507477970681157 0.7458321325124875 0.7999312454560072 0.8173786101268271 1.0130769171645368 1.1169898645100682 1.3030321172902593 1.5517427645244468 1.8274511240116427 2.1530891498270357
468 5616 -0.7623737599533225 -0.23542838302708405 0.17427178859475856 0.9143718596662003 0.18883096534196853 0.23224864302888726 0.29441048395494646 0.3465166726329577 0.4412747969600816 0.4857947213952022 0.5198032884990073 0.5998671720699688 0.6507477970681157 0.7458321325124875 0.7999312454560072 0.8173786101268271 1.0130769171645368 1.1169898645100682 1.3030321172902593 1.5517427645244468 1.8274511240116427 2.1530891498270357
469 5628 -0.7665310060958965 -0.23517029731629668 0.17069604098748073 0.9126206061831198 0.1599536718455341 0.22751583230467765 0.26799310379041985 0.3318321436534798 0.4451571602138491 0.45889160306004656 0.5131868771451698 0.6334083938317909 0.6671845567733072 0.7447497648373899 0.7649976737940575 0.83422742881863 1.0248862767118947 1.0983120672667928 1.3484190910077598 1.5369599055540801 1.8244197844095522 2.1496028043644886
470 5640 -0.768992842542022 -0.23665075248580475 0.16512608287736896 0.9137146758619663 0.1599536718455341 0.22751583230467765 0.26799310379041985 0.3318321436534798 0.4451571602138491 0.45889160306004656 0.5131868771451698 0.6334083938317909 0.6671845567733072 0.7447497648373899 0.7649976737940575 0.83422742881863 1.0248862767118947 1.0983120672667928 1.3484190910077598 1.5369599055540801 1.8244197844095522 2.1496028043644886
471 5652 -0.7742114052489478 -0.23301533094639554 0.16750490762992237 0.9160337363939091 0.1599536718455341 0.22751583230467765 0.26799310379041985 0.3318321436534798 0.4451571602138491 0.45889160306004656 0.5131868771451698 0.6334083938317909 0.6671845567733072 0.7447497648373899 0.7649976737940575 0.83422742881863 1.0248862767118947 1.0983120672667928 1.3484190910077598 1.5369599055540801 1.8244197844095522 2.1496028043644886
472 5664 -0.7753854049346879 -0.23013314501746537 0.16051133293218697 0.916764981476338 0.1599536718455341 0.22751583230467765 0.26799310379041985 0.3318321436534798 0.4451571602138491 0.45889160306004656 0.5131868771451698 0.6334083938317909 0.6671845567733072 0.7447497648373899 0.7649976737940575 0.83422742881863 1.0248862767118947 1.0983120672667928 1.3484190910077598 1.5369599055540801 1.8244197844095522 2.1496028043644886
473 5676 -0.7751662396734708 -0.23091187734719928 0.16539837848822067 0.9181296886153449 0.1599536718455341 0.22751583230467765 0.26799310379041985 0.3318321436534798 0.4451571602138491 0.45889160306004656 0.5131868771451698 0.6334083938317909 0.6671845567733072 0.7447497648373899 0.7649976737940575 0.83422742881863 1.0248862767118947 1.0983120672667928 1.3484190910077598 1.5369599055540801 1.8244197844095522 2.1496028043644886
474 5688 -0.7755573098368175 -0.2330913539493026 0.1654591875564382 0.9206226138912615 0.1599536718455341 0.22751583230467765 0.26799310379041985 0.3318321436534798 0.4451571602138491 0.45889160306004656 0.5131868771451698 0.6334083938317909 0.6671845567733072 0.7447497648373899 0.7649976737940575 0.83422742881863 1.0248862767118947 1.0983120672667928 1.3484190910077598 1.5369599055540801 1.8244197844095522 2.1496028043644886
475 5700 -0.7742076741881162 -0.23321571358626397 0.16927285263443162 0.9225443173360387 0.1599536718455341 0.22751583230467765 0.26799310379041985 0.3318321436534798 0.4451571602138491 0.45889160306004656 0.5131868771451698 0.6334083938317909 0.6671845567733072 0.7447497648373899 0.7649976737940575 0.83422742881863 1.0248862767118947 1.0983120672667928 1.3484190910077598 1.5369599055540801 1.8244197844095522 2.1496028043644886
476 5712 -0.7797677134418894 -0.2317750142063127 0.17027871367777817 0.9202933516931422 0.1599536718455341 0.22751583230467765 0.26799310379041985 0.3318321436534798 0.4451571602138491 0.45889160306004656 0.5131868771451698 0.6334083938317909 0.6671845567733072 0.7447497648373899 0.7649976737940575 0.83422742881863 1.0248862767118947 1.0983120672667928 1.3484190910077598 1.5369599055540801 1.8244197844095522 2.1496028043644886
477 5724 -0.779111905054462 -0.22560633443259978 0.1656065480576045 0.9205325373928148 0.1599536718455341 0.22751583230467765 0.26799310379041985 0.3318321436534798 0.4451571602138491 0.45889160306004656 0.5131868771451698 0.6334083938317909 0.6671845567733072 0.7447497648373899 0.7649976737940575 0.83422742881863 1.0248862767118947 1.0983120672667928 1.3484190910077598 1.5369599055540801 1.8244197844095522 2.1496028043644886
478 5736 -0.779900384304684 -0.22693943396286317 0.17128017342910357 0.9234429557554753 0.1599536718455341 0.22751583230467765 0.26799310379041985 0.3318321436534798 0.4451571602138491 0.45889160306004656 0.5131868771451698 0.6334083938317909 0.6671845567733072 0.7447497648373899 0.7649976737940575 0.83422742881863 1.0248862767118947 1.0983120672667928 1.3484190910077598 1.5369599055540801 1.8244197844095522 2.1496028043644886
479 5748 -0.7737131430676867 -0.22659390608839655 0.17477174384513738 0.9232834835571179 0.1599536718455341 0.22751583230467765 0.26799310379041985 0.3318321436534798 0.4451571602138491 0.45889160306004656 0.5131868771451698 0.6334083938317909 0.6671845567733072 0.7447497648373899 0.7649976737940575 0.83422742881863 1.0248862767118947 1.0983120672667928 1.3484190910077598 1.5369599055540801 1.8244197844095522 2.1496028043644886
480 5760 -0.7718159181740879 -0.2269974542646051 0.16941953229495188 0.9215602727297636 0.1599536718455341 0.22751583230467765 0.26799310379041985 0.3318321436534798 0.4451571602138491 0.45889160306004656 0.5131868771451698 0.6334083938317909 0.6671845567733072 0.7447497648373899 0.7649976737940575 0.83422742881863 1.0248862767118947 1.0983120672667928 1.3484190910077598 1.5369599055540801 1.8244197844095522 2.1496028043644886
481 5772 -0.7788212594672728 -0.22990129893260577 0.17160706312484225 0.9218257996768129 0.1599536718455341 0.22751583230467765 0.26799310379041985 0.3318321436534798 0.4451571602138491 0.45889160306004656 0.5131868771451698 0.6334083938317909 0.6671845567733072 0.7447497648373899 0.7649976737940575 0.83422742881863 1.0248862767118947 1.0983120672667928 1.3484190910077598 1.5369599055540801 1.8244197844095522 2.1496028043644886
482 5784 -0.7834158750729028 -0.23009967881630589 0.1663312275614473 0.9205409950883942 0.1599536718455341 0.22751583230467765 0.26799310379041985 0.3318321436534798 0.4451571602138491 0.45889160306004656 0.5131868771451698 0.6334083938317909 0.6671845567733072 0.7447497648373899 0.7649976737940575 0.83422742881863 1.0248862767118947 1.0983120672667928 1.3484190910077598 1.5369599055540801 1.8244197844095522 2.1496028043644886
483 5796 -0.7810184567352956 -0.23019650122703264 0.16255250959223683 0.9195199487881679 0.1599536718455341 0.22751583230467765 0.26799310379041985 0.3318321436534798 0.4451571602138491 0.45889160306004656 0.5131868771451698 0.6334083938317909 0.6671845567733072 0.7447497648373899 0.7649976737940575 0.83422742881863 1.0248862767118947 1.0983120672667928 1.3484190910077598 1.5369599055540801 1.8244197844095522 2.1496028043644886
484 5808 -0.7820643209210061 -0.22502844512623016 0.16666985130915002 0.9188531864959338 0.1599536718455341 0.22751583230467765 0.26799310379041985 0.3318321436534798 0.4451571602138491 0.45889160306004656 0.5131868771451698 0.6334083938317909 0.6671845567733072 0.7447497648373899 0.7649976737940575 0.83422742881863 1.0248862767118947 1.0983120672667928 1.3484190910077598 1.5369599055540801 1.8244197844095522 2.1496028043644886
485 5820 -0.7894330882160294 -0.23389840601093348 0.16213186674479022 0.9169387990657527 0.1599536718455341 0.22751583230467765 0.26799310379041985 0.3318321436534798 0.4451571602138491 0.45889160306004656 0.5131868771451698 0.6334083938317909 0.6671845567733072 0.7447497648373899 0.7649976737940575 0.83422742881863 1.0248862767118947 1.0983120672667928 1.3484190910077598 1.5369599055540801 1.8244197844095522 2.1496028043644886
486 5832 -0.7809088897789084 -0.23094253324796665 0.17512587769370708 0.9177745505280489 0.1599536718455341 0.22751583230467765 0.26799310379041985 0.3318321436534798 0.4451571602138491 0.45889160306004656 0.5131868771451698 0.6334083938317909 0.6671845567733072 0.7447497648373899 0.7649976737940575 0.83422742881863 1.0248862767118947 1.0983120672667928 1.3484190910077598 1.5369599055540801 1.8244197844095522 2.1496028043644886
487 5844 -0.7782074736562161 -0.22747563999677145 0.17016017168676584 0.9158922638002743 0.15074592027761105 0.20663252630966417 0.25216260077312513 0.32377593189575693 0.4217783360468349 0.44744327411371015 0.5171212144023944 0.6155824186183914 0.6617380551942689 0.776993074513771 0.7844818167091102 0.8405543266786384 0.9972609811266436 1.1266180795188998 1.3762040577186212 1.5527459774562467 1.781112721392865 2.153375621490584
488 5856 -0.7727717069763776 -0.22936400004703789 0.1726793977218807 0.9144248913331441 0.15074592027761105 0.20663252630966417 0.25216260077312513 0.32377593189575693 0.4217783360468349 0.44744327411371015 0.5171212144023944 0.6155824186183914 0.6617380551942689 0.776993074513771 0.7844818167091102 0.8405543266786384 0.9972609811266436 1.1266180795188998 1.3762040577186212 1.5527459774562467 1.781112721392865 2.153375621490584
489 5868 -0.7800081679176877 -0.23089786953214236 0.17198958101320244 0.9107054121936037 0.15074592027761105 0.20663252630966417 0.25216260077312513 0.32377593189575693 0.4217783360468349 0.44744327411371015 0.5171212144023944 0.6155824186183914 0.6617380551942689 0.776993074513771 0.7844818167091102 0.8405543266786384 0.9972609811266436 1.1266180795188998 1.3762040577186212 1.5527459774562467 1.781112721392865 2.153375621490584
490 5880 -0.7782952432128177 -0.2317168798641604 0.17071371090379964 0.9088122604920794 0.15074592027761105 0.20663252630966417 0.25216260077312513 0.32377593189575693 0.4217783360468349 0.44744327411371015 0.5171212144023944 0.6155824186183914 0.6617380551942689 0.776993074513771 0.7844818167091102 0.8405543266786384 0.9972609811266436 1.1266180795188998 1.3762040577186212 1.5527459774562467 1.781112721392865 2.153375621490584
491 5892 -0.7843197927887754 -0.2337557157577593 0.1678811429922178 0.9097221245079757 0.15074592027761105 0.20663252630966417 0.25216260077312513 0.32377593189575693 0.4217783360468349 0.44744327411371015 0.5171212144023944 0.6155824186183914 0.6617380551942689 0.776993074513771 0.7844818167091102 0.8405543266786384 0.9972609811266436 1.1266180795188998 1.3762040577186212 1.5527459774562467 1.781112721392865 2.153375621490584
492 5904 -0.7900879758054588 -0.2413291148017009 0.15610490858232168 0.911511091948644 0.15074592027761105 0.20663252630966417 0.25216260077312513 0.32377593189575693 0.4217783360468349 0.44744327411371015 0.5171212144023944 0.6155824186183914 0.6617380551942689 0.776993074513771 0.7844818167091102 0.8405543266786384 0.9972609811266436 1.1266180795188998 1.3762040577186212 1.5527459774562467 1.781112721392865 2.153375621490584
493 5916 -0.7993202683073091 -0.24367193107894608 0.1468335792396989 0.9095539036053082 0.15074592027761105 0.20663252630966417 0.25216260077312513 0.32377593189575693 0.4217783360468349 0.44744327411371015 0.5171212144023944 0.6155824186183914 0.6617380551942689 0.776993074513771 0.7844818167091102 0.8405543266786384 0.9972609811266436 1.1266180795188998 1.3762040577186212 1.5527459774562467 1.781112721392865 2.153375621490584
494 5928 -0.8048638760845673 -0.24386943794765462 0.14582056750202027 0.910560528423411 0.15074592027761105 0.20663252630966417 0.25216260077312513 0.32377593189575693 0.4217783360468349 0.44744327411371015 0.5171212144023944 0.6155824186183914 0.6617380551942689 0.776993074513771 0.7844818167091102 0.8405543266786384 0.9972609811266436 1.1266180795188998 1.3762040577186212 1.5527459774562467 1.781112721392865 2.153375621490584
495 5940 -0.8106948524618431 -0.24315914565969626 0.14063530023267684 0.9095195003722234 0.15074592027761105 0.20663252630966417 0.25216260077312513 0.32377593189575693 0.4217783360468349 0.44744327411371015 0.5171212144023944 0.6155824186183914 0.6617380551942689 0.776993074513771 0.7844818167091102 0.8405543266786384 0.9972609811266436 1.1266180795188998 1.3762040577186212 1.5527459774562467 1.781112721392865 2.153375621490584
496 5952 -0.8129000887260325 -0.23379011284909734 0.13902433495251243 0.9102304257472272 0.15074592027761105 0.20663252630966417 0.25216260077312513 0.32377593189575693 0.4217783360468349 0.44744327411371015 0.5171212144023944 0.6155824186183914 0.6617380551942689 0.776993074513771 0.7844818167091102 0.8405543266786384 0.9972609811266436 1.1266180795188998 1.3762040577186212 1.5527459774562467 1.781112721392865 2.153375621490584
497 5964 -0.8161298972847434 -0.22743900352690055 0.13832849981434925 0.909119997834261 0.15074592027761105 0.20663252630966417 0.25216260077312513 0.32377593189575693 0.4217783360468349 0.44744327411371015 0.5171212144023944 0.6155824186183914 0.6617380551942689 0.776993074513771 0.7844818167091102 0.8405543266786384 0.9972609811266436 1.1266180795188998 1.3762040577186212 1.5527459774562467 1.781112721392865 2.153375621490584
498 5976 -0.8197375918148634 -0.22786014505942148 0.1292701282401455 0.9091586932170259 0.15074592027761105 0.20663252630966417 0.25216260077312513 0.32377593189575693 0.4217783360468349 0.44744327411371015 0.5171212144023944 0.6155824186183914 0.6617380551942689 0.776993074513771 0.7844818167091102 0.8405543266786384 0.9972609811266436 1.1266180795188998 1.3762040577186212 1.5527459774562467 1.781112721392865 2.153375621490584
499 5988 -0.8181302212454316 -0.21901493574911493 0.13012509312821371 0.9096653865851496 0.15074592027761105 0.20663252630966417 0.25216260077312513 0.32377593189575693 0.4217783360468349 0.44744327411371015 0.5171212144023944 0.6155824186183914 0.6617380551942689 0.776993074513771 0.7844818167091102 0.8405543266786384 0.9972609811266436 1.1266180795188998 1.3762040577186212 1.5527459774562467 1.781112721392865 2.153375621490584
500 6000 -0.8168024855050036 -0.22771269033520125 0.13943261780553523 0.9132290400218382 0.15074592027761105 0.20663252630966417 0.25216260077312513 0.32377593189575693 0.4217783360468349 0.44744327411371015 0.5171212144023944 0.6155824186183914 0.6617380551942689 0.776993074513771 0.7844818167091102 0.8405543266786384 0.9972609811266436 1.1266180795188998 1.3762040577186212 1.5527459774562467 1.781112721392865 2.153375621490584
501 6012 -0.8186429176585186 -0.22603086880668283 0.1391712838918876 0.9134682687555211 0.15074592027761105 0.20663252630966417 0.25216260077312513 0.32377593189575693 0.4217783360468349 0.44744327411371015 0.5171212144023944 0.6155824186183914 0.6617380551942689 0.776993074513771 0.7844818167091102 0.8405543266786384 0.9972609811266436 1.1266180795188998 1.3762040577186212 1.5527459774562467 1.781112721392865 2.153375621490584
502 6024 -0.8208073856046301 -0.22697000947266785 0.142678193316883 0.9133732333625488 0.15074592027761105 0.20663252630966417 0.25216260077312513 0.32377593189575693 0.4217783360468349 0.44744327411371015 0.5171212144023944 0.6155824186183914 0.6617380551942689 0.776993074513771 0.7844818167091102 0.8405543266786384 0.9972609811266436 1.1266180795188998 1.3762040577186212 1.5527459774562467 1.781112721392865 2.153375621490584
503 6036 -0.829674367472149 -0.22977232776224116 0.1435318945049746 0.9122689781857628 0.15074592027761105 0.20663252630966417 0.25216260077312513 0.32377593189575693 0.4217783360468349 0.44744327411371015 0.5171212144023944 0.6155824186183914 0.6617380551942689 0.776993074513771 0.7844818167091102 0.8405543266786384 0.9972609811266436 1.1266180795188998 1.3762040577186212 1.5527459774562467 1.781112721392865 2.153375621490584
504 6048 -0.8282897912694356 -0.22819527000297637 0.15012823301120615 0.9160442933888092 0.15074592027761105 0.20663252630966417 0.25216260077312513 0.32377593189575693 0.4217783360468349 0.44744327411371015 0.5171212144023944 0.6155824186183914 0.6617380551942689 0.776993074513771 0.7844818167091102 0.8405543266786384 0.9972609811266436 1.1266180795188998 1.3762040577186212 1.5527459774562467 1.781112721392865 2.153375621490584
505 6060 -0.8311011388185634 -0.23264882015850025 0.1649124339192668 0.9179208263003 0.1261652064514347 0.1776653347980952 0.23527710447629835 0.29730857900660895 0.3952072965837665 0.4438452035824376 0.5033258354678095 0.6074383962548827 0.6626373027762464 0.7622142828196844 0.7963514286573299 0.8261292753775845 0.9534831033112618 1.1052388792879857 1.4043044766068773 1.6188172263965648 1.752993323617171 2.1680016435146556
506 6072 -0.8302532805097297 -0.23957724677399692 0.1657778327888355 0.9184418750590664 0.1261652064514347 0.1776653347980952 0.23527710447629835 0.29730857900660895 0.3952072965837665 0.4438452035824376 0.5033258354678095 0.6074383962548827 0.6626373027762464 0.7622142828196844 0.7963514286573299 0.8261292753775845 0.9534831033112618 1.1052388792879857 1.4043044766068773 1.6188172263965648 1.752993323617171 2.1680016435146556
507 6084 -0.831121390755208 -0.23760919360916055 0.17055839865589686 0.9188757953839267 0.1261652064514347 0.1776653347980952 0.23527710447629835 0.29730857900660895 0.3952072965837665 0.4438452035824376 0.5033258354678095 0.6074383962548827 0.6626373027762464 0.7622142828196844 0.7963514286573299 0.8261292753775845 0.9534831033112618 1.1052388792879857 1.4043044766068773 1.6188172263965648 1.752993323617171 2.1680016435146556
508 6096 -0.8339115348207167 -0.23741687172696932 0.17290707840170894 0.9167979322262784 0.1261652064514347 0.1776653347980952 0.23527710447629835 0.29730857900660895 0.3952072965837665 0.4438452035824376 0.5033258354678095 0.6074383962548827 0.6626373027762464 0.7622142828196844 0.7963514286573299 0.8261292753775845 0.9534831033112618 1.1052388792879857 1.4043044766068773 1.6188172263965648 1.752993323617171 2.1680016435146556
509 6108 -0.8349671273044582 -0.2343244236893755 0.171863968446616 0.9187379385029688 0.1261652064514347 0.1776653347980952 0.23527710447629835 0.29730857900660895 0.3952072965837665 0.4438452035824376 0.5033258354678095 0.6074383962548827 0.6626373027762464 0.7622142828196844 0.7963514286573299 0.8261292753775845 0.9534831033112618 1.1052388792879857 1.4043044766068773 1.6188172263965648 1.752993323617171 2.1680016435146556
510 6120 -0.8350412204905385 -0.24099939282136004 0.17578609994636218 0.9182856175610364 0.1261652064514347 0.1776653347980952 0.23527710447629835 0.29730857900660895 0.3952072965837665 0.4438452035824376 0.5033258354678095 0.6074383962548827 0.6626373027762464 0.7622142828196844 0.7963514286573299 0.8261292753775845 0.9534831033112618 1.1052388792879857 1.4043044766068773 1.6188172263965648 1.752993323617171 2.1680016435146556
511 6132 -0.8359763803991855 -0.24129485260696842 0.18311202814821037 0.9169579714715106 0.1261652064514347 0.1776653347980952 0.23527710447629835 0.29730857900660895 0.3952072965837665 0.4438452035824376 0.5033258354678095 0.6074383962548827 0.6626373027762464 0.7622142828196844 0.7963514286573299 0.8261292753775845 0.9534831033112618 1.1052388792879857 1.4043044766068773 1.6188172263965648 1.752993323617171 2.1680016435146556
512 6144 -0.8345754980641307 -0.24081738137360692 0.1800450885009497 0.9165239343712464 0.1261652064514347 0.1776653347980952 0.23527710447629835 0.29730857900660895 0.3952072965837665 0.4438452035824376 0.5033258354678095 0.6074383962548827 0.6626373027762464 0.7622142828196844 0.7963514286573299 0.8261292753775845 0.9534831033112618 1.1052388792879857 1.4043044766068773 1.6188172263965648 1.752993323617171 2.1680016435146556
513 6156 -0.8396162050654611 -0.24306640630998744 0.18242770482840667 0.9165587303009163 0.1261652064514347 0.1776653347980952 0.23527710447629835 0.29730857900660895 0.3952072965837665 0.4438452035824376 0.5033258354678095 0.6074383962548827 0.6626373027762464 0.7622142828196844 0.7963514286573299 0.8261292753775845 0.9534831033112618 1.1052388792879857 1.4043044766068773 1.6188172263965648 1.752993323617171 2.1680016435146556
514 6168 -0.8414687509943433 -0.24147246257675448 0.17418350785239117 0.9167617555908043 0.1261652064514347 0.1776653347980952 0.23527710447629835 0.29730857900660895 0.3952072965837665 0.4438452035824376 0.5033258354678095 0.6074383962548827 0.6626373027762464 0.7622142828196844 0.7963514286573299 0.8261292753775845 0.9534831033112618 1.1052388792879857 1.4043044766068773 1.6188172263965648 1.752993323617171 2.1680016435146556
515 6180 -0.8382235124918166 -0.23750702322772668 0.17181379683160375 0.9199770702759487 0.1261652064514347 0.1776653347980952 0.23527710447629835 0.29730857900660895 0.3952072965837665 0.4438452035824376 0.5033258354678095 0.6074383962548827 0.6626373027762464 0.7622142828196844 0.7963514286573299 0.8261292753775845 0.9534831033112618 1.1052388792879857 1.4043044766068773 1.6188172263965648 1.752993323617171 2.1680016435146556
516 6192 -0.8475591232104501 -0.2409231168132282 0.1653947919742742 0.920120582238371 0.1261652064514347 0.1776653347980952 0.23527710447629835 0.29730857900660895 0.3952072965837665 0.4438452035824376 0.5033258354678095 0.6074383962548827 0.6626373027762464 0.7622142828196844 0.7963514286573299 0.8261292753775845 0.9534831033112618 1.1052388792879857 1.4043044766068773 1.6188172263965648 1.752993323617171 2.1680016435146556
517 6204 -0.8520939087856423 -0.25005004330941977 0.1696655948977917 0.9191312608403451 0.1261652064514347 0.1776653347980952 0.23527710447629835 0.29730857900660895 0.3952072965837665 0.4438452035824376 0.5033258354678095 0.6074383962548827 0.6626373027762464 0.7622142828196844 0.7963514286573299 0.8261292753775845 0.9534831033112618 1.1052388792879857 1.4043044766068773 1.6188172263965648 1.752993323617171 2.1680016435146556
518 6216 -0.8585865143433455 -0.24884190829934 0.16938378507634647 0.9190071139350187 0.1261652064514347 0.1776653347980952 0.23527710447629835 0.29730857900660895 0.3952072965837665 0.4438452035824376 0.5033258354678095 0.6074383962548827 0.6626373027762464 0.7622142828196844 0.7963514286573299 0.8261292753775845 0.9534831033112618 1.1052388792879857 1.4043044766068773 1.6188172263965648 1.752993323617171 2.1680016435146556
519 6228 -0.8543840694875582 -0.24291930660689465 0.1739100460932339 0.9187318702807313 0.1261652064514347 0.1776653347980952 0.23527710447629835 0.29730857900660895 0.3952072965837665 0.4438452035824376 0.5033258354678095 0.6074383962548827 0.6626373027762464 0.7622142828196844 0.7963514286573299 0.8261292753775845 0.9534831033112618 1.1052388792879857 1.4043044766068773 1.6188172263965648 1.752993323617171 2.1680016435146556
520 6240 -0.856555129492045 -0.24413671731551992 0.17951933496549652 0.9202083918363392 0.1261652064514347 0.1776653347980952 0.23527710447629835 0.29730857900660895 0.3952072965837665 0.4438452035824376 0.5033258354678095 0.6074383962548827 0.6626373027762464 0.7622142828196844 0.7963514286573299 0.8261292753775845 0.9534831033112618 1.1052388792879857 1.4043044766068773 1.6188172263965648 1.752993323617171 2.1680016435146556
521 6252 -0.8581506653068344 -0.24512362072732982 0.17618175873646108 0.9212539773331473 0.1261652064514347 0.1776653347980952 0.23527710447629835 0.29730857900660895 0.3952072965837665 0.4438452035824376 0.5033258354678095 0.6074383962548827 0.6626373027762464 0.7622142828196844 0.7963514286573299 0.8261292753775845 0.9534831033112618 1.1052388792879857 1.4043044766068773 1.6188172263965648 1.752993323617171 2.1680016435146556
522 6264 -0.8587828058423999 -0.2512094450501207 0.1670852538516074 0.9226689141450707 0.1261652064514347 0.1776653347980952 0.23527710447629835 0.29730857900660895 0.3952072965837665 0.4438452035824376 0.5033258354678095 0.6074383962548827 0.6626373027762464 0.7622142828196844 0.7963514286573299 0.8261292753775845 0.9534831033112618 1.1052388792879857 1.4043044766068773 1.6188172263965648 1.752993323617171 2.1680016435146556
523 6276 -0.8578294463715517 -0.2442614397603642 0.16983436631656285 0.922128329197844 0.1172880893164919 0.15326768226569146 0.21130658861360554 0.28851733936379814 0.3961973293631439 0.46850601419690757 0.4934878926353945 0.581032636722489 0.6620965017170382 0.7152859620071355 0.7862910166796917 0.8319264379398392 0.9735298681948218 1.0695602006496108 1.384753930173636 1.6210672050656885 1.730278589126514 2.232915954150167
524 6288 -0.8577720173697522 -0.23379441735029516 0.1711464064443034 0.9201955462150223 0.1172880893164919 0.15326768226569146 0.21130658861360554 0.28851733936379814 0.3961973293631439 0.46850601419690757 0.4934878926353945 0.581032636722489 0.6620965017170382 0.7152859620071355 0.7862910166796917 0.8319264379398392 0.9735298681948218 1.0695602006496108 1.384753930173636 1.6210672050656885 1.730278589126514 2.232915954150167
525 6300 -0.8607247096585475 -0.2332976228347564 0.1757559850085652 0.9190372775074289 0.1172880893164919 0.15326768226569146 0.21130658861360554 0.28851733936379814 0.3961973293631439 0.46850601419690757 0.4934878926353945 0.581032636722489 0.6620965017170382 0.7152859620071355 0.7862910166796917 0.8319264379398392 0.9735298681948218 1.0695602006496108 1.384753930173636 1.6210672050656885 1.730278589126514 2.232915954150167
526 6312 -0.8609292492658797 -0.2368574249103091 0.18750903046860162 0.9177115153662269 0.1172880893164919 0.15326768226569146 0.21130658861360554 0.28851733936379814 0.3961973293631439 0.46850601419690757 0.4934878926353945 0.581032636722489 0.6620965017170382 0.7152859620071355 0.7862910166796917 0.8319264379398392 0.9735298681948218 1.0695602006496108 1.384753930173636 1.6210672050656885 1.730278589126514 2.232915954150167
527 6324 -0.8607533517458282 -0.24052396253788327 0.19540533782691144 0.9190229129941722 0.1172880893164919 0.15326768226569146 0.21130658861360554 0.28851733936379814 0.3961973293631439 0.46850601419690757 0.4934878926353945 0.581032636722489 0.6620965017170382 0.7152859620071355 0.7862910166796917 0.8319264379398392 0.9735298681948218 1.0695602006496108 1.384753930173636 1.6210672050656885 1.730278589126514 2.232915954150167
528 6336 -0.8627807797949218 -0.2433522144619247 0.18720390073294824 0.9222064907931191 0.1172880893164919 0.15326768226569146 0.21130658861360554 0.28851733936379814 0.3961973293631439 0.46850601419690757 0.4934878926353945 0.581032636722489 0.6620965017170382 0.7152859620071355 0.7862910166796917 0.8319264379398392 0.9735298681948218 1.0695602006496108 1.384753930173636 1.6210672050656885 1.730278589126514 2.232915954150167
529 6348 -0.8672397146745771 -0.2291604205797243 0.18337882091249288 0.9178374901265381 0.1172880893164919 0.15326768226569146 0.21130658861360554 0.28851733936379814 0.3961973293631439 0.46850601419690757 0.4934878926353945 0.581032636722489 0.6620965017170382 0.7152859620071355 0.7862910166796917 0.8319264379398392 0.9735298681948218 1.0695602006496108 1.384753930173636 1.6210672050656885 1.730278589126514 2.232915954150167
530 6360 -0.866152856360967 -0.2385582248069838 0.17949146132647137 0.917676015516717 0.1172880893164919 0.15326768226569146 0.21130658861360554 0.28851733936379814 0.3961973293631439 0.46850601419690757 0.4934878926353945 0.581032636722489 0.6620965017170382 0.7152859620071355 0.7862910166796917 0.8319264379398392 0.9735298681948218 1.0695602006496108 1.384753930173636 1.6210672050656885 1.730278589126514 2.232915954150167
531 6372 -0.8709231032966521 -0.23557765079749848 0.18225751827210726 0.9199141590979915 0.1172880893164919 0.15326768226569146 0.21130658861360554 0.28851733936379814 0.3961973293631439 0.46850601419690757 0.4934878926353945 0.581032636722489 0.6620965017170382 0.7152859620071355 0.7862910166796917 0.8319264379398392 0.9735298681948218 1.0695602006496108 1.384753930173636 1.6210672050656885 1.730278589126514 2.232915954150167
532 6384 -0.8721411467708143 -0.23893080490669966 0.17499029480619735 0.9191564029292748 0.1172880893164919 0.15326768226569146 0.21130658861360554 0.28851733936379814 0.3961973293631439 0.46850601419690757 0.4934878926353945 0.581032636722489 0.6620965017170382 0.7152859620071355 0.7862910166796917 0.8319264379398392 0.9735298681948218 1.0695602006496108 1.384753930173636 1.6210672050656885 1.730278589126514 2.232915954150167
533 6396 -0.8734045271653175 -0.23988070614780593 0.16365653787970016 0.9183911443002497 0.1172880893164919 0.15326768226569146 0.21130658861360554 0.28851733936379814 0.3961973293631439 0.46850601419690757 0.4934878926353945 0.581032636722489 0.6620965017170382 0.7152859620071355 0.7862910166796917 0.8319264379398392 0.9735298681948218 1.0695602006496108 1.384753930173636 1.6210672050656885 1.730278589126514 2.232915954150167
534 6408 -0.8730570933657072 -0.23385705961237999 0.17781339416275516 0.9166136278063481 0.1172880893164919 0.15326768226569146 0.21130658861360554 0.28851733936379814 0.3961973293631439 0.46850601419690757 0.4934878926353945 0.581032636722489 0.6620965017170382 0.7152859620071355 0.7862910166796917 0.8319264379398392 0.9735298681948218 1.0695602006496108 1.384753930173636 1.6210672050656885 1.730278589126514 2.232915954150167
535 6420 -0.8758273320840942 -0.22673264656314662 0.15727529985080382 0.9193087315717163 0.1172880893164919 0.15326768226569146 0.21130658861360554 0.28851733936379814 0.3961973293631439 0.46850601419690757 0.4934878926353945 0.581032636722489 0.6620965017170382 0.7152859620071355 0.7862910166796917 0.8319264379398392 0.9735298681948218 1.0695602006496108 1.384753930173636 1.6210672050656885 1.730278589126514 2.232915954150167
536 6432 -0.8782871312253249 -0.2227958667026911 0.15078770751311463 0.9196732440193043 0.1172880893164919 0.15326768226569146 0.21130658861360554 0.28851733936379814 0.3961973293631439 0.46850601419690757 0.4934878926353945 0.581032636722489 0.6620965017170382 0.7152859620071355 0.7862910166796917 0.8319264379398392 0.9735298681948218 1.0695602006496108 1.384753930173636 1.6210672050656885 1.730278589126514 2.232915954150167
537 6444 -0.879141600652322 -0.22314040522669956 0.1457444946687061 0.9198471116146658 0.1172880893164919 0.15326768226569146 0.21130658861360554 0.28851733936379814 0.3961973293631439 0.46850601419690757 0.4934878926353945 0.581032636722489 0.6620965017170382 0.7152859620071355 0.7862910166796917 0.8319264379398392 0.9735298681948218 1.0695602006496108 1.384753930173636 1.6210672050656885 1.730278589126514 2.232915954150167
538 6456 -0.8822785924139454 -0.22205129515425193 0.15932907186507747 0.9186165829592996 0.1172880893164919 0.15326768226569146 0.21130658861360554 0.28851733936379814 0.3961973293631439 0.46850601419690757 0.4934878926353945 0.581032636722489 0.6620965017170382 0.7152859620071355 0.7862910166796917 0.8319264379398392 0.9735298681948218 1.0695602006496108 1.384753930173636 1.6210672050656885 1.730278589126514 2.232915954150167
539 6468 -0.8831300015468465 -0.2236037612708891 0.15595151813394595 0.9161335045732473 0.1172880893164919 0.15326768226569146 0.21130658861360554 0.28851733936379814 0.3961973293631439 0.46850601419690757 0.4934878926353945 0.581032636722489 0.6620965017170382 0.7152859620071355 0.7862910166796917 0.8319264379398392 0.9735298681948218 1.0695602006496108 1.384753930173636 1.6210672050656885 1.730278589126514 2.232915954150167
540 6480 -0.8833698095932512 -0.22159847392345514 0.15695570194930272 0.9144829361600537 0.1172880893164919 0.15326768226569146 0.21130658861360554 0.28851733936379814 0.3961973293631439 0.46850601419690757 0.4934878926353945 0.581032636722489 0.6620965017170382 0.7152859620071355 0.7862910166796917 0.8319264379398392 0.9735298681948218 1.0695602006496108 1.384753930173636 1.6210672050656885 1.730278589126514 2.232915954150167
541 6492 -0.8870979505973786 -0.21780375098536253 0.155384320671199 0.9126250094715908 0.10912709184346596 0.14533913496877812 0.19779129189648317 0.2769361257784217 0.38476658781205536 0.4668161726170004 0.5228986951437296 0.5637309259331209 0.6724650541349987 0.6978727178128519 0.8137220714810222 0.856951938873325 0.9795936392103153 1.0791003635145282 1.3573441578146468 1.580292366084929 1.8123864372294152 2.1931064047431543
542 6504 -0.8872618109103497 -0.2201182199780768 0.16197712794583724 0.9134217120060364 0.10912709184346596 0.14533913496877812 0.19779129189648317 0.2769361257784217 0.38476658781205536 0.4668161726170004 0.5228986951437296 0.5637309259331209 0.6724650541349987 0.6978727178128519 0.8137220714810222 0.856951938873325 0.9795936392103153 1.0791003635145282 1.3573441578146468 1.580292366084929 1.8123864372294152 2.1931064047431543
543 6516 -0.8889000239686442 -0.22868728564698265 0.15965438335575946 0.9130442668592528 0.10912709184346596 0.14533913496877812 0.19779129189648317 0.2769361257784217 0.38476658781205536 0.4668161726170004 0.5228986951437296 0.5637309259331209 0.6724650541349987 0.6978727178128519 0.8137220714810222 0.856951938873325 0.9795936392103153 1.0791003635145282 1.3573441578146468 1.580292366084929 1.8123864372294152 2.1931064047431543
544 6528 -0.8879159419859113 -0.23124949598941272 0.1545555733501605 0.9133356993416033 0.10912709184346596 0.14533913496877812 0.19779129189648317 0.2769361257784217 0.38476658781205536 0.4668161726170004 0.5228986951437296 0.5637309259331209 0.6724650541349987 0.6978727178128519 0.8137220714810222 0.856951938873325 0.9795936392103153 1.0791003635145282 1.3573441578146468 1.580292366084929 1.8123864372294152 2.1931064047431543
545 6540 -0.8868134459159022 -0.23724735238536251 0.15972380438213563 0.9175238821515849 0.10912709184346596 0.14533913496877812 0.19779129189648317 0.2769361257784217 0.38476658781205536 0.4668161726170004 0.5228986951437296 0.5637309259331209 0.6724650541349987 0.6978727178128519 0.8137220714810222 0.856951938873325 0.9795936392103153 1.0791003635145282 1.3573441578146468 1.580292366084929 1.8123864372294152 2.1931064047431543
546 6552 -0.8905065892534277 -0.22642118640714484 0.16166696119994406 0.9162062815852059 0.10912709184346596 0.14533913496877812 0.19779129189648317 0.2769361257784217 0.38476658781205536 0.4668161726170004 0.5228986951437296 0.5637309259331209 0.6724650541349987 0.6978727178128519 0.8137220714810222 0.856951938873325 0.9795936392103153 1.0791003635145282 1.3573441578146468 1.580292366084929 1.8123864372294152 2.1931064047431543
547 6564 -0.8899643072280167 -0.21338259543853894 0.15405307104068938 0.9164911698078676 0.10912709184346596 0.14533913496877812 0.19779129189648317 0.2769361257784217 0.38476658781205536 0.4668161726170004 0.5228986951437296 0.5637309259331209 0.6724650541349987 0.6978727178128519 0.8137220714810222 0.856951938873325 0.9795936392103153 1.0791003635145282 1.3573441578146468 1.580292366084929 1.8123864372294152 2.1931064047431543
548 6576 -0.8898046562990038 -0.2179881345918591 0.16948442731917113 0.9168481330670575 0.10912709184346596 0.14533913496877812 0.19779129189648317 0.2769361257784217 0.38476658781205536 0.4668161726170004 0.5228986951437296 0.5637309259331209 0.6724650541349987 0.6978727178128519 0.8137220714810222 0.856951938873325 0.9795936392103153 1.0791003635145282 1.3573441578146468 1.580292366084929 1.8123864372294152 2.1931064047431543
549 6588 -0.8908082120908521 -0.20958825428190556 0.17089761990852553 0.9140628033687455 0.10912709184346596 0.14533913496877812 0.19779129189648317 0.2769361257784217 0.38476658781205536 0.4668161726170004 0.5228986951437296 0.5637309259331209 0.6724650541349987 0.6978727178128519 0.8137220714810222 0.856951938873325 0.9795936392103153 1.0791003635145282 1.3573441578146468 1.580292366084929 1.8123864372294152 2.1931064047431543
550 6600 -0.8907350629982353 -0.20648085036521352 0.1630038163034996 0.9130735137970575 0.10912709184346596 0.14533913496877812 0.19779129189648317 0.2769361257784217 0.38476658781205536 0.4668161726170004 0.5228986951437296 0.5637309259331209 0.6724650541349987 0.6978727178128519 0.8137220714810222 0.856951938873325 0.9795936392103153 1.0791003635145282 1.3573441578146468 1.580292366084929 1.8123864372294152 2.1931064047431543
551 6612 -0.8932445719566771 -0.21298096369472064 0.17287993098512658 0.9123426441469078 0.10912709184346596 0.14533913496877812 0.19779129189648317 0.2769361257784217 0.38476658781205536 0.4668161726170004 0.5228986951437296 0.5637309259331209 0.6724650541349987 0.6978727178128519 0.8137220714810222 0.856951938873325 0.9795936392103153 1.0791003635145282 1.3573441578146468 1.580292366084929 1.8123864372294152 2.1931064047431543
552 6624 -0.8936954782135509 -0.20422136328314328 0.16651525728142777 0.9131474275842556 0.10912709184346596 0.14533913496877812 0.19779129189648317 0.2769361257784217 0.38476658781205536 0.4668161726170004 0.5228986951437296 0.5637309259331209 0.6724650541349987 0.6978727178128519 0.8137220714810222 0.856951938873325 0.9795936392103153 1.0791003635145282 1.3573441578146468 1.580292366084929 1.8123864372294152 2.1931064047431543
553 6636 -0.8929339074470721 -0.20658162338521724 0.16913148013426557 0.9142046762101298 0.10912709184346596 0.14533913496877812 0.19779129189648317 0.2769361257784217 0.38476658781205536 0.4668161726170004 0.5228986951437296 0.5637309259331209 0.6724650541349987 0.6978727178128519 0.8137220714810222 0.856951938873325 0.9795936392103153 1.0791003635145282 1.3573441578146468 1.580292366084929 1.8123864372294152 2.1931064047431543
554 6648 -0.8890023662915614 -0.21806441033695068 0.1809125907416545 0.9157222360852357 0.10912709184346596 0.14533913496877812 0.19779129189648317 0.2769361257784217 0.38476658781205536 0.4668161726170004 0.5228986951437296 0.5637309259331209 0.6724650541349987 0.6978727178128519 0.8137220714810222 0.856951938873325 0.9795936392103153 1.0791003635145282 1.3573441578146468 1.580292366084929 1.8123864372294152 2.1931064047431543
555 6660 -0.8865585195822491 -0.21910757528665872 0.18428128580711678 0.917351739190381 0.10912709184346596 0.14533913496877812 0.19779129189648317 0.2769361257784217 0.38476658781205536 0.4668161726170004 0.5228986951437296 0.5637309259331209 0.6724650541349987 0.6978727178128519 0.8137220714810222 0.856951938873325 0.9795936392103153 1.0791003635145282 1.3573441578146468 1.580292366084929 1.8123864372294152 2.1931064047431543
556 6672 -0.8909619052376837 -0.22930557101260504 0.17927553528434065 0.9177028330081396 0.10912709184346596 0.14533913496877812 0.19779129189648317 0.2769361257784217 0.38476658781205536 0.4668161726170004 0.5228986951437296 0.5637309259331209 0.6724650541349987 0.6978727178128519 0.8137220714810222 0.856951938873325 0.9795936392103153 1.0791003635145282 1.3573441578146468 1.580292366084929 1.8123864372294152 2.1931064047431543
557 6684 -0.8949575510760903 -0.2324344692557517 0.17358837802108495 0.9159605691469075 0.10912709184346596 0.14533913496877812 0.19779129189648317 0.2769361257784217 0.38476658781205536 0.4668161726170004 0.5228986951437296 0.5637309259331209 0.6724650541349987 0.6978727178128519 0.8137220714810222 0.856951938873325 0.9795936392103153 1.0791003635145282 1.3573441578146468 1.580292366084929 1.8123864372294152 2.1931064047431543
558 6696 -0.893937703250255 -0.23596813200170036 0.17050873749651957 0.9187298407694493 0.10912709184346596 0.14533913496877812 0.19779129189648317 0.2769361257784217 0.38476658781205536 0.4668161726170004 0.5228986951437296 0.5637309259331209 0.6724650541349987 0.6978727178128519 0.8137220714810222 0.856951938873325 0.9795936392103153 1.0791003635145282 1.3573441578146468 1.580292366084929 1.8123864372294152 2.1931064047431543
559 6708 -0.8954643714947398 -0.24311995846420434 0.16783470236614312 0.9175075866071691 0.09651234453141344 0.12894251775634352 0.18368132634233825 0.2667232586657772 0.3669979695479744 0.48301130679396787 0.4979590090928178 0.5562820996800582 0.6435035233927766 0.7068903070552484 0.8394676882360594 0.8940562203590052 0.9148522593440334 1.1678546132856018 1.396467239794204 1.6159104205930142 1.732432456475124 2.1823145881319013
560 6720 -0.8977061836245364 -0.24471552599366833 0.161049642565047 0.9195686879172061 0.09651234453141344 0.12894251775634352 0.18368132634233825 0.2667232586657772 0.3669979695479744 0.48301130679396787 0.4979590090928178 0.5562820996800582 0.6435035233927766 0.7068903070552484 0.8394676882360594 0.8940562203590052 0.9148522593440334 1.1678546132856018 1.396467239794204 1.6159104205930142 1.732432456475124 2.1823145881319013
561 6732 -0.8963681590191612 -0.2411862107443187 0.1670236965032901 0.9218580756870954 0.09651234453141344 0.12894251775634352 0.18368132634233825 0.2667232586657772 0.3669979695479744 0.48301130679396787 0.4979590090928178 0.5562820996800582 0.6435035233927766 0.7068903070552484 0.8394676882360594 0.8940562203590052 0.9148522593440334 1.1678546132856018 1.396467239794204 1.6159104205930142 1.732432456475124 2.1823145881319013
562 6744 -0.8968515985784212 -0.2383340850452004 0.17535895860165593 0.9224825380016674 0.09651234453141344 0.12894251775634352 0.18368132634233825 0.2667232586657772 0.3669979695479744 0.48301130679396787 0.4979590090928178 0.5562820996800582 0.6435035233927766 0.7068903070552484 0.8394676882360594 0.8940562203590052 0.9148522593440334 1.1678546132856018 1.396467239794204 1.6159104205930142 1.732432456475124 2.1823145881319013
563 6756 -0.8975107455852142 -0.23204995469775078 0.17811485577388736 0.9239524692185273 0.09651234453141344 0.12894251775634352 0.18368132634233825 0.2667232586657772 0.3669979695479744 0.48301130679396787 0.4979590090928178 0.5562820996800582 0.6435035233927766 0.7068903070552484 0.8394676882360594 0.8940562203590052 0.9148522593440334 1.1678546132856018 1.396467239794204 1.6159104205930142 1.732432456475124 2.1823145881319013
564 6768 -0.8966646274796879 -0.2355673628443652 0.16906571340691617 0.926246103111244 0.09651234453141344 0.12894251775634352 0.18368132634233825 0.2667232586657772 0.3669979695479744 0.48301130679396787 0.4979590090928178 0.5562820996800582 0.6435035233927766 0.7068903070552484 0.8394676882360594 0.8940562203590052 0.9148522593440334 1.1678546132856018 1.396467239794204 1.6159104205930142 1.732432456475124 2.1823145881319013
565 6780 -0.8972139147455994 -0.22812837409353676 0.17052535956258516 0.9259302794313404 0.09651234453141344 0.12894251775634352 0.18368132634233825 0.2667232586657772 0.3669979695479744 0.48301130679396787 0.4979590090928178 0.5562820996800582 0.6435035233927766 0.7068903070552484 0.8394676882360594 0.8940562203590052 0.9148522593440334 1.1678546132856018 1.396467239794204 1.6159104205930142 1.732432456475124 2.1823145881319013
566 6792 -0.8956691591930172 -0.22868324719212482 0.17500894755499366 0.9278011187676957 0.09651234453141344 0.12894251775634352 0.18368132634233825 0.2667232586657772 0.3669979695479744 0.48301130679396787 0.4979590090928178 0.5562820996800582 0.6435035233927766 0.7068903070552484 0.8394676882360594 0.8940562203590052 0.9148522593440334 1.1678546132856018 1.396467239794204 1.6159104205930142 1.732432456475124 2.1823145881319013
567 6804 -0.8992775687910467 -0.22891659224404506 0.16584409843324574 0.9279426606012288 0.09651234453141344 0.12894251775634352 0.18368132634233825 0.2667232586657772 0.3669979695479744 0.48301130679396787 0.4979590090928178 0.5562820996800582 0.6435035233927766 0.7068903070552484 0.8394676882360594 0.8940562203590052 0.9148522593440334 1.1678546132856018 1.396467239794204 1.6159104205930142 1.732432456475124 2.1823145881319013
568 6816 -0.9004279298946858 -0.22885989671799434 0.16700060735386166 0.9253986213639398 0.09651234453141344 0.12894251775634352 0.18368132634233825 0.2667232586657772 0.3669979695479744 0.48301130679396787 0.4979590090928178 0.5562820996800582 0.6435035233927766 0.7068903070552484 0.8394676882360594 0.8940562203590052 0.9148522593440334 1.1678546132856018 1.396467239794204 1.6159104205930142 1.732432456475124 2.1823145881319013
569 6828 -0.9029732038743886 -0.22962802919449077 0.15994855501989208 0.9245278877804836 0.09651234453141344 0.12894251775634352 0.18368132634233825 0.2667232586657772 0.3669979695479744 0.48301130679396787 0.4979590090928178 0.5562820996800582 0.6435035233927766 0.7068903070552484 0.8394676882360594 0.8940562203590052 0.9148522593440334 1.1678546132856018 1.396467239794204 1.6159104205930142 1.732432456475124 2.1823145881319013
570 6840 -0.9048749023666934 -0.2266552667317504 0.17173557818067758 0.9234227685604864 0.09651234453141344 0.12894251775634352 0.18368132634233825 0.2667232586657772 0.3669979695479744 0.48301130679396787 0.4979590090928178 0.5562820996800582 0.6435035233927766 0.7068903070552484 0.8394676882360594 0.8940562203590052 0.9148522593440334 1.1678546132856018 1.396467239794204 1.6159104205930142 1.732432456475124 2.1823145881319013
571 6852 -0.9074881205603386 -0.22928870426566977 0.17096401189982888 0.9223393309909695 0.09651234453141344 0.12894251775634352 0.18368132634233825 0.2667232586657772 0.3669979695479744 0.48301130679396787 0.4979590090928178 0.5562820996800582 0.6435035233927766 0.7068903070552484 0.8394676882360594 0.8940562203590052 0.9148522593440334 1.1678546132856018 1.396467239794204 1.6159104205930142 1.732432456475124 2.1823145881319013
572 6864 -0.9067649039359509 -0.22688725846316926 0.1709513609591503 0.9234314057780031 0.09651234453141344 0.12894251775634352 0.18368132634233825 0.2667232586657772 0.3669979695479744 0.48301130679396787 0.4979590090928178 0.5562820996800582 0.6435035233927766 0.7068903070552484 0.8394676882360594 0.8940562203590052 0.9148522593440334 1.1678546132856018 1.396467239794204 1.6159104205930142 1.732432456475124 2.1823145881319013
573 6876 -0.9076188503701434 -0.23512163028355026 0.16521020507907205 0.9264256045286215 0.09651234453141344 0.12894251775634352 0.18368132634233825 0.2667232586657772 0.3669979695479744 0.48301130679396787 0.4979590090928178 0.5562820996800582 0.6435035233927766 0.7068903070552484 0.8394676882360594 0.8940562203590052 0.9148522593440334 1.1678546132856018 1.396467239794204 1.6159104205930142 1.732432456475124 2.1823145881319013
574 6888 -0.911649843862109 -0.23766888563914448 0.16269194963204264 0.9262326885122822 0.09651234453141344 0.12894251775634352 0.18368132634233825 0.2667232586657772 0.3669979695479744 0.48301130679396787 0.4979590090928178 0.5562820996800582 0.6435035233927766 0.7068903070552484 0.8394676882360594 0.8940562203590052 0.9148522593440334 1.1678546132856018 1.396467239794204 1.6159104205930142 1.732432456475124 2.1823145881319013
575 6900 -0.9117169062509979 -0.23710993942802167 0.16560540654055572 0.9260428445700591 0.09651234453141344 0.12894251775634352 0.18368132634233825 0.2667232586657772 0.3669979695479744 0.48301130679396787 0.4979590090928178 0.5562820996800582 0.6435035233927766 0.7068903070552484 0.8394676882360594 0.8940562203590052 0.9148522593440334 1.1678546132856018 1.396467239794204 1.6159104205930142 1.732432456475124 2.1823145881319013
576 6912 -0.9160863761295654 -0.23677167451867845 0.16030852642883253 0.9243246937603209 0.09651234453141344 0.12894251775634352 0.18368132634233825 0.2667232586657772 0.3669979695479744 0.48301130679396787 0.4979590090928178 0.5562820996800582 0.6435035233927766 0.7068903070552484 0.8394676882360594 0.8940562203590052 0.9148522593440334 1.1678546132856018 1.396467239794204 1.6159104205930142 1.732432456475124 2.1823145881319013
577 6924 -0.9171134252738594 -0.23471252279431 0.15823366685983542 0.9241552146505004 0.08320174668196705 0.10880735258750428 0.1691382863909254 0.28060006875017607 0.3777244440356707 0.46775250179253347 0.4803522993609145 0.560485185680334 0.6234735705745285 0.7017463199244506 0.7730359691773901 0.8025445619028854 0.9363138389061251 1.2877242345634128 1.3593979966413663 1.6409703925625976 1.7345767134899914 2.1818098305071545
578 6936 -0.9175655209680731 -0.22941193751553618 0.1538362561508329 0.9246352994245124 0.08320174668196705 0.10880735258750428 0.1691382863909254 0.28060006875017607 0.3777244440356707 0.46775250179253347 0.4803522993609145 0.560485185680334 0.6234735705745285 0.7017463199244506 0.7730359691773901 0.8025445619028854 0.9363138389061251 1.2877242345634128 1.3593979966413663 1.6409703925625976 1.7345767134899914 2.1818098305071545
579 6948 -0.9167879634911642 -0.22867097649686172 0.15089973446884386 0.9259211019111867 0.08320174668196705 0.10880735258750428 0.1691382863909254 0.28060006875017607 0.3777244440356707 0.46775250179253347 0.4803522993609145 0.560485185680334 0.6234735705745285 0.7017463199244506 0.7730359691773901 0.8025445619028854 0.9363138389061251 1.2877242345634128 1.3593979966413663 1.6409703925625976 1.7345767134899914 2.1818098305071545
580 6960 -0.9169699144138054 -0.21971757851811188 0.1497389311483871 0.9225875508351566 0.08320174668196705 0.10880735258750428 0.1691382863909254 0.28060006875017607 0.3777244440356707 0.46775250179253347 0.4803522993609145 0.560485185680334 0.6234735705745285 0.7017463199244506 0.7730359691773901 0.8025445619028854 0.9363138389061251 1.2877242345634128 1.3593979966413663 1.6409703925625976 1.7345767134899914 2.1818098305071545
581 6972 -0.9161565853109788 -0.21431433388799676 0.14142489326277033 0.922848292354815 0.08320174668196705 0.10880735258750428 0.1691382863909254 0.28060006875017607 0.3777244440356707 0.46775250179253347 0.4803522993609145 0.560485185680334 0.6234735705745285 0.7017463199244506 0.7730359691773901 0.8025445619028854 0.9363138389061251 1.2877242345634128 1.3593979966413663 1.6409703925625976 1.7345767134899914 2.1818098305071545
582 6984 -0.9152290819536678 -0.2218740773093223 0.1471603626379467 0.9237473033276352 0.08320174668196705 0.10880735258750428 0.1691382863909254 0.28060006875017607 0.3777244440356707 0.46775250179253347 0.4803522993609145 0.560485185680334 0.6234735705745285 0.7017463199244506 0.7730359691773901 0.8025445619028854 0.9363138389061251 1.2877242345634128 1.3593979966413663 1.6409703925625976 1.7345767134899914 2.1818098305071545
583 6996 -0.9158487146385745 -0.21515670169923679 0.15521577135988965 0.9239678829663469 0.08320174668196705 0.10880735258750428 0.1691382863909254 0.28060006875017607 0.3777244440356707 0.46775250179253347 0.4803522993609145 0.560485185680334 0.6234735705745285 0.7017463199244506 0.7730359691773901 0.8025445619028854 0.9363138389061251 1.2877242345634128 1.3593979966413663 1.6409703925625976 1.7345767134899914 2.1818098305071545
584 7008 -0.915618162136261 -0.21925552958218522 0.15460557697069938 0.9236382966068624 0.08320174668196705 0.10880735258750428 0.1691382863909254 0.28060006875017607 0.3777244440356707 0.46775250179253347 0.4803522993609145 0.560485185680334 0.6234735705745285 0.7017463199244506 0.7730359691773901 0.8025445619028854 0.9363138389061251 1.2877242345634128 1.3593979966413663 1.6409703925625976 1.7345767134899914 2.1818098305071545
585 7020 -0.9151825033906503 -0.21737332847963875 0.1427663179187979 0.925379365953667 0.08320174668196705 0.10880735258750428 0.1691382863909254 0.28060006875017607 0.3777244440356707 0.46775250179253347 0.4803522993609145 0.560485185680334 0.6234735705745285 0.7017463199244506 0.7730359691773901 0.8025445619028854 0.9363138389061251 1.2877242345634128 1.3593979966413663 1.6409703925625976 1.7345767134899914 2.1818098305071545
586 7032 -0.9150164383395957 -0.21428635544308153 0.14603584225689453 0.924039747303531 0.08320174668196705 0.10880735258750428 0.1691382863909254 0.28060006875017607 0.3777244440356707 0.46775250179253347 0.4803522993609145 0.560485185680334 0.6234735705745285 0.7017463199244506 0.7730359691773901 0.8025445619028854 0.9363138389061251 1.2877242345634128 1.3593979966413663 1.6409703925625976 1.7345767134899914 2.1818098305071545
587 7044 -0.9166956326497395 -0.21281233750153838 0.14560637898057083 0.921907404614682 0.08320174668196705 0.10880735258750428 0.1691382863909254 0.28060006875017607 0.3777244440356707 0.46775250179253347 0.4803522993609145 0.560485185680334 0.6234735705745285 0.7017463199244506 0.7730359691773901 0.8025445619028854 0.9363138389061251 1.2877242345634128 1.3593979966413663 1.6409703925625976 1.7345767134899914 2.1818098305071545
588 7056 -0.9168701861696185 -0.21730366884187358 0.13891029476511974 0.9210064944187261 0.08320174668196705 0.10880735258750428 0.1691382863909254 0.28060006875017607 0.3777244440356707 0.46775250179253347 0.4803522993609145 0.560485185680334 0.6234735705745285 0.7017463199244506 0.7730359691773901 0.8025445619028854 0.9363138389061251 1.2877242345634128 1.3593979966413663 1.6409703925625976 1.7345767134899914 2.1818098305071545
589 7068 -0.9161695082057998 -0.2225837936938324 0.13253826371618238 0.922182861056953 0.08320174668196705 0.10880735258750428 0.1691382863909254 0.28060006875017607 0.3777244440356707 0.46775250179253347 0.4803522993609145 0.560485185680334 0.6234735705745285 0.7017463199244506 0.7730359691773901 0.8025445619028854 0.9363138389061251 1.2877242345634128 1.3593979966413663 1.6409703925625976 1.7345767134899914 2.1818098305071545
590 7080 -0.9185922971290686 -0.2294720993326954 0.12560262720454668 0.92109154574104 0.08320174668196705 0.10880735258750428 0.1691382863909254 0.28060006875017607 0.3777244440356707 0.46775250179253347 0.4803522993609145 0.560485185680334 0.6234735705745285 0.7017463199244506 0.7730359691773901 0.8025445619028854 0.9363138389061251 1.2877242345634128 1.3593979966413663 1.6409703925625976 1.7345767134899914 2.1818098305071545
591 7092 -0.9187442306272832 -0.22602292957121034 0.12614429843644734 0.92148947698934 0.08320174668196705 0.10880735258750428 0.1691382863909254 0.28060006875017607 0.3777244440356707 0.46775250179253347 0.4803522993609145 0.560485185680334 0.6234735705745285 0.7017463199244506 0.7730359691773901 0.8025445619028854 0.9363138389061251 1.2877242345634128 1.3593979966413663 1.6409703925625976 1.7345767134899914 2.1818098305071545
592 7104 -0.9182199149471524 -0.22953567580991455 0.1228549915739279 0.9237361466614482 0.08320174668196705 0.10880735258750428 0.1691382863909254 0.28060006875017607 0.3777244440356707 0.46775250179253347 0.4803522993609145 0.560485185680334 0.6234735705745285 0.7017463199244506 0.7730359691773901 0.8025445619028854 0.9363138389061251 1.2877242345634128 1.3593979966413663 1.6409703925625976 1.7345767134899914 2.1818098305071545
593 7116 -0.9170465488244387 -0.23254787091908521 0.12646472246827425 0.9242240905385282 0.08320174668196705 0.10880735258750428 0.1691382863909254 0.28060006875017607 0.3777244440356707 0.46775250179253347 0.4803522993609145 0.560485185680334 0.6234735705745285 0.7017463199244506 0.7730359691773901 0.8025445619028854 0.9363138389061251 1.2877242345634128 1.3593979966413663 1.6409703925625976 1.7345767134899914 2.1818098305071545
594 7128 -0.9174627326557552 -0.2236172654254364 0.12480861164201691 0.9242563642555455 0.08320174668196705 0.10880735258750428 0.1691382863909254 0.28060006875017607 0.3777244440356707 0.46775250179253347 0.4803522993609145 0.560485185680334 0.6234735705745285 0.7017463199244506 0.7730359691773901 0.8025445619028854 0.9363138389061251 1.2877242345634128 1.3593979966413663 1.6409703925625976 1.7345767134899914 2.1818098305071545
595 7140 -0.9179612141473678 -0.22092798115306997 0.12498872612837952 0.923863463491675 0.07927449627284533 0.10155133973105655 0.16641003845582103 0.2870608604514735 0.3903514655511921 0.48397455155988517 0.4952414506008338 0.5710528591726665 0.668487770632821 0.7008539361850369 0.7806660826089113 0.8308250515735801 0.9918122387893382 1.2556856250106934 1.4307324003493045 1.5864033152308556 1.7018072746667485 2.1580771583484575
596 7152 -0.9212496358797512 -0.22248010645267377 0.14822896807715236 0.9239756383814642 0.07927449627284533 0.10155133973105655 0.16641003845582103 0.2870608604514735 0.3903514655511921 0.48397455155988517 0.4952414506008338 0.5710528591726665 0.668487770632821 0.7008539361850369 0.7806660826089113 0.8308250515735801 0.9918122387893382 1.2556856250106934 1.4307324003493045 1.5864033152308556 1.7018072746667485 2.1580771583484575
597 7164 -0.9219584717006214 -0.22152245651185665 0.15333233496405657 0.922154841974183 0.07927449627284533 0.10155133973105655 0.16641003845582103 0.2870608604514735 0.3903514655511921 0.48397455155988517 0.4952414506008338 0.5710528591726665 0.668487770632821 0.7008539361850369 0.7806660826089113 0.8308250515735801 0.9918122387893382 1.2556856250106934 1.4307324003493045 1.5864033152308556 1.7018072746667485 2.1580771583484575
598 7176 -0.9236592417265108 -0.22083356822592476 0.16300249087114754 0.9242030650893885 0.07927449627284533 0.10155133973105655 0.16641003845582103 0.2870608604514735 0.3903514655511921 0.48397455155988517 0.4952414506008338 0.5710528591726665 0.668487770632821 0.7008539361850369 0.7806660826089113 0.8308250515735801 0.9918122387893382 1.2556856250106934 1.4307324003493045 1.5864033152308556 1.7018072746667485 2.1580771583484575
599 7188 -0.9261128484075314 -0.2237475647595274 0.16130795527019137 0.9210634032040204 0.07927449627284533 0.10155133973105655 0.16641003845582103 0.2870608604514735 0.3903514655511921 0.48397455155988517 0.4952414506008338 0.5710528591726665 0.668487770632821 0.7008539361850369 0.7806660826089113 0.8308250515735801 0.9918122387893382 1.2556856250106934 1.4307324003493045 1.5864033152308556 1.7018072746667485 2.1580771583484575
600 7200 -0.9265533235644279 -0.22045399295528398 0.1585612641534957 0.9247079326517653 0.07927449627284533 0.10155133973105655 0.16641003845582103 0.2870608604514735 0.3903514655511921 0.48397455155988517 0.4952414506008338 0.5710528591726665 0.668487770632821 0.7008539361850369 0.7806660826089113 0.8308250515735801 0.9918122387893382 1.2556856250106934 1.4307324003493045 1.5864033152308556 1.7018072746667485 2.1580771583484575
601 7212 -0.9265662122925129 -0.2242479635093089 0.1553985286228467 0.9232486455190867 0.07927449627284533 0.10155133973105655 0.16641003845582103 0.2870608604514735 0.3903514655511921 0.48397455155988517 0.4952414506008338 0.5710528591726665 0.668487770632821 0.7008539361850369 0.7806660826089113 0.8308250515735801 0.9918122387893382 1.2556856250106934 1.4307324003493045 1.5864033152308556 1.7018072746667485 2.1580771583484575
602 7224 -0.9266648300319409 -0.2298226382592356 0.16159117450542954 0.923866592470646 0.07927449627284533 0.10155133973105655 0.16641003845582103 0.2870608604514735 0.3903514655511921 0.48397455155988517 0.4952414506008338 0.5710528591726665 0.668487770632821 0.7008539361850369 0.7806660826089113 0.8308250515735801 0.9918122387893382 1.2556856250106934 1.4307324003493045 1.5864033152308556 1.7018072746667485 2.1580771583484575
603 7236 -0.9261419309677658 -0.22680854654661833 0.16441374186834742 0.9241660324734093 0.07927449627284533 0.10155133973105655 0.16641003845582103 0.2870608604514735 0.3903514655511921 0.48397455155988517 0.4952414506008338 0.5710528591726665 0.668487770632821 0.7008539361850369 0.7806660826089113 0.8308250515735801 0.9918122387893382 1.2556856250106934 1.4307324003493045 1.5864033152308556 1.7018072746667485 2.1580771583484575
604 7248 -0.9240471704908888 -0.22792104341964323 0.17065830602228363 0.9258008849084879 0.07927449627284533 0.10155133973105655 0.16641003845582103 0.2870608604514735 0.3903514655511921 0.48397455155988517 0.4952414506008338 0.5710528591726665 0.668487770632821 0.7008539361850369 0.7806660826089113 0.8308250515735801 0.9918122387893382 1.2556856250106934 1.4307324003493045 1.5864033152308556 1.7018072746667485 2.1580771583484575
605 7260 -0.9232054563352368 -0.24123336426659803 0.17260391129048153 0.9263519926906227 0.07927449627284533 0.10155133973105655 0.16641003845582103 0.2870608604514735 0.3903514655511921 0.48397455155988517 0.4952414506008338 0.5710528591726665 0.668487770632821 0.7008539361850369 0.7806660826089113 0.8308250515735801 0.9918122387893382 1.2556856250106934 1.4307324003493045 1.5864033152308556 1.7018072746667485 2.1580771583484575
606 7272 -0.9221523356186859 -0.24523855459662336 0.17039063074064756 0.9276532590390106 0.07927449627284533 0.10155133973105655 0.16641003845582103 0.2870608604514735 0.3903514655511921 0.48397455155988517 0.4952414506008338 0.5710528591726665 0.668487770632821 0.7008539361850369 0.7806660826089113 0.8308250515735801 0.9918122387893382 1.2556856250106934 1.4307324003493045 1.5864033152308556 1.7018072746667485 2.1580771583484575
607 7284 -0.9205199521667831 -0.23558187497610988 0.16493168445129117 0.9270612270138046 0.07927449627284533 0.10155133973105655 0.16641003845582103 0.2870608604514735 0.3903514655511921 0.48397455155988517 0.4952414506008338 0.5710528591726665 0.668487770632821 0.7008539361850369 0.7806660826089113 0.8308250515735801 0.9918122387893382 1.2556856250106934 1.4307324003493045 1.5864033152308556 1.7018072746667485 2.1580771583484575
608 7296 -0.9245341148796139 -0.2475823749095265 0.16943923554116536 0.9281876707278105 0.07927449627284533 0.10155133973105655 0.16641003845582103 0.2870608604514735 0.3903514655511921 0.48397455155988517 0.4952414506008338 0.5710528591726665 0.668487770632821 0.7008539361850369 0.7806660826089113 0.8308250515735801 0.9918122387893382 1.2556856250106934 1.4307324003493045 1.5864033152308556 1.7018072746667485 2.1580771583484575
609 7308 -0.9254042292440263 -0.2514173505869036 0.17151131719210483 0.9275897217398118 0.07927449627284533 0.10155133973105655 0.16641003845582103 0.2870608604514735 0.3903514655511921 0.48397455155988517 0.4952414506008338 0.5710528591726665 0.668487770632821 0.7008539361850369 0.7806660826089113 0.8308250515735801 0.9918122387893382 1.2556856250106934 1.4307324003493045 1.5864033152308556 1.7018072746667485 2.1580771583484575
610 7320 -0.9265062330231849 -0.25308180408689407 0.17513881705765097 0.9252358920422958 0.07927449627284533 0.10155133973105655 0.16641003845582103 0.2870608604514735 0.3903514655511921 0.48397455155988517 0.4952414506008338 0.5710528591726665 0.668487770632821 0.7008539361850369 0.7806660826089113 0.8308250515735801 0.9918122387893382 1.2556856250106934 1.4307324003493045 1.5864033152308556 1.7018072746667485 2.1580771583484575
611 7332 -0.9246533373008149 -0.25525887897049027 0.18640079887424676 0.9259702192760277 0.07927449627284533 0.10155133973105655 0.16641003845582103 0.2870608604514735 0.3903514655511921 0.48397455155988517 0.4952414506008338 0.5710528591726665 0.668487770632821 0.7008539361850369 0.7806660826089113 0.8308250515735801 0.9918122387893382 1.2556856250106934 1.4307324003493045 1.5864033152308556 1.7018072746667485 2.1580771583484575
612 7344 -0.9256131934664957 -0.2515463222918437 0.1820477275940708 0.9271259514551525 0.07927449627284533 0.10155133973105655 0.16641003845582103 0.2870608604514735 0.3903514655511921 0.48397455155988517 0.4952414506008338 0.5710528591726665 0.668487770632821 0.7008539361850369 0.7806660826089113 0.8308250515735801 0.9918122387893382 1.2556856250106934 1.4307324003493045 1.5864033152308556 1.7018072746667485 2.1580771583484575
613 7356 -0.9256105316603375 -0.24635317872063914 0.17694741069987438 0.9253460882443915 0.07079176881221151 0.09191207980994717 0.162291472039244 0.2807898033888924 0.3860561634459305 0.4742105226406499 0.48589173845735784 0.5521110324927334 0.6653616046091059 0.7072102106254665 0.7340077661036265 0.8093255830500251 0.9669271947804323 1.2712121928054336 1.3989273353504124 1.4824244144933794 1.7079278634822401 2.2819669579972377
614 7368 -0.924817194546754 -0.24094561405488918 0.16729093129589223 0.9261510959347926 0.07079176881221151 0.09191207980994717 0.162291472039244 0.2807898033888924 0.3860561634459305 0.4742105226406499 0.48589173845735784 0.5521110324927334 0.6653616046091059 0.7072102106254665 0.7340077661036265 0.8093255830500251 0.9669271947804323 1.2712121928054336 1.3989273353504124 1.4824244144933794 1.7079278634822401 2.2819669579972377
615 7380 -0.9244726403887874 -0.2406669298837486 0.1746270933987551 0.9267284587389155 0.07079176881221151 0.09191207980994717 0.162291472039244 0.2807898033888924 0.3860561634459305 0.4742105226406499 0.48589173845735784 0.5521110324927334 0.6653616046091059 0.7072102106254665 0.7340077661036265 0.8093255830500251 0.9669271947804323 1.2712121928054336 1.3989273353504124 1.4824244144933794 1.7079278634822401 2.2819669579972377
616 7392 -0.9252466194624239 -0.23880649392848613 0.16393695709194464 0.9269672210531115 0.07079176881221151 0.09191207980994717 0.162291472039244 0.2807898033888924 0.3860561634459305 0.4742105226406499 0.48589173845735784 0.5521110324927334 0.6653616046091059 0.7072102106254665 0.7340077661036265 0.8093255830500251 0.9669271947804323 1.2712121928054336 1.3989273353504124 1.4824244144933794 1.7079278634822401 2.2819669579972377
617 7404 -0.9270063078258269 -0.24786896260126492 0.16177609283250144 0.9278615670780426 0.07079176881221151 0.09191207980994717 0.162291472039244 0.2807898033888924 0.3860561634459305 0.4742105226406499 0.48589173845735784 0.5521110324927334 0.6653616046091059 0.7072102106254665 0.7340077661036265 0.8093255830500251 0.9669271947804323 1.2712121928054336 1.3989273353504124 1.4824244144933794 1.7079278634822401 2.2819669579972377
618 7416 -0.9301204240214227 -0.25500752508450797 0.15948210835890386 0.9266304006551962 0.07079176881221151 0.09191207980994717 0.162291472039244 0.2807898033888924 0.3860561634459305 0.4742105226406499 0.48589173845735784 0.5521110324927334 0.6653616046091059 0.7072102106254665 0.7340077661036265 0.8093255830500251 0.9669271947804323 1.2712121928054336 1.3989273353504124 1.4824244144933794 1.7079278634822401 2.2819669579972377
619 7428 -0.932203711548166 -0.2594528432111107 0.16018341569964267 0.9257781913912482 0.07079176881221151 0.09191207980994717 0.162291472039244 0.2807898033888924 0.3860561634459305 0.4742105226406499 0.48589173845735784 0.5521110324927334 0.6653616046091059 0.7072102106254665 0.7340077661036265 0.8093255830500251 0.9669271947804323 1.2712121928054336 1.3989273353504124 1.4824244144933794 1.7079278634822401 2.2819669579972377
620 7440 -0.9323097501415495 -0.2550185157188099 0.16543862259247466 0.9235961182638445 0.07079176881221151 0.09191207980994717 0.162291472039244 0.2807898033888924 0.3860561634459305 0.4742105226406499 0.48589173845735784 0.5521110324927334 0.6653616046091059 0.7072102106254665 0.7340077661036265 0.8093255830500251 0.9669271947804323 1.2712121928054336 1.3989273353504124 1.4824244144933794 1.7079278634822401 2.2819669579972377
621 7452 -0.9327565731981459 -0.25728844831164943 0.1704600221209297 0.921540960193926 0.07079176881221151 0.09191207980994717 0.162291472039244 0.2807898033888924 0.3860561634459305 0.4742105226406499 0.48589173845735784 0.5521110324927334 0.6653616046091059 0.7072102106254665 0.7340077661036265 0.8093255830500251 0.9669271947804323 1.2712121928054336 1.3989273353504124 1.4824244144933794 1.7079278634822401 2.2819669579972377
622 7464 -0.9313426542859017 -0.26310696515606347 0.18171268913088923 0.9218216402594221 0.07079176881221151 0.09191207980994717 0.162291472039244 0.2807898033888924 0.3860561634459305 0.4742105226406499 0.48589173845735784 0.5521110324927334 0.6653616046091059 0.7072102106254665 0.7340077661036265 0.8093255830500251 0.9669271947804323 1.2712121928054336 1.3989273353504124 1.4824244144933794 1.7079278634822401 2.2819669579972377
623 7476 -0.9316803760752185 -0.2702883290544488 0.19098870091216102 0.9232966627602759 0.07079176881221151 0.09191207980994717 0.162291472039244 0.2807898033888924 0.3860561634459305 0.4742105226406499 0.48589173845735784 0.5521110324927334 0.6653616046091059 0.7072102106254665 0.7340077661036265 0.8093255830500251 0.9669271947804323 1.2712121928054336 1.3989273353504124 1.4824244144933794 1.7079278634822401 2.2819669579972377
624 7488 -0.9315795938551689 -0.27847062490044505 0.20258421802447715 0.9255390209255804 0.07079176881221151 0.09191207980994717 0.162291472039244 0.2807898033888924 0.3860561634459305 0.4742105226406499 0.48589173845735784 0.5521110324927334 0.6653616046091059 0.7072102106254665 0.7340077661036265 0.8093255830500251 0.9669271947804323 1.2712121928054336 1.3989273353504124 1.4824244144933794 1.7079278634822401 2.2819669579972377
625 7500 -0.9339244019156848 -0.29817598988578875 0.22000262450868738 0.9237615706772414 0.07079176881221151 0.09191207980994717 0.162291472039244 0.2807898033888924 0.3860561634459305 0.4742105226406499 0.48589173845735784 0.5521110324927334 0.6653616046091059 0.7072102106254665 0.7340077661036265 0.8093255830500251 0.9669271947804323 1.2712121928054336 1.3989273353504124 1.4824244144933794 1.7079278634822401 2.2819669579972377
626 7512 -0.9351174181482234 -0.2977108036346703 0.21882518189276404 0.9250998975952011 0.07079176881221151 0.09191207980994717 0.162291472039244 0.2807898033888924 0.3860561634459305 0.4742105226406499 0.48589173845735784 0.5521110324927334 0.6653616046091059 0.7072102106254665 0.7340077661036265 0.8093255830500251 0.9669271947804323 1.2712121928054336 1.3989273353504124 1.4824244144933794 1.7079278634822401 2.2819669579972377
627 7524 -0.9368870146610291 -0.2941166817971214 0.2233585128690539 0.9265328242400716 0.07079176881221151 0.09191207980994717 0.162291472039244 0.2807898033888924 0.3860561634459305 0.4742105226406499 0.48589173845735784 0.5521110324927334 0.6653616046091059 0.7072102106254665 0.7340077661036265 0.8093255830500251 0.9669271947804323 1.2712121928054336 1.3989273353504124 1.4824244144933794 1.7079278634822401 2.2819669579972377
628 7536 -0.938429739731473 -0.293113857705803 0.2289541627154855 0.9253517409654073 0.07079176881221151 0.09191207980994717 0.162291472039244 0.2807898033888924 0.3860561634459305 0.4742105226406499 0.48589173845735784 0.5521110324927334 0.6653616046091059 0.7072102106254665 0.7340077661036265 0.8093255830500251 0.9669271947804323 1.2712121928054336 1.3989273353504124 1.4824244144933794 1.7079278634822401 2.2819669579972377
629 7548 -0.9404896861147911 -0.29384101356221104 0.22798212780808824 0.9272076371470276 0.07079176881221151 0.09191207980994717 0.162291472039244 0.2807898033888924 0.3860561634459305 0.4742105226406499 0.48589173845735784 0.5521110324927334 0.6653616046091059 0.7072102106254665 0.7340077661036265 0.8093255830500251 0.9669271947804323 1.2712121928054336 1.3989273353504124 1.4824244144933794 1.7079278634822401 2.2819669579972377
630 7560 -0.9418646566732904 -0.29951596009974507 0.23389705497579089 0.9263421213750193 0.07079176881221151 0.09191207980994717 0.162291472039244 0.2807898033888924 0.3860561634459305 0.4742105226406499 0.48589173845735784 0.5521110324927334 0.6653616046091059 0.7072102106254665 0.7340077661036265 0.8093255830500251 0.9669271947804323 1.2712121928054336 1.3989273353504124 1.4824244144933794 1.7079278634822401 2.2819669579972377
631 7572 -0.9437551920375009 -0.29802224867944516 0.23984716683382745 0.9263665141217067 0.05783588976982952 0.07643080755346013 0.14808902696506732 0.258651274933992 0.36161951531494124 0.4484829924805686 0.46450470188372084 0.5001003959102425 0.6099789211477743 0.6530598558230852 0.665888772883745 0.7657689325276245 0.8950878904123873 1.1770241512363822 1.390701575418505 1.4122280184425278 1.7497819169291104 2.4696349209533923
632 7584 -0.943248127280703 -0.30544622954651957 0.24740836785477233 0.9282946307516433 0.05783588976982952 0.07643080755346013 0.14808902696506732 0.258651274933992 0.36161951531494124 0.4484829924805686 0.46450470188372084 0.5001003959102425 0.6099789211477743 0.6530598558230852 0.665888772883745 0.7657689325276245 0.8950878904123873 1.1770241512363822 1.390701575418505 1.4122280184425278 1.7497819169291104 2.4696349209533923
633 7596 -0.9428514046090951 -0.31376540813163106 0.25453064729403063 0.9282919864275613 0.05783588976982952 0.07643080755346013 0.14808902696506732 0.258651274933992 0.36161951531494124 0.4484829924805686 0.46450470188372084 0.5001003959102425 0.6099789211477743 0.6530598558230852 0.665888772883745 0.7657689325276245 0.8950878904123873 1.1770241512363822 1.390701575418505 1.4122280184425278 1.7497819169291104 2.4696349209533923
634 7608 -0.9431641881712987 -0.31309503927257 0.25184360555040697 0.9276728894597782 0.05783588976982952 0.07643080755346013 0.14808902696506732 0.258651274933992 0.36161951531494124 0.4484829924805686 0.46450470188372084 0.5001003959102425 0.6099789211477743 0.6530598558230852 0.665888772883745 0.7657689325276245 0.8950878904123873 1.1770241512363822 1.390701575418505 1.4122280184425278 1.7497819169291104 2.4696349209533923
635 7620 -0.9442765766232695 -0.3139550409164264 0.26164307731208425 0.9277726991435544 0.05783588976982952 0.07643080755346013 0.14808902696506732 0.258651274933992 0.36161951531494124 0.4484829924805686 0.46450470188372084 0.5001003959102425 0.6099789211477743 0.6530598558230852 0.665888772883745 0.7657689325276245 0.8950878904123873 1.1770241512363822 1.390701575418505 1.4122280184425278 1.7497819169291104 2.4696349209533923
636 7632 -0.9440369820726598 -0.31379902617927424 0.25781643904968066 0.9282913051686308 0.05783588976982952 0.07643080755346013 0.14808902696506732 0.258651274933992 0.36161951531494124 0.4484829924805686 0.46450470188372084 0.5001003959102425 0.6099789211477743 0.6530598558230852 0.665888772883745 0.7657689325276245 0.8950878904123873 1.1770241512363822 1.390701575418505 1.4122280184425278 1.7497819169291104 2.4696349209533923
637 7644 -0.9429429216283174 -0.3090954291168601 0.25882944774544575 0.9274421334438536 0.05783588976982952 0.07643080755346013 0.14808902696506732 0.258651274933992 0.36161951531494124 0.4484829924805686 0.46450470188372084 0.5001003959102425 0.6099789211477743 0.6530598558230852 0.665888772883745 0.7657689325276245 0.8950878904123873 1.1770241512363822 1.390701575418505 1.4122280184425278 1.7497819169291104 2.4696349209533923
638 7656 -0.9440677005178277 -0.31571537912869807 0.2535238803799965 0.927101276335393 0.05783588976982952 0.07643080755346013 0.14808902696506732 0.258651274933992 0.36161951531494124 0.4484829924805686 0.46450470188372084 0.5001003959102425 0.6099789211477743 0.6530598558230852 0.665888772883745 0.7657689325276245 0.8950878904123873 1.1770241512363822 1.390701575418505 1.4122280184425278 1.7497819169291104 2.4696349209533923
639 7668 -0.9462486777350602 -0.32010126741230305 0.2503962405673936 0.921490203959928 0.05783588976982952 0.07643080755346013 0.14808902696506732 0.258651274933992 0.36161951531494124 0.4484829924805686 0.46450470188372084 0.5001003959102425 0.6099789211477743 0.6530598558230852 0.665888772883745 0.7657689325276245 0.8950878904123873 1.1770241512363822 1.390701575418505 1.4122280184425278 1.7497819169291104 2.4696349209533923
640 7680 -0.9460083592811651 -0.3331164758554226 0.2503449377630514 0.9220709248671095 0.05783588976982952 0.07643080755346013 0.14808902696506732 0.258651274933992 0.36161951531494124 0.4484829924805686 0.46450470188372084 0.5001003959102425 0.6099789211477743 0.6530598558230852 0.665888772883745 0.7657689325276245 0.8950878904123873 1.1770241512363822 1.390701575418505 1.4122280184425278 1.7497819169291104 2.4696349209533923
641 7692 -0.9460195076740052 -0.33288605811203065 0.2537752826698825 0.920569167000228 0.05783588976982952 0.07643080755346013 0.14808902696506732 0.258651274933992 0.36161951531494124 0.4484829924805686 0.46450470188372084 0.5001003959102425 0.6099789211477743 0.6530598558230852 0.665888772883745 0.7657689325276245 0.8950878904123873 1.1770241512363822 1.390701575418505 1.4122280184425278 1.7497819169291104 2.4696349209533923
642 7704 -0.9473682500944822 -0.33095415978360854 0.24893539189976277 0.9190732181498681 0.05783588976982952 0.07643080755346013 0.14808902696506732 0.258651274933992 0.36161951531494124 0.4484829924805686 0.46450470188372084 0.5001003959102425 0.6099789211477743 0.6530598558230852 0.665888772883745 0.7657689325276245 0.8950878904123873 1.1770241512363822 1.390701575418505 1.4122280184425278 1.7497819169291104 2.4696349209533923
643 7716 -0.9490496299895427 -0.33610251624602183 0.2539490871852649 0.9137715229851685 0.05783588976982952 0.07643080755346013 0.14808902696506732 0.258651274933992 0.36161951531494124 0.4484829924805686 0.46450470188372084 0.5001003959102425 0.6099789211477743 0.6530598558230852 0.665888772883745 0.7657689325276245 0.8950878904123873 1.1770241512363822 1.390701575418505 1.4122280184425278 1.7497819169291104 2.4696349209533923
644 7728 -0.9504936575555714 -0.3281921782480492 0.2527061180221693 0.9079309096576609 0.05783588976982952 0.07643080755346013 0.14808902696506732 0.258651274933992 0.36161951531494124 0.4484829924805686 0.46450470188372084 0.5001003959102425 0.6099789211477743 0.6530598558230852 0.665888772883745 0.7657689325276245 0.8950878904123873 1.1770241512363822 1.390701575418505 1.4122280184425278 1.7497819169291104 2.4696349209533923
645 7740 -0.9507423016019457 -0.3380521826485983 0.2548190240028272 0.9069615104417436 0.05783588976982952 0.07643080755346013 0.14808902696506732 0.258651274933992 0.36161951531494124 0.4484829924805686 0.46450470188372084 0.5001003959102425 0.6099789211477743 0.6530598558230852 0.665888772883745 0.7657689325276245 0.8950878904123873 1.1770241512363822 1.390701575418505 1.4122280184425278 1.7497819169291104 2.4696349209533923
646 7752 -0.9515167532015744 -0.34320692216963616 0.250184436732372 0.9040616569582788 0.05783588976982952 0.07643080755346013 0.14808902696506732 0.258651274933992 0.36161951531494124 0.4484829924805686 0.46450470188372084 0.5001003959102425 0.6099789211477743 0.6530598558230852 0.665888772883745 0.7657689325276245 0.8950878904123873 1.1770241512363822 1.390701575418505 1.4122280184425278 1.7497819169291104 2.4696349209533923
647 7764 -0.9505091867103886 -0.3342591440266932 0.2568070634451345 0.9045684988885634 0.05783588976982952 0.07643080755346013 0.14808902696506732 0.258651274933992 0.36161951531494124 0.4484829924805686 0.46450470188372084 0.5001003959102425 0.6099789211477743 0.6530598558230852 0.665888772883745 0.7657689325276245 0.8950878904123873 1.1770241512363822 1.390701575418505 1.4122280184425278 1.7497819169291104 2.4696349209533923
648 7776 -0.9491883836434354 -0.3335184830450921 0.26460915118346995 0.9052500525169161 0.05783588976982952 0.07643080755346013 0.14808902696506732 0.258651274933992 0.36161951531494124 0.4484829924805686 0.46450470188372084 0.5001003959102425 0.6099789211477743 0.6530598558230852 0.665888772883745 0.7657689325276245 0.8950878904123873 1.1770241512363822 1.390701575418505 1.4122280184425278 1.7497819169291104 2.4696349209533923
649 7788 -0.9488624944429987 -0.332097498124006 0.2686760551950811 0.9014219855086829 0.05047888628418942 0.07298747342147217 0.13834250013755423 0.2470125684795493 0.34165285784261745 0.42485442840826715 0.46090114655161135 0.5106216509466945 0.6020516330403566 0.6279821774518504 0.6408754031506907 0.7696066141153965 0.8527192747901944 1.149891217055492 1.3081390704206728 1.3792344423215916 1.7922204030272624 2.550840200694994
650 7800 -0.9499780139313455 -0.33496227820226177 0.2723547571539651 0.9018432377488999 0.05047888628418942 0.07298747342147217 0.13834250013755423 0.2470125684795493 0.34165285784261745 0.42485442840826715 0.46090114655161135 0.5106216509466945 0.6020516330403566 0.6279821774518504 0.6408754031506907 0.7696066141153965 0.8527192747901944 1.149891217055492 1.3081390704206728 1.3792344423215916 1.7922204030272624 2.550840200694994
651 7812 -0.9506524938140188 -0.3431109389757627 0.27459773603661136 0.9068321200127855 0.05047888628418942 0.07298747342147217 0.13834250013755423 0.2470125684795493 0.34165285784261745 0.42485442840826715 0.46090114655161135 0.5106216509466945 0.6020516330403566 0.6279821774518504 0.6408754031506907 0.7696066141153965 0.8527192747901944 1.149891217055492 1.3081390704206728 1.3792344423215916 1.7922204030272624 2.550840200694994
652 7824 -0.9508162966361118 -0.34267435564264065 0.27973114577325287 0.9094342391081859 0.05047888628418942 0.07298747342147217 0.13834250013755423 0.2470125684795493 0.34165285784261745 0.42485442840826715 0.46090114655161135 0.5106216509466945 0.6020516330403566 0.6279821774518504 0.6408754031506907 0.7696066141153965 0.8527192747901944 1.149891217055492 1.3081390704206728 1.3792344423215916 1.7922204030272624 2.550840200694994
653 7836 -0.9513149315580435 -0.3532415396335171 0.2982186252205754 0.912623773953375 0.05047888628418942 0.07298747342147217 0.13834250013755423 0.2470125684795493 0.34165285784261745 0.42485442840826715 0.46090114655161135 0.5106216509466945 0.6020516330403566 0.6279821774518504 0.6408754031506907 0.7696066141153965 0.8527192747901944 1.149891217055492 1.3081390704206728 1.3792344423215916 1.7922204030272624 2.550840200694994
654 7848 -0.9513912120808099 -0.36599978475156747 0.2968591800127427 0.9145530612685987 0.05047888628418942 0.07298747342147217 0.13834250013755423 0.2470125684795493 0.34165285784261745 0.42485442840826715 0.46090114655161135 0.5106216509466945 0.6020516330403566 0.6279821774518504 0.6408754031506907 0.7696066141153965 0.8527192747901944 1.149891217055492 1.3081390704206728 1.3792344423215916 1.7922204030272624 2.550840200694994
655 7860 -0.952986647401329 -0.37621136109022657 0.3030314247265534 0.9134738543702503 0.05047888628418942 0.07298747342147217 0.13834250013755423 0.2470125684795493 0.34165285784261745 0.42485442840826715 0.46090114655161135 0.5106216509466945 0.6020516330403566 0.6279821774518504 0.6408754031506907 0.7696066141153965 0.8527192747901944 1.149891217055492 1.3081390704206728 1.3792344423215916 1.7922204030272624 2.550840200694994
656 7872 -0.9539469612679613 -0.38525183557449144 0.3061502204763053 0.913500687480932 0.05047888628418942 0.07298747342147217 0.13834250013755423 0.2470125684795493 0.34165285784261745 0.42485442840826715 0.46090114655161135 0.5106216509466945 0.6020516330403566 0.6279821774518504 0.6408754031506907 0.7696066141153965 0.8527192747901944 1.149891217055492 1.3081390704206728 1.3792344423215916 1.7922204030272624 2.550840200694994
657 7884 -0.9542529362881166 -0.38505673307513133 0.3021514237884121 0.9093677989717214 0.05047888628418942 0.07298747342147217 0.13834250013755423 0.2470125684795493 0.34165285784261745 0.42485442840826715 0.46090114655161135 0.5106216509466945 0.6020516330403566 0.6279821774518504 0.6408754031506907 0.7696066141153965 0.8527192747901944 1.149891217055492 1.3081390704206728 1.3792344423215916 1.7922204030272624 2.550840200694994
658 7896 -0.9561120011700821 -0.39082744416090454 0.32349407894668974 0.907290742230822 0.05047888628418942 0.07298747342147217 0.13834250013755423 0.2470125684795493 0.34165285784261745 0.42485442840826715 0.46090114655161135 0.5106216509466945 0.6020516330403566 0.6279821774518504 0.6408754031506907 0.7696066141153965 0.8527192747901944 1.149891217055492 1.3081390704206728 1.3792344423215916 1.7922204030272624 2.550840200694994
659 7908 -0.9580088429335376 -0.4057092918129974 0.34671762907579823 0.9025819595780556 0.05047888628418942 0.07298747342147217 0.13834250013755423 0.2470125684795493 0.34165285784261745 0.42485442840826715 0.46090114655161135 0.5106216509466945 0.6020516330403566 0.6279821774518504 0.6408754031506907 0.7696066141153965 0.8527192747901944 1.149891217055492 1.3081390704206728 1.3792344423215916 1.7922204030272624 2.550840200694994
660 7920 -0.9594444738010188 -0.4163629726411099 0.3652756901050891 0.897249777083666 0.05047888628418942 0.07298747342147217 0.13834250013755423 0.2470125684795493 0.34165285784261745 0.42485442840826715 0.46090114655161135 0.5106216509466945 0.6020516330403566 0.6279821774518504 0.6408754031506907 0.7696066141153965 0.8527192747901944 1.149891217055492 1.3081390704206728 1.3792344423215916 1.7922204030272624 2.550840200694994
661 7932 -0.961503271164187 -0.42101174529028207 0.37626241289571327 0.8995335531938126 0.05047888628418942 0.07298747342147217 0.13834250013755423 0.2470125684795493 0.34165285784261745 0.42485442840826715 0.46090114655161135 0.5106216509466945 0.6020516330403566 0.6279821774518504 0.6408754031506907 0.7696066141153965 0.8527192747901944 1.149891217055492 1.3081390704206728 1.3792344423215916 1.7922204030272624 2.550840200694994
662 7944 -0.9645789159191207 -0.43641201500274646 0.3567918437604628 0.8930258202773985 0.05047888628418942 0.07298747342147217 0.13834250013755423 0.2470125684795493 0.34165285784261745 0.42485442840826715 0.46090114655161135 0.5106216509466945 0.6020516330403566 0.6279821774518504 0.6408754031506907 0.7696066141153965 0.8527192747901944 1.149891217055492 1.3081390704206728 1.3792344423215916 1.7922204030272624 2.550840200694994
663 7956 -0.9666735621823432 -0.4410993218856032 0.3676523671336296 0.8911835490502673 0.05047888628418942 0.07298747342147217 0.13834250013755423 0.2470125684795493 0.34165285784261745 0.42485442840826715 0.46090114655161135 0.5106216509466945 0.6020516330403566 0.6279821774518504 0.6408754031506907 0.7696066141153965 0.8527192747901944 1.149891217055492 1.3081390704206728 1.3792344423215916 1.7922204030272624 2.550840200694994
664 7968 -0.9682065419341523 -0.4641757288079785 0.37855943164795713 0.886033656009841 0.05047888628418942 0.07298747342147217 0.13834250013755423 0.2470125684795493 0.34165285784261745 0.42485442840826715 0.46090114655161135 0.5106216509466945 0.6020516330403566 0.6279821774518504 0.6408754031506907 0.7696066141153965 0.8527192747901944 1.149891217055492 1.3081390704206728 1.3792344423215916 1.7922204030272624 2.550840200694994
665 7980 -0.9679093373456199 -0.45882778341756336 0.3850829048632465 0.8830773116986892 0.05047888628418942 0.07298747342147217 0.13834250013755423 0.2470125684795493 0.34165285784261745 0.42485442840826715 0.46090114655161135 0.5106216509466945 0.6020516330403566 0.6279821774518504 0.6408754031506907 0.7696066141153965 0.8527192747901944 1.149891217055492 1.3081390704206728 1.3792344423215916 1.7922204030272624 2.550840200694994
666 7992 -0.9688348048430404 -0.4552121952926946 0.39672461157446154 0.8733023979136681 0.05047888628418942 0.07298747342147217 0.13834250013755423 0.2470125684795493 0.34165285784261745 0.42485442840826715 0.46090114655161135 0.5106216509466945 0.6020516330403566 0.6279821774518504 0.6408754031506907 0.7696066141153965 0.8527192747901944 1.149891217055492 1.3081390704206728 1.3792344423215916 1.7922204030272624 2.550840200694994
667 8004 -0.9682379188433894 -0.4447412250605451 0.38668947061103753 0.871248630253692 0.039086957543411814 0.05665236541875448 0.11040761160108853 0.20094072828988052 0.29930244743492035 0.3665711531841249 0.40591699548100973 0.4407397639775122 0.4960558281152443 0.5313831012585327 0.6056967460907433 0.7180657584038348 0.8041559777455957 0.9887622369067696 1.191380980796647 1.2099041840098714 1.7332920571614883 2.90463717090225
668 8016 -0.9704185658599596 -0.45624057857166944 0.3948307012675869 0.8723857105693436 0.039086957543411814 0.05665236541875448 0.11040761160108853 0.20094072828988052 0.29930244743492035 0.3665711531841249 0.40591699548100973 0.4407397639775122 0.4960558281152443 0.5313831012585327 0.6056967460907433 0.7180657584038348 0.8041559777455957 0.9887622369067696 1.191380980796647 1.2099041840098714 1.7332920571614883 2.90463717090225
669 8028 -0.9710221451430067 -0.4596860453581321 0.4042535010234338 0.8776646990945881 0.039086957543411814 0.05665236541875448 0.11040761160108853 0.20094072828988052 0.29930244743492035 0.3665711531841249 0.40591699548100973 0.4407397639775122 0.4960558281152443 0.5313831012585327 0.6056967460907433 0.7180657584038348 0.8041559777455957 0.9887622369067696 1.191380980796647 1.2099041840098714 1.7332920571614883 2.90463717090225
670 8040 -0.9721189797655517 -0.47081139612410133 0.4183399057719222 0.8865458613106203 0.039086957543411814 0.05665236541875448 0.11040761160108853 0.20094072828988052 0.29930244743492035 0.3665711531841249 0.40591699548100973 0.4407397639775122 0.4960558281152443 0.5313831012585327 0.6056967460907433 0.7180657584038348 0.8041559777455957 0.9887622369067696 1.191380980796647 1.2099041840098714 1.7332920571614883 2.90463717090225
671 8052 -0.9726611031213326 -0.47837619004747994 0.42742978204127363 0.8896891763015542 0.039086957543411814 0.05665236541875448 0.11040761160108853 0.20094072828988052 0.29930244743492035 0.3665711531841249 0.40591699548100973 0.4407397639775122 0.4960558281152443 0.5313831012585327 0.6056967460907433 0.7180657584038348 0.8041559777455957 0.9887622369067696 1.191380980796647 1.2099041840098714 1.7332920571614883 2.90463717090225
672 8064 -0.9734099685221398 -0.4836018439545655 0.43057338049449484 0.891954679017671 0.039086957543411814 0.05665236541875448 0.11040761160108853 0.20094072828988052 0.29930244743492035 0.3665711531841249 0.40591699548100973 0.4407397639775122 0.4960558281152443 0.5313831012585327 0.6056967460907433 0.7180657584038348 0.8041559777455957 0.9887622369067696 1.191380980796647 1.2099041840098714 1.7332920571614883 2.90463717090225
673 8076 -0.9735471047543878 -0.4903243085176786 0.4369107792442313 0.8965755221082773 0.039086957543411814 0.05665236541875448 0.11040761160108853 0.20094072828988052 0.29930244743492035 0.3665711531841249 0.40591699548100973 0.4407397639775122 0.4960558281152443 0.5313831012585327 0.6056967460907433 0.7180657584038348 0.8041559777455957 0.9887622369067696 1.191380980796647 1.2099041840098714 1.7332920571614883 2.90463717090225
674 8088 -0.9746345491436007 -0.49259148120690227 0.45702371053215385 0.9028202481378482 0.039086957543411814 0.05665236541875448 0.11040761160108853 0.20094072828988052 0.29930244743492035 0.3665711531841249 0.40591699548100973 0.4407397639775122 0.4960558281152443 0.5313831012585327 0.6056967460907433 0.7180657584038348 0.8041559777455957 0.9887622369067696 1.191380980796647 1.2099041840098714 1.7332920571614883 2.90463717090225
675 8100 -0.975797877280119 -0.4937250832657762 0.4655788494456603 0.9085047826821481 0.039086957543411814 0.05665236541875448 0.11040761160108853 0.20094072828988052 0.29930244743492035 0.3665711531841249 0.40591699548100973 0.4407397639775122 0.4960558281152443 0.5313831012585327 0.6056967460907433 0.7180657584038348 0.8041559777455957 0.9887622369067696 1.191380980796647 1.2099041840098714 1.7332920571614883 2.90463717090225
676 8112 -0.9763479449204902 -0.4961868055315477 0.47419956071909075 0.9111346511025011 0.039086957543411814 0.05665236541875448 0.11040761160108853 0.20094072828988052 0.29930244743492035 0.3665711531841249 0.40591699548100973 0.4407397639775122 0.4960558281152443 0.5313831012585327 0.6056967460907433 0.7180657584038348 0.8041559777455957 0.9887622369067696 1.191380980796647 1.2099041840098714 1.7332920571614883 2.90463717090225
677 8124 -0.976492423796709 -0.4999878349696952 0.4800736702336106 0.9150550801917594 0.039086957543411814 0.05665236541875448 0.11040761160108853 0.20094072828988052 0.29930244743492035 0.3665711531841249 0.40591699548100973 0.4407397639775122 0.4960558281152443 0.5313831012585327 0.6056967460907433 0.7180657584038348 0.8041559777455957 0.9887622369067696 1.191380980796647 1.2099041840098714 1.7332920571614883 2.90463717090225
678 8136 -0.977511276475163 -0.5076069846845604 0.4851539809522375 0.9172648723807693 0.039086957543411814 0.05665236541875448 0.11040761160108853 0.20094072828988052 0.29930244743492035 0.3665711531841249 0.40591699548100973 0.4407397639775122 0.4960558281152443 0.5313831012585327 0.6056967460907433 0.7180657584038348 0.8041559777455957 0.9887622369067696 1.191380980796647 1.2099041840098714 1.7332920571614883 2.90463717090225
679 8148 -0.9773824660211821 -0.5102345739749632 0.4807674469528193 0.9161451037078868 0.039086957543411814 0.05665236541875448 0.11040761160108853 0.20094072828988052 0.29930244743492035 0.3665711531841249 0.40591699548100973 0.4407397639775122 0.4960558281152443 0.5313831012585327 0.6056967460907433 0.7180657584038348 0.8041559777455957 0.9887622369067696 1.191380980796647 1.2099041840098714 1.7332920571614883 2.90463717090225
680 8160 -0.9774364921338312 -0.5070574755792446 0.48042379053407824 0.9179347728304244 0.039086957543411814 0.05665236541875448 0.11040761160108853 0.20094072828988052 0.29930244743492035 0.3665711531841249 0.40591699548100973 0.4407397639775122 0.4960558281152443 0.5313831012585327 0.6056967460907433 0.7180657584038348 0.8041559777455957 0.9887622369067696 1.191380980796647 1.2099041840098714 1.7332920571614883 2.90463717090225
681 8172 -0.9760389979069244 -0.5054328545086959 0.48193988518032266 0.9160047930850063 0.039086957543411814 0.05665236541875448 0.11040761160108853 0.20094072828988052 0.29930244743492035 0.3665711531841249 0.40591699548100973 0.4407397639775122 0.4960558281152443 0.5313831012585327 0.6056967460907433 0.7180657584038348 0.8041559777455957 0.9887622369067696 1.191380980796647 1.2099041840098714 1.7332920571614883 2.90463717090225
682 8184 -0.9761861917127055 -0.5037609314053135 0.48944231271687605 0.914358664226502 0.039086957543411814 0.05665236541875448 0.11040761160108853 0.20094072828988052 0.29930244743492035 0.3665711531841249 0.40591699548100973 0.4407397639775122 0.4960558281152443 0.5313831012585327 0.6056967460907433 0.7180657584038348 0.8041559777455957 0.9887622369067696 1.191380980796647 1.2099041840098714 1.7332920571614883 2.90463717090225
683 8196 -0.9766142961997055 -0.5096609008797041 0.4951403775932971 0.9164422184989832 0.039086957543411814 0.05665236541875448 0.11040761160108853 0.20094072828988052 0.29930244743492035 0.3665711531841249 0.40591699548100973 0.4407397639775122 0.4960558281152443 0.5313831012585327 0.6056967460907433 0.7180657584038348 0.8041559777455957 0.9887622369067696 1.191380980796647 1.2099041840098714 1.7332920571614883 2.90463717090225
684 8208 -0.9765547066812302 -0.5081274009598951 0.4944771694820304 0.9187739823784661 0.039086957543411814 0.05665236541875448 0.11040761160108853 0.20094072828988052 0.29930244743492035 0.3665711531841249 0.40591699548100973 0.4407397639775122 0.4960558281152443 0.5313831012585327 0.6056967460907433 0.7180657584038348 0.8041559777455957 0.9887622369067696 1.191380980796647 1.2099041840098714 1.7332920571614883 2.90463717090225
685 8220 -0.9765094518778911 -0.5112737797301401 0.5039228128305205 0.9197403558727408 0.03403187121103522 0.04945846859949016 0.09410693608779488 0.17483955905145301 0.26255457472007615 0.3169030966627463 0.3506759480681315 0.40694389418546806 0.4398921881987517 0.4734305233322859 0.5460334072948435 0.7263373567019226 0.7422960610187952 0.9043120414880179 1.0759421840223173 1.1296772939821305 1.7160697805581135 3.083532011239238
686 8232 -0.9766164789679544 -0.5135209849560908 0.48975052497234894 0.9186173162376501 0.03403187121103522 0.04945846859949016 0.09410693608779488 0.17483955905145301 0.26255457472007615 0.3169030966627463 0.3506759480681315 0.40694389418546806 0.4398921881987517 0.4734305233322859 0.5460334072948435 0.7263373567019226 0.7422960610187952 0.9043120414880179 1.0759421840223173 1.1296772939821305 1.7160697805581135 3.083532011239238
687 8244 -0.9771023337454706 -0.5107442386905997 0.5012184347307054 0.9167716916731675 0.03403187121103522 0.04945846859949016 0.09410693608779488 0.17483955905145301 0.26255457472007615 0.3169030966627463 0.3506759480681315 0.40694389418546806 0.4398921881987517 0.4734305233322859 0.5460334072948435 0.7263373567019226 0.7422960610187952 0.9043120414880179 1.0759421840223173 1.1296772939821305 1.7160697805581135 3.083532011239238
688 8256 -0.9775839468677842 -0.511820732478121 0.49622606529864133 0.9156898619307957 0.03403187121103522 0.04945846859949016 0.09410693608779488 0.17483955905145301 0.26255457472007615 0.3169030966627463 0.3506759480681315 0.40694389418546806 0.4398921881987517 0.4734305233322859 0.5460334072948435 0.7263373567019226 0.7422960610187952 0.9043120414880179 1.0759421840223173 1.1296772939821305 1.7160697805581135 3.083532011239238
689 8268 -0.977608405675795 -0.5143627113086441 0.5005171478221043 0.9153130901106109 0.03403187121103522 0.04945846859949016 0.09410693608779488 0.17483955905145301 0.26255457472007615 0.3169030966627463 0.3506759480681315 0.40694389418546806 0.4398921881987517 0.4734305233322859 0.5460334072948435 0.7263373567019226 0.7422960610187952 0.9043120414880179 1.0759421840223173 1.1296772939821305 1.7160697805581135 3.083532011239238
690 8280 -0.9779436877892863 -0.5153782726808633 0.5071397733522591 0.9187028668188358 0.03403187121103522 0.04945846859949016 0.09410693608779488 0.17483955905145301 0.26255457472007615 0.3169030966627463 0.3506759480681315 0.40694389418546806 0.4398921881987517 0.4734305233322859 0.5460334072948435 0.7263373567019226 0.7422960610187952 0.9043120414880179 1.0759421840223173 1.1296772939821305 1.7160697805581135 3.083532011239238
691 8292 -0.978483662384089 -0.5156368568391244 0.5118759052178801 0.9198518623439049 0.03403187121103522 0.04945846859949016 0.09410693608779488 0.17483955905145301 0.26255457472007615 0.3169030966627463 0.3506759480681315 0.40694389418546806 0.4398921881987517 0.4734305233322859 0.5460334072948435 0.7263373567019226 0.7422960610187952 0.9043120414880179 1.0759421840223173 1.1296772939821305 1.7160697805581135 3.083532011239238
692 8304 -0.9778421076336369 -0.5176211398196843 0.5160365348320141 0.9163881798718839 0.03403187121103522 0.04945846859949016 0.09410693608779488 0.17483955905145301 0.26255457472007615 0.3169030966627463 0.3506759480681315 0.40694389418546806 0.4398921881987517 0.4734305233322859 0.5460334072948435 0.7263373567019226 0.7422960610187952 0.9043120414880179 1.0759421840223173 1.1296772939821305 1.7160697805581135 3.083532011239238
693 8316 -0.9778445458732931 -0.5153447045937112 0.5157554725781069 0.9167174841373502 0.03403187121103522 0.04945846859949016 0.09410693608779488 0.17483955905145301 0.26255457472007615 0.3169030966627463 0.3506759480681315 0.40694389418546806 0.4398921881987517 0.4734305233322859 0.5460334072948435 0.7263373567019226 0.7422960610187952 0.9043120414880179 1.0759421840223173 1.1296772939821305 1.7160697805581135 3.083532011239238
694 8328 -0.9777957315690337 -0.5126086083193483 0.5183581364408174 0.915830688367611 0.03403187121103522 0.04945846859949016 0.09410693608779488 0.17483955905145301 0.26255457472007615 0.3169030966627463 0.3506759480681315 0.40694389418546806 0.4398921881987517 0.4734305233322859 0.5460334072948435 0.7263373567019226 0.7422960610187952 0.9043120414880179 1.0759421840223173 1.1296772939821305 1.7160697805581135 3.083532011239238
695 8340 -0.9783762267641726 -0.5153708111815456 0.520765187384716 0.9170212641289306 0.03403187121103522 0.04945846859949016 0.09410693608779488 0.17483955905145301 0.26255457472007615 0.3169030966627463 0.3506759480681315 0.40694389418546806 0.4398921881987517 0.4734305233322859 0.5460334072948435 0.7263373567019226 0.7422960610187952 0.9043120414880179 1.0759421840223173 1.1296772939821305 1.7160697805581135 3.083532011239238
696 8352 -0.9778703388564512 -0.5088626873628423 0.5148407025053783 0.9175084637927468 0.03403187121103522 0.04945846859949016 0.09410693608779488 0.17483955905145301 0.26255457472007615 0.3169030966627463 0.3506759480681315 0.40694389418546806 0.4398921881987517 0.4734305233322859 0.5460334072948435 0.7263373567019226 0.7422960610187952 0.9043120414880179 1.0759421840223173 1.1296772939821305 1.7160697805581135 3.083532011239238
697 8364 -0.9774823073253933 -0.5068346458939608 0.5135297492601494 0.9169731685253466 0.03403187121103522 0.04945846859949016 0.09410693608779488 0.17483955905145301 0.26255457472007615 0.3169030966627463 0.3506759480681315 0.40694389418546806 0.4398921881987517 0.4734305233322859 0.5460334072948435 0.7263373567019226 0.7422960610187952 0.9043120414880179 1.0759421840223173 1.1296772939821305 1.7160697805581135 3.083532011239238
698 8376 -0.9780355778870836 -0.4994964257957041 0.5146207140230046 0.9150273859577657 0.03403187121103522 0.04945846859949016 0.09410693608779488 0.17483955905145301 0.26255457472007615 0.3169030966627463 0.3506759480681315 0.40694389418546806 0.4398921881987517 0.4734305233322859 0.5460334072948435 0.7263373567019226 0.7422960610187952 0.9043120414880179 1.0759421840223173 1.1296772939821305 1.7160697805581135 3.083532011239238
699 8388 -0.9778722761116446 -0.4990695027759978 0.5045207727434521 0.9139290477324807 0.03403187121103522 0.04945846859949016 0.09410693608779488 0.17483955905145301 0.26255457472007615 0.3169030966627463 0.3506759480681315 0.40694389418546806 0.4398921881987517 0.4734305233322859 0.5460334072948435 0.7263373567019226 0.7422960610187952 0.9043120414880179 1.0759421840223173 1.1296772939821305 1.7160697805581135 3.083532011239238
700 8400 -0.9781276427824349 -0.5012328288129546 0.5146256146306303 0.917043653829019 0.03403187121103522 0.04945846859949016 0.09410693608779488 0.17483955905145301 0.26255457472007615 0.3169030966627463 0.3506759480681315 0.40694389418546806 0.4398921881987517 0.4734305233322859 0.5460334072948435 0.7263373567019226 0.7422960610187952 0.9043120414880179 1.0759421840223173 1.1296772939821305 1.7160697805581135 3.083532011239238
701 8412 -0.9779188706247949 -0.5007130414434777 0.5113939161993296 0.9179415800502477 0.03403187121103522 0.04945846859949016 0.09410693608779488 0.17483955905145301 0.26255457472007615 0.3169030966627463 0.3506759480681315 0.40694389418546806 0.4398921881987517 0.4734305233322859 0.5460334072948435 0.7263373567019226 0.7422960610187952 0.9043120414880179 1.0759421840223173 1.1296772939821305 1.7160697805581135 3.083532011239238
702 8424 -0.97842068098149 -0.5080439127166747 0.5175177963133519 0.9191949080646011 0.03403187121103522 0.04945846859949016 0.09410693608779488 0.17483955905145301 0.26255457472007615 0.3169030966627463 0.3506759480681315 0.40694389418546806 0.4398921881987517 0.4734305233322859 0.5460334072948435 0.7263373567019226 0.7422960610187952 0.9043120414880179 1.0759421840223173 1.1296772939821305 1.7160697805581135 3.083532011239238
703 8436 -0.9784656698189567 -0.5087524514415603 0.5133159461955523 0.9186392851943295 0.03176078937798786 0.046956935908951 0.0884103242403422 0.17528093031956873 0.24658902307807154 0.3265202074694216 0.35679024365664913 0.419467162085433 0.43700875896321834 0.46816991728516666 0.5374870935448341 0.6921613008893873 0.7371632120153296 0.9300135356432911 1.0592548699097502 1.189128294584073 1.7298397468558036 3.0614875896140723
704 8448 -0.9786760600343367 -0.5121909607759515 0.5111973312678738 0.920700296518341 0.03176078937798786 0.046956935908951 0.0884103242403422 0.17528093031956873 0.24658902307807154 0.3265202074694216 0.35679024365664913 0.419467162085433 0.43700875896321834 0.46816991728516666 0.5374870935448341 0.6921613008893873 0.7371632120153296 0.9300135356432911 1.0592548699097502 1.189128294584073 1.7298397468558036 3.0614875896140723
705 8460 -0.9788739847444066 -0.505800524700123 0.511934733317237 0.9208248935614628 0.03176078937798786 0.046956935908951 0.0884103242403422 0.17528093031956873 0.24658902307807154 0.3265202074694216 0.35679024365664913 0.419467162085433 0.43700875896321834 0.46816991728516666 0.5374870935448341 0.6921613008893873 0.7371632120153296 0.9300135356432911 1.0592548699097502 1.189128294584073 1.7298397468558036 3.0614875896140723
706 8472 -0.9790730551420865 -0.5028392954880199 0.5099285586276019 0.9191920605435219 0.03176078937798786 0.046956935908951 0.0884103242403422 0.17528093031956873 0.24658902307807154 0.3265202074694216 0.35679024365664913 0.419467162085433 0.43700875896321834 0.46816991728516666 0.5374870935448341 0.6921613008893873 0.7371632120153296 0.9300135356432911 1.0592548699097502 1.189128294584073 1.7298397468558036 3.0614875896140723
707 8484 -0.9792132518063034 -0.500396981844894 0.500388922333562 0.918635513569134 0.03176078937798786 0.046956935908951 0.0884103242403422 0.17528093031956873 0.24658902307807154 0.3265202074694216 0.35679024365664913 0.419467162085433 0.43700875896321834 0.46816991728516666 0.5374870935448341 0.6921613008893873 0.7371632120153296 0.9300135356432911 1.0592548699097502 1.189128294584073 1.7298397468558036 3.0614875896140723
708 8496 -0.9795006651415272 -0.49920278139869034 0.49492338200860625 0.9177617879042334 0.03176078937798786 0.046956935908951 0.0884103242403422 0.17528093031956873 0.24658902307807154 0.3265202074694216 0.35679024365664913 0.419467162085433 0.43700875896321834 0.46816991728516666 0.5374870935448341 0.6921613008893873 0.7371632120153296 0.9300135356432911 1.0592548699097502 1.189128294584073 1.7298397468558036 3.0614875896140723
709 8508 -0.9795468839097292 -0.49565947064082577 0.49639756386113393 0.918123908770198 0.03176078937798786 0.046956935908951 0.0884103242403422 0.17528093031956873 0.24658902307807154 0.3265202074694216 0.35679024365664913 0.419467162085433 0.43700875896321834 0.46816991728516666 0.5374870935448341 0.6921613008893873 0.7371632120153296 0.9300135356432911 1.0592548699097502 1.189128294584073 1.7298397468558036 3.0614875896140723
710 8520 -0.9794911679687139 -0.4909961242207038 0.4977128469899272 0.9186662062635431 0.03176078937798786 0.046956935908951 0.0884103242403422 0.17528093031956873 0.24658902307807154 0.3265202074694216 0.35679024365664913 0.419467162085433 0.43700875896321834 0.46816991728516666 0.5374870935448341 0.6921613008893873 0.7371632120153296 0.9300135356432911 1.0592548699097502 1.189128294584073 1.7298397468558036 3.0614875896140723
711 8532 -0.9796106878552594 -0.49341222116377836 0.4995069693621378 0.9187765575270174 0.03176078937798786 0.046956935908951 0.0884103242403422 0.17528093031956873 0.24658902307807154 0.3265202074694216 0.35679024365664913 0.419467162085433 0.43700875896321834 0.46816991728516666 0.5374870935448341 0.6921613008893873 0.7371632120153296 0.9300135356432911 1.0592548699097502 1.189128294584073 1.7298397468558036 3.0614875896140723
712 8544 -0.9798349513768799 -0.5019694049229734 0.4991921627796633 0.9201694013626268 0.03176078937798786 0.046956935908951 0.0884103242403422 0.17528093031956873 0.24658902307807154 0.3265202074694216 0.35679024365664913 0.419467162085433 0.43700875896321834 0.46816991728516666 0.5374870935448341 0.6921613008893873 0.7371632120153296 0.9300135356432911 1.0592548699097502 1.189128294584073 1.7298397468558036 3.0614875896140723
713 8556 -0.9798870264150819 -0.4952628456984513 0.49911379680226586 0.9204760092894568 0.03176078937798786 0.046956935908951 0.0884103242403422 0.17528093031956873 0.24658902307807154 0.3265202074694216 0.35679024365664913 0.419467162085433 0.43700875896321834 0.46816991728516666 0.5374870935448341 0.6921613008893873 0.7371632120153296 0.9300135356432911 1.0592548699097502 1.189128294584073 1.7298397468558036 3.0614875896140723
714 8568 -0.9803977578599907 -0.4956449196172139 0.4953407732893468 0.9212056164963005 0.03176078937798786 0.046956935908951 0.0884103242403422 0.17528093031956873 0.24658902307807154 0.3265202074694216 0.35679024365664913 0.419467162085433 0.43700875896321834 0.46816991728516666 0.5374870935448341 0.6921613008893873 0.7371632120153296 0.9300135356432911 1.0592548699097502 1.189128294584073 1.7298397468558036 3.0614875896140723
715 8580 -0.9805226973752812 -0.5023636757176642 0.4990021959556621 0.9227274058068877 0.03176078937798786 0.046956935908951 0.0884103242403422 0.17528093031956873 0.24658902307807154 0.3265202074694216 0.35679024365664913 0.419467162085433 0.43700875896321834 0.46816991728516666 0.5374870935448341 0.6921613008893873 0.7371632120153296 0.9300135356432911 1.0592548699097502 1.189128294584073 1.7298397468558036 3.0614875896140723
716 8592 -0.9809184212377319 -0.49520711968918774 0.4975003486403433 0.9232901430731694 0.03176078937798786 0.046956935908951 0.0884103242403422 0.17528093031956873 0.24658902307807154 0.3265202074694216 0.35679024365664913 0.419467162085433 0.43700875896321834 0.46816991728516666 0.5374870935448341 0.6921613008893873 0.7371632120153296 0.9300135356432911 1.0592548699097502 1.189128294584073 1.7298397468558036 3.0614875896140723
717 8604 -0.9812514985955308 -0.4972876938723869 0.49261519277676125 0.9242925429297381 0.03176078937798786 0.046956935908951 0.0884103242403422 0.17528093031956873 0.24658902307807154 0.3265202074694216 0.35679024365664913 0.419467162085433 0.43700875896321834 0.46816991728516666 0.5374870935448341 0.6921613008893873 0.7371632120153296 0.9300135356432911 1.0592548699097502 1.189128294584073 1.7298397468558036 3.0614875896140723
718 8616 -0.9810718514263329 -0.497805768156649 0.48521028021157286 0.9214901276076767 0.03176078937798786 0.046956935908951 0.0884103242403422 0.17528093031956873 0.24658902307807154 0.3265202074694216 0.35679024365664913 0.419467162085433 0.43700875896321834 0.46816991728516666 0.5374870935448341 0.6921613008893873 0.7371632120153296 0.9300135356432911 1.0592548699097502 1.189128294584073 1.7298397468558036 3.0614875896140723
719 8628 -0.9810738850365587 -0.49916621365034064 0.4787666116564048 0.921597899163077 0.03176078937798786 0.046956935908951 0.0884103242403422 0.17528093031956873 0.24658902307807154 0.3265202074694216 0.35679024365664913 0.419467162085433 0.43700875896321834 0.46816991728516666 0.5374870935448341 0.6921613008893873 0.7371632120153296 0.9300135356432911 1.0592548699097502 1.189128294584073 1.7298397468558036 3.0614875896140723
720 8640 -0.9803355064376232 -0.5004682506842382 0.48219955943895526 0.9184624072253328 0.03176078937798786 0.046956935908951 0.0884103242403422 0.17528093031956873 0.24658902307807154 0.3265202074694216 0.35679024365664913 0.419467162085433 0.43700875896321834 0.46816991728516666 0.5374870935448341 0.6921613008893873 0.7371632120153296 0.9300135356432911 1.0592548699097502 1.189128294584073 1.7298397468558036 3.0614875896140723
721 8652 -0.9802732821539738 -0.49673674113128924 0.4804721894124577 0.9195458344416573 0.029654546027716392 0.04498777786801285 0.08241104895144094 0.18784637726234843 0.2503464713619329 0.3257345523447363 0.37192644241564904 0.41255163786021165 0.4636419839113033 0.47844733146778123 0.5266052936290505 0.686464917001543 0.7447231628116086 0.9394135089640496 1.065324792063472 1.213443116990824 1.7228057808159785 3.0451207239632043
722 8664 -0.9804735905689393 -0.49094644161442247 0.4838404394652168 0.9205095014703606 0.029654546027716392 0.04498777786801285 0.08241104895144094 0.18784637726234843 0.2503464713619329 0.3257345523447363 0.37192644241564904 0.41255163786021165 0.4636419839113033 0.47844733146778123 0.5266052936290505 0.686464917001543 0.7447231628116086 0.9394135089640496 1.065324792063472 1.213443116990824 1.7228057808159785 3.0451207239632043
723 8676 -0.9802134243617625 -0.4789020822936161 0.4780719441844171 0.9206749795595158 0.029654546027716392 0.04498777786801285 0.08241104895144094 0.18784637726234843 0.2503464713619329 0.3257345523447363 0.37192644241564904 0.41255163786021165 0.4636419839113033 0.47844733146778123 0.5266052936290505 0.686464917001543 0.7447231628116086 0.9394135089640496 1.065324792063472 1.213443116990824 1.7228057808159785 3.0451207239632043
724 8688 -0.9791655187810031 -0.4806857733060533 0.4699660518358294 0.9204005287485866 0.029654546027716392 0.04498777786801285 0.08241104895144094 0.18784637726234843 0.2503464713619329 0.3257345523447363 0.37192644241564904 0.41255163786021165 0.4636419839113033 0.47844733146778123 0.5266052936290505 0.686464917001543 0.7447231628116086 0.9394135089640496 1.065324792063472 1.213443116990824 1.7228057808159785 3.0451207239632043
725 8700 -0.9794169428770557 -0.48683846606970727 0.4639013935434032 0.9245156443130127 0.029654546027716392 0.04498777786801285 0.08241104895144094 0.18784637726234843 0.2503464713619329 0.3257345523447363 0.37192644241564904 0.41255163786021165 0.4636419839113033 0.47844733146778123 0.5266052936290505 0.686464917001543 0.7447231628116086 0.9394135089640496 1.065324792063472 1.213443116990824 1.7228057808159785 3.0451207239632043
726 8712 -0.979580068731138 -0.4911502455980004 0.4607668983923431 0.9247024385451751 0.029654546027716392 0.04498777786801285 0.08241104895144094 0.18784637726234843 0.2503464713619329 0.3257345523447363 0.37192644241564904 0.41255163786021165 0.4636419839113033 0.47844733146778123 0.5266052936290505 0.686464917001543 0.7447231628116086 0.9394135089640496 1.065324792063472 1.213443116990824 1.7228057808159785 3.0451207239632043
727 8724 -0.979315831502654 -0.48483349984193114 0.47224897224089013 0.9234640042633702 0.029654546027716392 0.04498777786801285 0.08241104895144094 0.18784637726234843 0.2503464713619329 0.3257345523447363 0.37192644241564904 0.41255163786021165 0.4636419839113033 0.47844733146778123 0.5266052936290505 0.686464917001543 0.7447231628116086 0.9394135089640496 1.065324792063472 1.213443116990824 1.7228057808159785 3.0451207239632043
728 8736 -0.979567467334577 -0.485635796051026 0.4651410214317236 0.9239029417072449 0.029654546027716392 0.04498777786801285 0.08241104895144094 0.18784637726234843 0.2503464713619329 0.3257345523447363 0.37192644241564904 0.41255163786021165 0.4636419839113033 0.47844733146778123 0.5266052936290505 0.686464917001543 0.7447231628116086 0.9394135089640496 1.065324792063472 1.213443116990824 1.7228057808159785 3.0451207239632043
729 8748 -0.9798622072153099 -0.4855169865900117 0.4652473169800978 0.9226074618904688 0.029654546027716392 0.04498777786801285 0.08241104895144094 0.18784637726234843 0.2503464713619329 0.3257345523447363 0.37192644241564904 0.41255163786021165 0.4636419839113033 0.47844733146778123 0.5266052936290505 0.686464917001543 0.7447231628116086 0.9394135089640496 1.065324792063472 1.213443116990824 1.7228057808159785 3.0451207239632043
730 8760 -0.979148713385423 -0.4711936697475757 0.4557982752884962 0.9209453453322471 0.029654546027716392 0.04498777786801285 0.08241104895144094 0.18784637726234843 0.2503464713619329 0.3257345523447363 0.37192644241564904 0.41255163786021165 0.4636419839113033 0.47844733146778123 0.5266052936290505 0.686464917001543 0.7447231628116086 0.9394135089640496 1.065324792063472 1.213443116990824 1.7228057808159785 3.0451207239632043
731 8772 -0.9789113543137479 -0.46964318655510107 0.44991613056725777 0.9212038664851606 0.029654546027716392 0.04498777786801285 0.08241104895144094 0.18784637726234843 0.2503464713619329 0.3257345523447363 0.37192644241564904 0.41255163786021165 0.4636419839113033 0.47844733146778123 0.5266052936290505 0.686464917001543 0.7447231628116086 0.9394135089640496 1.065324792063472 1.213443116990824 1.7228057808159785 3.0451207239632043
732 8784 -0.978984730724151 -0.4660545028233338 0.46216490313087033 0.9202877292526344 0.029654546027716392 0.04498777786801285 0.08241104895144094 0.18784637726234843 0.2503464713619329 0.3257345523447363 0.37192644241564904 0.41255163786021165 0.4636419839113033 0.47844733146778123 0.5266052936290505 0.686464917001543 0.7447231628116086 0.9394135089640496 1.065324792063472 1.213443116990824 1.7228057808159785 3.0451207239632043
733 8796 -0.978621627835724 -0.4658581456646654 0.4589758019687876 0.9202876296099965 0.029654546027716392 0.04498777786801285 0.08241104895144094 0.18784637726234843 0.2503464713619329 0.3257345523447363 0.37192644241564904 0.41255163786021165 0.4636419839113033 0.47844733146778123 0.5266052936290505 0.686464917001543 0.7447231628116086 0.9394135089640496 1.065324792063472 1.213443116990824 1.7228057808159785 3.0451207239632043
734 8808 -0.979677213317827 -0.47142093066521595 0.4696708722793855 0.9228468991581291 0.029654546027716392 0.04498777786801285 0.08241104895144094 0.18784637726234843 0.2503464713619329 0.3257345523447363 0.37192644241564904 0.41255163786021165 0.4636419839113033 0.47844733146778123 0.5266052936290505 0.686464917001543 0.7447231628116086 0.9394135089640496 1.065324792063472 1.213443116990824 1.7228057808159785 3.0451207239632043
735 8820 -0.97963479232996 -0.4704795403421737 0.4757025646970997 0.9257565056373094 0.029654546027716392 0.04498777786801285 0.08241104895144094 0.18784637726234843 0.2503464713619329 0.3257345523447363 0.37192644241564904 0.41255163786021165 0.4636419839113033 0.47844733146778123 0.5266052936290505 0.686464917001543 0.7447231628116086 0.9394135089640496 1.065324792063472 1.213443116990824 1.7228057808159785 3.0451207239632043
736 8832 -0.9791686419687278 -0.46633269074251704 0.46230181380400875 0.9244159741277689 0.029654546027716392 0.04498777786801285 0.08241104895144094 0.18784637726234843 0.2503464713619329 0.3257345523447363 0.37192644241564904 0.41255163786021165 0.4636419839113033 0.47844733146778123 0.5266052936290505 0.686464917001543 0.7447231628116086 0.9394135089640496 1.065324792063472 1.213443116990824 1.7228057808159785 3.0451207239632043
737 8844 -0.9791372598123139 -0.47023260224839447 0.46149194338498 0.9236618239832274 0.029654546027716392 0.04498777786801285 0.08241104895144094 0.18784637726234843 0.2503464713619329 0.3257345523447363 0.37192644241564904 0.41255163786021165 0.4636419839113033 0.47844733146778123 0.5266052936290505 0.686464917001543 0.7447231628116086 0.9394135089640496 1.065324792063472 1.213443116990824 1.7228057808159785 3.0451207239632043
738 8856 -0.9795709790106201 -0.4711803162623115 0.4597470887475449 0.9242276483219567 0.029654546027716392 0.04498777786801285 0.08241104895144094 0.18784637726234843 0.2503464713619329 0.3257345523447363 0.37192644241564904 0.41255163786021165 0.4636419839113033 0.47844733146778123 0.5266052936290505 0.686464917001543 0.7447231628116086 0.9394135089640496 1.065324792063472 1.213443116990824 1.7228057808159785 3.0451207239632043
739 8868 -0.9793205159304097 -0.47234487888243876 0.46092737408699314 0.9242029981687881 0.02738035005307752 0.04223492324445339 0.0750006838636273 0.18561424433937512 0.23560060395726007 0.30825235923902755 0.38229962712810567 0.4021360161046725 0.46010107091898783 0.48758171414229035 0.5406068229037221 0.6926995853627165 0.7536789729644943 0.9675956071873267 1.0678776718117085 1.2362827994407268 1.7589776033836722 3.00174024773092
740 8880 -0.9798457371859048 -0.4723025376822442 0.46425293173742443 0.926531721055193 0.02738035005307752 0.04223492324445339 0.0750006838636273 0.18561424433937512 0.23560060395726007 0.30825235923902755 0.38229962712810567 0.4021360161046725 0.46010107091898783 0.48758171414229035 0.5406068229037221 0.6926995853627165 0.7536789729644943 0.9675956071873267 1.0678776718117085 1.2362827994407268 1.7589776033836722 3.00174024773092
741 8892 -0.9800874155057565 -0.47491046703025586 0.4561806206843727 0.9261007113190844 0.02738035005307752 0.04223492324445339 0.0750006838636273 0.18561424433937512 0.23560060395726007 0.30825235923902755 0.38229962712810567 0.4021360161046725 0.46010107091898783 0.48758171414229035 0.5406068229037221 0.6926995853627165 0.7536789729644943 0.9675956071873267 1.0678776718117085 1.2362827994407268 1.7589776033836722 3.00174024773092
742 8904 -0.9803373945583954 -0.4795984381684272 0.4610828099711362 0.9271781179381766 0.02738035005307752 0.04223492324445339 0.0750006838636273 0.18561424433937512 0.23560060395726007 0.30825235923902755 0.38229962712810567 0.4021360161046725 0.46010107091898783 0.48758171414229035 0.5406068229037221 0.6926995853627165 0.7536789729644943 0.9675956071873267 1.0678776718117085 1.2362827994407268 1.7589776033836722 3.00174024773092
743 8916 -0.9805303927202746 -0.48355923168050396 0.4572858337466231 0.9284549429346798 0.02738035005307752 0.04223492324445339 0.0750006838636273 0.18561424433937512 0.23560060395726007 0.30825235923902755 0.38229962712810567 0.4021360161046725 0.46010107091898783 0.48758171414229035 0.5406068229037221 0.6926995853627165 0.7536789729644943 0.9675956071873267 1.0678776718117085 1.2362827994407268 1.7589776033836722 3.00174024773092
744 8928 -0.9811473086605921 -0.4813175199490713 0.45791757942667427 0.9287195272595252 0.02738035005307752 0.04223492324445339 0.0750006838636273 0.18561424433937512 0.23560060395726007 0.30825235923902755 0.38229962712810567 0.4021360161046725 0.46010107091898783 0.48758171414229035 0.5406068229037221 0.6926995853627165 0.7536789729644943 0.9675956071873267 1.0678776718117085 1.2362827994407268 1.7589776033836722 3.00174024773092
745 8940 -0.9812638527785097 -0.48121247036712683 0.46967120453764327 0.9282087193361673 0.02738035005307752 0.04223492324445339 0.0750006838636273 0.18561424433937512 0.23560060395726007 0.30825235923902755 0.38229962712810567 0.4021360161046725 0.46010107091898783 0.48758171414229035 0.5406068229037221 0.6926995853627165 0.7536789729644943 0.9675956071873267 1.0678776718117085 1.2362827994407268 1.7589776033836722 3.00174024773092
746 8952 -0.9819669629866598 -0.48702866104353604 0.46188415023562 0.9319115302308171 0.02738035005307752 0.04223492324445339 0.0750006838636273 0.18561424433937512 0.23560060395726007 0.30825235923902755 0.38229962712810567 0.4021360161046725 0.46010107091898783 0.48758171414229035 0.5406068229037221 0.6926995853627165 0.7536789729644943 0.9675956071873267 1.0678776718117085 1.2362827994407268 1.7589776033836722 3.00174024773092
747 8964 -0.9824162547409905 -0.48587862635489243 0.4618448241196193 0.9327318898894211 0.02738035005307752 0.04223492324445339 0.0750006838636273 0.18561424433937512 0.23560060395726007 0.30825235923902755 0.38229962712810567 0.4021360161046725 0.46010107091898783 0.48758171414229035 0.5406068229037221 0.6926995853627165 0.7536789729644943 0.9675956071873267 1.0678776718117085 1.2362827994407268 1.7589776033836722 3.00174024773092
748 8976 -0.9823203152843145 -0.4786460034300314 0.457816675223643 0.9312768153053801 0.02738035005307752 0.04223492324445339 0.0750006838636273 0.18561424433937512 0.23560060395726007 0.30825235923902755 0.38229962712810567 0.4021360161046725 0.46010107091898783 0.48758171414229035 0.5406068229037221 0.6926995853627165 0.7536789729644943 0.9675956071873267 1.0678776718117085 1.2362827994407268 1.7589776033836722 3.00174024773092
749 8988 -0.9825082955595843 -0.4778524070440035 0.4554562649714413 0.9320782710820964 0.02738035005307752 0.04223492324445339 0.0750006838636273 0.18561424433937512 0.23560060395726007 0.30825235923902755 0.38229962712810567 0.4021360161046725 0.46010107091898783 0.48758171414229035 0.5406068229037221 0.6926995853627165 0.7536789729644943 0.9675956071873267 1.0678776718117085 1.2362827994407268 1.7589776033836722 3.00174024773092
750 9000 -0.9823952436718006 -0.4818197588329602 0.45611944851457853 0.9331993908952175 0.02738035005307752 0.04223492324445339 0.0750006838636273 0.18561424433937512 0.23560060395726007 0.30825235923902755 0.38229962712810567 0.4021360161046725 0.46010107091898783 0.48758171414229035 0.5406068229037221 0.6926995853627165 0.7536789729644943 0.9675956071873267 1.0678776718117085 1.2362827994407268 1.7589776033836722 3.00174024773092
751 9012 -0.9830556650108171 -0.4804509897601694 0.4528730155827136 0.9361182156651495 0.02738035005307752 0.04223492324445339 0.0750006838636273 0.18561424433937512 0.23560060395726007 0.30825235923902755 0.38229962712810567 0.4021360161046725 0.46010107091898783 0.48758171414229035 0.5406068229037221 0.6926995853627165 0.7536789729644943 0.9675956071873267 1.0678776718117085 1.2362827994407268 1.7589776033836722 3.00174024773092
752 9024 -0.9833421096793487 -0.48361723280574226 0.4607007228291002 0.9372393157785128 0.02738035005307752 0.04223492324445339 0.0750006838636273 0.18561424433937512 0.23560060395726007 0.30825235923902755 0.38229962712810567 0.4021360161046725 0.46010107091898783 0.48758171414229035 0.5406068229037221 0.6926995853627165 0.7536789729644943 0.9675956071873267 1.0678776718117085 1.2362827994407268 1.7589776033836722 3.00174024773092
753 9036 -0.983523782834601 -0.4872514111065153 0.46043658391174835 0.9377991226338297 0.02738035005307752 0.04223492324445339 0.0750006838636273 0.18561424433937512 0.23560060395726007 0.30825235923902755 0.38229962712810567 0.4021360161046725 0.46010107091898783 0.48758171414229035 0.5406068229037221 0.6926995853627165 0.7536789729644943 0.9675956071873267 1.0678776718117085 1.2362827994407268 1.7589776033836722 3.00174024773092
754 9048 -0.9831641278011758 -0.489111603762422 0.4545539156712801 0.9360150405679801 0.02738035005307752 0.04223492324445339 0.0750006838636273 0.18561424433937512 0.23560060395726007 0.30825235923902755 0.38229962712810567 0.4021360161046725 0.46010107091898783 0.48758171414229035 0.5406068229037221 0.6926995853627165 0.7536789729644943 0.9675956071873267 1.0678776718117085 1.2362827994407268 1.7589776033836722 3.00174024773092
755 9060 -0.9829252804318336 -0.479857814370656 0.45364158146562866 0.9374910524017024 0.02738035005307752 0.04223492324445339 0.0750006838636273 0.18561424433937512 0.23560060395726007 0.30825235923902755 0.38229962712810567 0.4021360161046725 0.46010107091898783 0.48758171414229035 0.5406068229037221 0.6926995853627165 0.7536789729644943 0.9675956071873267 1.0678776718117085 1.2362827994407268 1.7589776033836722 3.00174024773092
756 9072 -0.9825003557140806 -0.47538728098907646 0.4384443134391245 0.9390243008001877 0.02738035005307752 0.04223492324445339 0.0750006838636273 0.18561424433937512 0.23560060395726007 0.30825235923902755 0.38229962712810567 0.4021360161046725 0.46010107091898783 0.48758171414229035 0.5406068229037221 0.6926995853627165 0.7536789729644943 0.9675956071873267 1.0678776718117085 1.2362827994407268 1.7589776033836722 3.00174024773092
757 9084 -0.9827412940030245 -0.47607484100504716 0.4447491752783947 0.9388287397245018 0.025169653398913784 0.03790264285832569 0.06903270741132399 0.18099038807350412 0.2321541894079998 0.3001718864159525 0.353401516389439 0.40147734375329386 0.4678988131079832 0.5060759100771484 0.5794526690052973 0.700481588618447 0.7318941703749512 0.9544226728391687 1.0854437282863594 1.2295010944620164 1.7484608392176197 3.005874481242091
758 9096 -0.9824793641880395 -0.4759496897344552 0.43981961668325414 0.9378723827975446 0.025169653398913784 0.03790264285832569 0.06903270741132399 0.18099038807350412 0.2321541894079998 0.3001718864159525 0.353401516389439 0.40147734375329386 0.4678988131079832 0.5060759100771484 0.5794526690052973 0.700481588618447 0.7318941703749512 0.9544226728391687 1.0854437282863594 1.2295010944620164 1.7484608392176197 3.005874481242091
759 9108 -0.982784364047421 -0.4758391732636379 0.44371601157024826 0.939435955577943 0.025169653398913784 0.03790264285832569 0.06903270741132399 0.18099038807350412 0.2321541894079998 0.3001718864159525 0.353401516389439 0.40147734375329386 0.4678988131079832 0.5060759100771484 0.5794526690052973 0.700481588618447 0.7318941703749512 0.9544226728391687 1.0854437282863594 1.2295010944620164 1.7484608392176197 3.005874481242091
760 9120 -0.9828477781183009 -0.4747056312109648 0.4503785017748357 0.9386075566765394 0.025169653398913784 0.03790264285832569 0.06903270741132399 0.18099038807350412 0.2321541894079998 0.3001718864159525 0.353401516389439 0.40147734375329386 0.4678988131079832 0.5060759100771484 0.5794526690052973 0.700481588618447 0.7318941703749512 0.9544226728391687 1.0854437282863594 1.2295010944620164 1.7484608392176197 3.005874481242091
761 9132 -0.9828868188931009 -0.46642856103577657 0.4488543399587725 0.9389407435678316 0.025169653398913784 0.03790264285832569 0.06903270741132399 0.18099038807350412 0.2321541894079998 0.3001718864159525 0.353401516389439 0.40147734375329386 0.4678988131079832 0.5060759100771484 0.5794526690052973 0.700481588618447 0.7318941703749512 0.9544226728391687 1.0854437282863594 1.2295010944620164 1.7484608392176197 3.005874481242091
762 9144 -0.9828291617224832 -0.46442793992358944 0.44763248179187326 0.9399113897358334 0.025169653398913784 0.03790264285832569 0.06903270741132399 0.18099038807350412 0.2321541894079998 0.3001718864159525 0.353401516389439 0.40147734375329386 0.4678988131079832 0.5060759100771484 0.5794526690052973 0.700481588618447 0.7318941703749512 0.9544226728391687 1.0854437282863594 1.2295010944620164 1.7484608392176197 3.005874481242091
763 9156 -0.983065694692885 -0.4661245753627452 0.44658077444054667 0.9401140195018213 0.025169653398913784 0.03790264285832569 0.06903270741132399 0.18099038807350412 0.2321541894079998 0.3001718864159525 0.353401516389439 0.40147734375329386 0.4678988131079832 0.5060759100771484 0.5794526690052973 0.700481588618447 0.7318941703749512 0.9544226728391687 1.0854437282863594 1.2295010944620164 1.7484608392176197 3.005874481242091
764 9168 -0.9832423630518446 -0.469392187599851 0.44316093675684765 0.9403858779191837 0.025169653398913784 0.03790264285832569 0.06903270741132399 0.18099038807350412 0.2321541894079998 0.3001718864159525 0.353401516389439 0.40147734375329386 0.4678988131079832 0.5060759100771484 0.5794526690052973 0.700481588618447 0.7318941703749512 0.9544226728391687 1.0854437282863594 1.2295010944620164 1.7484608392176197 3.005874481242091
765 9180 -0.9832376971846735 -0.4786130994434718 0.44279306366041005 0.9415538594443341 0.025169653398913784 0.03790264285832569 0.06903270741132399 0.18099038807350412 0.2321541894079998 0.3001718864159525 0.353401516389439 0.40147734375329386 0.4678988131079832 0.5060759100771484 0.5794526690052973 0.700481588618447 0.7318941703749512 0.9544226728391687 1.0854437282863594 1.2295010944620164 1.7484608392176197 3.005874481242091
766 9192 -0.9832013549073368 -0.47356565665297845 0.4395591459018345 0.9407615862447489 0.025169653398913784 0.03790264285832569 0.06903270741132399 0.18099038807350412 0.2321541894079998 0.3001718864159525 0.353401516389439 0.40147734375329386 0.4678988131079832 0.5060759100771484 0.5794526690052973 0.700481588618447 0.7318941703749512 0.9544226728391687 1.0854437282863594 1.2295010944620164 1.7484608392176197 3.005874481242091
767 9204 -0.9838969972661963 -0.47395400193186105 0.4431270653637922 0.94336221176545 0.025169653398913784 0.03790264285832569 0.06903270741132399 0.18099038807350412 0.2321541894079998 0.3001718864159525 0.353401516389439 0.40147734375329386 0.4678988131079832 0.5060759100771484 0.5794526690052973 0.700481588618447 0.7318941703749512 0.9544226728391687 1.0854437282863594 1.2295010944620164 1.7484608392176197 3.005874481242091
768 9216 -0.9843484317232851 -0.48968049667939895 0.44352016002942 0.9450155154582096 0.025169653398913784 0.03790264285832569 0.06903270741132399 0.18099038807350412 0.2321541894079998 0.3001718864159525 0.353401516389439 0.40147734375329386 0.4678988131079832 0.5060759100771484 0.5794526690052973 0.700481588618447 0.7318941703749512 0.9544226728391687 1.0854437282863594 1.2295010944620164 1.7484608392176197 3.005874481242091
769 9228 -0.9847759060467652 -0.495808444104961 0.45858736664272315 0.9453518798733507 0.025169653398913784 0.03790264285832569 0.06903270741132399 0.18099038807350412 0.2321541894079998 0.3001718864159525 0.353401516389439 0.40147734375329386 0.4678988131079832 0.5060759100771484 0.5794526690052973 0.700481588618447 0.7318941703749512 0.9544226728391687 1.0854437282863594 1.2295010944620164 1.7484608392176197 3.005874481242091
770 9240 -0.9850135475685879 -0.4995674619715613 0.47251866869965226 0.9451471860531548 0.025169653398913784 0.03790264285832569 0.06903270741132399 0.18099038807350412 0.2321541894079998 0.3001718864159525 0.353401516389439 0.40147734375329386 0.4678988131079832 0.5060759100771484 0.5794526690052973 0.700481588618447 0.7318941703749512 0.9544226728391687 1.0854437282863594 1.2295010944620164 1.7484608392176197 3.005874481242091
771 9252 -0.9850767871005656 -0.49640053422668384 0.48004022073824715 0.9463897506975979 0.025169653398913784 0.03790264285832569 0.06903270741132399 0.18099038807350412 0.2321541894079998 0.3001718864159525 0.353401516389439 0.40147734375329386 0.4678988131079832 0.5060759100771484 0.5794526690052973 0.700481588618447 0.7318941703749512 0.9544226728391687 1.0854437282863594 1.2295010944620164 1.7484608392176197 3.005874481242091
772 9264 -0.9853639074422416 -0.503104425252694 0.4821269282629881 0.9463111498273056 0.025169653398913784 0.03790264285832569 0.06903270741132399 0.18099038807350412 0.2321541894079998 0.3001718864159525 0.353401516389439 0.40147734375329386 0.4678988131079832 0.5060759100771484 0.5794526690052973 0.700481588618447 0.7318941703749512 0.9544226728391687 1.0854437282863594 1.2295010944620164 1.7484608392176197 3.005874481242091
773 9276 -0.985878822947015 -0.5153123600321924 0.4883439605195905 0.9468229965772604 0.025169653398913784 0.03790264285832569 0.06903270741132399 0.18099038807350412 0.2321541894079998 0.3001718864159525 0.353401516389439 0.40147734375329386 0.4678988131079832 0.5060759100771484 0.5794526690052973 0.700481588618447 0.7318941703749512 0.9544226728391687 1.0854437282863594 1.2295010944620164 1.7484608392176197 3.005874481242091
774 9288 -0.9868986212622575 -0.5222166847487945 0.505959162432951 0.9505789365862657 0.025169653398913784 0.03790264285832569 0.06903270741132399 0.18099038807350412 0.2321541894079998 0.3001718864159525 0.353401516389439 0.40147734375329386 0.4678988131079832 0.5060759100771484 0.5794526690052973 0.700481588618447 0.7318941703749512 0.9544226728391687 1.0854437282863594 1.2295010944620164 1.7484608392176197 3.005874481242091
775 9300 -0.987138971550741 -0.5288094134370973 0.5065434349939437 0.951931102189794 0.020835190170516434 0.03211380518174936 0.06373794039578672 0.17214809100243614 0.2184999356605318 0.3073644385462884 0.319205857186993 0.3654352474549678 0.4562184150473312 0.49287702363543673 0.5733524628521067 0.6476375835626944 0.7097172812013608 0.9262145764393958 1.002897118622436 1.1910583412999582 1.6960526958908695 3.1185520340074273
776 9312 -0.9870048266986925 -0.5309195556224708 0.504642498042408 0.9529962008568965 0.020835190170516434 0.03211380518174936 0.06373794039578672 0.17214809100243614 0.2184999356605318 0.3073644385462884 0.319205857186993 0.3654352474549678 0.4562184150473312 0.49287702363543673 0.5733524628521067 0.6476375835626944 0.7097172812013608 0.9262145764393958 1.002897118622436 1.1910583412999582 1.6960526958908695 3.1185520340074273
777 9324 -0.9870476535984312 -0.5349940627622437 0.5021467525828962 0.9539118187819373 0.020835190170516434 0.03211380518174936 0.06373794039578672 0.17214809100243614 0.2184999356605318 0.3073644385462884 0.319205857186993 0.3654352474549678 0.4562184150473312 0.49287702363543673 0.5733524628521067 0.6476375835626944 0.7097172812013608 0.9262145764393958 1.002897118622436 1.1910583412999582 1.6960526958908695 3.1185520340074273
778 9336 -0.987191213434672 -0.5398889503228406 0.504650657838157 0.953132645307713 0.020835190170516434 0.03211380518174936 0.06373794039578672 0.17214809100243614 0.2184999356605318 0.3073644385462884 0.319205857186993 0.3654352474549678 0.4562184150473312 0.49287702363543673 0.5733524628521067 0.6476375835626944 0.7097172812013608 0.9262145764393958 1.002897118622436 1.1910583412999582 1.6960526958908695 3.1185520340074273
779 9348 -0.9873557247016652 -0.5419200180383654 0.5032233857977073 0.9535240160314193 0.020835190170516434 0.03211380518174936 0.06373794039578672 0.17214809100243614 0.2184999356605318 0.3073644385462884 0.319205857186993 0.3654352474549678 0.4562184150473312 0.49287702363543673 0.5733524628521067 0.6476375835626944 0.7097172812013608 0.9262145764393958 1.002897118622436 1.1910583412999582 1.6960526958908695 3.1185520340074273
780 9360 -0.9875966819881886 -0.5421581841746186 0.5054398497861415 0.9529636716717125 0.020835190170516434 0.03211380518174936 0.06373794039578672 0.17214809100243614 0.2184999356605318 0.3073644385462884 0.319205857186993 0.3654352474549678 0.4562184150473312 0.49287702363543673 0.5733524628521067 0.6476375835626944 0.7097172812013608 0.9262145764393958 1.002897118622436 1.1910583412999582 1.6960526958908695 3.1185520340074273
781 9372 -0.9877358997342937 -0.5438729072814706 0.5064725328374153 0.9531957963599541 0.020835190170516434 0.03211380518174936 0.06373794039578672 0.17214809100243614 0.2184999356605318 0.3073644385462884 0.319205857186993 0.3654352474549678 0.4562184150473312 0.49287702363543673 0.5733524628521067 0.6476375835626944 0.7097172812013608 0.9262145764393958 1.002897118622436 1.1910583412999582 1.6960526958908695 3.1185520340074273
782 9384 -0.9874769482316799 -0.5306531573197208 0.4978507491636036 0.9521880004546569 0.020835190170516434 0.03211380518174936 0.06373794039578672 0.17214809100243614 0.2184999356605318 0.3073644385462884 0.319205857186993 0.3654352474549678 0.4562184150473312 0.49287702363543673 0.5733524628521067 0.6476375835626944 0.7097172812013608 0.9262145764393958 1.002897118622436 1.1910583412999582 1.6960526958908695 3.1185520340074273
783 9396 -0.9874416510320563 -0.5320932765143038 0.49467980400834494 0.9513601788033839 0.020835190170516434 0.03211380518174936 0.06373794039578672 0.17214809100243614 0.2184999356605318 0.3073644385462884 0.319205857186993 0.3654352474549678 0.4562184150473312 0.49287702363543673 0.5733524628521067 0.6476375835626944 0.7097172812013608 0.9262145764393958 1.002897118622436 1.1910583412999582 1.6960526958908695 3.1185520340074273
784 9408 -0.9875576510550892 -0.5309510893735752 0.5013875453830553 0.9520943283318949 0.020835190170516434 0.03211380518174936 0.06373794039578672 0.17214809100243614 0.2184999356605318 0.3073644385462884 0.319205857186993 0.3654352474549678 0.4562184150473312 0.49287702363543673 0.5733524628521067 0.6476375835626944 0.7097172812013608 0.9262145764393958 1.002897118622436 1.1910583412999582 1.6960526958908695 3.1185520340074273
785 9420 -0.9874373137543552 -0.5354694952566224 0.49540250214832887 0.9512549715703745 0.020835190170516434 0.03211380518174936 0.06373794039578672 0.17214809100243614 0.2184999356605318 0.3073644385462884 0.319205857186993 0.3654352474549678 0.4562184150473312 0.49287702363543673 0.5733524628521067 0.6476375835626944 0.7097172812013608 0.9262145764393958 1.002897118622436 1.1910583412999582 1.6960526958908695 3.1185520340074273
786 9432 -0.9875197084942269 -0.5367782633528639 0.49455013299710937 0.9507401636393562 0.020835190170516434 0.03211380518174936 0.06373794039578672 0.17214809100243614 0.2184999356605318 0.3073644385462884 0.319205857186993 0.3654352474549678 0.4562184150473312 0.49287702363543673 0.5733524628521067 0.6476375835626944 0.7097172812013608 0.9262145764393958 1.002897118622436 1.1910583412999582 1.6960526958908695 3.1185520340074273
787 9444 -0.9874255536976818 -0.538185872400545 0.49442683809454296 0.9512823927110285 0.020835190170516434 0.03211380518174936 0.06373794039578672 0.17214809100243614 0.2184999356605318 0.3073644385462884 0.319205857186993 0.3654352474549678 0.4562184150473312 0.49287702363543673 0.5733524628521067 0.6476375835626944 0.7097172812013608 0.9262145764393958 1.002897118622436 1.1910583412999582 1.6960526958908695 3.1185520340074273
788 9456 -0.9875231310486333 -0.534270624543904 0.49454894432135665 0.9513708994923513 0.020835190170516434 0.03211380518174936 0.06373794039578672 0.17214809100243614 0.2184999356605318 0.3073644385462884 0.319205857186993 0.3654352474549678 0.4562184150473312 0.49287702363543673 0.5733524628521067 0.6476375835626944 0.7097172812013608 0.9262145764393958 1.002897118622436 1.1910583412999582 1.6960526958908695 3.1185520340074273
789 9468 -0.9876821969019901 -0.5370609746844723 0.49149189975018526 0.9515828263272855 0.020835190170516434 0.03211380518174936 0.06373794039578672 0.17214809100243614 0.2184999356605318 0.3073644385462884 0.319205857186993 0.3654352474549678 0.4562184150473312 0.49287702363543673 0.5733524628521067 0.6476375835626944 0.7097172812013608 0.9262145764393958 1.002897118622436 1.1910583412999582 1.6960526958908695 3.1185520340074273
790 9480 -0.9876564756005479 -0.5352956775408886 0.490487771376765 0.9504374669833632 0.020835190170516434 0.03211380518174936 0.06373794039578672 0.17214809100243614 0.2184999356605318 0.3073644385462884 0.319205857186993 0.3654352474549678 0.4562184150473312 0.49287702363543673 0.5733524628521067 0.6476375835626944 0.7097172812013608 0.9262145764393958 1.002897118622436 1.1910583412999582 1.6960526958908695 3.1185520340074273
791 9492 -0.9874671298700762 -0.532304223084411 0.48998508597373347 0.9509185707529697 0.020835190170516434 0.03211380518174936 0.06373794039578672 0.17214809100243614 0.2184999356605318 0.3073644385462884 0.319205857186993 0.3654352474549678 0.4562184150473312 0.49287702363543673 0.5733524628521067 0.6476375835626944 0.7097172812013608 0.9262145764393958 1.002897118622436 1.1910583412999582 1.6960526958908695 3.1185520340074273
792 9504 -0.9876872107274589 -0.5298630466063701 0.49493292103241415 0.9518531312544352 0.020835190170516434 0.03211380518174936 0.06373794039578672 0.17214809100243614 0.2184999356605318 0.3073644385462884 0.319205857186993 0.3654352474549678 0.4562184150473312 0.49287702363543673 0.5733524628521067 0.6476375835626944 0.7097172812013608 0.9262145764393958 1.002897118622436 1.1910583412999582 1.6960526958908695 3.1185520340074273
793 9516 -0.9877180125508312 -0.5251363773829957 0.49472715483793317 0.9516098623602379 0.020259127887078034 0.03011443242570967 0.06398151058305457 0.1689318424928085 0.21744190328316457 0.2947670822196648 0.3247979915869534 0.37996666253269296 0.4626862766687931 0.5223627983822834 0.5509093876033678 0.6358129673220048 0.775737901115094 0.9521333125917991 1.0555916292960426 1.1010010704882223 1.7216507168954442 3.0965186798761093
794 9528 -0.9881685364293135 -0.5276673355899886 0.4826761367716781 0.9522551124608754 0.020259127887078034 0.03011443242570967 0.06398151058305457 0.1689318424928085 0.21744190328316457 0.2947670822196648 0.3247979915869534 0.37996666253269296 0.4626862766687931 0.5223627983822834 0.5509093876033678 0.6358129673220048 0.775737901115094 0.9521333125917991 1.0555916292960426 1.1010010704882223 1.7216507168954442 3.0965186798761093
795 9540 -0.9882583482761886 -0.5334929116035068 0.4845337907486715 0.9525628013062126 0.020259127887078034 0.03011443242570967 0.06398151058305457 0.1689318424928085 0.21744190328316457 0.2947670822196648 0.3247979915869534 0.37996666253269296 0.4626862766687931 0.5223627983822834 0.5509093876033678 0.6358129673220048 0.775737901115094 0.9521333125917991 1.0555916292960426 1.1010010704882223 1.7216507168954442 3.0965186798761093
796 9552 -0.9881374737948133 -0.5304447573874381 0.4776721685999416 0.9532479683700961 0.020259127887078034 0.03011443242570967 0.06398151058305457 0.1689318424928085 0.21744190328316457 0.2947670822196648 0.3247979915869534 0.37996666253269296 0.4626862766687931 0.5223627983822834 0.5509093876033678 0.6358129673220048 0.775737901115094 0.9521333125917991 1.0555916292960426 1.1010010704882223 1.7216507168954442 3.0965186798761093
797 9564 -0.9885962308279964 -0.5313046641433716 0.48596253582889076 0.9534692864978207 0.020259127887078034 0.03011443242570967 0.06398151058305457 0.1689318424928085 0.21744190328316457 0.2947670822196648 0.3247979915869534 0.37996666253269296 0.4626862766687931 0.5223627983822834 0.5509093876033678 0.6358129673220048 0.775737901115094 0.9521333125917991 1.0555916292960426 1.1010010704882223 1.7216507168954442 3.0965186798761093
798 9576 -0.9887356447532223 -0.5271164850295396 0.4785519027585039 0.9545411053004919 0.020259127887078034 0.03011443242570967 0.06398151058305457 0.1689318424928085 0.21744190328316457 0.2947670822196648 0.3247979915869534 0.37996666253269296 0.4626862766687931 0.5223627983822834 0.5509093876033678 0.6358129673220048 0.775737901115094 0.9521333125917991 1.0555916292960426 1.1010010704882223 1.7216507168954442 3.0965186798761093
799 9588 -0.9884578473813382 -0.5205999598143449 0.4788900309645462 0.95326567590549 0.020259127887078034 0.03011443242570967 0.06398151058305457 0.1689318424928085 0.21744190328316457 0.2947670822196648 0.3247979915869534 0.37996666253269296 0.4626862766687931 0.5223627983822834 0.5509093876033678 0.6358129673220048 0.775737901115094 0.9521333125917991 1.0555916292960426 1.1010010704882223 1.7216507168954442 3.0965186798761093
800 9600 -0.9885392284929554 -0.5247984453350292 0.47924961443864933 0.9544179387094601 0.020259127887078034 0.03011443242570967 0.06398151058305457 0.1689318424928085 0.21744190328316457 0.2947670822196648 0.3247979915869534 0.37996666253269296 0.4626862766687931 0.5223627983822834 0.5509093876033678 0.6358129673220048 0.775737901115094 0.9521333125917991 1.0555916292960426 1.1010010704882223 1.7216507168954442 3.0965186798761093
801 9612 -0.9884846371066872 -0.5300926021966053 0.47926174250002107 0.9541740529745867 0.020259127887078034 0.03011443242570967 0.06398151058305457 0.1689318424928085 0.21744190328316457 0.2947670822196648 0.3247979915869534 0.37996666253269296 0.4626862766687931 0.5223627983822834 0.5509093876033678 0.6358129673220048 0.775737901115094 0.9521333125917991 1.0555916292960426 1.1010010704882223 1.7216507168954442 3.0965186798761093
802 9624 -0.9889030764405473 -0.5301415013777707 0.4799589420007642 0.9562362945268221 0.020259127887078034 0.03011443242570967 0.06398151058305457 0.1689318424928085 0.21744190328316457 0.2947670822196648 0.3247979915869534 0.37996666253269296 0.4626862766687931 0.5223627983822834 0.5509093876033678 0.6358129673220048 0.775737901115094 0.9521333125917991 1.0555916292960426 1.1010010704882223 1.7216507168954442 3.0965186798761093
803 9636 -0.989068021397023 -0.5378081287559254 0.4775714145333341 0.9560815509968835 0.020259127887078034 0.03011443242570967 0.06398151058305457 0.1689318424928085 0.21744190328316457 0.2947670822196648 0.3247979915869534 0.37996666253269296 0.4626862766687931 0.5223627983822834 0.5509093876033678 0.6358129673220048 0.775737901115094 0.9521333125917991 1.0555916292960426 1.1010010704882223 1.7216507168954442 3.0965186798761093
804 9648 -0.9890106657001086 -0.5306922908771922 0.46374707011996147 0.956101341591397 0.020259127887078034 0.03011443242570967 0.06398151058305457 0.1689318424928085 0.21744190328316457 0.2947670822196648 0.3247979915869534 0.37996666253269296 0.4626862766687931 0.5223627983822834 0.5509093876033678 0.6358129673220048 0.775737901115094 0.9521333125917991 1.0555916292960426 1.1010010704882223 1.7216507168954442 3.0965186798761093
805 9660 -0.9889896228379106 -0.5284484444516682 0.46248095913641685 0.9560854093700422 0.020259127887078034 0.03011443242570967 0.06398151058305457 0.1689318424928085 0.21744190328316457 0.2947670822196648 0.3247979915869534 0.37996666253269296 0.4626862766687931 0.5223627983822834 0.5509093876033678 0.6358129673220048 0.775737901115094 0.9521333125917991 1.0555916292960426 1.1010010704882223 1.7216507168954442 3.0965186798761093
806 9672 -0.9889519667907557 -0.5289808842856237 0.4661078991212351 0.9564092767543775 0.020259127887078034 0.03011443242570967 0.06398151058305457 0.1689318424928085 0.21744190328316457 0.2947670822196648 0.3247979915869534 0.37996666253269296 0.4626862766687931 0.5223627983822834 0.5509093876033678 0.6358129673220048 0.775737901115094 0.9521333125917991 1.0555916292960426 1.1010010704882223 1.7216507168954442 3.0965186798761093
807 9684 -0.9891774468565693 -0.5290554044409483 0.463232590177201 0.9573851194482611 0.020259127887078034 0.03011443242570967 0.06398151058305457 0.1689318424928085 0.21744190328316457 0.2947670822196648 0.3247979915869534 0.37996666253269296 0.4626862766687931 0.5223627983822834 0.5509093876033678 0.6358129673220048 0.775737901115094 0.9521333125917991 1.0555916292960426 1.1010010704882223 1.7216507168954442 3.0965186798761093
808 9696 -0.9892954780607494 -0.5318006182854682 0.45524527632958867 0.9582682916920346 0.020259127887078034 0.03011443242570967 0.06398151058305457 0.1689318424928085 0.21744190328316457 0.2947670822196648 0.3247979915869534 0.37996666253269296 0.4626862766687931 0.5223627983822834 0.5509093876033678 0.6358129673220048 0.775737901115094 0.9521333125917991 1.0555916292960426 1.1010010704882223 1.7216507168954442 3.0965186798761093
809 9708 -0.9899832491630528 -0.5405624089650528 0.4570643872048223 0.9601759968628364 0.020259127887078034 0.03011443242570967 0.06398151058305457 0.1689318424928085 0.21744190328316457 0.2947670822196648 0.3247979915869534 0.37996666253269296 0.4626862766687931 0.5223627983822834 0.5509093876033678 0.6358129673220048 0.775737901115094 0.9521333125917991 1.0555916292960426 1.1010010704882223 1.7216507168954442 3.0965186798761093
810 9720 -0.9899818132029545 -0.5422976020344542 0.46023509914697214 0.9600923674500519 0.020259127887078034 0.03011443242570967 0.06398151058305457 0.1689318424928085 0.21744190328316457 0.2947670822196648 0.3247979915869534 0.37996666253269296 0.4626862766687931 0.5223627983822834 0.5509093876033678 0.6358129673220048 0.775737901115094 0.9521333125917991 1.0555916292960426 1.1010010704882223 1.7216507168954442 3.0965186798761093
811 9732 -0.9901400954771793 -0.5505351721039674 0.4690030858963615 0.9602985623336027 0.01797822068288999 0.028502185585161415 0.057536414548203456 0.15310760478404445 0.21793206239392626 0.28382774354368917 0.304852664704568 0.34568876346677235 0.4402837285439173 0.5056433679610708 0.5249467782760731 0.5881166727546944 0.7607936620687895 0.8785799559375315 1.0191760530218326 1.171654698356131 1.7392430398795558 3.126256167841536
812 9744 -0.9902711549840989 -0.55069598313219 0.46923369875520987 0.9602046600399837 0.01797822068288999 0.028502185585161415 0.057536414548203456 0.15310760478404445 0.21793206239392626 0.28382774354368917 0.304852664704568 0.34568876346677235 0.4402837285439173 0.5056433679610708 0.5249467782760731 0.5881166727546944 0.7607936620687895 0.8785799559375315 1.0191760530218326 1.171654698356131 1.7392430398795558 3.126256167841536
813 9756 -0.9906052426528758 -0.5647886666913046 0.4698488719589065 0.9619323181099098 0.01797822068288999 0.028502185585161415 0.057536414548203456 0.15310760478404445 0.21793206239392626 0.28382774354368917 0.304852664704568 0.34568876346677235 0.4402837285439173 0.5056433679610708 0.5249467782760731 0.5881166727546944 0.7607936620687895 0.8785799559375315 1.0191760530218326 1.171654698356131 1.7392430398795558 3.126256167841536
814 9768 -0.9908422161933904 -0.5690666517668143 0.4720160022547101 0.9624541758033187 0.01797822068288999 0.028502185585161415 0.057536414548203456 0.15310760478404445 0.21793206239392626 0.28382774354368917 0.304852664704568 0.34568876346677235 0.4402837285439173 0.5056433679610708 0.5249467782760731 0.5881166727546944 0.7607936620687895 0.8785799559375315 1.0191760530218326 1.171654698356131 1.7392430398795558 3.126256167841536
815 9780 -0.9908186121644671 -0.5614749540366044 0.47243303050339663 0.9626232458537143 0.01797822068288999 0.028502185585161415 0.057536414548203456 0.15310760478404445 0.21793206239392626 0.28382774354368917 0.304852664704568 0.34568876346677235 0.4402837285439173 0.5056433679610708 0.5249467782760731 0.5881166727546944 0.7607936620687895 0.8785799559375315 1.0191760530218326 1.171654698356131 1.7392430398795558 3.126256167841536
816 9792 -0.9908389777043798 -0.5608952232772508 0.4657813198801666 0.9627535469257271 0.01797822068288999 0.028502185585161415 0.057536414548203456 0.15310760478404445 0.21793206239392626 0.28382774354368917 0.304852664704568 0.34568876346677235 0.4402837285439173 0.5056433679610708 0.5249467782760731 0.5881166727546944 0.7607936620687895 0.8785799559375315 1.0191760530218326 1.171654698356131 1.7392430398795558 3.126256167841536
817 9804 -0.9908792255033608 -0.5621107664110068 0.4701845705540532 0.9631803868653074 0.01797822068288999 0.028502185585161415 0.057536414548203456 0.15310760478404445 0.21793206239392626 0.28382774354368917 0.304852664704568 0.34568876346677235 0.4402837285439173 0.5056433679610708 0.5249467782760731 0.5881166727546944 0.7607936620687895 0.8785799559375315 1.0191760530218326 1.171654698356131 1.7392430398795558 3.126256167841536
818 9816 -0.9909555758179871 -0.5622312283949069 0.4739867513708105 0.9642817329128895 0.01797822068288999 0.028502185585161415 0.057536414548203456 0.15310760478404445 0.21793206239392626 0.28382774354368917 0.304852664704568 0.34568876346677235 0.4402837285439173 0.5056433679610708 0.5249467782760731 0.5881166727546944 0.7607936620687895 0.8785799559375315 1.0191760530218326 1.171654698356131 1.7392430398795558 3.126256167841536
819 9828 -0.9912490073023134 -0.5658917087033744 0.46553425860344244 0.964284301151512 0.01797822068288999 0.028502185585161415 0.057536414548203456 0.15310760478404445 0.21793206239392626 0.28382774354368917 0.304852664704568 0.34568876346677235 0.4402837285439173 0.5056433679610708 0.5249467782760731 0.5881166727546944 0.7607936620687895 0.8785799559375315 1.0191760530218326 1.171654698356131 1.7392430398795558 3.126256167841536
820 9840 -0.9912650835051209 -0.5700323851264512 0.46937641754153353 0.9653022512634474 0.01797822068288999 0.028502185585161415 0.057536414548203456 0.15310760478404445 0.21793206239392626 0.28382774354368917 0.304852664704568 0.34568876346677235 0.4402837285439173 0.5056433679610708 0.5249467782760731 0.5881166727546944 0.7607936620687895 0.8785799559375315 1.0191760530218326 1.171654698356131 1.7392430398795558 3.126256167841536
821 9852 -0.9912959380738626 -0.5625962114969674 0.46318631969364155 0.9644498975654217 0.01797822068288999 0.028502185585161415 0.057536414548203456 0.15310760478404445 0.21793206239392626 0.28382774354368917 0.304852664704568 0.34568876346677235 0.4402837285439173 0.5056433679610708 0.5249467782760731 0.5881166727546944 0.7607936620687895 0.8785799559375315 1.0191760530218326 1.171654698356131 1.7392430398795558 3.126256167841536
822 9864 -0.9912164770377243 -0.5680640250870996 0.46429381103200623 0.9649382805619144 0.01797822068288999 0.028502185585161415 0.057536414548203456 0.15310760478404445 0.21793206239392626 0.28382774354368917 0.304852664704568 0.34568876346677235 0.4402837285439173 0.5056433679610708 0.5249467782760731 0.5881166727546944 0.7607936620687895 0.8785799559375315 1.0191760530218326 1.171654698356131 1.7392430398795558 3.126256167841536
823 9876 -0.99121614561453 -0.5666603416500458 0.4685193864289241 0.9652578797837028 0.01797822068288999 0.028502185585161415 0.057536414548203456 0.15310760478404445 0.21793206239392626 0.28382774354368917 0.304852664704568 0.34568876346677235 0.4402837285439173 0.5056433679610708 0.5249467782760731 0.5881166727546944 0.7607936620687895 0.8785799559375315 1.0191760530218326 1.171654698356131 1.7392430398795558 3.126256167841536
824 9888 -0.9912023074583962 -0.5647058156861711 0.46738464859299794 0.9650085210715231 0.01797822068288999 0.028502185585161415 0.057536414548203456 0.15310760478404445 0.21793206239392626 0.28382774354368917 0.304852664704568 0.34568876346677235 0.4402837285439173 0.5056433679610708 0.5249467782760731 0.5881166727546944 0.7607936620687895 0.8785799559375315 1.0191760530218326 1.171654698356131 1.7392430398795558 3.126256167841536
825 9900 -0.9913347190294471 -0.5656712596608141 0.46490253244347635 0.9658421233088494 0.01797822068288999 0.028502185585161415 0.057536414548203456 0.15310760478404445 0.21793206239392626 0.28382774354368917 0.304852664704568 0.34568876346677235 0.4402837285439173 0.5056433679610708 0.5249467782760731 0.5881166727546944 0.7607936620687895 0.8785799559375315 1.0191760530218326 1.171654698356131 1.7392430398795558 3.126256167841536
826 9912 -0.9910236195278442 -0.5626200085859197 0.45940800666683745 0.9664022686911413 0.01797822068288999 0.028502185585161415 0.057536414548203456 0.15310760478404445 0.21793206239392626 0.28382774354368917 0.304852664704568 0.34568876346677235 0.4402837285439173 0.5056433679610708 0.5249467782760731 0.5881166727546944 0.7607936620687895 0.8785799559375315 1.0191760530218326 1.171654698356131 1.7392430398795558 3.126256167841536
827 9924 -0.9912294710118433 -0.5635642268330946 0.47260508343552343 0.9668091587772922 0.01797822068288999 0.028502185585161415 0.057536414548203456 0.15310760478404445 0.21793206239392626 0.28382774354368917 0.304852664704568 0.34568876346677235 0.4402837285439173 0.5056433679610708 0.5249467782760731 0.5881166727546944 0.7607936620687895 0.8785799559375315 1.0191760530218326 1.171654698356131 1.7392430398795558 3.126256167841536
828 9936 -0.9913240627408691 -0.5711417927356223 0.46428508619555886 0.9674266576667828 0.01797822068288999 0.028502185585161415 0.057536414548203456 0.15310760478404445 0.21793206239392626 0.28382774354368917 0.304852664704568 0.34568876346677235 0.4402837285439173 0.5056433679610708 0.5249467782760731 0.5881166727546944 0.7607936620687895 0.8785799559375315 1.0191760530218326 1.171654698356131 1.7392430398795558 3.126256167841536
829 9948 -0.9913055799382826 -0.5645404595537273 0.46702200867022103 0.9668761300373371 0.01612299198801017 0.02603024906326704 0.05873937473178347 0.14743957375790104 0.22217601696670441 0.26805205092869944 0.2956528559866501 0.35207275731961857 0.45222866286492014 0.5087763065498775 0.5454627991176827 0.5833504990648569 0.7706182198693013 0.8609571590110808 1.0106646415820466 1.2167031686732936 1.7165636111957912 3.1235560387563637
830 9960 -0.9912732202865187 -0.5559659933446829 0.4677254659029647 0.9673241263648423 0.01612299198801017 0.02603024906326704 0.05873937473178347 0.14743957375790104 0.22217601696670441 0.26805205092869944 0.2956528559866501 0.35207275731961857 0.45222866286492014 0.5087763065498775 0.5454627991176827 0.5833504990648569 0.7706182198693013 0.8609571590110808 1.0106646415820466 1.2167031686732936 1.7165636111957912 3.1235560387563637
831 9972 -0.9912240530775873 -0.5483066616148442 0.4652765021335918 0.9668718893546712 0.01612299198801017 0.02603024906326704 0.05873937473178347 0.14743957375790104 0.22217601696670441 0.26805205092869944 0.2956528559866501 0.35207275731961857 0.45222866286492014 0.5087763065498775 0.5454627991176827 0.5833504990648569 0.7706182198693013 0.8609571590110808 1.0106646415820466 1.2167031686732936 1.7165636111957912 3.1235560387563637
832 9984 -0.9914294926522237 -0.5615375860814308 0.46435030592344134 0.9670643204733841 0.01612299198801017 0.02603024906326704 0.05873937473178347 0.14743957375790104 0.22217601696670441 0.26805205092869944 0.2956528559866501 0.35207275731961857 0.45222866286492014 0.5087763065498775 0.5454627991176827 0.5833504990648569 0.7706182198693013 0.8609571590110808 1.0106646415820466 1.2167031686732936 1.7165636111957912 3.1235560387563637
833 9996 -0.9914535783390768 -0.5621349969297659 0.4645439281193419 0.9667804912645697 0.01612299198801017 0.02603024906326704 0.05873937473178347 0.14743957375790104 0.22217601696670441 0.26805205092869944 0.2956528559866501 0.35207275731961857 0.45222866286492014 0.5087763065498775 0.5454627991176827 0.5833504990648569 0.7706182198693013 0.8609571590110808 1.0106646415820466 1.2167031686732936 1.7165636111957912 3.1235560387563637
834 10008 -0.9914819510468693 -0.5573458843404563 0.45909799109179283 0.9672120824592884 0.01612299198801017 0.02603024906326704 0.05873937473178347 0.14743957375790104 0.22217601696670441 0.26805205092869944 0.2956528559866501 0.35207275731961857 0.45222866286492014 0.5087763065498775 0.5454627991176827 0.5833504990648569 0.7706182198693013 0.8609571590110808 1.0106646415820466 1.2167031686732936 1.7165636111957912 3.1235560387563637
835 10020 -0.9915635380915625 -0.559949844169277 0.46123880895043434 0.9665709060154681 0.01612299198801017 0.02603024906326704 0.05873937473178347 0.14743957375790104 0.22217601696670441 0.26805205092869944 0.2956528559866501 0.35207275731961857 0.45222866286492014 0.5087763065498775 0.5454627991176827 0.5833504990648569 0.7706182198693013 0.8609571590110808 1.0106646415820466 1.2167031686732936 1.7165636111957912 3.1235560387563637
836 10032 -0.9916891595119242 -0.561525905984679 0.45860943658415176 0.9667372940394144 0.01612299198801017 0.02603024906326704 0.05873937473178347 0.14743957375790104 0.22217601696670441 0.26805205092869944 0.2956528559866501 0.35207275731961857 0.45222866286492014 0.5087763065498775 0.5454627991176827 0.5833504990648569 0.7706182198693013 0.8609571590110808 1.0106646415820466 1.2167031686732936 1.7165636111957912 3.1235560387563637
837 10044 -0.9917068423516108 -0.5593462384499457 0.4657430500004424 0.9669208956148084 0.01612299198801017 0.02603024906326704 0.05873937473178347 0.14743957375790104 0.22217601696670441 0.26805205092869944 0.2956528559866501 0.35207275731961857 0.45222866286492014 0.5087763065498775 0.5454627991176827 0.5833504990648569 0.7706182198693013 0.8609571590110808 1.0106646415820466 1.2167031686732936 1.7165636111957912 3.1235560387563637
838 10056 -0.9917295921285403 -0.5534285291398361 0.47322559625578203 0.9673455944513949 0.01612299198801017 0.02603024906326704 0.05873937473178347 0.14743957375790104 0.22217601696670441 0.26805205092869944 0.2956528559866501 0.35207275731961857 0.45222866286492014 0.5087763065498775 0.5454627991176827 0.5833504990648569 0.7706182198693013 0.8609571590110808 1.0106646415820466 1.2167031686732936 1.7165636111957912 3.1235560387563637
839 10068 -0.9915311696642634 -0.5470163579629006 0.4593221091773606 0.9667689586427564 0.01612299198801017 0.02603024906326704 0.05873937473178347 0.14743957375790104 0.22217601696670441 0.26805205092869944 0.2956528559866501 0.35207275731961857 0.45222866286492014 0.5087763065498775 0.5454627991176827 0.5833504990648569 0.7706182198693013 0.8609571590110808 1.0106646415820466 1.2167031686732936 1.7165636111957912 3.1235560387563637
840 10080 -0.9914612511098101 -0.5462031582993395 0.4584676800982076 0.967148951954705 0.01612299198801017 0.02603024906326704 0.05873937473178347 0.14743957375790104 0.22217601696670441 0.26805205092869944 0.2956528559866501 0.35207275731961857 0.45222866286492014 0.5087763065498775 0.5454627991176827 0.5833504990648569 0.7706182198693013 0.8609571590110808 1.0106646415820466 1.2167031686732936 1.7165636111957912 3.1235560387563637
841 10092 -0.9915400276464664 -0.5372965252130665 0.45489118990522126 0.966395503578151 0.01612299198801017 0.02603024906326704 0.05873937473178347 0.14743957375790104 0.22217601696670441 0.26805205092869944 0.2956528559866501 0.35207275731961857 0.45222866286492014 0.5087763065498775 0.5454627991176827 0.5833504990648569 0.7706182198693013 0.8609571590110808 1.0106646415820466 1.2167031686732936 1.7165636111957912 3.1235560387563637
842 10104 -0.9914478632777994 -0.5321910245316686 0.460569451101077 0.9662685034526033 0.01612299198801017 0.02603024906326704 0.05873937473178347 0.14743957375790104 0.22217601696670441 0.26805205092869944 0.2956528559866501 0.35207275731961857 0.45222866286492014 0.5087763065498775 0.5454627991176827 0.5833504990648569 0.7706182198693013 0.8609571590110808 1.0106646415820466 1.2167031686732936 1.7165636111957912 3.1235560387563637
843 10116 -0.9914746419037231 -0.5318831268523352 0.4616769214085014 0.9678632567227627 0.01612299198801017 0.02603024906326704 0.05873937473178347 0.14743957375790104 0.22217601696670441 0.26805205092869944 0.2956528559866501 0.35207275731961857 0.45222866286492014 0.5087763065498775 0.5454627991176827 0.5833504990648569 0.7706182198693013 0.8609571590110808 1.0106646415820466 1.2167031686732936 1.7165636111957912 3.1235560387563637
844 10128 -0.9914321929839829 -0.5281698560156125 0.4548044845634113 0.9672529771953612 0.01612299198801017 0.02603024906326704 0.05873937473178347 0.14743957375790104 0.22217601696670441 0.26805205092869944 0.2956528559866501 0.35207275731961857 0.45222866286492014 0.5087763065498775 0.5454627991176827 0.5833504990648569 0.7706182198693013 0.8609571590110808 1.0106646415820466 1.2167031686732936 1.7165636111957912 3.1235560387563637
845 10140 -0.9913070415590375 -0.5274738703553985 0.4560871342451134 0.9671284943634004 0.01612299198801017 0.02603024906326704 0.05873937473178347 0.14743957375790104 0.22217601696670441 0.26805205092869944 0.2956528559866501 0.35207275731961857 0.45222866286492014 0.5087763065498775 0.5454627991176827 0.5833504990648569 0.7706182198693013 0.8609571590110808 1.0106646415820466 1.2167031686732936 1.7165636111957912 3.1235560387563637
846 10152 -0.9911301823407893 -0.5244430524739419 0.4579926405158228 0.9673779185073822 0.01612299198801017 0.02603024906326704 0.05873937473178347 0.14743957375790104 0.22217601696670441 0.26805205092869944 0.2956528559866501 0.35207275731961857 0.45222866286492014 0.5087763065498775 0.5454627991176827 0.5833504990648569 0.7706182198693013 0.8609571590110808 1.0106646415820466 1.2167031686732936 1.7165636111957912 3.1235560387563637
847 10164 -0.9916359302235177 -0.5281100894499198 0.45878682908245083 0.969200036515622 0.014247007634501417 0.0248922339542438 0.05802973676028023 0.15845237543234975 0.22429485524109227 0.2693061064921816 0.30260919779898293 0.37145185400578073 0.4530399160064661 0.5055709118242393 0.5634410447283031 0.5734238996049922 0.8122238855184988 0.8574717690550253 1.0062988345093877 1.313523483110522 1.6753646306090264 3.093767723822828
848 10176 -0.9915931841561251 -0.5260578231756076 0.4559085246786676 0.9694025184380527 0.014247007634501417 0.0248922339542438 0.05802973676028023 0.15845237543234975 0.22429485524109227 0.2693061064921816 0.30260919779898293 0.37145185400578073 0.4530399160064661 0.5055709118242393 0.5634410447283031 0.5734238996049922 0.8122238855184988 0.8574717690550253 1.0062988345093877 1.313523483110522 1.6753646306090264 3.093767723822828
849 10188 -0.9918793552040588 -0.5263373946547405 0.45780127751720184 0.9691965384672757 0.014247007634501417 0.0248922339542438 0.05802973676028023 0.15845237543234975 0.22429485524109227 0.2693061064921816 0.30260919779898293 0.37145185400578073 0.4530399160064661 0.5055709118242393 0.5634410447283031 0.5734238996049922 0.8122238855184988 0.8574717690550253 1.0062988345093877 1.313523483110522 1.6753646306090264 3.093767723822828
850 10200 -0.9918084029352876 -0.5267414414334739 0.45790577259123577 0.9696010361301503 0.014247007634501417 0.0248922339542438 0.05802973676028023 0.15845237543234975 0.22429485524109227 0.2693061064921816 0.30260919779898293 0.37145185400578073 0.4530399160064661 0.5055709118242393 0.5634410447283031 0.5734238996049922 0.8122238855184988 0.8574717690550253 1.0062988345093877 1.313523483110522 1.6753646306090264 3.093767723822828
851 10212 -0.9919116069204883 -0.5279798417690054 0.46166885109044803 0.9697679633401527 0.014247007634501417 0.0248922339542438 0.05802973676028023 0.15845237543234975 0.22429485524109227 0.2693061064921816 0.30260919779898293 0.37145185400578073 0.4530399160064661 0.5055709118242393 0.5634410447283031 0.5734238996049922 0.8122238855184988 0.8574717690550253 1.0062988345093877 1.313523483110522 1.6753646306090264 3.093767723822828
852 10224 -0.99188999779824 -0.5235133374366637 0.45962633501930406 0.9700040125635214 0.014247007634501417 0.0248922339542438 0.05802973676028023 0.15845237543234975 0.22429485524109227 0.2693061064921816 0.30260919779898293 0.37145185400578073 0.4530399160064661 0.5055709118242393 0.5634410447283031 0.5734238996049922 0.8122238855184988 0.8574717690550253 1.0062988345093877 1.313523483110522 1.6753646306090264 3.093767723822828
853 10236 -0.9917549402422413 -0.5140858702889928 0.45284914661935416 0.9689963265435346 0.014247007634501417 0.0248922339542438 0.05802973676028023 0.15845237543234975 0.22429485524109227 0.2693061064921816 0.30260919779898293 0.37145185400578073 0.4530399160064661 0.5055709118242393 0.5634410447283031 0.5734238996049922 0.8122238855184988 0.8574717690550253 1.0062988345093877 1.313523483110522 1.6753646306090264 3.093767723822828
854 10248 -0.991571091940899 -0.5154457918409634 0.45090320686090185 0.9696842685343965 0.014247007634501417 0.0248922339542438 0.05802973676028023 0.15845237543234975 0.22429485524109227 0.2693061064921816 0.30260919779898293 0.37145185400578073 0.4530399160064661 0.5055709118242393 0.5634410447283031 0.5734238996049922 0.8122238855184988 0.8574717690550253 1.0062988345093877 1.313523483110522 1.6753646306090264 3.093767723822828
855 10260 -0.9914676424935562 -0.5078355845221542 0.43820776337506784 0.9692810332640351 0.014247007634501417 0.0248922339542438 0.05802973676028023 0.15845237543234975 0.22429485524109227 0.2693061064921816 0.30260919779898293 0.37145185400578073 0.4530399160064661 0.5055709118242393 0.5634410447283031 0.5734238996049922 0.8122238855184988 0.8574717690550253 1.0062988345093877 1.313523483110522 1.6753646306090264 3.093767723822828
856 10272 -0.9916219260591511 -0.5035151579475647 0.4329070037619515 0.9704941883030378 0.014247007634501417 0.0248922339542438 0.05802973676028023 0.15845237543234975 0.22429485524109227 0.2693061064921816 0.30260919779898293 0.37145185400578073 0.4530399160064661 0.5055709118242393 0.5634410447283031 0.5734238996049922 0.8122238855184988 0.8574717690550253 1.0062988345093877 1.313523483110522 1.6753646306090264 3.093767723822828
857 10284 -0.9917002623455005 -0.5022772431375246 0.44211180341146283 0.9703636706209698 0.014247007634501417 0.0248922339542438 0.05802973676028023 0.15845237543234975 0.22429485524109227 0.2693061064921816 0.30260919779898293 0.37145185400578073 0.4530399160064661 0.5055709118242393 0.5634410447283031 0.5734238996049922 0.8122238855184988 0.8574717690550253 1.0062988345093877 1.313523483110522 1.6753646306090264 3.093767723822828
858 10296 -0.9920357230699838 -0.4993095757111455 0.43936585515988447 0.9702491454524391 0.014247007634501417 0.0248922339542438 0.05802973676028023 0.15845237543234975 0.22429485524109227 0.2693061064921816 0.30260919779898293 0.37145185400578073 0.4530399160064661 0.5055709118242393 0.5634410447283031 0.5734238996049922 0.8122238855184988 0.8574717690550253 1.0062988345093877 1.313523483110522 1.6753646306090264 3.093767723822828
859 10308 -0.9921204570475203 -0.5030518476870796 0.4469883711014516 0.9708551576283265 0.014247007634501417 0.0248922339542438 0.05802973676028023 0.15845237543234975 0.22429485524109227 0.2693061064921816 0.30260919779898293 0.37145185400578073 0.4530399160064661 0.5055709118242393 0.5634410447283031 0.5734238996049922 0.8122238855184988 0.8574717690550253 1.0062988345093877 1.313523483110522 1.6753646306090264 3.093767723822828
860 10320 -0.9919962419069623 -0.5010743003090107 0.445218131335753 0.9710992042756758 0.014247007634501417 0.0248922339542438 0.05802973676028023 0.15845237543234975 0.22429485524109227 0.2693061064921816 0.30260919779898293 0.37145185400578073 0.4530399160064661 0.5055709118242393 0.5634410447283031 0.5734238996049922 0.8122238855184988 0.8574717690550253 1.0062988345093877 1.313523483110522 1.6753646306090264 3.093767723822828
861 10332 -0.9919469637809847 -0.4967422566799272 0.44378072701269455 0.970495436401528 0.014247007634501417 0.0248922339542438 0.05802973676028023 0.15845237543234975 0.22429485524109227 0.2693061064921816 0.30260919779898293 0.37145185400578073 0.4530399160064661 0.5055709118242393 0.5634410447283031 0.5734238996049922 0.8122238855184988 0.8574717690550253 1.0062988345093877 1.313523483110522 1.6753646306090264 3.093767723822828
862 10344 -0.9922268595429315 -0.5092352904178312 0.44346890181842835 0.970272649396196 0.014247007634501417 0.0248922339542438 0.05802973676028023 0.15845237543234975 0.22429485524109227 0.2693061064921816 0.30260919779898293 0.37145185400578073 0.4530399160064661 0.5055709118242393 0.5634410447283031 0.5734238996049922 0.8122238855184988 0.8574717690550253 1.0062988345093877 1.313523483110522 1.6753646306090264 3.093767723822828
863 10356 -0.9921456090128299 -0.5098073268030279 0.44407320346810963 0.970459420659332 0.014247007634501417 0.0248922339542438 0.05802973676028023 0.15845237543234975 0.22429485524109227 0.2693061064921816 0.30260919779898293 0.37145185400578073 0.4530399160064661 0.5055709118242393 0.5634410447283031 0.5734238996049922 0.8122238855184988 0.8574717690550253 1.0062988345093877 1.313523483110522 1.6753646306090264 3.093767723822828
864 10368 -0.9921069983388412 -0.5085650647410793 0.4387988056372011 0.9699814591834812 0.014247007634501417 0.0248922339542438 0.05802973676028023 0.15845237543234975 0.22429485524109227 0.2693061064921816 0.30260919779898293 0.37145185400578073 0.4530399160064661 0.5055709118242393 0.5634410447283031 0.5734238996049922 0.8122238855184988 0.8574717690550253 1.0062988345093877 1.313523483110522 1.6753646306090264 3.093767723822828
865 10380 -0.9921280586147945 -0.5106828035042105 0.44362681691219363 0.9700356459116835 0.013345651345712348 0.02297220372415145 0.05676424430612513 0.15475935721963713 0.21571966911929474 0.2704629808576559 0.32179743471077416 0.34538841032919354 0.43767077986095576 0.48296900769551726 0.5404618026101015 0.5618323727219203 0.8191121806140687 0.8804602985999489 0.9644176262973391 1.3041829717422033 1.7501118433083669 3.0752201700122312
866 10392 -0.9922228577084515 -0.5067703496098828 0.44009245337663083 0.9704895375160327 0.013345651345712348 0.02297220372415145 0.05676424430612513 0.15475935721963713 0.21571966911929474 0.2704629808576559 0.32179743471077416 0.34538841032919354 0.43767077986095576 0.48296900769551726 0.5404618026101015 0.5618323727219203 0.8191121806140687 0.8804602985999489 0.9644176262973391 1.3041829717422033 1.7501118433083669 3.0752201700122312
867 10404 -0.9920561009548091 -0.4969933172923221 0.4394039267930794 0.9697117676067549 0.013345651345712348 0.02297220372415145 0.05676424430612513 0.15475935721963713 0.21571966911929474 0.2704629808576559 0.32179743471077416 0.34538841032919354 0.43767077986095576 0.48296900769551726 0.5404618026101015 0.5618323727219203 0.8191121806140687 0.8804602985999489 0.9644176262973391 1.3041829717422033 1.7501118433083669 3.0752201700122312
868 10416 -0.9920876769379826 -0.50540498872346 0.4516782146951523 0.9707975545279035 0.013345651345712348 0.02297220372415145 0.05676424430612513 0.15475935721963713 0.21571966911929474 0.2704629808576559 0.32179743471077416 0.34538841032919354 0.43767077986095576 0.48296900769551726 0.5404618026101015 0.5618323727219203 0.8191121806140687 0.8804602985999489 0.9644176262973391 1.3041829717422033 1.7501118433083669 3.0752201700122312
869 10428 -0.9926539354286008 -0.5110673146773119 0.45100914802050335 0.9711849714861801 0.013345651345712348 0.02297220372415145 0.05676424430612513 0.15475935721963713 0.21571966911929474 0.2704629808576559 0.32179743471077416 0.34538841032919354 0.43767077986095576 0.48296900769551726 0.5404618026101015 0.5618323727219203 0.8191121806140687 0.8804602985999489 0.9644176262973391 1.3041829717422033 1.7501118433083669 3.0752201700122312
870 10440 -0.9926913382911062 -0.5141703968107715 0.44842774060976204 0.9716331658128123 0.013345651345712348 0.02297220372415145 0.05676424430612513 0.15475935721963713 0.21571966911929474 0.2704629808576559 0.32179743471077416 0.34538841032919354 0.43767077986095576 0.48296900769551726 0.5404618026101015 0.5618323727219203 0.8191121806140687 0.8804602985999489 0.9644176262973391 1.3041829717422033 1.7501118433083669 3.0752201700122312
871 10452 -0.9927292241198912 -0.5007981584191271 0.4426778679190247 0.9719353406824925 0.013345651345712348 0.02297220372415145 0.05676424430612513 0.15475935721963713 0.21571966911929474 0.2704629808576559 0.32179743471077416 0.34538841032919354 0.43767077986095576 0.48296900769551726 0.5404618026101015 0.5618323727219203 0.8191121806140687 0.8804602985999489 0.9644176262973391 1.3041829717422033 1.7501118433083669 3.0752201700122312
872 10464 -0.9931662081895141 -0.5164685498765573 0.4493647050282007 0.9732365222753477 0.013345651345712348 0.02297220372415145 0.05676424430612513 0.15475935721963713 0.21571966911929474 0.2704629808576559 0.32179743471077416 0.34538841032919354 0.43767077986095576 0.48296900769551726 0.5404618026101015 0.5618323727219203 0.8191121806140687 0.8804602985999489 0.9644176262973391 1.3041829717422033 1.7501118433083669 3.0752201700122312
873 10476 -0.9933962053026877 -0.5131973235424155 0.43482049136695 0.9743282445218528 0.013345651345712348 0.02297220372415145 0.05676424430612513 0.15475935721963713 0.21571966911929474 0.2704629808576559 0.32179743471077416 0.34538841032919354 0.43767077986095576 0.48296900769551726 0.5404618026101015 0.5618323727219203 0.8191121806140687 0.8804602985999489 0.9644176262973391 1.3041829717422033 1.7501118433083669 3.0752201700122312
874 10488 -0.9936411190924765 -0.5153233789155921 0.44430904402918686 0.9755128882960656 0.013345651345712348 0.02297220372415145 0.05676424430612513 0.15475935721963713 0.21571966911929474 0.2704629808576559 0.32179743471077416 0.34538841032919354 0.43767077986095576 0.48296900769551726 0.5404618026101015 0.5618323727219203 0.8191121806140687 0.8804602985999489 0.9644176262973391 1.3041829717422033 1.7501118433083669 3.0752201700122312
875 10500 -0.9936860411144409 -0.5176463380349939 0.4398680147276087 0.9759908143330038 0.013345651345712348 0.02297220372415145 0.05676424430612513 0.15475935721963713 0.21571966911929474 0.2704629808576559 0.32179743471077416 0.34538841032919354 0.43767077986095576 0.48296900769551726 0.5404618026101015 0.5618323727219203 0.8191121806140687 0.8804602985999489 0.9644176262973391 1.3041829717422033 1.7501118433083669 3.0752201700122312
876 10512 -0.9936615572568523 -0.5140055159760419 0.4359605255864766 0.9756345472595617 0.013345651345712348 0.02297220372415145 0.05676424430612513 0.15475935721963713 0.21571966911929474 0.2704629808576559 0.32179743471077416 0.34538841032919354 0.43767077986095576 0.48296900769551726 0.5404618026101015 0.5618323727219203 0.8191121806140687 0.8804602985999489 0.9644176262973391 1.3041829717422033 1.7501118433083669 3.0752201700122312
877 10524 -0.993557959470929 -0.49852542006272793 0.4252314168415559 0.9754512462242214 0.013345651345712348 0.02297220372415145 0.05676424430612513 0.15475935721963713 0.21571966911929474 0.2704629808576559 0.32179743471077416 0.34538841032919354 0.43767077986095576 0.48296900769551726 0.5404618026101015 0.5618323727219203 0.8191121806140687 0.8804602985999489 0.9644176262973391 1.3041829717422033 1.7501118433083669 3.0752201700122312
878 10536 -0.9935918322560993 -0.48957897945517587 0.4321198040240677 0.975410546758258 0.013345651345712348 0.02297220372415145 0.05676424430612513 0.15475935721963713 0.21571966911929474 0.2704629808576559 0.32179743471077416 0.34538841032919354 0.43767077986095576 0.48296900769551726 0.5404618026101015 0.5618323727219203 0.8191121806140687 0.8804602985999489 0.9644176262973391 1.3041829717422033 1.7501118433083669 3.0752201700122312
879 10548 -0.9936311976308831 -0.49322230129413747 0.4382124370264364 0.9756850256419344 0.013345651345712348 0.02297220372415145 0.05676424430612513 0.15475935721963713 0.21571966911929474 0.2704629808576559 0.32179743471077416 0.34538841032919354 0.43767077986095576 0.48296900769551726 0.5404618026101015 0.5618323727219203 0.8191121806140687 0.8804602985999489 0.9644176262973391 1.3041829717422033 1.7501118433083669 3.0752201700122312
880 10560 -0.9939030987072232 -0.48775948081451953 0.43333850684969266 0.9758393527659305 0.013345651345712348 0.02297220372415145 0.05676424430612513 0.15475935721963713 0.21571966911929474 0.2704629808576559 0.32179743471077416 0.34538841032919354 0.43767077986095576 0.48296900769551726 0.5404618026101015 0.5618323727219203 0.8191121806140687 0.8804602985999489 0.9644176262973391 1.3041829717422033 1.7501118433083669 3.0752201700122312
881 10572 -0.9940615194562497 -0.502531848725278 0.443234282229244 0.9768283710460032 0.013345651345712348 0.02297220372415145 0.05676424430612513 0.15475935721963713 0.21571966911929474 0.2704629808576559 0.32179743471077416 0.34538841032919354 0.43767077986095576 0.48296900769551726 0.5404618026101015 0.5618323727219203 0.8191121806140687 0.8804602985999489 0.9644176262973391 1.3041829717422033 1.7501118433083669 3.0752201700122312
882 10584 -0.994073870850754 -0.5081871772458629 0.44513050086066014 0.9772602512327794 0.013345651345712348 0.02297220372415145 0.05676424430612513 0.15475935721963713 0.21571966911929474 0.2704629808576559 0.32179743471077416 0.34538841032919354 0.43767077986095576 0.48296900769551726 0.5404618026101015 0.5618323727219203 0.8191121806140687 0.8804602985999489 0.9644176262973391 1.3041829717422033 1.7501118433083669 3.0752201700122312
883 10596 -0.9941526067816073 -0.5046773757502576 0.43395878122100134 0.9785529083115866 0.011846548974493974 0.020378279263809487 0.04883953733980748 0.1445649411283033 0.1948234192418441 0.23521741785170797 0.30826575562243713 0.3230313270719002 0.4133310467451006 0.505668488614126 0.5314478185132373 0.6161742116931506 0.7906223369982845 0.8954047431484804 0.9826426974236877 1.295551575451448 1.7376187003078063 3.0829622759983506
884 10608 -0.994115859746951 -0.5067973325880788 0.430954894670766 0.9789175217067401 0.011846548974493974 0.020378279263809487 0.04883953733980748 0.1445649411283033 0.1948234192418441 0.23521741785170797 0.30826575562243713 0.3230313270719002 0.4133310467451006 0.505668488614126 0.5314478185132373 0.6161742116931506 0.7906223369982845 0.8954047431484804 0.9826426974236877 1.295551575451448 1.7376187003078063 3.0829622759983506
885 10620 -0.9941306346521168 -0.5115392508811293 0.4271096523422448 0.9789786830623024 0.011846548974493974 0.020378279263809487 0.04883953733980748 0.1445649411283033 0.1948234192418441 0.23521741785170797 0.30826575562243713 0.3230313270719002 0.4133310467451006 0.505668488614126 0.5314478185132373 0.6161742116931506 0.7906223369982845 0.8954047431484804 0.9826426974236877 1.295551575451448 1.7376187003078063 3.0829622759983506
886 10632 -0.994097328782133 -0.5060676007667214 0.42752226515214564 0.9785826227052629 0.011846548974493974 0.020378279263809487 0.04883953733980748 0.1445649411283033 0.1948234192418441 0.23521741785170797 0.30826575562243713 0.3230313270719002 0.4133310467451006 0.505668488614126 0.5314478185132373 0.6161742116931506 0.7906223369982845 0.8954047431484804 0.9826426974236877 1.295551575451448 1.7376187003078063 3.0829622759983506
887 10644 -0.994369716786146 -0.5136276500740884 0.4255684919811006 0.979143291408697 0.011846548974493974 0.020378279263809487 0.04883953733980748 0.1445649411283033 0.1948234192418441 0.23521741785170797 0.30826575562243713 0.3230313270719002 0.4133310467451006 0.505668488614126 0.5314478185132373 0.6161742116931506 0.7906223369982845 0.8954047431484804 0.9826426974236877 1.295551575451448 1.7376187003078063 3.0829622759983506
888 10656 -0.9943286551214354 -0.5157281017871711 0.4272362472002792 0.9791962054414594 0.011846548974493974 0.020378279263809487 0.04883953733980748 0.1445649411283033 0.1948234192418441 0.23521741785170797 0.30826575562243713 0.3230313270719002 0.4133310467451006 0.505668488614126 0.5314478185132373 0.6161742116931506 0.7906223369982845 0.8954047431484804 0.9826426974236877 1.295551575451448 1.7376187003078063 3.0829622759983506
889 10668 -0.9943807892547687 -0.5184551538016409 0.4336271858128145 0.979693973316912 0.011846548974493974 0.020378279263809487 0.04883953733980748 0.1445649411283033 0.1948234192418441 0.23521741785170797 0.30826575562243713 0.3230313270719002 0.4133310467451006 0.505668488614126 0.5314478185132373 0.6161742116931506 0.7906223369982845 0.8954047431484804 0.9826426974236877 1.295551575451448 1.7376187003078063 3.0829622759983506
890 10680 -0.9944389496770853 -0.5184702252076383 0.43384548098197884 0.9796478599937098 0.011846548974493974 0.020378279263809487 0.04883953733980748 0.1445649411283033 0.1948234192418441 0.23521741785170797 0.30826575562243713 0.3230313270719002 0.4133310467451006 0.505668488614126 0.5314478185132373 0.6161742116931506 0.7906223369982845 0.8954047431484804 0.9826426974236877 1.295551575451448 1.7376187003078063 3.0829622759983506
891 10692 -0.9942643045012889 -0.5175602401187204 0.44112129315029813 0.978994142098464 0.011846548974493974 0.020378279263809487 0.04883953733980748 0.1445649411283033 0.1948234192418441 0.23521741785170797 0.30826575562243713 0.3230313270719002 0.4133310467451006 0.505668488614126 0.5314478185132373 0.6161742116931506 0.7906223369982845 0.8954047431484804 0.9826426974236877 1.295551575451448 1.7376187003078063 3.0829622759983506
892 10704 -0.9942685661863635 -0.5090611325671206 0.4343098010311699 0.979049011880957 0.011846548974493974 0.020378279263809487 0.04883953733980748 0.1445649411283033 0.1948234192418441 0.23521741785170797 0.30826575562243713 0.3230313270719002 0.4133310467451006 0.505668488614126 0.5314478185132373 0.6161742116931506 0.7906223369982845 0.8954047431484804 0.9826426974236877 1.295551575451448 1.7376187003078063 3.0829622759983506
893 10716 -0.9942600708869275 -0.5057954470246124 0.43810774504469646 0.9793178372078156 0.011846548974493974 0.020378279263809487 0.04883953733980748 0.1445649411283033 0.1948234192418441 0.23521741785170797 0.30826575562243713 0.3230313270719002 0.4133310467451006 0.505668488614126 0.5314478185132373 0.6161742116931506 0.7906223369982845 0.8954047431484804 0.9826426974236877 1.295551575451448 1.7376187003078063 3.0829622759983506
894 10728 -0.9943280306137712 -0.50968395931663 0.4295113788577245 0.9796083329226819 0.011846548974493974 0.020378279263809487 0.04883953733980748 0.1445649411283033 0.1948234192418441 0.23521741785170797 0.30826575562243713 0.3230313270719002 0.4133310467451006 0.505668488614126 0.5314478185132373 0.6161742116931506 0.7906223369982845 0.8954047431484804 0.9826426974236877 1.295551575451448 1.7376187003078063 3.0829622759983506
895 10740 -0.9944003674627809 -0.5088551825848084 0.4321267888775494 0.9800741716217952 0.011846548974493974 0.020378279263809487 0.04883953733980748 0.1445649411283033 0.1948234192418441 0.23521741785170797 0.30826575562243713 0.3230313270719002 0.4133310467451006 0.505668488614126 0.5314478185132373 0.6161742116931506 0.7906223369982845 0.8954047431484804 0.9826426974236877 1.295551575451448 1.7376187003078063 3.0829622759983506
896 10752 -0.9946140200669609 -0.5105344204330302 0.4442366056618912 0.9802011201437815 0.011846548974493974 0.020378279263809487 0.04883953733980748 0.1445649411283033 0.1948234192418441 0.23521741785170797 0.30826575562243713 0.3230313270719002 0.4133310467451006 0.505668488614126 0.5314478185132373 0.6161742116931506 0.7906223369982845 0.8954047431484804 0.9826426974236877 1.295551575451448 1.7376187003078063 3.0829622759983506
897 10764 -0.9947734244524153 -0.5237851808441356 0.44688135618847885 0.9812636638356282 0.011846548974493974 0.020378279263809487 0.04883953733980748 0.1445649411283033 0.1948234192418441 0.23521741785170797 0.30826575562243713 0.3230313270719002 0.4133310467451006 0.505668488614126 0.5314478185132373 0.6161742116931506 0.7906223369982845 0.8954047431484804 0.9826426974236877 1.295551575451448 1.7376187003078063 3.0829622759983506
898 10776 -0.9950082681847423 -0.5255370907746812 0.4507131722708765 0.9825325245194229 0.011846548974493974 0.020378279263809487 0.04883953733980748 0.1445649411283033 0.1948234192418441 0.23521741785170797 0.30826575562243713 0.3230313270719002 0.4133310467451006 0.505668488614126 0.5314478185132373 0.6161742116931506 0.7906223369982845 0.8954047431484804 0.9826426974236877 1.295551575451448 1.7376187003078063 3.0829622759983506
899 10788 -0.9950607698735776 -0.5288264968176192 0.4563727416017697 0.9829353202462902 0.011846548974493974 0.020378279263809487 0.04883953733980748 0.1445649411283033 0.1948234192418441 0.23521741785170797 0.30826575562243713 0.3230313270719002 0.4133310467451006 0.505668488614126 0.5314478185132373 0.6161742116931506 0.7906223369982845 0.8954047431484804 0.9826426974236877 1.295551575451448 1.7376187003078063 3.0829622759983506
900 10800 -0.995168687863073 -0.53369603714367 0.45564785080722275 0.9831389334032715 0.011846548974493974 0.020378279263809487 0.04883953733980748 0.1445649411283033 0.1948234192418441 0.23521741785170797 0.30826575562243713 0.3230313270719002 0.4133310467451006 0.505668488614126 0.5314478185132373 0.6161742116931506 0.7906223369982845 0.8954047431484804 0.9826426974236877 1.295551575451448 1.7376187003078063 3.0829622759983506
901 10812 -0.9952156059932215 -0.5423780175364563 0.45448287611567495 0.9835267870092376 0.010662008476921085 0.019282438382618228 0.04317891713491458 0.13410275301350086 0.17849993112230192 0.22149107120958458 0.28144080079372935 0.30759430326494275 0.383729704825307 0.5085629679689259 0.5537798179855726 0.5872902951407187 0.7975063051584644 0.9130596454733073 1.0642208426689903 1.2451443248772602 1.6566103316908376 3.1257724933218047
902 10824 -0.995314741992662 -0.5487905203313105 0.4629988071964326 0.9840826464896437 0.010662008476921085 0.019282438382618228 0.04317891713491458 0.13410275301350086 0.17849993112230192 0.22149107120958458 0.28144080079372935 0.30759430326494275 0.383729704825307 0.5085629679689259 0.5537798179855726 0.5872902951407187 0.7975063051584644 0.9130596454733073 1.0642208426689903 1.2451443248772602 1.6566103316908376 3.1257724933218047
903 10836 -0.9954412241180193 -0.5499644341768115 0.4629068349679407 0.9841546925557213 0.010662008476921085 0.019282438382618228 0.04317891713491458 0.13410275301350086 0.17849993112230192 0.22149107120958458 0.28144080079372935 0.30759430326494275 0.383729704825307 0.5085629679689259 0.5537798179855726 0.5872902951407187 0.7975063051584644 0.9130596454733073 1.0642208426689903 1.2451443248772602 1.6566103316908376 3.1257724933218047
904 10848 -0.9956582500382859 -0.5390883821396165 0.4788569286792063 0.9852192885346944 0.010662008476921085 0.019282438382618228 0.04317891713491458 0.13410275301350086 0.17849993112230192 0.22149107120958458 0.28144080079372935 0.30759430326494275 0.383729704825307 0.5085629679689259 0.5537798179855726 0.5872902951407187 0.7975063051584644 0.9130596454733073 1.0642208426689903 1.2451443248772602 1.6566103316908376 3.1257724933218047
905 10860 -0.9959445757001327 -0.5446897068889198 0.4828962754275513 0.9858582787556579 0.010662008476921085 0.019282438382618228 0.04317891713491458 0.13410275301350086 0.17849993112230192 0.22149107120958458 0.28144080079372935 0.30759430326494275 0.383729704825307 0.5085629679689259 0.5537798179855726 0.5872902951407187 0.7975063051584644 0.9130596454733073 1.0642208426689903 1.2451443248772602 1.6566103316908376 3.1257724933218047
906 10872 -0.9961230504219025 -0.546963339505123 0.48362406395279744 0.9869681138848996 0.010662008476921085 0.019282438382618228 0.04317891713491458 0.13410275301350086 0.17849993112230192 0.22149107120958458 0.28144080079372935 0.30759430326494275 0.383729704825307 0.5085629679689259 0.5537798179855726 0.5872902951407187 0.7975063051584644 0.9130596454733073 1.0642208426689903 1.2451443248772602 1.6566103316908376 3.1257724933218047
907 10884 -0.9963316764126587 -0.556961182863039 0.49058634121181105 0.9874221933737054 0.010662008476921085 0.019282438382618228 0.04317891713491458 0.13410275301350086 0.17849993112230192 0.22149107120958458 0.28144080079372935 0.30759430326494275 0.383729704825307 0.5085629679689259 0.5537798179855726 0.5872902951407187 0.7975063051584644 0.9130596454733073 1.0642208426689903 1.2451443248772602 1.6566103316908376 3.1257724933218047
908 10896 -0.996350478307217 -0.5673904433798086 0.4950333086547742 0.9875652767013454 0.010662008476921085 0.019282438382618228 0.04317891713491458 0.13410275301350086 0.17849993112230192 0.22149107120958458 0.28144080079372935 0.30759430326494275 0.383729704825307 0.5085629679689259 0.5537798179855726 0.5872902951407187 0.7975063051584644 0.9130596454733073 1.0642208426689903 1.2451443248772602 1.6566103316908376 3.1257724933218047
909 10908 -0.9963856769288836 -0.5658737179659066 0.49977496051219783 0.9875753884515355 0.010662008476921085 0.019282438382618228 0.04317891713491458 0.13410275301350086 0.17849993112230192 0.22149107120958458 0.28144080079372935 0.30759430326494275 0.383729704825307 0.5085629679689259 0.5537798179855726 0.5872902951407187 0.7975063051584644 0.9130596454733073 1.0642208426689903 1.2451443248772602 1.6566103316908376 3.1257724933218047
910 10920 -0.996518098853891 -0.5666479757728511 0.49826216850181687 0.987779370452533 0.010662008476921085 0.019282438382618228 0.04317891713491458 0.13410275301350086 0.17849993112230192 0.22149107120958458 0.28144080079372935 0.30759430326494275 0.383729704825307 0.5085629679689259 0.5537798179855726 0.5872902951407187 0.7975063051584644 0.9130596454733073 1.0642208426689903 1.2451443248772602 1.6566103316908376 3.1257724933218047
911 10932 -0.9965214224061589 -0.5597848202346393 0.4979494602422546 0.9878662208567504 0.010662008476921085 0.019282438382618228 0.04317891713491458 0.13410275301350086 0.17849993112230192 0.22149107120958458 0.28144080079372935 0.30759430326494275 0.383729704825307 0.5085629679689259 0.5537798179855726 0.5872902951407187 0.7975063051584644 0.9130596454733073 1.0642208426689903 1.2451443248772602 1.6566103316908376 3.1257724933218047
912 10944 -0.9965083197325146 -0.5603536857135629 0.4856855334840882 0.9879341229226855 0.010662008476921085 0.019282438382618228 0.04317891713491458 0.13410275301350086 0.17849993112230192 0.22149107120958458 0.28144080079372935 0.30759430326494275 0.383729704825307 0.5085629679689259 0.5537798179855726 0.5872902951407187 0.7975063051584644 0.9130596454733073 1.0642208426689903 1.2451443248772602 1.6566103316908376 3.1257724933218047
913 10956 -0.996444398403621 -0.5616338825121192 0.4743349992610502 0.9876832105602393 0.010662008476921085 0.019282438382618228 0.04317891713491458 0.13410275301350086 0.17849993112230192 0.22149107120958458 0.28144080079372935 0.30759430326494275 0.383729704825307 0.5085629679689259 0.5537798179855726 0.5872902951407187 0.7975063051584644 0.9130596454733073 1.0642208426689903 1.2451443248772602 1.6566103316908376 3.1257724933218047
914 10968 -0.9963831798143219 -0.555136426900317 0.46734219949487005 0.987625483009771 0.010662008476921085 0.019282438382618228 0.04317891713491458 0.13410275301350086 0.17849993112230192 0.22149107120958458 0.28144080079372935 0.30759430326494275 0.383729704825307 0.5085629679689259 0.5537798179855726 0.5872902951407187 0.7975063051584644 0.9130596454733073 1.0642208426689903 1.2451443248772602 1.6566103316908376 3.1257724933218047
915 10980 -0.9964396674445982 -0.5526804497052393 0.467799242383413 0.9876320933108664 0.010662008476921085 0.019282438382618228 0.04317891713491458 0.13410275301350086 0.17849993112230192 0.22149107120958458 0.28144080079372935 0.30759430326494275 0.383729704825307 0.5085629679689259 0.5537798179855726 0.5872902951407187 0.7975063051584644 0.9130596454733073 1.0642208426689903 1.2451443248772602 1.6566103316908376 3.1257724933218047
916 10992 -0.9964927154371674 -0.555306379646136 0.46721922732682436 0.9876249051617797 0.010662008476921085 0.019282438382618228 0.04317891713491458 0.13410275301350086 0.17849993112230192 0.22149107120958458 0.28144080079372935 0.30759430326494275 0.383729704825307 0.5085629679689259 0.5537798179855726 0.5872902951407187 0.7975063051584644 0.9130596454733073 1.0642208426689903 1.2451443248772602 1.6566103316908376 3.1257724933218047
917 11004 -0.996512336453401 -0.5561428911349398 0.475352095817286 0.9876666232103558 0.010662008476921085 0.019282438382618228 0.04317891713491458 0.13410275301350086 0.17849993112230192 0.22149107120958458 0.28144080079372935 0.30759430326494275 0.383729704825307 0.5085629679689259 0.5537798179855726 0.5872902951407187 0.7975063051584644 0.9130596454733073 1.0642208426689903 1.2451443248772602 1.6566103316908376 3.1257724933218047
918 11016 -0.9965138167477768 -0.558325195965496 0.4760967241091371 0.9876374921411909 0.010662008476921085 0.019282438382618228 0.04317891713491458 0.13410275301350086 0.17849993112230192 0.22149107120958458 0.28144080079372935 0.30759430326494275 0.383729704825307 0.5085629679689259 0.5537798179855726 0.5872902951407187 0.7975063051584644 0.9130596454733073 1.0642208426689903 1.2451443248772602 1.6566103316908376 3.1257724933218047
919 11028 -0.9965595997367738 -0.5591110001810078 0.48118712419077614 0.9879315632465397 0.008707110773233403 0.015737015407871736 0.035904604377561614 0.12421276113738532 0.1662452386935326 0.18843016520526873 0.25598034292811256 0.26004973389472724 0.3465950851420989 0.46927313802685205 0.5007997619387372 0.5900397373686475 0.7445014889976417 0.8904609155803317 1.0513696392352492 1.219836833482461 1.68726847445756 3.171736530379016
920 11040 -0.9964536444540177 -0.5493939028172038 0.4663479845943108 0.9875584733600922 0.008707110773233403 0.015737015407871736 0.035904604377561614 0.12421276113738532 0.1662452386935326 0.18843016520526873 0.25598034292811256 0.26004973389472724 0.3465950851420989 0.46927313802685205 0.5007997619387372 0.5900397373686475 0.7445014889976417 0.8904609155803317 1.0513696392352492 1.219836833482461 1.68726847445756 3.171736530379016
921 11052 -0.9964856045107325 -0.5465061521288027 0.46054928106565274 0.987401729328225 0.008707110773233403 0.015737015407871736 0.035904604377561614 0.12421276113738532 0.1662452386935326 0.18843016520526873 0.25598034292811256 0.26004973389472724 0.3465950851420989 0.46927313802685205 0.5007997619387372 0.5900397373686475 0.7445014889976417 0.8904609155803317 1.0513696392352492 1.219836833482461 1.68726847445756 3.171736530379016
922 11064 -0.99649743414402 -0.5475049721749794 0.4539740626971984 0.9873444952449687 0.008707110773233403 0.015737015407871736 0.035904604377561614 0.12421276113738532 0.1662452386935326 0.18843016520526873 0.25598034292811256 0.26004973389472724 0.3465950851420989 0.46927313802685205 0.5007997619387372 0.5900397373686475 0.7445014889976417 0.8904609155803317 1.0513696392352492 1.219836833482461 1.68726847445756 3.171736530379016
923 11076 -0.996495394821573 -0.5437701598970596 0.4427116512058288 0.9872436117079657 0.008707110773233403 0.015737015407871736 0.035904604377561614 0.12421276113738532 0.1662452386935326 0.18843016520526873 0.25598034292811256 0.26004973389472724 0.3465950851420989 0.46927313802685205 0.5007997619387372 0.5900397373686475 0.7445014889976417 0.8904609155803317 1.0513696392352492 1.219836833482461 1.68726847445756 3.171736530379016
924 11088 -0.9965848891128558 -0.5377955814517043 0.44853237210430497 0.9874160187010995 0.008707110773233403 0.015737015407871736 0.035904604377561614 0.12421276113738532 0.1662452386935326 0.18843016520526873 0.25598034292811256 0.26004973389472724 0.3465950851420989 0.46927313802685205 0.5007997619387372 0.5900397373686475 0.7445014889976417 0.8904609155803317 1.0513696392352492 1.219836833482461 1.68726847445756 3.171736530379016
925 11100 -0.9966965135175797 -0.5251775257253364 0.4451821181443248 0.9883083125882864 0.008707110773233403 0.015737015407871736 0.035904604377561614 0.12421276113738532 0.1662452386935326 0.18843016520526873 0.25598034292811256 0.26004973389472724 0.3465950851420989 0.46927313802685205 0.5007997619387372 0.5900397373686475 0.7445014889976417 0.8904609155803317 1.0513696392352492 1.219836833482461 1.68726847445756 3.171736530379016
926 11112 -0.9968531350441194 -0.5233503540699588 0.4411984063808918 0.9890773150732748 0.008707110773233403 0.015737015407871736 0.035904604377561614 0.12421276113738532 0.1662452386935326 0.18843016520526873 0.25598034292811256 0.26004973389472724 0.3465950851420989 0.46927313802685205 0.5007997619387372 0.5900397373686475 0.7445014889976417 0.8904609155803317 1.0513696392352492 1.219836833482461 1.68726847445756 3.171736530379016
927 11124 -0.9968492228664535 -0.5202693168876849 0.4384216132970198 0.9892362995347869 0.008707110773233403 0.015737015407871736 0.035904604377561614 0.12421276113738532 0.1662452386935326 0.18843016520526873 0.25598034292811256 0.26004973389472724 0.3465950851420989 0.46927313802685205 0.5007997619387372 0.5900397373686475 0.7445014889976417 0.8904609155803317 1.0513696392352492 1.219836833482461 1.68726847445756 3.171736530379016
928 11136 -0.9969399248226035 -0.5197931020237658 0.433368516542905 0.9895581589870355 0.008707110773233403 0.015737015407871736 0.035904604377561614 0.12421276113738532 0.1662452386935326 0.18843016520526873 0.25598034292811256 0.26004973389472724 0.3465950851420989 0.46927313802685205 0.5007997619387372 0.5900397373686475 0.7445014889976417 0.8904609155803317 1.0513696392352492 1.219836833482461 1.68726847445756 3.171736530379016
929 11148 -0.9970590374552148 -0.5144817287787308 0.43524987985950214 0.989999743250288 0.008707110773233403 0.015737015407871736 0.035904604377561614 0.12421276113738532 0.1662452386935326 0.18843016520526873 0.25598034292811256 0.26004973389472724 0.3465950851420989 0.46927313802685205 0.5007997619387372 0.5900397373686475 0.7445014889976417 0.8904609155803317 1.0513696392352492 1.219836833482461 1.68726847445756 3.171736530379016
930 11160 -0.9972084713853129 -0.5240890579809627 0.4484366668973473 0.9903863932622566 0.008707110773233403 0.015737015407871736 0.035904604377561614 0.12421276113738532 0.1662452386935326 0.18843016520526873 0.25598034292811256 0.26004973389472724 0.3465950851420989 0.46927313802685205 0.5007997619387372 0.5900397373686475 0.7445014889976417 0.8904609155803317 1.0513696392352492 1.219836833482461 1.68726847445756 3.171736530379016
931 11172 -0.9972231727633708 -0.5336874175043802 0.4496973361642995 0.9903443478954963 0.008707110773233403 0.015737015407871736 0.035904604377561614 0.12421276113738532 0.1662452386935326 0.18843016520526873 0.25598034292811256 0.26004973389472724 0.3465950851420989 0.46927313802685205 0.5007997619387372 0.5900397373686475 0.7445014889976417 0.8904609155803317 1.0513696392352492 1.219836833482461 1.68726847445756 3.171736530379016
932 11184 -0.997348608832055 -0.5507617134206699 0.4652730509353177 0.9907091589932498 0.008707110773233403 0.015737015407871736 0.035904604377561614 0.12421276113738532 0.1662452386935326 0.18843016520526873 0.25598034292811256 0.26004973389472724 0.3465950851420989 0.46927313802685205 0.5007997619387372 0.5900397373686475 0.7445014889976417 0.8904609155803317 1.0513696392352492 1.219836833482461 1.68726847445756 3.171736530379016
933 11196 -0.9974403166475442 -0.558452602445034 0.4682160711644196 0.9910218803808942 0.008707110773233403 0.015737015407871736 0.035904604377561614 0.12421276113738532 0.1662452386935326 0.18843016520526873 0.25598034292811256 0.26004973389472724 0.3465950851420989 0.46927313802685205 0.5007997619387372 0.5900397373686475 0.7445014889976417 0.8904609155803317 1.0513696392352492 1.219836833482461 1.68726847445756 3.171736530379016
934 11208 -0.9974832838562354 -0.5689636032902265 0.468970045005015 0.9911475796679834 0.008707110773233403 0.015737015407871736 0.035904604377561614 0.12421276113738532 0.1662452386935326 0.18843016520526873 0.25598034292811256 0.26004973389472724 0.3465950851420989 0.46927313802685205 0.5007997619387372 0.5900397373686475 0.7445014889976417 0.8904609155803317 1.0513696392352492 1.219836833482461 1.68726847445756 3.171736530379016
935 11220 -0.9976135212754887 -0.5865887400207533 0.48846919218058266 0.9913705351096359 0.008707110773233403 0.015737015407871736 0.035904604377561614 0.12421276113738532 0.1662452386935326 0.18843016520526873 0.25598034292811256 0.26004973389472724 0.3465950851420989 0.46927313802685205 0.5007997619387372 0.5900397373686475 0.7445014889976417 0.8904609155803317 1.0513696392352492 1.219836833482461 1.68726847445756 3.171736530379016
936 11232 -0.9976641168711455 -0.5988200411857054 0.4879016555833171 0.991472792018493 0.008707110773233403 0.015737015407871736 0.035904604377561614 0.12421276113738532 0.1662452386935326 0.18843016520526873 0.25598034292811256 0.26004973389472724 0.3465950851420989 0.46927313802685205 0.5007997619387372 0.5900397373686475 0.7445014889976417 0.8904609155803317 1.0513696392352492 1.219836833482461 1.68726847445756 3.171736530379016
937 11244 -0.997775811804039 -0.6123588031739751 0.49735670238848506 0.991802204066294 0.007078434856046064 0.012160226449484514 0.026114718066339575 0.09534957589110007 0.13654174614697057 0.16161938395641906 0.20024738593243765 0.21791816856275276 0.2903348238248049 0.4073852087051033 0.41232202214110375 0.5891254872856192 0.6316959773918916 0.8709324693676667 0.9874312328645758 1.2102682346046578 1.6126282876505436 3.300369459868882
938 11256 -0.997765463144244 -0.6172425147722255 0.5023703763404173 0.9919824434215948 0.007078434856046064 0.012160226449484514 0.026114718066339575 0.09534957589110007 0.13654174614697057 0.16161938395641906 0.20024738593243765 0.21791816856275276 0.2903348238248049 0.4073852087051033 0.41232202214110375 0.5891254872856192 0.6316959773918916 0.8709324693676667 0.9874312328645758 1.2102682346046578 1.6126282876505436 3.300369459868882
939 11268 -0.9978349117495158 -0.6184754798521077 0.512411818480125 0.9922173235610817 0.007078434856046064 0.012160226449484514 0.026114718066339575 0.09534957589110007 0.13654174614697057 0.16161938395641906 0.20024738593243765 0.21791816856275276 0.2903348238248049 0.4073852087051033 0.41232202214110375 0.5891254872856192 0.6316959773918916 0.8709324693676667 0.9874312328645758 1.2102682346046578 1.6126282876505436 3.300369459868882
940 11280 -0.9978911241653532 -0.6214620446854394 0.5116981507919882 0.9924399217593253 0.007078434856046064 0.012160226449484514 0.026114718066339575 0.09534957589110007 0.13654174614697057 0.16161938395641906 0.20024738593243765 0.21791816856275276 0.2903348238248049 0.4073852087051033 0.41232202214110375 0.5891254872856192 0.6316959773918916 0.8709324693676667 0.9874312328645758 1.2102682346046578 1.6126282876505436 3.300369459868882
941 11292 -0.9979928897840099 -0.6149047321897254 0.5155670566486916 0.9928579144547675 0.007078434856046064 0.012160226449484514 0.026114718066339575 0.09534957589110007 0.13654174614697057 0.16161938395641906 0.20024738593243765 0.21791816856275276 0.2903348238248049 0.4073852087051033 0.41232202214110375 0.5891254872856192 0.6316959773918916 0.8709324693676667 0.9874312328645758 1.2102682346046578 1.6126282876505436 3.300369459868882
942 11304 -0.9980375870024507 -0.6156976922566096 0.5132781953686775 0.9928069984984197 0.007078434856046064 0.012160226449484514 0.026114718066339575 0.09534957589110007 0.13654174614697057 0.16161938395641906 0.20024738593243765 0.21791816856275276 0.2903348238248049 0.4073852087051033 0.41232202214110375 0.5891254872856192 0.6316959773918916 0.8709324693676667 0.9874312328645758 1.2102682346046578 1.6126282876505436 3.300369459868882
943 11316 -0.998055128220778 -0.6090049993821989 0.5082809234377268 0.9929329936604853 0.007078434856046064 0.012160226449484514 0.026114718066339575 0.09534957589110007 0.13654174614697057 0.16161938395641906 0.20024738593243765 0.21791816856275276 0.2903348238248049 0.4073852087051033 0.41232202214110375 0.5891254872856192 0.6316959773918916 0.8709324693676667 0.9874312328645758 1.2102682346046578 1.6126282876505436 3.300369459868882
944 11328 -0.9980705467660835 -0.5927678244557464 0.5016986109541959 0.9928866771966443 0.007078434856046064 0.012160226449484514 0.026114718066339575 0.09534957589110007 0.13654174614697057 0.16161938395641906 0.20024738593243765 0.21791816856275276 0.2903348238248049 0.4073852087051033 0.41232202214110375 0.5891254872856192 0.6316959773918916 0.8709324693676667 0.9874312328645758 1.2102682346046578 1.6126282876505436 3.300369459868882
945 11340 -0.998108754256834 -0.5918592967065038 0.5002492264566598 0.9929149795274824 0.007078434856046064 0.012160226449484514 0.026114718066339575 0.09534957589110007 0.13654174614697057 0.16161938395641906 0.20024738593243765 0.21791816856275276 0.2903348238248049 0.4073852087051033 0.41232202214110375 0.5891254872856192 0.6316959773918916 0.8709324693676667 0.9874312328645758 1.2102682346046578 1.6126282876505436 3.300369459868882
946 11352 -0.9981792827154105 -0.6075883140477645 0.5160650663537598 0.9932194659355067 0.007078434856046064 0.012160226449484514 0.026114718066339575 0.09534957589110007 0.13654174614697057 0.16161938395641906 0.20024738593243765 0.21791816856275276 0.2903348238248049 0.4073852087051033 0.41232202214110375 0.5891254872856192 0.6316959773918916 0.8709324693676667 0.9874312328645758 1.2102682346046578 1.6126282876505436 3.300369459868882
947 11364 -0.9982091269499423 -0.6033576255162804 0.5143687134797935 0.9932111910110449 0.007078434856046064 0.012160226449484514 0.026114718066339575 0.09534957589110007 0.13654174614697057 0.16161938395641906 0.20024738593243765 0.21791816856275276 0.2903348238248049 0.4073852087051033 0.41232202214110375 0.5891254872856192 0.6316959773918916 0.8709324693676667 0.9874312328645758 1.2102682346046578 1.6126282876505436 3.300369459868882
948 11376 -0.9983048176238382 -0.6150263300582712 0.5291381209517397 0.993551269286926 0.007078434856046064 0.012160226449484514 0.026114718066339575 0.09534957589110007 0.13654174614697057 0.16161938395641906 0.20024738593243765 0.21791816856275276 0.2903348238248049 0.4073852087051033 0.41232202214110375 0.5891254872856192 0.6316959773918916 0.8709324693676667 0.9874312328645758 1.2102682346046578 1.6126282876505436 3.300369459868882
949 11388 -0.9983640817787963 -0.6110613111649692 0.5346737618909192 0.9938134211649102 0.007078434856046064 0.012160226449484514 0.026114718066339575 0.09534957589110007 0.13654174614697057 0.16161938395641906 0.20024738593243765 0.21791816856275276 0.2903348238248049 0.4073852087051033 0.41232202214110375 0.5891254872856192 0.6316959773918916 0.8709324693676667 0.9874312328645758 1.2102682346046578 1.6126282876505436 3.300369459868882
950 11400 -0.9984236445213945 -0.6126641358528412 0.5351159678859121 0.9939846286577965 0.007078434856046064 0.012160226449484514 0.026114718066339575 0.09534957589110007 0.13654174614697057 0.16161938395641906 0.20024738593243765 0.21791816856275276 0.2903348238248049 0.4073852087051033 0.41232202214110375 0.5891254872856192 0.6316959773918916 0.8709324693676667 0.9874312328645758 1.2102682346046578 1.6126282876505436 3.300369459868882
951 11412 -0.9984954416862998 -0.61991198000656 0.544072748709516 0.9941493309605776 0.007078434856046064 0.012160226449484514 0.026114718066339575 0.09534957589110007 0.13654174614697057 0.16161938395641906 0.20024738593243765 0.21791816856275276 0.2903348238248049 0.4073852087051033 0.41232202214110375 0.5891254872856192 0.6316959773918916 0.8709324693676667 0.9874312328645758 1.2102682346046578 1.6126282876505436 3.300369459868882
952 11424 -0.9985376828863409 -0.6162892164761153 0.5526202443090534 0.9943005475883571 0.007078434856046064 0.012160226449484514 0.026114718066339575 0.09534957589110007 0.13654174614697057 0.16161938395641906 0.20024738593243765 0.21791816856275276 0.2903348238248049 0.4073852087051033 0.41232202214110375 0.5891254872856192 0.6316959773918916 0.8709324693676667 0.9874312328645758 1.2102682346046578 1.6126282876505436 3.300369459868882
953 11436 -0.9985594384858169 -0.6131349938736637 0.5531396398713538 0.9944703392050507 0.007078434856046064 0.012160226449484514 0.026114718066339575 0.09534957589110007 0.13654174614697057 0.16161938395641906 0.20024738593243765 0.21791816856275276 0.2903348238248049 0.4073852087051033 0.41232202214110375 0.5891254872856192 0.6316959773918916 0.8709324693676667 0.9874312328645758 1.2102682346046578 1.6126282876505436 3.300369459868882
954 11448 -0.9985804592587173 -0.6202617266853837 0.5654931456775026 0.9945078554881315 0.007078434856046064 0.012160226449484514 0.026114718066339575 0.09534957589110007 0.13654174614697057 0.16161938395641906 0.20024738593243765 0.21791816856275276 0.2903348238248049 0.4073852087051033 0.41232202214110375 0.5891254872856192 0.6316959773918916 0.8709324693676667 0.9874312328645758 1.2102682346046578 1.6126282876505436 3.300369459868882
955 11460 -0.9986168862306473 -0.6303681031501167 0.5826044067164798 0.9946723582015925 0.005516225724249522 0.010459726907712939 0.02133863349198449 0.07952605617748079 0.11567113537168694 0.13736365387041094 0.17137374636301453 0.19185174080482342 0.2469817553614103 0.3494466577779243 0.42187581902132065 0.5302100621992748 0.575411072876295 0.7981448516204841 0.9193097384609858 1.1400954509592693 1.6509137862391432 3.378438020475841
956 11472 -0.9987375370531031 -0.6401827126337354 0.5959589012054703 0.9951978810235269 0.005516225724249522 0.010459726907712939 0.02133863349198449 0.07952605617748079 0.11567113537168694 0.13736365387041094 0.17137374636301453 0.19185174080482342 0.2469817553614103 0.3494466577779243 0.42187581902132065 0.5302100621992748 0.575411072876295 0.7981448516204841 0.9193097384609858 1.1400954509592693 1.6509137862391432 3.378438020475841
957 11484 -0.9987719314231854 -0.6344622690085077 0.6016823961045171 0.9952559466471786 0.005516225724249522 0.010459726907712939 0.02133863349198449 0.07952605617748079 0.11567113537168694 0.13736365387041094 0.17137374636301453 0.19185174080482342 0.2469817553614103 0.3494466577779243 0.42187581902132065 0.5302100621992748 0.575411072876295 0.7981448516204841 0.9193097384609858 1.1400954509592693 1.6509137862391432 3.378438020475841
958 11496 -0.9988143017527287 -0.640340262791482 0.6088982426410697 0.995433308249643 0.005516225724249522 0.010459726907712939 0.02133863349198449 0.07952605617748079 0.11567113537168694 0.13736365387041094 0.17137374636301453 0.19185174080482342 0.2469817553614103 0.3494466577779243 0.42187581902132065 0.5302100621992748 0.575411072876295 0.7981448516204841 0.9193097384609858 1.1400954509592693 1.6509137862391432 3.378438020475841
959 11508 -0.9988791949959889 -0.6561497561379175 0.6206486726722685 0.9956479901798101 0.005516225724249522 0.010459726907712939 0.02133863349198449 0.07952605617748079 0.11567113537168694 0.13736365387041094 0.17137374636301453 0.19185174080482342 0.2469817553614103 0.3494466577779243 0.42187581902132065 0.5302100621992748 0.575411072876295 0.7981448516204841 0.9193097384609858 1.1400954509592693 1.6509137862391432 3.378438020475841
960 11520 -0.9989442373948212 -0.6564166954451994 0.6207306198220726 0.9958996983928929 0.005516225724249522 0.010459726907712939 0.02133863349198449 0.07952605617748079 0.11567113537168694 0.13736365387041094 0.17137374636301453 0.19185174080482342 0.2469817553614103 0.3494466577779243 0.42187581902132065 0.5302100621992748 0.575411072876295 0.7981448516204841 0.9193097384609858 1.1400954509592693 1.6509137862391432 3.378438020475841
961 11532 -0.9990124505956224 -0.6716149811957675 0.6256120259168894 0.9962003688626428 0.005516225724249522 0.010459726907712939 0.02133863349198449 0.07952605617748079 0.11567113537168694 0.13736365387041094 0.17137374636301453 0.19185174080482342 0.2469817553614103 0.3494466577779243 0.42187581902132065 0.5302100621992748 0.575411072876295 0.7981448516204841 0.9193097384609858 1.1400954509592693 1.6509137862391432 3.378438020475841
962 11544 -0.999062426432552 -0.6837226683182609 0.6338838058823538 0.9964780900276745 0.005516225724249522 0.010459726907712939 0.02133863349198449 0.07952605617748079 0.11567113537168694 0.13736365387041094 0.17137374636301453 0.19185174080482342 0.2469817553614103 0.3494466577779243 0.42187581902132065 0.5302100621992748 0.575411072876295 0.7981448516204841 0.9193097384609858 1.1400954509592693 1.6509137862391432 3.378438020475841
963 11556 -0.9991134346947919 -0.6958880502326049 0.6445323966839165 0.9967080429109294 0.005516225724249522 0.010459726907712939 0.02133863349198449 0.07952605617748079 0.11567113537168694 0.13736365387041094 0.17137374636301453 0.19185174080482342 0.2469817553614103 0.3494466577779243 0.42187581902132065 0.5302100621992748 0.575411072876295 0.7981448516204841 0.9193097384609858 1.1400954509592693 1.6509137862391432 3.378438020475841
964 11568 -0.9991724880666799 -0.7105185837912706 0.6636263771646096 0.9969932094300822 0.005516225724249522 0.010459726907712939 0.02133863349198449 0.07952605617748079 0.11567113537168694 0.13736365387041094 0.17137374636301453 0.19185174080482342 0.2469817553614103 0.3494466577779243 0.42187581902132065 0.5302100621992748 0.575411072876295 0.7981448516204841 0.9193097384609858 1.1400954509592693 1.6509137862391432 3.378438020475841
965 11580 -0.9992104442828075 -0.7215106435857872 0.6783858534647225 0.9971514800390082 0.005516225724249522 0.010459726907712939 0.02133863349198449 0.07952605617748079 0.11567113537168694 0.13736365387041094 0.17137374636301453 0.19185174080482342 0.2469817553614103 0.3494466577779243 0.42187581902132065 0.5302100621992748 0.575411072876295 0.7981448516204841 0.9193097384609858 1.1400954509592693 1.6509137862391432 3.378438020475841
966 11592 -0.9992369137431047 -0.7347056619433177 0.6945273196494302 0.997282929212845 0.005516225724249522 0.010459726907712939 0.02133863349198449 0.07952605617748079 0.11567113537168694 0.13736365387041094 0.17137374636301453 0.19185174080482342 0.2469817553614103 0.3494466577779243 0.42187581902132065 0.5302100621992748 0.575411072876295 0.7981448516204841 0.9193097384609858 1.1400954509592693 1.6509137862391432 3.378438020475841
967 11604 -0.9993173745617133 -0.7587078241326781 0.7188990356440303 0.9976593128263191 0.005516225724249522 0.010459726907712939 0.02133863349198449 0.07952605617748079 0.11567113537168694 0.13736365387041094 0.17137374636301453 0.19185174080482342 0.2469817553614103 0.3494466577779243 0.42187581902132065 0.5302100621992748 0.575411072876295 0.7981448516204841 0.9193097384609858 1.1400954509592693 1.6509137862391432 3.378438020475841
968 11616 -0.9993480316204287 -0.7660240831535547 0.7308757087214838 0.9977757237040187 0.005516225724249522 0.010459726907712939 0.02133863349198449 0.07952605617748079 0.11567113537168694 0.13736365387041094 0.17137374636301453 0.19185174080482342 0.2469817553614103 0.3494466577779243 0.42187581902132065 0.5302100621992748 0.575411072876295 0.7981448516204841 0.9193097384609858 1.1400954509592693 1.6509137862391432 3.378438020475841
969 11628 -0.9993549449341534 -0.7680457766307078 0.7353771484954197 0.9978357591804503 0.005516225724249522 0.010459726907712939 0.02133863349198449 0.07952605617748079 0.11567113537168694 0.13736365387041094 0.17137374636301453 0.19185174080482342 0.2469817553614103 0.3494466577779243 0.42187581902132065 0.5302100621992748 0.575411072876295 0.7981448516204841 0.9193097384609858 1.1400954509592693 1.6509137862391432 3.378438020475841
970 11640 -0.9994119889150647 -0.7816159177123589 0.7520929782582304 0.9979571566066147 0.005516225724249522 0.010459726907712939 0.02133863349198449 0.07952605617748079 0.11567113537168694 0.13736365387041094 0.17137374636301453 0.19185174080482342 0.2469817553614103 0.3494466577779243 0.42187581902132065 0.5302100621992748 0.575411072876295 0.7981448516204841 0.9193097384609858 1.1400954509592693 1.6509137862391432 3.378438020475841
971 11652 -0.999438239870462 -0.7950644703602696 0.7656087001517375 0.9980534121500688 0.005516225724249522 0.010459726907712939 0.02133863349198449 0.07952605617748079 0.11567113537168694 0.13736365387041094 0.17137374636301453 0.19185174080482342 0.2469817553614103 0.3494466577779243 0.42187581902132065 0.5302100621992748 0.575411072876295 0.7981448516204841 0.9193097384609858 1.1400954509592693 1.6509137862391432 3.378438020475841
972 11664 -0.9994845337990612 -0.8114571293560492 0.7814837891313824 0.998217216851282 0.005516225724249522 0.010459726907712939 0.02133863349198449 0.07952605617748079 0.11567113537168694 0.13736365387041094 0.17137374636301453 0.19185174080482342 0.2469817553614103 0.3494466577779243 0.42187581902132065 0.5302100621992748 0.575411072876295 0.7981448516204841 0.9193097384609858 1.1400954509592693 1.6509137862391432 3.378438020475841
973 11676 -0.9995207773413624 -0.8164596509961879 0.7907316404179401 0.9983786733668842 0.0030582774375816565 0.005942669382469575 0.011823067367485233 0.045997489474562656 0.07397257349700861 0.08341546625005372 0.11256069942366687 0.1301728961270388 0.18465152937947518 0.24103051432213923 0.29844021701097384 0.3795713756358722 0.4587058347564569 0.591068851109542 0.9304755827906369 0.981550775637127 1.3816212330182813 3.6513620085071365
974 11688 -0.9995523134978788 -0.8295383823370082 0.8052139923127436 0.9985120188158657 0.0030582774375816565 0.005942669382469575 0.011823067367485233 0.045997489474562656 0.07397257349700861 0.08341546625005372 0.11256069942366687 0.1301728961270388 0.18465152937947518 0.24103051432213923 0.29844021701097384 0.3795713756358722 0.4587058347564569 0.591068851109542 0.9304755827906369 0.981550775637127 1.3816212330182813 3.6513620085071365
975 11700 -0.9995616598469346 -0.8354567167684321 0.8129857193003871 0.9985638042883256 0.0030582774375816565 0.005942669382469575 0.011823067367485233 0.045997489474562656 0.07397257349700861 0.08341546625005372 0.11256069942366687 0.1301728961270388 0.18465152937947518 0.24103051432213923 0.29844021701097384 0.3795713756358722 0.4587058347564569 0.591068851109542 0.9304755827906369 0.981550775637127 1.3816212330182813 3.6513620085071365
976 11712 -0.999582719192233 -0.8376236469637826 0.8176584526044857 0.9986083785258301 0.0030582774375816565 0.005942669382469575 0.011823067367485233 0.045997489474562656 0.07397257349700861 0.08341546625005372 0.11256069942366687 0.1301728961270388 0.18465152937947518 0.24103051432213923 0.29844021701097384 0.3795713756358722 0.4587058347564569 0.591068851109542 0.9304755827906369 0.981550775637127 1.3816212330182813 3.6513620085071365
977 11724 -0.9995989092914374 -0.8413642411406406 0.8219357861816159 0.9986752889594042 0.0030582774375816565 0.005942669382469575 0.011823067367485233 0.045997489474562656 0.07397257349700861 0.08341546625005372 0.11256069942366687 0.1301728961270388 0.18465152937947518 0.24103051432213923 0.29844021701097384 0.3795713756358722 0.4587058347564569 0.591068851109542 0.9304755827906369 0.981550775637127 1.3816212330182813 3.6513620085071365
978 11736 -0.9996072049412039 -0.8417392739641028 0.8253565845373246 0.998713749736699 0.0030582774375816565 0.005942669382469575 0.011823067367485233 0.045997489474562656 0.07397257349700861 0.08341546625005372 0.11256069942366687 0.1301728961270388 0.18465152937947518 0.24103051432213923 0.29844021701097384 0.3795713756358722 0.4587058347564569 0.591068851109542 0.9304755827906369 0.981550775637127 1.3816212330182813 3.6513620085071365
979 11748 -0.9996110770954207 -0.8435565799960887 0.8265693102411258 0.9987503275443168 0.0030582774375816565 0.005942669382469575 0.011823067367485233 0.045997489474562656 0.07397257349700861 0.08341546625005372 0.11256069942366687 0.1301728961270388 0.18465152937947518 0.24103051432213923 0.29844021701097384 0.3795713756358722 0.4587058347564569 0.591068851109542 0.9304755827906369 0.981550775637127 1.3816212330182813 3.6513620085071365
980 11760 -0.9996301257644654 -0.8495995584681441 0.8323885502196458 0.9988192713724366 0.0030582774375816565 0.005942669382469575 0.011823067367485233 0.045997489474562656 0.07397257349700861 0.08341546625005372 0.11256069942366687 0.1301728961270388 0.18465152937947518 0.24103051432213923 0.29844021701097384 0.3795713756358722 0.4587058347564569 0.591068851109542 0.9304755827906369 0.981550775637127 1.3816212330182813 3.6513620085071365
981 11772 -0.9996510230124616 -0.8559636100057163 0.8364469058596588 0.9988639054581655 0.0030582774375816565 0.005942669382469575 0.011823067367485233 0.045997489474562656 0.07397257349700861 0.08341546625005372 0.11256069942366687 0.1301728961270388 0.18465152937947518 0.24103051432213923 0.29844021701097384 0.3795713756358722 0.4587058347564569 0.591068851109542 0.9304755827906369 0.981550775637127 1.3816212330182813 3.6513620085071365
982 11784 -0.9996706407822465 -0.8656939114155762 0.8455423316606281 0.9989420435535306 0.0030582774375816565 0.005942669382469575 0.011823067367485233 0.045997489474562656 0.07397257349700861 0.08341546625005372 0.11256069942366687 0.1301728961270388 0.18465152937947518 0.24103051432213923 0.29844021701097384 0.3795713756358722 0.4587058347564569 0.591068851109542 0.9304755827906369 0.981550775637127 1.3816212330182813 3.6513620085071365
983 11796 -0.9996762818445847 -0.8689468784106982 0.8472773325710782 0.998960824231825 0.0030582774375816565 0.005942669382469575 0.011823067367485233 0.045997489474562656 0.07397257349700861 0.08341546625005372 0.11256069942366687 0.1301728961270388 0.18465152937947518 0.24103051432213923 0.29844021701097384 0.3795713756358722 0.4587058347564569 0.591068851109542 0.9304755827906369 0.981550775637127 1.3816212330182813 3.6513620085071365
984 11808 -0.9996755788750911 -0.8713829137634369 0.8489146031998751 0.9989728309641541 0.0030582774375816565 0.005942669382469575 0.011823067367485233 0.045997489474562656 0.07397257349700861 0.08341546625005372 0.11256069942366687 0.1301728961270388 0.18465152937947518 0.24103051432213923 0.29844021701097384 0.3795713756358722 0.4587058347564569 0.591068851109542 0.9304755827906369 0.981550775637127 1.3816212330182813 3.6513620085071365
985 11820 -0.9996774930928791 -0.8753561944393391 0.8524295901236777 0.9989756413500379 0.0030582774375816565 0.005942669382469575 0.011823067367485233 0.045997489474562656 0.07397257349700861 0.08341546625005372 0.11256069942366687 0.1301728961270388 0.18465152937947518 0.24103051432213923 0.29844021701097384 0.3795713756358722 0.4587058347564569 0.591068851109542 0.9304755827906369 0.981550775637127 1.3816212330182813 3.6513620085071365
986 11832 -0.999690218931814 -0.8806076572015767 0.8591966403470306 0.9990209901708275 0.0030582774375816565 0.005942669382469575 0.011823067367485233 0.045997489474562656 0.07397257349700861 0.08341546625005372 0.11256069942366687 0.1301728961270388 0.18465152937947518 0.24103051432213923 0.29844021701097384 0.3795713756358722 0.4587058347564569 0.591068851109542 0.9304755827906369 0.981550775637127 1.3816212330182813 3.6513620085071365
987 11844 -0.9997036525432119 -0.8860294603203567 0.8659019428881443 0.9990541974003517 0.0030582774375816565 0.005942669382469575 0.011823067367485233 0.045997489474562656 0.07397257349700861 0.08341546625005372 0.11256069942366687 0.1301728961270388 0.18465152937947518 0.24103051432213923 0.29844021701097384 0.3795713756358722 0.4587058347564569 0.591068851109542 0.9304755827906369 0.981550775637127 1.3816212330182813 3.6513620085071365
988 11856 -0.9997120866070102 -0.8895575756760655 0.8710257286509104 0.9990662623995142 0.0030582774375816565 0.005942669382469575 0.011823067367485233 0.045997489474562656 0.07397257349700861 0.08341546625005372 0.11256069942366687 0.1301728961270388 0.18465152937947518 0.24103051432213923 0.29844021701097384 0.3795713756358722 0.4587058347564569 0.591068851109542 0.9304755827906369 0.981550775637127 1.3816212330182813 3.6513620085071365
989 11868 -0.9997295236199905 -0.8962695470499624 0.8792257520874313 0.999139450865054 0.0030582774375816565 0.005942669382469575 0.011823067367485233 0.045997489474562656 0.07397257349700861 0.08341546625005372 0.11256069942366687 0.1301728961270388 0.18465152937947518 0.24103051432213923 0.29844021701097384 0.3795713756358722 0.4587058347564569 0.591068851109542 0.9304755827906369 0.981550775637127 1.3816212330182813 3.6513620085071365
990 11880 -0.999752908293318 -0.8956548778672195 0.8877131258102312 0.9992194214037794 0.0030582774375816565 0.005942669382469575 0.011823067367485233 0.045997489474562656 0.07397257349700861 0.08341546625005372 0.11256069942366687 0.1301728961270388 0.18465152937947518 0.24103051432213923 0.29844021701097384 0.3795713756358722 0.4587058347564569 0.591068851109542 0.9304755827906369 0.981550775637127 1.3816212330182813 3.6513620085071365
991 11892 -0.9997625978881672 -0.9004212279593949 0.8913212060612355 0.9992563176989242 0.0020508537593248535 0.004047034527725454 0.0073116477464849755 0.031824674861527326 0.04631099607736222 0.05510747645677374 0.07681527818641073 0.08886315035886166 0.1265897291326615 0.18419221381475154 0.22427052888834875 0.2822697515783652 0.3647632305768811 0.4441693056411837 0.8914405812882157 0.9528253238374547 1.250604656991195 3.7687021825055287
992 11904 -0.9997801250870145 -0.9071416681336988 0.8968459099757493 0.9993095394043612 0.0020508537593248535 0.004047034527725454 0.0073116477464849755 0.031824674861527326 0.04631099607736222 0.05510747645677374 0.07681527818641073 0.08886315035886166 0.1265897291326615 0.18419221381475154 0.22427052888834875 0.2822697515783652 0.3647632305768811 0.4441693056411837 0.8914405812882157 0.9528253238374547 1.250604656991195 3.7687021825055287
993 11916 -0.9998027244488205 -0.9165458445081789 0.9064380915087226 0.9993896983523022 0.0020508537593248535 0.004047034527725454 0.0073116477464849755 0.031824674861527326 0.04631099607736222 0.05510747645677374 0.07681527818641073 0.08886315035886166 0.1265897291326615 0.18419221381475154 0.22427052888834875 0.2822697515783652 0.3647632305768811 0.4441693056411837 0.8914405812882157 0.9528253238374547 1.250604656991195 3.7687021825055287
994 11928 -0.9998172628054578 -0.9229988470140686 0.9129312002842429 0.9994359261152855 0.0020508537593248535 0.004047034527725454 0.0073116477464849755 0.031824674861527326 0.04631099607736222 0.05510747645677374 0.07681527818641073 0.08886315035886166 0.1265897291326615 0.18419221381475154 0.22427052888834875 0.2822697515783652 0.3647632305768811 0.4441693056411837 0.8914405812882157 0.9528253238374547 1.250604656991195 3.7687021825055287
995 11940 -0.9998245794931016 -0.9262234387961151 0.9161979672245176 0.9994684355754014 0.0020508537593248535 0.004047034527725454 0.0073116477464849755 0.031824674861527326 0.04631099607736222 0.05510747645677374 0.07681527818641073 0.08886315035886166 0.1265897291326615 0.18419221381475154 0.22427052888834875 0.2822697515783652 0.3647632305768811 0.4441693056411837 0.8914405812882157 0.9528253238374547 1.250604656991195 3.7687021825055287
996 11952 -0.9998312092643218 -0.9286184678754017 0.919170839432297 0.9994885377176922 0.0020508537593248535 0.004047034527725454 0.0073116477464849755 0.031824674861527326 0.04631099607736222 0.05510747645677374 0.07681527818641073 0.08886315035886166 0.1265897291326615 0.18419221381475154 0.22427052888834875 0.2822697515783652 0.3647632305768811 0.4441693056411837 0.8914405812882157 0.9528253238374547 1.250604656991195 3.7687021825055287
997 11964 -0.999833481768528 -0.9316081019051159 0.9223416668477704 0.999505563808539 0.0020508537593248535 0.004047034527725454 0.0073116477464849755 0.031824674861527326 0.04631099607736222 0.05510747645677374 0.07681527818641073 0.08886315035886166 0.1265897291326615 0.18419221381475154 0.22427052888834875 0.2822697515783652 0.3647632305768811 0.4441693056411837 0.8914405812882157 0.9528253238374547 1.250604656991195 3.7687021825055287
998 11976 -0.9998371778209252 -0.9324004239155264 0.9235423714273939 0.9995089349321662 0.0020508537593248535 0.004047034527725454 0.0073116477464849755 0.031824674861527326 0.04631099607736222 0.05510747645677374 0.07681527818641073 0.08886315035886166 0.1265897291326615 0.18419221381475154 0.22427052888834875 0.2822697515783652 0.3647632305768811 0.4441693056411837 0.8914405812882157 0.9528253238374547 1.250604656991195 3.7687021825055287
999 11988 -0.9998402292274075 -0.933104422149981 0.9247063153911231 0.9995258220218738 0.0020508537593248535 0.004047034527725454 0.0073116477464849755 0.031824674861527326 0.04631099607736222 0.05510747645677374 0.07681527818641073 0.08886315035886166 0.1265897291326615 0.18419221381475154 0.22427052888834875 0.2822697515783652 0.3647632305768811 0.4441693056411837 0.8914405812882157 0.9528253238374547 1.250604656991195 3.7687021825055287
1000 12000 -0.9998433534072463 -0.934604984091864 0.9257757941751136 0.999547787104527 0.0020508537593248535 0.004047034527725454 0.0073116477464849755 0.031824674861527326 0.04631099607736222 0.05510747645677374 0.07681527818641073 0.08886315035886166 0.1265897291326615 0.18419221381475154 0.22427052888834875 0.2822697515783652 0.3647632305768811 0.4441693056411837 0.8914405812882157 0.9528253238374547 1.250604656991195 3.7687021825055287
1001 12012 -0.9998419187807421 -0.9338157796600655 0.9250065653669826 0.9995552314537631 0.0020508537593248535 0.004047034527725454 0.0073116477464849755 0.031824674861527326 0.04631099607736222 0.05510747645677374 0.07681527818641073 0.08886315035886166 0.1265897291326615 0.18419221381475154 0.22427052888834875 0.2822697515783652 0.3647632305768811 0.4441693056411837 0.8914405812882157 0.9528253238374547 1.250604656991195 3.7687021825055287
1002 12024 -0.9998485472959624 -0.9356294096825574 0.9275482183717949 0.9995727229726464 0.0020508537593248535 0.004047034527725454 0.0073116477464849755 0.031824674861527326 0.04631099607736222 0.05510747645677374 0.07681527818641073 0.08886315035886166 0.1265897291326615 0.18419221381475154 0.22427052888834875 0.2822697515783652 0.3647632305768811 0.4441693056411837 0.8914405812882157 0.9528253238374547 1.250604656991195 3.7687021825055287
1003 12036 -0.9998496781744132 -0.936053024678096 0.9282779680144088 0.9995771950496846 0.0020508537593248535 0.004047034527725454 0.0073116477464849755 0.031824674861527326 0.04631099607736222 0.05510747645677374 0.07681527818641073 0.08886315035886166 0.1265897291326615 0.18419221381475154 0.22427052888834875 0.2822697515783652 0.3647632305768811 0.4441693056411837 0.8914405812882157 0.9528253238374547 1.250604656991195 3.7687021825055287
1004 12048 -0.9998555489164803 -0.9371765338789932 0.9293663692044706 0.999593515130985 0.0020508537593248535 0.004047034527725454 0.0073116477464849755 0.031824674861527326 0.04631099607736222 0.05510747645677374 0.07681527818641073 0.08886315035886166 0.1265897291326615 0.18419221381475154 0.22427052888834875 0.2822697515783652 0.3647632305768811 0.4441693056411837 0.8914405812882157 0.9528253238374547 1.250604656991195 3.7687021825055287
1005 12060 -0.9998564243777761 -0.9376406480611853 0.9292588337948915 0.9996026353369092 0.0020508537593248535 0.004047034527725454 0.0073116477464849755 0.031824674861527326 0.04631099607736222 0.05510747645677374 0.07681527818641073 0.08886315035886166 0.1265897291326615 0.18419221381475154 0.22427052888834875 0.2822697515783652 0.3647632305768811 0.4441693056411837 0.8914405812882157 0.9528253238374547 1.250604656991195 3.7687021825055287
1006 12072 -0.9998585062230656 -0.9382382420626001 0.9300049577408225 0.9996044737372486 0.0020508537593248535 0.004047034527725454 0.0073116477464849755 0.031824674861527326 0.04631099607736222 0.05510747645677374 0.07681527818641073 0.08886315035886166 0.1265897291326615 0.18419221381475154 0.22427052888834875 0.2822697515783652 0.3647632305768811 0.4441693056411837 0.8914405812882157 0.9528253238374547 1.250604656991195 3.7687021825055287
1007 12084 -0.9998582135699988 -0.93768697825007 0.9300831578512743 0.9996059492448751 0.0020508537593248535 0.004047034527725454 0.0073116477464849755 0.031824674861527326 0.04631099607736222 0.05510747645677374 0.07681527818641073 0.08886315035886166 0.1265897291326615 0.18419221381475154 0.22427052888834875 0.2822697515783652 0.3647632305768811 0.4441693056411837 0.8914405812882157 0.9528253238374547 1.250604656991195 3.7687021825055287
1008 12096 -0.9998596913209645 -0.937476237089978 0.9282997811155449 0.9996036395773561 0.0020508537593248535 0.004047034527725454 0.0073116477464849755 0.031824674861527326 0.04631099607736222 0.05510747645677374 0.07681527818641073 0.08886315035886166 0.1265897291326615 0.18419221381475154 0.22427052888834875 0.2822697515783652 0.3647632305768811 0.4441693056411837 0.8914405812882157 0.9528253238374547 1.250604656991195 3.7687021825055287
1009 12108 -0.9998657840528073 -0.9393741178501828 0.9279304163546297 0.9996101077294742 0.001569742384136728 0.0030329289017458766 0.0054117382450498885 0.02412963487233816 0.03559064314098879 0.04218749487150868 0.06120541771318845 0.07477448276642229 0.10774873938596304 0.15604410981667244 0.17449431750277267 0.23309768537851377 0.31485136261055896 0.3682323750026662 0.8934200172242576 0.9339969164274179 1.165494845613709 3.821334372761414
1010 12120 -0.999865705155958 -0.9385823264505204 0.9264492366717102 0.9996107085668691 0.001569742384136728 0.0030329289017458766 0.0054117382450498885 0.02412963487233816 0.03559064314098879 0.04218749487150868 0.06120541771318845 0.07477448276642229 0.10774873938596304 0.15604410981667244 0.17449431750277267 0.23309768537851377 0.31485136261055896 0.3682323750026662 0.8934200172242576 0.9339969164274179 1.165494845613709 3.821334372761414
1011 12132 -0.9998661881193855 -0.9396807703283834 0.9254592335436448 0.9996181315893363 0.001569742384136728 0.0030329289017458766 0.0054117382450498885 0.02412963487233816 0.03559064314098879 0.04218749487150868 0.06120541771318845 0.07477448276642229 0.10774873938596304 0.15604410981667244 0.17449431750277267 0.23309768537851377 0.31485136261055896 0.3682323750026662 0.8934200172242576 0.9339969164274179 1.165494845613709 3.821334372761414
1012 12144 -0.9998696995513133 -0.9398652094067077 0.9237599812618719 0.9996125190700187 0.001569742384136728 0.0030329289017458766 0.0054117382450498885 0.02412963487233816 0.03559064314098879 0.04218749487150868 0.06120541771318845 0.07477448276642229 0.10774873938596304 0.15604410981667244 0.17449431750277267 0.23309768537851377 0.31485136261055896 0.3682323750026662 0.8934200172242576 0.9339969164274179 1.165494845613709 3.821334372761414
1013 12156 -0.9998705621969285 -0.9378221517588515 0.9223252123727879 0.999598010698047 0.001569742384136728 0.0030329289017458766 0.0054117382450498885 0.02412963487233816 0.03559064314098879 0.04218749487150868 0.06120541771318845 0.07477448276642229 0.10774873938596304 0.15604410981667244 0.17449431750277267 0.23309768537851377 0.31485136261055896 0.3682323750026662 0.8934200172242576 0.9339969164274179 1.165494845613709 3.821334372761414
1014 12168 -0.9998656915492936 -0.9344234373751032 0.919902615388831 0.9995895146797982 0.001569742384136728 0.0030329289017458766 0.0054117382450498885 0.02412963487233816 0.03559064314098879 0.04218749487150868 0.06120541771318845 0.07477448276642229 0.10774873938596304 0.15604410981667244 0.17449431750277267 0.23309768537851377 0.31485136261055896 0.3682323750026662 0.8934200172242576 0.9339969164274179 1.165494845613709 3.821334372761414
1015 12180 -0.9998690590282371 -0.9356958464200693 0.9209741492746143 0.9996023614828093 0.001569742384136728 0.0030329289017458766 0.0054117382450498885 0.02412963487233816 0.03559064314098879 0.04218749487150868 0.06120541771318845 0.07477448276642229 0.10774873938596304 0.15604410981667244 0.17449431750277267 0.23309768537851377 0.31485136261055896 0.3682323750026662 0.8934200172242576 0.9339969164274179 1.165494845613709 3.821334372761414
1016 12192 -0.999868151284108 -0.9359627460305784 0.9204050399180779 0.9996094271501796 0.001569742384136728 0.0030329289017458766 0.0054117382450498885 0.02412963487233816 0.03559064314098879 0.04218749487150868 0.06120541771318845 0.07477448276642229 0.10774873938596304 0.15604410981667244 0.17449431750277267 0.23309768537851377 0.31485136261055896 0.3682323750026662 0.8934200172242576 0.9339969164274179 1.165494845613709 3.821334372761414
1017 12204 -0.9998704403280132 -0.9364076012225945 0.920696930385872 0.9996172832462712 0.001569742384136728 0.0030329289017458766 0.0054117382450498885 0.02412963487233816 0.03559064314098879 0.04218749487150868 0.06120541771318845 0.07477448276642229 0.10774873938596304 0.15604410981667244 0.17449431750277267 0.23309768537851377 0.31485136261055896 0.3682323750026662 0.8934200172242576 0.9339969164274179 1.165494845613709 3.821334372761414
1018 12216 -0.9998707991643123 -0.9333759092758454 0.9177183681439531 0.9996197514636606 0.001569742384136728 0.0030329289017458766 0.0054117382450498885 0.02412963487233816 0.03559064314098879 0.04218749487150868 0.06120541771318845 0.07477448276642229 0.10774873938596304 0.15604410981667244 0.17449431750277267 0.23309768537851377 0.31485136261055896 0.3682323750026662 0.8934200172242576 0.9339969164274179 1.165494845613709 3.821334372761414
1019 12228 -0.999871174730355 -0.9325716652308551 0.9174029022236871 0.9996209037622136 0.001569742384136728 0.0030329289017458766 0.0054117382450498885 0.02412963487233816 0.03559064314098879 0.04218749487150868 0.06120541771318845 0.07477448276642229 0.10774873938596304 0.15604410981667244 0.17449431750277267 0.23309768537851377 0.31485136261055896 0.3682323750026662 0.8934200172242576 0.9339969164274179 1.165494845613709 3.821334372761414
1020 12240 -0.9998698867567622 -0.9317192074251559 0.9157465378125554 0.9996144670595498 0.001569742384136728 0.0030329289017458766 0.0054117382450498885 0.02412963487233816 0.03559064314098879 0.04218749487150868 0.06120541771318845 0.07477448276642229 0.10774873938596304 0.15604410981667244 0.17449431750277267 0.23309768537851377 0.31485136261055896 0.3682323750026662 0.8934200172242576 0.9339969164274179 1.165494845613709 3.821334372761414
1021 12252 -0.999869592395202 -0.9305406518074715 0.9143305091813916 0.9996106297894128 0.001569742384136728 0.0030329289017458766 0.0054117382450498885 0.02412963487233816 0.03559064314098879 0.04218749487150868 0.06120541771318845 0.07477448276642229 0.10774873938596304 0.15604410981667244 0.17449431750277267 0.23309768537851377 0.31485136261055896 0.3682323750026662 0.8934200172242576 0.9339969164274179 1.165494845613709 3.821334372761414
1022 12264 -0.9998705272561716 -0.929931312625636 0.9131254003173994 0.9996044609972111 0.001569742384136728 0.0030329289017458766 0.0054117382450498885 0.02412963487233816 0.03559064314098879 0.04218749487150868 0.06120541771318845 0.07477448276642229 0.10774873938596304 0.15604410981667244 0.17449431750277267 0.23309768537851377 0.31485136261055896 0.3682323750026662 0.8934200172242576 0.9339969164274179 1.165494845613709 3.821334372761414
1023 12276 -0.9998722899313502 -0.9282439517063086 0.9119190666725747 0.999600385706949 0.001569742384136728 0.0030329289017458766 0.0054117382450498885 0.02412963487233816 0.03559064314098879 0.04218749487150868 0.06120541771318845 0.07477448276642229 0.10774873938596304 0.15604410981667244 0.17449431750277267 0.23309768537851377 0.31485136261055896 0.3682323750026662 0.8934200172242576 0.9339969164274179 1.165494845613709 3.821334372761414
1024 12288 -0.9998769361069685 -0.9292892493462921 0.9136023432395107 0.9996014035604363 0.001569742384136728 0.0030329289017458766 0.0054117382450498885 0.02412963487233816 0.03559064314098879 0.04218749487150868 0.06120541771318845 0.07477448276642229 0.10774873938596304 0.15604410981667244 0.17449431750277267 0.23309768537851377 0.31485136261055896 0.3682323750026662 0.8934200172242576 0.9339969164274179 1.165494845613709 3.821334372761414
1025 12300 -0.9998764229228866 -0.9288849224286695 0.9129831063120506 0.9996099549285447 0.001569742384136728 0.0030329289017458766 0.0054117382450498885 0.02412963487233816 0.03559064314098879 0.04218749487150868 0.06120541771318845 0.07477448276642229 0.10774873938596304 0.15604410981667244 0.17449431750277267 0.23309768537851377 0.31485136261055896 0.3682323750026662 0.8934200172242576 0.9339969164274179 1.165494845613709 3.821334372761414
1026 12312 -0.9998757252688429 -0.9285392563278043 0.9115983988676601 0.999604152715647 0.001569742384136728 0.0030329289017458766 0.0054117382450498885 0.02412963487233816 0.03559064314098879 0.04218749487150868 0.06120541771318845 0.07477448276642229 0.10774873938596304 0.15604410981667244 0.17449431750277267 0.23309768537851377 0.31485136261055896 0.3682323750026662 0.8934200172242576 0.9339969164274179 1.165494845613709 3.821334372761414
1027 12324 -0.9998751681249461 -0.9282619428497851 0.9120325799462746 0.9996091299999478 0.001545428576893451 0.0029399797031995044 0.005331739445054654 0.027059401999646213 0.033945557479561336 0.041825700115854576 0.06516605027904863 0.07705856716214615 0.10790193821778313 0.15962421386753659 0.1804250612288502 0.2326676276225222 0.3181646416767706 0.37651227920736324 0.9068399691724001 0.9735878214290898 1.18686577419879 3.8000604310537835
1028 12336 -0.9998723953014766 -0.9265078037501351 0.910292335474187 0.999605228202688 0.001545428576893451 0.0029399797031995044 0.005331739445054654 0.027059401999646213 0.033945557479561336 0.041825700115854576 0.06516605027904863 0.07705856716214615 0.10790193821778313 0.15962421386753659 0.1804250612288502 0.2326676276225222 0.3181646416767706 0.37651227920736324 0.9068399691724001 0.9735878214290898 1.18686577419879 3.8000604310537835
1029 12348 -0.9998759265979867 -0.9257216344073635 0.910211961326733 0.9996146197582028 0.001545428576893451 0.0029399797031995044 0.005331739445054654 0.027059401999646213 0.033945557479561336 0.041825700115854576 0.06516605027904863 0.07705856716214615 0.10790193821778313 0.15962421386753659 0.1804250612288502 0.2326676276225222 0.3181646416767706 0.37651227920736324 0.9068399691724001 0.9735878214290898 1.18686577419879 3.8000604310537835
1030 12360 -0.9998757497635874 -0.9241173094821349 0.9069998677595215 0.9996162573595997 0.001545428576893451 0.0029399797031995044 0.005331739445054654 0.027059401999646213 0.033945557479561336 0.041825700115854576 0.06516605027904863 0.07705856716214615 0.10790193821778313 0.15962421386753659 0.1804250612288502 0.2326676276225222 0.3181646416767706 0.37651227920736324 0.9068399691724001 0.9735878214290898 1.18686577419879 3.8000604310537835
1031 12372 -0.9998759429660674 -0.9245408365496923 0.9071291721601449 0.9996184900585615 0.001545428576893451 0.0029399797031995044 0.005331739445054654 0.027059401999646213 0.033945557479561336 0.041825700115854576 0.06516605027904863 0.07705856716214615 0.10790193821778313 0.15962421386753659 0.1804250612288502 0.2326676276225222 0.3181646416767706 0.37651227920736324 0.9068399691724001 0.9735878214290898 1.18686577419879 3.8000604310537835
1032 12384 -0.9998767104175441 -0.9249895143774396 0.9094998390015092 0.9996274519636568 0.001545428576893451 0.0029399797031995044 0.005331739445054654 0.027059401999646213 0.033945557479561336 0.041825700115854576 0.06516605027904863 0.07705856716214615 0.10790193821778313 0.15962421386753659 0.1804250612288502 0.2326676276225222 0.3181646416767706 0.37651227920736324 0.9068399691724001 0.9735878214290898 1.18686577419879 3.8000604310537835
1033 12396 -0.9998763506642859 -0.9238320447414294 0.9084001367366411 0.999621198700072 0.001545428576893451 0.0029399797031995044 0.005331739445054654 0.027059401999646213 0.033945557479561336 0.041825700115854576 0.06516605027904863 0.07705856716214615 0.10790193821778313 0.15962421386753659 0.1804250612288502 0.2326676276225222 0.3181646416767706 0.37651227920736324 0.9068399691724001 0.9735878214290898 1.18686577419879 3.8000604310537835
1034 12408 -0.9998762202753613 -0.9243281542163609 0.9088473850829388 0.9996212561534814 0.001545428576893451 0.0029399797031995044 0.005331739445054654 0.027059401999646213 0.033945557479561336 0.041825700115854576 0.06516605027904863 0.07705856716214615 0.10790193821778313 0.15962421386753659 0.1804250612288502 0.2326676276225222 0.3181646416767706 0.37651227920736324 0.9068399691724001 0.9735878214290898 1.18686577419879 3.8000604310537835
1035 12420 -0.999878713458988 -0.9237138297538002 0.9071966417065617 0.999612210539374 0.001545428576893451 0.0029399797031995044 0.005331739445054654 0.027059401999646213 0.033945557479561336 0.041825700115854576 0.06516605027904863 0.07705856716214615 0.10790193821778313 0.15962421386753659 0.1804250612288502 0.2326676276225222 0.3181646416767706 0.37651227920736324 0.9068399691724001 0.9735878214290898 1.18686577419879 3.8000604310537835
1036 12432 -0.9998770144865197 -0.9216195708678209 0.9042094543567778 0.9996064479717605 0.001545428576893451 0.0029399797031995044 0.005331739445054654 0.027059401999646213 0.033945557479561336 0.041825700115854576 0.06516605027904863 0.07705856716214615 0.10790193821778313 0.15962421386753659 0.1804250612288502 0.2326676276225222 0.3181646416767706 0.37651227920736324 0.9068399691724001 0.9735878214290898 1.18686577419879 3.8000604310537835
1037 12444 -0.99987946228653 -0.9233760181247721 0.9051709740719999 0.9996181765299558 0.001545428576893451 0.0029399797031995044 0.005331739445054654 0.027059401999646213 0.033945557479561336 0.041825700115854576 0.06516605027904863 0.07705856716214615 0.10790193821778313 0.15962421386753659 0.1804250612288502 0.2326676276225222 0.3181646416767706 0.37651227920736324 0.9068399691724001 0.9735878214290898 1.18686577419879 3.8000604310537835
1038 12456 -0.9998811109317798 -0.922727338338267 0.9052690796830649 0.9996118982740715 0.001545428576893451 0.0029399797031995044 0.005331739445054654 0.027059401999646213 0.033945557479561336 0.041825700115854576 0.06516605027904863 0.07705856716214615 0.10790193821778313 0.15962421386753659 0.1804250612288502 0.2326676276225222 0.3181646416767706 0.37651227920736324 0.9068399691724001 0.9735878214290898 1.18686577419879 3.8000604310537835
1039 12468 -0.9998775320984149 -0.9189745784397613 0.899459076540305 0.9995898617501271 0.001545428576893451 0.0029399797031995044 0.005331739445054654 0.027059401999646213 0.033945557479561336 0.041825700115854576 0.06516605027904863 0.07705856716214615 0.10790193821778313 0.15962421386753659 0.1804250612288502 0.2326676276225222 0.3181646416767706 0.37651227920736324 0.9068399691724001 0.9735878214290898 1.18686577419879 3.8000604310537835
1040 12480 -0.9998774521007499 -0.9186373540573681 0.8984670383465374 0.9995880990822766 0.001545428576893451 0.0029399797031995044 0.005331739445054654 0.027059401999646213 0.033945557479561336 0.041825700115854576 0.06516605027904863 0.07705856716214615 0.10790193821778313 0.15962421386753659 0.1804250612288502 0.2326676276225222 0.3181646416767706 0.37651227920736324 0.9068399691724001 0.9735878214290898 1.18686577419879 3.8000604310537835
1041 12492 -0.9998765141938193 -0.9174837889957828 0.89615838689088 0.9995651434208012 0.001545428576893451 0.0029399797031995044 0.005331739445054654 0.027059401999646213 0.033945557479561336 0.041825700115854576 0.06516605027904863 0.07705856716214615 0.10790193821778313 0.15962421386753659 0.1804250612288502 0.2326676276225222 0.3181646416767706 0.37651227920736324 0.9068399691724001 0.9735878214290898 1.18686577419879 3.8000604310537835
1042 12504 -0.9998780175889123 -0.9177514696033421 0.8944264370764112 0.9995574948728021 0.001545428576893451 0.0029399797031995044 0.005331739445054654 0.027059401999646213 0.033945557479561336 0.041825700115854576 0.06516605027904863 0.07705856716214615 0.10790193821778313 0.15962421386753659 0.1804250612288502 0.2326676276225222 0.3181646416767706 0.37651227920736324 0.9068399691724001 0.9735878214290898 1.18686577419879 3.8000604310537835
1043 12516 -0.9998792655616072 -0.9187487208692728 0.8930939606918359 0.9995505254605442 0.001545428576893451 0.0029399797031995044 0.005331739445054654 0.027059401999646213 0.033945557479561336 0.041825700115854576 0.06516605027904863 0.07705856716214615 0.10790193821778313 0.15962421386753659 0.1804250612288502 0.2326676276225222 0.3181646416767706 0.37651227920736324 0.9068399691724001 0.9735878214290898 1.18686577419879 3.8000604310537835
1044 12528 -0.9998774778388104 -0.9171368248319429 0.8907632237299405 0.9995416298066097 0.001545428576893451 0.0029399797031995044 0.005331739445054654 0.027059401999646213 0.033945557479561336 0.041825700115854576 0.06516605027904863 0.07705856716214615 0.10790193821778313 0.15962421386753659 0.1804250612288502 0.2326676276225222 0.3181646416767706 0.37651227920736324 0.9068399691724001 0.9735878214290898 1.18686577419879 3.8000604310537835
1045 12540 -0.999878848156402 -0.916611721599084 0.8913318907527131 0.999545006986043 0.0014831269647820474 0.0027790991840161944 0.0053618181926671235 0.027801798532318473 0.03347817205037806 0.04315573168704577 0.06287531588058047 0.08531595086079069 0.10595447912610098 0.1577858484837527 0.18436097714834185 0.23756456770111092 0.3178455592794683 0.39948664844468845 0.8441252646652011 0.9642599486164041 1.3155349731611399 3.77158217305346
1046 12552 -0.9998793493807012 -0.9167824771904313 0.8898761264283223 0.999538694081439 0.0014831269647820474 0.0027790991840161944 0.0053618181926671235 0.027801798532318473 0.03347817205037806 0.04315573168704577 0.06287531588058047 0.08531595086079069 0.10595447912610098 0.1577858484837527 0.18436097714834185 0.23756456770111092 0.3178455592794683 0.39948664844468845 0.8441252646652011 0.9642599486164041 1.3155349731611399 3.77158217305346
1047 12564 -0.9998789580323155 -0.9121013350827573 0.8878281664709476 0.9995334646778375 0.0014831269647820474 0.0027790991840161944 0.0053618181926671235 0.027801798532318473 0.03347817205037806 0.04315573168704577 0.06287531588058047 0.08531595086079069 0.10595447912610098 0.1577858484837527 0.18436097714834185 0.23756456770111092 0.3178455592794683 0.39948664844468845 0.8441252646652011 0.9642599486164041 1.3155349731611399 3.77158217305346
1048 12576 -0.9998837482831653 -0.9107273222457055 0.8879353885834904 0.999527859232706 0.0014831269647820474 0.0027790991840161944 0.0053618181926671235 0.027801798532318473 0.03347817205037806 0.04315573168704577 0.06287531588058047 0.08531595086079069 0.10595447912610098 0.1577858484837527 0.18436097714834185 0.23756456770111092 0.3178455592794683 0.39948664844468845 0.8441252646652011 0.9642599486164041 1.3155349731611399 3.77158217305346
1049 12588 -0.9998842445631946 -0.9108188902877172 0.8878026961391664 0.9995192594445742 0.0014831269647820474 0.0027790991840161944 0.0053618181926671235 0.027801798532318473 0.03347817205037806 0.04315573168704577 0.06287531588058047 0.08531595086079069 0.10595447912610098 0.1577858484837527 0.18436097714834185 0.23756456770111092 0.3178455592794683 0.39948664844468845 0.8441252646652011 0.9642599486164041 1.3155349731611399 3.77158217305346
1050 12600 -0.9998848934460444 -0.9097024814436278 0.8817963989948426 0.9994986410388947 0.0014831269647820474 0.0027790991840161944 0.0053618181926671235 0.027801798532318473 0.03347817205037806 0.04315573168704577 0.06287531588058047 0.08531595086079069 0.10595447912610098 0.1577858484837527 0.18436097714834185 0.23756456770111092 0.3178455592794683 0.39948664844468845 0.8441252646652011 0.9642599486164041 1.3155349731611399 3.77158217305346
1051 12612 -0.9998857238257423 -0.9053468229192447 0.8810007732705857 0.9995059707971227 0.0014831269647820474 0.0027790991840161944 0.0053618181926671235 0.027801798532318473 0.03347817205037806 0.04315573168704577 0.06287531588058047 0.08531595086079069 0.10595447912610098 0.1577858484837527 0.18436097714834185 0.23756456770111092 0.3178455592794683 0.39948664844468845 0.8441252646652011 0.9642599486164041 1.3155349731611399 3.77158217305346
1052 12624 -0.9998864367461988 -0.9029355157182106 0.8801936114384907 0.9994952337343024 0.0014831269647820474 0.0027790991840161944 0.0053618181926671235 0.027801798532318473 0.03347817205037806 0.04315573168704577 0.06287531588058047 0.08531595086079069 0.10595447912610098 0.1577858484837527 0.18436097714834185 0.23756456770111092 0.3178455592794683 0.39948664844468845 0.8441252646652011 0.9642599486164041 1.3155349731611399 3.77158217305346
1053 12636 -0.9998877629622589 -0.9032449261936557 0.8800306338299977 0.9994918704528051 0.0014831269647820474 0.0027790991840161944 0.0053618181926671235 0.027801798532318473 0.03347817205037806 0.04315573168704577 0.06287531588058047 0.08531595086079069 0.10595447912610098 0.1577858484837527 0.18436097714834185 0.23756456770111092 0.3178455592794683 0.39948664844468845 0.8441252646652011 0.9642599486164041 1.3155349731611399 3.77158217305346
1054 12648 -0.9998863979428417 -0.8995598686319766 0.8772369048267898 0.9994759865749385 0.0014831269647820474 0.0027790991840161944 0.0053618181926671235 0.027801798532318473 0.03347817205037806 0.04315573168704577 0.06287531588058047 0.08531595086079069 0.10595447912610098 0.1577858484837527 0.18436097714834185 0.23756456770111092 0.3178455592794683 0.39948664844468845 0.8441252646652011 0.9642599486164041 1.3155349731611399 3.77158217305346
1055 12660 -0.9998855314740863 -0.8984060150008919 0.8768417752461909 0.9994657942423447 0.0014831269647820474 0.0027790991840161944 0.0053618181926671235 0.027801798532318473 0.03347817205037806 0.04315573168704577 0.06287531588058047 0.08531595086079069 0.10595447912610098 0.1577858484837527 0.18436097714834185 0.23756456770111092 0.3178455592794683 0.39948664844468845 0.8441252646652011 0.9642599486164041 1.3155349731611399 3.77158217305346
1056 12672 -0.9998850012746838 -0.8924276785748414 0.8690608996696364 0.9994515617924448 0.0014831269647820474 0.0027790991840161944 0.0053618181926671235 0.027801798532318473 0.03347817205037806 0.04315573168704577 0.06287531588058047 0.08531595086079069 0.10595447912610098 0.1577858484837527 0.18436097714834185 0.23756456770111092 0.3178455592794683 0.39948664844468845 0.8441252646652011 0.9642599486164041 1.3155349731611399 3.77158217305346
1057 12684 -0.9998883712481723 -0.8885848012847115 0.8642734376488287 0.9994639096042558 0.0014831269647820474 0.0027790991840161944 0.0053618181926671235 0.027801798532318473 0.03347817205037806 0.04315573168704577 0.06287531588058047 0.08531595086079069 0.10595447912610098 0.1577858484837527 0.18436097714834185 0.23756456770111092 0.3178455592794683 0.39948664844468845 0.8441252646652011 0.9642599486164041 1.3155349731611399 3.77158217305346
1058 12696 -0.9998881057378814 -0.8841005985681234 0.853376993081086 0.9994386698950145 0.0014831269647820474 0.0027790991840161944 0.0053618181926671235 0.027801798532318473 0.03347817205037806 0.04315573168704577 0.06287531588058047 0.08531595086079069 0.10595447912610098 0.1577858484837527 0.18436097714834185 0.23756456770111092 0.3178455592794683 0.39948664844468845 0.8441252646652011 0.9642599486164041 1.3155349731611399 3.77158217305346
1059 12708 -0.9998802013794881 -0.8735692345755786 0.8431525199645087 0.9993817394440138 0.0014831269647820474 0.0027790991840161944 0.0053618181926671235 0.027801798532318473 0.03347817205037806 0.04315573168704577 0.06287531588058047 0.08531595086079069 0.10595447912610098 0.1577858484837527 0.18436097714834185 0.23756456770111092 0.3178455592794683 0.39948664844468845 0.8441252646652011 0.9642599486164041 1.3155349731611399 3.77158217305346
1060 12720 -0.999876954601727 -0.871009744882961 0.8368980304613165 0.9993678743244385 0.0014831269647820474 0.0027790991840161944 0.0053618181926671235 0.027801798532318473 0.03347817205037806 0.04315573168704577 0.06287531588058047 0.08531595086079069 0.10595447912610098 0.1577858484837527 0.18436097714834185 0.23756456770111092 0.3178455592794683 0.39948664844468845 0.8441252646652011 0.9642599486164041 1.3155349731611399 3.77158217305346
1061 12732 -0.9998741311561546 -0.8689930344015369 0.8317862550435564 0.9993613885557431 0.0014831269647820474 0.0027790991840161944 0.0053618181926671235 0.027801798532318473 0.03347817205037806 0.04315573168704577 0.06287531588058047 0.08531595086079069 0.10595447912610098 0.1577858484837527 0.18436097714834185 0.23756456770111092 0.3178455592794683 0.39948664844468845 0.8441252646652011 0.9642599486164041 1.3155349731611399 3.77158217305346
1062 12744 -0.999875049401298 -0.8669641390291856 0.8279115824232048 0.9993599334353398 0.0014831269647820474 0.0027790991840161944 0.0053618181926671235 0.027801798532318473 0.03347817205037806 0.04315573168704577 0.06287531588058047 0.08531595086079069 0.10595447912610098 0.1577858484837527 0.18436097714834185 0.23756456770111092 0.3178455592794683 0.39948664844468845 0.8441252646652011 0.9642599486164041 1.3155349731611399 3.77158217305346
1063 12756 -0.9998752966482486 -0.867590718850177 0.8209768789118881 0.9993466589948478 0.0014723348219174478 0.0026627293540337684 0.00560730203558851 0.02865730161376709 0.03443695336787626 0.042816256120593386 0.05776526693023981 0.08549873956670287 0.1053310302162967 0.15674366236334875 0.179314336683903 0.23245965100126473 0.28630866783375414 0.39638414311177905 0.6979473987261424 0.9579022222952605 1.5905599222972222 3.6999914315415032
1064 12768 -0.9998740060866161 -0.862312741102373 0.8093472651724518 0.9993196634433864 0.0014723348219174478 0.0026627293540337684 0.00560730203558851 0.02865730161376709 0.03443695336787626 0.042816256120593386 0.05776526693023981 0.08549873956670287 0.1053310302162967 0.15674366236334875 0.179314336683903 0.23245965100126473 0.28630866783375414 0.39638414311177905 0.6979473987261424 0.9579022222952605 1.5905599222972222 3.6999914315415032
1065 12780 -0.9998742600928896 -0.8592226634342282 0.7937158275402731 0.9993128493110945 0.0014723348219174478 0.0026627293540337684 0.00560730203558851 0.02865730161376709 0.03443695336787626 0.042816256120593386 0.05776526693023981 0.08549873956670287 0.1053310302162967 0.15674366236334875 0.179314336683903 0.23245965100126473 0.28630866783375414 0.39638414311177905 0.6979473987261424 0.9579022222952605 1.5905599222972222 3.6999914315415032
1066 12792 -0.9998739156771302 -0.8573048949263088 0.7841625133854695 0.9992974143495118 0.0014723348219174478 0.0026627293540337684 0.00560730203558851 0.02865730161376709 0.03443695336787626 0.042816256120593386 0.05776526693023981 0.08549873956670287 0.1053310302162967 0.15674366236334875 0.179314336683903 0.23245965100126473 0.28630866783375414 0.39638414311177905 0.6979473987261424 0.9579022222952605 1.5905599222972222 3.6999914315415032
1067 12804 -0.9998724483743369 -0.8535297588031971 0.773043447962399 0.9992607208187282 0.0014723348219174478 0.0026627293540337684 0.00560730203558851 0.02865730161376709 0.03443695336787626 0.042816256120593386 0.05776526693023981 0.08549873956670287 0.1053310302162967 0.15674366236334875 0.179314336683903 0.23245965100126473 0.28630866783375414 0.39638414311177905 0.6979473987261424 0.9579022222952605 1.5905599222972222 3.6999914315415032
1068 12816 -0.9998731149909733 -0.8548334323755514 0.7726713931423461 0.9992576220187033 0.0014723348219174478 0.0026627293540337684 0.00560730203558851 0.02865730161376709 0.03443695336787626 0.042816256120593386 0.05776526693023981 0.08549873956670287 0.1053310302162967 0.15674366236334875 0.179314336683903 0.23245965100126473 0.28630866783375414 0.39638414311177905 0.6979473987261424 0.9579022222952605 1.5905599222972222 3.6999914315415032
1069 12828 -0.9998661526792415 -0.8467665428515176 0.7547578645745294 0.9991997413420275 0.0014723348219174478 0.0026627293540337684 0.00560730203558851 0.02865730161376709 0.03443695336787626 0.042816256120593386 0.05776526693023981 0.08549873956670287 0.1053310302162967 0.15674366236334875 0.179314336683903 0.23245965100126473 0.28630866783375414 0.39638414311177905 0.6979473987261424 0.9579022222952605 1.5905599222972222 3.6999914315415032
1070 12840 -0.9998587626081386 -0.8360627186936759 0.7343291918502877 0.9991044284917311 0.0014723348219174478 0.0026627293540337684 0.00560730203558851 0.02865730161376709 0.03443695336787626 0.042816256120593386 0.05776526693023981 0.08549873956670287 0.1053310302162967 0.15674366236334875 0.179314336683903 0.23245965100126473 0.28630866783375414 0.39638414311177905 0.6979473987261424 0.9579022222952605 1.5905599222972222 3.6999914315415032
1071 12852 -0.9998583154203027 -0.830891935230857 0.7255434062518502 0.9991135912894435 0.0014723348219174478 0.0026627293540337684 0.00560730203558851 0.02865730161376709 0.03443695336787626 0.042816256120593386 0.05776526693023981 0.08549873956670287 0.1053310302162967 0.15674366236334875 0.179314336683903 0.23245965100126473 0.28630866783375414 0.39638414311177905 0.6979473987261424 0.9579022222952605 1.5905599222972222 3.6999914315415032
1072 12864 -0.9998633270032952 -0.8297786836170422 0.7344315493919057 0.9991265467550424 0.0014723348219174478 0.0026627293540337684 0.00560730203558851 0.02865730161376709 0.03443695336787626 0.042816256120593386 0.05776526693023981 0.08549873956670287 0.1053310302162967 0.15674366236334875 0.179314336683903 0.23245965100126473 0.28630866783375414 0.39638414311177905 0.6979473987261424 0.9579022222952605 1.5905599222972222 3.6999914315415032
1073 12876 -0.999861949293528 -0.8281645202343656 0.739178074412891 0.9991219547229903 0.0014723348219174478 0.0026627293540337684 0.00560730203558851 0.02865730161376709 0.03443695336787626 0.042816256120593386 0.05776526693023981 0.08549873956670287 0.1053310302162967 0.15674366236334875 0.179314336683903 0.23245965100126473 0.28630866783375414 0.39638414311177905 0.6979473987261424 0.9579022222952605 1.5905599222972222 3.6999914315415032
1074 12888 -0.9998593931670571 -0.8204925888440489 0.7351356422966262 0.999092722813557 0.0014723348219174478 0.0026627293540337684 0.00560730203558851 0.02865730161376709 0.03443695336787626 0.042816256120593386 0.05776526693023981 0.08549873956670287 0.1053310302162967 0.15674366236334875 0.179314336683903 0.23245965100126473 0.28630866783375414 0.39638414311177905 0.6979473987261424 0.9579022222952605 1.5905599222972222 3.6999914315415032
1075 12900 -0.9998610148554664 -0.820746834729598 0.7354615724036441 0.9990897652105333 0.0014723348219174478 0.0026627293540337684 0.00560730203558851 0.02865730161376709 0.03443695336787626 0.042816256120593386 0.05776526693023981 0.08549873956670287 0.1053310302162967 0.15674366236334875 0.179314336683903 0.23245965100126473 0.28630866783375414 0.39638414311177905 0.6979473987261424 0.9579022222952605 1.5905599222972222 3.6999914315415032
1076 12912 -0.999861932118774 -0.8180922687750508 0.7363222175141476 0.999090816509165 0.0014723348219174478 0.0026627293540337684 0.00560730203558851 0.02865730161376709 0.03443695336787626 0.042816256120593386 0.05776526693023981 0.08549873956670287 0.1053310302162967 0.15674366236334875 0.179314336683903 0.23245965100126473 0.28630866783375414 0.39638414311177905 0.6979473987261424 0.9579022222952605 1.5905599222972222 3.6999914315415032
1077 12924 -0.999860229315451 -0.814189071188999 0.7290539918132912 0.999082480975375 0.0014723348219174478 0.0026627293540337684 0.00560730203558851 0.02865730161376709 0.03443695336787626 0.042816256120593386 0.05776526693023981 0.08549873956670287 0.1053310302162967 0.15674366236334875 0.179314336683903 0.23245965100126473 0.28630866783375414 0.39638414311177905 0.6979473987261424 0.9579022222952605 1.5905599222972222 3.6999914315415032
1078 12936 -0.9998535630904372 -0.8148904559612962 0.719254168355034 0.9990244355886753 0.0014723348219174478 0.0026627293540337684 0.00560730203558851 0.02865730161376709 0.03443695336787626 0.042816256120593386 0.05776526693023981 0.08549873956670287 0.1053310302162967 0.15674366236334875 0.179314336683903 0.23245965100126473 0.28630866783375414 0.39638414311177905 0.6979473987261424 0.9579022222952605 1.5905599222972222 3.6999914315415032
1079 12948 -0.9998470733660352 -0.8118239184887088 0.7133921221531804 0.9989945287201444 0.0014723348219174478 0.0026627293540337684 0.00560730203558851 0.02865730161376709 0.03443695336787626 0.042816256120593386 0.05776526693023981 0.08549873956670287 0.1053310302162967 0.15674366236334875 0.179314336683903 0.23245965100126473 0.28630866783375414 0.39638414311177905 0.6979473987261424 0.9579022222952605 1.5905599222972222 3.6999914315415032
1080 12960 -0.9998454041086072 -0.807246921955981 0.7092217018252001 0.9989795587139806 0.0014723348219174478 0.0026627293540337684 0.00560730203558851 0.02865730161376709 0.03443695336787626 0.042816256120593386 0.05776526693023981 0.08549873956670287 0.1053310302162967 0.15674366236334875 0.179314336683903 0.23245965100126473 0.28630866783375414 0.39638414311177905 0.6979473987261424 0.9579022222952605 1.5905599222972222 3.6999914315415032
1081 12972 -0.9998449866004596 -0.8029240484793299 0.698326014754438 0.9989829816620068 0.0014565345104076716 0.002551664006692347 0.0058752775871102145 0.028110987328613727 0.03391752273072114 0.04139932953897507 0.05960755473766977 0.08166268960219467 0.0968712195444157 0.16124686679603017 0.18543064593872902 0.23359563763226385 0.2585996063851913 0.3858678894160361 0.5597032855594356 0.9552372198926823 1.9541583982429072 3.5498585446562743
1082 12984 -0.9998450449560069 -0.7949367119168343 0.7061294970178948 0.9989575658631679 0.0014565345104076716 0.002551664006692347 0.0058752775871102145 0.028110987328613727 0.03391752273072114 0.04139932953897507 0.05960755473766977 0.08166268960219467 0.0968712195444157 0.16124686679603017 0.18543064593872902 0.23359563763226385 0.2585996063851913 0.3858678894160361 0.5597032855594356 0.9552372198926823 1.9541583982429072 3.5498585446562743
1083 12996 -0.9998454173291208 -0.7901832608189729 0.7112945428442002 0.9989572606357889 0.0014565345104076716 0.002551664006692347 0.0058752775871102145 0.028110987328613727 0.03391752273072114 0.04139932953897507 0.05960755473766977 0.08166268960219467 0.0968712195444157 0.16124686679603017 0.18543064593872902 0.23359563763226385 0.2585996063851913 0.3858678894160361 0.5597032855594356 0.9552372198926823 1.9541583982429072 3.5498585446562743
1084 13008 -0.9998437790793372 -0.7877977775652942 0.7185076851221757 0.9989597653668724 0.0014565345104076716 0.002551664006692347 0.0058752775871102145 0.028110987328613727 0.03391752273072114 0.04139932953897507 0.05960755473766977 0.08166268960219467 0.0968712195444157 0.16124686679603017 0.18543064593872902 0.23359563763226385 0.2585996063851913 0.3858678894160361 0.5597032855594356 0.9552372198926823 1.9541583982429072 3.5498585446562743
1085 13020 -0.9998461836721672 -0.7833645291431652 0.7155154511982329 0.9989806678720917 0.0014565345104076716 0.002551664006692347 0.0058752775871102145 0.028110987328613727 0.03391752273072114 0.04139932953897507 0.05960755473766977 0.08166268960219467 0.0968712195444157 0.16124686679603017 0.18543064593872902 0.23359563763226385 0.2585996063851913 0.3858678894160361 0.5597032855594356 0.9552372198926823 1.9541583982429072 3.5498585446562743
1086 13032 -0.9998442681544555 -0.777897115622251 0.7084249761707297 0.9989604717229712 0.0014565345104076716 0.002551664006692347 0.0058752775871102145 0.028110987328613727 0.03391752273072114 0.04139932953897507 0.05960755473766977 0.08166268960219467 0.0968712195444157 0.16124686679603017 0.18543064593872902 0.23359563763226385 0.2585996063851913 0.3858678894160361 0.5597032855594356 0.9552372198926823 1.9541583982429072 3.5498585446562743
1087 13044 -0.9998446325368333 -0.7700622752348179 0.6994116117087712 0.9989577164616452 0.0014565345104076716 0.002551664006692347 0.0058752775871102145 0.028110987328613727 0.03391752273072114 0.04139932953897507 0.05960755473766977 0.08166268960219467 0.0968712195444157 0.16124686679603017 0.18543064593872902 0.23359563763226385 0.2585996063851913 0.3858678894160361 0.5597032855594356 0.9552372198926823 1.9541583982429072 3.5498585446562743
1088 13056 -0.9998410343559443 -0.766366062988177 0.6944478960889614 0.9989542440307592 0.0014565345104076716 0.002551664006692347 0.0058752775871102145 0.028110987328613727 0.03391752273072114 0.04139932953897507 0.05960755473766977 0.08166268960219467 0.0968712195444157 0.16124686679603017 0.18543064593872902 0.23359563763226385 0.2585996063851913 0.3858678894160361 0.5597032855594356 0.9552372198926823 1.9541583982429072 3.5498585446562743
1089 13068 -0.9998437253925162 -0.7624202925861753 0.6912406435552095 0.9989598960800125 0.0014565345104076716 0.002551664006692347 0.0058752775871102145 0.028110987328613727 0.03391752273072114 0.04139932953897507 0.05960755473766977 0.08166268960219467 0.0968712195444157 0.16124686679603017 0.18543064593872902 0.23359563763226385 0.2585996063851913 0.3858678894160361 0.5597032855594356 0.9552372198926823 1.9541583982429072 3.5498585446562743
1090 13080 -0.9998425902996774 -0.7564025803754596 0.6853022690604994 0.9989726355405022 0.0014565345104076716 0.002551664006692347 0.0058752775871102145 0.028110987328613727 0.03391752273072114 0.04139932953897507 0.05960755473766977 0.08166268960219467 0.0968712195444157 0.16124686679603017 0.18543064593872902 0.23359563763226385 0.2585996063851913 0.3858678894160361 0.5597032855594356 0.9552372198926823 1.9541583982429072 3.5498585446562743
1091 13092 -0.9998386007048947 -0.7505260469354946 0.679443612041682 0.9989505845947342 0.0014565345104076716 0.002551664006692347 0.0058752775871102145 0.028110987328613727 0.03391752273072114 0.04139932953897507 0.05960755473766977 0.08166268960219467 0.0968712195444157 0.16124686679603017 0.18543064593872902 0.23359563763226385 0.2585996063851913 0.3858678894160361 0.5597032855594356 0.9552372198926823 1.9541583982429072 3.5498585446562743
1092 13104 -0.9998329365402159 -0.7423660609317544 0.6843657251045592 0.9989428105658992 0.0014565345104076716 0.002551664006692347 0.0058752775871102145 0.028110987328613727 0.03391752273072114 0.04139932953897507 0.05960755473766977 0.08166268960219467 0.0968712195444157 0.16124686679603017 0.18543064593872902 0.23359563763226385 0.2585996063851913 0.3858678894160361 0.5597032855594356 0.9552372198926823 1.9541583982429072 3.5498585446562743
1093 13116 -0.9998194846884014 -0.7323730375567202 0.6850738498816333 0.99888215719032 0.0014565345104076716 0.002551664006692347 0.0058752775871102145 0.028110987328613727 0.03391752273072114 0.04139932953897507 0.05960755473766977 0.08166268960219467 0.0968712195444157 0.16124686679603017 0.18543064593872902 0.23359563763226385 0.2585996063851913 0.3858678894160361 0.5597032855594356 0.9552372198926823 1.9541583982429072 3.5498585446562743
1094 13128 -0.9998152445534272 -0.7300976342690677 0.6860916602087529 0.9988816523082694 0.0014565345104076716 0.002551664006692347 0.0058752775871102145 0.028110987328613727 0.03391752273072114 0.04139932953897507 0.05960755473766977 0.08166268960219467 0.0968712195444157 0.16124686679603017 0.18543064593872902 0.23359563763226385 0.2585996063851913 0.3858678894160361 0.5597032855594356 0.9552372198926823 1.9541583982429072 3.5498585446562743
1095 13140 -0.9998137807890234 -0.723525066220423 0.6825719912719312 0.9988831042627416 0.0014565345104076716 0.002551664006692347 0.0058752775871102145 0.028110987328613727 0.03391752273072114 0.04139932953897507 0.05960755473766977 0.08166268960219467 0.0968712195444157 0.16124686679603017 0.18543064593872902 0.23359563763226385 0.2585996063851913 0.3858678894160361 0.5597032855594356 0.9552372198926823 1.9541583982429072 3.5498585446562743
1096 13152 -0.9998051360341486 -0.7098784665918736 0.6776554046406291 0.9988482014758793 0.0014565345104076716 0.002551664006692347 0.0058752775871102145 0.028110987328613727 0.03391752273072114 0.04139932953897507 0.05960755473766977 0.08166268960219467 0.0968712195444157 0.16124686679603017 0.18543064593872902 0.23359563763226385 0.2585996063851913 0.3858678894160361 0.5597032855594356 0.9552372198926823 1.9541583982429072 3.5498585446562743
1097 13164 -0.9998003699403102 -0.707415970023361 0.6744873705311579 0.9988877066048882 0.0014565345104076716 0.002551664006692347 0.0058752775871102145 0.028110987328613727 0.03391752273072114 0.04139932953897507 0.05960755473766977 0.08166268960219467 0.0968712195444157 0.16124686679603017 0.18543064593872902 0.23359563763226385 0.2585996063851913 0.3858678894160361 0.5597032855594356 0.9552372198926823 1.9541583982429072 3.5498585446562743
1098 13176 -0.9997945713294 -0.7037215294242123 0.6642494224206901 0.9988885348071754 0.0014565345104076716 0.002551664006692347 0.0058752775871102145 0.028110987328613727 0.03391752273072114 0.04139932953897507 0.05960755473766977 0.08166268960219467 0.0968712195444157 0.16124686679603017 0.18543064593872902 0.23359563763226385 0.2585996063851913 0.3858678894160361 0.5597032855594356 0.9552372198926823 1.9541583982429072 3.5498585446562743
1099 13188 -0.9997937937604909 -0.6956010329896928 0.6512169489062121 0.998894570532829 0.0014151212997787527 0.002531069401631401 0.006423283509273651 0.02584142274586733 0.032253972388882814 0.037121667511609974 0.05130686753930735 0.07486413415610593 0.08271031544782904 0.14325082135734182 0.15607168215653996 0.20979171892611093 0.24817397168625285 0.36467828583211515 0.48844812197877924 0.9560874264827905 2.2470421543874637 3.3906386865789737
1100 13200 -0.9997797751329287 -0.6940556788118774 0.6260882671029991 0.9988407521689503 0.0014151212997787527 0.002531069401631401 0.006423283509273651 0.02584142274586733 0.032253972388882814 0.037121667511609974 0.05130686753930735 0.07486413415610593 0.08271031544782904 0.14325082135734182 0.15607168215653996 0.20979171892611093 0.24817397168625285 0.36467828583211515 0.48844812197877924 0.9560874264827905 2.2470421543874637 3.3906386865789737
1101 13212 -0.9997643486742647 -0.683116943948652 0.6050814553966493 0.9987525597641694 0.0014151212997787527 0.002531069401631401 0.006423283509273651 0.02584142274586733 0.032253972388882814 0.037121667511609974 0.05130686753930735 0.07486413415610593 0.08271031544782904 0.14325082135734182 0.15607168215653996 0.20979171892611093 0.24817397168625285 0.36467828583211515 0.48844812197877924 0.9560874264827905 2.2470421543874637 3.3906386865789737
1102 13224 -0.9997481394648613 -0.6701013815275768 0.5960352745945531 0.9986757651404401 0.0014151212997787527 0.002531069401631401 0.006423283509273651 0.02584142274586733 0.032253972388882814 0.037121667511609974 0.05130686753930735 0.07486413415610593 0.08271031544782904 0.14325082135734182 0.15607168215653996 0.20979171892611093 0.24817397168625285 0.36467828583211515 0.48844812197877924 0.9560874264827905 2.2470421543874637 3.3906386865789737
1103 13236 -0.9997293086524082 -0.6629099453061189 0.5868944743006053 0.9985423532130767 0.0014151212997787527 0.002531069401631401 0.006423283509273651 0.02584142274586733 0.032253972388882814 0.037121667511609974 0.05130686753930735 0.07486413415610593 0.08271031544782904 0.14325082135734182 0.15607168215653996 0.20979171892611093 0.24817397168625285 0.36467828583211515 0.48844812197877924 0.9560874264827905 2.2470421543874637 3.3906386865789737
1104 13248 -0.9997265581764226 -0.6582018992394099 0.5845811528451079 0.9984918376317228 0.0014151212997787527 0.002531069401631401 0.006423283509273651 0.02584142274586733 0.032253972388882814 0.037121667511609974 0.05130686753930735 0.07486413415610593 0.08271031544782904 0.14325082135734182 0.15607168215653996 0.20979171892611093 0.24817397168625285 0.36467828583211515 0.48844812197877924 0.9560874264827905 2.2470421543874637 3.3906386865789737
1105 13260 -0.9997227822494241 -0.6448655054745094 0.5687433893208775 0.998503305459959 0.0014151212997787527 0.002531069401631401 0.006423283509273651 0.02584142274586733 0.032253972388882814 0.037121667511609974 0.05130686753930735 0.07486413415610593 0.08271031544782904 0.14325082135734182 0.15607168215653996 0.20979171892611093 0.24817397168625285 0.36467828583211515 0.48844812197877924 0.9560874264827905 2.2470421543874637 3.3906386865789737
1106 13272 -0.9997061784325795 -0.6379727390266112 0.5655922956074239 0.9984102311562209 0.0014151212997787527 0.002531069401631401 0.006423283509273651 0.02584142274586733 0.032253972388882814 0.037121667511609974 0.05130686753930735 0.07486413415610593 0.08271031544782904 0.14325082135734182 0.15607168215653996 0.20979171892611093 0.24817397168625285 0.36467828583211515 0.48844812197877924 0.9560874264827905 2.2470421543874637 3.3906386865789737
1107 13284 -0.999698111525512 -0.6395833045053249 0.5564906896038108 0.9983409573916339 0.0014151212997787527 0.002531069401631401 0.006423283509273651 0.02584142274586733 0.032253972388882814 0.037121667511609974 0.05130686753930735 0.07486413415610593 0.08271031544782904 0.14325082135734182 0.15607168215653996 0.20979171892611093 0.24817397168625285 0.36467828583211515 0.48844812197877924 0.9560874264827905 2.2470421543874637 3.3906386865789737
1108 13296 -0.9996895602124606 -0.635505301474813 0.552407938071349 0.9982872425727465 0.0014151212997787527 0.002531069401631401 0.006423283509273651 0.02584142274586733 0.032253972388882814 0.037121667511609974 0.05130686753930735 0.07486413415610593 0.08271031544782904 0.14325082135734182 0.15607168215653996 0.20979171892611093 0.24817397168625285 0.36467828583211515 0.48844812197877924 0.9560874264827905 2.2470421543874637 3.3906386865789737
1109 13308 -0.9996695150098863 -0.6393230644176398 0.563693419607185 0.9981625449346688 0.0014151212997787527 0.002531069401631401 0.006423283509273651 0.02584142274586733 0.032253972388882814 0.037121667511609974 0.05130686753930735 0.07486413415610593 0.08271031544782904 0.14325082135734182 0.15607168215653996 0.20979171892611093 0.24817397168625285 0.36467828583211515 0.48844812197877924 0.9560874264827905 2.2470421543874637 3.3906386865789737
1110 13320 -0.9996668686756359 -0.6302101806561968 0.5594704683215104 0.9981855463330457 0.0014151212997787527 0.002531069401631401 0.006423283509273651 0.02584142274586733 0.032253972388882814 0.037121667511609974 0.05130686753930735 0.07486413415610593 0.08271031544782904 0.14325082135734182 0.15607168215653996 0.20979171892611093 0.24817397168625285 0.36467828583211515 0.48844812197877924 0.9560874264827905 2.2470421543874637 3.3906386865789737
1111 13332 -0.9996379250647169 -0.6242981101096573 0.5561826703377115 0.9980200419140878 0.0014151212997787527 0.002531069401631401 0.006423283509273651 0.02584142274586733 0.032253972388882814 0.037121667511609974 0.05130686753930735 0.07486413415610593 0.08271031544782904 0.14325082135734182 0.15607168215653996 0.20979171892611093 0.24817397168625285 0.36467828583211515 0.48844812197877924 0.9560874264827905 2.2470421543874637 3.3906386865789737
1112 13344 -0.9996296764032622 -0.622508172182044 0.5540941002182177 0.997955762532648 0.0014151212997787527 0.002531069401631401 0.006423283509273651 0.02584142274586733 0.032253972388882814 0.037121667511609974 0.05130686753930735 0.07486413415610593 0.08271031544782904 0.14325082135734182 0.15607168215653996 0.20979171892611093 0.24817397168625285 0.36467828583211515 0.48844812197877924 0.9560874264827905 2.2470421543874637 3.3906386865789737
1113 13356 -0.9996255545356978 -0.6176245860051897 0.5477240913751663 0.9979222750742567 0.0014151212997787527 0.002531069401631401 0.006423283509273651 0.02584142274586733 0.032253972388882814 0.037121667511609974 0.05130686753930735 0.07486413415610593 0.08271031544782904 0.14325082135734182 0.15607168215653996 0.20979171892611093 0.24817397168625285 0.36467828583211515 0.48844812197877924 0.9560874264827905 2.2470421543874637 3.3906386865789737
1114 13368 -0.9996143268218837 -0.6118045091367863 0.5331555205704077 0.9978550693811522 0.0014151212997787527 0.002531069401631401 0.006423283509273651 0.02584142274586733 0.032253972388882814 0.037121667511609974 0.05130686753930735 0.07486413415610593 0.08271031544782904 0.14325082135734182 0.15607168215653996 0.20979171892611093 0.24817397168625285 0.36467828583211515 0.48844812197877924 0.9560874264827905 2.2470421543874637 3.3906386865789737
1115 13380 -0.9996135481675607 -0.6099341744000562 0.5327363777252606 0.9978266918707498 0.0014151212997787527 0.002531069401631401 0.006423283509273651 0.02584142274586733 0.032253972388882814 0.037121667511609974 0.05130686753930735 0.07486413415610593 0.08271031544782904 0.14325082135734182 0.15607168215653996 0.20979171892611093 0.24817397168625285 0.36467828583211515 0.48844812197877924 0.9560874264827905 2.2470421543874637 3.3906386865789737
1116 13392 -0.9996030873188558 -0.6160654683561211 0.5100010740691284 0.99779094061477 0.0014151212997787527 0.002531069401631401 0.006423283509273651 0.02584142274586733 0.032253972388882814 0.037121667511609974 0.05130686753930735 0.07486413415610593 0.08271031544782904 0.14325082135734182 0.15607168215653996 0.20979171892611093 0.24817397168625285 0.36467828583211515 0.48844812197877924 0.9560874264827905 2.2470421543874637 3.3906386865789737
1117 13404 -0.999591750648122 -0.6205653630156155 0.4911281361315987 0.9977678044014048 0.00165554476125829 0.0029419458051213997 0.007225892992650643 0.023111408079929605 0.029734513789140948 0.034106293892000414 0.05549829467735121 0.06983158762114301 0.07379219392946126 0.11834402096733869 0.12145816579081349 0.18703307784577933 0.2596180999418436 0.34011946202335674 0.4902685477182504 0.9764195606801038 2.5301336542749113 3.1846187818841813
1118 13416 -0.9995773536751883 -0.6110519295243204 0.5006126052454234 0.9976620096032817 0.00165554476125829 0.0029419458051213997 0.007225892992650643 0.023111408079929605 0.029734513789140948 0.034106293892000414 0.05549829467735121 0.06983158762114301 0.07379219392946126 0.11834402096733869 0.12145816579081349 0.18703307784577933 0.2596180999418436 0.34011946202335674 0.4902685477182504 0.9764195606801038 2.5301336542749113 3.1846187818841813
1119 13428 -0.9995703997282152 -0.6094993163230183 0.5003071133773569 0.997586731682523 0.00165554476125829 0.0029419458051213997 0.007225892992650643 0.023111408079929605 0.029734513789140948 0.034106293892000414 0.05549829467735121 0.06983158762114301 0.07379219392946126 0.11834402096733869 0.12145816579081349 0.18703307784577933 0.2596180999418436 0.34011946202335674 0.4902685477182504 0.9764195606801038 2.5301336542749113 3.1846187818841813
1120 13440 -0.9995542295870118 -0.6052971820268395 0.5062822420017885 0.9974970726416098 0.00165554476125829 0.0029419458051213997 0.007225892992650643 0.023111408079929605 0.029734513789140948 0.034106293892000414 0.05549829467735121 0.06983158762114301 0.07379219392946126 0.11834402096733869 0.12145816579081349 0.18703307784577933 0.2596180999418436 0.34011946202335674 0.4902685477182504 0.9764195606801038 2.5301336542749113 3.1846187818841813
1121 13452 -0.9995404997504715 -0.6064596165987208 0.5090434850435733 0.9974294426053695 0.00165554476125829 0.0029419458051213997 0.007225892992650643 0.023111408079929605 0.029734513789140948 0.034106293892000414 0.05549829467735121 0.06983158762114301 0.07379219392946126 0.11834402096733869 0.12145816579081349 0.18703307784577933 0.2596180999418436 0.34011946202335674 0.4902685477182504 0.9764195606801038 2.5301336542749113 3.1846187818841813
1122 13464 -0.9995143997480805 -0.6196035390679799 0.5134398108255025 0.9972723019446188 0.00165554476125829 0.0029419458051213997 0.007225892992650643 0.023111408079929605 0.029734513789140948 0.034106293892000414 0.05549829467735121 0.06983158762114301 0.07379219392946126 0.11834402096733869 0.12145816579081349 0.18703307784577933 0.2596180999418436 0.34011946202335674 0.4902685477182504 0.9764195606801038 2.5301336542749113 3.1846187818841813
1123 13476 -0.9995053138660932 -0.6171638566229704 0.5218835988614949 0.9972124350001382 0.00165554476125829 0.0029419458051213997 0.007225892992650643 0.023111408079929605 0.029734513789140948 0.034106293892000414 0.05549829467735121 0.06983158762114301 0.07379219392946126 0.11834402096733869 0.12145816579081349 0.18703307784577933 0.2596180999418436 0.34011946202335674 0.4902685477182504 0.9764195606801038 2.5301336542749113 3.1846187818841813
1124 13488 -0.9995027580829613 -0.616669981174002 0.5323596970462404 0.9972349021617917 0.00165554476125829 0.0029419458051213997 0.007225892992650643 0.023111408079929605 0.029734513789140948 0.034106293892000414 0.05549829467735121 0.06983158762114301 0.07379219392946126 0.11834402096733869 0.12145816579081349 0.18703307784577933 0.2596180999418436 0.34011946202335674 0.4902685477182504 0.9764195606801038 2.5301336542749113 3.1846187818841813
1125 13500 -0.999475226373172 -0.6321997287201617 0.5216623094606767 0.9970680141548004 0.00165554476125829 0.0029419458051213997 0.007225892992650643 0.023111408079929605 0.029734513789140948 0.034106293892000414 0.05549829467735121 0.06983158762114301 0.07379219392946126 0.11834402096733869 0.12145816579081349 0.18703307784577933 0.2596180999418436 0.34011946202335674 0.4902685477182504 0.9764195606801038 2.5301336542749113 3.1846187818841813
1126 13512 -0.9994654626525932 -0.6233484613001907 0.4974142693003986 0.9969990705575328 0.00165554476125829 0.0029419458051213997 0.007225892992650643 0.023111408079929605 0.029734513789140948 0.034106293892000414 0.05549829467735121 0.06983158762114301 0.07379219392946126 0.11834402096733869 0.12145816579081349 0.18703307784577933 0.2596180999418436 0.34011946202335674 0.4902685477182504 0.9764195606801038 2.5301336542749113 3.1846187818841813
1127 13524 -0.999432383986893 -0.6166212269610236 0.4941074039755641 0.9968159675943118 0.00165554476125829 0.0029419458051213997 0.007225892992650643 0.023111408079929605 0.029734513789140948 0.034106293892000414 0.05549829467735121 0.06983158762114301 0.07379219392946126 0.11834402096733869 0.12145816579081349 0.18703307784577933 0.2596180999418436 0.34011946202335674 0.4902685477182504 0.9764195606801038 2.5301336542749113 3.1846187818841813
1128 13536 -0.9993999884532125 -0.6244673913685335 0.48493416081643115 0.9966619625662255 0.00165554476125829 0.0029419458051213997 0.007225892992650643 0.023111408079929605 0.029734513789140948 0.034106293892000414 0.05549829467735121 0.06983158762114301 0.07379219392946126 0.11834402096733869 0.12145816579081349 0.18703307784577933 0.2596180999418436 0.34011946202335674 0.4902685477182504 0.9764195606801038 2.5301336542749113 3.1846187818841813
1129 13548 -0.9993339359801752 -0.6057357532971256 0.45175562189961166 0.9964758892723623 0.00165554476125829 0.0029419458051213997 0.007225892992650643 0.023111408079929605 0.029734513789140948 0.034106293892000414 0.05549829467735121 0.06983158762114301 0.07379219392946126 0.11834402096733869 0.12145816579081349 0.18703307784577933 0.2596180999418436 0.34011946202335674 0.4902685477182504 0.9764195606801038 2.5301336542749113 3.1846187818841813
1130 13560 -0.9992922532673028 -0.5870697549220143 0.4373388913671755 0.9962793607848163 0.00165554476125829 0.0029419458051213997 0.007225892992650643 0.023111408079929605 0.029734513789140948 0.034106293892000414 0.05549829467735121 0.06983158762114301 0.07379219392946126 0.11834402096733869 0.12145816579081349 0.18703307784577933 0.2596180999418436 0.34011946202335674 0.4902685477182504 0.9764195606801038 2.5301336542749113 3.1846187818841813
1131 13572 -0.9992811126656858 -0.5837300851126455 0.42801177319174344 0.9962110516527812 0.00165554476125829 0.0029419458051213997 0.007225892992650643 0.023111408079929605 0.029734513789140948 0.034106293892000414 0.05549829467735121 0.06983158762114301 0.07379219392946126 0.11834402096733869 0.12145816579081349 0.18703307784577933 0.2596180999418436 0.34011946202335674 0.4902685477182504 0.9764195606801038 2.5301336542749113 3.1846187818841813
1132 13584 -0.9992352441031856 -0.5757224943910079 0.427265580360041 0.9959732444221354 0.00165554476125829 0.0029419458051213997 0.007225892992650643 0.023111408079929605 0.029734513789140948 0.034106293892000414 0.05549829467735121 0.06983158762114301 0.07379219392946126 0.11834402096733869 0.12145816579081349 0.18703307784577933 0.2596180999418436 0.34011946202335674 0.4902685477182504 0.9764195606801038 2.5301336542749113 3.1846187818841813
1133 13596 -0.99917763295732 -0.5700351992771305 0.41619742000232535 0.9955983816584041 0.00165554476125829 0.0029419458051213997 0.007225892992650643 0.023111408079929605 0.029734513789140948 0.034106293892000414 0.05549829467735121 0.06983158762114301 0.07379219392946126 0.11834402096733869 0.12145816579081349 0.18703307784577933 0.2596180999418436 0.34011946202335674 0.4902685477182504 0.9764195606801038 2.5301336542749113 3.1846187818841813
1134 13608 -0.9991458357699774 -0.5591820419913385 0.39704256347444766 0.9954487230845099 0.00165554476125829 0.0029419458051213997 0.007225892992650643 0.023111408079929605 0.029734513789140948 0.034106293892000414 0.05549829467735121 0.06983158762114301 0.07379219392946126 0.11834402096733869 0.12145816579081349 0.18703307784577933 0.2596180999418436 0.34011946202335674 0.4902685477182504 0.9764195606801038 2.5301336542749113 3.1846187818841813
1135 13620 -0.9990901029356816 -0.5562323607414058 0.40618769807978217 0.9949950269329024 0.0019876254334829286 0.0033422404317951654 0.009136734638050478 0.01858954928042712 0.025352396059669137 0.03578394949837626 0.0533604151430675 0.05900328406831922 0.0764950251791429 0.09592235155471907 0.10434167713558655 0.15297405171300335 0.27455401155699016 0.3317569942960205 0.4966300659302563 0.989903005080236 2.661175107629388 3.0737791226296083
1136 13632 -0.9990020879237046 -0.56559288043765 0.39212701158433366 0.9943568752092401 0.0019876254334829286 0.0033422404317951654 0.009136734638050478 0.01858954928042712 0.025352396059669137 0.03578394949837626 0.0533604151430675 0.05900328406831922 0.0764950251791429 0.09592235155471907 0.10434167713558655 0.15297405171300335 0.27455401155699016 0.3317569942960205 0.4966300659302563 0.989903005080236 2.661175107629388 3.0737791226296083
1137 13644 -0.9989614038232388 -0.5636231360224147 0.39030509023729393 0.9939806781750444 0.0019876254334829286 0.0033422404317951654 0.009136734638050478 0.01858954928042712 0.025352396059669137 0.03578394949837626 0.0533604151430675 0.05900328406831922 0.0764950251791429 0.09592235155471907 0.10434167713558655 0.15297405171300335 0.27455401155699016 0.3317569942960205 0.4966300659302563 0.989903005080236 2.661175107629388 3.0737791226296083
1138 13656 -0.9989448532227713 -0.5611079129477562 0.3855330602329461 0.9939271497136596 0.0019876254334829286 0.0033422404317951654 0.009136734638050478 0.01858954928042712 0.025352396059669137 0.03578394949837626 0.0533604151430675 0.05900328406831922 0.0764950251791429 0.09592235155471907 0.10434167713558655 0.15297405171300335 0.27455401155699016 0.3317569942960205 0.4966300659302563 0.989903005080236 2.661175107629388 3.0737791226296083
1139 13668 -0.9989018345563214 -0.5679849944710297 0.38547332829977754 0.9934075136285807 0.0019876254334829286 0.0033422404317951654 0.009136734638050478 0.01858954928042712 0.025352396059669137 0.03578394949837626 0.0533604151430675 0.05900328406831922 0.0764950251791429 0.09592235155471907 0.10434167713558655 0.15297405171300335 0.27455401155699016 0.3317569942960205 0.4966300659302563 0.989903005080236 2.661175107629388 3.0737791226296083
1140 13680 -0.9988916634240819 -0.5681026471481317 0.3960760760256447 0.9932772477235328 0.0019876254334829286 0.0033422404317951654 0.009136734638050478 0.01858954928042712 0.025352396059669137 0.03578394949837626 0.0533604151430675 0.05900328406831922 0.0764950251791429 0.09592235155471907 0.10434167713558655 0.15297405171300335 0.27455401155699016 0.3317569942960205 0.4966300659302563 0.989903005080236 2.661175107629388 3.0737791226296083
1141 13692 -0.9988340419986089 -0.5798425655568789 0.39780515689676793 0.9930358084813135 0.0019876254334829286 0.0033422404317951654 0.009136734638050478 0.01858954928042712 0.025352396059669137 0.03578394949837626 0.0533604151430675 0.05900328406831922 0.0764950251791429 0.09592235155471907 0.10434167713558655 0.15297405171300335 0.27455401155699016 0.3317569942960205 0.4966300659302563 0.989903005080236 2.661175107629388 3.0737791226296083
1142 13704 -0.9988457888092348 -0.5847206642581134 0.41092056971534 0.9931660362745743 0.0019876254334829286 0.0033422404317951654 0.009136734638050478 0.01858954928042712 0.025352396059669137 0.03578394949837626 0.0533604151430675 0.05900328406831922 0.0764950251791429 0.09592235155471907 0.10434167713558655 0.15297405171300335 0.27455401155699016 0.3317569942960205 0.4966300659302563 0.989903005080236 2.661175107629388 3.0737791226296083
1143 13716 -0.9988053832176539 -0.5978155897508901 0.4170693275873262 0.9930438771075812 0.0019876254334829286 0.0033422404317951654 0.009136734638050478 0.01858954928042712 0.025352396059669137 0.03578394949837626 0.0533604151430675 0.05900328406831922 0.0764950251791429 0.09592235155471907 0.10434167713558655 0.15297405171300335 0.27455401155699016 0.3317569942960205 0.4966300659302563 0.989903005080236 2.661175107629388 3.0737791226296083
1144 13728 -0.9987609632383322 -0.607874859807327 0.43141461673826986 0.9929387273644852 0.0019876254334829286 0.0033422404317951654 0.009136734638050478 0.01858954928042712 0.025352396059669137 0.03578394949837626 0.0533604151430675 0.05900328406831922 0.0764950251791429 0.09592235155471907 0.10434167713558655 0.15297405171300335 0.27455401155699016 0.3317569942960205 0.4966300659302563 0.989903005080236 2.661175107629388 3.0737791226296083
1145 13740 -0.9987792132168382 -0.6041308041422373 0.4401516789385511 0.9929671512270691 0.0019876254334829286 0.0033422404317951654 0.009136734638050478 0.01858954928042712 0.025352396059669137 0.03578394949837626 0.0533604151430675 0.05900328406831922 0.0764950251791429 0.09592235155471907 0.10434167713558655 0.15297405171300335 0.27455401155699016 0.3317569942960205 0.4966300659302563 0.989903005080236 2.661175107629388 3.0737791226296083
1146 13752 -0.9987498994647702 -0.6100322258068767 0.4388876225372176 0.9928113234592774 0.0019876254334829286 0.0033422404317951654 0.009136734638050478 0.01858954928042712 0.025352396059669137 0.03578394949837626 0.0533604151430675 0.05900328406831922 0.0764950251791429 0.09592235155471907 0.10434167713558655 0.15297405171300335 0.27455401155699016 0.3317569942960205 0.4966300659302563 0.989903005080236 2.661175107629388 3.0737791226296083
1147 13764 -0.9987702281742494 -0.5950095918378729 0.42711511666544 0.9925989703158558 0.0019876254334829286 0.0033422404317951654 0.009136734638050478 0.01858954928042712 0.025352396059669137 0.03578394949837626 0.0533604151430675 0.05900328406831922 0.0764950251791429 0.09592235155471907 0.10434167713558655 0.15297405171300335 0.27455401155699016 0.3317569942960205 0.4966300659302563 0.989903005080236 2.661175107629388 3.0737791226296083
1148 13776 -0.998727787884255 -0.6006160201096826 0.41482963564720365 0.9922216448203284 0.0019876254334829286 0.0033422404317951654 0.009136734638050478 0.01858954928042712 0.025352396059669137 0.03578394949837626 0.0533604151430675 0.05900328406831922 0.0764950251791429 0.09592235155471907 0.10434167713558655 0.15297405171300335 0.27455401155699016 0.3317569942960205 0.4966300659302563 0.989903005080236 2.661175107629388 3.0737791226296083
1149 13788 -0.9986934220953377 -0.6028952755959539 0.4149425717626134 0.9920456110149146 0.0019876254334829286 0.0033422404317951654 0.009136734638050478 0.01858954928042712 0.025352396059669137 0.03578394949837626 0.0533604151430675 0.05900328406831922 0.0764950251791429 0.09592235155471907 0.10434167713558655 0.15297405171300335 0.27455401155699016 0.3317569942960205 0.4966300659302563 0.989903005080236 2.661175107629388 3.0737791226296083
1150 13800 -0.9986985983441105 -0.5987756399322577 0.4334086381442478 0.9917909067991831 0.0019876254334829286 0.0033422404317951654 0.009136734638050478 0.01858954928042712 0.025352396059669137 0.03578394949837626 0.0533604151430675 0.05900328406831922 0.0764950251791429 0.09592235155471907 0.10434167713558655 0.15297405171300335 0.27455401155699016 0.3317569942960205 0.4966300659302563 0.989903005080236 2.661175107629388 3.0737791226296083
1151 13812 -0.9986122722469547 -0.5993564402996335 0.41772368205658217 0.9916711279346117 0.0019876254334829286 0.0033422404317951654 0.009136734638050478 0.01858954928042712 0.025352396059669137 0.03578394949837626 0.0533604151430675 0.05900328406831922 0.0764950251791429 0.09592235155471907 0.10434167713558655 0.15297405171300335 0.27455401155699016 0.3317569942960205 0.4966300659302563 0.989903005080236 2.661175107629388 3.0737791226296083
1152 13824 -0.9985760919137718 -0.6013401249897267 0.41527849849684145 0.9916757608716805 0.0019876254334829286 0.0033422404317951654 0.009136734638050478 0.01858954928042712 0.025352396059669137 0.03578394949837626 0.0533604151430675 0.05900328406831922 0.0764950251791429 0.09592235155471907 0.10434167713558655 0.15297405171300335 0.27455401155699016 0.3317569942960205 0.4966300659302563 0.989903005080236 2.661175107629388 3.0737791226296083
1153 13836 -0.9985150022679721 -0.593468671802181 0.4092708283529309 0.9915044773149875 0.0023288612723005066 0.004085206837304537 0.010590653893963015 0.017816083455825638 0.02430633404844869 0.04061878006832239 0.05434746719065059 0.060000420189488306 0.08441429086811965 0.09208237527077964 0.10330050550128558 0.1691070520848521 0.3159850048877533 0.3689148709279597 0.5187267417099583 0.9848138694497194 2.62009228881307 3.097759950167166
1154 13848 -0.9984782880109605 -0.5854161234227824 0.39654939759932734 0.9915328350836774 0.0023288612723005066 0.004085206837304537 0.010590653893963015 0.017816083455825638 0.02430633404844869 0.04061878006832239 0.05434746719065059 0.060000420189488306 0.08441429086811965 0.09208237527077964 0.10330050550128558 0.1691070520848521 0.3159850048877533 0.3689148709279597 0.5187267417099583 0.9848138694497194 2.62009228881307 3.097759950167166
1155 13860 -0.9984958800046979 -0.5879926434256034 0.404138658358418 0.991249991341044 0.0023288612723005066 0.004085206837304537 0.010590653893963015 0.017816083455825638 0.02430633404844869 0.04061878006832239 0.05434746719065059 0.060000420189488306 0.08441429086811965 0.09208237527077964 0.10330050550128558 0.1691070520848521 0.3159850048877533 0.3689148709279597 0.5187267417099583 0.9848138694497194 2.62009228881307 3.097759950167166
1156 13872 -0.9984234811386056 -0.5696290384226336 0.3846418581178685 0.9908222599574039 0.0023288612723005066 0.004085206837304537 0.010590653893963015 0.017816083455825638 0.02430633404844869 0.04061878006832239 0.05434746719065059 0.060000420189488306 0.08441429086811965 0.09208237527077964 0.10330050550128558 0.1691070520848521 0.3159850048877533 0.3689148709279597 0.5187267417099583 0.9848138694497194 2.62009228881307 3.097759950167166
1157 13884 -0.9983823381404348 -0.5661525849671853 0.39079331109909055 0.9906400906120769 0.0023288612723005066 0.004085206837304537 0.010590653893963015 0.017816083455825638 0.02430633404844869 0.04061878006832239 0.05434746719065059 0.060000420189488306 0.08441429086811965 0.09208237527077964 0.10330050550128558 0.1691070520848521 0.3159850048877533 0.3689148709279597 0.5187267417099583 0.9848138694497194 2.62009228881307 3.097759950167166
1158 13896 -0.9983626761348505 -0.5628841737195064 0.3885936060823501 0.9904437696107218 0.0023288612723005066 0.004085206837304537 0.010590653893963015 0.017816083455825638 0.02430633404844869 0.04061878006832239 0.05434746719065059 0.060000420189488306 0.08441429086811965 0.09208237527077964 0.10330050550128558 0.1691070520848521 0.3159850048877533 0.3689148709279597 0.5187267417099583 0.9848138694497194 2.62009228881307 3.097759950167166
1159 13908 -0.9983178771373691 -0.5653107385355159 0.37756573309667496 0.9900990941854854 0.0023288612723005066 0.004085206837304537 0.010590653893963015 0.017816083455825638 0.02430633404844869 0.04061878006832239 0.05434746719065059 0.060000420189488306 0.08441429086811965 0.09208237527077964 0.10330050550128558 0.1691070520848521 0.3159850048877533 0.3689148709279597 0.5187267417099583 0.9848138694497194 2.62009228881307 3.097759950167166
1160 13920 -0.998299666650814 -0.5611920764634407 0.385753414219951 0.9899562187230894 0.0023288612723005066 0.004085206837304537 0.010590653893963015 0.017816083455825638 0.02430633404844869 0.04061878006832239 0.05434746719065059 0.060000420189488306 0.08441429086811965 0.09208237527077964 0.10330050550128558 0.1691070520848521 0.3159850048877533 0.3689148709279597 0.5187267417099583 0.9848138694497194 2.62009228881307 3.097759950167166
1161 13932 -0.9982633417729102 -0.5564913381730658 0.3985701064648581 0.9900629361076574 0.0023288612723005066 0.004085206837304537 0.010590653893963015 0.017816083455825638 0.02430633404844869 0.04061878006832239 0.05434746719065059 0.060000420189488306 0.08441429086811965 0.09208237527077964 0.10330050550128558 0.1691070520848521 0.3159850048877533 0.3689148709279597 0.5187267417099583 0.9848138694497194 2.62009228881307 3.097759950167166
1162 13944 -0.9982516874479785 -0.5551966497701954 0.3994601360622123 0.9902451396392483 0.0023288612723005066 0.004085206837304537 0.010590653893963015 0.017816083455825638 0.02430633404844869 0.04061878006832239 0.05434746719065059 0.060000420189488306 0.08441429086811965 0.09208237527077964 0.10330050550128558 0.1691070520848521 0.3159850048877533 0.3689148709279597 0.5187267417099583 0.9848138694497194 2.62009228881307 3.097759950167166
1163 13956 -0.9982231124924399 -0.5536322021718428 0.40050714359885886 0.9903505351205065 0.0023288612723005066 0.004085206837304537 0.010590653893963015 0.017816083455825638 0.02430633404844869 0.04061878006832239 0.05434746719065059 0.060000420189488306 0.08441429086811965 0.09208237527077964 0.10330050550128558 0.1691070520848521 0.3159850048877533 0.3689148709279597 0.5187267417099583 0.9848138694497194 2.62009228881307 3.097759950167166
1164 13968 -0.9982013570091177 -0.5527759844685042 0.40014144000948404 0.9903115271547228 0.0023288612723005066 0.004085206837304537 0.010590653893963015 0.017816083455825638 0.02430633404844869 0.04061878006832239 0.05434746719065059 0.060000420189488306 0.08441429086811965 0.09208237527077964 0.10330050550128558 0.1691070520848521 0.3159850048877533 0.3689148709279597 0.5187267417099583 0.9848138694497194 2.62009228881307 3.097759950167166
1165 13980 -0.9982362051901934 -0.5512331793808489 0.40343593516145465 0.9905454624633195 0.0023288612723005066 0.004085206837304537 0.010590653893963015 0.017816083455825638 0.02430633404844869 0.04061878006832239 0.05434746719065059 0.060000420189488306 0.08441429086811965 0.09208237527077964 0.10330050550128558 0.1691070520848521 0.3159850048877533 0.3689148709279597 0.5187267417099583 0.9848138694497194 2.62009228881307 3.097759950167166
1166 13992 -0.9981796961384211 -0.5606983328665929 0.38533503677423003 0.9902834385880626 0.0023288612723005066 0.004085206837304537 0.010590653893963015 0.017816083455825638 0.02430633404844869 0.04061878006832239 0.05434746719065059 0.060000420189488306 0.08441429086811965 0.09208237527077964 0.10330050550128558 0.1691070520848521 0.3159850048877533 0.3689148709279597 0.5187267417099583 0.9848138694497194 2.62009228881307 3.097759950167166
1167 14004 -0.9981411553556968 -0.5604771633429885 0.386743908693061 0.9901897425012973 0.0023288612723005066 0.004085206837304537 0.010590653893963015 0.017816083455825638 0.02430633404844869 0.04061878006832239 0.05434746719065059 0.060000420189488306 0.08441429086811965 0.09208237527077964 0.10330050550128558 0.1691070520848521 0.3159850048877533 0.3689148709279597 0.5187267417099583 0.9848138694497194 2.62009228881307 3.097759950167166
1168 14016 -0.9981471531512088 -0.5606592366217943 0.3858989398857007 0.9899320966290843 0.0023288612723005066 0.004085206837304537 0.010590653893963015 0.017816083455825638 0.02430633404844869 0.04061878006832239 0.05434746719065059 0.060000420189488306 0.08441429086811965 0.09208237527077964 0.10330050550128558 0.1691070520848521 0.3159850048877533 0.3689148709279597 0.5187267417099583 0.9848138694497194 2.62009228881307 3.097759950167166
1169 14028 -0.998105330182791 -0.5629091912332226 0.3812135906281292 0.9897483792137183 0.0023288612723005066 0.004085206837304537 0.010590653893963015 0.017816083455825638 0.02430633404844869 0.04061878006832239 0.05434746719065059 0.060000420189488306 0.08441429086811965 0.09208237527077964 0.10330050550128558 0.1691070520848521 0.3159850048877533 0.3689148709279597 0.5187267417099583 0.9848138694497194 2.62009228881307 3.097759950167166
1170 14040 -0.9980638883938876 -0.5632014478041367 0.38798467371848105 0.9892225210949572 0.0023288612723005066 0.004085206837304537 0.010590653893963015 0.017816083455825638 0.02430633404844869 0.04061878006832239 0.05434746719065059 0.060000420189488306 0.08441429086811965 0.09208237527077964 0.10330050550128558 0.1691070520848521 0.3159850048877533 0.3689148709279597 0.5187267417099583 0.9848138694497194 2.62009228881307 3.097759950167166
1171 14052 -0.9980847428235866 -0.5602243126538187 0.38215423731438936 0.989819455903123 0.002729248872362054 0.005201037490479394 0.012660628848987946 0.020073637648535664 0.027334277784317424 0.04532298386316797 0.057735746817863934 0.06682850087696854 0.09219184792175004 0.10233165659243536 0.10795222770435098 0.18646807341054045 0.36453072118179763 0.43106185029247035 0.569376970607833 0.9886282674580699 2.6261157371348993 3.0670261672444
1172 14064 -0.9980336678123531 -0.5605497348453076 0.3855602038999912 0.9896897096019089 0.002729248872362054 0.005201037490479394 0.012660628848987946 0.020073637648535664 0.027334277784317424 0.04532298386316797 0.057735746817863934 0.06682850087696854 0.09219184792175004 0.10233165659243536 0.10795222770435098 0.18646807341054045 0.36453072118179763 0.43106185029247035 0.569376970607833 0.9886282674580699 2.6261157371348993 3.0670261672444
1173 14076 -0.9979847793044635 -0.5585132095253273 0.39022919925890737 0.9893854350562491 0.002729248872362054 0.005201037490479394 0.012660628848987946 0.020073637648535664 0.027334277784317424 0.04532298386316797 0.057735746817863934 0.06682850087696854 0.09219184792175004 0.10233165659243536 0.10795222770435098 0.18646807341054045 0.36453072118179763 0.43106185029247035 0.569376970607833 0.9886282674580699 2.6261157371348993 3.0670261672444
1174 14088 -0.99799944292093 -0.5624519714959219 0.3923388030650642 0.9892122563689254 0.002729248872362054 0.005201037490479394 0.012660628848987946 0.020073637648535664 0.027334277784317424 0.04532298386316797 0.057735746817863934 0.06682850087696854 0.09219184792175004 0.10233165659243536 0.10795222770435098 0.18646807341054045 0.36453072118179763 0.43106185029247035 0.569376970607833 0.9886282674580699 2.6261157371348993 3.0670261672444
1175 14100 -0.9980050645358544 -0.563819046034563 0.39032002597056337 0.989221294829049 0.002729248872362054 0.005201037490479394 0.012660628848987946 0.020073637648535664 0.027334277784317424 0.04532298386316797 0.057735746817863934 0.06682850087696854 0.09219184792175004 0.10233165659243536 0.10795222770435098 0.18646807341054045 0.36453072118179763 0.43106185029247035 0.569376970607833 0.9886282674580699 2.6261157371348993 3.0670261672444
1176 14112 -0.9980405120270841 -0.5676821912793923 0.3910451045387839 0.9892777574034707 0.002729248872362054 0.005201037490479394 0.012660628848987946 0.020073637648535664 0.027334277784317424 0.04532298386316797 0.057735746817863934 0.06682850087696854 0.09219184792175004 0.10233165659243536 0.10795222770435098 0.18646807341054045 0.36453072118179763 0.43106185029247035 0.569376970607833 0.9886282674580699 2.6261157371348993 3.0670261672444
1177 14124 -0.9979707313990172 -0.5651481886603724 0.39425262653574983 0.9890957361622119 0.002729248872362054 0.005201037490479394 0.012660628848987946 0.020073637648535664 0.027334277784317424 0.04532298386316797 0.057735746817863934 0.06682850087696854 0.09219184792175004 0.10233165659243536 0.10795222770435098 0.18646807341054045 0.36453072118179763 0.43106185029247035 0.569376970607833 0.9886282674580699 2.6261157371348993 3.0670261672444
1178 14136 -0.9978790988722197 -0.5605467665391815 0.39679165336790634 0.9886799008493194 0.002729248872362054 0.005201037490479394 0.012660628848987946 0.020073637648535664 0.027334277784317424 0.04532298386316797 0.057735746817863934 0.06682850087696854 0.09219184792175004 0.10233165659243536 0.10795222770435098 0.18646807341054045 0.36453072118179763 0.43106185029247035 0.569376970607833 0.9886282674580699 2.6261157371348993 3.0670261672444
1179 14148 -0.9978371034101464 -0.555568019366115 0.39377677143893924 0.9884167862134151 0.002729248872362054 0.005201037490479394 0.012660628848987946 0.020073637648535664 0.027334277784317424 0.04532298386316797 0.057735746817863934 0.06682850087696854 0.09219184792175004 0.10233165659243536 0.10795222770435098 0.18646807341054045 0.36453072118179763 0.43106185029247035 0.569376970607833 0.9886282674580699 2.6261157371348993 3.0670261672444
1180 14160 -0.9977661088918337 -0.5500643504459357 0.3823179056253356 0.9885434563079438 0.002729248872362054 0.005201037490479394 0.012660628848987946 0.020073637648535664 0.027334277784317424 0.04532298386316797 0.057735746817863934 0.06682850087696854 0.09219184792175004 0.10233165659243536 0.10795222770435098 0.18646807341054045 0.36453072118179763 0.43106185029247035 0.569376970607833 0.9886282674580699 2.6261157371348993 3.0670261672444
1181 14172 -0.997767819636487 -0.5443729280445511 0.3910209683258926 0.988748468258229 0.002729248872362054 0.005201037490479394 0.012660628848987946 0.020073637648535664 0.027334277784317424 0.04532298386316797 0.057735746817863934 0.06682850087696854 0.09219184792175004 0.10233165659243536 0.10795222770435098 0.18646807341054045 0.36453072118179763 0.43106185029247035 0.569376970607833 0.9886282674580699 2.6261157371348993 3.0670261672444
1182 14184 -0.9977698304139989 -0.5373427567224763 0.3923144601135062 0.9890140657513758 0.002729248872362054 0.005201037490479394 0.012660628848987946 0.020073637648535664 0.027334277784317424 0.04532298386316797 0.057735746817863934 0.06682850087696854 0.09219184792175004 0.10233165659243536 0.10795222770435098 0.18646807341054045 0.36453072118179763 0.43106185029247035 0.569376970607833 0.9886282674580699 2.6261157371348993 3.0670261672444
1183 14196 -0.9977179537061898 -0.5347884438698175 0.3924051301769242 0.9890959087521047 0.002729248872362054 0.005201037490479394 0.012660628848987946 0.020073637648535664 0.027334277784317424 0.04532298386316797 0.057735746817863934 0.06682850087696854 0.09219184792175004 0.10233165659243536 0.10795222770435098 0.18646807341054045 0.36453072118179763 0.43106185029247035 0.569376970607833 0.9886282674580699 2.6261157371348993 3.0670261672444
1184 14208 -0.9977446193383218 -0.5322854155975147 0.3927092609864975 0.988960413064066 0.002729248872362054 0.005201037490479394 0.012660628848987946 0.020073637648535664 0.027334277784317424 0.04532298386316797 0.057735746817863934 0.06682850087696854 0.09219184792175004 0.10233165659243536 0.10795222770435098 0.18646807341054045 0.36453072118179763 0.43106185029247035 0.569376970607833 0.9886282674580699 2.6261157371348993 3.0670261672444
1185 14220 -0.997722758632791 -0.5396429053548417 0.38746859559187874 0.9888755812255087 0.002729248872362054 0.005201037490479394 0.012660628848987946 0.020073637648535664 0.027334277784317424 0.04532298386316797 0.057735746817863934 0.06682850087696854 0.09219184792175004 0.10233165659243536 0.10795222770435098 0.18646807341054045 0.36453072118179763 0.43106185029247035 0.569376970607833 0.9886282674580699 2.6261157371348993 3.0670261672444
1186 14232 -0.9977196327388599 -0.5342816229819305 0.37703690037012116 0.988559031656687 0.002729248872362054 0.005201037490479394 0.012660628848987946 0.020073637648535664 0.027334277784317424 0.04532298386316797 0.057735746817863934 0.06682850087696854 0.09219184792175004 0.10233165659243536 0.10795222770435098 0.18646807341054045 0.36453072118179763 0.43106185029247035 0.569376970607833 0.9886282674580699 2.6261157371348993 3.0670261672444
1187 14244 -0.997720725730702 -0.5381611100252126 0.3805118733365881 0.988249992476903 0.002729248872362054 0.005201037490479394 0.012660628848987946 0.020073637648535664 0.027334277784317424 0.04532298386316797 0.057735746817863934 0.06682850087696854 0.09219184792175004 0.10233165659243536 0.10795222770435098 0.18646807341054045 0.36453072118179763 0.43106185029247035 0.569376970607833 0.9886282674580699 2.6261157371348993 3.0670261672444
1188 14256 -0.997700147264983 -0.5343135331988323 0.3877344775564786 0.9885355849170434 0.002729248872362054 0.005201037490479394 0.012660628848987946 0.020073637648535664 0.027334277784317424 0.04532298386316797 0.057735746817863934 0.06682850087696854 0.09219184792175004 0.10233165659243536 0.10795222770435098 0.18646807341054045 0.36453072118179763 0.43106185029247035 0.569376970607833 0.9886282674580699 2.6261157371348993 3.0670261672444
1189 14268 -0.9976521926768043 -0.5371939516342961 0.3869538520137497 0.9886967794177132 0.003243086204764926 0.006357577247612241 0.016226070076609863 0.02450683459970603 0.031121173656949035 0.05638177603300096 0.06348273991930606 0.07063841072613053 0.10082917506402138 0.12084065160980816 0.12590661753121501 0.19964093825453152 0.3971245886143464 0.47037256714088677 0.653543532830403 1.011816059093387 2.5717830699247064 3.0759588123654096
1190 14280 -0.9975411645585903 -0.5387523158631946 0.3705468188041117 0.9884824521208573 0.003243086204764926 0.006357577247612241 0.016226070076609863 0.02450683459970603 0.031121173656949035 0.05638177603300096 0.06348273991930606 0.07063841072613053 0.10082917506402138 0.12084065160980816 0.12590661753121501 0.19964093825453152 0.3971245886143464 0.47037256714088677 0.653543532830403 1.011816059093387 2.5717830699247064 3.0759588123654096
1191 14292 -0.9974454512576412 -0.5465733608078739 0.36940102917025713 0.9886967867847543 0.003243086204764926 0.006357577247612241 0.016226070076609863 0.02450683459970603 0.031121173656949035 0.05638177603300096 0.06348273991930606 0.07063841072613053 0.10082917506402138 0.12084065160980816 0.12590661753121501 0.19964093825453152 0.3971245886143464 0.47037256714088677 0.653543532830403 1.011816059093387 2.5717830699247064 3.0759588123654096
1192 14304 -0.997409899144873 -0.5487829943340803 0.3700679549536535 0.9884329128353 0.003243086204764926 0.006357577247612241 0.016226070076609863 0.02450683459970603 0.031121173656949035 0.05638177603300096 0.06348273991930606 0.07063841072613053 0.10082917506402138 0.12084065160980816 0.12590661753121501 0.19964093825453152 0.3971245886143464 0.47037256714088677 0.653543532830403 1.011816059093387 2.5717830699247064 3.0759588123654096
1193 14316 -0.9973476346392185 -0.5468139733901654 0.3725669188796163 0.9883985712712913 0.003243086204764926 0.006357577247612241 0.016226070076609863 0.02450683459970603 0.031121173656949035 0.05638177603300096 0.06348273991930606 0.07063841072613053 0.10082917506402138 0.12084065160980816 0.12590661753121501 0.19964093825453152 0.3971245886143464 0.47037256714088677 0.653543532830403 1.011816059093387 2.5717830699247064 3.0759588123654096
1194 14328 -0.9972527224324195 -0.5490857366459251 0.36145698574178176 0.9887801777545218 0.003243086204764926 0.006357577247612241 0.016226070076609863 0.02450683459970603 0.031121173656949035 0.05638177603300096 0.06348273991930606 0.07063841072613053 0.10082917506402138 0.12084065160980816 0.12590661753121501 0.19964093825453152 0.3971245886143464 0.47037256714088677 0.653543532830403 1.011816059093387 2.5717830699247064 3.0759588123654096
1195 14340 -0.9972137632848179 -0.5511849614234134 0.35661397789594484 0.9887168641846205 0.003243086204764926 0.006357577247612241 0.016226070076609863 0.02450683459970603 0.031121173656949035 0.05638177603300096 0.06348273991930606 0.07063841072613053 0.10082917506402138 0.12084065160980816 0.12590661753121501 0.19964093825453152 0.3971245886143464 0.47037256714088677 0.653543532830403 1.011816059093387 2.5717830699247064 3.0759588123654096
1196 14352 -0.9971296091513328 -0.5515682582290811 0.3497959435195939 0.9883103172347072 0.003243086204764926 0.006357577247612241 0.016226070076609863 0.02450683459970603 0.031121173656949035 0.05638177603300096 0.06348273991930606 0.07063841072613053 0.10082917506402138 0.12084065160980816 0.12590661753121501 0.19964093825453152 0.3971245886143464 0.47037256714088677 0.653543532830403 1.011816059093387 2.5717830699247064 3.0759588123654096
1197 14364 -0.997089269946088 -0.5525188560271748 0.34559829953782956 0.988229389419118 0.003243086204764926 0.006357577247612241 0.016226070076609863 0.02450683459970603 0.031121173656949035 0.05638177603300096 0.06348273991930606 0.07063841072613053 0.10082917506402138 0.12084065160980816 0.12590661753121501 0.19964093825453152 0.3971245886143464 0.47037256714088677 0.653543532830403 1.011816059093387 2.5717830699247064 3.0759588123654096
1198 14376 -0.9971183262859823 -0.5531880449441928 0.34385174833293786 0.9880094873012093 0.003243086204764926 0.006357577247612241 0.016226070076609863 0.02450683459970603 0.031121173656949035 0.05638177603300096 0.06348273991930606 0.07063841072613053 0.10082917506402138 0.12084065160980816 0.12590661753121501 0.19964093825453152 0.3971245886143464 0.47037256714088677 0.653543532830403 1.011816059093387 2.5717830699247064 3.0759588123654096
1199 14388 -0.9970037906036858 -0.5605971582789917 0.3530367847276278 0.9881106676152441 0.003243086204764926 0.006357577247612241 0.016226070076609863 0.02450683459970603 0.031121173656949035 0.05638177603300096 0.06348273991930606 0.07063841072613053 0.10082917506402138 0.12084065160980816 0.12590661753121501 0.19964093825453152 0.3971245886143464 0.47037256714088677 0.653543532830403 1.011816059093387 2.5717830699247064 3.0759588123654096
1200 14400 -0.9970018142980667 -0.5548598248037151 0.35054424110684684 0.9879409689095846 0.003243086204764926 0.006357577247612241 0.016226070076609863 0.02450683459970603 0.031121173656949035 0.05638177603300096 0.06348273991930606 0.07063841072613053 0.10082917506402138 0.12084065160980816 0.12590661753121501 0.19964093825453152 0.3971245886143464 0.47037256714088677 0.653543532830403 1.011816059093387 2.5717830699247064 3.0759588123654096
1201 14412 -0.9970803150926274 -0.5488720723075418 0.3541465700717039 0.987562948574418 0.003243086204764926 0.006357577247612241 0.016226070076609863 0.02450683459970603 0.031121173656949035 0.05638177603300096 0.06348273991930606 0.07063841072613053 0.10082917506402138 0.12084065160980816 0.12590661753121501 0.19964093825453152 0.3971245886143464 0.47037256714088677 0.653543532830403 1.011816059093387 2.5717830699247064 3.0759588123654096
1202 14424 -0.9970576653008189 -0.5531541249436147 0.35284356075058415 0.9874461413797159 0.003243086204764926 0.006357577247612241 0.016226070076609863 0.02450683459970603 0.031121173656949035 0.05638177603300096 0.06348273991930606 0.07063841072613053 0.10082917506402138 0.12084065160980816 0.12590661753121501 0.19964093825453152 0.3971245886143464 0.47037256714088677 0.653543532830403 1.011816059093387 2.5717830699247064 3.0759588123654096
1203 14436 -0.9969796687898207 -0.5555090345824931 0.34831130678509864 0.9876000314251371 0.003243086204764926 0.006357577247612241 0.016226070076609863 0.02450683459970603 0.031121173656949035 0.05638177603300096 0.06348273991930606 0.07063841072613053 0.10082917506402138 0.12084065160980816 0.12590661753121501 0.19964093825453152 0.3971245886143464 0.47037256714088677 0.653543532830403 1.011816059093387 2.5717830699247064 3.0759588123654096
1204 14448 -0.9969671131651324 -0.559157103645682 0.34700403689104947 0.9875019325248149 0.003243086204764926 0.006357577247612241 0.016226070076609863 0.02450683459970603 0.031121173656949035 0.05638177603300096 0.06348273991930606 0.07063841072613053 0.10082917506402138 0.12084065160980816 0.12590661753121501 0.19964093825453152 0.3971245886143464 0.47037256714088677 0.653543532830403 1.011816059093387 2.5717830699247064 3.0759588123654096
1205 14460 -0.9969604450394546 -0.5578596783652362 0.35765369777528877 0.9876245462676881 0.003243086204764926 0.006357577247612241 0.016226070076609863 0.02450683459970603 0.031121173656949035 0.05638177603300096 0.06348273991930606 0.07063841072613053 0.10082917506402138 0.12084065160980816 0.12590661753121501 0.19964093825453152 0.3971245886143464 0.47037256714088677 0.653543532830403 1.011816059093387 2.5717830699247064 3.0759588123654096
1206 14472 -0.9969445321264331 -0.5575432094356143 0.3523013465243666 0.9875409016177961 0.003243086204764926 0.006357577247612241 0.016226070076609863 0.02450683459970603 0.031121173656949035 0.05638177603300096 0.06348273991930606 0.07063841072613053 0.10082917506402138 0.12084065160980816 0.12590661753121501 0.19964093825453152 0.3971245886143464 0.47037256714088677 0.653543532830403 1.011816059093387 2.5717830699247064 3.0759588123654096
1207 14484 -0.9969459940881558 -0.5634323338422124 0.346557018634047 0.9873746202562322 0.0037862165531674335 0.00680665089015676 0.020617494775052862 0.025398849812322096 0.03675546050517756 0.06634356444128546 0.07456283207567017 0.08165228601400486 0.11250151705728852 0.12962202775823656 0.14604961541653094 0.2266751814112487 0.46034169314448525 0.5405228579181162 0.7297443662552456 1.0319384231502498 2.5600118749614196 3.0370306936575306
1208 14496 -0.9969972635614065 -0.5659742241357653 0.34736404921532066 0.9871616378255336 0.0037862165531674335 0.00680665089015676 0.020617494775052862 0.025398849812322096 0.03675546050517756 0.06634356444128546 0.07456283207567017 0.08165228601400486 0.11250151705728852 0.12962202775823656 0.14604961541653094 0.2266751814112487 0.46034169314448525 0.5405228579181162 0.7297443662552456 1.0319384231502498 2.5600118749614196 3.0370306936575306
1209 14508 -0.9970489288679047 -0.5654608016546234 0.3480396987718983 0.987009667683096 0.0037862165531674335 0.00680665089015676 0.020617494775052862 0.025398849812322096 0.03675546050517756 0.06634356444128546 0.07456283207567017 0.08165228601400486 0.11250151705728852 0.12962202775823656 0.14604961541653094 0.2266751814112487 0.46034169314448525 0.5405228579181162 0.7297443662552456 1.0319384231502498 2.5600118749614196 3.0370306936575306
1210 14520 -0.9971440072189657 -0.5622467857291661 0.3431396799689122 0.9865717321190316 0.0037862165531674335 0.00680665089015676 0.020617494775052862 0.025398849812322096 0.03675546050517756 0.06634356444128546 0.07456283207567017 0.08165228601400486 0.11250151705728852 0.12962202775823656 0.14604961541653094 0.2266751814112487 0.46034169314448525 0.5405228579181162 0.7297443662552456 1.0319384231502498 2.5600118749614196 3.0370306936575306
1211 14532 -0.9970446049364095 -0.567690272547674 0.34796623454334197 0.986462804168341 0.0037862165531674335 0.00680665089015676 0.020617494775052862 0.025398849812322096 0.03675546050517756 0.06634356444128546 0.07456283207567017 0.08165228601400486 0.11250151705728852 0.12962202775823656 0.14604961541653094 0.2266751814112487 0.46034169314448525 0.5405228579181162 0.7297443662552456 1.0319384231502498 2.5600118749614196 3.0370306936575306
1212 14544 -0.996991510959499 -0.5665971167610444 0.3530149501021649 0.9863519335262784 0.0037862165531674335 0.00680665089015676 0.020617494775052862 0.025398849812322096 0.03675546050517756 0.06634356444128546 0.07456283207567017 0.08165228601400486 0.11250151705728852 0.12962202775823656 0.14604961541653094 0.2266751814112487 0.46034169314448525 0.5405228579181162 0.7297443662552456 1.0319384231502498 2.5600118749614196 3.0370306936575306
1213 14556 -0.9968774781910849 -0.5582104341426903 0.35529362944086573 0.9868650316747775 0.0037862165531674335 0.00680665089015676 0.020617494775052862 0.025398849812322096 0.03675546050517756 0.06634356444128546 0.07456283207567017 0.08165228601400486 0.11250151705728852 0.12962202775823656 0.14604961541653094 0.2266751814112487 0.46034169314448525 0.5405228579181162 0.7297443662552456 1.0319384231502498 2.5600118749614196 3.0370306936575306
1214 14568 -0.9968356674508773 -0.555111651129155 0.3634233710771967 0.9867587851883433 0.0037862165531674335 0.00680665089015676 0.020617494775052862 0.025398849812322096 0.03675546050517756 0.06634356444128546 0.07456283207567017 0.08165228601400486 0.11250151705728852 0.12962202775823656 0.14604961541653094 0.2266751814112487 0.46034169314448525 0.5405228579181162 0.7297443662552456 1.0319384231502498 2.5600118749614196 3.0370306936575306
1215 14580 -0.9968590289404382 -0.558581911314732 0.35365054553397346 0.9860774248923979 0.0037862165531674335 0.00680665089015676 0.020617494775052862 0.025398849812322096 0.03675546050517756 0.06634356444128546 0.07456283207567017 0.08165228601400486 0.11250151705728852 0.12962202775823656 0.14604961541653094 0.2266751814112487 0.46034169314448525 0.5405228579181162 0.7297443662552456 1.0319384231502498 2.5600118749614196 3.0370306936575306
1216 14592 -0.9968785797292574 -0.5590102562778573 0.3580082077698661 0.9858758246641093 0.0037862165531674335 0.00680665089015676 0.020617494775052862 0.025398849812322096 0.03675546050517756 0.06634356444128546 0.07456283207567017 0.08165228601400486 0.11250151705728852 0.12962202775823656 0.14604961541653094 0.2266751814112487 0.46034169314448525 0.5405228579181162 0.7297443662552456 1.0319384231502498 2.5600118749614196 3.0370306936575306
1217 14604 -0.9968076671698402 -0.5587357727132403 0.36209743900110514 0.9862182435962354 0.0037862165531674335 0.00680665089015676 0.020617494775052862 0.025398849812322096 0.03675546050517756 0.06634356444128546 0.07456283207567017 0.08165228601400486 0.11250151705728852 0.12962202775823656 0.14604961541653094 0.2266751814112487 0.46034169314448525 0.5405228579181162 0.7297443662552456 1.0319384231502498 2.5600118749614196 3.0370306936575306
1218 14616 -0.9968318193540295 -0.5583957504016013 0.35456899046454243 0.9863861821287434 0.0037862165531674335 0.00680665089015676 0.020617494775052862 0.025398849812322096 0.03675546050517756 0.06634356444128546 0.07456283207567017 0.08165228601400486 0.11250151705728852 0.12962202775823656 0.14604961541653094 0.2266751814112487 0.46034169314448525 0.5405228579181162 0.7297443662552456 1.0319384231502498 2.5600118749614196 3.0370306936575306
1219 14628 -0.9968878420767319 -0.5541287140718875 0.35044944071749545 0.9858769567044124 0.0037862165531674335 0.00680665089015676 0.020617494775052862 0.025398849812322096 0.03675546050517756 0.06634356444128546 0.07456283207567017 0.08165228601400486 0.11250151705728852 0.12962202775823656 0.14604961541653094 0.2266751814112487 0.46034169314448525 0.5405228579181162 0.7297443662552456 1.0319384231502498 2.5600118749614196 3.0370306936575306
1220 14640 -0.9968353673799333 -0.549679329413568 0.3538735888035862 0.9858921982012948 0.0037862165531674335 0.00680665089015676 0.020617494775052862 0.025398849812322096 0.03675546050517756 0.06634356444128546 0.07456283207567017 0.08165228601400486 0.11250151705728852 0.12962202775823656 0.14604961541653094 0.2266751814112487 0.46034169314448525 0.5405228579181162 0.7297443662552456 1.0319384231502498 2.5600118749614196 3.0370306936575306
1221 14652 -0.9968487349558907 -0.5514769324315857 0.3576448107399992 0.9855937430113058 0.0037862165531674335 0.00680665089015676 0.020617494775052862 0.025398849812322096 0.03675546050517756 0.06634356444128546 0.07456283207567017 0.08165228601400486 0.11250151705728852 0.12962202775823656 0.14604961541653094 0.2266751814112487 0.46034169314448525 0.5405228579181162 0.7297443662552456 1.0319384231502498 2.5600118749614196 3.0370306936575306
1222 14664 -0.9968304318166258 -0.5578781903811448 0.3571466694719224 0.9857048674405632 0.0037862165531674335 0.00680665089015676 0.020617494775052862 0.025398849812322096 0.03675546050517756 0.06634356444128546 0.07456283207567017 0.08165228601400486 0.11250151705728852 0.12962202775823656 0.14604961541653094 0.2266751814112487 0.46034169314448525 0.5405228579181162 0.7297443662552456 1.0319384231502498 2.5600118749614196 3.0370306936575306
1223 14676 -0.9966705938939804 -0.5616317749467569 0.3726259924089099 0.9853871900137249 0.0037862165531674335 0.00680665089015676 0.020617494775052862 0.025398849812322096 0.03675546050517756 0.06634356444128546 0.07456283207567017 0.08165228601400486 0.11250151705728852 0.12962202775823656 0.14604961541653094 0.2266751814112487 0.46034169314448525 0.5405228579181162 0.7297443662552456 1.0319384231502498 2.5600118749614196 3.0370306936575306
1224 14688 -0.9966129409328192 -0.5561682525863807 0.3827352647752757 0.9852212844387677 0.0037862165531674335 0.00680665089015676 0.020617494775052862 0.025398849812322096 0.03675546050517756 0.06634356444128546 0.07456283207567017 0.08165228601400486 0.11250151705728852 0.12962202775823656 0.14604961541653094 0.2266751814112487 0.46034169314448525 0.5405228579181162 0.7297443662552456 1.0319384231502498 2.5600118749614196 3.0370306936575306
1225 14700 -0.9965856212595389 -0.5492596989237216 0.394010141107622 0.9854348156133539 0.003950034124063124 0.00753929504035865 0.02397399496435454 0.031039756358938377 0.04323908010271591 0.07153059375940145 0.08523054077569342 0.09381149576498525 0.1202413426936716 0.13801818668450586 0.1658235701958398 0.2481636793594508 0.49769720178169563 0.5944974476725761 0.8082974597138672 1.0274510655689753 2.5337789511386166 3.0203613383839567
1226 14712 -0.996560676971983 -0.5451341291456357 0.39198157078414064 0.985559022183348 0.003950034124063124 0.00753929504035865 0.02397399496435454 0.031039756358938377 0.04323908010271591 0.07153059375940145 0.08523054077569342 0.09381149576498525 0.1202413426936716 0.13801818668450586 0.1658235701958398 0.2481636793594508 0.49769720178169563 0.5944974476725761 0.8082974597138672 1.0274510655689753 2.5337789511386166 3.0203613383839567
1227 14724 -0.996573411119666 -0.5415775291464952 0.3901026337673805 0.9849704197464387 0.003950034124063124 0.00753929504035865 0.02397399496435454 0.031039756358938377 0.04323908010271591 0.07153059375940145 0.08523054077569342 0.09381149576498525 0.1202413426936716 0.13801818668450586 0.1658235701958398 0.2481636793594508 0.49769720178169563 0.5944974476725761 0.8082974597138672 1.0274510655689753 2.5337789511386166 3.0203613383839567
1228 14736 -0.996602937792797 -0.5455037695578063 0.38935462007469385 0.984815579548763 0.003950034124063124 0.00753929504035865 0.02397399496435454 0.031039756358938377 0.04323908010271591 0.07153059375940145 0.08523054077569342 0.09381149576498525 0.1202413426936716 0.13801818668450586 0.1658235701958398 0.2481636793594508 0.49769720178169563 0.5944974476725761 0.8082974597138672 1.0274510655689753 2.5337789511386166 3.0203613383839567
1229 14748 -0.9965903460215845 -0.5440072608620958 0.3919473693352164 0.985235112313595 0.003950034124063124 0.00753929504035865 0.02397399496435454 0.031039756358938377 0.04323908010271591 0.07153059375940145 0.08523054077569342 0.09381149576498525 0.1202413426936716 0.13801818668450586 0.1658235701958398 0.2481636793594508 0.49769720178169563 0.5944974476725761 0.8082974597138672 1.0274510655689753 2.5337789511386166 3.0203613383839567
1230 14760 -0.99644490799831 -0.5378242293170792 0.39898809654095874 0.9854928243459187 0.003950034124063124 0.00753929504035865 0.02397399496435454 0.031039756358938377 0.04323908010271591 0.07153059375940145 0.08523054077569342 0.09381149576498525 0.1202413426936716 0.13801818668450586 0.1658235701958398 0.2481636793594508 0.49769720178169563 0.5944974476725761 0.8082974597138672 1.0274510655689753 2.5337789511386166 3.0203613383839567
1231 14772 -0.9964167958080253 -0.5361103273404724 0.39603445785708125 0.9854036924862336 0.003950034124063124 0.00753929504035865 0.02397399496435454 0.031039756358938377 0.04323908010271591 0.07153059375940145 0.08523054077569342 0.09381149576498525 0.1202413426936716 0.13801818668450586 0.1658235701958398 0.2481636793594508 0.49769720178169563 0.5944974476725761 0.8082974597138672 1.0274510655689753 2.5337789511386166 3.0203613383839567
1232 14784 -0.9964472545534419 -0.5386630182681297 0.4001950485662562 0.9852457827266239 0.003950034124063124 0.00753929504035865 0.02397399496435454 0.031039756358938377 0.04323908010271591 0.07153059375940145 0.08523054077569342 0.09381149576498525 0.1202413426936716 0.13801818668450586 0.1658235701958398 0.2481636793594508 0.49769720178169563 0.5944974476725761 0.8082974597138672 1.0274510655689753 2.5337789511386166 3.0203613383839567
1233 14796 -0.9964489821375709 -0.5450594908757774 0.40340169477458065 0.9851259129588329 0.003950034124063124 0.00753929504035865 0.02397399496435454 0.031039756358938377 0.04323908010271591 0.07153059375940145 0.08523054077569342 0.09381149576498525 0.1202413426936716 0.13801818668450586 0.1658235701958398 0.2481636793594508 0.49769720178169563 0.5944974476725761 0.8082974597138672 1.0274510655689753 2.5337789511386166 3.0203613383839567
1234 14808 -0.9963880736539633 -0.548534831162287 0.40916167272747117 0.984866242391761 0.003950034124063124 0.00753929504035865 0.02397399496435454 0.031039756358938377 0.04323908010271591 0.07153059375940145 0.08523054077569342 0.09381149576498525 0.1202413426936716 0.13801818668450586 0.1658235701958398 0.2481636793594508 0.49769720178169563 0.5944974476725761 0.8082974597138672 1.0274510655689753 2.5337789511386166 3.0203613383839567
1235 14820 -0.9964255005574018 -0.5514020786875689 0.4082480155586266 0.9844807772241603 0.003950034124063124 0.00753929504035865 0.02397399496435454 0.031039756358938377 0.04323908010271591 0.07153059375940145 0.08523054077569342 0.09381149576498525 0.1202413426936716 0.13801818668450586 0.1658235701958398 0.2481636793594508 0.49769720178169563 0.5944974476725761 0.8082974597138672 1.0274510655689753 2.5337789511386166 3.0203613383839567
1236 14832 -0.9964554011934823 -0.5536501520301236 0.4059484461646532 0.9839637699613306 0.003950034124063124 0.00753929504035865 0.02397399496435454 0.031039756358938377 0.04323908010271591 0.07153059375940145 0.08523054077569342 0.09381149576498525 0.1202413426936716 0.13801818668450586 0.1658235701958398 0.2481636793594508 0.49769720178169563 0.5944974476725761 0.8082974597138672 1.0274510655689753 2.5337789511386166 3.0203613383839567
1237 14844 -0.996363741487192 -0.5442080185524262 0.40901122689869895 0.9844014321067113 0.003950034124063124 0.00753929504035865 0.02397399496435454 0.031039756358938377 0.04323908010271591 0.07153059375940145 0.08523054077569342 0.09381149576498525 0.1202413426936716 0.13801818668450586 0.1658235701958398 0.2481636793594508 0.49769720178169563 0.5944974476725761 0.8082974597138672 1.0274510655689753 2.5337789511386166 3.0203613383839567
1238 14856 -0.996283088776027 -0.5325385769563317 0.4058403378901587 0.9844781094753233 0.003950034124063124 0.00753929504035865 0.02397399496435454 0.031039756358938377 0.04323908010271591 0.07153059375940145 0.08523054077569342 0.09381149576498525 0.1202413426936716 0.13801818668450586 0.1658235701958398 0.2481636793594508 0.49769720178169563 0.5944974476725761 0.8082974597138672 1.0274510655689753 2.5337789511386166 3.0203613383839567
1239 14868 -0.996288007231681 -0.5271769557541404 0.39474751350566145 0.9838562091236227 0.003950034124063124 0.00753929504035865 0.02397399496435454 0.031039756358938377 0.04323908010271591 0.07153059375940145 0.08523054077569342 0.09381149576498525 0.1202413426936716 0.13801818668450586 0.1658235701958398 0.2481636793594508 0.49769720178169563 0.5944974476725761 0.8082974597138672 1.0274510655689753 2.5337789511386166 3.0203613383839567
1240 14880 -0.9963404944924981 -0.5217834739760734 0.397714991303759 0.9837617796156347 0.003950034124063124 0.00753929504035865 0.02397399496435454 0.031039756358938377 0.04323908010271591 0.07153059375940145 0.08523054077569342 0.09381149576498525 0.1202413426936716 0.13801818668450586 0.1658235701958398 0.2481636793594508 0.49769720178169563 0.5944974476725761 0.8082974597138672 1.0274510655689753 2.5337789511386166 3.0203613383839567
1241 14892 -0.9962608923853591 -0.5191290074214168 0.40250710665626455 0.9838876289435773 0.003950034124063124 0.00753929504035865 0.02397399496435454 0.031039756358938377 0.04323908010271591 0.07153059375940145 0.08523054077569342 0.09381149576498525 0.1202413426936716 0.13801818668450586 0.1658235701958398 0.2481636793594508 0.49769720178169563 0.5944974476725761 0.8082974597138672 1.0274510655689753 2.5337789511386166 3.0203613383839567
1242 14904 -0.9961675478617017 -0.5179200993096873 0.40518603155346034 0.9839540175866495 0.003950034124063124 0.00753929504035865 0.02397399496435454 0.031039756358938377 0.04323908010271591 0.07153059375940145 0.08523054077569342 0.09381149576498525 0.1202413426936716 0.13801818668450586 0.1658235701958398 0.2481636793594508 0.49769720178169563 0.5944974476725761 0.8082974597138672 1.0274510655689753 2.5337789511386166 3.0203613383839567
1243 14916 -0.9960972627083039 -0.5169356298151417 0.40290046291082193 0.983702317005078 0.004566974718441521 0.008087590491763521 0.026714581362450907 0.035610018911319666 0.047133408347591506 0.08480472870333484 0.09494663431293936 0.10302487496961801 0.1305472250630871 0.14955233991834097 0.1966588519772631 0.2883752425214938 0.5338603677010553 0.634272511410034 0.8566437198609981 1.0484113324532995 2.4792812617510323 3.0233255311646494
1244 14928 -0.9960276311389505 -0.523931108975207 0.3896903318207666 0.9834552804721345 0.004566974718441521 0.008087590491763521 0.026714581362450907 0.035610018911319666 0.047133408347591506 0.08480472870333484 0.09494663431293936 0.10302487496961801 0.1305472250630871 0.14955233991834097 0.1966588519772631 0.2883752425214938 0.5338603677010553 0.634272511410034 0.8566437198609981 1.0484113324532995 2.4792812617510323 3.0233255311646494
1245 14940 -0.9960454489395671 -0.528669627913605 0.3879252511648458 0.9829515672519571 0.004566974718441521 0.008087590491763521 0.026714581362450907 0.035610018911319666 0.047133408347591506 0.08480472870333484 0.09494663431293936 0.10302487496961801 0.1305472250630871 0.14955233991834097 0.1966588519772631 0.2883752425214938 0.5338603677010553 0.634272511410034 0.8566437198609981 1.0484113324532995 2.4792812617510323 3.0233255311646494
1246 14952 -0.99608789807498 -0.5197467441490582 0.39538498598460436 0.9822909543341356 0.004566974718441521 0.008087590491763521 0.026714581362450907 0.035610018911319666 0.047133408347591506 0.08480472870333484 0.09494663431293936 0.10302487496961801 0.1305472250630871 0.14955233991834097 0.1966588519772631 0.2883752425214938 0.5338603677010553 0.634272511410034 0.8566437198609981 1.0484113324532995 2.4792812617510323 3.0233255311646494
1247 14964 -0.9960273927013965 -0.523793582920056 0.3898466741131089 0.9821892936534103 0.004566974718441521 0.008087590491763521 0.026714581362450907 0.035610018911319666 0.047133408347591506 0.08480472870333484 0.09494663431293936 0.10302487496961801 0.1305472250630871 0.14955233991834097 0.1966588519772631 0.2883752425214938 0.5338603677010553 0.634272511410034 0.8566437198609981 1.0484113324532995 2.4792812617510323 3.0233255311646494
1248 14976 -0.9960317317650703 -0.5186831038163195 0.39347869147352055 0.9815781468266835 0.004566974718441521 0.008087590491763521 0.026714581362450907 0.035610018911319666 0.047133408347591506 0.08480472870333484 0.09494663431293936 0.10302487496961801 0.1305472250630871 0.14955233991834097 0.1966588519772631 0.2883752425214938 0.5338603677010553 0.634272511410034 0.8566437198609981 1.0484113324532995 2.4792812617510323 3.0233255311646494
1249 14988 -0.9959462992861332 -0.5264245109796499 0.387218359475332 0.9818677350647765 0.004566974718441521 0.008087590491763521 0.026714581362450907 0.035610018911319666 0.047133408347591506 0.08480472870333484 0.09494663431293936 0.10302487496961801 0.1305472250630871 0.14955233991834097 0.1966588519772631 0.2883752425214938 0.5338603677010553 0.634272511410034 0.8566437198609981 1.0484113324532995 2.4792812617510323 3.0233255311646494
1250 15000 -0.9960338534002142 -0.5153214823955412 0.39920495809552276 0.9817671774946857 0.004566974718441521 0.008087590491763521 0.026714581362450907 0.035610018911319666 0.047133408347591506 0.08480472870333484 0.09494663431293936 0.10302487496961801 0.1305472250630871 0.14955233991834097 0.1966588519772631 0.2883752425214938 0.5338603677010553 0.634272511410034 0.8566437198609981 1.0484113324532995 2.4792812617510323 3.0233255311646494
1251 15012 -0.9959760583540483 -0.5176273323046805 0.40767963739705876 0.9819911698605515 0.004566974718441521 0.008087590491763521 0.026714581362450907 0.035610018911319666 0.047133408347591506 0.08480472870333484 0.09494663431293936 0.10302487496961801 0.1305472250630871 0.14955233991834097 0.1966588519772631 0.2883752425214938 0.5338603677010553 0.634272511410034 0.8566437198609981 1.0484113324532995 2.4792812617510323 3.0233255311646494
1252 15024 -0.9959210455835169 -0.5152933289331446 0.4022846611915465 0.9821887406155617 0.004566974718441521 0.008087590491763521 0.026714581362450907 0.035610018911319666 0.047133408347591506 0.08480472870333484 0.09494663431293936 0.10302487496961801 0.1305472250630871 0.14955233991834097 0.1966588519772631 0.2883752425214938 0.5338603677010553 0.634272511410034 0.8566437198609981 1.0484113324532995 2.4792812617510323 3.0233255311646494
1253 15036 -0.9958930260755827 -0.5072923074053631 0.40240043594314195 0.9818033844806892 0.004566974718441521 0.008087590491763521 0.026714581362450907 0.035610018911319666 0.047133408347591506 0.08480472870333484 0.09494663431293936 0.10302487496961801 0.1305472250630871 0.14955233991834097 0.1966588519772631 0.2883752425214938 0.5338603677010553 0.634272511410034 0.8566437198609981 1.0484113324532995 2.4792812617510323 3.0233255311646494
1254 15048 -0.9958416064631715 -0.5140800381314696 0.3997489346327321 0.9820490785779321 0.004566974718441521 0.008087590491763521 0.026714581362450907 0.035610018911319666 0.047133408347591506 0.08480472870333484 0.09494663431293936 0.10302487496961801 0.1305472250630871 0.14955233991834097 0.1966588519772631 0.2883752425214938 0.5338603677010553 0.634272511410034 0.8566437198609981 1.0484113324532995 2.4792812617510323 3.0233255311646494
1255 15060 -0.9958595631897792 -0.5099694218267314 0.3927638916459457 0.9814370623250582 0.004566974718441521 0.008087590491763521 0.026714581362450907 0.035610018911319666 0.047133408347591506 0.08480472870333484 0.09494663431293936 0.10302487496961801 0.1305472250630871 0.14955233991834097 0.1966588519772631 0.2883752425214938 0.5338603677010553 0.634272511410034 0.8566437198609981 1.0484113324532995 2.4792812617510323 3.0233255311646494
1256 15072 -0.9957834779458214 -0.5117395663757078 0.3893174190254747 0.9816439170441565 0.004566974718441521 0.008087590491763521 0.026714581362450907 0.035610018911319666 0.047133408347591506 0.08480472870333484 0.09494663431293936 0.10302487496961801 0.1305472250630871 0.14955233991834097 0.1966588519772631 0.2883752425214938 0.5338603677010553 0.634272511410034 0.8566437198609981 1.0484113324532995 2.4792812617510323 3.0233255311646494
1257 15084 -0.995907396792883 -0.5049894152740186 0.3918166316332372 0.9813563947141284 0.004566974718441521 0.008087590491763521 0.026714581362450907 0.035610018911319666 0.047133408347591506 0.08480472870333484 0.09494663431293936 0.10302487496961801 0.1305472250630871 0.14955233991834097 0.1966588519772631 0.2883752425214938 0.5338603677010553 0.634272511410034 0.8566437198609981 1.0484113324532995 2.4792812617510323 3.0233255311646494
1258 15096 -0.9959345544903088 -0.5026243858467422 0.3889481583102506 0.9817811092829288 0.004566974718441521 0.008087590491763521 0.026714581362450907 0.035610018911319666 0.047133408347591506 0.08480472870333484 0.09494663431293936 0.10302487496961801 0.1305472250630871 0.14955233991834097 0.1966588519772631 0.2883752425214938 0.5338603677010553 0.634272511410034 0.8566437198609981 1.0484113324532995 2.4792812617510323 3.0233255311646494
1259 15108 -0.9958593345279018 -0.5007426444017861 0.37930071434655743 0.9821582288684407 0.004566974718441521 0.008087590491763521 0.026714581362450907 0.035610018911319666 0.047133408347591506 0.08480472870333484 0.09494663431293936 0.10302487496961801 0.1305472250630871 0.14955233991834097 0.1966588519772631 0.2883752425214938 0.5338603677010553 0.634272511410034 0.8566437198609981 1.0484113324532995 2.4792812617510323 3.0233255311646494
1260 15120 -0.9957916711846413 -0.4969887521417858 0.37334385369151013 0.9822459589327548 0.004566974718441521 0.008087590491763521 0.026714581362450907 0.035610018911319666 0.047133408347591506 0.08480472870333484 0.09494663431293936 0.10302487496961801 0.1305472250630871 0.14955233991834097 0.1966588519772631 0.2883752425214938 0.5338603677010553 0.634272511410034 0.8566437198609981 1.0484113324532995 2.4792812617510323 3.0233255311646494
1261 15132 -0.9958394111374765 -0.4930955606101078 0.3724480699092093 0.9824312501281836 0.005014108166837024 0.00883424988556236 0.03078681614309423 0.03772927469147206 0.05833498976507229 0.08835680017147077 0.10982115536909534 0.1209794487332268 0.1461199607401278 0.17682669327687034 0.2060111583799199 0.3229218506433245 0.590188223157469 0.6397101911165198 0.967665291623011 1.0386493829318189 2.4587793032072645 2.990311932269035
1262 15144 -0.9958124925384668 -0.48758517587246986 0.3807126566577816 0.9817437855615708 0.005014108166837024 0.00883424988556236 0.03078681614309423 0.03772927469147206 0.05833498976507229 0.08835680017147077 0.10982115536909534 0.1209794487332268 0.1461199607401278 0.17682669327687034 0.2060111583799199 0.3229218506433245 0.590188223157469 0.6397101911165198 0.967665291623011 1.0386493829318189 2.4587793032072645 2.990311932269035
1263 15156 -0.995725262727949 -0.49125667729069156 0.3749903377786986 0.9817008536644048 0.005014108166837024 0.00883424988556236 0.03078681614309423 0.03772927469147206 0.05833498976507229 0.08835680017147077 0.10982115536909534 0.1209794487332268 0.1461199607401278 0.17682669327687034 0.2060111583799199 0.3229218506433245 0.590188223157469 0.6397101911165198 0.967665291623011 1.0386493829318189 2.4587793032072645 2.990311932269035
1264 15168 -0.9956868894864549 -0.4885448472113653 0.37659215910655286 0.9821831803248492 0.005014108166837024 0.00883424988556236 0.03078681614309423 0.03772927469147206 0.05833498976507229 0.08835680017147077 0.10982115536909534 0.1209794487332268 0.1461199607401278 0.17682669327687034 0.2060111583799199 0.3229218506433245 0.590188223157469 0.6397101911165198 0.967665291623011 1.0386493829318189 2.4587793032072645 2.990311932269035
1265 15180 -0.9955356828496149 -0.4946342714294675 0.3798436338157256 0.9822093431555845 0.005014108166837024 0.00883424988556236 0.03078681614309423 0.03772927469147206 0.05833498976507229 0.08835680017147077 0.10982115536909534 0.1209794487332268 0.1461199607401278 0.17682669327687034 0.2060111583799199 0.3229218506433245 0.590188223157469 0.6397101911165198 0.967665291623011 1.0386493829318189 2.4587793032072645 2.990311932269035
1266 15192 -0.9956074495507224 -0.48830359349112473 0.37190766479331194 0.9817738696195855 0.005014108166837024 0.00883424988556236 0.03078681614309423 0.03772927469147206 0.05833498976507229 0.08835680017147077 0.10982115536909534 0.1209794487332268 0.1461199607401278 0.17682669327687034 0.2060111583799199 0.3229218506433245 0.590188223157469 0.6397101911165198 0.967665291623011 1.0386493829318189 2.4587793032072645 2.990311932269035
1267 15204 -0.995598680140365 -0.4881783083448588 0.3767302105330268 0.9823003201457953 0.005014108166837024 0.00883424988556236 0.03078681614309423 0.03772927469147206 0.05833498976507229 0.08835680017147077 0.10982115536909534 0.1209794487332268 0.1461199607401278 0.17682669327687034 0.2060111583799199 0.3229218506433245 0.590188223157469 0.6397101911165198 0.967665291623011 1.0386493829318189 2.4587793032072645 2.990311932269035
1268 15216 -0.9956067807345992 -0.4962961067925172 0.37852656120716854 0.9825420839924188 0.005014108166837024 0.00883424988556236 0.03078681614309423 0.03772927469147206 0.05833498976507229 0.08835680017147077 0.10982115536909534 0.1209794487332268 0.1461199607401278 0.17682669327687034 0.2060111583799199 0.3229218506433245 0.590188223157469 0.6397101911165198 0.967665291623011 1.0386493829318189 2.4587793032072645 2.990311932269035
1269 15228 -0.995584442032272 -0.49751604280841405 0.3765059688664815 0.9821405795479758 0.005014108166837024 0.00883424988556236 0.03078681614309423 0.03772927469147206 0.05833498976507229 0.08835680017147077 0.10982115536909534 0.1209794487332268 0.1461199607401278 0.17682669327687034 0.2060111583799199 0.3229218506433245 0.590188223157469 0.6397101911165198 0.967665291623011 1.0386493829318189 2.4587793032072645 2.990311932269035
1270 15240 -0.9954262226744175 -0.49504141505224275 0.37492159322556007 0.9818957307970176 0.005014108166837024 0.00883424988556236 0.03078681614309423 0.03772927469147206 0.05833498976507229 0.08835680017147077 0.10982115536909534 0.1209794487332268 0.1461199607401278 0.17682669327687034 0.2060111583799199 0.3229218506433245 0.590188223157469 0.6397101911165198 0.967665291623011 1.0386493829318189 2.4587793032072645 2.990311932269035
1271 15252 -0.9953953191916625 -0.4940970920084913 0.37424066479203444 0.9817811832188158 0.005014108166837024 0.00883424988556236 0.03078681614309423 0.03772927469147206 0.05833498976507229 0.08835680017147077 0.10982115536909534 0.1209794487332268 0.1461199607401278 0.17682669327687034 0.2060111583799199 0.3229218506433245 0.590188223157469 0.6397101911165198 0.967665291623011 1.0386493829318189 2.4587793032072645 2.990311932269035
1272 15264 -0.9953888804018299 -0.5011681967970256 0.36856739644848524 0.9817441946988461 0.005014108166837024 0.00883424988556236 0.03078681614309423 0.03772927469147206 0.05833498976507229 0.08835680017147077 0.10982115536909534 0.1209794487332268 0.1461199607401278 0.17682669327687034 0.2060111583799199 0.3229218506433245 0.590188223157469 0.6397101911165198 0.967665291623011 1.0386493829318189 2.4587793032072645 2.990311932269035
1273 15276 -0.9952908674446695 -0.5001679650513846 0.3727692525773615 0.9809083067658767 0.005014108166837024 0.00883424988556236 0.03078681614309423 0.03772927469147206 0.05833498976507229 0.08835680017147077 0.10982115536909534 0.1209794487332268 0.1461199607401278 0.17682669327687034 0.2060111583799199 0.3229218506433245 0.590188223157469 0.6397101911165198 0.967665291623011 1.0386493829318189 2.4587793032072645 2.990311932269035
1274 15288 -0.9952749443595666 -0.5040892626305741 0.3777672079726613 0.9806520085561308 0.005014108166837024 0.00883424988556236 0.03078681614309423 0.03772927469147206 0.05833498976507229 0.08835680017147077 0.10982115536909534 0.1209794487332268 0.1461199607401278 0.17682669327687034 0.2060111583799199 0.3229218506433245 0.590188223157469 0.6397101911165198 0.967665291623011 1.0386493829318189 2.4587793032072645 2.990311932269035
1275 15300 -0.9953070551475354 -0.5060654429150093 0.370729644011519 0.9812834373579367 0.005014108166837024 0.00883424988556236 0.03078681614309423 0.03772927469147206 0.05833498976507229 0.08835680017147077 0.10982115536909534 0.1209794487332268 0.1461199607401278 0.17682669327687034 0.2060111583799199 0.3229218506433245 0.590188223157469 0.6397101911165198 0.967665291623011 1.0386493829318189 2.4587793032072645 2.990311932269035
1276 15312 -0.9952750702010411 -0.5123805666301489 0.36470881703156965 0.9813854407042119 0.005014108166837024 0.00883424988556236 0.03078681614309423 0.03772927469147206 0.05833498976507229 0.08835680017147077 0.10982115536909534 0.1209794487332268 0.1461199607401278 0.17682669327687034 0.2060111583799199 0.3229218506433245 0.590188223157469 0.6397101911165198 0.967665291623011 1.0386493829318189 2.4587793032072645 2.990311932269035
1277 15324 -0.9952199931773748 -0.5190809418146356 0.3677139213687785 0.9815283043825068 0.005014108166837024 0.00883424988556236 0.03078681614309423 0.03772927469147206 0.05833498976507229 0.08835680017147077 0.10982115536909534 0.1209794487332268 0.1461199607401278 0.17682669327687034 0.2060111583799199 0.3229218506433245 0.590188223157469 0.6397101911165198 0.967665291623011 1.0386493829318189 2.4587793032072645 2.990311932269035
1278 15336 -0.9951848418881297 -0.5214585516895872 0.37275533990247345 0.981784628156516 0.005014108166837024 0.00883424988556236 0.03078681614309423 0.03772927469147206 0.05833498976507229 0.08835680017147077 0.10982115536909534 0.1209794487332268 0.1461199607401278 0.17682669327687034 0.2060111583799199 0.3229218506433245 0.590188223157469 0.6397101911165198 0.967665291623011 1.0386493829318189 2.4587793032072645 2.990311932269035
1279 15348 -0.9951712956227535 -0.5255204509375992 0.3796431604809381 0.9815549421334655 0.006032984189909797 0.010137070343066733 0.033904296348775606 0.047221626196447555 0.07098107265084884 0.10249050990475442 0.12119541488414654 0.13043596017875073 0.16441802959965002 0.19281714365298055 0.2307666491863983 0.36160782261261926 0.5878773807973705 0.6931085649929378 0.99476059224626 1.0411956231607962 2.371837123766286 3.0291523847368422
1280 15360 -0.9951548610707313 -0.5231072541098493 0.37961802958666857 0.9811192101611552 0.006032984189909797 0.010137070343066733 0.033904296348775606 0.047221626196447555 0.07098107265084884 0.10249050990475442 0.12119541488414654 0.13043596017875073 0.16441802959965002 0.19281714365298055 0.2307666491863983 0.36160782261261926 0.5878773807973705 0.6931085649929378 0.99476059224626 1.0411956231607962 2.371837123766286 3.0291523847368422
1281 15372 -0.9951823181378205 -0.5202468367009563 0.37213544317546515 0.9811463229268078 0.006032984189909797 0.010137070343066733 0.033904296348775606 0.047221626196447555 0.07098107265084884 0.10249050990475442 0.12119541488414654 0.13043596017875073 0.16441802959965002 0.19281714365298055 0.2307666491863983 0.36160782261261926 0.5878773807973705 0.6931085649929378 0.99476059224626 1.0411956231607962 2.371837123766286 3.0291523847368422
1282 15384 -0.9952160077097232 -0.5165146025617505 0.3688935152817986 0.9810388431300873 0.006032984189909797 0.010137070343066733 0.033904296348775606 0.047221626196447555 0.07098107265084884 0.10249050990475442 0.12119541488414654 0.13043596017875073 0.16441802959965002 0.19281714365298055 0.2307666491863983 0.36160782261261926 0.5878773807973705 0.6931085649929378 0.99476059224626 1.0411956231607962 2.371837123766286 3.0291523847368422
1283 15396 -0.9950942985944138 -0.5229235759695002 0.3752937698459797 0.9812156669904641 0.006032984189909797 0.010137070343066733 0.033904296348775606 0.047221626196447555 0.07098107265084884 0.10249050990475442 0.12119541488414654 0.13043596017875073 0.16441802959965002 0.19281714365298055 0.2307666491863983 0.36160782261261926 0.5878773807973705 0.6931085649929378 0.99476059224626 1.0411956231607962 2.371837123766286 3.0291523847368422
1284 15408 -0.9951192181292154 -0.5222542294028163 0.3760211623183991 0.9811845553330818 0.006032984189909797 0.010137070343066733 0.033904296348775606 0.047221626196447555 0.07098107265084884 0.10249050990475442 0.12119541488414654 0.13043596017875073 0.16441802959965002 0.19281714365298055 0.2307666491863983 0.36160782261261926 0.5878773807973705 0.6931085649929378 0.99476059224626 1.0411956231607962 2.371837123766286 3.0291523847368422
1285 15420 -0.9952231498557067 -0.5175082375334795 0.3759686028822897 0.9813668952629301 0.006032984189909797 0.010137070343066733 0.033904296348775606 0.047221626196447555 0.07098107265084884 0.10249050990475442 0.12119541488414654 0.13043596017875073 0.16441802959965002 0.19281714365298055 0.2307666491863983 0.36160782261261926 0.5878773807973705 0.6931085649929378 0.99476059224626 1.0411956231607962 2.371837123766286 3.0291523847368422
1286 15432 -0.9952572139694803 -0.5176700530297668 0.3788802043909621 0.9817765187846998 0.006032984189909797 0.010137070343066733 0.033904296348775606 0.047221626196447555 0.07098107265084884 0.10249050990475442 0.12119541488414654 0.13043596017875073 0.16441802959965002 0.19281714365298055 0.2307666491863983 0.36160782261261926 0.5878773807973705 0.6931085649929378 0.99476059224626 1.0411956231607962 2.371837123766286 3.0291523847368422
1287 15444 -0.9953791050827445 -0.5092662158682503 0.3753778103857117 0.9807234228869003 0.006032984189909797 0.010137070343066733 0.033904296348775606 0.047221626196447555 0.07098107265084884 0.10249050990475442 0.12119541488414654 0.13043596017875073 0.16441802959965002 0.19281714365298055 0.2307666491863983 0.36160782261261926 0.5878773807973705 0.6931085649929378 0.99476059224626 1.0411956231607962 2.371837123766286 3.0291523847368422
1288 15456 -0.9951784433314639 -0.5129012636885353 0.3711367982129089 0.9793021290861111 0.006032984189909797 0.010137070343066733 0.033904296348775606 0.047221626196447555 0.07098107265084884 0.10249050990475442 0.12119541488414654 0.13043596017875073 0.16441802959965002 0.19281714365298055 0.2307666491863983 0.36160782261261926 0.5878773807973705 0.6931085649929378 0.99476059224626 1.0411956231607962 2.371837123766286 3.0291523847368422
1289 15468 -0.9951141024777175 -0.5216320579858731 0.36816372780956363 0.9786263683250452 0.006032984189909797 0.010137070343066733 0.033904296348775606 0.047221626196447555 0.07098107265084884 0.10249050990475442 0.12119541488414654 0.13043596017875073 0.16441802959965002 0.19281714365298055 0.2307666491863983 0.36160782261261926 0.5878773807973705 0.6931085649929378 0.99476059224626 1.0411956231607962 2.371837123766286 3.0291523847368422
1290 15480 -0.9950165916641905 -0.5209916222570081 0.36725766637300494 0.9783795941483744 0.006032984189909797 0.010137070343066733 0.033904296348775606 0.047221626196447555 0.07098107265084884 0.10249050990475442 0.12119541488414654 0.13043596017875073 0.16441802959965002 0.19281714365298055 0.2307666491863983 0.36160782261261926 0.5878773807973705 0.6931085649929378 0.99476059224626 1.0411956231607962 2.371837123766286 3.0291523847368422
1291 15492 -0.9949298936696434 -0.5214110390480018 0.36664952585486177 0.9776833465452659 0.006032984189909797 0.010137070343066733 0.033904296348775606 0.047221626196447555 0.07098107265084884 0.10249050990475442 0.12119541488414654 0.13043596017875073 0.16441802959965002 0.19281714365298055 0.2307666491863983 0.36160782261261926 0.5878773807973705 0.6931085649929378 0.99476059224626 1.0411956231607962 2.371837123766286 3.0291523847368422
1292 15504 -0.9949942332159434 -0.52158878430422 0.36229645191912907 0.9773243545599953 0.006032984189909797 0.010137070343066733 0.033904296348775606 0.047221626196447555 0.07098107265084884 0.10249050990475442 0.12119541488414654 0.13043596017875073 0.16441802959965002 0.19281714365298055 0.2307666491863983 0.36160782261261926 0.5878773807973705 0.6931085649929378 0.99476059224626 1.0411956231607962 2.371837123766286 3.0291523847368422
1293 15516 -0.9950018840744796 -0.5171514163172874 0.35984431683797635 0.9767930259829734 0.006032984189909797 0.010137070343066733 0.033904296348775606 0.047221626196447555 0.07098107265084884 0.10249050990475442 0.12119541488414654 0.13043596017875073 0.16441802959965002 0.19281714365298055 0.2307666491863983 0.36160782261261926 0.5878773807973705 0.6931085649929378 0.99476059224626 1.0411956231607962 2.371837123766286 3.0291523847368422
1294 15528 -0.9947504975663699 -0.5311199098941009 0.3713821650849258 0.9765819785383267 0.006032984189909797 0.010137070343066733 0.033904296348775606 0.047221626196447555 0.07098107265084884 0.10249050990475442 0.12119541488414654 0.13043596017875073 0.16441802959965002 0.19281714365298055 0.2307666491863983 0.36160782261261926 0.5878773807973705 0.6931085649929378 0.99476059224626 1.0411956231607962 2.371837123766286 3.0291523847368422
1295 15540 -0.9946987469493298 -0.5361819117949562 0.37551819561500965 0.9766152519168363 0.006032984189909797 0.010137070343066733 0.033904296348775606 0.047221626196447555 0.07098107265084884 0.10249050990475442 0.12119541488414654 0.13043596017875073 0.16441802959965002 0.19281714365298055 0.2307666491863983 0.36160782261261926 0.5878773807973705 0.6931085649929378 0.99476059224626 1.0411956231607962 2.371837123766286 3.0291523847368422
1296 15552 -0.9946824650136269 -0.5401212120663261 0.379160455537762 0.9763682084693384 0.006032984189909797 0.010137070343066733 0.033904296348775606 0.047221626196447555 0.07098107265084884 0.10249050990475442 0.12119541488414654 0.13043596017875073 0.16441802959965002 0.19281714365298055 0.2307666491863983 0.36160782261261926 0.5878773807973705 0.6931085649929378 0.99476059224626 1.0411956231607962 2.371837123766286 3.0291523847368422
1297 15564 -0.9945705897852117 -0.5376308073348334 0.3812907974452788 0.9758257720797547 0.006866415383081888 0.011021890562292903 0.033676199127825525 0.047958677359374265 0.07953441953650604 0.11319270038330725 0.12496387922440312 0.14823333209166417 0.16650675239026275 0.19249295666400207 0.24034643457415836 0.37962806341533023 0.5548869731602285 0.6795559460826229 1.0085419745548272 1.0915598464414018 2.3074795780896764 3.061076653881373
1298 15576 -0.9945913685157345 -0.5411213202002787 0.3831242560644984 0.97619715040179 0.006866415383081888 0.011021890562292903 0.033676199127825525 0.047958677359374265 0.07953441953650604 0.11319270038330725 0.12496387922440312 0.14823333209166417 0.16650675239026275 0.19249295666400207 0.24034643457415836 0.37962806341533023 0.5548869731602285 0.6795559460826229 1.0085419745548272 1.0915598464414018 2.3074795780896764 3.061076653881373
1299 15588 -0.9946432329112558 -0.5360071885099753 0.3789186651972414 0.975895157134719 0.006866415383081888 0.011021890562292903 0.033676199127825525 0.047958677359374265 0.07953441953650604 0.11319270038330725 0.12496387922440312 0.14823333209166417 0.16650675239026275 0.19249295666400207 0.24034643457415836 0.37962806341533023 0.5548869731602285 0.6795559460826229 1.0085419745548272 1.0915598464414018 2.3074795780896764 3.061076653881373
1300 15600 -0.9946879770162408 -0.5337949955097856 0.3796088891657266 0.9754293952311137 0.006866415383081888 0.011021890562292903 0.033676199127825525 0.047958677359374265 0.07953441953650604 0.11319270038330725 0.12496387922440312 0.14823333209166417 0.16650675239026275 0.19249295666400207 0.24034643457415836 0.37962806341533023 0.5548869731602285 0.6795559460826229 1.0085419745548272 1.0915598464414018 2.3074795780896764 3.061076653881373
1301 15612 -0.9947300232677665 -0.5310307703141202 0.37932347716136106 0.9748686900352448 0.006866415383081888 0.011021890562292903 0.033676199127825525 0.047958677359374265 0.07953441953650604 0.11319270038330725 0.12496387922440312 0.14823333209166417 0.16650675239026275 0.19249295666400207 0.24034643457415836 0.37962806341533023 0.5548869731602285 0.6795559460826229 1.0085419745548272 1.0915598464414018 2.3074795780896764 3.061076653881373
1302 15624 -0.9945790810439952 -0.5276739694308386 0.3844872773090643 0.9746825323878083 0.006866415383081888 0.011021890562292903 0.033676199127825525 0.047958677359374265 0.07953441953650604 0.11319270038330725 0.12496387922440312 0.14823333209166417 0.16650675239026275 0.19249295666400207 0.24034643457415836 0.37962806341533023 0.5548869731602285 0.6795559460826229 1.0085419745548272 1.0915598464414018 2.3074795780896764 3.061076653881373
1303 15636 -0.9946292938422887 -0.5255033369044608 0.37770859456440015 0.9740688710222042 0.006866415383081888 0.011021890562292903 0.033676199127825525 0.047958677359374265 0.07953441953650604 0.11319270038330725 0.12496387922440312 0.14823333209166417 0.16650675239026275 0.19249295666400207 0.24034643457415836 0.37962806341533023 0.5548869731602285 0.6795559460826229 1.0085419745548272 1.0915598464414018 2.3074795780896764 3.061076653881373
1304 15648 -0.9946646388192318 -0.5245899011729315 0.37900611806835516 0.9737597057247913 0.006866415383081888 0.011021890562292903 0.033676199127825525 0.047958677359374265 0.07953441953650604 0.11319270038330725 0.12496387922440312 0.14823333209166417 0.16650675239026275 0.19249295666400207 0.24034643457415836 0.37962806341533023 0.5548869731602285 0.6795559460826229 1.0085419745548272 1.0915598464414018 2.3074795780896764 3.061076653881373
1305 15660 -0.9946452076361127 -0.5229039584454905 0.3836260617976277 0.9738671282733931 0.006866415383081888 0.011021890562292903 0.033676199127825525 0.047958677359374265 0.07953441953650604 0.11319270038330725 0.12496387922440312 0.14823333209166417 0.16650675239026275 0.19249295666400207 0.24034643457415836 0.37962806341533023 0.5548869731602285 0.6795559460826229 1.0085419745548272 1.0915598464414018 2.3074795780896764 3.061076653881373
1306 15672 -0.9946173598692453 -0.5234628262262351 0.3824019592111763 0.9731868165956625 0.006866415383081888 0.011021890562292903 0.033676199127825525 0.047958677359374265 0.07953441953650604 0.11319270038330725 0.12496387922440312 0.14823333209166417 0.16650675239026275 0.19249295666400207 0.24034643457415836 0.37962806341533023 0.5548869731602285 0.6795559460826229 1.0085419745548272 1.0915598464414018 2.3074795780896764 3.061076653881373
1307 15684 -0.994780690495856 -0.5197758036598087 0.3764047809925769 0.9722276014734399 0.006866415383081888 0.011021890562292903 0.033676199127825525 0.047958677359374265 0.07953441953650604 0.11319270038330725 0.12496387922440312 0.14823333209166417 0.16650675239026275 0.19249295666400207 0.24034643457415836 0.37962806341533023 0.5548869731602285 0.6795559460826229 1.0085419745548272 1.0915598464414018 2.3074795780896764 3.061076653881373
1308 15696 -0.9948453899122616 -0.5204439970656838 0.3819621172222279 0.9724652308974984 0.006866415383081888 0.011021890562292903 0.033676199127825525 0.047958677359374265 0.07953441953650604 0.11319270038330725 0.12496387922440312 0.14823333209166417 0.16650675239026275 0.19249295666400207 0.24034643457415836 0.37962806341533023 0.5548869731602285 0.6795559460826229 1.0085419745548272 1.0915598464414018 2.3074795780896764 3.061076653881373
1309 15708 -0.9947911603654906 -0.5256087520395936 0.383232956481325 0.9723188405861788 0.006866415383081888 0.011021890562292903 0.033676199127825525 0.047958677359374265 0.07953441953650604 0.11319270038330725 0.12496387922440312 0.14823333209166417 0.16650675239026275 0.19249295666400207 0.24034643457415836 0.37962806341533023 0.5548869731602285 0.6795559460826229 1.0085419745548272 1.0915598464414018 2.3074795780896764 3.061076653881373
1310 15720 -0.994876734759975 -0.5260802651125831 0.39111597257467845 0.9712429340740516 0.006866415383081888 0.011021890562292903 0.033676199127825525 0.047958677359374265 0.07953441953650604 0.11319270038330725 0.12496387922440312 0.14823333209166417 0.16650675239026275 0.19249295666400207 0.24034643457415836 0.37962806341533023 0.5548869731602285 0.6795559460826229 1.0085419745548272 1.0915598464414018 2.3074795780896764 3.061076653881373
1311 15732 -0.9947881222095648 -0.5279994712511822 0.39386509060549196 0.970586262274448 0.006866415383081888 0.011021890562292903 0.033676199127825525 0.047958677359374265 0.07953441953650604 0.11319270038330725 0.12496387922440312 0.14823333209166417 0.16650675239026275 0.19249295666400207 0.24034643457415836 0.37962806341533023 0.5548869731602285 0.6795559460826229 1.0085419745548272 1.0915598464414018 2.3074795780896764 3.061076653881373
1312 15744 -0.9948981731506976 -0.510455347485961 0.3939787706511262 0.9710084529704283 0.006866415383081888 0.011021890562292903 0.033676199127825525 0.047958677359374265 0.07953441953650604 0.11319270038330725 0.12496387922440312 0.14823333209166417 0.16650675239026275 0.19249295666400207 0.24034643457415836 0.37962806341533023 0.5548869731602285 0.6795559460826229 1.0085419745548272 1.0915598464414018 2.3074795780896764 3.061076653881373
1313 15756 -0.994973076608138 -0.5074759900161 0.38911731344903494 0.971263566325687 0.006866415383081888 0.011021890562292903 0.033676199127825525 0.047958677359374265 0.07953441953650604 0.11319270038330725 0.12496387922440312 0.14823333209166417 0.16650675239026275 0.19249295666400207 0.24034643457415836 0.37962806341533023 0.5548869731602285 0.6795559460826229 1.0085419745548272 1.0915598464414018 2.3074795780896764 3.061076653881373
1314 15768 -0.9949693348916031 -0.5135668123135582 0.3916727009099156 0.9713709825561012 0.006866415383081888 0.011021890562292903 0.033676199127825525 0.047958677359374265 0.07953441953650604 0.11319270038330725 0.12496387922440312 0.14823333209166417 0.16650675239026275 0.19249295666400207 0.24034643457415836 0.37962806341533023 0.5548869731602285 0.6795559460826229 1.0085419745548272 1.0915598464414018 2.3074795780896764 3.061076653881373
1315 15780 -0.9949142869011033 -0.5085788089820202 0.38696781537721425 0.9707043162570378 0.007201414129771927 0.012538221015896968 0.03965414119428853 0.05416252394304225 0.0882459981523199 0.12164334553964062 0.142491731650782 0.16320683675617298 0.18743985095736862 0.2069332393976066 0.25454616107992206 0.43990139015270396 0.5580329918486859 0.7180707363110621 1.0050568174136962 1.1702000982120941 2.2721432719265953 3.0364994824336655
1316 15792 -0.9948375619235718 -0.5085207893354747 0.3815367998999317 0.9701324448296174 0.007201414129771927 0.012538221015896968 0.03965414119428853 0.05416252394304225 0.0882459981523199 0.12164334553964062 0.142491731650782 0.16320683675617298 0.18743985095736862 0.2069332393976066 0.25454616107992206 0.43990139015270396 0.5580329918486859 0.7180707363110621 1.0050568174136962 1.1702000982120941 2.2721432719265953 3.0364994824336655
1317 15804 -0.9950353780491559 -0.5044147800626231 0.3857433705724787 0.9695095351228671 0.007201414129771927 0.012538221015896968 0.03965414119428853 0.05416252394304225 0.0882459981523199 0.12164334553964062 0.142491731650782 0.16320683675617298 0.18743985095736862 0.2069332393976066 0.25454616107992206 0.43990139015270396 0.5580329918486859 0.7180707363110621 1.0050568174136962 1.1702000982120941 2.2721432719265953 3.0364994824336655
1318 15816 -0.9950687002366218 -0.4984262928361237 0.3807064231371345 0.9690330832440086 0.007201414129771927 0.012538221015896968 0.03965414119428853 0.05416252394304225 0.0882459981523199 0.12164334553964062 0.142491731650782 0.16320683675617298 0.18743985095736862 0.2069332393976066 0.25454616107992206 0.43990139015270396 0.5580329918486859 0.7180707363110621 1.0050568174136962 1.1702000982120941 2.2721432719265953 3.0364994824336655
1319 15828 -0.9951625447075887 -0.4836997315379098 0.3771575096226743 0.9688114687471379 0.007201414129771927 0.012538221015896968 0.03965414119428853 0.05416252394304225 0.0882459981523199 0.12164334553964062 0.142491731650782 0.16320683675617298 0.18743985095736862 0.2069332393976066 0.25454616107992206 0.43990139015270396 0.5580329918486859 0.7180707363110621 1.0050568174136962 1.1702000982120941 2.2721432719265953 3.0364994824336655
1320 15840 -0.9952115382778346 -0.48297212232200093 0.36589198081392144 0.9681264318716346 0.007201414129771927 0.012538221015896968 0.03965414119428853 0.05416252394304225 0.0882459981523199 0.12164334553964062 0.142491731650782 0.16320683675617298 0.18743985095736862 0.2069332393976066 0.25454616107992206 0.43990139015270396 0.5580329918486859 0.7180707363110621 1.0050568174136962 1.1702000982120941 2.2721432719265953 3.0364994824336655
1321 15852 -0.9952449423601448 -0.4851256652751126 0.36766063162416407 0.9681406089050063 0.007201414129771927 0.012538221015896968 0.03965414119428853 0.05416252394304225 0.0882459981523199 0.12164334553964062 0.142491731650782 0.16320683675617298 0.18743985095736862 0.2069332393976066 0.25454616107992206 0.43990139015270396 0.5580329918486859 0.7180707363110621 1.0050568174136962 1.1702000982120941 2.2721432719265953 3.0364994824336655
1322 15864 -0.9953181793204695 -0.4780774781867411 0.36213775803741544 0.9679031166939983 0.007201414129771927 0.012538221015896968 0.03965414119428853 0.05416252394304225 0.0882459981523199 0.12164334553964062 0.142491731650782 0.16320683675617298 0.18743985095736862 0.2069332393976066 0.25454616107992206 0.43990139015270396 0.5580329918486859 0.7180707363110621 1.0050568174136962 1.1702000982120941 2.2721432719265953 3.0364994824336655
1323 15876 -0.9953792470327515 -0.4890856610417875 0.37447671446996356 0.968426814776571 0.007201414129771927 0.012538221015896968 0.03965414119428853 0.05416252394304225 0.0882459981523199 0.12164334553964062 0.142491731650782 0.16320683675617298 0.18743985095736862 0.2069332393976066 0.25454616107992206 0.43990139015270396 0.5580329918486859 0.7180707363110621 1.0050568174136962 1.1702000982120941 2.2721432719265953 3.0364994824336655
1324 15888 -0.9954926019072026 -0.495107873364137 0.3893661832548685 0.9690472577408549 0.007201414129771927 0.012538221015896968 0.03965414119428853 0.05416252394304225 0.0882459981523199 0.12164334553964062 0.142491731650782 0.16320683675617298 0.18743985095736862 0.2069332393976066 0.25454616107992206 0.43990139015270396 0.5580329918486859 0.7180707363110621 1.0050568174136962 1.1702000982120941 2.2721432719265953 3.0364994824336655
1325 15900 -0.9955292907861883 -0.5054803623720319 0.40159715631807136 0.9693593317151219 0.007201414129771927 0.012538221015896968 0.03965414119428853 0.05416252394304225 0.0882459981523199 0.12164334553964062 0.142491731650782 0.16320683675617298 0.18743985095736862 0.2069332393976066 0.25454616107992206 0.43990139015270396 0.5580329918486859 0.7180707363110621 1.0050568174136962 1.1702000982120941 2.2721432719265953 3.0364994824336655
1326 15912 -0.9956451502127824 -0.5063303549209357 0.40939959171284307 0.9696436784640556 0.007201414129771927 0.012538221015896968 0.03965414119428853 0.05416252394304225 0.0882459981523199 0.12164334553964062 0.142491731650782 0.16320683675617298 0.18743985095736862 0.2069332393976066 0.25454616107992206 0.43990139015270396 0.5580329918486859 0.7180707363110621 1.0050568174136962 1.1702000982120941 2.2721432719265953 3.0364994824336655
1327 15924 -0.9954849115388409 -0.5048815335434056 0.4102156588660294 0.9697925045664219 0.007201414129771927 0.012538221015896968 0.03965414119428853 0.05416252394304225 0.0882459981523199 0.12164334553964062 0.142491731650782 0.16320683675617298 0.18743985095736862 0.2069332393976066 0.25454616107992206 0.43990139015270396 0.5580329918486859 0.7180707363110621 1.0050568174136962 1.1702000982120941 2.2721432719265953 3.0364994824336655
1328 15936 -0.9953908538350776 -0.49557361363007835 0.404932481545249 0.9703611625154817 0.007201414129771927 0.012538221015896968 0.03965414119428853 0.05416252394304225 0.0882459981523199 0.12164334553964062 0.142491731650782 0.16320683675617298 0.18743985095736862 0.2069332393976066 0.25454616107992206 0.43990139015270396 0.5580329918486859 0.7180707363110621 1.0050568174136962 1.1702000982120941 2.2721432719265953 3.0364994824336655
1329 15948 -0.9955063022201868 -0.49755428421887904 0.407040004072602 0.970421177967482 0.007201414129771927 0.012538221015896968 0.03965414119428853 0.05416252394304225 0.0882459981523199 0.12164334553964062 0.142491731650782 0.16320683675617298 0.18743985095736862 0.2069332393976066 0.25454616107992206 0.43990139015270396 0.5580329918486859 0.7180707363110621 1.0050568174136962 1.1702000982120941 2.2721432719265953 3.0364994824336655
1330 15960 -0.9954179131772254 -0.49864470765681107 0.40078078736409745 0.9710320547790277 0.007201414129771927 0.012538221015896968 0.03965414119428853 0.05416252394304225 0.0882459981523199 0.12164334553964062 0.142491731650782 0.16320683675617298 0.18743985095736862 0.2069332393976066 0.25454616107992206 0.43990139015270396 0.5580329918486859 0.7180707363110621 1.0050568174136962 1.1702000982120941 2.2721432719265953 3.0364994824336655
1331 15972 -0.9954885738250517 -0.5023568900528503 0.40445454460241 0.9718032998492904 0.007201414129771927 0.012538221015896968 0.03965414119428853 0.05416252394304225 0.0882459981523199 0.12164334553964062 0.142491731650782 0.16320683675617298 0.18743985095736862 0.2069332393976066 0.25454616107992206 0.43990139015270396 0.5580329918486859 0.7180707363110621 1.0050568174136962 1.1702000982120941 2.2721432719265953 3.0364994824336655
1332 15984 -0.9955611587241714 -0.49556337629887887 0.39564349120267367 0.9713907143964746 0.007201414129771927 0.012538221015896968 0.03965414119428853 0.05416252394304225 0.0882459981523199 0.12164334553964062 0.142491731650782 0.16320683675617298 0.18743985095736862 0.2069332393976066 0.25454616107992206 0.43990139015270396 0.5580329918486859 0.7180707363110621 1.0050568174136962 1.1702000982120941 2.2721432719265953 3.0364994824336655
1333 15996 -0.9955962518037768 -0.4999566821644147 0.40269351427315964 0.9725016920139133 0.0074916295336312335 0.013095884105508833 0.04261267618690679 0.0582779587574501 0.09073291702789683 0.12487869013799079 0.1429898663071686 0.18288728403968538 0.20768855284072615 0.22886317598108252 0.25214232768933037 0.47560317843188943 0.5507548969899095 0.751600641101266 0.9914765637680051 1.215833317263712 2.243969713995861 3.0276461464533573
1334 16008 -0.9956701561711342 -0.4934041345817074 0.40406895838078566 0.9713083449672215 0.0074916295336312335 0.013095884105508833 0.04261267618690679 0.0582779587574501 0.09073291702789683 0.12487869013799079 0.1429898663071686 0.18288728403968538 0.20768855284072615 0.22886317598108252 0.25214232768933037 0.47560317843188943 0.5507548969899095 0.751600641101266 0.9914765637680051 1.215833317263712 2.243969713995861 3.0276461464533573
1335 16020 -0.9956509266290116 -0.4945240832475607 0.4039341818515947 0.9707219261635339 0.0074916295336312335 0.013095884105508833 0.04261267618690679 0.0582779587574501 0.09073291702789683 0.12487869013799079 0.1429898663071686 0.18288728403968538 0.20768855284072615 0.22886317598108252 0.25214232768933037 0.47560317843188943 0.5507548969899095 0.751600641101266 0.9914765637680051 1.215833317263712 2.243969713995861 3.0276461464533573
1336 16032 -0.995626367597172 -0.4898697895042949 0.4014592438775727 0.9704157739450676 0.0074916295336312335 0.013095884105508833 0.04261267618690679 0.0582779587574501 0.09073291702789683 0.12487869013799079 0.1429898663071686 0.18288728403968538 0.20768855284072615 0.22886317598108252 0.25214232768933037 0.47560317843188943 0.5507548969899095 0.751600641101266 0.9914765637680051 1.215833317263712 2.243969713995861 3.0276461464533573
1337 16044 -0.995685541532013 -0.4803376943947464 0.4033669110868567 0.9699045891154712 0.0074916295336312335 0.013095884105508833 0.04261267618690679 0.0582779587574501 0.09073291702789683 0.12487869013799079 0.1429898663071686 0.18288728403968538 0.20768855284072615 0.22886317598108252 0.25214232768933037 0.47560317843188943 0.5507548969899095 0.751600641101266 0.9914765637680051 1.215833317263712 2.243969713995861 3.0276461464533573
1338 16056 -0.9956051026604466 -0.47299010089146354 0.3951640457605099 0.9693816348767286 0.0074916295336312335 0.013095884105508833 0.04261267618690679 0.0582779587574501 0.09073291702789683 0.12487869013799079 0.1429898663071686 0.18288728403968538 0.20768855284072615 0.22886317598108252 0.25214232768933037 0.47560317843188943 0.5507548969899095 0.751600641101266 0.9914765637680051 1.215833317263712 2.243969713995861 3.0276461464533573
1339 16068 -0.9954979772918574 -0.47303601291936603 0.38750035016606954 0.969626623881394 0.0074916295336312335 0.013095884105508833 0.04261267618690679 0.0582779587574501 0.09073291702789683 0.12487869013799079 0.1429898663071686 0.18288728403968538 0.20768855284072615 0.22886317598108252 0.25214232768933037 0.47560317843188943 0.5507548969899095 0.751600641101266 0.9914765637680051 1.215833317263712 2.243969713995861 3.0276461464533573
1340 16080 -0.9954650758054924 -0.4789937955188982 0.3901248225426498 0.969654300911877 0.0074916295336312335 0.013095884105508833 0.04261267618690679 0.0582779587574501 0.09073291702789683 0.12487869013799079 0.1429898663071686 0.18288728403968538 0.20768855284072615 0.22886317598108252 0.25214232768933037 0.47560317843188943 0.5507548969899095 0.751600641101266 0.9914765637680051 1.215833317263712 2.243969713995861 3.0276461464533573
1341 16092 -0.995423573536162 -0.479379500606977 0.38967412995903833 0.969701242667755 0.0074916295336312335 0.013095884105508833 0.04261267618690679 0.0582779587574501 0.09073291702789683 0.12487869013799079 0.1429898663071686 0.18288728403968538 0.20768855284072615 0.22886317598108252 0.25214232768933037 0.47560317843188943 0.5507548969899095 0.751600641101266 0.9914765637680051 1.215833317263712 2.243969713995861 3.0276461464533573
1342 16104 -0.9955001862990038 -0.47988973276731806 0.3930186031661701 0.9688949023723622 0.0074916295336312335 0.013095884105508833 0.04261267618690679 0.0582779587574501 0.09073291702789683 0.12487869013799079 0.1429898663071686 0.18288728403968538 0.20768855284072615 0.22886317598108252 0.25214232768933037 0.47560317843188943 0.5507548969899095 0.751600641101266 0.9914765637680051 1.215833317263712 2.243969713995861 3.0276461464533573
1343 16116 -0.9955636960466393 -0.4771135278513402 0.38912876815915826 0.9688176116339986 0.0074916295336312335 0.013095884105508833 0.04261267618690679 0.0582779587574501 0.09073291702789683 0.12487869013799079 0.1429898663071686 0.18288728403968538 0.20768855284072615 0.22886317598108252 0.25214232768933037 0.47560317843188943 0.5507548969899095 0.751600641101266 0.9914765637680051 1.215833317263712 2.243969713995861 3.0276461464533573
1344 16128 -0.995560514810002 -0.4805899439298142 0.3944000525920564 0.9686209469397911 0.0074916295336312335 0.013095884105508833 0.04261267618690679 0.0582779587574501 0.09073291702789683 0.12487869013799079 0.1429898663071686 0.18288728403968538 0.20768855284072615 0.22886317598108252 0.25214232768933037 0.47560317843188943 0.5507548969899095 0.751600641101266 0.9914765637680051 1.215833317263712 2.243969713995861 3.0276461464533573
1345 16140 -0.9954962544660175 -0.46528069139391764 0.387454330835842 0.9684354231321521 0.0074916295336312335 0.013095884105508833 0.04261267618690679 0.0582779587574501 0.09073291702789683 0.12487869013799079 0.1429898663071686 0.18288728403968538 0.20768855284072615 0.22886317598108252 0.25214232768933037 0.47560317843188943 0.5507548969899095 0.751600641101266 0.9914765637680051 1.215833317263712 2.243969713995861 3.0276461464533573
1346 16152 -0.9953225160514247 -0.4696389994644534 0.38690840010355193 0.9678095141033931 0.0074916295336312335 0.013095884105508833 0.04261267618690679 0.0582779587574501 0.09073291702789683 0.12487869013799079 0.1429898663071686 0.18288728403968538 0.20768855284072615 0.22886317598108252 0.25214232768933037 0.47560317843188943 0.5507548969899095 0.751600641101266 0.9914765637680051 1.215833317263712 2.243969713995861 3.0276461464533573
1347 16164 -0.9953123091620291 -0.4657836048906936 0.386823281003701 0.9678203920775571 0.0074916295336312335 0.013095884105508833 0.04261267618690679 0.0582779587574501 0.09073291702789683 0.12487869013799079 0.1429898663071686 0.18288728403968538 0.20768855284072615 0.22886317598108252 0.25214232768933037 0.47560317843188943 0.5507548969899095 0.751600641101266 0.9914765637680051 1.215833317263712 2.243969713995861 3.0276461464533573
1348 16176 -0.9952337548507932 -0.4723676264441234 0.3783661445648244 0.9668395418501818 0.0074916295336312335 0.013095884105508833 0.04261267618690679 0.0582779587574501 0.09073291702789683 0.12487869013799079 0.1429898663071686 0.18288728403968538 0.20768855284072615 0.22886317598108252 0.25214232768933037 0.47560317843188943 0.5507548969899095 0.751600641101266 0.9914765637680051 1.215833317263712 2.243969713995861 3.0276461464533573
1349 16188 -0.9951178934698731 -0.48125323099340905 0.38770765444642363 0.9665480805373959 0.0074916295336312335 0.013095884105508833 0.04261267618690679 0.0582779587574501 0.09073291702789683 0.12487869013799079 0.1429898663071686 0.18288728403968538 0.20768855284072615 0.22886317598108252 0.25214232768933037 0.47560317843188943 0.5507548969899095 0.751600641101266 0.9914765637680051 1.215833317263712 2.243969713995861 3.0276461464533573
1350 16200 -0.9951664626605025 -0.482843860135341 0.3928769609402005 0.9665748486775552 0.0074916295336312335 0.013095884105508833 0.04261267618690679 0.0582779587574501 0.09073291702789683 0.12487869013799079 0.1429898663071686 0.18288728403968538 0.20768855284072615 0.22886317598108252 0.25214232768933037 0.47560317843188943 0.5507548969899095 0.751600641101266 0.9914765637680051 1.215833317263712 2.243969713995861 3.0276461464533573
1351 16212 -0.995103991297221 -0.4833111137457935 0.3954130946055512 0.9656941105654903 0.008033994034825964 0.014041065286194358 0.04706808075098277 0.06355430973754435 0.09134857800863697 0.1291274474762804 0.15287595083068997 0.19161970100817763 0.21695124895660767 0.24109681876286468 0.2610520853213552 0.4889314035300135 0.591998004297465 0.7464221073775957 1.0226864381760563 1.2209748231106308 2.2529479512965245 2.9959855395322528
1352 16224 -0.9951119203776799 -0.4930568849340741 0.4112544443422004 0.9653864619138202 0.008033994034825964 0.014041065286194358 0.04706808075098277 0.06355430973754435 0.09134857800863697 0.1291274474762804 0.15287595083068997 0.19161970100817763 0.21695124895660767 0.24109681876286468 0.2610520853213552 0.4889314035300135 0.591998004297465 0.7464221073775957 1.0226864381760563 1.2209748231106308 2.2529479512965245 2.9959855395322528
1353 16236 -0.9951183169842976 -0.48802533040558127 0.41664440035933803 0.9654101697272053 0.008033994034825964 0.014041065286194358 0.04706808075098277 0.06355430973754435 0.09134857800863697 0.1291274474762804 0.15287595083068997 0.19161970100817763 0.21695124895660767 0.24109681876286468 0.2610520853213552 0.4889314035300135 0.591998004297465 0.7464221073775957 1.0226864381760563 1.2209748231106308 2.2529479512965245 2.9959855395322528
1354 16248 -0.9951760161276194 -0.4836385908200064 0.41877147164232265 0.9646007297533853 0.008033994034825964 0.014041065286194358 0.04706808075098277 0.06355430973754435 0.09134857800863697 0.1291274474762804 0.15287595083068997 0.19161970100817763 0.21695124895660767 0.24109681876286468 0.2610520853213552 0.4889314035300135 0.591998004297465 0.7464221073775957 1.0226864381760563 1.2209748231106308 2.2529479512965245 2.9959855395322528
1355 16260 -0.9951455192568135 -0.4903354614897976 0.42793598041407366 0.964812816190988 0.008033994034825964 0.014041065286194358 0.04706808075098277 0.06355430973754435 0.09134857800863697 0.1291274474762804 0.15287595083068997 0.19161970100817763 0.21695124895660767 0.24109681876286468 0.2610520853213552 0.4889314035300135 0.591998004297465 0.7464221073775957 1.0226864381760563 1.2209748231106308 2.2529479512965245 2.9959855395322528
1356 16272 -0.9952248727149581 -0.4877163825265407 0.43049175500886433 0.9645271532870883 0.008033994034825964 0.014041065286194358 0.04706808075098277 0.06355430973754435 0.09134857800863697 0.1291274474762804 0.15287595083068997 0.19161970100817763 0.21695124895660767 0.24109681876286468 0.2610520853213552 0.4889314035300135 0.591998004297465 0.7464221073775957 1.0226864381760563 1.2209748231106308 2.2529479512965245 2.9959855395322528
1357 16284 -0.9952415725128451 -0.4835097412989499 0.4297582401678798 0.9644918204169831 0.008033994034825964 0.014041065286194358 0.04706808075098277 0.06355430973754435 0.09134857800863697 0.1291274474762804 0.15287595083068997 0.19161970100817763 0.21695124895660767 0.24109681876286468 0.2610520853213552 0.4889314035300135 0.591998004297465 0.7464221073775957 1.0226864381760563 1.2209748231106308 2.2529479512965245 2.9959855395322528
1358 16296 -0.9952370806743013 -0.4760938715949909 0.4247201473275601 0.9644873868122092 0.008033994034825964 0.014041065286194358 0.04706808075098277 0.06355430973754435 0.09134857800863697 0.1291274474762804 0.15287595083068997 0.19161970100817763 0.21695124895660767 0.24109681876286468 0.2610520853213552 0.4889314035300135 0.591998004297465 0.7464221073775957 1.0226864381760563 1.2209748231106308 2.2529479512965245 2.9959855395322528
1359 16308 -0.9951949974398611 -0.47226040273367464 0.41283428737903577 0.9636639313082794 0.008033994034825964 0.014041065286194358 0.04706808075098277 0.06355430973754435 0.09134857800863697 0.1291274474762804 0.15287595083068997 0.19161970100817763 0.21695124895660767 0.24109681876286468 0.2610520853213552 0.4889314035300135 0.591998004297465 0.7464221073775957 1.0226864381760563 1.2209748231106308 2.2529479512965245 2.9959855395322528
1360 16320 -0.9952798500292455 -0.465519020450495 0.4085794328360994 0.9628701163838027 0.008033994034825964 0.014041065286194358 0.04706808075098277 0.06355430973754435 0.09134857800863697 0.1291274474762804 0.15287595083068997 0.19161970100817763 0.21695124895660767 0.24109681876286468 0.2610520853213552 0.4889314035300135 0.591998004297465 0.7464221073775957 1.0226864381760563 1.2209748231106308 2.2529479512965245 2.9959855395322528
1361 16332 -0.9953406835544178 -0.4724994751591738 0.4174083058445219 0.962994580881118 0.008033994034825964 0.014041065286194358 0.04706808075098277 0.06355430973754435 0.09134857800863697 0.1291274474762804 0.15287595083068997 0.19161970100817763 0.21695124895660767 0.24109681876286468 0.2610520853213552 0.4889314035300135 0.591998004297465 0.7464221073775957 1.0226864381760563 1.2209748231106308 2.2529479512965245 2.9959855395322528
1362 16344 -0.9952956440249674 -0.4725858002546353 0.4154475810710416 0.9625760873975697 0.008033994034825964 0.014041065286194358 0.04706808075098277 0.06355430973754435 0.09134857800863697 0.1291274474762804 0.15287595083068997 0.19161970100817763 0.21695124895660767 0.24109681876286468 0.2610520853213552 0.4889314035300135 0.591998004297465 0.7464221073775957 1.0226864381760563 1.2209748231106308 2.2529479512965245 2.9959855395322528
1363 16356 -0.9954750963297908 -0.4637855017188681 0.41117313232753105 0.9618685797451029 0.008033994034825964 0.014041065286194358 0.04706808075098277 0.06355430973754435 0.09134857800863697 0.1291274474762804 0.15287595083068997 0.19161970100817763 0.21695124895660767 0.24109681876286468 0.2610520853213552 0.4889314035300135 0.591998004297465 0.7464221073775957 1.0226864381760563 1.2209748231106308 2.2529479512965245 2.9959855395322528
1364 16368 -0.9955836667211383 -0.4498694753886787 0.3988372585290929 0.9612947990992411 0.008033994034825964 0.014041065286194358 0.04706808075098277 0.06355430973754435 0.09134857800863697 0.1291274474762804 0.15287595083068997 0.19161970100817763 0.21695124895660767 0.24109681876286468 0.2610520853213552 0.4889314035300135 0.591998004297465 0.7464221073775957 1.0226864381760563 1.2209748231106308 2.2529479512965245 2.9959855395322528
1365 16380 -0.9956406792205112 -0.4462188120803855 0.39616766280596627 0.9620499720913834 0.008033994034825964 0.014041065286194358 0.04706808075098277 0.06355430973754435 0.09134857800863697 0.1291274474762804 0.15287595083068997 0.19161970100817763 0.21695124895660767 0.24109681876286468 0.2610520853213552 0.4889314035300135 0.591998004297465 0.7464221073775957 1.0226864381760563 1.2209748231106308 2.2529479512965245 2.9959855395322528
1366 16392 -0.9955973653247581 -0.45244069267210446 0.3994636842739977 0.9621303723026836 0.008033994034825964 0.014041065286194358 0.04706808075098277 0.06355430973754435 0.09134857800863697 0.1291274474762804 0.15287595083068997 0.19161970100817763 0.21695124895660767 0.24109681876286468 0.2610520853213552 0.4889314035300135 0.591998004297465 0.7464221073775957 1.0226864381760563 1.2209748231106308 2.2529479512965245 2.9959855395322528
1367 16404 -0.9957207841478761 -0.4595976491688233 0.4027498347070809 0.9619427571779999 0.008033994034825964 0.014041065286194358 0.04706808075098277 0.06355430973754435 0.09134857800863697 0.1291274474762804 0.15287595083068997 0.19161970100817763 0.21695124895660767 0.24109681876286468 0.2610520853213552 0.4889314035300135 0.591998004297465 0.7464221073775957 1.0226864381760563 1.2209748231106308 2.2529479512965245 2.9959855395322528
1368 16416 -0.9957127939437138 -0.4571949593504311 0.3997319812845511 0.9613825365464709 0.008033994034825964 0.014041065286194358 0.04706808075098277 0.06355430973754435 0.09134857800863697 0.1291274474762804 0.15287595083068997 0.19161970100817763 0.21695124895660767 0.24109681876286468 0.2610520853213552 0.4889314035300135 0.591998004297465 0.7464221073775957 1.0226864381760563 1.2209748231106308 2.2529479512965245 2.9959855395322528
1369 16428 -0.9956919748490183 -0.4655444386021276 0.40978311301524023 0.962437486733891 0.00825744429382673 0.014388386946066707 0.049454052895799565 0.06631230534980734 0.09551417089376218 0.13135059316983402 0.15913634941566393 0.1941444940860555 0.23822687884012259 0.2729622072065109 0.2835334484359113 0.4717164790521334 0.6385760158417969 0.7838407026837779 1.0017092066261872 1.2443110615614028 2.2504140633064726 2.9717067346643775
1370 16440 -0.9956984974993217 -0.4684369290852142 0.4065845647106577 0.9621131625836662 0.00825744429382673 0.014388386946066707 0.049454052895799565 0.06631230534980734 0.09551417089376218 0.13135059316983402 0.15913634941566393 0.1941444940860555 0.23822687884012259 0.2729622072065109 0.2835334484359113 0.4717164790521334 0.6385760158417969 0.7838407026837779 1.0017092066261872 1.2443110615614028 2.2504140633064726 2.9717067346643775
1371 16452 -0.9956822640211044 -0.46473292285670337 0.4080135059759712 0.9616663620496646 0.00825744429382673 0.014388386946066707 0.049454052895799565 0.06631230534980734 0.09551417089376218 0.13135059316983402 0.15913634941566393 0.1941444940860555 0.23822687884012259 0.2729622072065109 0.2835334484359113 0.4717164790521334 0.6385760158417969 0.7838407026837779 1.0017092066261872 1.2443110615614028 2.2504140633064726 2.9717067346643775
1372 16464 -0.9957214603293998 -0.46676325175366024 0.408231069889377 0.9615867576016122 0.00825744429382673 0.014388386946066707 0.049454052895799565 0.06631230534980734 0.09551417089376218 0.13135059316983402 0.15913634941566393 0.1941444940860555 0.23822687884012259 0.2729622072065109 0.2835334484359113 0.4717164790521334 0.6385760158417969 0.7838407026837779 1.0017092066261872 1.2443110615614028 2.2504140633064726 2.9717067346643775
1373 16476 -0.9957407060059781 -0.45632883852658807 0.40354597429439953 0.9612986316193709 0.00825744429382673 0.014388386946066707 0.049454052895799565 0.06631230534980734 0.09551417089376218 0.13135059316983402 0.15913634941566393 0.1941444940860555 0.23822687884012259 0.2729622072065109 0.2835334484359113 0.4717164790521334 0.6385760158417969 0.7838407026837779 1.0017092066261872 1.2443110615614028 2.2504140633064726 2.9717067346643775
1374 16488 -0.9956106786287839 -0.4603490830958459 0.4044788365627679 0.9601707294130969 0.00825744429382673 0.014388386946066707 0.049454052895799565 0.06631230534980734 0.09551417089376218 0.13135059316983402 0.15913634941566393 0.1941444940860555 0.23822687884012259 0.2729622072065109 0.2835334484359113 0.4717164790521334 0.6385760158417969 0.7838407026837779 1.0017092066261872 1.2443110615614028 2.2504140633064726 2.9717067346643775
1375 16500 -0.9956986849746456 -0.46040912551936203 0.4006651848853374 0.9598734991747505 0.00825744429382673 0.014388386946066707 0.049454052895799565 0.06631230534980734 0.09551417089376218 0.13135059316983402 0.15913634941566393 0.1941444940860555 0.23822687884012259 0.2729622072065109 0.2835334484359113 0.4717164790521334 0.6385760158417969 0.7838407026837779 1.0017092066261872 1.2443110615614028 2.2504140633064726 2.9717067346643775
1376 16512 -0.9956158405985983 -0.45797851820736196 0.3991209915569267 0.9584891599398248 0.00825744429382673 0.014388386946066707 0.049454052895799565 0.06631230534980734 0.09551417089376218 0.13135059316983402 0.15913634941566393 0.1941444940860555 0.23822687884012259 0.2729622072065109 0.2835334484359113 0.4717164790521334 0.6385760158417969 0.7838407026837779 1.0017092066261872 1.2443110615614028 2.2504140633064726 2.9717067346643775
1377 16524 -0.9956612199027244 -0.45840198691328277 0.3995633529799946 0.9574413816613703 0.00825744429382673 0.014388386946066707 0.049454052895799565 0.06631230534980734 0.09551417089376218 0.13135059316983402 0.15913634941566393 0.1941444940860555 0.23822687884012259 0.2729622072065109 0.2835334484359113 0.4717164790521334 0.6385760158417969 0.7838407026837779 1.0017092066261872 1.2443110615614028 2.2504140633064726 2.9717067346643775
1378 16536 -0.9957066286030849 -0.4617138986296689 0.4045425925433491 0.95655763091296 0.00825744429382673 0.014388386946066707 0.049454052895799565 0.06631230534980734 0.09551417089376218 0.13135059316983402 0.15913634941566393 0.1941444940860555 0.23822687884012259 0.2729622072065109 0.2835334484359113 0.4717164790521334 0.6385760158417969 0.7838407026837779 1.0017092066261872 1.2443110615614028 2.2504140633064726 2.9717067346643775
1379 16548 -0.9959334828596902 -0.4671847219295471 0.4014482469507614 0.9577258282003173 0.00825744429382673 0.014388386946066707 0.049454052895799565 0.06631230534980734 0.09551417089376218 0.13135059316983402 0.15913634941566393 0.1941444940860555 0.23822687884012259 0.2729622072065109 0.2835334484359113 0.4717164790521334 0.6385760158417969 0.7838407026837779 1.0017092066261872 1.2443110615614028 2.2504140633064726 2.9717067346643775
1380 16560 -0.995979343593834 -0.46897594863454395 0.4030285328428336 0.9577537526285489 0.00825744429382673 0.014388386946066707 0.049454052895799565 0.06631230534980734 0.09551417089376218 0.13135059316983402 0.15913634941566393 0.1941444940860555 0.23822687884012259 0.2729622072065109 0.2835334484359113 0.4717164790521334 0.6385760158417969 0.7838407026837779 1.0017092066261872 1.2443110615614028 2.2504140633064726 2.9717067346643775
1381 16572 -0.9959340635881636 -0.46921057387235016 0.4004464526259898 0.95704545805492 0.00825744429382673 0.014388386946066707 0.049454052895799565 0.06631230534980734 0.09551417089376218 0.13135059316983402 0.15913634941566393 0.1941444940860555 0.23822687884012259 0.2729622072065109 0.2835334484359113 0.4717164790521334 0.6385760158417969 0.7838407026837779 1.0017092066261872 1.2443110615614028 2.2504140633064726 2.9717067346643775
1382 16584 -0.9959855113936013 -0.46688818976978064 0.40205773551633517 0.9575331920888868 0.00825744429382673 0.014388386946066707 0.049454052895799565 0.06631230534980734 0.09551417089376218 0.13135059316983402 0.15913634941566393 0.1941444940860555 0.23822687884012259 0.2729622072065109 0.2835334484359113 0.4717164790521334 0.6385760158417969 0.7838407026837779 1.0017092066261872 1.2443110615614028 2.2504140633064726 2.9717067346643775
1383 16596 -0.9959440131684156 -0.4668153957492241 0.40945359166351464 0.9568852271640099 0.00825744429382673 0.014388386946066707 0.049454052895799565 0.06631230534980734 0.09551417089376218 0.13135059316983402 0.15913634941566393 0.1941444940860555 0.23822687884012259 0.2729622072065109 0.2835334484359113 0.4717164790521334 0.6385760158417969 0.7838407026837779 1.0017092066261872 1.2443110615614028 2.2504140633064726 2.9717067346643775
1384 16608 -0.9960168233473132 -0.45838280942733034 0.4087510592064457 0.9570204427480657 0.00825744429382673 0.014388386946066707 0.049454052895799565 0.06631230534980734 0.09551417089376218 0.13135059316983402 0.15913634941566393 0.1941444940860555 0.23822687884012259 0.2729622072065109 0.2835334484359113 0.4717164790521334 0.6385760158417969 0.7838407026837779 1.0017092066261872 1.2443110615614028 2.2504140633064726 2.9717067346643775
1385 16620 -0.9959791024168921 -0.4590496943283783 0.42035428265163016 0.9583330887102599 0.00825744429382673 0.014388386946066707 0.049454052895799565 0.06631230534980734 0.09551417089376218 0.13135059316983402 0.15913634941566393 0.1941444940860555 0.23822687884012259 0.2729622072065109 0.2835334484359113 0.4717164790521334 0.6385760158417969 0.7838407026837779 1.0017092066261872 1.2443110615614028 2.2504140633064726 2.9717067346643775
1386 16632 -0.9960309565774268 -0.46072421154905707 0.4213113332329443 0.958345524909897 0.00825744429382673 0.014388386946066707 0.049454052895799565 0.06631230534980734 0.09551417089376218 0.13135059316983402 0.15913634941566393 0.1941444940860555 0.23822687884012259 0.2729622072065109 0.2835334484359113 0.4717164790521334 0.6385760158417969 0.7838407026837779 1.0017092066261872 1.2443110615614028 2.2504140633064726 2.9717067346643775
1387 16644 -0.996065500321913 -0.4535987677332858 0.41781145462696684 0.9586349997916986 0.008981062531360268 0.014190102083415828 0.05038270841396747 0.06760483399093711 0.0907731926266029 0.12844284554690222 0.1630504204211736 0.18872319032696844 0.2288105038302444 0.25312177839207334 0.3103263924340655 0.43557654629072995 0.6688186700423399 0.8081076905896314 0.9939232262115067 1.2033999739555985 2.240632771220955 2.9910481619558236
1388 16656 -0.9961133889750018 -0.4540854539056472 0.42173151249188195 0.9580500499680612 0.008981062531360268 0.014190102083415828 0.05038270841396747 0.06760483399093711 0.0907731926266029 0.12844284554690222 0.1630504204211736 0.18872319032696844 0.2288105038302444 0.25312177839207334 0.3103263924340655 0.43557654629072995 0.6688186700423399 0.8081076905896314 0.9939232262115067 1.2033999739555985 2.240632771220955 2.9910481619558236
1389 16668 -0.9960499269306221 -0.4567728211948001 0.42322917475648714 0.9579592745922192 0.008981062531360268 0.014190102083415828 0.05038270841396747 0.06760483399093711 0.0907731926266029 0.12844284554690222 0.1630504204211736 0.18872319032696844 0.2288105038302444 0.25312177839207334 0.3103263924340655 0.43557654629072995 0.6688186700423399 0.8081076905896314 0.9939232262115067 1.2033999739555985 2.240632771220955 2.9910481619558236
1390 16680 -0.9960714949187481 -0.45756632024215904 0.42776975272866863 0.9584706449194973 0.008981062531360268 0.014190102083415828 0.05038270841396747 0.06760483399093711 0.0907731926266029 0.12844284554690222 0.1630504204211736 0.18872319032696844 0.2288105038302444 0.25312177839207334 0.3103263924340655 0.43557654629072995 0.6688186700423399 0.8081076905896314 0.9939232262115067 1.2033999739555985 2.240632771220955 2.9910481619558236
1391 16692 -0.9960657782400854 -0.4550549337722049 0.43257088222874224 0.9591803101870396 0.008981062531360268 0.014190102083415828 0.05038270841396747 0.06760483399093711 0.0907731926266029 0.12844284554690222 0.1630504204211736 0.18872319032696844 0.2288105038302444 0.25312177839207334 0.3103263924340655 0.43557654629072995 0.6688186700423399 0.8081076905896314 0.9939232262115067 1.2033999739555985 2.240632771220955 2.9910481619558236
1392 16704 -0.9960238941650222 -0.45179687293556176 0.43069512098289486 0.9587699830103564 0.008981062531360268 0.014190102083415828 0.05038270841396747 0.06760483399093711 0.0907731926266029 0.12844284554690222 0.1630504204211736 0.18872319032696844 0.2288105038302444 0.25312177839207334 0.3103263924340655 0.43557654629072995 0.6688186700423399 0.8081076905896314 0.9939232262115067 1.2033999739555985 2.240632771220955 2.9910481619558236
1393 16716 -0.99616878208499 -0.45462146554774796 0.4265756735699293 0.9591804894019971 0.008981062531360268 0.014190102083415828 0.05038270841396747 0.06760483399093711 0.0907731926266029 0.12844284554690222 0.1630504204211736 0.18872319032696844 0.2288105038302444 0.25312177839207334 0.3103263924340655 0.43557654629072995 0.6688186700423399 0.8081076905896314 0.9939232262115067 1.2033999739555985 2.240632771220955 2.9910481619558236
1394 16728 -0.9962080942227904 -0.45766330991757914 0.4204337514186035 0.958613989006723 0.008981062531360268 0.014190102083415828 0.05038270841396747 0.06760483399093711 0.0907731926266029 0.12844284554690222 0.1630504204211736 0.18872319032696844 0.2288105038302444 0.25312177839207334 0.3103263924340655 0.43557654629072995 0.6688186700423399 0.8081076905896314 0.9939232262115067 1.2033999739555985 2.240632771220955 2.9910481619558236
1395 16740 -0.9961871150460746 -0.45694858447624426 0.41503063116371997 0.9591082779845035 0.008981062531360268 0.014190102083415828 0.05038270841396747 0.06760483399093711 0.0907731926266029 0.12844284554690222 0.1630504204211736 0.18872319032696844 0.2288105038302444 0.25312177839207334 0.3103263924340655 0.43557654629072995 0.6688186700423399 0.8081076905896314 0.9939232262115067 1.2033999739555985 2.240632771220955 2.9910481619558236
1396 16752 -0.9962872161108453 -0.4607263171650882 0.40353349881858347 0.958050852171341 0.008981062531360268 0.014190102083415828 0.05038270841396747 0.06760483399093711 0.0907731926266029 0.12844284554690222 0.1630504204211736 0.18872319032696844 0.2288105038302444 0.25312177839207334 0.3103263924340655 0.43557654629072995 0.6688186700423399 0.8081076905896314 0.9939232262115067 1.2033999739555985 2.240632771220955 2.9910481619558236
1397 16764 -0.9963361686257451 -0.4607473285141602 0.40617232882240606 0.9591693395186778 0.008981062531360268 0.014190102083415828 0.05038270841396747 0.06760483399093711 0.0907731926266029 0.12844284554690222 0.1630504204211736 0.18872319032696844 0.2288105038302444 0.25312177839207334 0.3103263924340655 0.43557654629072995 0.6688186700423399 0.8081076905896314 0.9939232262115067 1.2033999739555985 2.240632771220955 2.9910481619558236
1398 16776 -0.996381390372319 -0.45975162692102095 0.4043480075824313 0.9590902874592492 0.008981062531360268 0.014190102083415828 0.05038270841396747 0.06760483399093711 0.0907731926266029 0.12844284554690222 0.1630504204211736 0.18872319032696844 0.2288105038302444 0.25312177839207334 0.3103263924340655 0.43557654629072995 0.6688186700423399 0.8081076905896314 0.9939232262115067 1.2033999739555985 2.240632771220955 2.9910481619558236
1399 16788 -0.9962885150898508 -0.45110071574306565 0.4009930332653347 0.9586346035936383 0.008981062531360268 0.014190102083415828 0.05038270841396747 0.06760483399093711 0.0907731926266029 0.12844284554690222 0.1630504204211736 0.18872319032696844 0.2288105038302444 0.25312177839207334 0.3103263924340655 0.43557654629072995 0.6688186700423399 0.8081076905896314 0.9939232262115067 1.2033999739555985 2.240632771220955 2.9910481619558236
1400 16800 -0.9962875570907984 -0.45463717205804094 0.40624805636344385 0.9588982181366936 0.008981062531360268 0.014190102083415828 0.05038270841396747 0.06760483399093711 0.0907731926266029 0.12844284554690222 0.1630504204211736 0.18872319032696844 0.2288105038302444 0.25312177839207334 0.3103263924340655 0.43557654629072995 0.6688186700423399 0.8081076905896314 0.9939232262115067 1.2033999739555985 2.240632771220955 2.9910481619558236
1401 16812 -0.996301318933882 -0.45607015757675134 0.4014528231671668 0.9579906388065234 0.008981062531360268 0.014190102083415828 0.05038270841396747 0.06760483399093711 0.0907731926266029 0.12844284554690222 0.1630504204211736 0.18872319032696844 0.2288105038302444 0.25312177839207334 0.3103263924340655 0.43557654629072995 0.6688186700423399 0.8081076905896314 0.9939232262115067 1.2033999739555985 2.240632771220955 2.9910481619558236
1402 16824 -0.996287280840712 -0.46075365325476125 0.39576594606169657 0.9579745332806033 0.008981062531360268 0.014190102083415828 0.05038270841396747 0.06760483399093711 0.0907731926266029 0.12844284554690222 0.1630504204211736 0.18872319032696844 0.2288105038302444 0.25312177839207334 0.3103263924340655 0.43557654629072995 0.6688186700423399 0.8081076905896314 0.9939232262115067 1.2033999739555985 2.240632771220955 2.9910481619558236
1403 16836 -0.996380446019817 -0.4562641877361722 0.39974889821981346 0.9572970447521584 0.008981062531360268 0.014190102083415828 0.05038270841396747 0.06760483399093711 0.0907731926266029 0.12844284554690222 0.1630504204211736 0.18872319032696844 0.2288105038302444 0.25312177839207334 0.3103263924340655 0.43557654629072995 0.6688186700423399 0.8081076905896314 0.9939232262115067 1.2033999739555985 2.240632771220955 2.9910481619558236
1404 16848 -0.9962309361907524 -0.46244699845898296 0.40329333237940734 0.9564620684613832 0.008981062531360268 0.014190102083415828 0.05038270841396747 0.06760483399093711 0.0907731926266029 0.12844284554690222 0.1630504204211736 0.18872319032696844 0.2288105038302444 0.25312177839207334 0.3103263924340655 0.43557654629072995 0.6688186700423399 0.8081076905896314 0.9939232262115067 1.2033999739555985 2.240632771220955 2.9910481619558236
1405 16860 -0.9963037453894574 -0.4650393016078667 0.40685842753869444 0.9567894526666822 0.008905513727914139 0.01346943243733448 0.051281573514732656 0.06898093469204913 0.09257711031816074 0.12780897427401777 0.1708060321736993 0.18355136996249954 0.2346808210075723 0.26171679919463636 0.3009201687129096 0.4492482648324027 0.664278484621384 0.788682074121102 1.0282682352744854 1.2486421940515962 2.2302650506610395 2.9723427638558144
1406 16872 -0.9962788522771457 -0.4720965585397989 0.41449440509397895 0.9565888178494374 0.008905513727914139 0.01346943243733448 0.051281573514732656 0.06898093469204913 0.09257711031816074 0.12780897427401777 0.1708060321736993 0.18355136996249954 0.2346808210075723 0.26171679919463636 0.3009201687129096 0.4492482648324027 0.664278484621384 0.788682074121102 1.0282682352744854 1.2486421940515962 2.2302650506610395 2.9723427638558144
1407 16884 -0.9963051454962114 -0.46492334172823435 0.4100045142186501 0.9572957417260026 0.008905513727914139 0.01346943243733448 0.051281573514732656 0.06898093469204913 0.09257711031816074 0.12780897427401777 0.1708060321736993 0.18355136996249954 0.2346808210075723 0.26171679919463636 0.3009201687129096 0.4492482648324027 0.664278484621384 0.788682074121102 1.0282682352744854 1.2486421940515962 2.2302650506610395 2.9723427638558144
1408 16896 -0.9962738518970564 -0.4664941606834592 0.4069840191305668 0.956976783688863 0.008905513727914139 0.01346943243733448 0.051281573514732656 0.06898093469204913 0.09257711031816074 0.12780897427401777 0.1708060321736993 0.18355136996249954 0.2346808210075723 0.26171679919463636 0.3009201687129096 0.4492482648324027 0.664278484621384 0.788682074121102 1.0282682352744854 1.2486421940515962 2.2302650506610395 2.9723427638558144
1409 16908 -0.9962650386822358 -0.45761807139910676 0.4081701764847615 0.9563150411898385 0.008905513727914139 0.01346943243733448 0.051281573514732656 0.06898093469204913 0.09257711031816074 0.12780897427401777 0.1708060321736993 0.18355136996249954 0.2346808210075723 0.26171679919463636 0.3009201687129096 0.4492482648324027 0.664278484621384 0.788682074121102 1.0282682352744854 1.2486421940515962 2.2302650506610395 2.9723427638558144
1410 16920 -0.9962941899555321 -0.45865263466204004 0.4042292784069921 0.956511812605926 0.008905513727914139 0.01346943243733448 0.051281573514732656 0.06898093469204913 0.09257711031816074 0.12780897427401777 0.1708060321736993 0.18355136996249954 0.2346808210075723 0.26171679919463636 0.3009201687129096 0.4492482648324027 0.664278484621384 0.788682074121102 1.0282682352744854 1.2486421940515962 2.2302650506610395 2.9723427638558144
1411 16932 -0.9961954034884114 -0.45751391695371557 0.39556560043379924 0.9573844302593603 0.008905513727914139 0.01346943243733448 0.051281573514732656 0.06898093469204913 0.09257711031816074 0.12780897427401777 0.1708060321736993 0.18355136996249954 0.2346808210075723 0.26171679919463636 0.3009201687129096 0.4492482648324027 0.664278484621384 0.788682074121102 1.0282682352744854 1.2486421940515962 2.2302650506610395 2.9723427638558144
1412 16944 -0.9962408161284757 -0.465621513504457 0.3993791268523359 0.9591986804781258 0.008905513727914139 0.01346943243733448 0.051281573514732656 0.06898093469204913 0.09257711031816074 0.12780897427401777 0.1708060321736993 0.18355136996249954 0.2346808210075723 0.26171679919463636 0.3009201687129096 0.4492482648324027 0.664278484621384 0.788682074121102 1.0282682352744854 1.2486421940515962 2.2302650506610395 2.9723427638558144
1413 16956 -0.9964048871370746 -0.4627529238458421 0.41704460856518905 0.9599356530635493 0.008905513727914139 0.01346943243733448 0.051281573514732656 0.06898093469204913 0.09257711031816074 0.12780897427401777 0.1708060321736993 0.18355136996249954 0.2346808210075723 0.26171679919463636 0.3009201687129096 0.4492482648324027 0.664278484621384 0.788682074121102 1.0282682352744854 1.2486421940515962 2.2302650506610395 2.9723427638558144
1414 16968 -0.9965366474969071 -0.45543236655582575 0.41978726998142574 0.9597112229747741 0.008905513727914139 0.01346943243733448 0.051281573514732656 0.06898093469204913 0.09257711031816074 0.12780897427401777 0.1708060321736993 0.18355136996249954 0.2346808210075723 0.26171679919463636 0.3009201687129096 0.4492482648324027 0.664278484621384 0.788682074121102 1.0282682352744854 1.2486421940515962 2.2302650506610395 2.9723427638558144
1415 16980 -0.9965382161649673 -0.45500116569384075 0.4237076723763262 0.9600975043811077 0.008905513727914139 0.01346943243733448 0.051281573514732656 0.06898093469204913 0.09257711031816074 0.12780897427401777 0.1708060321736993 0.18355136996249954 0.2346808210075723 0.26171679919463636 0.3009201687129096 0.4492482648324027 0.664278484621384 0.788682074121102 1.0282682352744854 1.2486421940515962 2.2302650506610395 2.9723427638558144
1416 16992 -0.9965280766058908 -0.4488447262322125 0.4226080800704507 0.9606936626937654 0.008905513727914139 0.01346943243733448 0.051281573514732656 0.06898093469204913 0.09257711031816074 0.12780897427401777 0.1708060321736993 0.18355136996249954 0.2346808210075723 0.26171679919463636 0.3009201687129096 0.4492482648324027 0.664278484621384 0.788682074121102 1.0282682352744854 1.2486421940515962 2.2302650506610395 2.9723427638558144
1417 17004 -0.9964844125822689 -0.4655856371573711 0.43933649181669504 0.9629764692496054 0.008905513727914139 0.01346943243733448 0.051281573514732656 0.06898093469204913 0.09257711031816074 0.12780897427401777 0.1708060321736993 0.18355136996249954 0.2346808210075723 0.26171679919463636 0.3009201687129096 0.4492482648324027 0.664278484621384 0.788682074121102 1.0282682352744854 1.2486421940515962 2.2302650506610395 2.9723427638558144
1418 17016 -0.9963219280968036 -0.47001185506992527 0.43079984321516057 0.9634404340450147 0.008905513727914139 0.01346943243733448 0.051281573514732656 0.06898093469204913 0.09257711031816074 0.12780897427401777 0.1708060321736993 0.18355136996249954 0.2346808210075723 0.26171679919463636 0.3009201687129096 0.4492482648324027 0.664278484621384 0.788682074121102 1.0282682352744854 1.2486421940515962 2.2302650506610395 2.9723427638558144
1419 17028 -0.9962904741868635 -0.47415416452945436 0.43614756412507966 0.9633727260682434 0.008905513727914139 0.01346943243733448 0.051281573514732656 0.06898093469204913 0.09257711031816074 0.12780897427401777 0.1708060321736993 0.18355136996249954 0.2346808210075723 0.26171679919463636 0.3009201687129096 0.4492482648324027 0.664278484621384 0.788682074121102 1.0282682352744854 1.2486421940515962 2.2302650506610395 2.9723427638558144
1420 17040 -0.9963623617335334 -0.47669213521312837 0.43677075298698775 0.964675179748468 0.008905513727914139 0.01346943243733448 0.051281573514732656 0.06898093469204913 0.09257711031816074 0.12780897427401777 0.1708060321736993 0.18355136996249954 0.2346808210075723 0.26171679919463636 0.3009201687129096 0.4492482648324027 0.664278484621384 0.788682074121102 1.0282682352744854 1.2486421940515962 2.2302650506610395 2.9723427638558144
1421 17052 -0.9963070658422719 -0.47308341771836115 0.4281814094142031 0.9648913168875021 0.008905513727914139 0.01346943243733448 0.051281573514732656 0.06898093469204913 0.09257711031816074 0.12780897427401777 0.1708060321736993 0.18355136996249954 0.2346808210075723 0.26171679919463636 0.3009201687129096 0.4492482648324027 0.664278484621384 0.788682074121102 1.0282682352744854 1.2486421940515962 2.2302650506610395 2.9723427638558144
1422 17064 -0.9963521746673261 -0.4687788570862332 0.4230370409709112 0.9640450684678356 0.008905513727914139 0.01346943243733448 0.051281573514732656 0.06898093469204913 0.09257711031816074 0.12780897427401777 0.1708060321736993 0.18355136996249954 0.2346808210075723 0.26171679919463636 0.3009201687129096 0.4492482648324027 0.664278484621384 0.788682074121102 1.0282682352744854 1.2486421940515962 2.2302650506610395 2.9723427638558144
1423 17076 -0.9964020910154024 -0.4718004151300199 0.41962975941258707 0.9662103783409391 0.009794560472582967 0.013657492649450797 0.04855496487164399 0.06841047494075654 0.094643200084755 0.11450386852228335 0.16773191471660337 0.17365307438279753 0.23642989262052136 0.2611782979433039 0.2853195088101601 0.44694611864285305 0.7035266912380772 0.7830008023785362 1.0729551412219815 1.2563170243804955 2.177164825953058 2.988208311108806
1424 17088 -0.9963918818390856 -0.465305401238977 0.4092109111249433 0.9656152322020423 0.009794560472582967 0.013657492649450797 0.04855496487164399 0.06841047494075654 0.094643200084755 0.11450386852228335 0.16773191471660337 0.17365307438279753 0.23642989262052136 0.2611782979433039 0.2853195088101601 0.44694611864285305 0.7035266912380772 0.7830008023785362 1.0729551412219815 1.2563170243804955 2.177164825953058 2.988208311108806
1425 17100 -0.9963612214828723 -0.4631932517681809 0.40464472907434346 0.9666253920124576 0.009794560472582967 0.013657492649450797 0.04855496487164399 0.06841047494075654 0.094643200084755 0.11450386852228335 0.16773191471660337 0.17365307438279753 0.23642989262052136 0.2611782979433039 0.2853195088101601 0.44694611864285305 0.7035266912380772 0.7830008023785362 1.0729551412219815 1.2563170243804955 2.177164825953058 2.988208311108806
1426 17112 -0.9964193201626191 -0.45837025294562395 0.40408703926126677 0.9668205924899925 0.009794560472582967 0.013657492649450797 0.04855496487164399 0.06841047494075654 0.094643200084755 0.11450386852228335 0.16773191471660337 0.17365307438279753 0.23642989262052136 0.2611782979433039 0.2853195088101601 0.44694611864285305 0.7035266912380772 0.7830008023785362 1.0729551412219815 1.2563170243804955 2.177164825953058 2.988208311108806
1427 17124 -0.9964226693663057 -0.4671133061279526 0.4135909227940615 0.9676074331860299 0.009794560472582967 0.013657492649450797 0.04855496487164399 0.06841047494075654 0.094643200084755 0.11450386852228335 0.16773191471660337 0.17365307438279753 0.23642989262052136 0.2611782979433039 0.2853195088101601 0.44694611864285305 0.7035266912380772 0.7830008023785362 1.0729551412219815 1.2563170243804955 2.177164825953058 2.988208311108806
1428 17136 -0.9963509089273392 -0.46426730212234313 0.4127564522582581 0.9676303326612368 0.009794560472582967 0.013657492649450797 0.04855496487164399 0.06841047494075654 0.094643200084755 0.11450386852228335 0.16773191471660337 0.17365307438279753 0.23642989262052136 0.2611782979433039 0.2853195088101601 0.44694611864285305 0.7035266912380772 0.7830008023785362 1.0729551412219815 1.2563170243804955 2.177164825953058 2.988208311108806
1429 17148 -0.9963789339346901 -0.4586783152836429 0.4085097261533386 0.9668614868158159 0.009794560472582967 0.013657492649450797 0.04855496487164399 0.06841047494075654 0.094643200084755 0.11450386852228335 0.16773191471660337 0.17365307438279753 0.23642989262052136 0.2611782979433039 0.2853195088101601 0.44694611864285305 0.7035266912380772 0.7830008023785362 1.0729551412219815 1.2563170243804955 2.177164825953058 2.988208311108806
1430 17160 -0.9963925224607261 -0.455394691633091 0.387870416384311 0.9656651260025363 0.009794560472582967 0.013657492649450797 0.04855496487164399 0.06841047494075654 0.094643200084755 0.11450386852228335 0.16773191471660337 0.17365307438279753 0.23642989262052136 0.2611782979433039 0.2853195088101601 0.44694611864285305 0.7035266912380772 0.7830008023785362 1.0729551412219815 1.2563170243804955 2.177164825953058 2.988208311108806
1431 17172 -0.9963053374836471 -0.46417027561939456 0.40070843897332864 0.9649812853581151 0.009794560472582967 0.013657492649450797 0.04855496487164399 0.06841047494075654 0.094643200084755 0.11450386852228335 0.16773191471660337 0.17365307438279753 0.23642989262052136 0.2611782979433039 0.2853195088101601 0.44694611864285305 0.7035266912380772 0.7830008023785362 1.0729551412219815 1.2563170243804955 2.177164825953058 2.988208311108806
1432 17184 -0.996300705584986 -0.47177871054269105 0.40440391394273423 0.9654419140474086 0.009794560472582967 0.013657492649450797 0.04855496487164399 0.06841047494075654 0.094643200084755 0.11450386852228335 0.16773191471660337 0.17365307438279753 0.23642989262052136 0.2611782979433039 0.2853195088101601 0.44694611864285305 0.7035266912380772 0.7830008023785362 1.0729551412219815 1.2563170243804955 2.177164825953058 2.988208311108806
1433 17196 -0.9963314156264695 -0.46442391881940037 0.39125724986654975 0.9648857266542258 0.009794560472582967 0.013657492649450797 0.04855496487164399 0.06841047494075654 0.094643200084755 0.11450386852228335 0.16773191471660337 0.17365307438279753 0.23642989262052136 0.2611782979433039 0.2853195088101601 0.44694611864285305 0.7035266912380772 0.7830008023785362 1.0729551412219815 1.2563170243804955 2.177164825953058 2.988208311108806
1434 17208 -0.9962897073901983 -0.45907193571556204 0.39416401604609985 0.9650872251965875 0.009794560472582967 0.013657492649450797 0.04855496487164399 0.06841047494075654 0.094643200084755 0.11450386852228335 0.16773191471660337 0.17365307438279753 0.23642989262052136 0.2611782979433039 0.2853195088101601 0.44694611864285305 0.7035266912380772 0.7830008023785362 1.0729551412219815 1.2563170243804955 2.177164825953058 2.988208311108806
1435 17220 -0.9963124587262207 -0.4627316367881547 0.3876942229344207 0.9657687215160908 0.009794560472582967 0.013657492649450797 0.04855496487164399 0.06841047494075654 0.094643200084755 0.11450386852228335 0.16773191471660337 0.17365307438279753 0.23642989262052136 0.2611782979433039 0.2853195088101601 0.44694611864285305 0.7035266912380772 0.7830008023785362 1.0729551412219815 1.2563170243804955 2.177164825953058 2.988208311108806
1436 17232 -0.9962904534996566 -0.46113871389806443 0.39062294110740475 0.9663598167488855 0.009794560472582967 0.013657492649450797 0.04855496487164399 0.06841047494075654 0.094643200084755 0.11450386852228335 0.16773191471660337 0.17365307438279753 0.23642989262052136 0.2611782979433039 0.2853195088101601 0.44694611864285305 0.7035266912380772 0.7830008023785362 1.0729551412219815 1.2563170243804955 2.177164825953058 2.988208311108806
1437 17244 -0.9962482548328291 -0.46033098765210695 0.40643423251820365 0.9680824625608858 0.009794560472582967 0.013657492649450797 0.04855496487164399 0.06841047494075654 0.094643200084755 0.11450386852228335 0.16773191471660337 0.17365307438279753 0.23642989262052136 0.2611782979433039 0.2853195088101601 0.44694611864285305 0.7035266912380772 0.7830008023785362 1.0729551412219815 1.2563170243804955 2.177164825953058 2.988208311108806
1438 17256 -0.996202617778383 -0.46412239540567746 0.4094843153794084 0.967837879654597 0.009794560472582967 0.013657492649450797 0.04855496487164399 0.06841047494075654 0.094643200084755 0.11450386852228335 0.16773191471660337 0.17365307438279753 0.23642989262052136 0.2611782979433039 0.2853195088101601 0.44694611864285305 0.7035266912380772 0.7830008023785362 1.0729551412219815 1.2563170243804955 2.177164825953058 2.988208311108806
1439 17268 -0.996168437289199 -0.47001150480180026 0.40394117898687915 0.9682085752863703 0.009794560472582967 0.013657492649450797 0.04855496487164399 0.06841047494075654 0.094643200084755 0.11450386852228335 0.16773191471660337 0.17365307438279753 0.23642989262052136 0.2611782979433039 0.2853195088101601 0.44694611864285305 0.7035266912380772 0.7830008023785362 1.0729551412219815 1.2563170243804955 2.177164825953058 2.988208311108806
1440 17280 -0.9960737841087642 -0.46804148760574216 0.39268115519029584 0.9695252654898407 0.009794560472582967 0.013657492649450797 0.04855496487164399 0.06841047494075654 0.094643200084755 0.11450386852228335 0.16773191471660337 0.17365307438279753 0.23642989262052136 0.2611782979433039 0.2853195088101601 0.44694611864285305 0.7035266912380772 0.7830008023785362 1.0729551412219815 1.2563170243804955 2.177164825953058 2.988208311108806
1441 17292 -0.9960540198236091 -0.4673348810300256 0.39089779716558826 0.9698418446035496 0.010744985667637853 0.014365710412349394 0.0468322135664446 0.06418394227860945 0.0884104369368988 0.10892732096570751 0.1506403963500493 0.1613612061675971 0.247281998372782 0.26458260870347483 0.29495483369910686 0.4341038257997745 0.7584435717426191 0.820141283742919 1.0215088680350037 1.243988338522053 2.172296358989602 2.9934311035163597
1442 17304 -0.9960415006842861 -0.4561391775781845 0.39401747832755846 0.9703043771751353 0.010744985667637853 0.014365710412349394 0.0468322135664446 0.06418394227860945 0.0884104369368988 0.10892732096570751 0.1506403963500493 0.1613612061675971 0.247281998372782 0.26458260870347483 0.29495483369910686 0.4341038257997745 0.7584435717426191 0.820141283742919 1.0215088680350037 1.243988338522053 2.172296358989602 2.9934311035163597
1443 17316 -0.9959112768530765 -0.451321565816877 0.40249055114826326 0.9700892416656107 0.010744985667637853 0.014365710412349394 0.0468322135664446 0.06418394227860945 0.0884104369368988 0.10892732096570751 0.1506403963500493 0.1613612061675971 0.247281998372782 0.26458260870347483 0.29495483369910686 0.4341038257997745 0.7584435717426191 0.820141283742919 1.0215088680350037 1.243988338522053 2.172296358989602 2.9934311035163597
1444 17328 -0.9958943280607901 -0.45173953565173663 0.40581424499799656 0.970195074430628 0.010744985667637853 0.014365710412349394 0.0468322135664446 0.06418394227860945 0.0884104369368988 0.10892732096570751 0.1506403963500493 0.1613612061675971 0.247281998372782 0.26458260870347483 0.29495483369910686 0.4341038257997745 0.7584435717426191 0.820141283742919 1.0215088680350037 1.243988338522053 2.172296358989602 2.9934311035163597
1445 17340 -0.9958645965526917 -0.4501873927058695 0.40912548978043145 0.969760268387864 0.010744985667637853 0.014365710412349394 0.0468322135664446 0.06418394227860945 0.0884104369368988 0.10892732096570751 0.1506403963500493 0.1613612061675971 0.247281998372782 0.26458260870347483 0.29495483369910686 0.4341038257997745 0.7584435717426191 0.820141283742919 1.0215088680350037 1.243988338522053 2.172296358989602 2.9934311035163597
1446 17352 -0.9959131115224528 -0.4647254875198662 0.4200444203222819 0.9702444217528072 0.010744985667637853 0.014365710412349394 0.0468322135664446 0.06418394227860945 0.0884104369368988 0.10892732096570751 0.1506403963500493 0.1613612061675971 0.247281998372782 0.26458260870347483 0.29495483369910686 0.4341038257997745 0.7584435717426191 0.820141283742919 1.0215088680350037 1.243988338522053 2.172296358989602 2.9934311035163597
1447 17364 -0.9958970287524377 -0.4751041360024624 0.4246609429900012 0.9730134347821608 0.010744985667637853 0.014365710412349394 0.0468322135664446 0.06418394227860945 0.0884104369368988 0.10892732096570751 0.1506403963500493 0.1613612061675971 0.247281998372782 0.26458260870347483 0.29495483369910686 0.4341038257997745 0.7584435717426191 0.820141283742919 1.0215088680350037 1.243988338522053 2.172296358989602 2.9934311035163597
1448 17376 -0.995830620901275 -0.4788157664857304 0.4275789235000123 0.973465684430667 0.010744985667637853 0.014365710412349394 0.0468322135664446 0.06418394227860945 0.0884104369368988 0.10892732096570751 0.1506403963500493 0.1613612061675971 0.247281998372782 0.26458260870347483 0.29495483369910686 0.4341038257997745 0.7584435717426191 0.820141283742919 1.0215088680350037 1.243988338522053 2.172296358989602 2.9934311035163597
1449 17388 -0.9958006195894137 -0.4876233960571282 0.4360781508563013 0.9735204588304827 0.010744985667637853 0.014365710412349394 0.0468322135664446 0.06418394227860945 0.0884104369368988 0.10892732096570751 0.1506403963500493 0.1613612061675971 0.247281998372782 0.26458260870347483 0.29495483369910686 0.4341038257997745 0.7584435717426191 0.820141283742919 1.0215088680350037 1.243988338522053 2.172296358989602 2.9934311035163597
1450 17400 -0.9957057592179358 -0.48748024697773495 0.4335111129248431 0.9746435223667926 0.010744985667637853 0.014365710412349394 0.0468322135664446 0.06418394227860945 0.0884104369368988 0.10892732096570751 0.1506403963500493 0.1613612061675971 0.247281998372782 0.26458260870347483 0.29495483369910686 0.4341038257997745 0.7584435717426191 0.820141283742919 1.0215088680350037 1.243988338522053 2.172296358989602 2.9934311035163597
1451 17412 -0.9957339427210783 -0.48878147330985855 0.44310795466651287 0.9743988713373762 0.010744985667637853 0.014365710412349394 0.0468322135664446 0.06418394227860945 0.0884104369368988 0.10892732096570751 0.1506403963500493 0.1613612061675971 0.247281998372782 0.26458260870347483 0.29495483369910686 0.4341038257997745 0.7584435717426191 0.820141283742919 1.0215088680350037 1.243988338522053 2.172296358989602 2.9934311035163597
1452 17424 -0.9956595468501174 -0.4858746012269195 0.43895810660172363 0.9743724483166072 0.010744985667637853 0.014365710412349394 0.0468322135664446 0.06418394227860945 0.0884104369368988 0.10892732096570751 0.1506403963500493 0.1613612061675971 0.247281998372782 0.26458260870347483 0.29495483369910686 0.4341038257997745 0.7584435717426191 0.820141283742919 1.0215088680350037 1.243988338522053 2.172296358989602 2.9934311035163597
1453 17436 -0.995649114138712 -0.4893853025749493 0.4339183216472263 0.9752080251662457 0.010744985667637853 0.014365710412349394 0.0468322135664446 0.06418394227860945 0.0884104369368988 0.10892732096570751 0.1506403963500493 0.1613612061675971 0.247281998372782 0.26458260870347483 0.29495483369910686 0.4341038257997745 0.7584435717426191 0.820141283742919 1.0215088680350037 1.243988338522053 2.172296358989602 2.9934311035163597
1454 17448 -0.995678953811906 -0.4951714075372366 0.4330702102622453 0.9753179089497418 0.010744985667637853 0.014365710412349394 0.0468322135664446 0.06418394227860945 0.0884104369368988 0.10892732096570751 0.1506403963500493 0.1613612061675971 0.247281998372782 0.26458260870347483 0.29495483369910686 0.4341038257997745 0.7584435717426191 0.820141283742919 1.0215088680350037 1.243988338522053 2.172296358989602 2.9934311035163597
1455 17460 -0.9956558510100603 -0.49336735046081004 0.4296881675223828 0.9758926009059138 0.010744985667637853 0.014365710412349394 0.0468322135664446 0.06418394227860945 0.0884104369368988 0.10892732096570751 0.1506403963500493 0.1613612061675971 0.247281998372782 0.26458260870347483 0.29495483369910686 0.4341038257997745 0.7584435717426191 0.820141283742919 1.0215088680350037 1.243988338522053 2.172296358989602 2.9934311035163597
1456 17472 -0.9956373790675264 -0.4872677077454549 0.43344724089317976 0.9762634640890717 0.010744985667637853 0.014365710412349394 0.0468322135664446 0.06418394227860945 0.0884104369368988 0.10892732096570751 0.1506403963500493 0.1613612061675971 0.247281998372782 0.26458260870347483 0.29495483369910686 0.4341038257997745 0.7584435717426191 0.820141283742919 1.0215088680350037 1.243988338522053 2.172296358989602 2.9934311035163597
1457 17484 -0.9955336817855898 -0.4862785371766809 0.4361636981638665 0.9763158082443065 0.010744985667637853 0.014365710412349394 0.0468322135664446 0.06418394227860945 0.0884104369368988 0.10892732096570751 0.1506403963500493 0.1613612061675971 0.247281998372782 0.26458260870347483 0.29495483369910686 0.4341038257997745 0.7584435717426191 0.820141283742919 1.0215088680350037 1.243988338522053 2.172296358989602 2.9934311035163597
1458 17496 -0.99541192143787 -0.48073149633280143 0.43196664153769326 0.9766679640174926 0.010744985667637853 0.014365710412349394 0.0468322135664446 0.06418394227860945 0.0884104369368988 0.10892732096570751 0.1506403963500493 0.1613612061675971 0.247281998372782 0.26458260870347483 0.29495483369910686 0.4341038257997745 0.7584435717426191 0.820141283742919 1.0215088680350037 1.243988338522053 2.172296358989602 2.9934311035163597
1459 17508 -0.9953008780735935 -0.4717485489117544 0.42113377898817894 0.9767517257412023 0.010917871320929952 0.017405575715796574 0.04530473225496273 0.059407440893919576 0.080944408042944 0.11661974276829135 0.13779188429418468 0.16105673206136786 0.23578146730395821 0.2579956186777857 0.28245342038229204 0.4167677995767418 0.7446155978055391 0.8408983760781024 1.055455626229517 1.2458692879004778 2.132621620609886 3.0128846258565094
1460 17520 -0.995391540823443 -0.48178138072312804 0.4133540698798547 0.9772801426486721 0.010917871320929952 0.017405575715796574 0.04530473225496273 0.059407440893919576 0.080944408042944 0.11661974276829135 0.13779188429418468 0.16105673206136786 0.23578146730395821 0.2579956186777857 0.28245342038229204 0.4167677995767418 0.7446155978055391 0.8408983760781024 1.055455626229517 1.2458692879004778 2.132621620609886 3.0128846258565094
1461 17532 -0.9952703028231634 -0.4707727514043959 0.4094492052646493 0.9789953647454619 0.010917871320929952 0.017405575715796574 0.04530473225496273 0.059407440893919576 0.080944408042944 0.11661974276829135 0.13779188429418468 0.16105673206136786 0.23578146730395821 0.2579956186777857 0.28245342038229204 0.4167677995767418 0.7446155978055391 0.8408983760781024 1.055455626229517 1.2458692879004778 2.132621620609886 3.0128846258565094
1462 17544 -0.9952790794045229 -0.470119298541549 0.417047098038815 0.9794146450416761 0.010917871320929952 0.017405575715796574 0.04530473225496273 0.059407440893919576 0.080944408042944 0.11661974276829135 0.13779188429418468 0.16105673206136786 0.23578146730395821 0.2579956186777857 0.28245342038229204 0.4167677995767418 0.7446155978055391 0.8408983760781024 1.055455626229517 1.2458692879004778 2.132621620609886 3.0128846258565094
1463 17556 -0.9952190018134671 -0.4757068557699023 0.41739933023935916 0.9787122400779469 0.010917871320929952 0.017405575715796574 0.04530473225496273 0.059407440893919576 0.080944408042944 0.11661974276829135 0.13779188429418468 0.16105673206136786 0.23578146730395821 0.2579956186777857 0.28245342038229204 0.4167677995767418 0.7446155978055391 0.8408983760781024 1.055455626229517 1.2458692879004778 2.132621620609886 3.0128846258565094
1464 17568 -0.9952854244823567 -0.4783930753986514 0.43454900327662227 0.9792169413213421 0.010917871320929952 0.017405575715796574 0.04530473225496273 0.059407440893919576 0.080944408042944 0.11661974276829135 0.13779188429418468 0.16105673206136786 0.23578146730395821 0.2579956186777857 0.28245342038229204 0.4167677995767418 0.7446155978055391 0.8408983760781024 1.055455626229517 1.2458692879004778 2.132621620609886 3.0128846258565094
1465 17580 -0.9952794583996902 -0.47439963644075595 0.4384437518334389 0.9801797008336999 0.010917871320929952 0.017405575715796574 0.04530473225496273 0.059407440893919576 0.080944408042944 0.11661974276829135 0.13779188429418468 0.16105673206136786 0.23578146730395821 0.2579956186777857 0.28245342038229204 0.4167677995767418 0.7446155978055391 0.8408983760781024 1.055455626229517 1.2458692879004778 2.132621620609886 3.0128846258565094
1466 17592 -0.9951506868285354 -0.4756481538452599 0.4510912656844354 0.981113127333867 0.010917871320929952 0.017405575715796574 0.04530473225496273 0.059407440893919576 0.080944408042944 0.11661974276829135 0.13779188429418468 0.16105673206136786 0.23578146730395821 0.2579956186777857 0.28245342038229204 0.4167677995767418 0.7446155978055391 0.8408983760781024 1.055455626229517 1.2458692879004778 2.132621620609886 3.0128846258565094
1467 17604 -0.9951269088753866 -0.4771613404327978 0.44767502534470766 0.9814676832662921 0.010917871320929952 0.017405575715796574 0.04530473225496273 0.059407440893919576 0.080944408042944 0.11661974276829135 0.13779188429418468 0.16105673206136786 0.23578146730395821 0.2579956186777857 0.28245342038229204 0.4167677995767418 0.7446155978055391 0.8408983760781024 1.055455626229517 1.2458692879004778 2.132621620609886 3.0128846258565094
1468 17616 -0.9952317840819378 -0.4796421007451455 0.4400072536186773 0.981749718806959 0.010917871320929952 0.017405575715796574 0.04530473225496273 0.059407440893919576 0.080944408042944 0.11661974276829135 0.13779188429418468 0.16105673206136786 0.23578146730395821 0.2579956186777857 0.28245342038229204 0.4167677995767418 0.7446155978055391 0.8408983760781024 1.055455626229517 1.2458692879004778 2.132621620609886 3.0128846258565094
1469 17628 -0.9952900253563108 -0.49180370055034384 0.4479159643438601 0.9824030382658939 0.010917871320929952 0.017405575715796574 0.04530473225496273 0.059407440893919576 0.080944408042944 0.11661974276829135 0.13779188429418468 0.16105673206136786 0.23578146730395821 0.2579956186777857 0.28245342038229204 0.4167677995767418 0.7446155978055391 0.8408983760781024 1.055455626229517 1.2458692879004778 2.132621620609886 3.0128846258565094
1470 17640 -0.9952721996660967 -0.4922264862471697 0.4533526082479608 0.982785927307797 0.010917871320929952 0.017405575715796574 0.04530473225496273 0.059407440893919576 0.080944408042944 0.11661974276829135 0.13779188429418468 0.16105673206136786 0.23578146730395821 0.2579956186777857 0.28245342038229204 0.4167677995767418 0.7446155978055391 0.8408983760781024 1.055455626229517 1.2458692879004778 2.132621620609886 3.0128846258565094
1471 17652 -0.9953590498229846 -0.48876662487579303 0.44568231923150187 0.9830901627090093 0.010917871320929952 0.017405575715796574 0.04530473225496273 0.059407440893919576 0.080944408042944 0.11661974276829135 0.13779188429418468 0.16105673206136786 0.23578146730395821 0.2579956186777857 0.28245342038229204 0.4167677995767418 0.7446155978055391 0.8408983760781024 1.055455626229517 1.2458692879004778 2.132621620609886 3.0128846258565094
1472 17664 -0.9954253873405631 -0.48503989264673286 0.4398624638245986 0.982792087743173 0.010917871320929952 0.017405575715796574 0.04530473225496273 0.059407440893919576 0.080944408042944 0.11661974276829135 0.13779188429418468 0.16105673206136786 0.23578146730395821 0.2579956186777857 0.28245342038229204 0.4167677995767418 0.7446155978055391 0.8408983760781024 1.055455626229517 1.2458692879004778 2.132621620609886 3.0128846258565094
1473 17676 -0.9955078099261349 -0.48818772495056956 0.4448273548027824 0.9829602110053619 0.010917871320929952 0.017405575715796574 0.04530473225496273 0.059407440893919576 0.080944408042944 0.11661974276829135 0.13779188429418468 0.16105673206136786 0.23578146730395821 0.2579956186777857 0.28245342038229204 0.4167677995767418 0.7446155978055391 0.8408983760781024 1.055455626229517 1.2458692879004778 2.132621620609886 3.0128846258565094
1474 17688 -0.9954821611844132 -0.5034616399191649 0.46209414130144894 0.9831474739555817 0.010917871320929952 0.017405575715796574 0.04530473225496273 0.059407440893919576 0.080944408042944 0.11661974276829135 0.13779188429418468 0.16105673206136786 0.23578146730395821 0.2579956186777857 0.28245342038229204 0.4167677995767418 0.7446155978055391 0.8408983760781024 1.055455626229517 1.2458692879004778 2.132621620609886 3.0128846258565094
1475 17700 -0.995331721720726 -0.5111000319464155 0.4688300198016605 0.9835859093627429 0.010917871320929952 0.017405575715796574 0.04530473225496273 0.059407440893919576 0.080944408042944 0.11661974276829135 0.13779188429418468 0.16105673206136786 0.23578146730395821 0.2579956186777857 0.28245342038229204 0.4167677995767418 0.7446155978055391 0.8408983760781024 1.055455626229517 1.2458692879004778 2.132621620609886 3.0128846258565094
1476 17712 -0.9953069708872524 -0.5120003625869209 0.46790694759122764 0.9837222664134153 0.010917871320929952 0.017405575715796574 0.04530473225496273 0.059407440893919576 0.080944408042944 0.11661974276829135 0.13779188429418468 0.16105673206136786 0.23578146730395821 0.2579956186777857 0.28245342038229204 0.4167677995767418 0.7446155978055391 0.8408983760781024 1.055455626229517 1.2458692879004778 2.132621620609886 3.0128846258565094
1477 17724 -0.995304276770282 -0.5122601701249945 0.4667887951103299 0.9839750337649735 0.01063619445026759 0.01747560027547427 0.03902758736984992 0.051295342108672794 0.06831134204295732 0.10356404818899083 0.12209655617624361 0.14137382077330193 0.2170072085010679 0.23649760378911427 0.2890571273897555 0.35601417519645073 0.7330483740472887 0.8696097406454003 1.024385117567888 1.2596205942573833 2.0568718560709556 3.0775811782539666
1478 17736 -0.9953207482389623 -0.49915559834179046 0.4560668069533814 0.9837465651215777 0.01063619445026759 0.01747560027547427 0.03902758736984992 0.051295342108672794 0.06831134204295732 0.10356404818899083 0.12209655617624361 0.14137382077330193 0.2170072085010679 0.23649760378911427 0.2890571273897555 0.35601417519645073 0.7330483740472887 0.8696097406454003 1.024385117567888 1.2596205942573833 2.0568718560709556 3.0775811782539666
1479 17748 -0.9952650458185471 -0.4879218623541992 0.43462755156437427 0.9836532283472884 0.01063619445026759 0.01747560027547427 0.03902758736984992 0.051295342108672794 0.06831134204295732 0.10356404818899083 0.12209655617624361 0.14137382077330193 0.2170072085010679 0.23649760378911427 0.2890571273897555 0.35601417519645073 0.7330483740472887 0.8696097406454003 1.024385117567888 1.2596205942573833 2.0568718560709556 3.0775811782539666
1480 17760 -0.9953775702817791 -0.48814048267751076 0.43528376250304973 0.9838572762060258 0.01063619445026759 0.01747560027547427 0.03902758736984992 0.051295342108672794 0.06831134204295732 0.10356404818899083 0.12209655617624361 0.14137382077330193 0.2170072085010679 0.23649760378911427 0.2890571273897555 0.35601417519645073 0.7330483740472887 0.8696097406454003 1.024385117567888 1.2596205942573833 2.0568718560709556 3.0775811782539666
1481 17772 -0.9952604346688466 -0.4909451311634913 0.4447073499092201 0.9843550058150096 0.01063619445026759 0.01747560027547427 0.03902758736984992 0.051295342108672794 0.06831134204295732 0.10356404818899083 0.12209655617624361 0.14137382077330193 0.2170072085010679 0.23649760378911427 0.2890571273897555 0.35601417519645073 0.7330483740472887 0.8696097406454003 1.024385117567888 1.2596205942573833 2.0568718560709556 3.0775811782539666
1482 17784 -0.9951563749659806 -0.4991347878441273 0.44447503046949927 0.9845426469020839 0.01063619445026759 0.01747560027547427 0.03902758736984992 0.051295342108672794 0.06831134204295732 0.10356404818899083 0.12209655617624361 0.14137382077330193 0.2170072085010679 0.23649760378911427 0.2890571273897555 0.35601417519645073 0.7330483740472887 0.8696097406454003 1.024385117567888 1.2596205942573833 2.0568718560709556 3.0775811782539666
1483 17796 -0.9949394368703952 -0.4959687171835308 0.4534447349666123 0.9846696985363159 0.01063619445026759 0.01747560027547427 0.03902758736984992 0.051295342108672794 0.06831134204295732 0.10356404818899083 0.12209655617624361 0.14137382077330193 0.2170072085010679 0.23649760378911427 0.2890571273897555 0.35601417519645073 0.7330483740472887 0.8696097406454003 1.024385117567888 1.2596205942573833 2.0568718560709556 3.0775811782539666
1484 17808 -0.9948032833720426 -0.4932353551934594 0.44892610085534357 0.9849074450081603 0.01063619445026759 0.01747560027547427 0.03902758736984992 0.051295342108672794 0.06831134204295732 0.10356404818899083 0.12209655617624361 0.14137382077330193 0.2170072085010679 0.23649760378911427 0.2890571273897555 0.35601417519645073 0.7330483740472887 0.8696097406454003 1.024385117567888 1.2596205942573833 2.0568718560709556 3.0775811782539666
1485 17820 -0.994728421627062 -0.48807333607706793 0.4454545325499061 0.984863754802759 0.01063619445026759 0.01747560027547427 0.03902758736984992 0.051295342108672794 0.06831134204295732 0.10356404818899083 0.12209655617624361 0.14137382077330193 0.2170072085010679 0.23649760378911427 0.2890571273897555 0.35601417519645073 0.7330483740472887 0.8696097406454003 1.024385117567888 1.2596205942573833 2.0568718560709556 3.0775811782539666
1486 17832 -0.9944704535996564 -0.484882406277208 0.44937707051933046 0.9848244517287268 0.01063619445026759 0.01747560027547427 0.03902758736984992 0.051295342108672794 0.06831134204295732 0.10356404818899083 0.12209655617624361 0.14137382077330193 0.2170072085010679 0.23649760378911427 0.2890571273897555 0.35601417519645073 0.7330483740472887 0.8696097406454003 1.024385117567888 1.2596205942573833 2.0568718560709556 3.0775811782539666
1487 17844 -0.9944265324308051 -0.48748347874034514 0.4483176497988682 0.9851373646969133 0.01063619445026759 0.01747560027547427 0.03902758736984992 0.051295342108672794 0.06831134204295732 0.10356404818899083 0.12209655617624361 0.14137382077330193 0.2170072085010679 0.23649760378911427 0.2890571273897555 0.35601417519645073 0.7330483740472887 0.8696097406454003 1.024385117567888 1.2596205942573833 2.0568718560709556 3.0775811782539666
1488 17856 -0.9944274663112953 -0.47868943958528215 0.4488897094210567 0.9849800482712591 0.01063619445026759 0.01747560027547427 0.03902758736984992 0.051295342108672794 0.06831134204295732 0.10356404818899083 0.12209655617624361 0.14137382077330193 0.2170072085010679 0.23649760378911427 0.2890571273897555 0.35601417519645073 0.7330483740472887 0.8696097406454003 1.024385117567888 1.2596205942573833 2.0568718560709556 3.0775811782539666
1489 17868 -0.994379642332184 -0.48543125234413703 0.4578961876066161 0.9848340595980346 0.01063619445026759 0.01747560027547427 0.03902758736984992 0.051295342108672794 0.06831134204295732 0.10356404818899083 0.12209655617624361 0.14137382077330193 0.2170072085010679 0.23649760378911427 0.2890571273897555 0.35601417519645073 0.7330483740472887 0.8696097406454003 1.024385117567888 1.2596205942573833 2.0568718560709556 3.0775811782539666
1490 17880 -0.9944527204265541 -0.49050004849843054 0.4565514631786264 0.9848091691587609 0.01063619445026759 0.01747560027547427 0.03902758736984992 0.051295342108672794 0.06831134204295732 0.10356404818899083 0.12209655617624361 0.14137382077330193 0.2170072085010679 0.23649760378911427 0.2890571273897555 0.35601417519645073 0.7330483740472887 0.8696097406454003 1.024385117567888 1.2596205942573833 2.0568718560709556 3.0775811782539666
1491 17892 -0.9943873559843972 -0.48838240379565073 0.4610072501823063 0.9853369713906327 0.01063619445026759 0.01747560027547427 0.03902758736984992 0.051295342108672794 0.06831134204295732 0.10356404818899083 0.12209655617624361 0.14137382077330193 0.2170072085010679 0.23649760378911427 0.2890571273897555 0.35601417519645073 0.7330483740472887 0.8696097406454003 1.024385117567888 1.2596205942573833 2.0568718560709556 3.0775811782539666
1492 17904 -0.9943613059289895 -0.4870277379525516 0.45699950697018005 0.9853522763498058 0.01063619445026759 0.01747560027547427 0.03902758736984992 0.051295342108672794 0.06831134204295732 0.10356404818899083 0.12209655617624361 0.14137382077330193 0.2170072085010679 0.23649760378911427 0.2890571273897555 0.35601417519645073 0.7330483740472887 0.8696097406454003 1.024385117567888 1.2596205942573833 2.0568718560709556 3.0775811782539666
1493 17916 -0.9944531195114406 -0.48422806005587626 0.45826614598064835 0.9856591820759457 0.01063619445026759 0.01747560027547427 0.03902758736984992 0.051295342108672794 0.06831134204295732 0.10356404818899083 0.12209655617624361 0.14137382077330193 0.2170072085010679 0.23649760378911427 0.2890571273897555 0.35601417519645073 0.7330483740472887 0.8696097406454003 1.024385117567888 1.2596205942573833 2.0568718560709556 3.0775811782539666
1494 17928 -0.9944804905299904 -0.4885262412257998 0.45896818840674525 0.985196556345242 0.01063619445026759 0.01747560027547427 0.03902758736984992 0.051295342108672794 0.06831134204295732 0.10356404818899083 0.12209655617624361 0.14137382077330193 0.2170072085010679 0.23649760378911427 0.2890571273897555 0.35601417519645073 0.7330483740472887 0.8696097406454003 1.024385117567888 1.2596205942573833 2.0568718560709556 3.0775811782539666
1495 17940 -0.9944769182372527 -0.49119395003975874 0.46049052532157564 0.9850989343664184 0.010631089175304628 0.020805380015300707 0.03947022391775469 0.05416839584942296 0.06536382926248217 0.09724528826214517 0.12189632143446935 0.14102823132468376 0.22005769313045914 0.22925970487898023 0.26912947021500355 0.3534806367159364 0.6973785838838951 0.9026609531450892 1.012634067375987 1.2092927741768804 2.0503999680912237 3.1072544368395416
1496 17952 -0.99437372285754 -0.49294313920375227 0.4627243399411136 0.9849037920302526 0.010631089175304628 0.020805380015300707 0.03947022391775469 0.05416839584942296 0.06536382926248217 0.09724528826214517 0.12189632143446935 0.14102823132468376 0.22005769313045914 0.22925970487898023 0.26912947021500355 0.3534806367159364 0.6973785838838951 0.9026609531450892 1.012634067375987 1.2092927741768804 2.0503999680912237 3.1072544368395416
1497 17964 -0.9943258030748467 -0.49918785705914503 0.4627469156278857 0.9846869075801269 0.010631089175304628 0.020805380015300707 0.03947022391775469 0.05416839584942296 0.06536382926248217 0.09724528826214517 0.12189632143446935 0.14102823132468376 0.22005769313045914 0.22925970487898023 0.26912947021500355 0.3534806367159364 0.6973785838838951 0.9026609531450892 1.012634067375987 1.2092927741768804 2.0503999680912237 3.1072544368395416
1498 17976 -0.9942217748587069 -0.49349038147035873 0.457383695191575 0.9848037942385627 0.010631089175304628 0.020805380015300707 0.03947022391775469 0.05416839584942296 0.06536382926248217 0.09724528826214517 0.12189632143446935 0.14102823132468376 0.22005769313045914 0.22925970487898023 0.26912947021500355 0.3534806367159364 0.6973785838838951 0.9026609531450892 1.012634067375987 1.2092927741768804 2.0503999680912237 3.1072544368395416
1499 17988 -0.9940763699790233 -0.49729957788890955 0.4619476965433613 0.9849762771162371 0.010631089175304628 0.020805380015300707 0.03947022391775469 0.05416839584942296 0.06536382926248217 0.09724528826214517 0.12189632143446935 0.14102823132468376 0.22005769313045914 0.22925970487898023 0.26912947021500355 0.3534806367159364 0.6973785838838951 0.9026609531450892 1.012634067375987 1.2092927741768804 2.0503999680912237 3.1072544368395416
1500 18000 -0.9939655302475264 -0.5033493624737945 0.46764280684393955 0.9848158480134521 0.010631089175304628 0.020805380015300707 0.03947022391775469 0.05416839584942296 0.06536382926248217 0.09724528826214517 0.12189632143446935 0.14102823132468376 0.22005769313045914 0.22925970487898023 0.26912947021500355 0.3534806367159364 0.6973785838838951 0.9026609531450892 1.012634067375987 1.2092927741768804 2.0503999680912237 3.1072544368395416
1501 18012 -0.9940762636131096 -0.49444520025529914 0.46441502643223925 0.9851377151908978 0.010631089175304628 0.020805380015300707 0.03947022391775469 0.05416839584942296 0.06536382926248217 0.09724528826214517 0.12189632143446935 0.14102823132468376 0.22005769313045914 0.22925970487898023 0.26912947021500355 0.3534806367159364 0.6973785838838951 0.9026609531450892 1.012634067375987 1.2092927741768804 2.0503999680912237 3.1072544368395416
1502 18024 -0.9942869191947353 -0.49560256299657457 0.4687570886583242 0.9853853495158198 0.010631089175304628 0.020805380015300707 0.03947022391775469 0.05416839584942296 0.06536382926248217 0.09724528826214517 0.12189632143446935 0.14102823132468376 0.22005769313045914 0.22925970487898023 0.26912947021500355 0.3534806367159364 0.6973785838838951 0.9026609531450892 1.012634067375987 1.2092927741768804 2.0503999680912237 3.1072544368395416
1503 18036 -0.994282798331313 -0.4986825928605075 0.4733123294842165 0.985436206038396 0.010631089175304628 0.020805380015300707 0.03947022391775469 0.05416839584942296 0.06536382926248217 0.09724528826214517 0.12189632143446935 0.14102823132468376 0.22005769313045914 0.22925970487898023 0.26912947021500355 0.3534806367159364 0.6973785838838951 0.9026609531450892 1.012634067375987 1.2092927741768804 2.0503999680912237 3.1072544368395416
1504 18048 -0.9943280782185836 -0.5045796900848784 0.4770855337596857 0.985414014380325 0.010631089175304628 0.020805380015300707 0.03947022391775469 0.05416839584942296 0.06536382926248217 0.09724528826214517 0.12189632143446935 0.14102823132468376 0.22005769313045914 0.22925970487898023 0.26912947021500355 0.3534806367159364 0.6973785838838951 0.9026609531450892 1.012634067375987 1.2092927741768804 2.0503999680912237 3.1072544368395416
1505 18060 -0.9942300577084204 -0.5050178834561787 0.47944160541591213 0.985164046310567 0.010631089175304628 0.020805380015300707 0.03947022391775469 0.05416839584942296 0.06536382926248217 0.09724528826214517 0.12189632143446935 0.14102823132468376 0.22005769313045914 0.22925970487898023 0.26912947021500355 0.3534806367159364 0.6973785838838951 0.9026609531450892 1.012634067375987 1.2092927741768804 2.0503999680912237 3.1072544368395416
1506 18072 -0.9940413959489085 -0.5124224574029876 0.4777373208381942 0.9851672385274225 0.010631089175304628 0.020805380015300707 0.03947022391775469 0.05416839584942296 0.06536382926248217 0.09724528826214517 0.12189632143446935 0.14102823132468376 0.22005769313045914 0.22925970487898023 0.26912947021500355 0.3534806367159364 0.6973785838838951 0.9026609531450892 1.012634067375987 1.2092927741768804 2.0503999680912237 3.1072544368395416
1507 18084 -0.9940126448922668 -0.5283906553552125 0.48781256686073904 0.9852705715218999 0.010631089175304628 0.020805380015300707 0.03947022391775469 0.05416839584942296 0.06536382926248217 0.09724528826214517 0.12189632143446935 0.14102823132468376 0.22005769313045914 0.22925970487898023 0.26912947021500355 0.3534806367159364 0.6973785838838951 0.9026609531450892 1.012634067375987 1.2092927741768804 2.0503999680912237 3.1072544368395416
1508 18096 -0.9939437557725674 -0.5291155322324399 0.4850184329089072 0.9855496901199858 0.010631089175304628 0.020805380015300707 0.03947022391775469 0.05416839584942296 0.06536382926248217 0.09724528826214517 0.12189632143446935 0.14102823132468376 0.22005769313045914 0.22925970487898023 0.26912947021500355 0.3534806367159364 0.6973785838838951 0.9026609531450892 1.012634067375987 1.2092927741768804 2.0503999680912237 3.1072544368395416
1509 18108 -0.9936905427557249 -0.5356389627127579 0.49148677696034915 0.9857835405106891 0.010631089175304628 0.020805380015300707 0.03947022391775469 0.05416839584942296 0.06536382926248217 0.09724528826214517 0.12189632143446935 0.14102823132468376 0.22005769313045914 0.22925970487898023 0.26912947021500355 0.3534806367159364 0.6973785838838951 0.9026609531450892 1.012634067375987 1.2092927741768804 2.0503999680912237 3.1072544368395416
1510 18120 -0.9936982972766262 -0.5285974560542829 0.48409199904097094 0.986079789952095 0.010631089175304628 0.020805380015300707 0.03947022391775469 0.05416839584942296 0.06536382926248217 0.09724528826214517 0.12189632143446935 0.14102823132468376 0.22005769313045914 0.22925970487898023 0.26912947021500355 0.3534806367159364 0.6973785838838951 0.9026609531450892 1.012634067375987 1.2092927741768804 2.0503999680912237 3.1072544368395416
1511 18132 -0.9934615029990514 -0.5337597629420154 0.4923678866726837 0.9862253527942637 0.010631089175304628 0.020805380015300707 0.03947022391775469 0.05416839584942296 0.06536382926248217 0.09724528826214517 0.12189632143446935 0.14102823132468376 0.22005769313045914 0.22925970487898023 0.26912947021500355 0.3534806367159364 0.6973785838838951 0.9026609531450892 1.012634067375987 1.2092927741768804 2.0503999680912237 3.1072544368395416
1512 18144 -0.9932863146007186 -0.5403098588209304 0.5109249294936158 0.986865671239962 0.010631089175304628 0.020805380015300707 0.03947022391775469 0.05416839584942296 0.06536382926248217 0.09724528826214517 0.12189632143446935 0.14102823132468376 0.22005769313045914 0.22925970487898023 0.26912947021500355 0.3534806367159364 0.6973785838838951 0.9026609531450892 1.012634067375987 1.2092927741768804 2.0503999680912237 3.1072544368395416
1513 18156 -0.9930549382875181 -0.5412669245705133 0.5149212215699278 0.9867668694693004 0.010888768844869149 0.024657198774161806 0.036743134956810856 0.051319735429253006 0.06377314924122159 0.09320594556280447 0.12058300741310264 0.14870343416262755 0.2184067844508712 0.24129823109802967 0.28458103686112723 0.35940922012772303 0.6512532927083159 0.8728469905656 1.0287139937197118 1.1563111322573814 1.9825783572413755 3.1808610557597254
1514 18168 -0.9929756077969664 -0.5402498703849581 0.5152009902398224 0.9869021634779691 0.010888768844869149 0.024657198774161806 0.036743134956810856 0.051319735429253006 0.06377314924122159 0.09320594556280447 0.12058300741310264 0.14870343416262755 0.2184067844508712 0.24129823109802967 0.28458103686112723 0.35940922012772303 0.6512532927083159 0.8728469905656 1.0287139937197118 1.1563111322573814 1.9825783572413755 3.1808610557597254
1515 18180 -0.9928957092595104 -0.5409370597911406 0.5106931658616894 0.9866692768625095 0.010888768844869149 0.024657198774161806 0.036743134956810856 0.051319735429253006 0.06377314924122159 0.09320594556280447 0.12058300741310264 0.14870343416262755 0.2184067844508712 0.24129823109802967 0.28458103686112723 0.35940922012772303 0.6512532927083159 0.8728469905656 1.0287139937197118 1.1563111322573814 1.9825783572413755 3.1808610557597254
1516 18192 -0.992789213889108 -0.5408453321070212 0.5096071240884033 0.9868545851479169 0.010888768844869149 0.024657198774161806 0.036743134956810856 0.051319735429253006 0.06377314924122159 0.09320594556280447 0.12058300741310264 0.14870343416262755 0.2184067844508712 0.24129823109802967 0.28458103686112723 0.35940922012772303 0.6512532927083159 0.8728469905656 1.0287139937197118 1.1563111322573814 1.9825783572413755 3.1808610557597254
1517 18204 -0.9928458389562076 -0.5408391641587919 0.5078557525356491 0.9868125718512692 0.010888768844869149 0.024657198774161806 0.036743134956810856 0.051319735429253006 0.06377314924122159 0.09320594556280447 0.12058300741310264 0.14870343416262755 0.2184067844508712 0.24129823109802967 0.28458103686112723 0.35940922012772303 0.6512532927083159 0.8728469905656 1.0287139937197118 1.1563111322573814 1.9825783572413755 3.1808610557597254
1518 18216 -0.992680835807938 -0.5494082959045986 0.5140436165604214 0.9868080419305845 0.010888768844869149 0.024657198774161806 0.036743134956810856 0.051319735429253006 0.06377314924122159 0.09320594556280447 0.12058300741310264 0.14870343416262755 0.2184067844508712 0.24129823109802967 0.28458103686112723 0.35940922012772303 0.6512532927083159 0.8728469905656 1.0287139937197118 1.1563111322573814 1.9825783572413755 3.1808610557597254
1519 18228 -0.9925146863751668 -0.5497297490343015 0.5156841854023322 0.9866023803663749 0.010888768844869149 0.024657198774161806 0.036743134956810856 0.051319735429253006 0.06377314924122159 0.09320594556280447 0.12058300741310264 0.14870343416262755 0.2184067844508712 0.24129823109802967 0.28458103686112723 0.35940922012772303 0.6512532927083159 0.8728469905656 1.0287139937197118 1.1563111322573814 1.9825783572413755 3.1808610557597254
1520 18240 -0.9925388227442459 -0.5563704016473359 0.5232493105446245 0.9865872470272822 0.010888768844869149 0.024657198774161806 0.036743134956810856 0.051319735429253006 0.06377314924122159 0.09320594556280447 0.12058300741310264 0.14870343416262755 0.2184067844508712 0.24129823109802967 0.28458103686112723 0.35940922012772303 0.6512532927083159 0.8728469905656 1.0287139937197118 1.1563111322573814 1.9825783572413755 3.1808610557597254
1521 18252 -0.9926754665164765 -0.5610714427576137 0.5272831771089578 0.9861988517824147 0.010888768844869149 0.024657198774161806 0.036743134956810856 0.051319735429253006 0.06377314924122159 0.09320594556280447 0.12058300741310264 0.14870343416262755 0.2184067844508712 0.24129823109802967 0.28458103686112723 0.35940922012772303 0.6512532927083159 0.8728469905656 1.0287139937197118 1.1563111322573814 1.9825783572413755 3.1808610557597254
1522 18264 -0.9927244366752044 -0.5583951865710515 0.5212534970101499 0.986442782462519 0.010888768844869149 0.024657198774161806 0.036743134956810856 0.051319735429253006 0.06377314924122159 0.09320594556280447 0.12058300741310264 0.14870343416262755 0.2184067844508712 0.24129823109802967 0.28458103686112723 0.35940922012772303 0.6512532927083159 0.8728469905656 1.0287139937197118 1.1563111322573814 1.9825783572413755 3.1808610557597254
1523 18276 -0.9925260271049038 -0.5475611814644404 0.5181329462767583 0.9864156233289412 0.010888768844869149 0.024657198774161806 0.036743134956810856 0.051319735429253006 0.06377314924122159 0.09320594556280447 0.12058300741310264 0.14870343416262755 0.2184067844508712 0.24129823109802967 0.28458103686112723 0.35940922012772303 0.6512532927083159 0.8728469905656 1.0287139937197118 1.1563111322573814 1.9825783572413755 3.1808610557597254
1524 18288 -0.9925630221794993 -0.5475982680094671 0.519673356274856 0.9860958569930802 0.010888768844869149 0.024657198774161806 0.036743134956810856 0.051319735429253006 0.06377314924122159 0.09320594556280447 0.12058300741310264 0.14870343416262755 0.2184067844508712 0.24129823109802967 0.28458103686112723 0.35940922012772303 0.6512532927083159 0.8728469905656 1.0287139937197118 1.1563111322573814 1.9825783572413755 3.1808610557597254
1525 18300 -0.9923978445766725 -0.5566716938436403 0.529146836539179 0.9860588769242492 0.010888768844869149 0.024657198774161806 0.036743134956810856 0.051319735429253006 0.06377314924122159 0.09320594556280447 0.12058300741310264 0.14870343416262755 0.2184067844508712 0.24129823109802967 0.28458103686112723 0.35940922012772303 0.6512532927083159 0.8728469905656 1.0287139937197118 1.1563111322573814 1.9825783572413755 3.1808610557597254
1526 18312 -0.9924096092355514 -0.5572200582411165 0.5320098136605248 0.9861728816706188 0.010888768844869149 0.024657198774161806 0.036743134956810856 0.051319735429253006 0.06377314924122159 0.09320594556280447 0.12058300741310264 0.14870343416262755 0.2184067844508712 0.24129823109802967 0.28458103686112723 0.35940922012772303 0.6512532927083159 0.8728469905656 1.0287139937197118 1.1563111322573814 1.9825783572413755 3.1808610557597254
1527 18324 -0.9924856726189786 -0.5541876565206091 0.532054055306197 0.9857938281114841 0.010888768844869149 0.024657198774161806 0.036743134956810856 0.051319735429253006 0.06377314924122159 0.09320594556280447 0.12058300741310264 0.14870343416262755 0.2184067844508712 0.24129823109802967 0.28458103686112723 0.35940922012772303 0.6512532927083159 0.8728469905656 1.0287139937197118 1.1563111322573814 1.9825783572413755 3.1808610557597254
1528 18336 -0.9925521828597156 -0.5512926357877511 0.5270942896745545 0.9853371237354422 0.010888768844869149 0.024657198774161806 0.036743134956810856 0.051319735429253006 0.06377314924122159 0.09320594556280447 0.12058300741310264 0.14870343416262755 0.2184067844508712 0.24129823109802967 0.28458103686112723 0.35940922012772303 0.6512532927083159 0.8728469905656 1.0287139937197118 1.1563111322573814 1.9825783572413755 3.1808610557597254
1529 18348 -0.992582296456598 -0.5595457564047539 0.5300901302141939 0.9853736344608295 0.010888768844869149 0.024657198774161806 0.036743134956810856 0.051319735429253006 0.06377314924122159 0.09320594556280447 0.12058300741310264 0.14870343416262755 0.2184067844508712 0.24129823109802967 0.28458103686112723 0.35940922012772303 0.6512532927083159 0.8728469905656 1.0287139937197118 1.1563111322573814 1.9825783572413755 3.1808610557597254
1530 18360 -0.9925192677902348 -0.5681756314354198 0.5331558731983347 0.9854597964059043 0.010888768844869149 0.024657198774161806 0.036743134956810856 0.051319735429253006 0.06377314924122159 0.09320594556280447 0.12058300741310264 0.14870343416262755 0.2184067844508712 0.24129823109802967 0.28458103686112723 0.35940922012772303 0.6512532927083159 0.8728469905656 1.0287139937197118 1.1563111322573814 1.9825783572413755 3.1808610557597254
1531 18372 -0.9924506861687933 -0.5676114605207191 0.5271541953289134 0.9852954765995565 0.012038629420324801 0.0269172399163443 0.03908233528729137 0.05758053163134794 0.06656656721730143 0.09402374361211513 0.12401846530935932 0.16423948142413325 0.2311541211421096 0.24239543174831 0.2880620596405046 0.39929130966818066 0.6647827686431429 0.7927763450846451 0.9958363168702429 1.181418495433522 1.9808707580551992 3.1941103143597345
1532 18384 -0.9922452043020927 -0.5812483671088287 0.5443627060491691 0.9850690515449403 0.012038629420324801 0.0269172399163443 0.03908233528729137 0.05758053163134794 0.06656656721730143 0.09402374361211513 0.12401846530935932 0.16423948142413325 0.2311541211421096 0.24239543174831 0.2880620596405046 0.39929130966818066 0.6647827686431429 0.7927763450846451 0.9958363168702429 1.181418495433522 1.9808707580551992 3.1941103143597345
1533 18396 -0.9922528322712268 -0.5832294917142725 0.5443678280259847 0.9855126540846395 0.012038629420324801 0.0269172399163443 0.03908233528729137 0.05758053163134794 0.06656656721730143 0.09402374361211513 0.12401846530935932 0.16423948142413325 0.2311541211421096 0.24239543174831 0.2880620596405046 0.39929130966818066 0.6647827686431429 0.7927763450846451 0.9958363168702429 1.181418495433522 1.9808707580551992 3.1941103143597345
1534 18408 -0.9922477534120142 -0.5803101184356539 0.5469599281998534 0.985767069224256 0.012038629420324801 0.0269172399163443 0.03908233528729137 0.05758053163134794 0.06656656721730143 0.09402374361211513 0.12401846530935932 0.16423948142413325 0.2311541211421096 0.24239543174831 0.2880620596405046 0.39929130966818066 0.6647827686431429 0.7927763450846451 0.9958363168702429 1.181418495433522 1.9808707580551992 3.1941103143597345
1535 18420 -0.9922432013275356 -0.5851552574404988 0.5566832226799332 0.9859229898006489 0.012038629420324801 0.0269172399163443 0.03908233528729137 0.05758053163134794 0.06656656721730143 0.09402374361211513 0.12401846530935932 0.16423948142413325 0.2311541211421096 0.24239543174831 0.2880620596405046 0.39929130966818066 0.6647827686431429 0.7927763450846451 0.9958363168702429 1.181418495433522 1.9808707580551992 3.1941103143597345
1536 18432 -0.9923446483087828 -0.5798120114132941 0.5458098635872517 0.9857938629146151 0.012038629420324801 0.0269172399163443 0.03908233528729137 0.05758053163134794 0.06656656721730143 0.09402374361211513 0.12401846530935932 0.16423948142413325 0.2311541211421096 0.24239543174831 0.2880620596405046 0.39929130966818066 0.6647827686431429 0.7927763450846451 0.9958363168702429 1.181418495433522 1.9808707580551992 3.1941103143597345
1537 18444 -0.9922451977510243 -0.5799021709228465 0.5492350435041031 0.9862509930725967 0.012038629420324801 0.0269172399163443 0.03908233528729137 0.05758053163134794 0.06656656721730143 0.09402374361211513 0.12401846530935932 0.16423948142413325 0.2311541211421096 0.24239543174831 0.2880620596405046 0.39929130966818066 0.6647827686431429 0.7927763450846451 0.9958363168702429 1.181418495433522 1.9808707580551992 3.1941103143597345
1538 18456 -0.9921947836631466 -0.5774468390077485 0.5520187789256645 0.9865258356254814 0.012038629420324801 0.0269172399163443 0.03908233528729137 0.05758053163134794 0.06656656721730143 0.09402374361211513 0.12401846530935932 0.16423948142413325 0.2311541211421096 0.24239543174831 0.2880620596405046 0.39929130966818066 0.6647827686431429 0.7927763450846451 0.9958363168702429 1.181418495433522 1.9808707580551992 3.1941103143597345
1539 18468 -0.9923915693929575 -0.5788983775362768 0.5501822161589143 0.9863564068808489 0.012038629420324801 0.0269172399163443 0.03908233528729137 0.05758053163134794 0.06656656721730143 0.09402374361211513 0.12401846530935932 0.16423948142413325 0.2311541211421096 0.24239543174831 0.2880620596405046 0.39929130966818066 0.6647827686431429 0.7927763450846451 0.9958363168702429 1.181418495433522 1.9808707580551992 3.1941103143597345
1540 18480 -0.9923352046549005 -0.5789769440870537 0.5531593903097558 0.9863024219050524 0.012038629420324801 0.0269172399163443 0.03908233528729137 0.05758053163134794 0.06656656721730143 0.09402374361211513 0.12401846530935932 0.16423948142413325 0.2311541211421096 0.24239543174831 0.2880620596405046 0.39929130966818066 0.6647827686431429 0.7927763450846451 0.9958363168702429 1.181418495433522 1.9808707580551992 3.1941103143597345
1541 18492 -0.9924130952182887 -0.582044444736342 0.5561957237151929 0.9861518392139771 0.012038629420324801 0.0269172399163443 0.03908233528729137 0.05758053163134794 0.06656656721730143 0.09402374361211513 0.12401846530935932 0.16423948142413325 0.2311541211421096 0.24239543174831 0.2880620596405046 0.39929130966818066 0.6647827686431429 0.7927763450846451 0.9958363168702429 1.181418495433522 1.9808707580551992 3.1941103143597345
1542 18504 -0.9924286645150188 -0.578645651664825 0.5432043790114575 0.98571193703515 0.012038629420324801 0.0269172399163443 0.03908233528729137 0.05758053163134794 0.06656656721730143 0.09402374361211513 0.12401846530935932 0.16423948142413325 0.2311541211421096 0.24239543174831 0.2880620596405046 0.39929130966818066 0.6647827686431429 0.7927763450846451 0.9958363168702429 1.181418495433522 1.9808707580551992 3.1941103143597345
1543 18516 -0.9922697610022387 -0.5752538176896206 0.5505627437323316 0.9856770740294198 0.012038629420324801 0.0269172399163443 0.03908233528729137 0.05758053163134794 0.06656656721730143 0.09402374361211513 0.12401846530935932 0.16423948142413325 0.2311541211421096 0.24239543174831 0.2880620596405046 0.39929130966818066 0.6647827686431429 0.7927763450846451 0.9958363168702429 1.181418495433522 1.9808707580551992 3.1941103143597345
1544 18528 -0.9922983816077231 -0.5799227999259668 0.5447694082329122 0.985559062683234 0.012038629420324801 0.0269172399163443 0.03908233528729137 0.05758053163134794 0.06656656721730143 0.09402374361211513 0.12401846530935932 0.16423948142413325 0.2311541211421096 0.24239543174831 0.2880620596405046 0.39929130966818066 0.6647827686431429 0.7927763450846451 0.9958363168702429 1.181418495433522 1.9808707580551992 3.1941103143597345
1545 18540 -0.9921321175345978 -0.5779597447044584 0.5440021631570631 0.9853318598240896 0.012038629420324801 0.0269172399163443 0.03908233528729137 0.05758053163134794 0.06656656721730143 0.09402374361211513 0.12401846530935932 0.16423948142413325 0.2311541211421096 0.24239543174831 0.2880620596405046 0.39929130966818066 0.6647827686431429 0.7927763450846451 0.9958363168702429 1.181418495433522 1.9808707580551992 3.1941103143597345
1546 18552 -0.99242048494101 -0.5806167423686023 0.5342031964324836 0.9852161085638532 0.012038629420324801 0.0269172399163443 0.03908233528729137 0.05758053163134794 0.06656656721730143 0.09402374361211513 0.12401846530935932 0.16423948142413325 0.2311541211421096 0.24239543174831 0.2880620596405046 0.39929130966818066 0.6647827686431429 0.7927763450846451 0.9958363168702429 1.181418495433522 1.9808707580551992 3.1941103143597345
1547 18564 -0.9925174497985787 -0.5761840663821424 0.5281317880438456 0.985294125066686 0.012038629420324801 0.0269172399163443 0.03908233528729137 0.05758053163134794 0.06656656721730143 0.09402374361211513 0.12401846530935932 0.16423948142413325 0.2311541211421096 0.24239543174831 0.2880620596405046 0.39929130966818066 0.6647827686431429 0.7927763450846451 0.9958363168702429 1.181418495433522 1.9808707580551992 3.1941103143597345
1548 18576 -0.9926888342593517 -0.5591777114190799 0.5201387195910946 0.9852744178690004 0.012038629420324801 0.0269172399163443 0.03908233528729137 0.05758053163134794 0.06656656721730143 0.09402374361211513 0.12401846530935932 0.16423948142413325 0.2311541211421096 0.24239543174831 0.2880620596405046 0.39929130966818066 0.6647827686431429 0.7927763450846451 0.9958363168702429 1.181418495433522 1.9808707580551992 3.1941103143597345
1549 18588 -0.9931824572728736 -0.551455424216684 0.4992965766553694 0.9851654535138452 0.013451839068135458 0.02481848417348027 0.04009509262477476 0.055356713787659065 0.06649446474596303 0.09237321338934835 0.13001213408345844 0.16320398540589456 0.22826162790005214 0.23997400331600416 0.2804269823137515 0.4148273241347203 0.6383216220512766 0.779490097226463 0.984387944562301 1.22383680692186 2.0073788860328707 3.172727650111718
1550 18600 -0.9938388241209486 -0.5490589789720058 0.4717493764442073 0.9851055873080852 0.013451839068135458 0.02481848417348027 0.04009509262477476 0.055356713787659065 0.06649446474596303 0.09237321338934835 0.13001213408345844 0.16320398540589456 0.22826162790005214 0.23997400331600416 0.2804269823137515 0.4148273241347203 0.6383216220512766 0.779490097226463 0.984387944562301 1.22383680692186 2.0073788860328707 3.172727650111718
1551 18612 -0.9944267434909169 -0.540421160249711 0.44808617144349683 0.9847630100587318 0.013451839068135458 0.02481848417348027 0.04009509262477476 0.055356713787659065 0.06649446474596303 0.09237321338934835 0.13001213408345844 0.16320398540589456 0.22826162790005214 0.23997400331600416 0.2804269823137515 0.4148273241347203 0.6383216220512766 0.779490097226463 0.984387944562301 1.22383680692186 2.0073788860328707 3.172727650111718
1552 18624 -0.9948083378429808 -0.5290661874724424 0.3983174101257825 0.9848034274263527 0.013451839068135458 0.02481848417348027 0.04009509262477476 0.055356713787659065 0.06649446474596303 0.09237321338934835 0.13001213408345844 0.16320398540589456 0.22826162790005214 0.23997400331600416 0.2804269823137515 0.4148273241347203 0.6383216220512766 0.779490097226463 0.984387944562301 1.22383680692186 2.0073788860328707 3.172727650111718
1553 18636 -0.9951609808749556 -0.525250436539693 0.3887162062349234 0.9850631733565268 0.013451839068135458 0.02481848417348027 0.04009509262477476 0.055356713787659065 0.06649446474596303 0.09237321338934835 0.13001213408345844 0.16320398540589456 0.22826162790005214 0.23997400331600416 0.2804269823137515 0.4148273241347203 0.6383216220512766 0.779490097226463 0.984387944562301 1.22383680692186 2.0073788860328707 3.172727650111718
1554 18648 -0.99543713001208 -0.5170781738342318 0.3839111461975546 0.984016064333272 0.013451839068135458 0.02481848417348027 0.04009509262477476 0.055356713787659065 0.06649446474596303 0.09237321338934835 0.13001213408345844 0.16320398540589456 0.22826162790005214 0.23997400331600416 0.2804269823137515 0.4148273241347203 0.6383216220512766 0.779490097226463 0.984387944562301 1.22383680692186 2.0073788860328707 3.172727650111718
1555 18660 -0.9954844328652805 -0.5172535786782892 0.3832917746140363 0.9844609599618253 0.013451839068135458 0.02481848417348027 0.04009509262477476 0.055356713787659065 0.06649446474596303 0.09237321338934835 0.13001213408345844 0.16320398540589456 0.22826162790005214 0.23997400331600416 0.2804269823137515 0.4148273241347203 0.6383216220512766 0.779490097226463 0.984387944562301 1.22383680692186 2.0073788860328707 3.172727650111718
1556 18672 -0.9955186991650159 -0.5084120173552079 0.3968651290772338 0.9842863091221665 0.013451839068135458 0.02481848417348027 0.04009509262477476 0.055356713787659065 0.06649446474596303 0.09237321338934835 0.13001213408345844 0.16320398540589456 0.22826162790005214 0.23997400331600416 0.2804269823137515 0.4148273241347203 0.6383216220512766 0.779490097226463 0.984387944562301 1.22383680692186 2.0073788860328707 3.172727650111718
1557 18684 -0.9953828765103586 -0.5002535193899169 0.39529503635506025 0.9839136346782291 0.013451839068135458 0.02481848417348027 0.04009509262477476 0.055356713787659065 0.06649446474596303 0.09237321338934835 0.13001213408345844 0.16320398540589456 0.22826162790005214 0.23997400331600416 0.2804269823137515 0.4148273241347203 0.6383216220512766 0.779490097226463 0.984387944562301 1.22383680692186 2.0073788860328707 3.172727650111718
1558 18696 -0.9953475857514007 -0.49767873567502785 0.39256432194914365 0.9840687735055368 0.013451839068135458 0.02481848417348027 0.04009509262477476 0.055356713787659065 0.06649446474596303 0.09237321338934835 0.13001213408345844 0.16320398540589456 0.22826162790005214 0.23997400331600416 0.2804269823137515 0.4148273241347203 0.6383216220512766 0.779490097226463 0.984387944562301 1.22383680692186 2.0073788860328707 3.172727650111718
1559 18708 -0.995479223909671 -0.4951468697537776 0.3926098018639469 0.9834907458088662 0.013451839068135458 0.02481848417348027 0.04009509262477476 0.055356713787659065 0.06649446474596303 0.09237321338934835 0.13001213408345844 0.16320398540589456 0.22826162790005214 0.23997400331600416 0.2804269823137515 0.4148273241347203 0.6383216220512766 0.779490097226463 0.984387944562301 1.22383680692186 2.0073788860328707 3.172727650111718
1560 18720 -0.9955315198359633 -0.5023572917138734 0.3888013083514667 0.9831524597769759 0.013451839068135458 0.02481848417348027 0.04009509262477476 0.055356713787659065 0.06649446474596303 0.09237321338934835 0.13001213408345844 0.16320398540589456 0.22826162790005214 0.23997400331600416 0.2804269823137515 0.4148273241347203 0.6383216220512766 0.779490097226463 0.984387944562301 1.22383680692186 2.0073788860328707 3.172727650111718
1561 18732 -0.9956700510443263 -0.4979130282951881 0.385830255780124 0.9830524484111902 0.013451839068135458 0.02481848417348027 0.04009509262477476 0.055356713787659065 0.06649446474596303 0.09237321338934835 0.13001213408345844 0.16320398540589456 0.22826162790005214 0.23997400331600416 0.2804269823137515 0.4148273241347203 0.6383216220512766 0.779490097226463 0.984387944562301 1.22383680692186 2.0073788860328707 3.172727650111718
1562 18744 -0.9958081859975056 -0.48766467911408923 0.3895440044528187 0.9833269604936102 0.013451839068135458 0.02481848417348027 0.04009509262477476 0.055356713787659065 0.06649446474596303 0.09237321338934835 0.13001213408345844 0.16320398540589456 0.22826162790005214 0.23997400331600416 0.2804269823137515 0.4148273241347203 0.6383216220512766 0.779490097226463 0.984387944562301 1.22383680692186 2.0073788860328707 3.172727650111718
1563 18756 -0.9958806264048586 -0.4938727595206614 0.3886342496577141 0.9834863004782044 0.013451839068135458 0.02481848417348027 0.04009509262477476 0.055356713787659065 0.06649446474596303 0.09237321338934835 0.13001213408345844 0.16320398540589456 0.22826162790005214 0.23997400331600416 0.2804269823137515 0.4148273241347203 0.6383216220512766 0.779490097226463 0.984387944562301 1.22383680692186 2.0073788860328707 3.172727650111718
1564 18768 -0.9958666607150358 -0.4904557470500881 0.40166143558425316 0.9839959098129892 0.013451839068135458 0.02481848417348027 0.04009509262477476 0.055356713787659065 0.06649446474596303 0.09237321338934835 0.13001213408345844 0.16320398540589456 0.22826162790005214 0.23997400331600416 0.2804269823137515 0.4148273241347203 0.6383216220512766 0.779490097226463 0.984387944562301 1.22383680692186 2.0073788860328707 3.172727650111718
1565 18780 -0.9958254731639692 -0.48882501000918344 0.40110060671684217 0.9840308339738548 0.013451839068135458 0.02481848417348027 0.04009509262477476 0.055356713787659065 0.06649446474596303 0.09237321338934835 0.13001213408345844 0.16320398540589456 0.22826162790005214 0.23997400331600416 0.2804269823137515 0.4148273241347203 0.6383216220512766 0.779490097226463 0.984387944562301 1.22383680692186 2.0073788860328707 3.172727650111718
1566 18792 -0.9957325536192069 -0.49848864754372785 0.39791419015264706 0.9844772311562134 0.013451839068135458 0.02481848417348027 0.04009509262477476 0.055356713787659065 0.06649446474596303 0.09237321338934835 0.13001213408345844 0.16320398540589456 0.22826162790005214 0.23997400331600416 0.2804269823137515 0.4148273241347203 0.6383216220512766 0.779490097226463 0.984387944562301 1.22383680692186 2.0073788860328707 3.172727650111718
1567 18804 -0.9956568149522536 -0.500616604180447 0.40018116524966485 0.9846585030403525 0.01270632836410533 0.019683578834408206 0.04216716492355591 0.05574418619753289 0.06225571624072328 0.0945169482762166 0.1322685008000733 0.1704824401393578 0.22490813482659552 0.24812819374925263 0.2728506415893729 0.40729855115832503 0.5982514251686164 0.740474993261334 0.9611176828915898 1.2755025019560728 2.1391824237205244 3.090265856721711
1568 18816 -0.9956323978767988 -0.5020259165060743 0.3991361097601752 0.9847686971248022 0.01270632836410533 0.019683578834408206 0.04216716492355591 0.05574418619753289 0.06225571624072328 0.0945169482762166 0.1322685008000733 0.1704824401393578 0.22490813482659552 0.24812819374925263 0.2728506415893729 0.40729855115832503 0.5982514251686164 0.740474993261334 0.9611176828915898 1.2755025019560728 2.1391824237205244 3.090265856721711
1569 18828 -0.9956549554755032 -0.5009706033017342 0.40756702672658274 0.9854718935395591 0.01270632836410533 0.019683578834408206 0.04216716492355591 0.05574418619753289 0.06225571624072328 0.0945169482762166 0.1322685008000733 0.1704824401393578 0.22490813482659552 0.24812819374925263 0.2728506415893729 0.40729855115832503 0.5982514251686164 0.740474993261334 0.9611176828915898 1.2755025019560728 2.1391824237205244 3.090265856721711
1570 18840 -0.9956837797034329 -0.4990853902569129 0.4007723079672185 0.9854513588781356 0.01270632836410533 0.019683578834408206 0.04216716492355591 0.05574418619753289 0.06225571624072328 0.0945169482762166 0.1322685008000733 0.1704824401393578 0.22490813482659552 0.24812819374925263 0.2728506415893729 0.40729855115832503 0.5982514251686164 0.740474993261334 0.9611176828915898 1.2755025019560728 2.1391824237205244 3.090265856721711
1571 18852 -0.9956388487273873 -0.4959564091788744 0.39788968657080065 0.9858956623695142 0.01270632836410533 0.019683578834408206 0.04216716492355591 0.05574418619753289 0.06225571624072328 0.0945169482762166 0.1322685008000733 0.1704824401393578 0.22490813482659552 0.24812819374925263 0.2728506415893729 0.40729855115832503 0.5982514251686164 0.740474993261334 0.9611176828915898 1.2755025019560728 2.1391824237205244 3.090265856721711
1572 18864 -0.9953957880460416 -0.5144714835910978 0.4055859587724128 0.9862948706457387 0.01270632836410533 0.019683578834408206 0.04216716492355591 0.05574418619753289 0.06225571624072328 0.0945169482762166 0.1322685008000733 0.1704824401393578 0.22490813482659552 0.24812819374925263 0.2728506415893729 0.40729855115832503 0.5982514251686164 0.740474993261334 0.9611176828915898 1.2755025019560728 2.1391824237205244 3.090265856721711
1573 18876 -0.9953222465108243 -0.5221259892669214 0.40695201782281754 0.9862234354966131 0.01270632836410533 0.019683578834408206 0.04216716492355591 0.05574418619753289 0.06225571624072328 0.0945169482762166 0.1322685008000733 0.1704824401393578 0.22490813482659552 0.24812819374925263 0.2728506415893729 0.40729855115832503 0.5982514251686164 0.740474993261334 0.9611176828915898 1.2755025019560728 2.1391824237205244 3.090265856721711
1574 18888 -0.9952227015649587 -0.5182092248176834 0.41137324155864013 0.9864633769854251 0.01270632836410533 0.019683578834408206 0.04216716492355591 0.05574418619753289 0.06225571624072328 0.0945169482762166 0.1322685008000733 0.1704824401393578 0.22490813482659552 0.24812819374925263 0.2728506415893729 0.40729855115832503 0.5982514251686164 0.740474993261334 0.9611176828915898 1.2755025019560728 2.1391824237205244 3.090265856721711
1575 18900 -0.995268051473222 -0.512071484813363 0.40702307542434196 0.9861858331160345 0.01270632836410533 0.019683578834408206 0.04216716492355591 0.05574418619753289 0.06225571624072328 0.0945169482762166 0.1322685008000733 0.1704824401393578 0.22490813482659552 0.24812819374925263 0.2728506415893729 0.40729855115832503 0.5982514251686164 0.740474993261334 0.9611176828915898 1.2755025019560728 2.1391824237205244 3.090265856721711
1576 18912 -0.9952455149901644 -0.5123098481068078 0.4145908922247495 0.9854404621384997 0.01270632836410533 0.019683578834408206 0.04216716492355591 0.05574418619753289 0.06225571624072328 0.0945169482762166 0.1322685008000733 0.1704824401393578 0.22490813482659552 0.24812819374925263 0.2728506415893729 0.40729855115832503 0.5982514251686164 0.740474993261334 0.9611176828915898 1.2755025019560728 2.1391824237205244 3.090265856721711
1577 18924 -0.9952749194417843 -0.5116437671016769 0.4135284961708506 0.9852647731016067 0.01270632836410533 0.019683578834408206 0.04216716492355591 0.05574418619753289 0.06225571624072328 0.0945169482762166 0.1322685008000733 0.1704824401393578 0.22490813482659552 0.24812819374925263 0.2728506415893729 0.40729855115832503 0.5982514251686164 0.740474993261334 0.9611176828915898 1.2755025019560728 2.1391824237205244 3.090265856721711
1578 18936 -0.99520422920153 -0.5053134319557191 0.41898329274189794 0.9859237019370845 0.01270632836410533 0.019683578834408206 0.04216716492355591 0.05574418619753289 0.06225571624072328 0.0945169482762166 0.1322685008000733 0.1704824401393578 0.22490813482659552 0.24812819374925263 0.2728506415893729 0.40729855115832503 0.5982514251686164 0.740474993261334 0.9611176828915898 1.2755025019560728 2.1391824237205244 3.090265856721711
1579 18948 -0.995183972655104 -0.5146619482267842 0.42194286798426717 0.9858407835133051 0.01270632836410533 0.019683578834408206 0.04216716492355591 0.05574418619753289 0.06225571624072328 0.0945169482762166 0.1322685008000733 0.1704824401393578 0.22490813482659552 0.24812819374925263 0.2728506415893729 0.40729855115832503 0.5982514251686164 0.740474993261334 0.9611176828915898 1.2755025019560728 2.1391824237205244 3.090265856721711
1580 18960 -0.9952535646472555 -0.5122089744985364 0.4248019194844946 0.9861108002704524 0.01270632836410533 0.019683578834408206 0.04216716492355591 0.05574418619753289 0.06225571624072328 0.0945169482762166 0.1322685008000733 0.1704824401393578 0.22490813482659552 0.24812819374925263 0.2728506415893729 0.40729855115832503 0.5982514251686164 0.740474993261334 0.9611176828915898 1.2755025019560728 2.1391824237205244 3.090265856721711
1581 18972 -0.9951842513510762 -0.5148201411514426 0.42583644210060134 0.9864010696429789 0.01270632836410533 0.019683578834408206 0.04216716492355591 0.05574418619753289 0.06225571624072328 0.0945169482762166 0.1322685008000733 0.1704824401393578 0.22490813482659552 0.24812819374925263 0.2728506415893729 0.40729855115832503 0.5982514251686164 0.740474993261334 0.9611176828915898 1.2755025019560728 2.1391824237205244 3.090265856721711
1582 18984 -0.994951801127297 -0.5057681880794456 0.43029058697709593 0.9862467165709135 0.01270632836410533 0.019683578834408206 0.04216716492355591 0.05574418619753289 0.06225571624072328 0.0945169482762166 0.1322685008000733 0.1704824401393578 0.22490813482659552 0.24812819374925263 0.2728506415893729 0.40729855115832503 0.5982514251686164 0.740474993261334 0.9611176828915898 1.2755025019560728 2.1391824237205244 3.090265856721711
1583 18996 -0.994745862967558 -0.4953843720515463 0.4304252451801448 0.9863011846583112 0.01270632836410533 0.019683578834408206 0.04216716492355591 0.05574418619753289 0.06225571624072328 0.0945169482762166 0.1322685008000733 0.1704824401393578 0.22490813482659552 0.24812819374925263 0.2728506415893729 0.40729855115832503 0.5982514251686164 0.740474993261334 0.9611176828915898 1.2755025019560728 2.1391824237205244 3.090265856721711
1584 19008 -0.9946954262135911 -0.495704626601401 0.4311210707210864 0.98618393823865 0.01270632836410533 0.019683578834408206 0.04216716492355591 0.05574418619753289 0.06225571624072328 0.0945169482762166 0.1322685008000733 0.1704824401393578 0.22490813482659552 0.24812819374925263 0.2728506415893729 0.40729855115832503 0.5982514251686164 0.740474993261334 0.9611176828915898 1.2755025019560728 2.1391824237205244 3.090265856721711
1585 19020 -0.9947155140473967 -0.49377981620919875 0.43424667684969676 0.9854887634081322 0.012748780958772053 0.022346563740612873 0.041179256676222686 0.055616826681661145 0.06274984617170909 0.09985686851514916 0.12644050724785752 0.172132606046555 0.23148476134250928 0.24680467704499656 0.28299810899093963 0.4083734660743874 0.5955483073402283 0.6841484289937333 0.977813290812595 1.2463462670643173 2.1247079322364613 3.118821940610878
1586 19032 -0.9942742496042141 -0.4818463311046005 0.43122556893387554 0.9854483647269148 0.012748780958772053 0.022346563740612873 0.041179256676222686 0.055616826681661145 0.06274984617170909 0.09985686851514916 0.12644050724785752 0.172132606046555 0.23148476134250928 0.24680467704499656 0.28299810899093963 0.4083734660743874 0.5955483073402283 0.6841484289937333 0.977813290812595 1.2463462670643173 2.1247079322364613 3.118821940610878
1587 19044 -0.994108265420049 -0.4841726173433535 0.4398354043314817 0.9852937542398661 0.012748780958772053 0.022346563740612873 0.041179256676222686 0.055616826681661145 0.06274984617170909 0.09985686851514916 0.12644050724785752 0.172132606046555 0.23148476134250928 0.24680467704499656 0.28299810899093963 0.4083734660743874 0.5955483073402283 0.6841484289937333 0.977813290812595 1.2463462670643173 2.1247079322364613 3.118821940610878
1588 19056 -0.9940306754418952 -0.48503165839386164 0.43958801871417336 0.9845346382252408 0.012748780958772053 0.022346563740612873 0.041179256676222686 0.055616826681661145 0.06274984617170909 0.09985686851514916 0.12644050724785752 0.172132606046555 0.23148476134250928 0.24680467704499656 0.28299810899093963 0.4083734660743874 0.5955483073402283 0.6841484289937333 0.977813290812595 1.2463462670643173 2.1247079322364613 3.118821940610878
1589 19068 -0.9940377794657497 -0.48762958050428284 0.4434635532697061 0.984376460506913 0.012748780958772053 0.022346563740612873 0.041179256676222686 0.055616826681661145 0.06274984617170909 0.09985686851514916 0.12644050724785752 0.172132606046555 0.23148476134250928 0.24680467704499656 0.28299810899093963 0.4083734660743874 0.5955483073402283 0.6841484289937333 0.977813290812595 1.2463462670643173 2.1247079322364613 3.118821940610878
1590 19080 -0.9940070105149312 -0.48551207099698357 0.44710980918294874 0.9837139327329899 0.012748780958772053 0.022346563740612873 0.041179256676222686 0.055616826681661145 0.06274984617170909 0.09985686851514916 0.12644050724785752 0.172132606046555 0.23148476134250928 0.24680467704499656 0.28299810899093963 0.4083734660743874 0.5955483073402283 0.6841484289937333 0.977813290812595 1.2463462670643173 2.1247079322364613 3.118821940610878
1591 19092 -0.9940254046616998 -0.491717596972249 0.44604610799361544 0.9841511573097811 0.012748780958772053 0.022346563740612873 0.041179256676222686 0.055616826681661145 0.06274984617170909 0.09985686851514916 0.12644050724785752 0.172132606046555 0.23148476134250928 0.24680467704499656 0.28299810899093963 0.4083734660743874 0.5955483073402283 0.6841484289937333 0.977813290812595 1.2463462670643173 2.1247079322364613 3.118821940610878
1592 19104 -0.9940098069150495 -0.4924287149107317 0.4501345860173418 0.9841768640004168 0.012748780958772053 0.022346563740612873 0.041179256676222686 0.055616826681661145 0.06274984617170909 0.09985686851514916 0.12644050724785752 0.172132606046555 0.23148476134250928 0.24680467704499656 0.28299810899093963 0.4083734660743874 0.5955483073402283 0.6841484289937333 0.977813290812595 1.2463462670643173 2.1247079322364613 3.118821940610878
1593 19116 -0.9940378393786106 -0.4936278754290446 0.45333670321077485 0.9839918342167719 0.012748780958772053 0.022346563740612873 0.041179256676222686 0.055616826681661145 0.06274984617170909 0.09985686851514916 0.12644050724785752 0.172132606046555 0.23148476134250928 0.24680467704499656 0.28299810899093963 0.4083734660743874 0.5955483073402283 0.6841484289937333 0.977813290812595 1.2463462670643173 2.1247079322364613 3.118821940610878
1594 19128 -0.993964330011015 -0.49448186515025083 0.45480758044898345 0.9843133368667086 0.012748780958772053 0.022346563740612873 0.041179256676222686 0.055616826681661145 0.06274984617170909 0.09985686851514916 0.12644050724785752 0.172132606046555 0.23148476134250928 0.24680467704499656 0.28299810899093963 0.4083734660743874 0.5955483073402283 0.6841484289937333 0.977813290812595 1.2463462670643173 2.1247079322364613 3.118821940610878
1595 19140 -0.9940226825770871 -0.48375396539031135 0.4534383054875026 0.9842638812338079 0.012748780958772053 0.022346563740612873 0.041179256676222686 0.055616826681661145 0.06274984617170909 0.09985686851514916 0.12644050724785752 0.172132606046555 0.23148476134250928 0.24680467704499656 0.28299810899093963 0.4083734660743874 0.5955483073402283 0.6841484289937333 0.977813290812595 1.2463462670643173 2.1247079322364613 3.118821940610878
1596 19152 -0.9939256543445687 -0.48522229155150387 0.4547390599899303 0.9840095520511281 0.012748780958772053 0.022346563740612873 0.041179256676222686 0.055616826681661145 0.06274984617170909 0.09985686851514916 0.12644050724785752 0.172132606046555 0.23148476134250928 0.24680467704499656 0.28299810899093963 0.4083734660743874 0.5955483073402283 0.6841484289937333 0.977813290812595 1.2463462670643173 2.1247079322364613 3.118821940610878
1597 19164 -0.9939902705446357 -0.4719613792592733 0.4538165970812871 0.9833411741805448 0.012748780958772053 0.022346563740612873 0.041179256676222686 0.055616826681661145 0.06274984617170909 0.09985686851514916 0.12644050724785752 0.172132606046555 0.23148476134250928 0.24680467704499656 0.28299810899093963 0.4083734660743874 0.5955483073402283 0.6841484289937333 0.977813290812595 1.2463462670643173 2.1247079322364613 3.118821940610878
1598 19176 -0.9938172209038264 -0.47556811169523494 0.4542502425111873 0.9834429769293597 0.012748780958772053 0.022346563740612873 0.041179256676222686 0.055616826681661145 0.06274984617170909 0.09985686851514916 0.12644050724785752 0.172132606046555 0.23148476134250928 0.24680467704499656 0.28299810899093963 0.4083734660743874 0.5955483073402283 0.6841484289937333 0.977813290812595 1.2463462670643173 2.1247079322364613 3.118821940610878
1599 19188 -0.9937906937133307 -0.476406967232169 0.45934923226899593 0.9830670920985551 0.012748780958772053 0.022346563740612873 0.041179256676222686 0.055616826681661145 0.06274984617170909 0.09985686851514916 0.12644050724785752 0.172132606046555 0.23148476134250928 0.24680467704499656 0.28299810899093963 0.4083734660743874 0.5955483073402283 0.6841484289937333 0.977813290812595 1.2463462670643173 2.1247079322364613 3.118821940610878
1600 19200 -0.9938700470158206 -0.479431469880201 0.4533458577706534 0.9832216946786748 0.012748780958772053 0.022346563740612873 0.041179256676222686 0.055616826681661145 0.06274984617170909 0.09985686851514916 0.12644050724785752 0.172132606046555 0.23148476134250928 0.24680467704499656 0.28299810899093963 0.4083734660743874 0.5955483073402283 0.6841484289937333 0.977813290812595 1.2463462670643173 2.1247079322364613 3.118821940610878
1601 19212 -0.9938571046462935 -0.4848426837733487 0.45154058501930855 0.9828987903821197 0.012748780958772053 0.022346563740612873 0.041179256676222686 0.055616826681661145 0.06274984617170909 0.09985686851514916 0.12644050724785752 0.172132606046555 0.23148476134250928 0.24680467704499656 0.28299810899093963 0.4083734660743874 0.5955483073402283 0.6841484289937333 0.977813290812595 1.2463462670643173 2.1247079322364613 3.118821940610878
1602 19224 -0.9938643234564275 -0.4924797598420654 0.45062500584065196 0.9821177086738183 0.012748780958772053 0.022346563740612873 0.041179256676222686 0.055616826681661145 0.06274984617170909 0.09985686851514916 0.12644050724785752 0.172132606046555 0.23148476134250928 0.24680467704499656 0.28299810899093963 0.4083734660743874 0.5955483073402283 0.6841484289937333 0.977813290812595 1.2463462670643173 2.1247079322364613 3.118821940610878
1603 19236 -0.9940278543693906 -0.4927402153939083 0.4447386270098968 0.981515667486307 0.013669404131000769 0.02596273570898676 0.04263053253060768 0.06221275332844618 0.06276562437853851 0.11172818028651432 0.13088787366718932 0.18195212248870124 0.24657460149099564 0.25474808903093843 0.29232182881036717 0.410374723856065 0.6027508437620657 0.7031692770017627 0.900398682644652 1.2973225776055803 2.1346542097343635 3.1046686491492426
1604 19248 -0.9941512624944612 -0.4932304131714964 0.4451042225505134 0.9814388629839355 0.013669404131000769 0.02596273570898676 0.04263053253060768 0.06221275332844618 0.06276562437853851 0.11172818028651432 0.13088787366718932 0.18195212248870124 0.24657460149099564 0.25474808903093843 0.29232182881036717 0.410374723856065 0.6027508437620657 0.7031692770017627 0.900398682644652 1.2973225776055803 2.1346542097343635 3.1046686491492426
1605 19260 -0.9941653632732877 -0.502008579245817 0.44289841846132216 0.9816798831531063 0.013669404131000769 0.02596273570898676 0.04263053253060768 0.06221275332844618 0.06276562437853851 0.11172818028651432 0.13088787366718932 0.18195212248870124 0.24657460149099564 0.25474808903093843 0.29232182881036717 0.410374723856065 0.6027508437620657 0.7031692770017627 0.900398682644652 1.2973225776055803 2.1346542097343635 3.1046686491492426
1606 19272 -0.9939785783629203 -0.5044149027168017 0.4423178123661916 0.9819803033899459 0.013669404131000769 0.02596273570898676 0.04263053253060768 0.06221275332844618 0.06276562437853851 0.11172818028651432 0.13088787366718932 0.18195212248870124 0.24657460149099564 0.25474808903093843 0.29232182881036717 0.410374723856065 0.6027508437620657 0.7031692770017627 0.900398682644652 1.2973225776055803 2.1346542097343635 3.1046686491492426
1607 19284 -0.9939186916638382 -0.5082967610009343 0.4468840076934282 0.9818933744352611 0.013669404131000769 0.02596273570898676 0.04263053253060768 0.06221275332844618 0.06276562437853851 0.11172818028651432 0.13088787366718932 0.18195212248870124 0.24657460149099564 0.25474808903093843 0.29232182881036717 0.410374723856065 0.6027508437620657 0.7031692770017627 0.900398682644652 1.2973225776055803 2.1346542097343635 3.1046686491492426
1608 19296 -0.9937695721283039 -0.5085609753137103 0.4482081008327248 0.9817198214032754 0.013669404131000769 0.02596273570898676 0.04263053253060768 0.06221275332844618 0.06276562437853851 0.11172818028651432 0.13088787366718932 0.18195212248870124 0.24657460149099564 0.25474808903093843 0.29232182881036717 0.410374723856065 0.6027508437620657 0.7031692770017627 0.900398682644652 1.2973225776055803 2.1346542097343635 3.1046686491492426
1609 19308 -0.993802084010523 -0.5046497005231518 0.4458171164610344 0.9805369625592281 0.013669404131000769 0.02596273570898676 0.04263053253060768 0.06221275332844618 0.06276562437853851 0.11172818028651432 0.13088787366718932 0.18195212248870124 0.24657460149099564 0.25474808903093843 0.29232182881036717 0.410374723856065 0.6027508437620657 0.7031692770017627 0.900398682644652 1.2973225776055803 2.1346542097343635 3.1046686491492426
1610 19320 -0.9937050723507643 -0.5087623271369659 0.45787091786821343 0.9807271885496099 0.013669404131000769 0.02596273570898676 0.04263053253060768 0.06221275332844618 0.06276562437853851 0.11172818028651432 0.13088787366718932 0.18195212248870124 0.24657460149099564 0.25474808903093843 0.29232182881036717 0.410374723856065 0.6027508437620657 0.7031692770017627 0.900398682644652 1.2973225776055803 2.1346542097343635 3.1046686491492426
1611 19332 -0.9934084495109496 -0.4986408242362167 0.46032047549303234 0.9803317456557351 0.013669404131000769 0.02596273570898676 0.04263053253060768 0.06221275332844618 0.06276562437853851 0.11172818028651432 0.13088787366718932 0.18195212248870124 0.24657460149099564 0.25474808903093843 0.29232182881036717 0.410374723856065 0.6027508437620657 0.7031692770017627 0.900398682644652 1.2973225776055803 2.1346542097343635 3.1046686491492426
1612 19344 -0.9932620210727495 -0.49944982839709484 0.46317265914288897 0.9804720492757948 0.013669404131000769 0.02596273570898676 0.04263053253060768 0.06221275332844618 0.06276562437853851 0.11172818028651432 0.13088787366718932 0.18195212248870124 0.24657460149099564 0.25474808903093843 0.29232182881036717 0.410374723856065 0.6027508437620657 0.7031692770017627 0.900398682644652 1.2973225776055803 2.1346542097343635 3.1046686491492426
1613 19356 -0.9931481590714324 -0.5007071399865556 0.46396213972290573 0.9804977342853864 0.013669404131000769 0.02596273570898676 0.04263053253060768 0.06221275332844618 0.06276562437853851 0.11172818028651432 0.13088787366718932 0.18195212248870124 0.24657460149099564 0.25474808903093843 0.29232182881036717 0.410374723856065 0.6027508437620657 0.7031692770017627 0.900398682644652 1.2973225776055803 2.1346542097343635 3.1046686491492426
1614 19368 -0.9931170271957791 -0.5015907870948804 0.451487387026908 0.9799632874943889 0.013669404131000769 0.02596273570898676 0.04263053253060768 0.06221275332844618 0.06276562437853851 0.11172818028651432 0.13088787366718932 0.18195212248870124 0.24657460149099564 0.25474808903093843 0.29232182881036717 0.410374723856065 0.6027508437620657 0.7031692770017627 0.900398682644652 1.2973225776055803 2.1346542097343635 3.1046686491492426
1615 19380 -0.9930160560444019 -0.5037575841304627 0.44693645355099426 0.979922704833171 0.013669404131000769 0.02596273570898676 0.04263053253060768 0.06221275332844618 0.06276562437853851 0.11172818028651432 0.13088787366718932 0.18195212248870124 0.24657460149099564 0.25474808903093843 0.29232182881036717 0.410374723856065 0.6027508437620657 0.7031692770017627 0.900398682644652 1.2973225776055803 2.1346542097343635 3.1046686491492426
1616 19392 -0.9928827212583132 -0.5061526245048906 0.453676145076459 0.9799750235930063 0.013669404131000769 0.02596273570898676 0.04263053253060768 0.06221275332844618 0.06276562437853851 0.11172818028651432 0.13088787366718932 0.18195212248870124 0.24657460149099564 0.25474808903093843 0.29232182881036717 0.410374723856065 0.6027508437620657 0.7031692770017627 0.900398682644652 1.2973225776055803 2.1346542097343635 3.1046686491492426
1617 19404 -0.992705011791611 -0.496962027798732 0.44969425887362646 0.979288254852465 0.013669404131000769 0.02596273570898676 0.04263053253060768 0.06221275332844618 0.06276562437853851 0.11172818028651432 0.13088787366718932 0.18195212248870124 0.24657460149099564 0.25474808903093843 0.29232182881036717 0.410374723856065 0.6027508437620657 0.7031692770017627 0.900398682644652 1.2973225776055803 2.1346542097343635 3.1046686491492426
1618 19416 -0.9928366308009282 -0.4976711821716455 0.4555712334967725 0.9788603915708339 0.013669404131000769 0.02596273570898676 0.04263053253060768 0.06221275332844618 0.06276562437853851 0.11172818028651432 0.13088787366718932 0.18195212248870124 0.24657460149099564 0.25474808903093843 0.29232182881036717 0.410374723856065 0.6027508437620657 0.7031692770017627 0.900398682644652 1.2973225776055803 2.1346542097343635 3.1046686491492426
1619 19428 -0.9928577534941522 -0.4930702051763199 0.4557453955393251 0.978300736376376 0.013669404131000769 0.02596273570898676 0.04263053253060768 0.06221275332844618 0.06276562437853851 0.11172818028651432 0.13088787366718932 0.18195212248870124 0.24657460149099564 0.25474808903093843 0.29232182881036717 0.410374723856065 0.6027508437620657 0.7031692770017627 0.900398682644652 1.2973225776055803 2.1346542097343635 3.1046686491492426
1620 19440 -0.9928952921737818 -0.4936675475607612 0.439069209247005 0.9777603438521699 0.013669404131000769 0.02596273570898676 0.04263053253060768 0.06221275332844618 0.06276562437853851 0.11172818028651432 0.13088787366718932 0.18195212248870124 0.24657460149099564 0.25474808903093843 0.29232182881036717 0.410374723856065 0.6027508437620657 0.7031692770017627 0.900398682644652 1.2973225776055803 2.1346542097343635 3.1046686491492426
1621 19452 -0.9930078787692134 -0.4855908854115556 0.4480853072681977 0.9774823035535833 0.013139327535840057 0.026780897643261723 0.04303108067887462 0.06293568505689465 0.06670261885600849 0.11331320249176154 0.15206136920152183 0.18826067670498697 0.24903740707396044 0.26017280482462507 0.31888187608211144 0.4430882421699637 0.6031239560739355 0.7343567420641348 0.9346310640829446 1.2758356205073857 2.1558228202351812 3.0721033876036112
1622 19464 -0.9929851887529764 -0.4821049245313227 0.4505454265090954 0.9770246998045865 0.013139327535840057 0.026780897643261723 0.04303108067887462 0.06293568505689465 0.06670261885600849 0.11331320249176154 0.15206136920152183 0.18826067670498697 0.24903740707396044 0.26017280482462507 0.31888187608211144 0.4430882421699637 0.6031239560739355 0.7343567420641348 0.9346310640829446 1.2758356205073857 2.1558228202351812 3.0721033876036112
1623 19476 -0.9931083120621907 -0.4837770472722054 0.4473813382773729 0.9777977606610613 0.013139327535840057 0.026780897643261723 0.04303108067887462 0.06293568505689465 0.06670261885600849 0.11331320249176154 0.15206136920152183 0.18826067670498697 0.24903740707396044 0.26017280482462507 0.31888187608211144 0.4430882421699637 0.6031239560739355 0.7343567420641348 0.9346310640829446 1.2758356205073857 2.1558228202351812 3.0721033876036112
1624 19488 -0.992929637699945 -0.48791238508948026 0.4493317287870128 0.9770792349363482 0.013139327535840057 0.026780897643261723 0.04303108067887462 0.06293568505689465 0.06670261885600849 0.11331320249176154 0.15206136920152183 0.18826067670498697 0.24903740707396044 0.26017280482462507 0.31888187608211144 0.4430882421699637 0.6031239560739355 0.7343567420641348 0.9346310640829446 1.2758356205073857 2.1558228202351812 3.0721033876036112
1625 19500 -0.9927656621655623 -0.4917215252737329 0.45164794906420735 0.9770139152994743 0.013139327535840057 0.026780897643261723 0.04303108067887462 0.06293568505689465 0.06670261885600849 0.11331320249176154 0.15206136920152183 0.18826067670498697 0.24903740707396044 0.26017280482462507 0.31888187608211144 0.4430882421699637 0.6031239560739355 0.7343567420641348 0.9346310640829446 1.2758356205073857 2.1558228202351812 3.0721033876036112
1626 19512 -0.992748595628717 -0.49226187842960306 0.45354300298158273 0.9768387003903665 0.013139327535840057 0.026780897643261723 0.04303108067887462 0.06293568505689465 0.06670261885600849 0.11331320249176154 0.15206136920152183 0.18826067670498697 0.24903740707396044 0.26017280482462507 0.31888187608211144 0.4430882421699637 0.6031239560739355 0.7343567420641348 0.9346310640829446 1.2758356205073857 2.1558228202351812 3.0721033876036112
1627 19524 -0.9928316083640586 -0.5029644027916725 0.45830751406040715 0.9766326160610612 0.013139327535840057 0.026780897643261723 0.04303108067887462 0.06293568505689465 0.06670261885600849 0.11331320249176154 0.15206136920152183 0.18826067670498697 0.24903740707396044 0.26017280482462507 0.31888187608211144 0.4430882421699637 0.6031239560739355 0.7343567420641348 0.9346310640829446 1.2758356205073857 2.1558228202351812 3.0721033876036112
1628 19536 -0.9928007197893104 -0.5131235320197324 0.4540528772494592 0.976407154740862 0.013139327535840057 0.026780897643261723 0.04303108067887462 0.06293568505689465 0.06670261885600849 0.11331320249176154 0.15206136920152183 0.18826067670498697 0.24903740707396044 0.26017280482462507 0.31888187608211144 0.4430882421699637 0.6031239560739355 0.7343567420641348 0.9346310640829446 1.2758356205073857 2.1558228202351812 3.0721033876036112
1629 19548 -0.9928498032676887 -0.5087132125381565 0.4584038635977961 0.9770297884982339 0.013139327535840057 0.026780897643261723 0.04303108067887462 0.06293568505689465 0.06670261885600849 0.11331320249176154 0.15206136920152183 0.18826067670498697 0.24903740707396044 0.26017280482462507 0.31888187608211144 0.4430882421699637 0.6031239560739355 0.7343567420641348 0.9346310640829446 1.2758356205073857 2.1558228202351812 3.0721033876036112
1630 19560 -0.9928998072677567 -0.5015048468674659 0.4561600565158604 0.9772119855804436 0.013139327535840057 0.026780897643261723 0.04303108067887462 0.06293568505689465 0.06670261885600849 0.11331320249176154 0.15206136920152183 0.18826067670498697 0.24903740707396044 0.26017280482462507 0.31888187608211144 0.4430882421699637 0.6031239560739355 0.7343567420641348 0.9346310640829446 1.2758356205073857 2.1558228202351812 3.0721033876036112
1631 19572 -0.9931472603844157 -0.5028890086131551 0.4533549692408167 0.9772360158093316 0.013139327535840057 0.026780897643261723 0.04303108067887462 0.06293568505689465 0.06670261885600849 0.11331320249176154 0.15206136920152183 0.18826067670498697 0.24903740707396044 0.26017280482462507 0.31888187608211144 0.4430882421699637 0.6031239560739355 0.7343567420641348 0.9346310640829446 1.2758356205073857 2.1558228202351812 3.0721033876036112
1632 19584 -0.9929703005339547 -0.4996431807326983 0.45759628181385764 0.976027200829394 0.013139327535840057 0.026780897643261723 0.04303108067887462 0.06293568505689465 0.06670261885600849 0.11331320249176154 0.15206136920152183 0.18826067670498697 0.24903740707396044 0.26017280482462507 0.31888187608211144 0.4430882421699637 0.6031239560739355 0.7343567420641348 0.9346310640829446 1.2758356205073857 2.1558228202351812 3.0721033876036112
1633 19596 -0.9930477043123569 -0.5018114296870125 0.4582500004433474 0.9758266984118803 0.013139327535840057 0.026780897643261723 0.04303108067887462 0.06293568505689465 0.06670261885600849 0.11331320249176154 0.15206136920152183 0.18826067670498697 0.24903740707396044 0.26017280482462507 0.31888187608211144 0.4430882421699637 0.6031239560739355 0.7343567420641348 0.9346310640829446 1.2758356205073857 2.1558228202351812 3.0721033876036112
1634 19608 -0.9930630965016249 -0.5011474061302148 0.45812701817459406 0.975242481546155 0.013139327535840057 0.026780897643261723 0.04303108067887462 0.06293568505689465 0.06670261885600849 0.11331320249176154 0.15206136920152183 0.18826067670498697 0.24903740707396044 0.26017280482462507 0.31888187608211144 0.4430882421699637 0.6031239560739355 0.7343567420641348 0.9346310640829446 1.2758356205073857 2.1558228202351812 3.0721033876036112
1635 19620 -0.9928968792759619 -0.49859111824091606 0.455225681110134 0.9752207933905921 0.013139327535840057 0.026780897643261723 0.04303108067887462 0.06293568505689465 0.06670261885600849 0.11331320249176154 0.15206136920152183 0.18826067670498697 0.24903740707396044 0.26017280482462507 0.31888187608211144 0.4430882421699637 0.6031239560739355 0.7343567420641348 0.9346310640829446 1.2758356205073857 2.1558228202351812 3.0721033876036112
1636 19632 -0.9927093412466493 -0.5042360063464643 0.4601657913148212 0.9749978706201363 0.013139327535840057 0.026780897643261723 0.04303108067887462 0.06293568505689465 0.06670261885600849 0.11331320249176154 0.15206136920152183 0.18826067670498697 0.24903740707396044 0.26017280482462507 0.31888187608211144 0.4430882421699637 0.6031239560739355 0.7343567420641348 0.9346310640829446 1.2758356205073857 2.1558228202351812 3.0721033876036112
1637 19644 -0.9927853072377941 -0.49811725045337324 0.4620265009369783 0.9746968528181635 0.013139327535840057 0.026780897643261723 0.04303108067887462 0.06293568505689465 0.06670261885600849 0.11331320249176154 0.15206136920152183 0.18826067670498697 0.24903740707396044 0.26017280482462507 0.31888187608211144 0.4430882421699637 0.6031239560739355 0.7343567420641348 0.9346310640829446 1.2758356205073857 2.1558228202351812 3.0721033876036112
1638 19656 -0.992737276867596 -0.4958372754959375 0.46898937903454724 0.9747016403408242 0.013139327535840057 0.026780897643261723 0.04303108067887462 0.06293568505689465 0.06670261885600849 0.11331320249176154 0.15206136920152183 0.18826067670498697 0.24903740707396044 0.26017280482462507 0.31888187608211144 0.4430882421699637 0.6031239560739355 0.7343567420641348 0.9346310640829446 1.2758356205073857 2.1558228202351812 3.0721033876036112
1639 19668 -0.9927606314914365 -0.4952122113058861 0.46480242552068085 0.9746855646334102 0.01336417265601802 0.027474165693346226 0.04458504075159767 0.06043757697020493 0.06840548440710394 0.11492613889432655 0.16179559724897122 0.19684020184829804 0.250564874783654 0.2683906637672421 0.32332439595355483 0.45595896658753415 0.6117484732878736 0.7531139535496817 0.9738487557382655 1.3231297564926738 2.155133849211845 3.029569078960987
1640 19680 -0.9927115482335193 -0.4951699572687785 0.4682699847919402 0.9751108381600664 0.01336417265601802 0.027474165693346226 0.04458504075159767 0.06043757697020493 0.06840548440710394 0.11492613889432655 0.16179559724897122 0.19684020184829804 0.250564874783654 0.2683906637672421 0.32332439595355483 0.45595896658753415 0.6117484732878736 0.7531139535496817 0.9738487557382655 1.3231297564926738 2.155133849211845 3.029569078960987
1641 19692 -0.9927229618874464 -0.49427310107745115 0.46561130015316565 0.9749033864657257 0.01336417265601802 0.027474165693346226 0.04458504075159767 0.06043757697020493 0.06840548440710394 0.11492613889432655 0.16179559724897122 0.19684020184829804 0.250564874783654 0.2683906637672421 0.32332439595355483 0.45595896658753415 0.6117484732878736 0.7531139535496817 0.9738487557382655 1.3231297564926738 2.155133849211845 3.029569078960987
1642 19704 -0.9927072027643178 -0.4933277817569605 0.46354494391999157 0.9750763131660753 0.01336417265601802 0.027474165693346226 0.04458504075159767 0.06043757697020493 0.06840548440710394 0.11492613889432655 0.16179559724897122 0.19684020184829804 0.250564874783654 0.2683906637672421 0.32332439595355483 0.45595896658753415 0.6117484732878736 0.7531139535496817 0.9738487557382655 1.3231297564926738 2.155133849211845 3.029569078960987
1643 19716 -0.9925669514592491 -0.49700943525653196 0.45829485438505924 0.9750415083137864 0.01336417265601802 0.027474165693346226 0.04458504075159767 0.06043757697020493 0.06840548440710394 0.11492613889432655 0.16179559724897122 0.19684020184829804 0.250564874783654 0.2683906637672421 0.32332439595355483 0.45595896658753415 0.6117484732878736 0.7531139535496817 0.9738487557382655 1.3231297564926738 2.155133849211845 3.029569078960987
1644 19728 -0.9922590103089836 -0.4945749672175496 0.45462494978099366 0.974643101766401 0.01336417265601802 0.027474165693346226 0.04458504075159767 0.06043757697020493 0.06840548440710394 0.11492613889432655 0.16179559724897122 0.19684020184829804 0.250564874783654 0.2683906637672421 0.32332439595355483 0.45595896658753415 0.6117484732878736 0.7531139535496817 0.9738487557382655 1.3231297564926738 2.155133849211845 3.029569078960987
1645 19740 -0.9921846382790899 -0.4997262947238393 0.44754373909111317 0.9747587237922146 0.01336417265601802 0.027474165693346226 0.04458504075159767 0.06043757697020493 0.06840548440710394 0.11492613889432655 0.16179559724897122 0.19684020184829804 0.250564874783654 0.2683906637672421 0.32332439595355483 0.45595896658753415 0.6117484732878736 0.7531139535496817 0.9738487557382655 1.3231297564926738 2.155133849211845 3.029569078960987
1646 19752 -0.9923182760713751 -0.5032445009513693 0.4381275927292359 0.9745415536147859 0.01336417265601802 0.027474165693346226 0.04458504075159767 0.06043757697020493 0.06840548440710394 0.11492613889432655 0.16179559724897122 0.19684020184829804 0.250564874783654 0.2683906637672421 0.32332439595355483 0.45595896658753415 0.6117484732878736 0.7531139535496817 0.9738487557382655 1.3231297564926738 2.155133849211845 3.029569078960987
1647 19764 -0.992252025422767 -0.5042530354253927 0.4399731715540208 0.9739389861947354 0.01336417265601802 0.027474165693346226 0.04458504075159767 0.06043757697020493 0.06840548440710394 0.11492613889432655 0.16179559724897122 0.19684020184829804 0.250564874783654 0.2683906637672421 0.32332439595355483 0.45595896658753415 0.6117484732878736 0.7531139535496817 0.9738487557382655 1.3231297564926738 2.155133849211845 3.029569078960987
1648 19776 -0.9920565842256104 -0.5077030185874764 0.4472320480301356 0.9736441977239526 0.01336417265601802 0.027474165693346226 0.04458504075159767 0.06043757697020493 0.06840548440710394 0.11492613889432655 0.16179559724897122 0.19684020184829804 0.250564874783654 0.2683906637672421 0.32332439595355483 0.45595896658753415 0.6117484732878736 0.7531139535496817 0.9738487557382655 1.3231297564926738 2.155133849211845 3.029569078960987
1649 19788 -0.9921068374299831 -0.5047855322001815 0.4347112461108973 0.9722833335166713 0.01336417265601802 0.027474165693346226 0.04458504075159767 0.06043757697020493 0.06840548440710394 0.11492613889432655 0.16179559724897122 0.19684020184829804 0.250564874783654 0.2683906637672421 0.32332439595355483 0.45595896658753415 0.6117484732878736 0.7531139535496817 0.9738487557382655 1.3231297564926738 2.155133849211845 3.029569078960987
1650 19800 -0.9924470388493021 -0.5047002292528919 0.4322711945513604 0.971916567852981 0.01336417265601802 0.027474165693346226 0.04458504075159767 0.06043757697020493 0.06840548440710394 0.11492613889432655 0.16179559724897122 0.19684020184829804 0.250564874783654 0.2683906637672421 0.32332439595355483 0.45595896658753415 0.6117484732878736 0.7531139535496817 0.9738487557382655 1.3231297564926738 2.155133849211845 3.029569078960987
1651 19812 -0.9926654454622668 -0.5072410106683323 0.42979272680074954 0.9712153120968025 0.01336417265601802 0.027474165693346226 0.04458504075159767 0.06043757697020493 0.06840548440710394 0.11492613889432655 0.16179559724897122 0.19684020184829804 0.250564874783654 0.2683906637672421 0.32332439595355483 0.45595896658753415 0.6117484732878736 0.7531139535496817 0.9738487557382655 1.3231297564926738 2.155133849211845 3.029569078960987
1652 19824 -0.9923708419216655 -0.5102700574542933 0.4351370512468893 0.971220720627427 0.01336417265601802 0.027474165693346226 0.04458504075159767 0.06043757697020493 0.06840548440710394 0.11492613889432655 0.16179559724897122 0.19684020184829804 0.250564874783654 0.2683906637672421 0.32332439595355483 0.45595896658753415 0.6117484732878736 0.7531139535496817 0.9738487557382655 1.3231297564926738 2.155133849211845 3.029569078960987
1653 19836 -0.9924015605122966 -0.5048353634542886 0.4245997016031724 0.9717789639099073 0.01336417265601802 0.027474165693346226 0.04458504075159767 0.06043757697020493 0.06840548440710394 0.11492613889432655 0.16179559724897122 0.19684020184829804 0.250564874783654 0.2683906637672421 0.32332439595355483 0.45595896658753415 0.6117484732878736 0.7531139535496817 0.9738487557382655 1.3231297564926738 2.155133849211845 3.029569078960987
1654 19848 -0.9923423361766135 -0.5033114112636977 0.433437200001544 0.9720531289551763 0.01336417265601802 0.027474165693346226 0.04458504075159767 0.06043757697020493 0.06840548440710394 0.11492613889432655 0.16179559724897122 0.19684020184829804 0.250564874783654 0.2683906637672421 0.32332439595355483 0.45595896658753415 0.6117484732878736 0.7531139535496817 0.9738487557382655 1.3231297564926738 2.155133849211845 3.029569078960987
1655 19860 -0.9920100043271775 -0.5037977735090939 0.43267659825028065 0.9710762512838985 0.01336417265601802 0.027474165693346226 0.04458504075159767 0.06043757697020493 0.06840548440710394 0.11492613889432655 0.16179559724897122 0.19684020184829804 0.250564874783654 0.2683906637672421 0.32332439595355483 0.45595896658753415 0.6117484732878736 0.7531139535496817 0.9738487557382655 1.3231297564926738 2.155133849211845 3.029569078960987
1656 19872 -0.9919602796754723 -0.5084646108267157 0.43987575315981914 0.9713084112304796 0.01336417265601802 0.027474165693346226 0.04458504075159767 0.06043757697020493 0.06840548440710394 0.11492613889432655 0.16179559724897122 0.19684020184829804 0.250564874783654 0.2683906637672421 0.32332439595355483 0.45595896658753415 0.6117484732878736 0.7531139535496817 0.9738487557382655 1.3231297564926738 2.155133849211845 3.029569078960987
1657 19884 -0.9921813941557471 -0.48967889919424146 0.42947003258036826 0.9700742820840752 0.01379384832202406 0.027746224510600326 0.04655478389191451 0.06199049061705033 0.07258625527022808 0.12665700100579494 0.1672594261450188 0.19092404163956256 0.25017171932123655 0.2804917825279851 0.3293125043085339 0.4493009958044405 0.6305978387625045 0.7508216822203944 1.0103249554440485 1.3240837795367868 2.15861562240947 3.010107804357987
1658 19896 -0.9921497229004628 -0.4860849629883963 0.4285194935062091 0.9699357658788952 0.01379384832202406 0.027746224510600326 0.04655478389191451 0.06199049061705033 0.07258625527022808 0.12665700100579494 0.1672594261450188 0.19092404163956256 0.25017171932123655 0.2804917825279851 0.3293125043085339 0.4493009958044405 0.6305978387625045 0.7508216822203944 1.0103249554440485 1.3240837795367868 2.15861562240947 3.010107804357987
1659 19908 -0.9922559409707415 -0.48235415066431364 0.42319611022304143 0.969351561897282 0.01379384832202406 0.027746224510600326 0.04655478389191451 0.06199049061705033 0.07258625527022808 0.12665700100579494 0.1672594261450188 0.19092404163956256 0.25017171932123655 0.2804917825279851 0.3293125043085339 0.4493009958044405 0.6305978387625045 0.7508216822203944 1.0103249554440485 1.3240837795367868 2.15861562240947 3.010107804357987
1660 19920 -0.9922377102251296 -0.4760771863496821 0.43050769705121295 0.9698241645232296 0.01379384832202406 0.027746224510600326 0.04655478389191451 0.06199049061705033 0.07258625527022808 0.12665700100579494 0.1672594261450188 0.19092404163956256 0.25017171932123655 0.2804917825279851 0.3293125043085339 0.4493009958044405 0.6305978387625045 0.7508216822203944 1.0103249554440485 1.3240837795367868 2.15861562240947 3.010107804357987
1661 19932 -0.9920363607433559 -0.46978856240638633 0.4273604337330837 0.9705308847481322 0.01379384832202406 0.027746224510600326 0.04655478389191451 0.06199049061705033 0.07258625527022808 0.12665700100579494 0.1672594261450188 0.19092404163956256 0.25017171932123655 0.2804917825279851 0.3293125043085339 0.4493009958044405 0.6305978387625045 0.7508216822203944 1.0103249554440485 1.3240837795367868 2.15861562240947 3.010107804357987
1662 19944 -0.9920233115168607 -0.47451400513405073 0.4199210156319071 0.9694453315172442 0.01379384832202406 0.027746224510600326 0.04655478389191451 0.06199049061705033 0.07258625527022808 0.12665700100579494 0.1672594261450188 0.19092404163956256 0.25017171932123655 0.2804917825279851 0.3293125043085339 0.4493009958044405 0.6305978387625045 0.7508216822203944 1.0103249554440485 1.3240837795367868 2.15861562240947 3.010107804357987
1663 19956 -0.9921464162289245 -0.4859165901763207 0.43030476259450456 0.9695989039020445 0.01379384832202406 0.027746224510600326 0.04655478389191451 0.06199049061705033 0.07258625527022808 0.12665700100579494 0.1672594261450188 0.19092404163956256 0.25017171932123655 0.2804917825279851 0.3293125043085339 0.4493009958044405 0.6305978387625045 0.7508216822203944 1.0103249554440485 1.3240837795367868 2.15861562240947 3.010107804357987
1664 19968 -0.9922217139432281 -0.4852575779000312 0.42453924056334125 0.9700921718905071 0.01379384832202406 0.027746224510600326 0.04655478389191451 0.06199049061705033 0.07258625527022808 0.12665700100579494 0.1672594261450188 0.19092404163956256 0.25017171932123655 0.2804917825279851 0.3293125043085339 0.4493009958044405 0.6305978387625045 0.7508216822203944 1.0103249554440485 1.3240837795367868 2.15861562240947 3.010107804357987
1665 19980 -0.9920979848321684 -0.49081603094753834 0.4327665351014316 0.9696723908276534 0.01379384832202406 0.027746224510600326 0.04655478389191451 0.06199049061705033 0.07258625527022808 0.12665700100579494 0.1672594261450188 0.19092404163956256 0.25017171932123655 0.2804917825279851 0.3293125043085339 0.4493009958044405 0.6305978387625045 0.7508216822203944 1.0103249554440485 1.3240837795367868 2.15861562240947 3.010107804357987
1666 19992 -0.9920298549711688 -0.49334847793661785 0.4204625661019811 0.9695259607465394 0.01379384832202406 0.027746224510600326 0.04655478389191451 0.06199049061705033 0.07258625527022808 0.12665700100579494 0.1672594261450188 0.19092404163956256 0.25017171932123655 0.2804917825279851 0.3293125043085339 0.4493009958044405 0.6305978387625045 0.7508216822203944 1.0103249554440485 1.3240837795367868 2.15861562240947 3.010107804357987
1667 20004 -0.9920122658449786 -0.49482117482029 0.41846716859237665 0.9695069414077458 0.01379384832202406 0.027746224510600326 0.04655478389191451 0.06199049061705033 0.07258625527022808 0.12665700100579494 0.1672594261450188 0.19092404163956256 0.25017171932123655 0.2804917825279851 0.3293125043085339 0.4493009958044405 0.6305978387625045 0.7508216822203944 1.0103249554440485 1.3240837795367868 2.15861562240947 3.010107804357987
1668 20016 -0.9919490023472664 -0.5001827804665614 0.41279553659772916 0.9692045741263375 0.01379384832202406 0.027746224510600326 0.04655478389191451 0.06199049061705033 0.07258625527022808 0.12665700100579494 0.1672594261450188 0.19092404163956256 0.25017171932123655 0.2804917825279851 0.3293125043085339 0.4493009958044405 0.6305978387625045 0.7508216822203944 1.0103249554440485 1.3240837795367868 2.15861562240947 3.010107804357987
1669 20028 -0.9919953992107708 -0.49987849515553195 0.41568727963834984 0.969144029086936 0.01379384832202406 0.027746224510600326 0.04655478389191451 0.06199049061705033 0.07258625527022808 0.12665700100579494 0.1672594261450188 0.19092404163956256 0.25017171932123655 0.2804917825279851 0.3293125043085339 0.4493009958044405 0.6305978387625045 0.7508216822203944 1.0103249554440485 1.3240837795367868 2.15861562240947 3.010107804357987
1670 20040 -0.9918265371783213 -0.49876079580772315 0.4207598479224743 0.9693564702957387 0.01379384832202406 0.027746224510600326 0.04655478389191451 0.06199049061705033 0.07258625527022808 0.12665700100579494 0.1672594261450188 0.19092404163956256 0.25017171932123655 0.2804917825279851 0.3293125043085339 0.4493009958044405 0.6305978387625045 0.7508216822203944 1.0103249554440485 1.3240837795367868 2.15861562240947 3.010107804357987
1671 20052 -0.9916354128484862 -0.5010346183993628 0.42441623931141703 0.9690865739559602 0.01379384832202406 0.027746224510600326 0.04655478389191451 0.06199049061705033 0.07258625527022808 0.12665700100579494 0.1672594261450188 0.19092404163956256 0.25017171932123655 0.2804917825279851 0.3293125043085339 0.4493009958044405 0.6305978387625045 0.7508216822203944 1.0103249554440485 1.3240837795367868 2.15861562240947 3.010107804357987
1672 20064 -0.9917543093775081 -0.5024847383249988 0.44131962267280755 0.9698465132879425 0.01379384832202406 0.027746224510600326 0.04655478389191451 0.06199049061705033 0.07258625527022808 0.12665700100579494 0.1672594261450188 0.19092404163956256 0.25017171932123655 0.2804917825279851 0.3293125043085339 0.4493009958044405 0.6305978387625045 0.7508216822203944 1.0103249554440485 1.3240837795367868 2.15861562240947 3.010107804357987
1673 20076 -0.9918470315171484 -0.5074408297365962 0.4389282228036442 0.9702425284656093 0.01379384832202406 0.027746224510600326 0.04655478389191451 0.06199049061705033 0.07258625527022808 0.12665700100579494 0.1672594261450188 0.19092404163956256 0.25017171932123655 0.2804917825279851 0.3293125043085339 0.4493009958044405 0.6305978387625045 0.7508216822203944 1.0103249554440485 1.3240837795367868 2.15861562240947 3.010107804357987
1674 20088 -0.9917750765229868 -0.5098495921844679 0.44219161916496014 0.9700797975746794 0.01379384832202406 0.027746224510600326 0.04655478389191451 0.06199049061705033 0.07258625527022808 0.12665700100579494 0.1672594261450188 0.19092404163956256 0.25017171932123655 0.2804917825279851 0.3293125043085339 0.4493009958044405 0.6305978387625045 0.7508216822203944 1.0103249554440485 1.3240837795367868 2.15861562240947 3.010107804357987
1675 20100 -0.9918738771986244 -0.5097496221282889 0.4334100405907003 0.9696741312515631 0.014097529827897122 0.02689942760358406 0.04521065080134853 0.06425967004381629 0.07302644207966612 0.1268369018083746 0.16919429108568887 0.18483914600950999 0.2534588809665698 0.2911516545393815 0.33146571617231535 0.4352952838512296 0.6160591564238037 0.7380283731823603 0.9991956855171357 1.312232019864095 2.1795279199694053 3.0108849011998835
1676 20112 -0.9917930702746559 -0.5153454733929717 0.43457140403619415 0.969110654153254 0.014097529827897122 0.02689942760358406 0.04521065080134853 0.06425967004381629 0.07302644207966612 0.1268369018083746 0.16919429108568887 0.18483914600950999 0.2534588809665698 0.2911516545393815 0.33146571617231535 0.4352952838512296 0.6160591564238037 0.7380283731823603 0.9991956855171357 1.312232019864095 2.1795279199694053 3.0108849011998835
1677 20124 -0.9917917519892635 -0.5041080705683401 0.42546982199141964 0.9700365993946978 0.014097529827897122 0.02689942760358406 0.04521065080134853 0.06425967004381629 0.07302644207966612 0.1268369018083746 0.16919429108568887 0.18483914600950999 0.2534588809665698 0.2911516545393815 0.33146571617231535 0.4352952838512296 0.6160591564238037 0.7380283731823603 0.9991956855171357 1.312232019864095 2.1795279199694053 3.0108849011998835
1678 20136 -0.9918218609886921 -0.49889858256115027 0.42493259977646186 0.969847546468283 0.014097529827897122 0.02689942760358406 0.04521065080134853 0.06425967004381629 0.07302644207966612 0.1268369018083746 0.16919429108568887 0.18483914600950999 0.2534588809665698 0.2911516545393815 0.33146571617231535 0.4352952838512296 0.6160591564238037 0.7380283731823603 0.9991956855171357 1.312232019864095 2.1795279199694053 3.0108849011998835
1679 20148 -0.9917418068196046 -0.49881441926596926 0.4273135493239417 0.9696647532591497 0.014097529827897122 0.02689942760358406 0.04521065080134853 0.06425967004381629 0.07302644207966612 0.1268369018083746 0.16919429108568887 0.18483914600950999 0.2534588809665698 0.2911516545393815 0.33146571617231535 0.4352952838512296 0.6160591564238037 0.7380283731823603 0.9991956855171357 1.312232019864095 2.1795279199694053 3.0108849011998835
1680 20160 -0.9917161492264278 -0.48739188493626084 0.41395488796940605 0.9696837964701408 0.014097529827897122 0.02689942760358406 0.04521065080134853 0.06425967004381629 0.07302644207966612 0.1268369018083746 0.16919429108568887 0.18483914600950999 0.2534588809665698 0.2911516545393815 0.33146571617231535 0.4352952838512296 0.6160591564238037 0.7380283731823603 0.9991956855171357 1.312232019864095 2.1795279199694053 3.0108849011998835
1681 20172 -0.9918798928136943 -0.47293840634457696 0.4090582850734551 0.9692800756645669 0.014097529827897122 0.02689942760358406 0.04521065080134853 0.06425967004381629 0.07302644207966612 0.1268369018083746 0.16919429108568887 0.18483914600950999 0.2534588809665698 0.2911516545393815 0.33146571617231535 0.4352952838512296 0.6160591564238037 0.7380283731823603 0.9991956855171357 1.312232019864095 2.1795279199694053 3.0108849011998835
1682 20184 -0.9920366743505707 -0.47857778441103266 0.4142542912808137 0.968585251389413 0.014097529827897122 0.02689942760358406 0.04521065080134853 0.06425967004381629 0.07302644207966612 0.1268369018083746 0.16919429108568887 0.18483914600950999 0.2534588809665698 0.2911516545393815 0.33146571617231535 0.4352952838512296 0.6160591564238037 0.7380283731823603 0.9991956855171357 1.312232019864095 2.1795279199694053 3.0108849011998835
1683 20196 -0.992353792336977 -0.4680439207460336 0.40357754505349985 0.9666320571085357 0.014097529827897122 0.02689942760358406 0.04521065080134853 0.06425967004381629 0.07302644207966612 0.1268369018083746 0.16919429108568887 0.18483914600950999 0.2534588809665698 0.2911516545393815 0.33146571617231535 0.4352952838512296 0.6160591564238037 0.7380283731823603 0.9991956855171357 1.312232019864095 2.1795279199694053 3.0108849011998835
1684 20208 -0.9921018117206996 -0.4749395843821301 0.40530074520625087 0.9670060340853639 0.014097529827897122 0.02689942760358406 0.04521065080134853 0.06425967004381629 0.07302644207966612 0.1268369018083746 0.16919429108568887 0.18483914600950999 0.2534588809665698 0.2911516545393815 0.33146571617231535 0.4352952838512296 0.6160591564238037 0.7380283731823603 0.9991956855171357 1.312232019864095 2.1795279199694053 3.0108849011998835
1685 20220 -0.9919413549541706 -0.4801280659341096 0.4165545051030593 0.9668281934306414 0.014097529827897122 0.02689942760358406 0.04521065080134853 0.06425967004381629 0.07302644207966612 0.1268369018083746 0.16919429108568887 0.18483914600950999 0.2534588809665698 0.2911516545393815 0.33146571617231535 0.4352952838512296 0.6160591564238037 0.7380283731823603 0.9991956855171357 1.312232019864095 2.1795279199694053 3.0108849011998835
1686 20232 -0.9919216972923636 -0.4806350088978819 0.41644803271244113 0.9670596509133491 0.014097529827897122 0.02689942760358406 0.04521065080134853 0.06425967004381629 0.07302644207966612 0.1268369018083746 0.16919429108568887 0.18483914600950999 0.2534588809665698 0.2911516545393815 0.33146571617231535 0.4352952838512296 0.6160591564238037 0.7380283731823603 0.9991956855171357 1.312232019864095 2.1795279199694053 3.0108849011998835
1687 20244 -0.9918208875265159 -0.47360123647672075 0.4156766493148376 0.9667745189390098 0.014097529827897122 0.02689942760358406 0.04521065080134853 0.06425967004381629 0.07302644207966612 0.1268369018083746 0.16919429108568887 0.18483914600950999 0.2534588809665698 0.2911516545393815 0.33146571617231535 0.4352952838512296 0.6160591564238037 0.7380283731823603 0.9991956855171357 1.312232019864095 2.1795279199694053 3.0108849011998835
1688 20256 -0.9914319314304803 -0.481876476030642 0.42364022761059633 0.9664311382829349 0.014097529827897122 0.02689942760358406 0.04521065080134853 0.06425967004381629 0.07302644207966612 0.1268369018083746 0.16919429108568887 0.18483914600950999 0.2534588809665698 0.2911516545393815 0.33146571617231535 0.4352952838512296 0.6160591564238037 0.7380283731823603 0.9991956855171357 1.312232019864095 2.1795279199694053 3.0108849011998835
1689 20268 -0.9913223706626203 -0.48832717144383525 0.4290632656896991 0.9667217738434547 0.014097529827897122 0.02689942760358406 0.04521065080134853 0.06425967004381629 0.07302644207966612 0.1268369018083746 0.16919429108568887 0.18483914600950999 0.2534588809665698 0.2911516545393815 0.33146571617231535 0.4352952838512296 0.6160591564238037 0.7380283731823603 0.9991956855171357 1.312232019864095 2.1795279199694053 3.0108849011998835
1690 20280 -0.9913648900636954 -0.4935558829182958 0.42205616747116614 0.9664428796257314 0.014097529827897122 0.02689942760358406 0.04521065080134853 0.06425967004381629 0.07302644207966612 0.1268369018083746 0.16919429108568887 0.18483914600950999 0.2534588809665698 0.2911516545393815 0.33146571617231535 0.4352952838512296 0.6160591564238037 0.7380283731823603 0.9991956855171357 1.312232019864095 2.1795279199694053 3.0108849011998835
1691 20292 -0.9915704257207306 -0.4940495296226951 0.4203303710153121 0.96674794705696 0.014097529827897122 0.02689942760358406 0.04521065080134853 0.06425967004381629 0.07302644207966612 0.1268369018083746 0.16919429108568887 0.18483914600950999 0.2534588809665698 0.2911516545393815 0.33146571617231535 0.4352952838512296 0.6160591564238037 0.7380283731823603 0.9991956855171357 1.312232019864095 2.1795279199694053 3.0108849011998835
1692 20304 -0.99178281762863 -0.5001180587348846 0.4142107051027511 0.9672596388922055 0.014097529827897122 0.02689942760358406 0.04521065080134853 0.06425967004381629 0.07302644207966612 0.1268369018083746 0.16919429108568887 0.18483914600950999 0.2534588809665698 0.2911516545393815 0.33146571617231535 0.4352952838512296 0.6160591564238037 0.7380283731823603 0.9991956855171357 1.312232019864095 2.1795279199694053 3.0108849011998835
1693 20316 -0.9919112822908888 -0.4960089416966533 0.41568197390162664 0.9674319125804373 0.015688912502376553 0.026883004277365636 0.04617784314425023 0.060050748846494036 0.06970041912893453 0.12486946170095026 0.17491720356039533 0.17966529571168174 0.256674904378216 0.29269422237658926 0.3564151904147902 0.45369974312501293 0.625756189173973 0.7244728530449389 0.956443094707243 1.3274961361195445 2.259527973630135 2.95408387968973
1694 20328 -0.9918846485268078 -0.4990481201877903 0.41889189267427523 0.9682377499448359 0.015688912502376553 0.026883004277365636 0.04617784314425023 0.060050748846494036 0.06970041912893453 0.12486946170095026 0.17491720356039533 0.17966529571168174 0.256674904378216 0.29269422237658926 0.3564151904147902 0.45369974312501293 0.625756189173973 0.7244728530449389 0.956443094707243 1.3274961361195445 2.259527973630135 2.95408387968973
1695 20340 -0.9916297166372374 -0.49756377212814185 0.41601718167323337 0.9686150854830174 0.015688912502376553 0.026883004277365636 0.04617784314425023 0.060050748846494036 0.06970041912893453 0.12486946170095026 0.17491720356039533 0.17966529571168174 0.256674904378216 0.29269422237658926 0.3564151904147902 0.45369974312501293 0.625756189173973 0.7244728530449389 0.956443094707243 1.3274961361195445 2.259527973630135 2.95408387968973
1696 20352 -0.9919523289239889 -0.49514510172431025 0.41476378039312 0.9686836009411336 0.015688912502376553 0.026883004277365636 0.04617784314425023 0.060050748846494036 0.06970041912893453 0.12486946170095026 0.17491720356039533 0.17966529571168174 0.256674904378216 0.29269422237658926 0.3564151904147902 0.45369974312501293 0.625756189173973 0.7244728530449389 0.956443094707243 1.3274961361195445 2.259527973630135 2.95408387968973
1697 20364 -0.9919332234818363 -0.49658285690710846 0.4165206153511227 0.9689327491158133 0.015688912502376553 0.026883004277365636 0.04617784314425023 0.060050748846494036 0.06970041912893453 0.12486946170095026 0.17491720356039533 0.17966529571168174 0.256674904378216 0.29269422237658926 0.3564151904147902 0.45369974312501293 0.625756189173973 0.7244728530449389 0.956443094707243 1.3274961361195445 2.259527973630135 2.95408387968973
1698 20376 -0.9920775988946474 -0.48118631883791285 0.40873241069009064 0.9680057395841427 0.015688912502376553 0.026883004277365636 0.04617784314425023 0.060050748846494036 0.06970041912893453 0.12486946170095026 0.17491720356039533 0.17966529571168174 0.256674904378216 0.29269422237658926 0.3564151904147902 0.45369974312501293 0.625756189173973 0.7244728530449389 0.956443094707243 1.3274961361195445 2.259527973630135 2.95408387968973
1699 20388 -0.9923505242454247 -0.4788495495136667 0.40752798457392714 0.9682497991373068 0.015688912502376553 0.026883004277365636 0.04617784314425023 0.060050748846494036 0.06970041912893453 0.12486946170095026 0.17491720356039533 0.17966529571168174 0.256674904378216 0.29269422237658926 0.3564151904147902 0.45369974312501293 0.625756189173973 0.7244728530449389 0.956443094707243 1.3274961361195445 2.259527973630135 2.95408387968973
1700 20400 -0.9923001319765482 -0.47685746307647864 0.40509003192693205 0.9676677965397973 0.015688912502376553 0.026883004277365636 0.04617784314425023 0.060050748846494036 0.06970041912893453 0.12486946170095026 0.17491720356039533 0.17966529571168174 0.256674904378216 0.29269422237658926 0.3564151904147902 0.45369974312501293 0.625756189173973 0.7244728530449389 0.956443094707243 1.3274961361195445 2.259527973630135 2.95408387968973
1701 20412 -0.9924041344831034 -0.47225981309374176 0.4005331156065976 0.9674411461768024 0.015688912502376553 0.026883004277365636 0.04617784314425023 0.060050748846494036 0.06970041912893453 0.12486946170095026 0.17491720356039533 0.17966529571168174 0.256674904378216 0.29269422237658926 0.3564151904147902 0.45369974312501293 0.625756189173973 0.7244728530449389 0.956443094707243 1.3274961361195445 2.259527973630135 2.95408387968973
1702 20424 -0.9924940251640522 -0.4840621538469998 0.408371136511436 0.9678204507585246 0.015688912502376553 0.026883004277365636 0.04617784314425023 0.060050748846494036 0.06970041912893453 0.12486946170095026 0.17491720356039533 0.17966529571168174 0.256674904378216 0.29269422237658926 0.3564151904147902 0.45369974312501293 0.625756189173973 0.7244728530449389 0.956443094707243 1.3274961361195445 2.259527973630135 2.95408387968973
1703 20436 -0.992347800958435 -0.4791942423633089 0.40708214206961246 0.9675568495186277 0.015688912502376553 0.026883004277365636 0.04617784314425023 0.060050748846494036 0.06970041912893453 0.12486946170095026 0.17491720356039533 0.17966529571168174 0.256674904378216 0.29269422237658926 0.3564151904147902 0.45369974312501293 0.625756189173973 0.7244728530449389 0.956443094707243 1.3274961361195445 2.259527973630135 2.95408387968973
1704 20448 -0.9924187488226451 -0.4800120555638103 0.40986528013379675 0.9664717408605613 0.015688912502376553 0.026883004277365636 0.04617784314425023 0.060050748846494036 0.06970041912893453 0.12486946170095026 0.17491720356039533 0.17966529571168174 0.256674904378216 0.29269422237658926 0.3564151904147902 0.45369974312501293 0.625756189173973 0.7244728530449389 0.956443094707243 1.3274961361195445 2.259527973630135 2.95408387968973
1705 20460 -0.9923992968739845 -0.47995070770799314 0.4005417375263565 0.9669472245271685 0.015688912502376553 0.026883004277365636 0.04617784314425023 0.060050748846494036 0.06970041912893453 0.12486946170095026 0.17491720356039533 0.17966529571168174 0.256674904378216 0.29269422237658926 0.3564151904147902 0.45369974312501293 0.625756189173973 0.7244728530449389 0.956443094707243 1.3274961361195445 2.259527973630135 2.95408387968973
1706 20472 -0.9925532923793372 -0.4727500722366183 0.3967114818183041 0.9674119534485054 0.015688912502376553 0.026883004277365636 0.04617784314425023 0.060050748846494036 0.06970041912893453 0.12486946170095026 0.17491720356039533 0.17966529571168174 0.256674904378216 0.29269422237658926 0.3564151904147902 0.45369974312501293 0.625756189173973 0.7244728530449389 0.956443094707243 1.3274961361195445 2.259527973630135 2.95408387968973
1707 20484 -0.9925982725957532 -0.4702577580256218 0.39125667376162476 0.9674562373267147 0.015688912502376553 0.026883004277365636 0.04617784314425023 0.060050748846494036 0.06970041912893453 0.12486946170095026 0.17491720356039533 0.17966529571168174 0.256674904378216 0.29269422237658926 0.3564151904147902 0.45369974312501293 0.625756189173973 0.7244728530449389 0.956443094707243 1.3274961361195445 2.259527973630135 2.95408387968973
1708 20496 -0.9925047890522913 -0.46965576637215484 0.3915868312993759 0.9675175213828944 0.015688912502376553 0.026883004277365636 0.04617784314425023 0.060050748846494036 0.06970041912893453 0.12486946170095026 0.17491720356039533 0.17966529571168174 0.256674904378216 0.29269422237658926 0.3564151904147902 0.45369974312501293 0.625756189173973 0.7244728530449389 0.956443094707243 1.3274961361195445 2.259527973630135 2.95408387968973
1709 20508 -0.9925450533426393 -0.4731381372285451 0.3926338829693703 0.966969743755364 0.015688912502376553 0.026883004277365636 0.04617784314425023 0.060050748846494036 0.06970041912893453 0.12486946170095026 0.17491720356039533 0.17966529571168174 0.256674904378216 0.29269422237658926 0.3564151904147902 0.45369974312501293 0.625756189173973 0.7244728530449389 0.956443094707243 1.3274961361195445 2.259527973630135 2.95408387968973
1710 20520 -0.9922410010159894 -0.4692839101178253 0.3913093613441027 0.9666929890174274 0.015688912502376553 0.026883004277365636 0.04617784314425023 0.060050748846494036 0.06970041912893453 0.12486946170095026 0.17491720356039533 0.17966529571168174 0.256674904378216 0.29269422237658926 0.3564151904147902 0.45369974312501293 0.625756189173973 0.7244728530449389 0.956443094707243 1.3274961361195445 2.259527973630135 2.95408387968973
1711 20532 -0.992305224645718 -0.46888746852684193 0.391486935073221 0.9667555029783286 0.014499161708987095 0.025842613817703374 0.04506426692384184 0.05784022987367951 0.06715711308707678 0.1257413343261402 0.17314899576318718 0.17545337610889516 0.2491463088723503 0.2787492377001617 0.3763399447029248 0.4138198036492197 0.6275701257090444 0.740075730097243 0.8916806384896027 1.4444945055520928 2.3091013187093896 2.8818123879060473
1712 20544 -0.9923704782570709 -0.4671284705733033 0.3930939830527591 0.9664302224456948 0.014499161708987095 0.025842613817703374 0.04506426692384184 0.05784022987367951 0.06715711308707678 0.1257413343261402 0.17314899576318718 0.17545337610889516 0.2491463088723503 0.2787492377001617 0.3763399447029248 0.4138198036492197 0.6275701257090444 0.740075730097243 0.8916806384896027 1.4444945055520928 2.3091013187093896 2.8818123879060473
1713 20556 -0.992602301480966 -0.46625237646724177 0.3933348256602973 0.9666668310979409 0.014499161708987095 0.025842613817703374 0.04506426692384184 0.05784022987367951 0.06715711308707678 0.1257413343261402 0.17314899576318718 0.17545337610889516 0.2491463088723503 0.2787492377001617 0.3763399447029248 0.4138198036492197 0.6275701257090444 0.740075730097243 0.8916806384896027 1.4444945055520928 2.3091013187093896 2.8818123879060473
1714 20568 -0.9926077131584555 -0.465698760916045 0.39159851421358804 0.9664030145683534 0.014499161708987095 0.025842613817703374 0.04506426692384184 0.05784022987367951 0.06715711308707678 0.1257413343261402 0.17314899576318718 0.17545337610889516 0.2491463088723503 0.2787492377001617 0.3763399447029248 0.4138198036492197 0.6275701257090444 0.740075730097243 0.8916806384896027 1.4444945055520928 2.3091013187093896 2.8818123879060473
1715 20580 -0.992765514395503 -0.46338299824469353 0.3862834286754603 0.966046648556573 0.014499161708987095 0.025842613817703374 0.04506426692384184 0.05784022987367951 0.06715711308707678 0.1257413343261402 0.17314899576318718 0.17545337610889516 0.2491463088723503 0.2787492377001617 0.3763399447029248 0.4138198036492197 0.6275701257090444 0.740075730097243 0.8916806384896027 1.4444945055520928 2.3091013187093896 2.8818123879060473
1716 20592 -0.9929973060358156 -0.4632854239040534 0.3827315546014942 0.96655552941503 0.014499161708987095 0.025842613817703374 0.04506426692384184 0.05784022987367951 0.06715711308707678 0.1257413343261402 0.17314899576318718 0.17545337610889516 0.2491463088723503 0.2787492377001617 0.3763399447029248 0.4138198036492197 0.6275701257090444 0.740075730097243 0.8916806384896027 1.4444945055520928 2.3091013187093896 2.8818123879060473
1717 20604 -0.9929419175776591 -0.46244748013993275 0.3802084297190603 0.9670550627135359 0.014499161708987095 0.025842613817703374 0.04506426692384184 0.05784022987367951 0.06715711308707678 0.1257413343261402 0.17314899576318718 0.17545337610889516 0.2491463088723503 0.2787492377001617 0.3763399447029248 0.4138198036492197 0.6275701257090444 0.740075730097243 0.8916806384896027 1.4444945055520928 2.3091013187093896 2.8818123879060473
1718 20616 -0.9929141208512482 -0.4638508056509876 0.3756976518797944 0.9678977379530385 0.014499161708987095 0.025842613817703374 0.04506426692384184 0.05784022987367951 0.06715711308707678 0.1257413343261402 0.17314899576318718 0.17545337610889516 0.2491463088723503 0.2787492377001617 0.3763399447029248 0.4138198036492197 0.6275701257090444 0.740075730097243 0.8916806384896027 1.4444945055520928 2.3091013187093896 2.8818123879060473
1719 20628 -0.9926680596687284 -0.4658765995470229 0.3865512500337479 0.968264941849509 0.014499161708987095 0.025842613817703374 0.04506426692384184 0.05784022987367951 0.06715711308707678 0.1257413343261402 0.17314899576318718 0.17545337610889516 0.2491463088723503 0.2787492377001617 0.3763399447029248 0.4138198036492197 0.6275701257090444 0.740075730097243 0.8916806384896027 1.4444945055520928 2.3091013187093896 2.8818123879060473
1720 20640 -0.9927590815076438 -0.45682044010990697 0.3871762355531354 0.9664100597550003 0.014499161708987095 0.025842613817703374 0.04506426692384184 0.05784022987367951 0.06715711308707678 0.1257413343261402 0.17314899576318718 0.17545337610889516 0.2491463088723503 0.2787492377001617 0.3763399447029248 0.4138198036492197 0.6275701257090444 0.740075730097243 0.8916806384896027 1.4444945055520928 2.3091013187093896 2.8818123879060473
1721 20652 -0.9929149401850879 -0.45736424088821526 0.38637819663917916 0.9653415402938093 0.014499161708987095 0.025842613817703374 0.04506426692384184 0.05784022987367951 0.06715711308707678 0.1257413343261402 0.17314899576318718 0.17545337610889516 0.2491463088723503 0.2787492377001617 0.3763399447029248 0.4138198036492197 0.6275701257090444 0.740075730097243 0.8916806384896027 1.4444945055520928 2.3091013187093896 2.8818123879060473
1722 20664 -0.9930916116662039 -0.45883681299691714 0.3952545777615596 0.96581869814161 0.014499161708987095 0.025842613817703374 0.04506426692384184 0.05784022987367951 0.06715711308707678 0.1257413343261402 0.17314899576318718 0.17545337610889516 0.2491463088723503 0.2787492377001617 0.3763399447029248 0.4138198036492197 0.6275701257090444 0.740075730097243 0.8916806384896027 1.4444945055520928 2.3091013187093896 2.8818123879060473
1723 20676 -0.9928521858160065 -0.4621547326458761 0.3866003026098828 0.9643191676099032 0.014499161708987095 0.025842613817703374 0.04506426692384184 0.05784022987367951 0.06715711308707678 0.1257413343261402 0.17314899576318718 0.17545337610889516 0.2491463088723503 0.2787492377001617 0.3763399447029248 0.4138198036492197 0.6275701257090444 0.740075730097243 0.8916806384896027 1.4444945055520928 2.3091013187093896 2.8818123879060473
1724 20688 -0.9928078180109735 -0.4595581146933666 0.38861595708013963 0.9644663864270514 0.014499161708987095 0.025842613817703374 0.04506426692384184 0.05784022987367951 0.06715711308707678 0.1257413343261402 0.17314899576318718 0.17545337610889516 0.2491463088723503 0.2787492377001617 0.3763399447029248 0.4138198036492197 0.6275701257090444 0.740075730097243 0.8916806384896027 1.4444945055520928 2.3091013187093896 2.8818123879060473
1725 20700 -0.992811310866479 -0.4618203741625614 0.3866221655366551 0.964545254581712 0.014499161708987095 0.025842613817703374 0.04506426692384184 0.05784022987367951 0.06715711308707678 0.1257413343261402 0.17314899576318718 0.17545337610889516 0.2491463088723503 0.2787492377001617 0.3763399447029248 0.4138198036492197 0.6275701257090444 0.740075730097243 0.8916806384896027 1.4444945055520928 2.3091013187093896 2.8818123879060473
1726 20712 -0.9927101375667686 -0.4582990932572455 0.3879903830517502 0.9642560455982923 0.014499161708987095 0.025842613817703374 0.04506426692384184 0.05784022987367951 0.06715711308707678 0.1257413343261402 0.17314899576318718 0.17545337610889516 0.2491463088723503 0.2787492377001617 0.3763399447029248 0.4138198036492197 0.6275701257090444 0.740075730097243 0.8916806384896027 1.4444945055520928 2.3091013187093896 2.8818123879060473
1727 20724 -0.9925708768285763 -0.45870634193795967 0.38576366447381116 0.9646972269428036 0.014499161708987095 0.025842613817703374 0.04506426692384184 0.05784022987367951 0.06715711308707678 0.1257413343261402 0.17314899576318718 0.17545337610889516 0.2491463088723503 0.2787492377001617 0.3763399447029248 0.4138198036492197 0.6275701257090444 0.740075730097243 0.8916806384896027 1.4444945055520928 2.3091013187093896 2.8818123879060473
1728 20736 -0.9926853830373132 -0.4606156396840681 0.3858381490249815 0.9642767266478788 0.014499161708987095 0.025842613817703374 0.04506426692384184 0.05784022987367951 0.06715711308707678 0.1257413343261402 0.17314899576318718 0.17545337610889516 0.2491463088723503 0.2787492377001617 0.3763399447029248 0.4138198036492197 0.6275701257090444 0.740075730097243 0.8916806384896027 1.4444945055520928 2.3091013187093896 2.8818123879060473
1729 20748 -0.992585186557765 -0.4734978659603888 0.3942159139072084 0.9639856124093807 0.01349077402890074 0.025217690404341474 0.04448723731861474 0.05496335503117339 0.06399077693501665 0.1209971234099491 0.15305561681589533 0.16645756379814405 0.23547388683379983 0.29816172151105574 0.35664692661912073 0.41084520987228035 0.5542539881346167 0.7391656255783284 0.8841870815467437 1.4668816366227198 2.3213927317456 2.8823631771347746
1730 20760 -0.9925857921671829 -0.47019393884177474 0.3880757086010993 0.9639867586947636 0.01349077402890074 0.025217690404341474 0.04448723731861474 0.05496335503117339 0.06399077693501665 0.1209971234099491 0.15305561681589533 0.16645756379814405 0.23547388683379983 0.29816172151105574 0.35664692661912073 0.41084520987228035 0.5542539881346167 0.7391656255783284 0.8841870815467437 1.4668816366227198 2.3213927317456 2.8823631771347746
1731 20772 -0.9924194355630169 -0.47412351724285595 0.39429467722643896 0.9644825903227395 0.01349077402890074 0.025217690404341474 0.04448723731861474 0.05496335503117339 0.06399077693501665 0.1209971234099491 0.15305561681589533 0.16645756379814405 0.23547388683379983 0.29816172151105574 0.35664692661912073 0.41084520987228035 0.5542539881346167 0.7391656255783284 0.8841870815467437 1.4668816366227198 2.3213927317456 2.8823631771347746
1732 20784 -0.9923982227301631 -0.4737335494310278 0.39422992546472624 0.9643969902488281 0.01349077402890074 0.025217690404341474 0.04448723731861474 0.05496335503117339 0.06399077693501665 0.1209971234099491 0.15305561681589533 0.16645756379814405 0.23547388683379983 0.29816172151105574 0.35664692661912073 0.41084520987228035 0.5542539881346167 0.7391656255783284 0.8841870815467437 1.4668816366227198 2.3213927317456 2.8823631771347746
1733 20796 -0.9923587658661408 -0.4780624128871347 0.39791108091198985 0.9638387387437317 0.01349077402890074 0.025217690404341474 0.04448723731861474 0.05496335503117339 0.06399077693501665 0.1209971234099491 0.15305561681589533 0.16645756379814405 0.23547388683379983 0.29816172151105574 0.35664692661912073 0.41084520987228035 0.5542539881346167 0.7391656255783284 0.8841870815467437 1.4668816366227198 2.3213927317456 2.8823631771347746
1734 20808 -0.9923408200449171 -0.46758624448240643 0.3943899287823588 0.9622630594793262 0.01349077402890074 0.025217690404341474 0.04448723731861474 0.05496335503117339 0.06399077693501665 0.1209971234099491 0.15305561681589533 0.16645756379814405 0.23547388683379983 0.29816172151105574 0.35664692661912073 0.41084520987228035 0.5542539881346167 0.7391656255783284 0.8841870815467437 1.4668816366227198 2.3213927317456 2.8823631771347746
1735 20820 -0.9925055022592049 -0.47177653434418776 0.38408766792833593 0.9617549927860415 0.01349077402890074 0.025217690404341474 0.04448723731861474 0.05496335503117339 0.06399077693501665 0.1209971234099491 0.15305561681589533 0.16645756379814405 0.23547388683379983 0.29816172151105574 0.35664692661912073 0.41084520987228035 0.5542539881346167 0.7391656255783284 0.8841870815467437 1.4668816366227198 2.3213927317456 2.8823631771347746
1736 20832 -0.992517451748548 -0.46723048997884453 0.39104310054805447 0.9616413766891182 0.01349077402890074 0.025217690404341474 0.04448723731861474 0.05496335503117339 0.06399077693501665 0.1209971234099491 0.15305561681589533 0.16645756379814405 0.23547388683379983 0.29816172151105574 0.35664692661912073 0.41084520987228035 0.5542539881346167 0.7391656255783284 0.8841870815467437 1.4668816366227198 2.3213927317456 2.8823631771347746
1737 20844 -0.9924819358062638 -0.46368269101239035 0.38987244071222044 0.9617242230115567 0.01349077402890074 0.025217690404341474 0.04448723731861474 0.05496335503117339 0.06399077693501665 0.1209971234099491 0.15305561681589533 0.16645756379814405 0.23547388683379983 0.29816172151105574 0.35664692661912073 0.41084520987228035 0.5542539881346167 0.7391656255783284 0.8841870815467437 1.4668816366227198 2.3213927317456 2.8823631771347746
1738 20856 -0.9922048924170569 -0.4708294509890697 0.3891655648383622 0.9611426754480132 0.01349077402890074 0.025217690404341474 0.04448723731861474 0.05496335503117339 0.06399077693501665 0.1209971234099491 0.15305561681589533 0.16645756379814405 0.23547388683379983 0.29816172151105574 0.35664692661912073 0.41084520987228035 0.5542539881346167 0.7391656255783284 0.8841870815467437 1.4668816366227198 2.3213927317456 2.8823631771347746
1739 20868 -0.9924259975480454 -0.4672021714086612 0.37775130607484025 0.9613762771474276 0.01349077402890074 0.025217690404341474 0.04448723731861474 0.05496335503117339 0.06399077693501665 0.1209971234099491 0.15305561681589533 0.16645756379814405 0.23547388683379983 0.29816172151105574 0.35664692661912073 0.41084520987228035 0.5542539881346167 0.7391656255783284 0.8841870815467437 1.4668816366227198 2.3213927317456 2.8823631771347746
1740 20880 -0.9923389097132158 -0.4638860290564869 0.38078891453390146 0.9613312206089506 0.01349077402890074 0.025217690404341474 0.04448723731861474 0.05496335503117339 0.06399077693501665 0.1209971234099491 0.15305561681589533 0.16645756379814405 0.23547388683379983 0.29816172151105574 0.35664692661912073 0.41084520987228035 0.5542539881346167 0.7391656255783284 0.8841870815467437 1.4668816366227198 2.3213927317456 2.8823631771347746
1741 20892 -0.9922619043182741 -0.4637015106532287 0.38527316029548336 0.9611786678899553 0.01349077402890074 0.025217690404341474 0.04448723731861474 0.05496335503117339 0.06399077693501665 0.1209971234099491 0.15305561681589533 0.16645756379814405 0.23547388683379983 0.29816172151105574 0.35664692661912073 0.41084520987228035 0.5542539881346167 0.7391656255783284 0.8841870815467437 1.4668816366227198 2.3213927317456 2.8823631771347746
1742 20904 -0.9926379743308005 -0.46694441796465336 0.3778969283518995 0.961349103217488 0.01349077402890074 0.025217690404341474 0.04448723731861474 0.05496335503117339 0.06399077693501665 0.1209971234099491 0.15305561681589533 0.16645756379814405 0.23547388683379983 0.29816172151105574 0.35664692661912073 0.41084520987228035 0.5542539881346167 0.7391656255783284 0.8841870815467437 1.4668816366227198 2.3213927317456 2.8823631771347746
1743 20916 -0.9927350009818497 -0.4623981317763701 0.37464374475865125 0.960178369600351 0.01349077402890074 0.025217690404341474 0.04448723731861474 0.05496335503117339 0.06399077693501665 0.1209971234099491 0.15305561681589533 0.16645756379814405 0.23547388683379983 0.29816172151105574 0.35664692661912073 0.41084520987228035 0.5542539881346167 0.7391656255783284 0.8841870815467437 1.4668816366227198 2.3213927317456 2.8823631771347746
1744 20928 -0.9927723374631954 -0.45512086010801434 0.36420855055262974 0.9595776879187029 0.01349077402890074 0.025217690404341474 0.04448723731861474 0.05496335503117339 0.06399077693501665 0.1209971234099491 0.15305561681589533 0.16645756379814405 0.23547388683379983 0.29816172151105574 0.35664692661912073 0.41084520987228035 0.5542539881346167 0.7391656255783284 0.8841870815467437 1.4668816366227198 2.3213927317456 2.8823631771347746
1745 20940 -0.9926126755216776 -0.4625026534856443 0.37129674184307093 0.9580052378738666 0.01349077402890074 0.025217690404341474 0.04448723731861474 0.05496335503117339 0.06399077693501665 0.1209971234099491 0.15305561681589533 0.16645756379814405 0.23547388683379983 0.29816172151105574 0.35664692661912073 0.41084520987228035 0.5542539881346167 0.7391656255783284 0.8841870815467437 1.4668816366227198 2.3213927317456 2.8823631771347746
1746 20952 -0.9924283436776701 -0.4673347659771604 0.38356708287559804 0.9587303389739026 0.01349077402890074 0.025217690404341474 0.04448723731861474 0.05496335503117339 0.06399077693501665 0.1209971234099491 0.15305561681589533 0.16645756379814405 0.23547388683379983 0.29816172151105574 0.35664692661912073 0.41084520987228035 0.5542539881346167 0.7391656255783284 0.8841870815467437 1.4668816366227198 2.3213927317456 2.8823631771347746
1747 20964 -0.9923374844953821 -0.46803580331333583 0.3848765344040241 0.9588887951926474 0.013406962747139728 0.02522437879327816 0.04525310016080592 0.050548567350436384 0.06706862981559465 0.12386397511654328 0.14584183865560868 0.17255717571376436 0.23390328862902854 0.32065514724606564 0.3370315776604021 0.41707302500812277 0.5414672163783805 0.7541767355104786 0.8560536951554055 1.5753915417424242 2.2809029424692118 2.8634681849354315
1748 20976 -0.9921087114943086 -0.4717283019025831 0.38524140965224624 0.9587869286310835 0.013406962747139728 0.02522437879327816 0.04525310016080592 0.050548567350436384 0.06706862981559465 0.12386397511654328 0.14584183865560868 0.17255717571376436 0.23390328862902854 0.32065514724606564 0.3370315776604021 0.41707302500812277 0.5414672163783805 0.7541767355104786 0.8560536951554055 1.5753915417424242 2.2809029424692118 2.8634681849354315
1749 20988 -0.9922555995820638 -0.4666258980027994 0.37886398321335646 0.9585788902326622 0.013406962747139728 0.02522437879327816 0.04525310016080592 0.050548567350436384 0.06706862981559465 0.12386397511654328 0.14584183865560868 0.17255717571376436 0.23390328862902854 0.32065514724606564 0.3370315776604021 0.41707302500812277 0.5414672163783805 0.7541767355104786 0.8560536951554055 1.5753915417424242 2.2809029424692118 2.8634681849354315
1750 21000 -0.9923953712682807 -0.4647266267207459 0.3689147784264917 0.9576329838459429 0.013406962747139728 0.02522437879327816 0.04525310016080592 0.050548567350436384 0.06706862981559465 0.12386397511654328 0.14584183865560868 0.17255717571376436 0.23390328862902854 0.32065514724606564 0.3370315776604021 0.41707302500812277 0.5414672163783805 0.7541767355104786 0.8560536951554055 1.5753915417424242 2.2809029424692118 2.8634681849354315
1751 21012 -0.9924817723985544 -0.46479523434899184 0.3565656246705826 0.9561135785856764 0.013406962747139728 0.02522437879327816 0.04525310016080592 0.050548567350436384 0.06706862981559465 0.12386397511654328 0.14584183865560868 0.17255717571376436 0.23390328862902854 0.32065514724606564 0.3370315776604021 0.41707302500812277 0.5414672163783805 0.7541767355104786 0.8560536951554055 1.5753915417424242 2.2809029424692118 2.8634681849354315
1752 21024 -0.9925538277014637 -0.46450552900805203 0.354798151444723 0.9553667766925039 0.013406962747139728 0.02522437879327816 0.04525310016080592 0.050548567350436384 0.06706862981559465 0.12386397511654328 0.14584183865560868 0.17255717571376436 0.23390328862902854 0.32065514724606564 0.3370315776604021 0.41707302500812277 0.5414672163783805 0.7541767355104786 0.8560536951554055 1.5753915417424242 2.2809029424692118 2.8634681849354315
1753 21036 -0.9926804502366384 -0.4587703955015502 0.35335017224164356 0.9549813667491782 0.013406962747139728 0.02522437879327816 0.04525310016080592 0.050548567350436384 0.06706862981559465 0.12386397511654328 0.14584183865560868 0.17255717571376436 0.23390328862902854 0.32065514724606564 0.3370315776604021 0.41707302500812277 0.5414672163783805 0.7541767355104786 0.8560536951554055 1.5753915417424242 2.2809029424692118 2.8634681849354315
1754 21048 -0.9924728193536947 -0.4627762586040757 0.3505907508079613 0.952388010057914 0.013406962747139728 0.02522437879327816 0.04525310016080592 0.050548567350436384 0.06706862981559465 0.12386397511654328 0.14584183865560868 0.17255717571376436 0.23390328862902854 0.32065514724606564 0.3370315776604021 0.41707302500812277 0.5414672163783805 0.7541767355104786 0.8560536951554055 1.5753915417424242 2.2809029424692118 2.8634681849354315
1755 21060 -0.9924434125090288 -0.4548495606816064 0.3393741667329982 0.9503281722034645 0.013406962747139728 0.02522437879327816 0.04525310016080592 0.050548567350436384 0.06706862981559465 0.12386397511654328 0.14584183865560868 0.17255717571376436 0.23390328862902854 0.32065514724606564 0.3370315776604021 0.41707302500812277 0.5414672163783805 0.7541767355104786 0.8560536951554055 1.5753915417424242 2.2809029424692118 2.8634681849354315
1756 21072 -0.9922738262328485 -0.4580707685302807 0.3349266067263674 0.9499846080299362 0.013406962747139728 0.02522437879327816 0.04525310016080592 0.050548567350436384 0.06706862981559465 0.12386397511654328 0.14584183865560868 0.17255717571376436 0.23390328862902854 0.32065514724606564 0.3370315776604021 0.41707302500812277 0.5414672163783805 0.7541767355104786 0.8560536951554055 1.5753915417424242 2.2809029424692118 2.8634681849354315
1757 21084 -0.9920996836496685 -0.4552865859361497 0.3422166020189976 0.949917652991505 0.013406962747139728 0.02522437879327816 0.04525310016080592 0.050548567350436384 0.06706862981559465 0.12386397511654328 0.14584183865560868 0.17255717571376436 0.23390328862902854 0.32065514724606564 0.3370315776604021 0.41707302500812277 0.5414672163783805 0.7541767355104786 0.8560536951554055 1.5753915417424242 2.2809029424692118 2.8634681849354315
1758 21096 -0.9923203389810374 -0.45594158152626324 0.3413996273664496 0.9494308515570691 0.013406962747139728 0.02522437879327816 0.04525310016080592 0.050548567350436384 0.06706862981559465 0.12386397511654328 0.14584183865560868 0.17255717571376436 0.23390328862902854 0.32065514724606564 0.3370315776604021 0.41707302500812277 0.5414672163783805 0.7541767355104786 0.8560536951554055 1.5753915417424242 2.2809029424692118 2.8634681849354315
1759 21108 -0.9922293663415619 -0.4539485116597537 0.3429983516667855 0.9503121187637956 0.013406962747139728 0.02522437879327816 0.04525310016080592 0.050548567350436384 0.06706862981559465 0.12386397511654328 0.14584183865560868 0.17255717571376436 0.23390328862902854 0.32065514724606564 0.3370315776604021 0.41707302500812277 0.5414672163783805 0.7541767355104786 0.8560536951554055 1.5753915417424242 2.2809029424692118 2.8634681849354315
1760 21120 -0.992287287577611 -0.45772757099185674 0.3530211393539924 0.9508326946752667 0.013406962747139728 0.02522437879327816 0.04525310016080592 0.050548567350436384 0.06706862981559465 0.12386397511654328 0.14584183865560868 0.17255717571376436 0.23390328862902854 0.32065514724606564 0.3370315776604021 0.41707302500812277 0.5414672163783805 0.7541767355104786 0.8560536951554055 1.5753915417424242 2.2809029424692118 2.8634681849354315
1761 21132 -0.9923196640915706 -0.46393475542211526 0.36071821232069956 0.9507871898444369 0.013406962747139728 0.02522437879327816 0.04525310016080592 0.050548567350436384 0.06706862981559465 0.12386397511654328 0.14584183865560868 0.17255717571376436 0.23390328862902854 0.32065514724606564 0.3370315776604021 0.41707302500812277 0.5414672163783805 0.7541767355104786 0.8560536951554055 1.5753915417424242 2.2809029424692118 2.8634681849354315
1762 21144 -0.9919745087099144 -0.4661067388804749 0.3549048207809349 0.9508659106220337 0.013406962747139728 0.02522437879327816 0.04525310016080592 0.050548567350436384 0.06706862981559465 0.12386397511654328 0.14584183865560868 0.17255717571376436 0.23390328862902854 0.32065514724606564 0.3370315776604021 0.41707302500812277 0.5414672163783805 0.7541767355104786 0.8560536951554055 1.5753915417424242 2.2809029424692118 2.8634681849354315
1763 21156 -0.9918734732022861 -0.45797696903147167 0.358076214027181 0.9507797376026317 0.013406962747139728 0.02522437879327816 0.04525310016080592 0.050548567350436384 0.06706862981559465 0.12386397511654328 0.14584183865560868 0.17255717571376436 0.23390328862902854 0.32065514724606564 0.3370315776604021 0.41707302500812277 0.5414672163783805 0.7541767355104786 0.8560536951554055 1.5753915417424242 2.2809029424692118 2.8634681849354315
1764 21168 -0.991800919295194 -0.47195023652689216 0.35029919180078317 0.9518916551173212 0.013406962747139728 0.02522437879327816 0.04525310016080592 0.050548567350436384 0.06706862981559465 0.12386397511654328 0.14584183865560868 0.17255717571376436 0.23390328862902854 0.32065514724606564 0.3370315776604021 0.41707302500812277 0.5414672163783805 0.7541767355104786 0.8560536951554055 1.5753915417424242 2.2809029424692118 2.8634681849354315
1765 21180 -0.9916152990849014 -0.47275639979990003 0.3489018888956628 0.9516191371801829 0.0134111921084794 0.025061786582877457 0.04205826819626574 0.04968890188089099 0.0704641758809208 0.117427316201861 0.1375182532869215 0.17356409831019592 0.23981513636517995 0.31568923191660686 0.34997447595630965 0.40278495552227706 0.5625127204874888 0.7607988253489296 0.828071867459654 1.6394615366997787 2.262409537621008 2.845699509563924
1766 21192 -0.9918797144086526 -0.46725023585016223 0.37001077752835393 0.9537824380422583 0.0134111921084794 0.025061786582877457 0.04205826819626574 0.04968890188089099 0.0704641758809208 0.117427316201861 0.1375182532869215 0.17356409831019592 0.23981513636517995 0.31568923191660686 0.34997447595630965 0.40278495552227706 0.5625127204874888 0.7607988253489296 0.828071867459654 1.6394615366997787 2.262409537621008 2.845699509563924
1767 21204 -0.9917526585221603 -0.4626449355724981 0.36255050923310567 0.9549656373271727 0.0134111921084794 0.025061786582877457 0.04205826819626574 0.04968890188089099 0.0704641758809208 0.117427316201861 0.1375182532869215 0.17356409831019592 0.23981513636517995 0.31568923191660686 0.34997447595630965 0.40278495552227706 0.5625127204874888 0.7607988253489296 0.828071867459654 1.6394615366997787 2.262409537621008 2.845699509563924
1768 21216 -0.9915488003894908 -0.465246534223979 0.36940083324101697 0.954769228427532 0.0134111921084794 0.025061786582877457 0.04205826819626574 0.04968890188089099 0.0704641758809208 0.117427316201861 0.1375182532869215 0.17356409831019592 0.23981513636517995 0.31568923191660686 0.34997447595630965 0.40278495552227706 0.5625127204874888 0.7607988253489296 0.828071867459654 1.6394615366997787 2.262409537621008 2.845699509563924
1769 21228 -0.9914129499158467 -0.45764732670381436 0.36780296611712937 0.954279610375085 0.0134111921084794 0.025061786582877457 0.04205826819626574 0.04968890188089099 0.0704641758809208 0.117427316201861 0.1375182532869215 0.17356409831019592 0.23981513636517995 0.31568923191660686 0.34997447595630965 0.40278495552227706 0.5625127204874888 0.7607988253489296 0.828071867459654 1.6394615366997787 2.262409537621008 2.845699509563924
1770 21240 -0.9915478101912923 -0.45194484923979267 0.340465127534249 0.9560510690990711 0.0134111921084794 0.025061786582877457 0.04205826819626574 0.04968890188089099 0.0704641758809208 0.117427316201861 0.1375182532869215 0.17356409831019592 0.23981513636517995 0.31568923191660686 0.34997447595630965 0.40278495552227706 0.5625127204874888 0.7607988253489296 0.828071867459654 1.6394615366997787 2.262409537621008 2.845699509563924
1771 21252 -0.9916329256327541 -0.4506169613993885 0.3428105848713674 0.9562215081792018 0.0134111921084794 0.025061786582877457 0.04205826819626574 0.04968890188089099 0.0704641758809208 0.117427316201861 0.1375182532869215 0.17356409831019592 0.23981513636517995 0.31568923191660686 0.34997447595630965 0.40278495552227706 0.5625127204874888 0.7607988253489296 0.828071867459654 1.6394615366997787 2.262409537621008 2.845699509563924
1772 21264 -0.991577209568264 -0.4469008447221788 0.34106123521809373 0.9559890616413256 0.0134111921084794 0.025061786582877457 0.04205826819626574 0.04968890188089099 0.0704641758809208 0.117427316201861 0.1375182532869215 0.17356409831019592 0.23981513636517995 0.31568923191660686 0.34997447595630965 0.40278495552227706 0.5625127204874888 0.7607988253489296 0.828071867459654 1.6394615366997787 2.262409537621008 2.845699509563924
1773 21276 -0.9914961683799537 -0.4480742506879322 0.33856313254757464 0.9556884824456379 0.0134111921084794 0.025061786582877457 0.04205826819626574 0.04968890188089099 0.0704641758809208 0.117427316201861 0.1375182532869215 0.17356409831019592 0.23981513636517995 0.31568923191660686 0.34997447595630965 0.40278495552227706 0.5625127204874888 0.7607988253489296 0.828071867459654 1.6394615366997787 2.262409537621008 2.845699509563924
1774 21288 -0.9917085920386084 -0.45094794205632777 0.33746526950062883 0.9541798681791962 0.0134111921084794 0.025061786582877457 0.04205826819626574 0.04968890188089099 0.0704641758809208 0.117427316201861 0.1375182532869215 0.17356409831019592 0.23981513636517995 0.31568923191660686 0.34997447595630965 0.40278495552227706 0.5625127204874888 0.7607988253489296 0.828071867459654 1.6394615366997787 2.262409537621008 2.845699509563924
1775 21300 -0.991931494035957 -0.45299153694885175 0.3314310082563615 0.9539972552867996 0.0134111921084794 0.025061786582877457 0.04205826819626574 0.04968890188089099 0.0704641758809208 0.117427316201861 0.1375182532869215 0.17356409831019592 0.23981513636517995 0.31568923191660686 0.34997447595630965 0.40278495552227706 0.5625127204874888 0.7607988253489296 0.828071867459654 1.6394615366997787 2.262409537621008 2.845699509563924
1776 21312 -0.9919270497540312 -0.45363656925767093 0.33229259863113525 0.9537160337952896 0.0134111921084794 0.025061786582877457 0.04205826819626574 0.04968890188089099 0.0704641758809208 0.117427316201861 0.1375182532869215 0.17356409831019592 0.23981513636517995 0.31568923191660686 0.34997447595630965 0.40278495552227706 0.5625127204874888 0.7607988253489296 0.828071867459654 1.6394615366997787 2.262409537621008 2.845699509563924
1777 21324 -0.9919403232838633 -0.4509532250545628 0.33441263645866875 0.954804277809514 0.0134111921084794 0.025061786582877457 0.04205826819626574 0.04968890188089099 0.0704641758809208 0.117427316201861 0.1375182532869215 0.17356409831019592 0.23981513636517995 0.31568923191660686 0.34997447595630965 0.40278495552227706 0.5625127204874888 0.7607988253489296 0.828071867459654 1.6394615366997787 2.262409537621008 2.845699509563924
1778 21336 -0.9919928173964885 -0.4430386314889241 0.33868806010198127 0.9557248502643029 0.0134111921084794 0.025061786582877457 0.04205826819626574 0.04968890188089099 0.0704641758809208 0.117427316201861 0.1375182532869215 0.17356409831019592 0.23981513636517995 0.31568923191660686 0.34997447595630965 0.40278495552227706 0.5625127204874888 0.7607988253489296 0.828071867459654 1.6394615366997787 2.262409537621008 2.845699509563924
1779 21348 -0.9917880877169911 -0.44155399272311546 0.3359820298751469 0.9557827788147863 0.0134111921084794 0.025061786582877457 0.04205826819626574 0.04968890188089099 0.0704641758809208 0.117427316201861 0.1375182532869215 0.17356409831019592 0.23981513636517995 0.31568923191660686 0.34997447595630965 0.40278495552227706 0.5625127204874888 0.7607988253489296 0.828071867459654 1.6394615366997787 2.262409537621008 2.845699509563924
1780 21360 -0.9918794066024388 -0.44292263933927206 0.33545100691262497 0.9560538960535931 0.0134111921084794 0.025061786582877457 0.04205826819626574 0.04968890188089099 0.0704641758809208 0.117427316201861 0.1375182532869215 0.17356409831019592 0.23981513636517995 0.31568923191660686 0.34997447595630965 0.40278495552227706 0.5625127204874888 0.7607988253489296 0.828071867459654 1.6394615366997787 2.262409537621008 2.845699509563924
1781 21372 -0.9918697669923808 -0.4415342854101734 0.3485192239311902 0.957955176992083 0.0134111921084794 0.025061786582877457 0.04205826819626574 0.04968890188089099 0.0704641758809208 0.117427316201861 0.1375182532869215 0.17356409831019592 0.23981513636517995 0.31568923191660686 0.34997447595630965 0.40278495552227706 0.5625127204874888 0.7607988253489296 0.828071867459654 1.6394615366997787 2.262409537621008 2.845699509563924
1782 21384 -0.9918756850122997 -0.4415491689144797 0.33216850143159704 0.9573972391160573 0.0134111921084794 0.025061786582877457 0.04205826819626574 0.04968890188089099 0.0704641758809208 0.117427316201861 0.1375182532869215 0.17356409831019592 0.23981513636517995 0.31568923191660686 0.34997447595630965 0.40278495552227706 0.5625127204874888 0.7607988253489296 0.828071867459654 1.6394615366997787 2.262409537621008 2.845699509563924
1783 21396 -0.9918839247520154 -0.42528425237434897 0.32578086171220094 0.9578132826233673 0.013970262638886075 0.0256385366531951 0.03826116717244832 0.04648556739338145 0.06975330107297109 0.10479908619275072 0.13334496728587672 0.15508265223125217 0.22319670429017993 0.2848648155716117 0.3316279542651695 0.35989266972199424 0.5132771982641237 0.7105948924728814 0.7722384939998763 1.8127051997278232 2.228969205927667 2.8192948566277614
1784 21408 -0.991918995316049 -0.4382826102012094 0.332472353730335 0.9554829659070273 0.013970262638886075 0.0256385366531951 0.03826116717244832 0.04648556739338145 0.06975330107297109 0.10479908619275072 0.13334496728587672 0.15508265223125217 0.22319670429017993 0.2848648155716117 0.3316279542651695 0.35989266972199424 0.5132771982641237 0.7105948924728814 0.7722384939998763 1.8127051997278232 2.228969205927667 2.8192948566277614
1785 21420 -0.9917285102792746 -0.43341272203860526 0.3381613629157384 0.9562668729780769 0.013970262638886075 0.0256385366531951 0.03826116717244832 0.04648556739338145 0.06975330107297109 0.10479908619275072 0.13334496728587672 0.15508265223125217 0.22319670429017993 0.2848648155716117 0.3316279542651695 0.35989266972199424 0.5132771982641237 0.7105948924728814 0.7722384939998763 1.8127051997278232 2.228969205927667 2.8192948566277614
1786 21432 -0.9917950737495395 -0.4295200123093941 0.3354312294849893 0.9549527605460497 0.013970262638886075 0.0256385366531951 0.03826116717244832 0.04648556739338145 0.06975330107297109 0.10479908619275072 0.13334496728587672 0.15508265223125217 0.22319670429017993 0.2848648155716117 0.3316279542651695 0.35989266972199424 0.5132771982641237 0.7105948924728814 0.7722384939998763 1.8127051997278232 2.228969205927667 2.8192948566277614
1787 21444 -0.991856357737328 -0.42698065566561727 0.34048542771324297 0.9550706952134194 0.013970262638886075 0.0256385366531951 0.03826116717244832 0.04648556739338145 0.06975330107297109 0.10479908619275072 0.13334496728587672 0.15508265223125217 0.22319670429017993 0.2848648155716117 0.3316279542651695 0.35989266972199424 0.5132771982641237 0.7105948924728814 0.7722384939998763 1.8127051997278232 2.228969205927667 2.8192948566277614
1788 21456 -0.9918999564646259 -0.42979305501534565 0.33278582961653347 0.9558281745985991 0.013970262638886075 0.0256385366531951 0.03826116717244832 0.04648556739338145 0.06975330107297109 0.10479908619275072 0.13334496728587672 0.15508265223125217 0.22319670429017993 0.2848648155716117 0.3316279542651695 0.35989266972199424 0.5132771982641237 0.7105948924728814 0.7722384939998763 1.8127051997278232 2.228969205927667 2.8192948566277614
1789 21468 -0.9918591738868168 -0.43158739095494225 0.3316221421966432 0.9546836021213791 0.013970262638886075 0.0256385366531951 0.03826116717244832 0.04648556739338145 0.06975330107297109 0.10479908619275072 0.13334496728587672 0.15508265223125217 0.22319670429017993 0.2848648155716117 0.3316279542651695 0.35989266972199424 0.5132771982641237 0.7105948924728814 0.7722384939998763 1.8127051997278232 2.228969205927667 2.8192948566277614
1790 21480 -0.9916425613934757 -0.43211632157261914 0.3324251218084763 0.9563456583348428 0.013970262638886075 0.0256385366531951 0.03826116717244832 0.04648556739338145 0.06975330107297109 0.10479908619275072 0.13334496728587672 0.15508265223125217 0.22319670429017993 0.2848648155716117 0.3316279542651695 0.35989266972199424 0.5132771982641237 0.7105948924728814 0.7722384939998763 1.8127051997278232 2.228969205927667 2.8192948566277614
1791 21492 -0.9916603725681759 -0.4330022751757086 0.3327598925971244 0.9570632861406408 0.013970262638886075 0.0256385366531951 0.03826116717244832 0.04648556739338145 0.06975330107297109 0.10479908619275072 0.13334496728587672 0.15508265223125217 0.22319670429017993 0.2848648155716117 0.3316279542651695 0.35989266972199424 0.5132771982641237 0.7105948924728814 0.7722384939998763 1.8127051997278232 2.228969205927667 2.8192948566277614
1792 21504 -0.9915993399264402 -0.4211821567050649 0.33022454474555296 0.958630464770335 0.013970262638886075 0.0256385366531951 0.03826116717244832 0.04648556739338145 0.06975330107297109 0.10479908619275072 0.13334496728587672 0.15508265223125217 0.22319670429017993 0.2848648155716117 0.3316279542651695 0.35989266972199424 0.5132771982641237 0.7105948924728814 0.7722384939998763 1.8127051997278232 2.228969205927667 2.8192948566277614
1793 21516 -0.9914753574751962 -0.4243307901051074 0.33224847425800413 0.9583341860303374 0.013970262638886075 0.0256385366531951 0.03826116717244832 0.04648556739338145 0.06975330107297109 0.10479908619275072 0.13334496728587672 0.15508265223125217 0.22319670429017993 0.2848648155716117 0.3316279542651695 0.35989266972199424 0.5132771982641237 0.7105948924728814 0.7722384939998763 1.8127051997278232 2.228969205927667 2.8192948566277614
1794 21528 -0.9915399018074841 -0.42163936533252755 0.33142009512392684 0.9592287770614912 0.013970262638886075 0.0256385366531951 0.03826116717244832 0.04648556739338145 0.06975330107297109 0.10479908619275072 0.13334496728587672 0.15508265223125217 0.22319670429017993 0.2848648155716117 0.3316279542651695 0.35989266972199424 0.5132771982641237 0.7105948924728814 0.7722384939998763 1.8127051997278232 2.228969205927667 2.8192948566277614
1795 21540 -0.9915945333631451 -0.4226757461863293 0.33807177635544483 0.9617003292867933 0.013970262638886075 0.0256385366531951 0.03826116717244832 0.04648556739338145 0.06975330107297109 0.10479908619275072 0.13334496728587672 0.15508265223125217 0.22319670429017993 0.2848648155716117 0.3316279542651695 0.35989266972199424 0.5132771982641237 0.7105948924728814 0.7722384939998763 1.8127051997278232 2.228969205927667 2.8192948566277614
1796 21552 -0.9916151751850443 -0.4151330111798309 0.3331542390755518 0.9617268950578218 0.013970262638886075 0.0256385366531951 0.03826116717244832 0.04648556739338145 0.06975330107297109 0.10479908619275072 0.13334496728587672 0.15508265223125217 0.22319670429017993 0.2848648155716117 0.3316279542651695 0.35989266972199424 0.5132771982641237 0.7105948924728814 0.7722384939998763 1.8127051997278232 2.228969205927667 2.8192948566277614
1797 21564 -0.9912949051278552 -0.4208535880037299 0.3496725087140065 0.9621527235869388 0.013970262638886075 0.0256385366531951 0.03826116717244832 0.04648556739338145 0.06975330107297109 0.10479908619275072 0.13334496728587672 0.15508265223125217 0.22319670429017993 0.2848648155716117 0.3316279542651695 0.35989266972199424 0.5132771982641237 0.7105948924728814 0.7722384939998763 1.8127051997278232 2.228969205927667 2.8192948566277614
1798 21576 -0.9911736667901656 -0.42390373791112607 0.3533802732125664 0.9631417484685657 0.013970262638886075 0.0256385366531951 0.03826116717244832 0.04648556739338145 0.06975330107297109 0.10479908619275072 0.13334496728587672 0.15508265223125217 0.22319670429017993 0.2848648155716117 0.3316279542651695 0.35989266972199424 0.5132771982641237 0.7105948924728814 0.7722384939998763 1.8127051997278232 2.228969205927667 2.8192948566277614
1799 21588 -0.9911752325475671 -0.42275914671688014 0.3567345001833518 0.9638152755811287 0.013970262638886075 0.0256385366531951 0.03826116717244832 0.04648556739338145 0.06975330107297109 0.10479908619275072 0.13334496728587672 0.15508265223125217 0.22319670429017993 0.2848648155716117 0.3316279542651695 0.35989266972199424 0.5132771982641237 0.7105948924728814 0.7722384939998763 1.8127051997278232 2.228969205927667 2.8192948566277614
1800 21600 -0.9908110470762137 -0.43089815303247714 0.3720374246197172 0.9655156103084771 0.013970262638886075 0.0256385366531951 0.03826116717244832 0.04648556739338145 0.06975330107297109 0.10479908619275072 0.13334496728587672 0.15508265223125217 0.22319670429017993 0.2848648155716117 0.3316279542651695 0.35989266972199424 0.5132771982641237 0.7105948924728814 0.7722384939998763 1.8127051997278232 2.228969205927667 2.8192948566277614
1801 21612 -0.9909821214706667 -0.4099221806516137 0.37549703486618347 0.9664108534006317 0.013896106215935082 0.025004652020154866 0.03531820267632764 0.04162167836439412 0.05910936336320399 0.09402530597314077 0.12049295464605203 0.13850531521617324 0.21324242717653996 0.25445384674748944 0.31214611153808114 0.3209395981103052 0.4693878217015508 0.6935047181483935 0.7388039386955966 1.9275916912787645 2.2021605371519715 2.7977281358944817
1802 21624 -0.9910991848425094 -0.40183616682945333 0.38623370659412914 0.9692031146326398 0.013896106215935082 0.025004652020154866 0.03531820267632764 0.04162167836439412 0.05910936336320399 0.09402530597314077 0.12049295464605203 0.13850531521617324 0.21324242717653996 0.25445384674748944 0.31214611153808114 0.3209395981103052 0.4693878217015508 0.6935047181483935 0.7388039386955966 1.9275916912787645 2.2021605371519715 2.7977281358944817
1803 21636 -0.9910918605316188 -0.399749022765027 0.3936880832883601 0.9710117046806881 0.013896106215935082 0.025004652020154866 0.03531820267632764 0.04162167836439412 0.05910936336320399 0.09402530597314077 0.12049295464605203 0.13850531521617324 0.21324242717653996 0.25445384674748944 0.31214611153808114 0.3209395981103052 0.4693878217015508 0.6935047181483935 0.7388039386955966 1.9275916912787645 2.2021605371519715 2.7977281358944817
1804 21648 -0.9910209772550967 -0.4021414543471182 0.3967542510312968 0.9718545062855753 0.013896106215935082 0.025004652020154866 0.03531820267632764 0.04162167836439412 0.05910936336320399 0.09402530597314077 0.12049295464605203 0.13850531521617324 0.21324242717653996 0.25445384674748944 0.31214611153808114 0.3209395981103052 0.4693878217015508 0.6935047181483935 0.7388039386955966 1.9275916912787645 2.2021605371519715 2.7977281358944817
1805 21660 -0.9911272177591317 -0.4049349236652338 0.4013630700699916 0.9718321262919951 0.013896106215935082 0.025004652020154866 0.03531820267632764 0.04162167836439412 0.05910936336320399 0.09402530597314077 0.12049295464605203 0.13850531521617324 0.21324242717653996 0.25445384674748944 0.31214611153808114 0.3209395981103052 0.4693878217015508 0.6935047181483935 0.7388039386955966 1.9275916912787645 2.2021605371519715 2.7977281358944817
1806 21672 -0.9910610363757646 -0.4037957035277504 0.40145071023575246 0.9727003537763296 0.013896106215935082 0.025004652020154866 0.03531820267632764 0.04162167836439412 0.05910936336320399 0.09402530597314077 0.12049295464605203 0.13850531521617324 0.21324242717653996 0.25445384674748944 0.31214611153808114 0.3209395981103052 0.4693878217015508 0.6935047181483935 0.7388039386955966 1.9275916912787645 2.2021605371519715 2.7977281358944817
1807 21684 -0.9909462640617633 -0.410288094145811 0.40784439387168364 0.9738729450647736 0.013896106215935082 0.025004652020154866 0.03531820267632764 0.04162167836439412 0.05910936336320399 0.09402530597314077 0.12049295464605203 0.13850531521617324 0.21324242717653996 0.25445384674748944 0.31214611153808114 0.3209395981103052 0.4693878217015508 0.6935047181483935 0.7388039386955966 1.9275916912787645 2.2021605371519715 2.7977281358944817
1808 21696 -0.9910032292488785 -0.4229850728750384 0.41482592364568094 0.9754973844067107 0.013896106215935082 0.025004652020154866 0.03531820267632764 0.04162167836439412 0.05910936336320399 0.09402530597314077 0.12049295464605203 0.13850531521617324 0.21324242717653996 0.25445384674748944 0.31214611153808114 0.3209395981103052 0.4693878217015508 0.6935047181483935 0.7388039386955966 1.9275916912787645 2.2021605371519715 2.7977281358944817
1809 21708 -0.990657513852822 -0.43791953254711896 0.41596822952436663 0.9759674899123004 0.013896106215935082 0.025004652020154866 0.03531820267632764 0.04162167836439412 0.05910936336320399 0.09402530597314077 0.12049295464605203 0.13850531521617324 0.21324242717653996 0.25445384674748944 0.31214611153808114 0.3209395981103052 0.4693878217015508 0.6935047181483935 0.7388039386955966 1.9275916912787645 2.2021605371519715 2.7977281358944817
1810 21720 -0.9905149057264427 -0.45252253729011355 0.4246804517574232 0.9769754489441809 0.013896106215935082 0.025004652020154866 0.03531820267632764 0.04162167836439412 0.05910936336320399 0.09402530597314077 0.12049295464605203 0.13850531521617324 0.21324242717653996 0.25445384674748944 0.31214611153808114 0.3209395981103052 0.4693878217015508 0.6935047181483935 0.7388039386955966 1.9275916912787645 2.2021605371519715 2.7977281358944817
1811 21732 -0.9907222492171056 -0.46119064609035537 0.4343792995247048 0.9771830272944709 0.013896106215935082 0.025004652020154866 0.03531820267632764 0.04162167836439412 0.05910936336320399 0.09402530597314077 0.12049295464605203 0.13850531521617324 0.21324242717653996 0.25445384674748944 0.31214611153808114 0.3209395981103052 0.4693878217015508 0.6935047181483935 0.7388039386955966 1.9275916912787645 2.2021605371519715 2.7977281358944817
1812 21744 -0.9903986447194194 -0.46718254377751717 0.4356711538282002 0.9778984205192834 0.013896106215935082 0.025004652020154866 0.03531820267632764 0.04162167836439412 0.05910936336320399 0.09402530597314077 0.12049295464605203 0.13850531521617324 0.21324242717653996 0.25445384674748944 0.31214611153808114 0.3209395981103052 0.4693878217015508 0.6935047181483935 0.7388039386955966 1.9275916912787645 2.2021605371519715 2.7977281358944817
1813 21756 -0.9905059829649483 -0.4634536081876211 0.43429024527692756 0.9782491819921199 0.013896106215935082 0.025004652020154866 0.03531820267632764 0.04162167836439412 0.05910936336320399 0.09402530597314077 0.12049295464605203 0.13850531521617324 0.21324242717653996 0.25445384674748944 0.31214611153808114 0.3209395981103052 0.4693878217015508 0.6935047181483935 0.7388039386955966 1.9275916912787645 2.2021605371519715 2.7977281358944817
1814 21768 -0.9903194688025853 -0.47035900437402633 0.4409758559003002 0.9790813668814555 0.013896106215935082 0.025004652020154866 0.03531820267632764 0.04162167836439412 0.05910936336320399 0.09402530597314077 0.12049295464605203 0.13850531521617324 0.21324242717653996 0.25445384674748944 0.31214611153808114 0.3209395981103052 0.4693878217015508 0.6935047181483935 0.7388039386955966 1.9275916912787645 2.2021605371519715 2.7977281358944817
1815 21780 -0.9900060519175137 -0.4823102452447293 0.43678489330915704 0.9800369076844478 0.013896106215935082 0.025004652020154866 0.03531820267632764 0.04162167836439412 0.05910936336320399 0.09402530597314077 0.12049295464605203 0.13850531521617324 0.21324242717653996 0.25445384674748944 0.31214611153808114 0.3209395981103052 0.4693878217015508 0.6935047181483935 0.7388039386955966 1.9275916912787645 2.2021605371519715 2.7977281358944817
1816 21792 -0.9896806095997748 -0.490007961986307 0.43423040903902055 0.9806668733984609 0.013896106215935082 0.025004652020154866 0.03531820267632764 0.04162167836439412 0.05910936336320399 0.09402530597314077 0.12049295464605203 0.13850531521617324 0.21324242717653996 0.25445384674748944 0.31214611153808114 0.3209395981103052 0.4693878217015508 0.6935047181483935 0.7388039386955966 1.9275916912787645 2.2021605371519715 2.7977281358944817
1817 21804 -0.989846188370921 -0.48434949997365 0.43587211537957254 0.9810535469100585 0.013896106215935082 0.025004652020154866 0.03531820267632764 0.04162167836439412 0.05910936336320399 0.09402530597314077 0.12049295464605203 0.13850531521617324 0.21324242717653996 0.25445384674748944 0.31214611153808114 0.3209395981103052 0.4693878217015508 0.6935047181483935 0.7388039386955966 1.9275916912787645 2.2021605371519715 2.7977281358944817
1818 21816 -0.9894569028832884 -0.4719224531905688 0.43693183951195874 0.9809149853001806 0.013896106215935082 0.025004652020154866 0.03531820267632764 0.04162167836439412 0.05910936336320399 0.09402530597314077 0.12049295464605203 0.13850531521617324 0.21324242717653996 0.25445384674748944 0.31214611153808114 0.3209395981103052 0.4693878217015508 0.6935047181483935 0.7388039386955966 1.9275916912787645 2.2021605371519715 2.7977281358944817
1819 21828 -0.989253917286767 -0.4697228809919065 0.43879267972205543 0.9812239305548613 0.013361945359481382 0.022596427489479872 0.030092332908497586 0.034128226187357676 0.04735177238259135 0.07048590126793654 0.10423484192985134 0.11632345833685802 0.1937879405746465 0.20455954722245137 0.28953780820512603 0.3001963185693877 0.4512811192171561 0.560753203668956 0.6927587254090004 1.833860416007534 2.155251685304444 2.9506132276769894
1820 21840 -0.9890586428422161 -0.46741119873416476 0.44046280562274714 0.9811937762848563 0.013361945359481382 0.022596427489479872 0.030092332908497586 0.034128226187357676 0.04735177238259135 0.07048590126793654 0.10423484192985134 0.11632345833685802 0.1937879405746465 0.20455954722245137 0.28953780820512603 0.3001963185693877 0.4512811192171561 0.560753203668956 0.6927587254090004 1.833860416007534 2.155251685304444 2.9506132276769894
1821 21852 -0.9888969109163515 -0.4602106276980834 0.44148603842735573 0.9809856600370823 0.013361945359481382 0.022596427489479872 0.030092332908497586 0.034128226187357676 0.04735177238259135 0.07048590126793654 0.10423484192985134 0.11632345833685802 0.1937879405746465 0.20455954722245137 0.28953780820512603 0.3001963185693877 0.4512811192171561 0.560753203668956 0.6927587254090004 1.833860416007534 2.155251685304444 2.9506132276769894
1822 21864 -0.9888180485245667 -0.4628568993100633 0.44191408291737144 0.9809185645382261 0.013361945359481382 0.022596427489479872 0.030092332908497586 0.034128226187357676 0.04735177238259135 0.07048590126793654 0.10423484192985134 0.11632345833685802 0.1937879405746465 0.20455954722245137 0.28953780820512603 0.3001963185693877 0.4512811192171561 0.560753203668956 0.6927587254090004 1.833860416007534 2.155251685304444 2.9506132276769894
1823 21876 -0.9887795985534098 -0.4612695433725466 0.4433954675292477 0.9807116247270203 0.013361945359481382 0.022596427489479872 0.030092332908497586 0.034128226187357676 0.04735177238259135 0.07048590126793654 0.10423484192985134 0.11632345833685802 0.1937879405746465 0.20455954722245137 0.28953780820512603 0.3001963185693877 0.4512811192171561 0.560753203668956 0.6927587254090004 1.833860416007534 2.155251685304444 2.9506132276769894
1824 21888 -0.9888295117326401 -0.45977541735294103 0.4415272389757745 0.9808535315675635 0.013361945359481382 0.022596427489479872 0.030092332908497586 0.034128226187357676 0.04735177238259135 0.07048590126793654 0.10423484192985134 0.11632345833685802 0.1937879405746465 0.20455954722245137 0.28953780820512603 0.3001963185693877 0.4512811192171561 0.560753203668956 0.6927587254090004 1.833860416007534 2.155251685304444 2.9506132276769894
1825 21900 -0.9888304780401693 -0.4655525272846826 0.4403924226325088 0.9805096254400014 0.013361945359481382 0.022596427489479872 0.030092332908497586 0.034128226187357676 0.04735177238259135 0.07048590126793654 0.10423484192985134 0.11632345833685802 0.1937879405746465 0.20455954722245137 0.28953780820512603 0.3001963185693877 0.4512811192171561 0.560753203668956 0.6927587254090004 1.833860416007534 2.155251685304444 2.9506132276769894
1826 21912 -0.9884408339363399 -0.4614675320928374 0.44163430685977123 0.9813753337209989 0.013361945359481382 0.022596427489479872 0.030092332908497586 0.034128226187357676 0.04735177238259135 0.07048590126793654 0.10423484192985134 0.11632345833685802 0.1937879405746465 0.20455954722245137 0.28953780820512603 0.3001963185693877 0.4512811192171561 0.560753203668956 0.6927587254090004 1.833860416007534 2.155251685304444 2.9506132276769894
1827 21924 -0.988222797281071 -0.4682959602122197 0.4403295955506895 0.980686273927511 0.013361945359481382 0.022596427489479872 0.030092332908497586 0.034128226187357676 0.04735177238259135 0.07048590126793654 0.10423484192985134 0.11632345833685802 0.1937879405746465 0.20455954722245137 0.28953780820512603 0.3001963185693877 0.4512811192171561 0.560753203668956 0.6927587254090004 1.833860416007534 2.155251685304444 2.9506132276769894
1828 21936 -0.9881011385963233 -0.47177344445248176 0.4366343852114792 0.9807185590217585 0.013361945359481382 0.022596427489479872 0.030092332908497586 0.034128226187357676 0.04735177238259135 0.07048590126793654 0.10423484192985134 0.11632345833685802 0.1937879405746465 0.20455954722245137 0.28953780820512603 0.3001963185693877 0.4512811192171561 0.560753203668956 0.6927587254090004 1.833860416007534 2.155251685304444 2.9506132276769894
1829 21948 -0.987992063288404 -0.4773472852782522 0.43847004239198034 0.9808492093759764 0.013361945359481382 0.022596427489479872 0.030092332908497586 0.034128226187357676 0.04735177238259135 0.07048590126793654 0.10423484192985134 0.11632345833685802 0.1937879405746465 0.20455954722245137 0.28953780820512603 0.3001963185693877 0.4512811192171561 0.560753203668956 0.6927587254090004 1.833860416007534 2.155251685304444 2.9506132276769894
1830 21960 -0.9882711648756771 -0.4810029353298562 0.43558594200286904 0.9807567648611778 0.013361945359481382 0.022596427489479872 0.030092332908497586 0.034128226187357676 0.04735177238259135 0.07048590126793654 0.10423484192985134 0.11632345833685802 0.1937879405746465 0.20455954722245137 0.28953780820512603 0.3001963185693877 0.4512811192171561 0.560753203668956 0.6927587254090004 1.833860416007534 2.155251685304444 2.9506132276769894
1831 21972 -0.9884761399952232 -0.481470443621963 0.43186406745243927 0.9808547179387489 0.013361945359481382 0.022596427489479872 0.030092332908497586 0.034128226187357676 0.04735177238259135 0.07048590126793654 0.10423484192985134 0.11632345833685802 0.1937879405746465 0.20455954722245137 0.28953780820512603 0.3001963185693877 0.4512811192171561 0.560753203668956 0.6927587254090004 1.833860416007534 2.155251685304444 2.9506132276769894
1832 21984 -0.9892522719505001 -0.5102327756675874 0.4579040453804825 0.9825662231532218 0.013361945359481382 0.022596427489479872 0.030092332908497586 0.034128226187357676 0.04735177238259135 0.07048590126793654 0.10423484192985134 0.11632345833685802 0.1937879405746465 0.20455954722245137 0.28953780820512603 0.3001963185693877 0.4512811192171561 0.560753203668956 0.6927587254090004 1.833860416007534 2.155251685304444 2.9506132276769894
1833 21996 -0.9897531198375912 -0.5268670873058956 0.4762219372951074 0.9835673417388952 0.013361945359481382 0.022596427489479872 0.030092332908497586 0.034128226187357676 0.04735177238259135 0.07048590126793654 0.10423484192985134 0.11632345833685802 0.1937879405746465 0.20455954722245137 0.28953780820512603 0.3001963185693877 0.4512811192171561 0.560753203668956 0.6927587254090004 1.833860416007534 2.155251685304444 2.9506132276769894
1834 22008 -0.9904392956455486 -0.5267221771722272 0.4856744724416252 0.983988664140155 0.013361945359481382 0.022596427489479872 0.030092332908497586 0.034128226187357676 0.04735177238259135 0.07048590126793654 0.10423484192985134 0.11632345833685802 0.1937879405746465 0.20455954722245137 0.28953780820512603 0.3001963185693877 0.4512811192171561 0.560753203668956 0.6927587254090004 1.833860416007534 2.155251685304444 2.9506132276769894
1835 22020 -0.9905751110913821 -0.5310437921520386 0.48906548376118125 0.984102157126656 0.013361945359481382 0.022596427489479872 0.030092332908497586 0.034128226187357676 0.04735177238259135 0.07048590126793654 0.10423484192985134 0.11632345833685802 0.1937879405746465 0.20455954722245137 0.28953780820512603 0.3001963185693877 0.4512811192171561 0.560753203668956 0.6927587254090004 1.833860416007534 2.155251685304444 2.9506132276769894
1836 22032 -0.9908269695267511 -0.5354305892177567 0.4996714523463165 0.9848314316296854 0.013361945359481382 0.022596427489479872 0.030092332908497586 0.034128226187357676 0.04735177238259135 0.07048590126793654 0.10423484192985134 0.11632345833685802 0.1937879405746465 0.20455954722245137 0.28953780820512603 0.3001963185693877 0.4512811192171561 0.560753203668956 0.6927587254090004 1.833860416007534 2.155251685304444 2.9506132276769894
1837 22044 -0.9910118492266607 -0.5375267018850496 0.5054462019102983 0.9851855629168393 0.012712502879389263 0.02376094617761221 0.02554253694055572 0.030889797633040356 0.04130682050727644 0.059112729627981565 0.09579961760869089 0.10455666713551039 0.17480117283386531 0.19175106055055083 0.2770865972541393 0.2951247950533768 0.403051956006533 0.5116610023312758 0.6848688243528318 1.7833276116493644 2.118809361057496 3.029563299378636
1838 22056 -0.9911864613372466 -0.5389919488788482 0.5109087661267258 0.9857350300966345 0.012712502879389263 0.02376094617761221 0.02554253694055572 0.030889797633040356 0.04130682050727644 0.059112729627981565 0.09579961760869089 0.10455666713551039 0.17480117283386531 0.19175106055055083 0.2770865972541393 0.2951247950533768 0.403051956006533 0.5116610023312758 0.6848688243528318 1.7833276116493644 2.118809361057496 3.029563299378636
1839 22068 -0.9911518878912849 -0.5418867136533123 0.5099668090073202 0.9863127637568916 0.012712502879389263 0.02376094617761221 0.02554253694055572 0.030889797633040356 0.04130682050727644 0.059112729627981565 0.09579961760869089 0.10455666713551039 0.17480117283386531 0.19175106055055083 0.2770865972541393 0.2951247950533768 0.403051956006533 0.5116610023312758 0.6848688243528318 1.7833276116493644 2.118809361057496 3.029563299378636
1840 22080 -0.9912181657045386 -0.5365141558896144 0.5109123821125399 0.9863932991144411 0.012712502879389263 0.02376094617761221 0.02554253694055572 0.030889797633040356 0.04130682050727644 0.059112729627981565 0.09579961760869089 0.10455666713551039 0.17480117283386531 0.19175106055055083 0.2770865972541393 0.2951247950533768 0.403051956006533 0.5116610023312758 0.6848688243528318 1.7833276116493644 2.118809361057496 3.029563299378636
1841 22092 -0.9911364595549367 -0.5385308980953657 0.5088371951825201 0.9867020249745884 0.012712502879389263 0.02376094617761221 0.02554253694055572 0.030889797633040356 0.04130682050727644 0.059112729627981565 0.09579961760869089 0.10455666713551039 0.17480117283386531 0.19175106055055083 0.2770865972541393 0.2951247950533768 0.403051956006533 0.5116610023312758 0.6848688243528318 1.7833276116493644 2.118809361057496 3.029563299378636
1842 22104 -0.9911963317967524 -0.5325712978853501 0.5033401957213596 0.9867038689598335 0.012712502879389263 0.02376094617761221 0.02554253694055572 0.030889797633040356 0.04130682050727644 0.059112729627981565 0.09579961760869089 0.10455666713551039 0.17480117283386531 0.19175106055055083 0.2770865972541393 0.2951247950533768 0.403051956006533 0.5116610023312758 0.6848688243528318 1.7833276116493644 2.118809361057496 3.029563299378636
1843 22116 -0.991444814899145 -0.5275857892843918 0.48153374163850393 0.9870444938934059 0.012712502879389263 0.02376094617761221 0.02554253694055572 0.030889797633040356 0.04130682050727644 0.059112729627981565 0.09579961760869089 0.10455666713551039 0.17480117283386531 0.19175106055055083 0.2770865972541393 0.2951247950533768 0.403051956006533 0.5116610023312758 0.6848688243528318 1.7833276116493644 2.118809361057496 3.029563299378636
1844 22128 -0.9914822315320526 -0.5298566139437163 0.4765363746022567 0.9870185178848578 0.012712502879389263 0.02376094617761221 0.02554253694055572 0.030889797633040356 0.04130682050727644 0.059112729627981565 0.09579961760869089 0.10455666713551039 0.17480117283386531 0.19175106055055083 0.2770865972541393 0.2951247950533768 0.403051956006533 0.5116610023312758 0.6848688243528318 1.7833276116493644 2.118809361057496 3.029563299378636
1845 22140 -0.9914328548606983 -0.5360828178901744 0.4777256774434154 0.9866639468384436 0.012712502879389263 0.02376094617761221 0.02554253694055572 0.030889797633040356 0.04130682050727644 0.059112729627981565 0.09579961760869089 0.10455666713551039 0.17480117283386531 0.19175106055055083 0.2770865972541393 0.2951247950533768 0.403051956006533 0.5116610023312758 0.6848688243528318 1.7833276116493644 2.118809361057496 3.029563299378636
1846 22152 -0.9917524532043307 -0.5285898720001738 0.4701901172366102 0.9868984419303573 0.012712502879389263 0.02376094617761221 0.02554253694055572 0.030889797633040356 0.04130682050727644 0.059112729627981565 0.09579961760869089 0.10455666713551039 0.17480117283386531 0.19175106055055083 0.2770865972541393 0.2951247950533768 0.403051956006533 0.5116610023312758 0.6848688243528318 1.7833276116493644 2.118809361057496 3.029563299378636
1847 22164 -0.9919889828810796 -0.5193148068292593 0.4462403108968572 0.9873990076347067 0.012712502879389263 0.02376094617761221 0.02554253694055572 0.030889797633040356 0.04130682050727644 0.059112729627981565 0.09579961760869089 0.10455666713551039 0.17480117283386531 0.19175106055055083 0.2770865972541393 0.2951247950533768 0.403051956006533 0.5116610023312758 0.6848688243528318 1.7833276116493644 2.118809361057496 3.029563299378636
1848 22176 -0.9922116129564221 -0.5222897256199406 0.45221899924961445 0.9881488098085935 0.012712502879389263 0.02376094617761221 0.02554253694055572 0.030889797633040356 0.04130682050727644 0.059112729627981565 0.09579961760869089 0.10455666713551039 0.17480117283386531 0.19175106055055083 0.2770865972541393 0.2951247950533768 0.403051956006533 0.5116610023312758 0.6848688243528318 1.7833276116493644 2.118809361057496 3.029563299378636
1849 22188 -0.992783131759212 -0.534903377012973 0.4611375586722769 0.9890032053070844 0.012712502879389263 0.02376094617761221 0.02554253694055572 0.030889797633040356 0.04130682050727644 0.059112729627981565 0.09579961760869089 0.10455666713551039 0.17480117283386531 0.19175106055055083 0.2770865972541393 0.2951247950533768 0.403051956006533 0.5116610023312758 0.6848688243528318 1.7833276116493644 2.118809361057496 3.029563299378636
1850 22200 -0.9929335076899891 -0.5285991086576742 0.459427836587367 0.9895760796183228 0.012712502879389263 0.02376094617761221 0.02554253694055572 0.030889797633040356 0.04130682050727644 0.059112729627981565 0.09579961760869089 0.10455666713551039 0.17480117283386531 0.19175106055055083 0.2770865972541393 0.2951247950533768 0.403051956006533 0.5116610023312758 0.6848688243528318 1.7833276116493644 2.118809361057496 3.029563299378636
1851 22212 -0.9930964863118357 -0.5202612495837482 0.47914029516786916 0.9897685432065504 0.012712502879389263 0.02376094617761221 0.02554253694055572 0.030889797633040356 0.04130682050727644 0.059112729627981565 0.09579961760869089 0.10455666713551039 0.17480117283386531 0.19175106055055083 0.2770865972541393 0.2951247950533768 0.403051956006533 0.5116610023312758 0.6848688243528318 1.7833276116493644 2.118809361057496 3.029563299378636
1852 22224 -0.9931828612477609 -0.5220767538125046 0.4834810958202233 0.9898842446101024 0.012712502879389263 0.02376094617761221 0.02554253694055572 0.030889797633040356 0.04130682050727644 0.059112729627981565 0.09579961760869089 0.10455666713551039 0.17480117283386531 0.19175106055055083 0.2770865972541393 0.2951247950533768 0.403051956006533 0.5116610023312758 0.6848688243528318 1.7833276116493644 2.118809361057496 3.029563299378636
1853 22236 -0.9931927759770862 -0.5204906239100809 0.48455894876939754 0.989944929449033 0.012712502879389263 0.02376094617761221 0.02554253694055572 0.030889797633040356 0.04130682050727644 0.059112729627981565 0.09579961760869089 0.10455666713551039 0.17480117283386531 0.19175106055055083 0.2770865972541393 0.2951247950533768 0.403051956006533 0.5116610023312758 0.6848688243528318 1.7833276116493644 2.118809361057496 3.029563299378636
1854 22248 -0.9929547692635623 -0.5226040101004303 0.4780889539317116 0.9898707909384367 0.012712502879389263 0.02376094617761221 0.02554253694055572 0.030889797633040356 0.04130682050727644 0.059112729627981565 0.09579961760869089 0.10455666713551039 0.17480117283386531 0.19175106055055083 0.2770865972541393 0.2951247950533768 0.403051956006533 0.5116610023312758 0.6848688243528318 1.7833276116493644 2.118809361057496 3.029563299378636
1855 22260 -0.9931341485867894 -0.5236173741251144 0.4807264336035821 0.9900187089120764 0.012142355487200813 0.02170132856137184 0.023715481692555346 0.028272730348573763 0.03792605657416027 0.05303541519966229 0.08945633809653548 0.09546478448980023 0.15196544243351656 0.180456635522299 0.25252782422868386 0.2854255977392466 0.3923777739401175 0.5114483174259308 0.6964988441267012 1.6965474093855673 2.1005943387369355 3.095857966351769
1856 22272 -0.9931718496508116 -0.5228289458139177 0.4868413502462604 0.9900241349925999 0.012142355487200813 0.02170132856137184 0.023715481692555346 0.028272730348573763 0.03792605657416027 0.05303541519966229 0.08945633809653548 0.09546478448980023 0.15196544243351656 0.180456635522299 0.25252782422868386 0.2854255977392466 0.3923777739401175 0.5114483174259308 0.6964988441267012 1.6965474093855673 2.1005943387369355 3.095857966351769
1857 22284 -0.9932015544217406 -0.517371609297082 0.4871237479259469 0.9901683802998814 0.012142355487200813 0.02170132856137184 0.023715481692555346 0.028272730348573763 0.03792605657416027 0.05303541519966229 0.08945633809653548 0.09546478448980023 0.15196544243351656 0.180456635522299 0.25252782422868386 0.2854255977392466 0.3923777739401175 0.5114483174259308 0.6964988441267012 1.6965474093855673 2.1005943387369355 3.095857966351769
1858 22296 -0.9929259159878496 -0.5230845170675203 0.4881991225289424 0.990169107358991 0.012142355487200813 0.02170132856137184 0.023715481692555346 0.028272730348573763 0.03792605657416027 0.05303541519966229 0.08945633809653548 0.09546478448980023 0.15196544243351656 0.180456635522299 0.25252782422868386 0.2854255977392466 0.3923777739401175 0.5114483174259308 0.6964988441267012 1.6965474093855673 2.1005943387369355 3.095857966351769
1859 22308 -0.9928273634032595 -0.5290382147765476 0.4923079047945792 0.9900455522198567 0.012142355487200813 0.02170132856137184 0.023715481692555346 0.028272730348573763 0.03792605657416027 0.05303541519966229 0.08945633809653548 0.09546478448980023 0.15196544243351656 0.180456635522299 0.25252782422868386 0.2854255977392466 0.3923777739401175 0.5114483174259308 0.6964988441267012 1.6965474093855673 2.1005943387369355 3.095857966351769
1860 22320 -0.9930116560631157 -0.5382873114015564 0.49831786223458174 0.9900190116182335 0.012142355487200813 0.02170132856137184 0.023715481692555346 0.028272730348573763 0.03792605657416027 0.05303541519966229 0.08945633809653548 0.09546478448980023 0.15196544243351656 0.180456635522299 0.25252782422868386 0.2854255977392466 0.3923777739401175 0.5114483174259308 0.6964988441267012 1.6965474093855673 2.1005943387369355 3.095857966351769
1861 22332 -0.9928886649849791 -0.5365551132957443 0.49849899392087776 0.9898974915421279 0.012142355487200813 0.02170132856137184 0.023715481692555346 0.028272730348573763 0.03792605657416027 0.05303541519966229 0.08945633809653548 0.09546478448980023 0.15196544243351656 0.180456635522299 0.25252782422868386 0.2854255977392466 0.3923777739401175 0.5114483174259308 0.6964988441267012 1.6965474093855673 2.1005943387369355 3.095857966351769
1862 22344 -0.9926182036487531 -0.5325929895758048 0.49178462450163524 0.9896301302733448 0.012142355487200813 0.02170132856137184 0.023715481692555346 0.028272730348573763 0.03792605657416027 0.05303541519966229 0.08945633809653548 0.09546478448980023 0.15196544243351656 0.180456635522299 0.25252782422868386 0.2854255977392466 0.3923777739401175 0.5114483174259308 0.6964988441267012 1.6965474093855673 2.1005943387369355 3.095857966351769
1863 22356 -0.9926364157015889 -0.5408781904991388 0.49489335808031937 0.9900719870207024 0.012142355487200813 0.02170132856137184 0.023715481692555346 0.028272730348573763 0.03792605657416027 0.05303541519966229 0.08945633809653548 0.09546478448980023 0.15196544243351656 0.180456635522299 0.25252782422868386 0.2854255977392466 0.3923777739401175 0.5114483174259308 0.6964988441267012 1.6965474093855673 2.1005943387369355 3.095857966351769
1864 22368 -0.9926813647320581 -0.5443808596267788 0.507206887584013 0.9903557437669978 0.012142355487200813 0.02170132856137184 0.023715481692555346 0.028272730348573763 0.03792605657416027 0.05303541519966229 0.08945633809653548 0.09546478448980023 0.15196544243351656 0.180456635522299 0.25252782422868386 0.2854255977392466 0.3923777739401175 0.5114483174259308 0.6964988441267012 1.6965474093855673 2.1005943387369355 3.095857966351769
1865 22380 -0.9926407921652031 -0.5431876718891789 0.5134578783917516 0.9907950855350498 0.012142355487200813 0.02170132856137184 0.023715481692555346 0.028272730348573763 0.03792605657416027 0.05303541519966229 0.08945633809653548 0.09546478448980023 0.15196544243351656 0.180456635522299 0.25252782422868386 0.2854255977392466 0.3923777739401175 0.5114483174259308 0.6964988441267012 1.6965474093855673 2.1005943387369355 3.095857966351769
1866 22392 -0.992607319704287 -0.5374154574086034 0.5190724250520691 0.9907865072097667 0.012142355487200813 0.02170132856137184 0.023715481692555346 0.028272730348573763 0.03792605657416027 0.05303541519966229 0.08945633809653548 0.09546478448980023 0.15196544243351656 0.180456635522299 0.25252782422868386 0.2854255977392466 0.3923777739401175 0.5114483174259308 0.6964988441267012 1.6965474093855673 2.1005943387369355 3.095857966351769
1867 22404 -0.9925235483179852 -0.5316905773117586 0.5297481217880501 0.9908234107885394 0.012142355487200813 0.02170132856137184 0.023715481692555346 0.028272730348573763 0.03792605657416027 0.05303541519966229 0.08945633809653548 0.09546478448980023 0.15196544243351656 0.180456635522299 0.25252782422868386 0.2854255977392466 0.3923777739401175 0.5114483174259308 0.6964988441267012 1.6965474093855673 2.1005943387369355 3.095857966351769
1868 22416 -0.9925385752918663 -0.5254142463348983 0.5214017149591629 0.9905840995462998 0.012142355487200813 0.02170132856137184 0.023715481692555346 0.028272730348573763 0.03792605657416027 0.05303541519966229 0.08945633809653548 0.09546478448980023 0.15196544243351656 0.180456635522299 0.25252782422868386 0.2854255977392466 0.3923777739401175 0.5114483174259308 0.6964988441267012 1.6965474093855673 2.1005943387369355 3.095857966351769
1869 22428 -0.9925913218347787 -0.522567936132009 0.5211118571473408 0.9906265076864933 0.012142355487200813 0.02170132856137184 0.023715481692555346 0.028272730348573763 0.03792605657416027 0.05303541519966229 0.08945633809653548 0.09546478448980023 0.15196544243351656 0.180456635522299 0.25252782422868386 0.2854255977392466 0.3923777739401175 0.5114483174259308 0.6964988441267012 1.6965474093855673 2.1005943387369355 3.095857966351769
1870 22440 -0.9920128522585301 -0.5245820048308409 0.5123422060558878 0.9904651214641854 0.012142355487200813 0.02170132856137184 0.023715481692555346 0.028272730348573763 0.03792605657416027 0.05303541519966229 0.08945633809653548 0.09546478448980023 0.15196544243351656 0.180456635522299 0.25252782422868386 0.2854255977392466 0.3923777739401175 0.5114483174259308 0.6964988441267012 1.6965474093855673 2.1005943387369355 3.095857966351769
1871 22452 -0.9916810680563206 -0.5193254203582861 0.49650571343289895 0.9902474397809208 0.012142355487200813 0.02170132856137184 0.023715481692555346 0.028272730348573763 0.03792605657416027 0.05303541519966229 0.08945633809653548 0.09546478448980023 0.15196544243351656 0.180456635522299 0.25252782422868386 0.2854255977392466 0.3923777739401175 0.5114483174259308 0.6964988441267012 1.6965474093855673 2.1005943387369355 3.095857966351769
1872 22464 -0.9914164444847658 -0.508261887917035 0.4941424369003211 0.9899572030235597 0.012142355487200813 0.02170132856137184 0.023715481692555346 0.028272730348573763 0.03792605657416027 0.05303541519966229 0.08945633809653548 0.09546478448980023 0.15196544243351656 0.180456635522299 0.25252782422868386 0.2854255977392466 0.3923777739401175 0.5114483174259308 0.6964988441267012 1.6965474093855673 2.1005943387369355 3.095857966351769
1873 22476 -0.9916421250859808 -0.5086889113178652 0.487939499563241 0.9900731594607928 0.012605576231497006 0.02063279838717152 0.023782229676638827 0.02605793778370445 0.03488708982490309 0.05257589305913747 0.08521901278180771 0.09436980855950368 0.1376290507376721 0.17084334610246277 0.2665288987596598 0.27076101636457767 0.3945512459880827 0.5074454000464983 0.7045930041793805 1.7751796856042814 2.051466685311022 3.0848244386451222
1874 22488 -0.9913925886925303 -0.5036030631397395 0.48907868924012454 0.9899232606956595 0.012605576231497006 0.02063279838717152 0.023782229676638827 0.02605793778370445 0.03488708982490309 0.05257589305913747 0.08521901278180771 0.09436980855950368 0.1376290507376721 0.17084334610246277 0.2665288987596598 0.27076101636457767 0.3945512459880827 0.5074454000464983 0.7045930041793805 1.7751796856042814 2.051466685311022 3.0848244386451222
1875 22500 -0.9915690867239699 -0.5055427160426914 0.49147201875100516 0.9899738326364818 0.012605576231497006 0.02063279838717152 0.023782229676638827 0.02605793778370445 0.03488708982490309 0.05257589305913747 0.08521901278180771 0.09436980855950368 0.1376290507376721 0.17084334610246277 0.2665288987596598 0.27076101636457767 0.3945512459880827 0.5074454000464983 0.7045930041793805 1.7751796856042814 2.051466685311022 3.0848244386451222
1876 22512 -0.991646287861805 -0.5115325687483527 0.4746872533471456 0.9900994498479291 0.012605576231497006 0.02063279838717152 0.023782229676638827 0.02605793778370445 0.03488708982490309 0.05257589305913747 0.08521901278180771 0.09436980855950368 0.1376290507376721 0.17084334610246277 0.2665288987596598 0.27076101636457767 0.3945512459880827 0.5074454000464983 0.7045930041793805 1.7751796856042814 2.051466685311022 3.0848244386451222
1877 22524 -0.9918476452286376 -0.517049850594653 0.4791851131899535 0.9902258157956496 0.012605576231497006 0.02063279838717152 0.023782229676638827 0.02605793778370445 0.03488708982490309 0.05257589305913747 0.08521901278180771 0.09436980855950368 0.1376290507376721 0.17084334610246277 0.2665288987596598 0.27076101636457767 0.3945512459880827 0.5074454000464983 0.7045930041793805 1.7751796856042814 2.051466685311022 3.0848244386451222
1878 22536 -0.9921598178763048 -0.5105238321812358 0.4795138525515555 0.9906768128468495 0.012605576231497006 0.02063279838717152 0.023782229676638827 0.02605793778370445 0.03488708982490309 0.05257589305913747 0.08521901278180771 0.09436980855950368 0.1376290507376721 0.17084334610246277 0.2665288987596598 0.27076101636457767 0.3945512459880827 0.5074454000464983 0.7045930041793805 1.7751796856042814 2.051466685311022 3.0848244386451222
1879 22548 -0.9923179308276969 -0.5044346153414245 0.4853224417996991 0.9910073497429414 0.012605576231497006 0.02063279838717152 0.023782229676638827 0.02605793778370445 0.03488708982490309 0.05257589305913747 0.08521901278180771 0.09436980855950368 0.1376290507376721 0.17084334610246277 0.2665288987596598 0.27076101636457767 0.3945512459880827 0.5074454000464983 0.7045930041793805 1.7751796856042814 2.051466685311022 3.0848244386451222
1880 22560 -0.9925015669558748 -0.5081182390925766 0.48371329464056134 0.9912400665350041 0.012605576231497006 0.02063279838717152 0.023782229676638827 0.02605793778370445 0.03488708982490309 0.05257589305913747 0.08521901278180771 0.09436980855950368 0.1376290507376721 0.17084334610246277 0.2665288987596598 0.27076101636457767 0.3945512459880827 0.5074454000464983 0.7045930041793805 1.7751796856042814 2.051466685311022 3.0848244386451222
1881 22572 -0.9925234217694467 -0.49776533127529354 0.4927747772937121 0.9912971928832579 0.012605576231497006 0.02063279838717152 0.023782229676638827 0.02605793778370445 0.03488708982490309 0.05257589305913747 0.08521901278180771 0.09436980855950368 0.1376290507376721 0.17084334610246277 0.2665288987596598 0.27076101636457767 0.3945512459880827 0.5074454000464983 0.7045930041793805 1.7751796856042814 2.051466685311022 3.0848244386451222
1882 22584 -0.9928184715243252 -0.47607939569544894 0.49989006833008587 0.9917908140998315 0.012605576231497006 0.02063279838717152 0.023782229676638827 0.02605793778370445 0.03488708982490309 0.05257589305913747 0.08521901278180771 0.09436980855950368 0.1376290507376721 0.17084334610246277 0.2665288987596598 0.27076101636457767 0.3945512459880827 0.5074454000464983 0.7045930041793805 1.7751796856042814 2.051466685311022 3.0848244386451222
1883 22596 -0.993089904017984 -0.477316259135774 0.519342630048533 0.992008639274043 0.012605576231497006 0.02063279838717152 0.023782229676638827 0.02605793778370445 0.03488708982490309 0.05257589305913747 0.08521901278180771 0.09436980855950368 0.1376290507376721 0.17084334610246277 0.2665288987596598 0.27076101636457767 0.3945512459880827 0.5074454000464983 0.7045930041793805 1.7751796856042814 2.051466685311022 3.0848244386451222
1884 22608 -0.9929911737047986 -0.47159308051591653 0.5299846405553212 0.9922096174358297 0.012605576231497006 0.02063279838717152 0.023782229676638827 0.02605793778370445 0.03488708982490309 0.05257589305913747 0.08521901278180771 0.09436980855950368 0.1376290507376721 0.17084334610246277 0.2665288987596598 0.27076101636457767 0.3945512459880827 0.5074454000464983 0.7045930041793805 1.7751796856042814 2.051466685311022 3.0848244386451222
1885 22620 -0.9929065971163472 -0.47094403492532355 0.5359442503318486 0.9922778544044922 0.012605576231497006 0.02063279838717152 0.023782229676638827 0.02605793778370445 0.03488708982490309 0.05257589305913747 0.08521901278180771 0.09436980855950368 0.1376290507376721 0.17084334610246277 0.2665288987596598 0.27076101636457767 0.3945512459880827 0.5074454000464983 0.7045930041793805 1.7751796856042814 2.051466685311022 3.0848244386451222
1886 22632 -0.9929387814031846 -0.48224269388279195 0.5291354116503143 0.9922819830070367 0.012605576231497006 0.02063279838717152 0.023782229676638827 0.02605793778370445 0.03488708982490309 0.05257589305913747 0.08521901278180771 0.09436980855950368 0.1376290507376721 0.17084334610246277 0.2665288987596598 0.27076101636457767 0.3945512459880827 0.5074454000464983 0.7045930041793805 1.7751796856042814 2.051466685311022 3.0848244386451222
1887 22644 -0.9931027380531071 -0.48382597107773073 0.5355856125016301 0.9924643525767041 0.012605576231497006 0.02063279838717152 0.023782229676638827 0.02605793778370445 0.03488708982490309 0.05257589305913747 0.08521901278180771 0.09436980855950368 0.1376290507376721 0.17084334610246277 0.2665288987596598 0.27076101636457767 0.3945512459880827 0.5074454000464983 0.7045930041793805 1.7751796856042814 2.051466685311022 3.0848244386451222
1888 22656 -0.9930699473940724 -0.4819571918016099 0.5402871314226336 0.9925248241305803 0.012605576231497006 0.02063279838717152 0.023782229676638827 0.02605793778370445 0.03488708982490309 0.05257589305913747 0.08521901278180771 0.09436980855950368 0.1376290507376721 0.17084334610246277 0.2665288987596598 0.27076101636457767 0.3945512459880827 0.5074454000464983 0.7045930041793805 1.7751796856042814 2.051466685311022 3.0848244386451222
1889 22668 -0.9931964714012826 -0.4763787874555744 0.538385486156135 0.9927485487345153 0.012605576231497006 0.02063279838717152 0.023782229676638827 0.02605793778370445 0.03488708982490309 0.05257589305913747 0.08521901278180771 0.09436980855950368 0.1376290507376721 0.17084334610246277 0.2665288987596598 0.27076101636457767 0.3945512459880827 0.5074454000464983 0.7045930041793805 1.7751796856042814 2.051466685311022 3.0848244386451222
1890 22680 -0.9933119816815418 -0.4789865422414021 0.5398980852944548 0.9930339836198828 0.012605576231497006 0.02063279838717152 0.023782229676638827 0.02605793778370445 0.03488708982490309 0.05257589305913747 0.08521901278180771 0.09436980855950368 0.1376290507376721 0.17084334610246277 0.2665288987596598 0.27076101636457767 0.3945512459880827 0.5074454000464983 0.7045930041793805 1.7751796856042814 2.051466685311022 3.0848244386451222
1891 22692 -0.9933492469229174 -0.47523823341672067 0.5378413433313722 0.9932375077446789 0.012329284492998692 0.016911429556074473 0.02155091780115205 0.025806487976774303 0.03059699009529013 0.04476834708264335 0.07540995096108695 0.08838645224831383 0.12398651108212255 0.14167860732500717 0.2265961461385739 0.24850447453268032 0.35076354351637995 0.4946620625674566 0.6929546864863808 1.6877955931725446 2.027205402236649 3.166594239042538
1892 22704 -0.993666889591238 -0.4691861038781141 0.5302722485739523 0.9935572194767645 0.012329284492998692 0.016911429556074473 0.02155091780115205 0.025806487976774303 0.03059699009529013 0.04476834708264335 0.07540995096108695 0.08838645224831383 0.12398651108212255 0.14167860732500717 0.2265961461385739 0.24850447453268032 0.35076354351637995 0.4946620625674566 0.6929546864863808 1.6877955931725446 2.027205402236649 3.166594239042538
1893 22716 -0.9938034996338991 -0.47552149075942063 0.5304251036967271 0.9938520294245367 0.012329284492998692 0.016911429556074473 0.02155091780115205 0.025806487976774303 0.03059699009529013 0.04476834708264335 0.07540995096108695 0.08838645224831383 0.12398651108212255 0.14167860732500717 0.2265961461385739 0.24850447453268032 0.35076354351637995 0.4946620625674566 0.6929546864863808 1.6877955931725446 2.027205402236649 3.166594239042538
1894 22728 -0.9939256302422916 -0.4738555485159177 0.536395591977458 0.9939520091736427 0.012329284492998692 0.016911429556074473 0.02155091780115205 0.025806487976774303 0.03059699009529013 0.04476834708264335 0.07540995096108695 0.08838645224831383 0.12398651108212255 0.14167860732500717 0.2265961461385739 0.24850447453268032 0.35076354351637995 0.4946620625674566 0.6929546864863808 1.6877955931725446 2.027205402236649 3.166594239042538
1895 22740 -0.9940146372218192 -0.4707113185578202 0.5389489775225687 0.9940400776851277 0.012329284492998692 0.016911429556074473 0.02155091780115205 0.025806487976774303 0.03059699009529013 0.04476834708264335 0.07540995096108695 0.08838645224831383 0.12398651108212255 0.14167860732500717 0.2265961461385739 0.24850447453268032 0.35076354351637995 0.4946620625674566 0.6929546864863808 1.6877955931725446 2.027205402236649 3.166594239042538
1896 22752 -0.9941460242254547 -0.4499926213743869 0.5397305509404988 0.9939576201137084 0.012329284492998692 0.016911429556074473 0.02155091780115205 0.025806487976774303 0.03059699009529013 0.04476834708264335 0.07540995096108695 0.08838645224831383 0.12398651108212255 0.14167860732500717 0.2265961461385739 0.24850447453268032 0.35076354351637995 0.4946620625674566 0.6929546864863808 1.6877955931725446 2.027205402236649 3.166594239042538
1897 22764 -0.9938963633710652 -0.45658242856491565 0.5286563001362051 0.9939053612807748 0.012329284492998692 0.016911429556074473 0.02155091780115205 0.025806487976774303 0.03059699009529013 0.04476834708264335 0.07540995096108695 0.08838645224831383 0.12398651108212255 0.14167860732500717 0.2265961461385739 0.24850447453268032 0.35076354351637995 0.4946620625674566 0.6929546864863808 1.6877955931725446 2.027205402236649 3.166594239042538
1898 22776 -0.993894189356297 -0.45231692982403504 0.5221217640256476 0.9939554358706447 0.012329284492998692 0.016911429556074473 0.02155091780115205 0.025806487976774303 0.03059699009529013 0.04476834708264335 0.07540995096108695 0.08838645224831383 0.12398651108212255 0.14167860732500717 0.2265961461385739 0.24850447453268032 0.35076354351637995 0.4946620625674566 0.6929546864863808 1.6877955931725446 2.027205402236649 3.166594239042538
1899 22788 -0.9939407784170123 -0.4523002157739103 0.517005797022291 0.9941578174085783 0.012329284492998692 0.016911429556074473 0.02155091780115205 0.025806487976774303 0.03059699009529013 0.04476834708264335 0.07540995096108695 0.08838645224831383 0.12398651108212255 0.14167860732500717 0.2265961461385739 0.24850447453268032 0.35076354351637995 0.4946620625674566 0.6929546864863808 1.6877955931725446 2.027205402236649 3.166594239042538
1900 22800 -0.9941296273711218 -0.4425246391785515 0.5216034778678195 0.9942302161641007 0.012329284492998692 0.016911429556074473 0.02155091780115205 0.025806487976774303 0.03059699009529013 0.04476834708264335 0.07540995096108695 0.08838645224831383 0.12398651108212255 0.14167860732500717 0.2265961461385739 0.24850447453268032 0.35076354351637995 0.4946620625674566 0.6929546864863808 1.6877955931725446 2.027205402236649 3.166594239042538
1901 22812 -0.9940768525381795 -0.44065588531904115 0.5227550456567409 0.9942253656954435 0.012329284492998692 0.016911429556074473 0.02155091780115205 0.025806487976774303 0.03059699009529013 0.04476834708264335 0.07540995096108695 0.08838645224831383 0.12398651108212255 0.14167860732500717 0.2265961461385739 0.24850447453268032 0.35076354351637995 0.4946620625674566 0.6929546864863808 1.6877955931725446 2.027205402236649 3.166594239042538
1902 22824 -0.9941066981077088 -0.44086430568329704 0.5219467140261734 0.9943209413777759 0.012329284492998692 0.016911429556074473 0.02155091780115205 0.025806487976774303 0.03059699009529013 0.04476834708264335 0.07540995096108695 0.08838645224831383 0.12398651108212255 0.14167860732500717 0.2265961461385739 0.24850447453268032 0.35076354351637995 0.4946620625674566 0.6929546864863808 1.6877955931725446 2.027205402236649 3.166594239042538
1903 22836 -0.9938989488392468 -0.45124228612345674 0.5212824524064343 0.994056924927025 0.012329284492998692 0.016911429556074473 0.02155091780115205 0.025806487976774303 0.03059699009529013 0.04476834708264335 0.07540995096108695 0.08838645224831383 0.12398651108212255 0.14167860732500717 0.2265961461385739 0.24850447453268032 0.35076354351637995 0.4946620625674566 0.6929546864863808 1.6877955931725446 2.027205402236649 3.166594239042538
1904 22848 -0.993838124845519 -0.4447806549875574 0.5167685814581802 0.9940280052480953 0.012329284492998692 0.016911429556074473 0.02155091780115205 0.025806487976774303 0.03059699009529013 0.04476834708264335 0.07540995096108695 0.08838645224831383 0.12398651108212255 0.14167860732500717 0.2265961461385739 0.24850447453268032 0.35076354351637995 0.4946620625674566 0.6929546864863808 1.6877955931725446 2.027205402236649 3.166594239042538
1905 22860 -0.9937507866167838 -0.4448399232727401 0.502494001390667 0.9941501300606483 0.012329284492998692 0.016911429556074473 0.02155091780115205 0.025806487976774303 0.03059699009529013 0.04476834708264335 0.07540995096108695 0.08838645224831383 0.12398651108212255 0.14167860732500717 0.2265961461385739 0.24850447453268032 0.35076354351637995 0.4946620625674566 0.6929546864863808 1.6877955931725446 2.027205402236649 3.166594239042538
