% # columns="iteration, evaluation, sigma, max axis length,  min axis length, all principal axes lengths  (sorted square roots of eigenvalues of C)", seed=414859, Sat May  9 10:18:14 2026
1 12 0.941436949544552 1.0000472233372089 1.0 1.0 1.0000027777816358 1.0000055555709877 1.0000083333680556 1.0000111111728396 1.00001388898534 1.0000166668055563 1.000019444633489 1.0000222224691375 1.0000250003125026 1.0000277781635838 1.0000305560223812 1.0000333338888951 1.0000361117631251 1.0000388896450716 1.0000416675347343 1.0000444454321133 1.0000472233372089
2 24 0.9130541199813171 1.0486264675959323 0.9484564276805204 0.9484564276805204 0.9622715207726228 0.9732856204646416 0.9865404084092062 0.9950110335179372 0.9993484134046376 1.0000141501081663 1.0000184144857416 1.0000203323443786 1.0000263317730025 1.0000337848850263 1.000040365251757 1.000287583491702 1.002981782891405 1.0034577515858536 1.013747027978641 1.01976842991618 1.0486264675959323
3 36 0.9207232027984474 1.0697632704318045 0.9322831476910637 0.9322831476910637 0.9505400066459112 0.9530450123220451 0.9760274973253482 0.977545546814274 0.9837198536114213 0.9896763232518179 0.9974575732566198 0.9982390422480233 0.9993265400910151 1.001141050414824 1.0016075580870956 1.005829838944565 1.0081446604534687 1.0143464810039042 1.0162917999865864 1.034411576064789 1.0697632704318045
4 48 0.9121585917441865 1.1012283202610929 0.9205643332040145 0.9205643332040145 0.9312773380415816 0.9383378699557814 0.9704555145020171 0.9768863358802723 0.9805722645702183 0.9850876755978569 0.9890471514423648 0.995731320146399 0.9984043359189642 0.9996937473479774 1.0013755567630296 1.0049166359530397 1.0092649582033724 1.0197567832564605 1.0255179574777877 1.0438770872271814 1.1012283202610929
5 60 0.9002084147166015 1.101232621823081 0.91132719984577 0.91132719984577 0.926700026659841 0.9314243371312597 0.9541657961430435 0.9644760638625424 0.9763111216179106 0.9810033403167134 0.9843705238234322 0.9941626681267604 0.995987986783956 1.0014784618841686 1.0053909954290232 1.010758573133459 1.0137417209612527 1.0231171413534865 1.034492370773434 1.0553580611433047 1.101232621823081
6 72 0.866923709151077 1.1330453051465381 0.9046194351078743 0.9046194351078743 0.9156326838069135 0.927650805421368 0.938160034790951 0.9513952533224196 0.9682358164548298 0.9778565045494211 0.984727999830796 0.9864623535237128 0.989037385216712 1.0005940208698219 1.0061422547599865 1.010021441023453 1.0135628557831065 1.022032086404272 1.0286683695563248 1.076841424924587 1.1330453051465381
7 84 0.8516608645015721 1.1387019550736281 0.8986052448615603 0.8986052448615603 0.913219707946304 0.9162782437867377 0.9308031820076009 0.9453643841012402 0.9565606345822065 0.9688012741786588 0.9828076551300996 0.9874709196460096 0.9953044800446972 1.0019490479491875 1.0044716416328052 1.0113185635397546 1.0143698635722873 1.0237422796048796 1.0321352360638472 1.0780589693389513 1.1387019550736281
8 96 0.8092905505235543 1.1529889449050512 0.8856521333863002 0.8856521333863002 0.8955098976515309 0.918799329083305 0.9225084177062395 0.9398185028081429 0.9565851486071717 0.9625924478711407 0.9821821753290932 0.9861711524436136 0.9923442816797425 0.9972566382007548 1.0010844529755376 1.007337134462559 1.019858116321685 1.0210860064986362 1.0413779055074506 1.0961470542325114 1.1529889449050512
9 108 0.823430719514158 1.1618854993728283 0.8736807574012371 0.8736807574012371 0.8845004827974372 0.9037333567364961 0.9224429221627626 0.9401046996443944 0.9418076063159659 0.9516720143939796 0.9776855333409851 0.9844925746663808 0.9911051195619542 0.9956589926882914 1.0005537085579685 1.0054383425309807 1.0156890008604709 1.0236131516838511 1.0428521364139478 1.0982678843645612 1.1618854993728283
10 120 0.8411667373692909 1.1916106997461657 0.8426059730531579 0.8426059730531579 0.8856126381195513 0.8975855140169297 0.9148180314636352 0.931288182584264 0.9412999298077405 0.9535648974633075 0.9729984818673263 0.9811032128333421 0.9871803710301388 0.9949957064817592 0.9956314266545535 1.011118535492593 1.026431143526849 1.0339191419422655 1.0425855838830964 1.1270157689320799 1.1916106997461657
11 132 0.8402110352231198 1.2204036811309567 0.8250729633374415 0.8250729633374415 0.8843343055739116 0.9016585638701317 0.920291679435043 0.9265356392667977 0.933800899753846 0.9434984933177488 0.9552783774628535 0.980121822658245 0.984015569113383 0.9960792776129879 0.9980043563143031 1.0089093190552303 1.0236412137073492 1.0362549176272668 1.0485944731397336 1.1290082844585914 1.2204036811309567
12 144 0.8633322226682161 1.2344152312157735 0.8229016083520518 0.8229016083520518 0.8727616344743699 0.9018505367921542 0.9162173647121743 0.9242718601401912 0.9277714287373361 0.940411390250371 0.9527384103692107 0.9748523643351373 0.9821401708165249 0.9921828071540796 0.9950910398947507 1.013270400182307 1.0216830830462642 1.0415381090034277 1.0587152957914143 1.1153158680910256 1.2344152312157735
13 156 0.8620575607396258 1.2544487404433096 0.820546326677734 0.820546326677734 0.8600624484597479 0.8952295431167897 0.9052571031727971 0.9192124386260219 0.9238838232712322 0.9414082911993709 0.9458081184429937 0.9740110413149173 0.981703378310317 0.9929567545030654 1.005482072829243 1.0109246791559652 1.0191967348439055 1.0389915663835623 1.0768447360263473 1.1183529336684968 1.2544487404433096
14 168 0.8336876661797917 1.275018099820491 0.8017701915520812 0.8017701915520812 0.8591808882513794 0.8880513607332289 0.8980843690797958 0.9167083912223033 0.9248800225161408 0.9404751202174118 0.9492827100383628 0.9732345724061081 0.9757232376079089 0.9854108658935079 1.005251027476738 1.0114597748203922 1.0179855978535146 1.0394110672195385 1.0828562296130293 1.1203382229888652 1.275018099820491
15 180 0.8324007700442919 1.2697115021494925 0.7887355540397981 0.7887355540397981 0.8505618372351752 0.8858023731243065 0.8938265537406558 0.905688655035494 0.9205071004829724 0.9398763500545871 0.947885402041194 0.9642785099047185 0.9724851599305316 0.9898079808139537 1.0062777944134949 1.0103854994364487 1.0248254643340489 1.0459525047150429 1.0786577105094874 1.1270696242491092 1.2697115021494925
16 192 0.7984393444337381 1.266719576940494 0.7801324195462338 0.7801324195462338 0.8521203476086129 0.8838868235168943 0.8935645430177539 0.9115947885213587 0.9205464160467737 0.9349289531861062 0.9509931694354052 0.9589511459077612 0.962343650480347 0.9788835577030873 0.9996799627241283 1.0063345509603012 1.039117780554782 1.0493816417910866 1.0948234878897884 1.1324187861427337 1.266719576940494
17 204 0.7653394985492777 1.2742078046789633 0.7668146270873178 0.7668146270873178 0.8504317984310817 0.8706913500689852 0.8886402781391124 0.9084606290774788 0.915648998405002 0.9199985258639853 0.9559055833418912 0.959296838331154 0.9663523602075993 0.989628559638433 0.9992278257024878 1.0045225075178348 1.037254841925051 1.0514910955532548 1.1055904526504636 1.1283767239250033 1.2742078046789633
18 216 0.7416064041033528 1.2712384159538672 0.7556983429994976 0.7556983429994976 0.8447504998610891 0.8699914310117892 0.8772819065046915 0.9027364113606194 0.9165943383437263 0.9169847977284944 0.947493986666799 0.961423481580201 0.9667792011089498 0.9790182014151582 0.9966380478027341 1.0155432369461774 1.034469426400264 1.0520782892031046 1.1106187543549002 1.1391895208802973 1.2712384159538672
19 228 0.6975794766056651 1.2606579770953739 0.7537852797001009 0.7537852797001009 0.8317751777363925 0.8674635900358264 0.8828650608604572 0.896571761125998 0.9098308274272614 0.9158102139236854 0.9439930333293626 0.9577007130240117 0.9651340423777959 0.972886878925262 0.9964976134204118 1.024846231623921 1.0278663223583118 1.0530929294891949 1.1010222455730974 1.1265445712775992 1.2606579770953739
20 240 0.6807939601265293 1.2592825044315632 0.7421163416456421 0.7421163416456421 0.8198074522229252 0.8592105250354724 0.877301067427966 0.8954317729718014 0.9073618613691599 0.9174345236342699 0.9389992244608629 0.9401011233175955 0.9665483005819435 0.9697349848615262 1.0018523261437902 1.0243265587442982 1.0307012885936149 1.0511014925259268 1.0978799970983708 1.1245814166129116 1.2592825044315632
21 252 0.6689703535051449 1.2624955830680697 0.7386391648299867 0.7386391648299867 0.8189504639526631 0.8536188585369835 0.862235949639199 0.8953962879913265 0.9017522042416667 0.9179611571652331 0.9334366958767596 0.9448495817070957 0.9593223190025542 0.9749669799459245 1.00394214366597 1.0297720163934003 1.0376147980047825 1.0597712276719964 1.0911141957701334 1.1279941735722765 1.2624955830680697
22 264 0.6793981996134533 1.2654374631890375 0.7315861391149339 0.7315861391149339 0.8217976135982441 0.8438173303029431 0.8586087091602168 0.8879683659925676 0.8970486410741472 0.9230872757117272 0.9283460358179627 0.9427640735188001 0.9623683564825909 0.9778598900998285 1.0053394334214627 1.00740700917894 1.0368180462672165 1.061311959324104 1.0889355557040667 1.125368404211526 1.2654374631890375
23 276 0.6718322057895943 1.2675991525568708 0.713387078588569 0.713387078588569 0.8146848250266587 0.840534660506565 0.8573071433187998 0.8861031647625083 0.900574272564237 0.9130349771302297 0.931702443026719 0.9470011028811941 0.9586620469102352 0.9752928130468886 0.9974260361765214 1.0062651117593435 1.0395155108112122 1.0674472978711762 1.1058039977912677 1.1242856390914386 1.2675991525568708
24 288 0.693060709043822 1.275963755953335 0.7086125753635795 0.7086125753635795 0.8058702684297475 0.8355454650175556 0.8584026601933927 0.8795913365763207 0.8933897987776425 0.9154680865221749 0.9295012217434536 0.9453728536626909 0.9568404407593684 0.9725045353996409 0.9930543770097752 1.0126716198416097 1.0333883379706144 1.0711798714474727 1.1015429320524261 1.1297510443097232 1.275963755953335
25 300 0.7034230591509458 1.27066250599164 0.7081569568183345 0.7081569568183345 0.7997086855483978 0.8313646526670696 0.8556997175734004 0.8743008781870576 0.8931266199805779 0.9153588690737765 0.9343366715107875 0.9484950489373701 0.9516732902919243 0.9659200032675554 0.9948401534551526 1.0037037143585696 1.0454858109446241 1.0677758147287268 1.102968329252761 1.171181143898044 1.27066250599164
26 312 0.6973686367764573 1.2833531051760574 0.6984461314990346 0.6984461314990346 0.7873564489018976 0.8298561958759768 0.8480473781412445 0.8706288951862949 0.8905902065917016 0.9100335076459558 0.9315568982883456 0.9462829091308157 0.9525972082514711 0.965727416490929 0.9895727302260452 1.0056899064297307 1.0468747016170827 1.0676631316014726 1.1036317109645373 1.2046451918621792 1.2833531051760574
27 324 0.6841058927663592 1.2888152834589792 0.6885066596150436 0.6885066596150436 0.7755075620097412 0.8172841406867333 0.8427824211754418 0.868081412452357 0.8892729335923958 0.9121153721994898 0.924193066578348 0.9493326851210128 0.952911598116568 0.9747460926655848 0.9942987335014845 1.0046959101734736 1.0568284078275718 1.075800318933557 1.0977337362451092 1.2009723058810604 1.2888152834589792
28 336 0.6723919609855503 1.2915229129922423 0.6837768860520428 0.6837768860520428 0.777438578924488 0.8083501382179125 0.8380225179890197 0.8665007231036551 0.8930007618614209 0.9081784070375108 0.9199694560499766 0.9455430057945897 0.9559282153743406 0.9690639670822999 0.9898740191749057 1.0065794019795673 1.050728657119685 1.0798717141852756 1.0891516151766323 1.2031266178652362 1.2915229129922423
29 348 0.6770351293110758 1.2981397858539347 0.6810683103742592 0.6810683103742592 0.7751866344421876 0.8091307378363568 0.8360086492125575 0.8673451567382311 0.8762252321668029 0.9064645311813514 0.9162380267073258 0.9445181536443871 0.9575863881482045 0.9687880598005766 0.9760304198279939 1.0011898882600851 1.0418746262780196 1.0829985341489716 1.0907148159806392 1.2003210430784832 1.2981397858539347
30 360 0.6933719256957821 1.3320594113560322 0.6786838460635729 0.6786838460635729 0.7737827228698771 0.7959919385179794 0.8306317847408303 0.8608023843178921 0.8680996219557557 0.9016685583541852 0.9124966564876227 0.9395400052059324 0.9515349104059497 0.9558622029224362 0.9779703121428518 0.9882414755099761 1.050983881489403 1.0848969207474761 1.0955109454962821 1.2045635383383426 1.3320594113560322
31 372 0.7156506823957615 1.3445838483924584 0.6757034571743854 0.6757034571743854 0.7668324589871321 0.7887945476421581 0.8301437293651531 0.8446400895548202 0.8671965407563208 0.8997590347543537 0.9029980231211364 0.9312154855774876 0.9515432986191588 0.9575520423806557 0.9705866021221461 0.9887836602983759 1.0530126056187343 1.0824959801652132 1.1195968763415995 1.2130002263706936 1.3445838483924584
32 384 0.7274850684100151 1.3516568970851377 0.6593187096778965 0.6593187096778965 0.7640581281405514 0.7837261706828585 0.8248330283242916 0.8401829871266508 0.866829249742972 0.8905967287881866 0.9020976783554328 0.9272690524201128 0.9446051679846809 0.9609717553770264 0.9821957327018059 0.9956139467378824 1.0583433485576663 1.0844917604230322 1.1281712834720257 1.2254685815441246 1.3516568970851377
33 396 0.7240750874222126 1.3775067157915108 0.6608446293701291 0.6608446293701291 0.7565007453916321 0.7843430450527383 0.8227011961667169 0.8336564551664408 0.8637104562843869 0.8803613240617143 0.8980983782343128 0.9217846759303743 0.9419730877027349 0.9561264535093866 0.9810823385552874 1.0050349978180038 1.0644988949205765 1.0943314550459802 1.1282370976420917 1.2535209705982977 1.3775067157915108
34 408 0.718026438282608 1.3972784201490567 0.6493133938764266 0.6493133938764266 0.7499880297705168 0.781833660743491 0.8271604701326325 0.8319163707339075 0.8605422175076578 0.8776748183930663 0.8964971209701883 0.924626018160928 0.9325349535891031 0.9466352022699371 0.9738506480422441 1.009625822415179 1.07321993211923 1.0963950569054104 1.1295536083916975 1.262984120225527 1.3972784201490567
35 420 0.7109387075084478 1.3875829252372722 0.6444966298046702 0.6444966298046702 0.745190936828264 0.7782929720770524 0.8165479781275627 0.8307766682951373 0.8548106002728973 0.8750207030623602 0.9096012667055141 0.9209283357107869 0.930539645084184 0.9462353211621424 0.965300459886485 1.0131360445904012 1.0691238779537715 1.0912278969877212 1.1242442715093839 1.2652920668278234 1.3875829252372722
36 432 0.7061471267164433 1.4025309876624443 0.6363017584118319 0.6363017584118319 0.7407663219515754 0.7776181875010685 0.7984083397390827 0.8338204033949086 0.8559192756951336 0.8741228505729497 0.9089365238612024 0.9159129899638132 0.9364778855317204 0.9434257973273023 0.9619427541961592 1.0167997510904183 1.0630867110201607 1.093579593052434 1.1454840188653634 1.2636171433953762 1.4025309876624443
37 444 0.7046782931612915 1.3964659532715817 0.6332627377518417 0.6332627377518417 0.7321055503290931 0.7745403595807193 0.7951001629372085 0.8340230163685886 0.8469675749741385 0.8717223798793742 0.9061234370183027 0.9178968075096795 0.9300991978999953 0.9463426656314808 0.9512592695435798 1.0182047458278107 1.0591877696583574 1.0934715231190633 1.149909233517755 1.2624489258809741 1.3964659532715817
38 456 0.7050895883279292 1.390984349959472 0.6202209518404841 0.6202209518404841 0.7304307597999671 0.7704599349208389 0.79445290215693 0.8295886125915379 0.8428130634553349 0.8729936307746187 0.9065431045694908 0.910991865129306 0.9260102700469639 0.9513206422142161 0.9524529976046041 1.0242925558689882 1.0560283264411439 1.0885563267084815 1.150967069208498 1.2746483161377995 1.390984349959472
39 468 0.7062253522654218 1.3877121699757666 0.6121294959940746 0.6121294959940746 0.7233295676494853 0.7559919947900949 0.79500005722153 0.8308432415521152 0.8434383614706614 0.8716683943152687 0.9040165281118125 0.9132612220454359 0.9283764691475935 0.953208979945602 0.9701584700816669 1.0255067068093673 1.0694533188023674 1.0978592194654917 1.1539911598650154 1.2736974239029888 1.3877121699757666
40 480 0.7130803795223866 1.3868318354700548 0.5978506216439543 0.5978506216439543 0.7203970939789865 0.7550075780711271 0.7857082189050695 0.8325613005010482 0.8414070136189888 0.8717329994278235 0.8934211075911038 0.9091110235511148 0.9394627187680671 0.9448679661011384 0.9784741979040726 1.0264595637376992 1.069116348315277 1.102607623729821 1.161270472440192 1.2586246510540562 1.3868318354700548
41 492 0.7044914476791974 1.3752222481771978 0.5968753686731637 0.5968753686731637 0.7127762044268832 0.7517900867991537 0.7841504086814898 0.8327570135181132 0.8372043805849296 0.8660502725963828 0.8780025224308612 0.9084183424079347 0.9390356882086882 0.9434019569075025 0.9793946839713819 1.0233575007087257 1.0674080644491617 1.1202518393963998 1.1718768227964664 1.252059839382461 1.3752222481771978
42 504 0.6944113217284247 1.3706364869586265 0.5896933597011833 0.5896933597011833 0.7130045978576139 0.7466772437585097 0.7755829451492263 0.833205847876963 0.8360513173700388 0.8658192553392183 0.8823315161908233 0.9083663033984621 0.9236494278364881 0.9344671501010027 0.9834032302869677 1.027961083775404 1.0671042914289923 1.1218401812780414 1.1712510934840619 1.2499159816198784 1.3706364869586265
43 516 0.6482697187671671 1.3597101484532372 0.5788026975244506 0.5788026975244506 0.70506886080585 0.7461528979909996 0.7855339107476451 0.8178213887995396 0.838094442828176 0.8610241197190149 0.8744335241560262 0.909932817330825 0.9257079683876733 0.9399901306324235 0.981406530215211 1.0216169246908402 1.068277967253785 1.114010060063321 1.1945316862507616 1.2491796648259366 1.3597101484532372
44 528 0.6117376059816619 1.3475756573651063 0.5715932003964341 0.5715932003964341 0.706893522881044 0.7418655830115544 0.7848190251384461 0.816544329789675 0.8438363289137101 0.858563671426842 0.8694294208116974 0.8905213763027963 0.9220623882906916 0.9381912043242668 0.9799312925087912 1.012104967902703 1.0743331227483606 1.1116197085178094 1.1987029521209156 1.2505844287432644 1.3475756573651063
45 540 0.5890081527923242 1.3473243078514894 0.5675670164710231 0.5675670164710231 0.7056804385892426 0.7414880331917334 0.7860184472914773 0.8040993599679647 0.8425209718728792 0.8497864140102863 0.8637212272554711 0.8909615151204713 0.9244438331739533 0.9310709457533514 0.9829787842043409 1.0111646536352785 1.0655307593925187 1.1108703946471474 1.197788475466827 1.2459321744329654 1.3473243078514894
46 552 0.5468332416363029 1.349479791185784 0.5596406207211218 0.5596406207211218 0.7001607259716727 0.7433682037915984 0.7671913427129212 0.8083911299712425 0.8410536774959693 0.852963659072954 0.86400480015852 0.8799941919806773 0.9174531645768474 0.9430977052846626 0.9704884375207414 1.0232018599589332 1.0638350829164367 1.1196477680200412 1.1957555186488016 1.2665249507834166 1.349479791185784
47 564 0.520490181947533 1.3420775018837579 0.5543038502951807 0.5543038502951807 0.7007984738009776 0.7312813224851007 0.7644372098546383 0.8077747322557846 0.8411609280491479 0.846622599240043 0.8593694724768632 0.8739754600330925 0.9149799163727567 0.9425224925836457 0.9698235942573098 1.0248512182289526 1.0622808533239112 1.1161608050552327 1.1979253684028417 1.258601635517543 1.3420775018837579
48 576 0.4928609234760625 1.3390110231547616 0.5414267481175845 0.5414267481175845 0.696138139048802 0.7298953434757491 0.7572945193562152 0.799150062237359 0.838713304545321 0.8420195488472545 0.8642368234404972 0.8743495728217908 0.9136303912000562 0.9486129456038835 0.972281675412642 1.0261984291738484 1.0622734727941436 1.1206635699123662 1.1924293592932835 1.253635760213001 1.3390110231547616
49 588 0.4742366930351467 1.3307442913177303 0.5389472620002177 0.5389472620002177 0.6911257693119218 0.7181135861168426 0.7560721848819661 0.7990426790499394 0.8323210271453922 0.8414120815132194 0.8656890164218372 0.8707223473870265 0.8971650517720883 0.959055851940699 0.9738154794975247 1.0290231763885926 1.0608924554667114 1.1183336818610379 1.185853532009286 1.2510634780684518 1.3307442913177303
50 600 0.45408249993761035 1.3380843377225091 0.530200695035659 0.530200695035659 0.6825851263344598 0.7166927927154582 0.7539389929917402 0.7948715520779102 0.8329262554384913 0.8407585690816118 0.8635893051058884 0.8699092054598944 0.9003971401021088 0.9628314538450272 0.9773217385795087 1.0255003791114343 1.0716563169334616 1.1184471525618422 1.1731493549334013 1.2477891757307276 1.3380843377225091
51 612 0.422395494692982 1.3188207992491334 0.5196873578275026 0.5196873578275026 0.6786297462070088 0.7135017119283352 0.7492270727367945 0.7915150855576593 0.825961677698907 0.8435330498340894 0.8621671903421559 0.8725987998889554 0.9047094699845015 0.9531825509825722 0.9768243090421942 1.0357247338871902 1.0695922706471581 1.117948486384816 1.1643155504759082 1.2562171387069399 1.3188207992491334
52 624 0.40219805066873904 1.3227306319862384 0.5102921826341495 0.5102921826341495 0.6771166443777434 0.7141676446637045 0.7450105116777839 0.7903034023611712 0.821795196389101 0.8374843845860838 0.8548155732737441 0.8713062084603175 0.9034994498088524 0.9502325850035948 0.9778535211373948 1.032245326900269 1.0706258716748485 1.118397616573584 1.161988845519119 1.260992069678195 1.3227306319862384
53 636 0.38702057695257175 1.31418046778567 0.5014856388583516 0.5014856388583516 0.6661291381448613 0.7127857392866811 0.7420785913731945 0.7951029345376781 0.8238325979685845 0.837338867783797 0.8481111387769776 0.8701971516229274 0.9057116652631029 0.9499178217618214 0.972186743343989 1.0333035880595967 1.0703888550372531 1.119722724020347 1.1645128461972967 1.2551861759318674 1.31418046778567
54 648 0.38703357563705354 1.316292437311809 0.49362472164513305 0.49362472164513305 0.6648971898959288 0.7105481322964642 0.7335678104922825 0.7928510177734621 0.8179658814498647 0.8314786946955142 0.8416590363940226 0.884896267829267 0.9070426395794204 0.9494082203352505 0.9719012577840562 1.0284034963698299 1.0771318331203108 1.1088357981607355 1.1655493883892356 1.2583010150147798 1.316292437311809
55 660 0.38418686877543373 1.3077042479888312 0.4780737752629267 0.4780737752629267 0.6614619428403636 0.7074631193000247 0.7230769628980445 0.7865686670002159 0.8114707138337933 0.8309986478684572 0.8405759388358229 0.8865603045103352 0.9103665146540284 0.9503046490113403 0.985475644917493 1.0246363585015577 1.0774409411922772 1.1105625338493104 1.1940905645050284 1.2554484834346056 1.3077042479888312
56 672 0.3709727470735271 1.3144089503308316 0.47134272813686506 0.47134272813686506 0.6574785673237845 0.6982587274973537 0.7221258090863337 0.7836217427557676 0.8058878629421958 0.825971832351727 0.8402125722574768 0.8813286404739593 0.9040764383014978 0.947100103411577 1.003885010618947 1.027230171774172 1.0740688545706558 1.1098604485077848 1.2029730540104389 1.2625748732886886 1.3144089503308316
57 684 0.36689035025071365 1.307902649773689 0.46847619018963693 0.46847619018963693 0.6480636182990256 0.7033170009204179 0.7110443802277789 0.7703903484162373 0.8044837477948857 0.8204395397835151 0.8335247514199289 0.8829102050282004 0.9044201640618901 0.9511215252662213 1.0078695771319912 1.0271187504339558 1.0670003712101988 1.1079725365106314 1.2039681524515884 1.2609573226812152 1.307902649773689
58 696 0.3650972690056914 1.3069658299500566 0.46386251331600004 0.46386251331600004 0.6416331361163636 0.6955020924809813 0.7107891267127372 0.7691355235052442 0.8053571375618984 0.8187338601736726 0.8282535838220718 0.8781051962331016 0.9030112843103016 0.9507764031441811 1.0127107007464362 1.02580745618367 1.0671856362549559 1.1211980319793253 1.2043199251436885 1.269717986078799 1.3069658299500566
59 708 0.3657230396126475 1.3062355434612927 0.45734975269214706 0.45734975269214706 0.6407812923284818 0.6945938805830816 0.7130147220998211 0.7608879558677019 0.8078039815002253 0.8171254401327434 0.8332832267787764 0.8831763109068792 0.8967660200778789 0.939098784966503 1.0086123429874636 1.0397945918657232 1.0674847034621344 1.131711086424451 1.2040841959546402 1.2699711103918816 1.3062355434612927
60 720 0.3534706050535369 1.3100819840297597 0.45267537079178255 0.45267537079178255 0.645070501995244 0.6952587372362378 0.7055115530834402 0.7586202922203249 0.807274274389828 0.8228219311235081 0.8332923052339003 0.8760833391531732 0.8976092009310184 0.9355882919724717 1.008319048053046 1.0373883399417827 1.0555707065285438 1.1241581350259986 1.221230788442216 1.2586196625132555 1.3100819840297597
61 732 0.3401585874907038 1.3107360760744162 0.4453213705874819 0.4453213705874819 0.6431843263672807 0.6952514157241605 0.705714512022717 0.7569896969715609 0.8057687540755395 0.824219690582072 0.8355242384716202 0.8797096816938583 0.894801019066738 0.9384939937627312 0.9963234249680255 1.0330874625155713 1.0513300944277078 1.1018389830072304 1.2322193505635122 1.2619034677612537 1.3107360760744162
62 744 0.32212315542183223 1.3156375062577714 0.4442055423427426 0.4442055423427426 0.6334078258273037 0.6927707625360903 0.7075713963991477 0.7549260880627242 0.8056798870396433 0.8207973829162472 0.8362774489037667 0.8803664524005983 0.8881441926621718 0.9323116034154558 0.9929069234052927 1.0333929209405126 1.0511776816956495 1.099309402932788 1.2317572256365108 1.264246107905353 1.3156375062577714
63 756 0.3142193838057012 1.3005666454918585 0.44027944230377947 0.44027944230377947 0.6256091823341474 0.6942502868398982 0.7090278815560455 0.7463916159623865 0.8016859568736813 0.8149261940884426 0.8400983318361428 0.8848373406372371 0.888162715676588 0.9320522040485211 0.9932532317693022 1.0341039357219486 1.046347336093249 1.1004238924452787 1.232315784385236 1.2626140337035607 1.3005666454918585
64 768 0.3154407948404627 1.297392237831155 0.4379221162198302 0.4379221162198302 0.6185014157578942 0.6988600069186972 0.7065425354749841 0.744559096560686 0.7992073831526073 0.8229187993819109 0.8338237678848532 0.8773528450590475 0.8808950575917456 0.9335256931510936 0.9931010567335103 1.0265077696772058 1.044404663176897 1.1064045950803754 1.2274767731160263 1.2666668854752456 1.297392237831155
65 780 0.3282681265014037 1.3000347849162763 0.4358160802383554 0.4358160802383554 0.6060681632479178 0.6923241838313916 0.7013604576580773 0.7444920673712688 0.8009371117230916 0.8204204705281702 0.828029939352745 0.866973741957873 0.8883089222708732 0.952467805916554 0.994686163413162 1.0327521952572498 1.046390149725286 1.1055263094801044 1.2270266380175658 1.2820823497385767 1.3000347849162763
66 792 0.35206989545208567 1.3202233765713582 0.43382936501005454 0.43382936501005454 0.6013721548841927 0.678495851672574 0.7017396325908716 0.7439735136163723 0.7982212522115706 0.8160201635141499 0.8313920320891919 0.859659245055459 0.8972501504693685 0.968792883252787 0.9913947210785449 1.0280176095144191 1.0396475632234863 1.1070684373971729 1.2370947608944909 1.2861810481136353 1.3202233765713582
67 804 0.3673466749498518 1.359802915030859 0.4246835588387313 0.4246835588387313 0.5958138725810538 0.6772770796573636 0.6987800175714514 0.7445489469449627 0.791591648539581 0.8168080308644193 0.8273310315921711 0.8591378831271231 0.8935849000059582 0.9821577443563807 0.9886762267170734 1.0215838579053123 1.0512070285101387 1.1073814358033884 1.2447591585496562 1.2877730074742308 1.359802915030859
68 816 0.36261519081481125 1.3897220293460268 0.4173539321858609 0.4173539321858609 0.5904561990110688 0.6758882704903031 0.6917698495113346 0.7365023974818901 0.7889536443013628 0.8164223553604851 0.8283063617450097 0.8631171348134948 0.8911857157533186 0.9714097128933865 1.0001422090455536 1.0214668420159563 1.0563592284418948 1.1059304879286747 1.2504716200197197 1.2901292398267525 1.3897220293460268
69 828 0.3466548051692853 1.399691479851826 0.4102631174077754 0.4102631174077754 0.5820892988471466 0.6717548656833824 0.6920485383335226 0.7332814539874876 0.7844916182663894 0.80831659715476 0.8319879206455122 0.86251936321888 0.8909191225559187 0.9744300060070888 0.9979566543477864 1.022769788705076 1.0559272258319097 1.1104137400762875 1.2475689203447229 1.2788208099586635 1.399691479851826
70 840 0.348707403313231 1.4029567112998202 0.4068131862733621 0.4068131862733621 0.5789841384619886 0.6658192568646221 0.6882939736095921 0.728893589344454 0.7811661996979673 0.8151096817645329 0.8315360584644672 0.85875863385592 0.8863344952707876 0.9693398488924854 0.9951016429268491 1.0269013517871683 1.057734438867483 1.106834812534039 1.256289348220335 1.2645693389224093 1.4029567112998202
71 852 0.34407560882005583 1.4354623081150002 0.4002950283328348 0.4002950283328348 0.5736221202489438 0.6644831764991745 0.6865180496255676 0.7256621196749684 0.7798103659655625 0.8082636946729056 0.8248631999376382 0.8558937398416742 0.8983743173097756 0.9813155973856532 1.0032319213669714 1.0342692850371973 1.060242508350175 1.1024721920934033 1.2495294061694444 1.2721802815730658 1.4354623081150002
72 864 0.361489210310834 1.4290708354093629 0.39603728988919795 0.39603728988919795 0.5718128613094517 0.6639110060822815 0.6822613535500294 0.7255716848178347 0.7807704264843415 0.8073719063368889 0.8285754014770172 0.86338827283574 0.9013418239544152 0.9698121336939565 1.002183925635222 1.0363746551432802 1.0595279922320293 1.0919661401998217 1.2424600135652848 1.2705270667055477 1.4290708354093629
73 876 0.36855998171464605 1.4640208759125033 0.3902179323279983 0.3902179323279983 0.5710960609373203 0.6634821254557789 0.6793062524575365 0.7193177080139959 0.7748598708526184 0.7994376911462628 0.830620454869086 0.8549563892962458 0.9132796468207995 0.9733314098681536 0.9987849582982808 1.0308879386961551 1.0558537983378609 1.0960057290248697 1.2483295829490917 1.281186831618053 1.4640208759125033
74 888 0.38449251148483166 1.5095279444157588 0.38635903857566245 0.38635903857566245 0.5638808151266975 0.6580338727715542 0.6845664474799015 0.721020074689438 0.7629676575554536 0.7992263721086902 0.8310780649228412 0.8562509151385883 0.9196402106283663 0.9601943741307624 0.993934120132627 1.0310789851654543 1.055046097218449 1.095377450647315 1.247989419366753 1.2866368381044544 1.5095279444157588
75 900 0.4088396585650108 1.5367781850304525 0.3852857789320862 0.3852857789320862 0.5465584121812157 0.650870105759839 0.6807938554651739 0.7193694858122504 0.7625547771529771 0.7981489003132649 0.8286755149656629 0.8590699457100325 0.9167283826344274 0.9592877707195417 0.9980511831301591 1.0268275245642886 1.0605576355814519 1.0958584832910885 1.2389031242974378 1.3094063889100858 1.5367781850304525
76 912 0.4289687614427198 1.621242472424539 0.38296147882489734 0.38296147882489734 0.5394557343866069 0.649989462466331 0.6814757366434254 0.7159985460603919 0.7596750010241043 0.7977669880020656 0.8154722182462003 0.8593481924839083 0.9073541068973724 0.9580074277304962 0.9994568836244621 1.0249790180906122 1.0409074152769673 1.0930860689056154 1.2598404585540535 1.317183654554018 1.621242472424539
77 924 0.44053615596810924 1.6541350276876445 0.38212972628565234 0.38212972628565234 0.5335067615758964 0.6475514372346615 0.6801240335394001 0.7253627750757154 0.7633871992346557 0.7977024706990028 0.8121258263510767 0.8528697836274612 0.9067383631679345 0.9543636863939646 1.0080941975969524 1.0207811031923115 1.0320671628185474 1.0966911075020378 1.255550973549947 1.3273832635842384 1.6541350276876445
78 936 0.4415652630126923 1.6471974813923507 0.37953384363194226 0.37953384363194226 0.5273743136196462 0.6420342465777299 0.6781760933925629 0.7226350596297656 0.7594507343180116 0.7953737585112974 0.8117085084868113 0.8587744033073891 0.9158874638266576 0.9568563768988864 1.010437853560745 1.0223302771980673 1.034127251800299 1.1026916965561109 1.2522392104050852 1.3297010169179857 1.6471974813923507
79 948 0.4470006804671428 1.6873241089082756 0.3769083444248471 0.3769083444248471 0.5145468689032879 0.6430898964818508 0.6756840604079953 0.7209865333752216 0.7530142175075064 0.791208176318223 0.8135079559289599 0.8597042898703191 0.9194467490578855 0.9528043229909207 1.0060240769946145 1.0186598912927856 1.0298606931488854 1.1059330591454242 1.2559399710942911 1.3285699368148896 1.6873241089082756
80 960 0.43213318407687207 1.7011580263736246 0.37085044825894575 0.37085044825894575 0.5130151228361179 0.6462921770433867 0.6792138186459781 0.7220221874670703 0.7453811237673894 0.7893574832260295 0.8153624520830883 0.8569476434329368 0.9182417953947001 0.962629149663876 1.0073930253440244 1.0234527434299574 1.0291216804294712 1.0927388074569138 1.249723030564765 1.350462220598602 1.7011580263736246
81 972 0.4223001562119205 1.6822805722165244 0.3695001143614019 0.3695001143614019 0.5089840735036044 0.6423635687944907 0.6790079346126572 0.7175506877681312 0.7418129539998101 0.7840864156182009 0.8137541443868371 0.8529476886489324 0.9172487581560272 0.9652876949654616 1.0056087244431047 1.0225489314021166 1.0299690769751386 1.102612145251467 1.2391248623191884 1.3569002452246137 1.6822805722165244
82 984 0.4019790400899746 1.6903302623772258 0.3686183464669427 0.3686183464669427 0.49350944415299647 0.6388946587830459 0.6735769632907955 0.7076830064538191 0.740131948337464 0.7891645262332583 0.8137980870129584 0.8530277953816349 0.9162203885661556 0.9640103683143725 0.999350772805067 1.023374026692893 1.0454012581819312 1.11093148208086 1.2345542397282145 1.3565243398889528 1.6903302623772258
83 996 0.39799403903282426 1.697182681296276 0.3634600104216631 0.3634600104216631 0.4893270388403658 0.6344260139633655 0.671617207032707 0.7082302442031415 0.7414093288613613 0.7923882121099943 0.8045579891941761 0.8535331023340195 0.9144886448461256 0.9592540068657073 0.9866075933127609 1.02049177799471 1.0519300937681713 1.1037448331955553 1.2312271497185945 1.3536894272204814 1.697182681296276
84 1008 0.4098136010659926 1.7030737109085463 0.36237489078040724 0.36237489078040724 0.48497145490814786 0.6303057758718513 0.6636999102660613 0.7156929347176343 0.7395357203427207 0.791043717330192 0.8186701598502634 0.8538583069359407 0.909744601896471 0.9546538085490845 0.9830391642251362 1.014599724034152 1.0416195090561389 1.0984136458375282 1.2297127903362035 1.3763602746722656 1.7030737109085463
85 1020 0.4252991206936145 1.7116312057267742 0.3605726273585818 0.3605726273585818 0.4841635892432863 0.6298647242174688 0.6566494171334296 0.7115903842183906 0.7306396275353159 0.8002990511297763 0.836167487689108 0.8535968452895487 0.9064223535241734 0.9428199396695887 0.9847235766570204 1.0166296394418248 1.0319779165880034 1.1044848373993097 1.2288528748466625 1.3656318843808553 1.7116312057267742
86 1032 0.44673965360876433 1.701839427583611 0.35526327536244856 0.35526327536244856 0.47879030005860124 0.6275100100142378 0.652524637111155 0.7089409884224157 0.7277147877965181 0.8034769402191082 0.8394413001474798 0.8589113114728272 0.9169499256420838 0.9406136850398432 0.9990579426496411 1.0069944084535998 1.0388646889344262 1.1084025795678873 1.2469033830902052 1.375510425493453 1.701839427583611
87 1044 0.47032956512810165 1.7340615235509067 0.3517203762574024 0.3517203762574024 0.4700001753859157 0.6233441359426168 0.6474076283845867 0.7059496684370378 0.7284967454027225 0.8037261669473756 0.8425730300353123 0.8628881014702678 0.9297460804177561 0.9535958401629845 0.9972123647299792 1.00801180947352 1.0506070068440856 1.1079795024998589 1.2352743192367936 1.377739439876262 1.7340615235509067
88 1056 0.46102575656787115 1.740974327638821 0.3496590284639665 0.3496590284639665 0.46720375907610096 0.6178239760337667 0.6395882534528998 0.694991648986724 0.731870555040077 0.8034486636693129 0.8452829113771725 0.8621906091328659 0.92946094240361 0.9596974490686694 0.9984031879116223 1.0079237942063308 1.0577068291150338 1.1265856626933968 1.2534930815177947 1.3727404233124312 1.740974327638821
89 1068 0.4367364402783274 1.738334849596046 0.3463955535582822 0.3463955535582822 0.46602161011442655 0.6167658841272028 0.6353347448972076 0.6826801604239772 0.7277209975770653 0.8085938273985563 0.8451839897236002 0.8679697058691612 0.9177972956423222 0.958449519303985 0.9942200411022918 1.0077721118494751 1.0627248970772307 1.12308393576106 1.2502200021450505 1.367942599168163 1.738334849596046
90 1080 0.41944452756542433 1.7345595227117958 0.334686710610204 0.334686710610204 0.46346118549203064 0.614942760946217 0.6321451884217895 0.6800963436418437 0.7227417982021543 0.8012417444729034 0.8446358839577791 0.8692695309178066 0.9238159335329879 0.9520020204506806 0.9923918675118483 1.0140051419977811 1.0687488940845495 1.1189259511279046 1.258299706383415 1.3780576317975683 1.7345595227117958
91 1092 0.40878215927079314 1.73456148202665 0.33316717952137537 0.33316717952137537 0.45320589584608545 0.6096618261342447 0.6309634738622596 0.6808840744558301 0.7228301070345269 0.7947251137929731 0.8420107590447331 0.8563125088175202 0.9250679654828685 0.9542777628528641 0.9874346917390864 1.0235385656714053 1.0665137022994873 1.1203457475727336 1.254643863450842 1.3798131279324417 1.73456148202665
92 1104 0.4035964888272342 1.743255625713 0.33039406763109563 0.33039406763109563 0.45025716181029646 0.6133287389167271 0.6145490985617577 0.6817175799786088 0.7189906605848357 0.800744906224575 0.8391903684780428 0.8580552570704081 0.9242704493576114 0.9406422330563013 0.9861994319240163 1.0179574567746832 1.0657150847259607 1.1141554462769518 1.257413155275946 1.3861432880701579 1.743255625713
93 1116 0.39354842762315934 1.7874719483726331 0.3296627775112816 0.3296627775112816 0.4441065550566744 0.6078076438331449 0.6129951413890554 0.6760326697923782 0.7181444722990026 0.8006406618806894 0.83862876578544 0.8638911822412914 0.9174729841643976 0.9323630923161088 0.9832313540503572 1.0270365372330916 1.066564190310726 1.1078964579273636 1.2599163666976152 1.3773153946931314 1.7874719483726331
94 1128 0.3910408854874731 1.8106371663307566 0.32836994569032296 0.32836994569032296 0.438968574076513 0.6006345206361682 0.6119802207092203 0.67823448953943 0.7159073022930517 0.7946487631282987 0.8324857997114081 0.8581397291615993 0.9156835705904451 0.9285610938020955 0.9840788230048575 1.0334327808839732 1.0734273091164608 1.1047313517571002 1.2540911477034509 1.3739033894709383 1.8106371663307566
95 1140 0.37519047464941846 1.8107674546744763 0.32541797217995294 0.32541797217995294 0.43483711340921505 0.6005096986189281 0.6127285636698306 0.6713227469543102 0.7147354873960036 0.7956258870705958 0.8438360823052196 0.8534399236953546 0.9146579004070864 0.9274025518314428 0.9839545599361862 1.0233489253981096 1.0702687421752217 1.1028123686368654 1.262338741264631 1.3686499105416245 1.8107674546744763
96 1152 0.36913211432179727 1.8177731302748588 0.32216296104368597 0.32216296104368597 0.4234837834916904 0.5989659706035505 0.6113581556448029 0.6692346509808302 0.7153997936370563 0.7905523058457316 0.8395381883859395 0.8539349184880876 0.9172832136831779 0.9243878553641784 0.9825951846491411 1.0348580209179652 1.066720257503073 1.1025509076580478 1.2593586517958437 1.3685496557609031 1.8177731302748588
97 1164 0.3814042265262272 1.8222715777620881 0.3146483372229894 0.3146483372229894 0.4226419770877731 0.5975151447304982 0.6176945168858486 0.6686393830885075 0.7141505676597939 0.7902053975080705 0.8280640754304758 0.853505510346452 0.9053127701133649 0.9152807563209755 0.9835226971751276 1.0344568044713731 1.0745946802457353 1.1039704967019255 1.2623540584270745 1.3676108843836559 1.8222715777620881
98 1176 0.3930513681029544 1.8553389658623742 0.3135812793002167 0.3135812793002167 0.4092316468472114 0.5904197370295714 0.6181888062870843 0.6670094091388138 0.7118914787403492 0.7859323529715038 0.8245464802592413 0.8571329897361013 0.9051217731577994 0.9128424803571893 0.9828869074473072 1.0364510535847065 1.074819686202903 1.1018841756276363 1.286538793086246 1.375575385543329 1.8553389658623742
99 1188 0.3817086553018861 1.850256688509945 0.31071125764449553 0.31071125764449553 0.3999317771256371 0.587984995563015 0.6200868199974061 0.6569654807997574 0.7143664562793585 0.7853123066484963 0.8213799547564375 0.8518667038757518 0.8972753726893312 0.9146321030517864 0.9813280794255159 1.0305614211209913 1.081101787344684 1.0982984893030037 1.3049954808179292 1.380970002687014 1.850256688509945
100 1200 0.3693133550624324 1.8845737517185608 0.31027312347048047 0.31027312347048047 0.3959673401176039 0.5762005344687923 0.6166436032002272 0.6467460342685366 0.7176252196947903 0.78270171529337 0.8166274888499044 0.8475080030285713 0.9018890190495105 0.9153883782950495 0.9802808976964641 1.0414492853156136 1.071081060403487 1.0876673992462742 1.3108897688696253 1.3831436261431678 1.8845737517185608
101 1212 0.36604909726236884 1.8620188423833413 0.30241477026413754 0.30241477026413754 0.3960029548240463 0.575317557591049 0.6177994451398888 0.6460303889837239 0.7138462379793052 0.7827954236590621 0.8097906646278874 0.8489592060973924 0.8987868801018222 0.9093608285790381 0.9781187466731746 1.040061916308552 1.059786322534183 1.1058260023521012 1.3125629065608437 1.3895596459311335 1.8620188423833413
102 1224 0.3672417229800383 1.8788093242536283 0.29857886636685244 0.29857886636685244 0.3906638951938519 0.5725365730589953 0.6119724906088666 0.6524590959589555 0.713034792147339 0.775364539342813 0.8088806830792178 0.8527561585622455 0.9011033839496531 0.9065465256700994 0.9844624727434602 1.042501131440099 1.061999649232284 1.1195962870202416 1.3028803738350463 1.3850087702916325 1.8788093242536283
103 1236 0.3445027669103499 1.8755390527016083 0.29349749271601666 0.29349749271601666 0.38424895440307305 0.5730778844903085 0.6144329650375894 0.6535667442166156 0.711969806707691 0.777006068170796 0.8028491986157542 0.8559978348515083 0.8992686348621284 0.91127996297995 0.9847970149505046 1.042661766647626 1.0644789272883053 1.1195481683490274 1.3046088883746811 1.3813161010014656 1.8755390527016083
104 1248 0.33439703867953924 1.8808007119963084 0.2928407638341228 0.2928407638341228 0.37688931099118184 0.5666744559345286 0.6097810289132592 0.6482027856652401 0.712995216472208 0.7827373256690834 0.8017760013668778 0.8578517351733582 0.8915491963794637 0.9239234346433445 0.9853560134219853 1.0436848047323741 1.0573424344517246 1.1181851893007904 1.2910180459671698 1.3733331070694628 1.8808007119963084
105 1260 0.32509616350960147 1.8796453175630683 0.28825017117847845 0.28825017117847845 0.3741858905369686 0.5661534037603397 0.6100945533264346 0.6457328973863283 0.711468008991415 0.7889685821856885 0.8033492131271883 0.8590840727073825 0.899860007043876 0.9190310607312163 0.9890803632127886 1.0316191030372035 1.0517787627582085 1.117927052486833 1.2750612589454242 1.3700891490566287 1.8796453175630683
106 1272 0.32353667262344515 1.9008411400228478 0.2839166358137271 0.2839166358137271 0.3684114128074855 0.5677468876866079 0.6069440208928253 0.6449954215232625 0.7129580171519715 0.7762171787437024 0.7948027586583706 0.8568013650501172 0.9094726712304564 0.9181829652508529 0.9963569583102159 1.0287299275845523 1.0615873931074746 1.1070310110552832 1.2786294779981076 1.3739482089087758 1.9008411400228478
107 1284 0.3087034583002928 1.8939401931949917 0.28093786219475886 0.28093786219475886 0.36148315690925414 0.5629613655158533 0.6086686540458793 0.6478812912117603 0.7061657748180954 0.777082120469727 0.7934837103665459 0.8596771856532466 0.9066537367980615 0.9131510862170178 0.9982447669449013 1.0331182568629387 1.079585502457751 1.1024165160409058 1.2716155833485205 1.3547939131062616 1.8939401931949917
108 1296 0.29629130697967815 1.8969972052056576 0.28032368523129786 0.28032368523129786 0.35644972771296324 0.5563823674144276 0.6087410394975735 0.6485637350379615 0.7005354545006118 0.7659839799901704 0.7947242802680157 0.8662915991215028 0.9002910311461376 0.9121247089586415 1.0037384478579905 1.0340227255967829 1.079802456010809 1.1122528679128987 1.2765835981477849 1.3476578718103487 1.8969972052056576
109 1308 0.29322745103970926 1.8821524978480402 0.27646611964434126 0.27646611964434126 0.35374806918120383 0.5489718216924849 0.6087627034016718 0.653466282841127 0.6990200471876716 0.7659792463415876 0.7911430084889174 0.8659997313094481 0.8931988222863054 0.9083348295950406 0.9995315967909721 1.0423533126574862 1.0816356304751085 1.1122938887302458 1.268438588995004 1.354369868943603 1.8821524978480402
110 1320 0.28956448820004127 1.8787247904146982 0.2730806237304592 0.2730806237304592 0.35253215352799766 0.5517738428754132 0.6060764118101046 0.6616757917591296 0.7080855683863116 0.7710664261243014 0.7870362416112495 0.8623430127424081 0.8927575865851233 0.8996970395075163 0.9966606757414453 1.027990168290253 1.0795842976777494 1.100347077147558 1.270551822177793 1.3632267589572349 1.8787247904146982
111 1332 0.2867801906921465 1.8681630740812338 0.27167929737580254 0.27167929737580254 0.3507705634186687 0.5589400584900714 0.6027614697050402 0.6575862629770184 0.7039872944048919 0.771889559134188 0.7881281436119638 0.8544873234426245 0.8883808353471072 0.8927526272698075 0.9943086897195277 1.0265092531007418 1.069947595256281 1.1109538295604109 1.2520614067489124 1.3752313423887528 1.8681630740812338
112 1344 0.2749061409731976 1.8603052550345158 0.27000278460863497 0.27000278460863497 0.3493019127533403 0.5603275096190281 0.5997476312848581 0.6658310428482183 0.6993317593030612 0.7640363974041705 0.7838239944604637 0.8520968523073883 0.8832621315308871 0.8952168147224828 0.9903841052035601 1.0249957992441818 1.0545839740172152 1.1060170985170215 1.2571697813345901 1.3770656707236166 1.8603052550345158
113 1356 0.25235746863581615 1.865666371522125 0.2688094211649242 0.2688094211649242 0.3468092990237692 0.5618415177988209 0.6044453947943065 0.6629678111742286 0.6996322801976916 0.7560282582609044 0.7849025187529213 0.8464171788088001 0.8798787760686451 0.9004696842937207 0.9836921263422461 1.0233749796564449 1.0516515328944551 1.1140557354022362 1.2487288773609824 1.3813330233012875 1.865666371522125
114 1368 0.2398566721547963 1.857488214168304 0.2660347181116322 0.2660347181116322 0.3439249014759356 0.558301773345864 0.5961195521059217 0.662299834354143 0.6980693991515663 0.7529404268996318 0.7839207467396614 0.844470269623731 0.8786623383904794 0.8955206104387848 0.974058072928541 1.019053332235913 1.051955691922777 1.1078741257703155 1.2508950742106522 1.3814684600052758 1.857488214168304
115 1380 0.2354976227119398 1.8625110844727442 0.2627652482864067 0.2627652482864067 0.34194127672421676 0.5552422248657785 0.5953333233754681 0.660513706301289 0.6983429806411255 0.7516463974829392 0.7770726167450931 0.8474374210806164 0.8730712638028957 0.8880136656999824 0.9789210734771315 1.0051690384761096 1.0374296323988927 1.1056470522005235 1.2656618253771035 1.3815281192755056 1.8625110844727442
116 1392 0.23279361733991155 1.8784240848208347 0.26144689791449993 0.26144689791449993 0.3381974899401365 0.5487185273294763 0.5871751027166924 0.661829691004806 0.6932070204365287 0.7456232273181611 0.7757125591958498 0.8486596121376127 0.8730651173903587 0.8807477674030124 0.9814029991953506 1.0057859770115176 1.0306077258235402 1.1105116715073562 1.2603816884117838 1.3763026536018053 1.8784240848208347
117 1404 0.22469491899744262 1.8691353184915283 0.25418969516391987 0.25418969516391987 0.33810523556406386 0.5503850394683473 0.5871092466596832 0.6619496247080456 0.6913688317100855 0.7474992995974773 0.7687730900784805 0.8525510544976215 0.8680713683643154 0.8721973377772256 0.996281241240216 1.0031778012794148 1.0302859308748185 1.1219166179316296 1.2524690308191868 1.3616021412401427 1.8691353184915283
118 1416 0.2064068558825426 1.875239675610571 0.24843306727539968 0.24843306727539968 0.3338422461602349 0.5515736198376537 0.5856718108344815 0.6603189230104286 0.6912479099881041 0.7413265841877712 0.7627191889557982 0.8437232590442438 0.8633414712905078 0.873721659670267 1.0031444347409493 1.0076754761881206 1.0362673247979923 1.1187578854796383 1.249246234352182 1.3798251905133907 1.875239675610571
119 1428 0.1918104537239821 1.8742673274251849 0.24595121752896068 0.24595121752896068 0.3329801382253175 0.5489438847867365 0.5804120691078388 0.6550838850291177 0.6908173873720508 0.7380285495999213 0.7607891292292042 0.8423899787835399 0.8645602492564827 0.8752449116907632 0.9982128853712574 1.0059966518451473 1.032650941166443 1.1137696882105983 1.250884725744614 1.3591343821666022 1.8742673274251849
120 1440 0.18921374308117453 1.877916847791934 0.24398620879526098 0.24398620879526098 0.3283482839719222 0.5411245695661151 0.5772283006901998 0.65487952443346 0.6900099036181686 0.7349534681763906 0.7552548948234157 0.8393587539205046 0.8613080623888157 0.8746036681533795 0.9960889174616441 1.0049867346476653 1.020537607930805 1.1138209637444692 1.2523034137898992 1.3550204999554047 1.877916847791934
121 1452 0.18337217614190732 1.8643266420237776 0.2340528337699978 0.2340528337699978 0.3221120947017838 0.5496171795328141 0.5766746915983788 0.657677509433732 0.6931531194569382 0.7364598739988599 0.7593346667543587 0.8440005605826326 0.8584348242191656 0.8738370845762117 0.9967586745362389 1.0077862049334507 1.0246854735723088 1.1098646935357268 1.2603063219287873 1.3626205970580862 1.8643266420237776
122 1464 0.17993057960300735 1.8619465708722764 0.23343634504647495 0.23343634504647495 0.3199093290136132 0.5510056287256828 0.5731443284930461 0.6543893619053892 0.693318464291102 0.727935818113684 0.7495281266422451 0.8426041983558226 0.8485565597729338 0.874268037769051 0.9890401869849239 1.003413787985265 1.032770030467901 1.1148390367561434 1.2563579939456588 1.3620082714519235 1.8619465708722764
123 1476 0.17594638993682774 1.8559846051234254 0.2314164298005794 0.2314164298005794 0.3146023294852071 0.5521483853030502 0.5656606318963938 0.6503546956218406 0.6989986598880114 0.7293478052877005 0.7504877486672605 0.8401489869547217 0.8477161560289104 0.8709635229715575 0.9874878651447578 0.9983791910488253 1.0406202271526843 1.112488238336947 1.2572854844813397 1.3647899943834167 1.8559846051234254
124 1488 0.17619193457058846 1.8578835020554163 0.2282189665091817 0.2282189665091817 0.3153399630686694 0.5506836149193054 0.5665408932935277 0.6495378913011418 0.6941439057279382 0.7333412773995406 0.7496715049356588 0.8393407994908959 0.8488317661773552 0.8852938582365217 0.9826274154803148 0.9964945190627299 1.0352949651965428 1.1178333669003817 1.2450076997341386 1.3644842662707948 1.8578835020554163
125 1500 0.1743801479679326 1.8606382949074136 0.22682184702101216 0.22682184702101216 0.3160422065880576 0.5479992900101684 0.565494207747637 0.644282489725156 0.6923957332388053 0.7343030283390024 0.7521992270869565 0.8328170802699715 0.8481699908276933 0.8895065500521422 0.9720747341338244 0.9964697693797253 1.0408257213858765 1.1167774063875198 1.2402984092104328 1.3725510448072118 1.8606382949074136
126 1512 0.17026386776991073 1.8642442254665321 0.22132186069009807 0.22132186069009807 0.3144041686944694 0.5435350423097328 0.5657166227306057 0.6439806760723431 0.6836607535156738 0.7352434091507638 0.7532889821012643 0.8315101272630276 0.8493362045849382 0.8924434798939831 0.9696596076152116 0.9938014101108819 1.0402908802312953 1.134051257310232 1.2426934556564033 1.361933816841252 1.8642442254665321
127 1524 0.16497118061543775 1.8610656711912315 0.21919378392321395 0.21919378392321395 0.31308939700580674 0.5428587301759754 0.5646532342096436 0.6305514576846709 0.6836179865096723 0.7297596589824835 0.741668812653709 0.8289149234503498 0.8506462221298646 0.893380156239681 0.9707272807891403 0.9959239917272797 1.0390210884649527 1.1441512954140274 1.245895130128557 1.3710161302133463 1.8610656711912315
128 1536 0.15879377798493235 1.8543111599817261 0.21847668259414313 0.21847668259414313 0.3108472267134903 0.5409792647507813 0.5635484015194806 0.6220003335744163 0.6827301698782464 0.7272008944622593 0.7482926981237353 0.8320410539135584 0.846695777964015 0.8850136202713076 0.98097917861492 0.9918414776223021 1.0426125763302696 1.1490991110191384 1.232603599627291 1.364009268857683 1.8543111599817261
129 1548 0.1563255679957787 1.8732562124819576 0.2153010782962667 0.2153010782962667 0.30925155137593924 0.5400551079050138 0.5649800931859121 0.6187587820090952 0.6722450933200069 0.7200556516506801 0.7508038222627129 0.8277826527082403 0.8566361985399571 0.8893605714096152 0.9838084179770265 0.9951519822109034 1.042246399517173 1.1556729517269362 1.224278004166981 1.3736858944180539 1.8732562124819576
130 1560 0.1502412570941106 1.8820008625448084 0.21475450386940984 0.21475450386940984 0.3042394710459262 0.5346432218089704 0.5648740152707786 0.6185662168168768 0.6788800680413192 0.7284201855873657 0.7384780333737686 0.8217253860379888 0.8566583425236102 0.8968078415669164 0.9814227485940208 0.989590304327051 1.0380785081594421 1.1599174774665808 1.2230564142479947 1.3768013309775946 1.8820008625448084
131 1572 0.15771323323103922 1.8795030964008599 0.21153998983840494 0.21153998983840494 0.30304456189908746 0.5222286869352945 0.5607500124750877 0.6230212753874319 0.6747780589940621 0.7228980074238349 0.7409448374995649 0.8243513419709236 0.857708958327844 0.8966745312434085 0.9796261252436768 0.9897677290946392 1.0396521545129462 1.1601090834535037 1.2436393705305522 1.3659772139853894 1.8795030964008599
132 1584 0.15827053491492654 1.8886720260015883 0.21092680751788564 0.21092680751788564 0.299196011371442 0.5167609481371508 0.5644534678452656 0.6271621653969316 0.6758666015956362 0.7293091102038939 0.7441137620633321 0.8182699120165267 0.8597858447082022 0.8966865997209115 0.9736835470693255 0.9872099596813539 1.0371862714010032 1.163979003861364 1.2506644256825308 1.3863300529506977 1.8886720260015883
133 1596 0.1511516239820715 1.8803839592139246 0.2111756240410583 0.2111756240410583 0.295885453956478 0.5175605220121832 0.5631327823409998 0.6323541903583518 0.6742920078415297 0.7208502148357693 0.7476270007092839 0.8183709504409797 0.8580814745504355 0.8937789433985087 0.9725671489063492 0.983860645612428 1.0369613641766902 1.1633537636056723 1.2354280124548171 1.396892715543486 1.8803839592139246
134 1608 0.14485517572410755 1.8534159707538997 0.21093425258840992 0.21093425258840992 0.29443569737352465 0.5144788651273202 0.56438997299959 0.6290621533807751 0.6764979775102693 0.7259758164630128 0.7473540476727237 0.8172261973722744 0.8572772768882383 0.8873921384176451 0.9741509884991557 0.9813708072433377 1.0348850146423707 1.1602278274158189 1.2220709569616748 1.4047629551938798 1.8534159707538997
135 1620 0.13784798893748568 1.8494684511184458 0.2069788281004374 0.2069788281004374 0.2939783156389996 0.5119173151933625 0.566672367692135 0.6295775181283841 0.6768644844578102 0.7236363832625898 0.7488409208987172 0.8098502059815668 0.8506903006212015 0.8838873507017768 0.9717344555368485 0.9822322979614041 1.0407798937686972 1.1660926746877949 1.2166976000668268 1.411914290666978 1.8494684511184458
136 1632 0.1265323446627445 1.8381393755838253 0.20171788254039016 0.20171788254039016 0.2934156481691218 0.5111432500351314 0.5643399098344372 0.6318047021225736 0.6761774032976329 0.725290556273779 0.7462532129819983 0.8079620231439264 0.8530354505204722 0.8889078523348984 0.9669418966379661 0.976065717224907 1.0468283534027372 1.1586162927524908 1.2135762094748586 1.4043482169791353 1.8381393755838253
137 1644 0.12149757041207958 1.83661236773498 0.2008541464382164 0.2008541464382164 0.29243257916752813 0.5016693167066217 0.5651281927142295 0.6406765644073562 0.6759982339009908 0.7247382187005857 0.74300023612116 0.8054129531031566 0.856024739005127 0.8827739103925177 0.9673888854016535 0.9833564629206744 1.0426736767558475 1.1557733222006972 1.2154028110504762 1.3874161089701011 1.83661236773498
138 1656 0.1145281055723512 1.8638428295337546 0.19877197445340994 0.19877197445340994 0.29178834608841964 0.49254248945119755 0.5588856140462451 0.6394962134440217 0.674827949000071 0.7212487421022994 0.7404570889738522 0.805287182902655 0.8517290822583012 0.8841107136590999 0.9696232020981387 0.9809368373055847 1.052202297343922 1.166276153926764 1.2127853802282982 1.3938283766306439 1.8638428295337546
139 1668 0.11500479465380055 1.8659092038473017 0.1994053317125943 0.1994053317125943 0.2893538885932536 0.4909827333461151 0.5547973720693269 0.6380748501042696 0.6518189478535021 0.7186906110188813 0.7426472295099165 0.804263005351802 0.8479089993095994 0.883958304429711 0.9717827306784304 0.9760304193789183 1.0471579892824732 1.174376165403957 1.2260056837718722 1.389786942218526 1.8659092038473017
140 1680 0.11340514738550471 1.8707444826969404 0.1982408216880941 0.1982408216880941 0.2862665177283114 0.4888486915513903 0.5497647389668805 0.6282146288031912 0.6823344618136293 0.7217749205365346 0.745118344400201 0.8082504497470763 0.8495184834757301 0.8843710149427235 0.9778104915766249 0.9787717266926391 1.044953468779348 1.1662802729073214 1.2229237506795014 1.3893094522653027 1.8707444826969404
141 1692 0.11033747973023701 1.88431407664345 0.19750072724483772 0.19750072724483772 0.28650887458585106 0.48550648057260465 0.5417445355521375 0.6262857113260766 0.690641924440206 0.7250854923857185 0.7526458216022767 0.8052887028142925 0.8473220028167825 0.8795940015023634 0.9683126554984415 0.9796869427751519 1.0453220919270823 1.1594615285993635 1.2042793872674147 1.3999878153808212 1.88431407664345
142 1704 0.10851046458374267 1.901768099683654 0.19666997715008483 0.19666997715008483 0.28633499458124817 0.4797537572391238 0.5433566877045369 0.6276291292705208 0.69013872993854 0.721806570974931 0.7431967947152036 0.8070824567191037 0.8453977966458418 0.8716369633985366 0.9670074192892141 0.9812331378690721 1.0457178949242274 1.1500030528622784 1.196523736496151 1.4211393976963465 1.901768099683654
143 1716 0.10554138953921925 1.9124530529531987 0.19613471805486082 0.19613471805486082 0.28271142905374647 0.4735753325680258 0.5438027796464135 0.6167845864228639 0.6958817462742716 0.7234939534567337 0.7444315063882987 0.8093432529348825 0.8487827649622813 0.8681604002491802 0.9639915204190737 0.9898910554364808 1.04354991974622 1.1425039616732262 1.1771550889040059 1.444143270073791 1.9124530529531987
144 1728 0.10275837268131968 1.9374282942830927 0.1938227372412496 0.1938227372412496 0.2798461850654593 0.4661047799547303 0.5450738389022424 0.6125091618983731 0.7007793464899245 0.7166057520482085 0.7441670135736156 0.8080127850135604 0.8492839541263851 0.8632729636412805 0.9560835224682024 0.990097703926747 1.044140095917135 1.1411076214601414 1.1840176953027468 1.4367734022173257 1.9374282942830927
145 1740 0.1018600256052549 1.9463449422822234 0.1921428218611455 0.1921428218611455 0.2818343594589273 0.46260715998299695 0.540199273213832 0.613160653315307 0.6973394412062962 0.7071052169195285 0.746861878402068 0.8119670365074442 0.8470532189489269 0.8607420553268237 0.9539518375050134 0.9930712685058039 1.0446434989179543 1.135640042780213 1.1895000515814278 1.4456313639818372 1.9463449422822234
146 1752 0.09883386216769738 1.953411566185708 0.1887233145990985 0.1887233145990985 0.2815597054946202 0.4620408400532376 0.5420061131943136 0.6131990839714133 0.6949838234931586 0.7125761042640062 0.7462244999548313 0.8034069375484476 0.8371338267541314 0.8539354889212455 0.9496895648279172 0.9881926322261534 1.0395138325590383 1.152123497724729 1.1886353770855589 1.4565016765408103 1.953411566185708
147 1764 0.09565816156932055 1.9478259919057561 0.18718910457476637 0.18718910457476637 0.2785948807780006 0.46096835242489637 0.5438803137226256 0.6059381872711885 0.6909515735705364 0.7123841877703365 0.7427142571431878 0.8037018240794856 0.8360981369017739 0.8507431151098301 0.9470439623015018 0.9873747691458937 1.0249161638160533 1.15013541117891 1.1972025788857834 1.4510229806655706 1.9478259919057561
148 1776 0.09450388251893539 1.9593335118157589 0.18713020403327674 0.18713020403327674 0.2743851066348871 0.4527452590057402 0.5433804079888316 0.6125483257145401 0.6897536444269416 0.7131060507181404 0.7454444312298003 0.7966606021925206 0.840214215882991 0.8511310393759028 0.9413970552598258 0.9892514895458256 1.0148695481603986 1.1465760523526798 1.2211638813533012 1.4581908768915848 1.9593335118157589
149 1788 0.09048212881530938 1.9695051867706401 0.18479898494593874 0.18479898494593874 0.27684039417327694 0.4487790282564512 0.547054646923543 0.6149433119662714 0.6910696157552096 0.7090710820297159 0.7417273720828482 0.7927259888639078 0.842558684450212 0.8516172627620693 0.9357577684869712 0.9859773812113817 1.0145913352083142 1.140533948911259 1.2079641212643941 1.4566442019209915 1.9695051867706401
150 1800 0.0889213957908162 1.956745215533499 0.18447775507501185 0.18447775507501185 0.27620401214532775 0.44572122414030646 0.5458334270440557 0.6167201227563347 0.6870666880386974 0.7117509156610398 0.7368959644950517 0.7924375670073855 0.8314704220056062 0.8587615840932308 0.9336336473882955 0.9779429201993124 1.0151411115817677 1.124745507221033 1.2140682873400936 1.4526817987056726 1.956745215533499
151 1812 0.08824879646958748 1.97259870115112 0.18431312021676588 0.18431312021676588 0.27146832480761124 0.44405217636727873 0.5458640079787005 0.6042823562788704 0.6916628841860554 0.7132537348353126 0.736226784304019 0.793049076485822 0.830124450843194 0.8590929237084097 0.9303721721304287 0.9788409325057018 1.014087159401458 1.1263552164408464 1.2011553140582911 1.4471703374852523 1.97259870115112
152 1824 0.09083072496392469 1.9691541827812384 0.18421719377881843 0.18421719377881843 0.26809772554224026 0.44356999816817877 0.5444797302705913 0.5979593764088279 0.6911251189996399 0.7130921078154002 0.7332084499748592 0.7908730882564405 0.8250567801713595 0.848243045426565 0.9424302381316202 0.9715522923657911 1.0133299101672746 1.121627355861832 1.1972292592581575 1.4492330839760845 1.9691541827812384
153 1836 0.09084793055016424 1.9948419218680788 0.18408855261753132 0.18408855261753132 0.2648166658798347 0.4322836320940019 0.5455609812913648 0.6040420689351779 0.6879453048751424 0.7121081859989283 0.7339916931826892 0.7865242959094394 0.8340492402463703 0.8438230808303289 0.9471838640793622 0.9990582427768238 1.0216318349568942 1.1201946987292115 1.1910130653603395 1.446245974928036 1.9948419218680788
154 1848 0.08872511554119637 1.9924348630527569 0.1820761437938756 0.1820761437938756 0.2605076356296926 0.43369680415438217 0.5448149060152124 0.6070934582620613 0.6896894043496739 0.7072708950647719 0.7339872893104543 0.7890891891821827 0.8347367156271231 0.8379054558943394 0.947333166310632 0.992132542476909 1.0293296549809159 1.113728445559292 1.1986481559217497 1.4480936664331372 1.9924348630527569
155 1860 0.08591723798031535 1.994592417469893 0.18131687708312189 0.18131687708312189 0.258603248690287 0.42887361420410186 0.5349118229503217 0.6067792851061037 0.6902870254255544 0.6994336495726522 0.7307388009405059 0.7803552923927728 0.8311326558535989 0.8403747763328523 0.9456812888781011 0.9880994916752351 1.0304912129343438 1.1121584031998883 1.20861578983233 1.4605198161760575 1.994592417469893
156 1872 0.08361139092797143 2.0035365097931477 0.18251448718112442 0.18251448718112442 0.25929276789238204 0.4182412902544106 0.5337053856370398 0.6017167797998842 0.6760908064618889 0.7019513694714355 0.7278400813343502 0.7763881029788167 0.8289161637460215 0.8373307507429009 0.9497143529169783 0.9840659845854981 1.0295097931561166 1.1130298012414426 1.2141015438108445 1.4571299677844627 2.0035365097931477
157 1884 0.07945213197899033 2.0071195239470305 0.18272291577746438 0.18272291577746438 0.25821164293854093 0.4157885737441341 0.5320322528016198 0.6014825591568258 0.6698088856520364 0.6967113785922017 0.7313744291322726 0.7811904021490473 0.8239870141521699 0.8379116627993108 0.9499123278615369 0.988255441959727 1.0197781116046376 1.1059539981582194 1.2230830214778141 1.4584152373244312 2.0071195239470305
158 1896 0.07692803757513472 2.00601964002291 0.18158941523402627 0.18158941523402627 0.25569671520207626 0.41490824364248974 0.5257586121356346 0.5967518920928344 0.6641737707898734 0.6934887211432635 0.7366772078327718 0.7774397540743488 0.8259442695030392 0.8336390772174159 0.9467191312010961 0.9880004194442612 1.0150419200556167 1.105234019794491 1.214129418880571 1.462799099026823 2.00601964002291
159 1908 0.07081863611813272 2.007920262444842 0.18000877860645992 0.18000877860645992 0.2527005627423512 0.4098178565532562 0.5291152777764287 0.5967190455701203 0.6599028818832632 0.698020798346671 0.7346861390557311 0.7728876163582558 0.8302661098469535 0.8345128883139228 0.947887415570233 0.980202952763598 1.0194877408723544 1.1063508059980347 1.2199928933530364 1.445142332245179 2.007920262444842
160 1920 0.06750102946125673 2.0041485946382935 0.17919176169955994 0.17919176169955994 0.2526853622858742 0.40592223310330844 0.5269465601071063 0.5975173230458596 0.6503383898437165 0.7006618659626229 0.7292312446826679 0.7728410339067393 0.8274135287508937 0.8341982128131232 0.9287114879043411 0.976977340049972 1.0223135223414739 1.1009377960555686 1.2145892188647536 1.4472616887075702 2.0041485946382935
161 1932 0.06491958725475476 2.0041595509538 0.17829812028263045 0.17829812028263045 0.2535179261334808 0.3991706412962865 0.5121583398199455 0.597803632571111 0.6462880032463972 0.7015969327128867 0.7272245703551226 0.7733951684374142 0.8289841058147017 0.8354405840210073 0.9296985707184331 0.9745826935158758 1.012771898690573 1.1006955427726535 1.245727357526655 1.4237684818939706 2.0041595509538
162 1944 0.06290648879857988 1.9934793672756648 0.1777637192058586 0.1777637192058586 0.2545380418208515 0.39514805407905595 0.5118631122039865 0.5997940186783365 0.6405937920007349 0.688449484722813 0.7226225342075301 0.7595662498347842 0.8284789609654815 0.843697505170677 0.9308303963375227 0.9807320496864452 1.0127146382076733 1.1050752116025468 1.2591091306753486 1.4284826730022417 1.9934793672756648
163 1956 0.05900296059803189 2.0126463235636716 0.17721617963022593 0.17721617963022593 0.2534792000090982 0.39436356270909473 0.51060474693644 0.5945629532167969 0.6379577386714584 0.6842364017935028 0.7218736580328873 0.7588152739389157 0.8252788633531571 0.8517885885347076 0.924319765887134 0.9693441747337979 1.0085569821530882 1.1098195966854532 1.2655702876750934 1.4158249865863177 2.0126463235636716
164 1968 0.05569360251378894 2.019457329028836 0.17725573102537542 0.17725573102537542 0.2528836026740152 0.3905725433607559 0.5082849426472958 0.5907993264889413 0.6450625675494822 0.679612455004907 0.7254025256537131 0.7507313500558023 0.8193684319583953 0.8506377690892589 0.9328274504446957 0.9675148857358781 1.0015162284487584 1.1342872672828812 1.2564825609115629 1.4120977840027502 2.019457329028836
165 1980 0.05249770256543697 2.0229412525314414 0.17735575863243175 0.17735575863243175 0.25148954970326354 0.3856342196287617 0.5058408174041046 0.5899237926731778 0.6512612273747203 0.6766192960409637 0.7269871564107137 0.7437113918171547 0.8119608835579669 0.8494075425025068 0.9399117500505723 0.966287580220464 0.9898012516747137 1.140093204475724 1.258608935213939 1.3994530552137512 2.0229412525314414
166 1992 0.04858392442553552 2.007971744961023 0.17761203959385952 0.17761203959385952 0.2504098868975356 0.3843653327757331 0.5038743694598399 0.5860207781947161 0.6538519211071019 0.6699242401264452 0.7176392280238452 0.74896878780004 0.8040414599452536 0.8481804786238376 0.9399574488556552 0.9614031937766364 0.9909447371071463 1.1344676132185298 1.2532313937933681 1.4031786529224877 2.007971744961023
167 2004 0.046918119562454015 2.007376737799381 0.17780752852545922 0.17780752852545922 0.2484016894512941 0.3803310243777455 0.5013369033730432 0.5876019698901221 0.653211063562712 0.665473806258583 0.7155669440236436 0.7467587769700961 0.7984543939156566 0.8478484289885279 0.9304309021035866 0.9599092276202794 0.9974206025258874 1.1281976911350835 1.2617274348982153 1.3844607772075561 2.007376737799381
168 2016 0.045836425553966435 2.000828862433972 0.1754868166000026 0.1754868166000026 0.25084387486442494 0.3779436577992123 0.5010499358507677 0.586702815884835 0.6558041589439076 0.6651623677803472 0.7160784623070234 0.7499340136587167 0.8025805505005476 0.8397757723084326 0.9168878660886276 0.9498514174198996 0.9914119025451247 1.1269302971833208 1.2590943870267057 1.3761146577561223 2.000828862433972
169 2028 0.04586975306892498 1.9993058387665372 0.17605607959809721 0.17605607959809721 0.2521710960550327 0.3746847401300919 0.48897512370524493 0.5825340046667953 0.646430954955463 0.6683705787029135 0.7212983740196954 0.7522083520301925 0.8011404732051759 0.8416776146581573 0.9152413901404637 0.9492067574964759 0.9903465687686301 1.1265622856493913 1.260658179736955 1.367710192190634 1.9993058387665372
170 2040 0.045089304220783 1.9948397957796191 0.17343376883792122 0.17343376883792122 0.2492050250203004 0.37475718433523625 0.4897110899796629 0.5807142978525571 0.6492768942420889 0.6704076535055545 0.7102035105239385 0.7559557929197528 0.8056786011432294 0.8434414792013761 0.9252290192055707 0.9424530937991922 0.9863953619900687 1.136081159652932 1.26527053364318 1.3672636464077648 1.9948397957796191
171 2052 0.04446638780544501 1.9790591634027086 0.17460796175193963 0.17460796175193963 0.2488420146456372 0.37319288954828045 0.4886339721704091 0.5729855727818568 0.6501550876656178 0.667939421790128 0.707286581250593 0.7528707711552423 0.8164983374632033 0.8508229621104842 0.9201936162273671 0.9368556422070113 0.987974790492357 1.1371838136985164 1.2627496493707642 1.3567938896268275 1.9790591634027086
172 2064 0.044110849180088486 2.020235326720856 0.1744575710197543 0.1744575710197543 0.24567528585946158 0.36615435605520846 0.48945487761238227 0.568291041905866 0.6462125479546796 0.6642476742893376 0.7083359864587802 0.7510517121175594 0.8121323677699434 0.8480732746236725 0.9131049568678258 0.9399325401466279 0.9877902196801679 1.134840227231032 1.2565329640968568 1.346739237518268 2.020235326720856
173 2076 0.04317827551231388 2.0277391047589486 0.17366532184473396 0.17366532184473396 0.24246486912360588 0.3617683177206635 0.49396793170485226 0.5624382528280093 0.6449450095274621 0.6635575063485085 0.7064440407911768 0.7558494603468962 0.8090378382451257 0.8452339292553845 0.9141680786043462 0.9385553081046202 0.9656993704455502 1.1358532406602277 1.2571554021405733 1.38400289557554 2.0277391047589486
174 2088 0.041018706545678005 2.015633551476114 0.17434709430944842 0.17434709430944842 0.24221383859960657 0.3622982222509523 0.4951342074075301 0.5597208557107162 0.6488960545923165 0.6662581932978597 0.7090898823116326 0.7420460278806483 0.80508474727 0.8447471428755055 0.9132656268688866 0.9344934470358505 0.9650468753386857 1.13979557097754 1.2512378011551295 1.3739840921665183 2.015633551476114
175 2100 0.03909097155244253 2.017583982224831 0.1730770868248037 0.1730770868248037 0.24067987589283868 0.36293848758828157 0.4963365877421561 0.5558077239532937 0.6495986359466026 0.6602267849029911 0.7059717649699944 0.7418704840010812 0.7951243187155281 0.8414953325747598 0.9062055294106436 0.9321393463591228 0.9662558456458583 1.1459332187301154 1.243237768147529 1.3825875250609898 2.017583982224831
176 2112 0.03877363313337666 2.0422771702370253 0.17212378044455226 0.17212378044455226 0.23676168448543708 0.35981843301954763 0.4936161706547713 0.5543727619816431 0.6419878268151508 0.6586074108485324 0.7052180516349953 0.7402951278430826 0.7946778289704087 0.8355896258879982 0.9117519685838292 0.9282379745270412 0.961001937122004 1.1424285033817727 1.239900449268373 1.3774654681278728 2.0422771702370253
177 2124 0.03955139493675337 2.067662285561191 0.17166025881554905 0.17166025881554905 0.23660479963208272 0.3610542262530466 0.48612245783841146 0.5612420795571583 0.6404383737026252 0.6581564474295504 0.6981306316532906 0.7359835485461161 0.7941844324654411 0.844106725250402 0.8974654586775008 0.9242220910981794 0.9547740125551709 1.1391882128760773 1.239766413507434 1.3788264529038525 2.067662285561191
178 2136 0.0410140291543011 2.057724824890335 0.16910368520981164 0.16910368520981164 0.23708227941129667 0.3591255310588037 0.4829074216496669 0.5597763240726874 0.6355615357350772 0.6565539088878096 0.7008725375723586 0.7364443068179325 0.7901829678266254 0.8502529357593935 0.9034634348615026 0.9225916180035028 0.9490023370549125 1.1404513188069354 1.2363452898568732 1.376873225139304 2.057724824890335
179 2148 0.041036815327213844 2.07449994053999 0.16843478806124082 0.16843478806124082 0.23662855154988768 0.35542715935289726 0.48189596986262656 0.5543788081053472 0.6344308574684944 0.6594022754515232 0.6998085272917444 0.7269168213120625 0.7929110454645037 0.8439719291930103 0.9104621066377445 0.9220861672185322 0.9667718939671056 1.1474523615923928 1.2575662142642479 1.3689229385842057 2.07449994053999
180 2160 0.041341911466268366 2.0819256825989614 0.16793258672969885 0.16793258672969885 0.23443192652830336 0.35088945791864457 0.47124941510379453 0.5574618400074082 0.6228122315926143 0.6549990626218712 0.6901978994465695 0.731780289852058 0.7905908876391691 0.8474007586446695 0.9121787824056278 0.9334037442434973 0.9725244619336325 1.159354627860568 1.2537774807422557 1.3694218523389918 2.0819256825989614
181 2172 0.04117312069860381 2.08181972780376 0.16872794307223218 0.16872794307223218 0.23422403410535705 0.3478734505067819 0.46439925440901075 0.5559043284146067 0.6224876210138953 0.6432703530279971 0.6998332486638209 0.7317660724683203 0.7898331021730656 0.8332662980280922 0.9042872332758366 0.9316379988793548 0.9869946277542042 1.1657952100146989 1.2644505810557316 1.3705474152246728 2.08181972780376
182 2184 0.03979599117784712 2.067697685495867 0.16939659129229373 0.16939659129229373 0.23169948320557696 0.34379762229331984 0.4612267561025692 0.5574158161974145 0.6269638610249446 0.6384852917423641 0.6989112173846669 0.7293056317962866 0.7850668013590508 0.8388810307362063 0.8977317052567744 0.9361536824866673 0.9945603558489912 1.1698710383802424 1.2574794220837988 1.3760467531374767 2.067697685495867
183 2196 0.037568861780060255 2.0789765396431887 0.1690833570450355 0.1690833570450355 0.2319780761377383 0.34567464926360736 0.4599655512017836 0.5525352920619923 0.6202735846205448 0.6364516619050088 0.6988253838736849 0.7199586742093879 0.7847761848517597 0.8344066398422606 0.8951873549761095 0.931889969927042 1.0012506564732717 1.174334021013183 1.2520488885071892 1.3651997739027615 2.0789765396431887
184 2208 0.035968313780071814 2.1081748922430745 0.16692256765978364 0.16692256765978364 0.2329225316982953 0.3446766794961106 0.45764697940925747 0.5485873753834075 0.6138692719941785 0.6319774034968298 0.6936044594723798 0.7213459412566313 0.777801145626976 0.8303309988161287 0.8959713306370429 0.9327834654871063 1.0014980187972284 1.1724851961804035 1.2507640839241374 1.3544604755672969 2.1081748922430745
185 2220 0.03459310033506087 2.0932640749736287 0.16731572901852013 0.16731572901852013 0.2327484084050799 0.33875651457904465 0.4600029116778926 0.5452766912009577 0.6129302457355059 0.6315186415886861 0.684876201204664 0.7161350090261315 0.7760855538896759 0.8258801227480206 0.8937808191279899 0.9355878069426433 1.0032131897093468 1.1706790554716644 1.2612327372161405 1.3478383112384045 2.0932640749736287
186 2232 0.034112688599510825 2.08739461605396 0.16596392884829222 0.16596392884829222 0.23335055578086503 0.3327836817762234 0.4588798345089169 0.5402802523552779 0.6027587829108196 0.6322636197395527 0.6805070210660767 0.7176240276504836 0.7746992774516823 0.8256166337611577 0.8891638689245538 0.9595244874874649 1.012177436963958 1.169847952132615 1.2594917126521779 1.352389447368408 2.08739461605396
187 2244 0.03300368462047695 2.0574685463399005 0.16541397682530345 0.16541397682530345 0.23445213764015568 0.32974474227762435 0.4605332127649249 0.5381056071285318 0.6073144247665722 0.6310159795205674 0.6685974334202015 0.7156335035610885 0.7748920255719071 0.8368929390513713 0.9048877752958031 0.9598140230560824 1.017882999818661 1.1708852450079472 1.271549708381771 1.3635700195345308 2.0574685463399005
188 2256 0.03173444122963829 2.0418191992354346 0.1647155700214317 0.1647155700214317 0.23251496093138108 0.3265699569436167 0.4619893562884525 0.5376718127083413 0.6078168191359179 0.6306303742270233 0.6697381656792002 0.7142157074019323 0.7632155072648361 0.8403147560543102 0.9140279054627966 0.9574289107657648 1.0143400854926803 1.178358244989105 1.2614422475719063 1.3616991030166365 2.0418191992354346
189 2268 0.029610709550688098 2.0404262695512796 0.16213905088979674 0.16213905088979674 0.23307422809555267 0.3267371101584492 0.45966835723621957 0.5371472513002413 0.6117288878355471 0.6320649408319571 0.6682724573609262 0.7132211945980655 0.7465623600933503 0.8403042692702511 0.9119525513512048 0.9594163421926984 1.0172760874583358 1.1741287489941676 1.2527041919808424 1.3832381206071949 2.0404262695512796
190 2280 0.027816756323380754 2.001937789069548 0.16326467738628578 0.16326467738628578 0.23233324293554902 0.32626397160164416 0.4533341121265145 0.5318235631828802 0.6114180451639589 0.6345923053175635 0.6663566338135378 0.7107257741541703 0.7387066833481033 0.8404465151007947 0.9119424359518137 0.9603976131449395 1.0140876176715101 1.1713764957795083 1.2521814699427227 1.379003706872941 2.001937789069548
191 2292 0.026428650071912082 1.9895196392048375 0.1613935237968414 0.1613935237968414 0.23579823194544353 0.3242692036901092 0.4545096723175336 0.5241535019145155 0.611680444054938 0.6367033872235419 0.6641878401723916 0.7008311107624842 0.732977825570202 0.8377089947758741 0.9165899735271821 0.9620999918185428 1.0138444204893795 1.16975036411373 1.2496288875564143 1.3745018828848314 1.9895196392048375
192 2304 0.024696037944463425 1.9888461057309934 0.1604455469753883 0.1604455469753883 0.23663351660770635 0.324547631274715 0.4522740621658772 0.5247477127519197 0.6046068438557578 0.6387720399581714 0.6715871469386125 0.699877048969836 0.7270870058142991 0.8423674049354098 0.9160430027440899 0.9571315150048127 0.9992032055317288 1.1614886375242852 1.237156795008995 1.3721536550005804 1.9888461057309934
193 2316 0.023524324822518573 1.9934488366859813 0.15929316992010253 0.15929316992010253 0.2363863816591521 0.3225752050664289 0.445072795567237 0.5227500315129016 0.6022311806651467 0.6401825793615766 0.6620568124271231 0.698061647346811 0.7278372652638744 0.8391227568140347 0.919776699520372 0.9505362818564548 1.0014236415207793 1.1603687711323278 1.2273476097710498 1.3738874035478783 1.9934488366859813
194 2328 0.0226994244945467 1.9795141542862198 0.15703108548483677 0.15703108548483677 0.23612049233257712 0.3208456274534171 0.43847162054938604 0.5198549388286778 0.6020489960546398 0.6428245411816242 0.655641960395618 0.6974423635035324 0.7155268407398975 0.834638699010683 0.9296968152892006 0.9477314499789419 1.006523628184791 1.1579706549675401 1.248245248711076 1.3731043842304098 1.9795141542862198
195 2340 0.02276201723633512 1.955765390989295 0.15644898937520768 0.15644898937520768 0.2350118096234877 0.3190290669833632 0.43643830724763155 0.5176591771056922 0.6034405685650551 0.6360545782427753 0.6585169405151473 0.6971364073122114 0.716896870854651 0.8371751539237006 0.9301138408901183 0.9500838280130737 1.0055666472508382 1.1512912514432723 1.2516586451847205 1.3697946795523954 1.955765390989295
196 2352 0.022203102125078585 1.9552072053430019 0.15559979822486306 0.15559979822486306 0.2342996520255938 0.31591972433428217 0.4335385222961499 0.5136075235859433 0.6010128312036366 0.6306920918851907 0.6512575402219871 0.6987149775120758 0.7106803560484585 0.8338227703405598 0.9291842513920601 0.9678226761162333 1.0039105583322872 1.149756648322458 1.2563036166773147 1.3806132006929224 1.9552072053430019
197 2364 0.022196915786612866 1.9459359884685559 0.15390577125432872 0.15390577125432872 0.23062113813990098 0.3147499363420957 0.43348430616749223 0.5087489203788798 0.6003676699600989 0.6289278623839237 0.653386734469167 0.6919444217682966 0.7154333337037577 0.8305068245886607 0.9258404301330407 0.9755009433532396 1.0063751523097726 1.148682336562822 1.252037435889374 1.388529587992161 1.9459359884685559
198 2376 0.021642352004106826 1.9257606112830552 0.1543662504790256 0.1543662504790256 0.2267683176726594 0.3162942683270536 0.431301655640196 0.5091305481686668 0.5991774471529849 0.6276255782277003 0.6539652908428486 0.686015078379203 0.7177041339386028 0.82001902555489 0.9321235742678053 0.98744089165406 1.0014613889655026 1.1492595139114548 1.2594549961889427 1.3923052529796198 1.9257606112830552
199 2388 0.021397864606557234 1.9026506585613627 0.15365594806967156 0.15365594806967156 0.22571696123208995 0.3149424338311531 0.430200982619513 0.5080305978029249 0.6013922843866447 0.6265131981382667 0.6570052222837339 0.6798884024573709 0.7159447772366068 0.8211929016342627 0.9242672156661027 0.9893726599832133 1.003176218968126 1.1565392842419702 1.2593383731786179 1.396428913166809 1.9026506585613627
200 2400 0.0212767624662216 1.9076932275587033 0.15317284242380813 0.15317284242380813 0.22398182475693137 0.315143225776485 0.4255565531596799 0.5069449315721033 0.5987917064167927 0.627303032376213 0.6622813136588106 0.6775773046240097 0.7126903792524346 0.8158085932738716 0.9155558789642507 0.9834793879989187 1.0233154783080995 1.1631224140783785 1.2595267868000037 1.4094467546753287 1.9076932275587033
201 2412 0.020926967824486983 1.9192041835966323 0.15273393179376002 0.15273393179376002 0.22251242983631567 0.3137055681669576 0.42470602049857054 0.5004322115202998 0.5978019869766015 0.6254361767988147 0.6638916059606478 0.6805909814486293 0.7144029991488335 0.8097890210867948 0.9174955575554672 0.9757938826710102 1.052806852444345 1.1571821429436846 1.2598154179878356 1.4035393192986858 1.9192041835966323
202 2424 0.021327497560903862 1.9120330928637366 0.15254243917073837 0.15254243917073837 0.22300641122520268 0.31303806530120093 0.4198815515346274 0.49829736625070553 0.5951926442052482 0.6256271847952761 0.6696900920162743 0.6827789877085814 0.7111617394517723 0.8143991816129634 0.913397023966616 0.972365087355369 1.0741862875185626 1.147118595684967 1.2578140550268855 1.4217253335279585 1.9120330928637366
203 2436 0.02032898942179852 1.9118915745103986 0.1514880019286691 0.1514880019286691 0.22363968978886875 0.309429415220172 0.42853159031511695 0.4989286856721177 0.5980175279587729 0.6189352059244378 0.6753370659854773 0.6839452545085766 0.7078650150327636 0.8153749010085226 0.9028166715003507 0.9703510645059137 1.0717245132333693 1.1461323276364175 1.2556159426454414 1.4251379135817668 1.9118915745103986
204 2448 0.019909551357893903 1.908031711102489 0.14970009000295467 0.14970009000295467 0.22211451029255083 0.306215813454137 0.42925938413664183 0.4964026203831025 0.5999945263319031 0.6164742220766488 0.6739260153805167 0.6827956734000761 0.705377183421725 0.8163499612240571 0.8939135487106632 0.9633837997843379 1.0662475437065424 1.1478978737015055 1.2481932415468495 1.4350659931349945 1.908031711102489
205 2460 0.01943905675890952 1.9078362088998675 0.14787125380961805 0.14787125380961805 0.22028577542903555 0.3015196395015892 0.4238279215266749 0.4947532158593971 0.5984725641927153 0.6136553768803384 0.6715356066484861 0.6825481114928861 0.7022157103485064 0.8102188974480087 0.8943577289901501 0.9613096547667572 1.0747562321493298 1.1565754472212515 1.2534802347576883 1.4430159896705956 1.9078362088998675
206 2472 0.019059917109441875 1.9234395632962626 0.14582795995158424 0.14582795995158424 0.2182108636483517 0.3013596612262856 0.42345637166686745 0.4985556780961438 0.5934518120297683 0.6169429825119191 0.6718806936570846 0.6850660579836156 0.7014963913568899 0.8079486409640203 0.8971661940559514 0.9575337535378442 1.0694851961616343 1.1657128632444114 1.2379693611081868 1.4480962522922074 1.9234395632962626
207 2484 0.01910080538065008 1.928474966678678 0.14474648253863417 0.14474648253863417 0.21913501762721777 0.3014894682785682 0.42303854934513907 0.4940234293504377 0.5895483492887249 0.6179718066533396 0.6744781798492332 0.6806308377175123 0.7040495291289848 0.8034481651804385 0.8980687813752253 0.9568801536095644 1.0486172642720286 1.1650437358225514 1.2469184760433467 1.450402220362103 1.928474966678678
208 2496 0.0192590439388486 1.935045666599493 0.14202280817146973 0.14202280817146973 0.22143486518507527 0.2986097575980789 0.42026857265478884 0.49486841320855884 0.5904120617380597 0.6160978179729762 0.6682093699759813 0.6801231866187603 0.6990919263678126 0.815997229763797 0.8980250502883399 0.9585917400788828 1.0477926935253281 1.164535681323327 1.2455119508971955 1.4605689227791152 1.935045666599493
209 2508 0.018957442497699345 1.9095517109310225 0.14150901774432878 0.14150901774432878 0.22236207211664039 0.3012613524953495 0.41699205789564436 0.49310529751739174 0.5972900318519984 0.6170506035573782 0.6709257736265215 0.6742226683954439 0.6910265204896405 0.821034039579308 0.8938363121598975 0.9537613220464974 1.0437876524822756 1.1585709353574531 1.2461146832121617 1.478348572429415 1.9095517109310225
210 2520 0.018185247761546522 1.906755002165766 0.13971038119894083 0.13971038119894083 0.22072831789235786 0.3001796024630712 0.41441323595987195 0.494195812489386 0.5916019268872486 0.6154377987106207 0.6645159982808001 0.6793516262802866 0.6899697583628192 0.8261045056829978 0.8950305084252185 0.9526183073478243 1.0430626550414932 1.1599437097518914 1.2583704115054382 1.4747414762687274 1.906755002165766
211 2532 0.01771114214298268 1.8967135457134565 0.13920263963077478 0.13920263963077478 0.21894032093373098 0.29877914797325744 0.41309339060777756 0.4958815102122144 0.5825325260923745 0.6112859442503514 0.6620023886852836 0.676020755101513 0.6845491810538623 0.8261651832903876 0.8912270930769426 0.9615168652397662 1.0470607403100876 1.158194086274912 1.2656779495511188 1.4674669659050716 1.8967135457134565
212 2544 0.017269424485660278 1.8915340357530281 0.13799739510513287 0.13799739510513287 0.2178301311204377 0.29548059425261236 0.4124983960253866 0.4954457723674616 0.5799583924469047 0.6118493074858251 0.6579003432142274 0.6729614684823001 0.683042217832624 0.8338027794184147 0.888213763229144 0.9646566774829859 1.0495635340445433 1.1645113752658487 1.2635250271648655 1.4504595605164485 1.8915340357530281
213 2556 0.016281378998052497 1.9007455416055097 0.13460906002966483 0.13460906002966483 0.21524826641852518 0.2950789508181527 0.4144464237536411 0.4975941417282228 0.5770816445310073 0.6059018822125162 0.6557619272120322 0.6711870681922221 0.6890150056864532 0.8446208474296267 0.8842033762427478 0.9632583276716614 1.0443822244701768 1.16383778230368 1.2568282111633282 1.4536972701633846 1.9007455416055097
214 2568 0.014952014991293198 1.9034464528558588 0.1337969097810126 0.1337969097810126 0.21495730059462742 0.2914591912498347 0.41433408972802893 0.4882445181524986 0.5726216406270053 0.6057871518451479 0.6522914526600854 0.672193985938092 0.6860296477747344 0.8484791222023097 0.8880308411639791 0.9600770674254633 1.0374746427933845 1.1528907936113009 1.261365217984536 1.4485338948783275 1.9034464528558588
215 2580 0.013773047913654995 1.9035163219017721 0.13208709937307364 0.13208709937307364 0.21394395015096548 0.2908914444131842 0.41639811422323275 0.4877156941327697 0.5731674001840508 0.5992134090171689 0.6555228775114488 0.6696276638770784 0.6817033204920522 0.8414052515123408 0.8923386757875864 0.9496960201481943 1.0315188571412914 1.1422420390998165 1.2484514018257007 1.442361885835306 1.9035163219017721
216 2592 0.01306883650304574 1.8982168784142932 0.13036352831675985 0.13036352831675985 0.21399268620354037 0.28787903410372456 0.4133241662360865 0.48516972629573984 0.5750973022081606 0.6005700929505208 0.6497429316667875 0.6640941700118917 0.6896174068972424 0.8366447707150467 0.8868584309025538 0.9607184390156406 1.0291898834625552 1.1232268719390315 1.240385527090624 1.4327733425718745 1.8982168784142932
217 2604 0.01260084426205414 1.8924326197749641 0.12690974006088696 0.12690974006088696 0.21043989642783353 0.2861329239303258 0.41002472778396726 0.4857110479754431 0.5660093856748337 0.6022391654134072 0.646021219405208 0.6720002750164024 0.692654357034091 0.8367563945835165 0.8904102466923749 0.9654096231287754 1.0278622401298392 1.116355202103122 1.2415993133442071 1.440545641372696 1.8924326197749641
218 2616 0.012008306803816506 1.889298803793523 0.12527064516397213 0.12527064516397213 0.20722592462395562 0.2815961050927773 0.4094639934400148 0.48936010274793523 0.5687761381270078 0.5980395852685797 0.644180391105928 0.6719630440369485 0.6896375983185983 0.8366089080717494 0.8862979625675971 0.9792356354027463 1.0299744738474972 1.116509089096766 1.2487680675368324 1.4290096739005762 1.889298803793523
219 2628 0.01128978729261153 1.896155667812737 0.12439980649056942 0.12439980649056942 0.20462910376511206 0.2781078973848921 0.40760210606141717 0.4892507931845286 0.567443166404353 0.5997452927162502 0.6452472539739942 0.6708936542371874 0.6907001314443587 0.8328145328533446 0.8785461005085872 0.9817786488341076 1.0254713091926935 1.114410335826522 1.249357900431245 1.4189715770022353 1.896155667812737
220 2640 0.01067094997958745 1.901802831645394 0.12427970540313162 0.12427970540313162 0.20147509091445118 0.27554199444345545 0.40804455616041746 0.4914010707945279 0.5587193018859875 0.6013293837106323 0.6444779028232932 0.6737387052269938 0.6933406754209639 0.829185761947447 0.8584030780893545 0.9915727363132365 1.0125544763858403 1.115948890949942 1.2647582990910382 1.4183062343727229 1.901802831645394
221 2652 0.01012651320652026 1.9150899638850114 0.1237267875947382 0.1237267875947382 0.20199407371598413 0.272588054161561 0.40803108519440984 0.49115690501181886 0.5558681478884742 0.5953410643473145 0.6434181232508613 0.6739310031137812 0.69299494087332 0.8290957033793049 0.852814789980239 1.0007820963390315 1.0042253185179397 1.112528695669782 1.249981762838968 1.4214628229438147 1.9150899638850114
222 2664 0.009697569457312837 1.9161432845048603 0.12253715890036043 0.12253715890036043 0.19846296343999895 0.27215293436007576 0.40964999642885547 0.4866449703684827 0.5557506259121163 0.5963535388171602 0.6429973932639206 0.6725261662096728 0.6940923638544026 0.8211070493119519 0.8526791675377473 0.9966087680909661 1.014697122745762 1.1188591208369985 1.2483068050813488 1.4146867397755294 1.9161432845048603
223 2676 0.00965171292755043 1.912565902103807 0.12249381148124432 0.12249381148124432 0.1984476214674176 0.27046344594811006 0.39832055130346666 0.4803880445981326 0.5558863199175569 0.5953802674652519 0.6460583574649579 0.6709583828902445 0.6921841358637583 0.8199763402107079 0.8509651930913645 0.9911079772016738 1.0136062474272938 1.1250019662570987 1.2440714294725148 1.4273265933950885 1.912565902103807
224 2688 0.009609292064898835 1.909558420138349 0.1216606315844678 0.1216606315844678 0.19614063440940996 0.26699588234943467 0.39501206802118644 0.4801458382636152 0.556057971465505 0.5959247001282711 0.6401434888175412 0.6685705725132691 0.6891994250132671 0.8204264512900445 0.8521128828576716 0.9865725643249194 1.015091224459783 1.1412190572540577 1.2666601784619593 1.4223056527325844 1.909558420138349
225 2700 0.009409020703783905 1.9074659260427165 0.12063464746174427 0.12063464746174427 0.19546712395266452 0.2639780176223236 0.3940274651847035 0.4809871138670617 0.5521300493215812 0.5959316771527106 0.6413962238198184 0.6604250319856149 0.7143246283525739 0.8213493737019082 0.8451184813287009 0.9854324200382947 1.022915500927581 1.1465839403872788 1.267514455012479 1.4060140921292692 1.9074659260427165
226 2712 0.009477571836784614 1.9111966393811888 0.11793719302586214 0.11793719302586214 0.1934162675292635 0.2631322185778382 0.3904747633862942 0.4804231741397021 0.5522057829398666 0.5935792157792481 0.6396052658023069 0.6551588784128596 0.7236668284912487 0.8204959744192724 0.8464235391359044 0.9768500081576713 1.0253683106740357 1.1469377493887123 1.2672025201995238 1.4200285715293297 1.9111966393811888
227 2724 0.009424870013379173 1.8867263886437875 0.11789617271094974 0.11789617271094974 0.19075631417675973 0.2638317635658737 0.3896872178529276 0.4812060939311132 0.5453967407714893 0.6004093004717991 0.6377299723461464 0.6521391101851571 0.7312584302150167 0.8264024380899332 0.8418765223313341 0.9657742412508592 1.0212105017181785 1.1505890105164438 1.2711574918464335 1.4704412038066907 1.8867263886437875
228 2736 0.009286800546482628 1.885363758319404 0.11803322654449369 0.11803322654449369 0.18942462577440428 0.26422942664650756 0.38073191210191615 0.4828437748057969 0.550461333259477 0.5987918747388931 0.6379443625096732 0.6517542996291817 0.7205838169510191 0.827606984140374 0.8460560113771473 0.9597031554873241 1.0283204449041254 1.1503054934892443 1.257508614762581 1.5056865737213432 1.885363758319404
229 2748 0.009337296107221003 1.8788691558143227 0.1163703242342099 0.1163703242342099 0.18887919266235106 0.26300671046639545 0.3796608985872606 0.47817766193552225 0.5530966407686814 0.5970557194157622 0.6345020694975265 0.6611047006730664 0.7171333268436691 0.835486832332465 0.8461888971737712 0.9481327411761977 1.0282633552517255 1.1527766073482617 1.2340200477955332 1.5115171689717317 1.8788691558143227
230 2760 0.009566259396195232 1.88763906309336 0.11549109358987487 0.11549109358987487 0.1878025096988487 0.2612292646352087 0.3742850805921303 0.4749205767300588 0.5443828989280733 0.5954221610528122 0.6343330429234707 0.6586282926004698 0.7227697364749736 0.8412538950885196 0.8457744615126932 0.9506002827627261 1.0322944905364277 1.1427538376248123 1.2365296637633842 1.527004809862537 1.88763906309336
231 2772 0.009522704482140942 1.9004401059219698 0.11513963623317301 0.11513963623317301 0.186279009977521 0.2593552077096866 0.37498977322460614 0.4703614125673405 0.5399863721703755 0.5913024366700544 0.6323155422817232 0.6572637525487798 0.727806704028694 0.8227668615052314 0.8477942631285595 0.9525101168991463 1.051385835754784 1.1443801880789148 1.250810733874189 1.5459881620258025 1.9004401059219698
232 2784 0.009394406257175553 1.905969633007127 0.11451175188678164 0.11451175188678164 0.18451770511118704 0.2550123484069612 0.37406354312239964 0.4714992813716851 0.5396756694993315 0.5896862651011429 0.6300044846084152 0.6663409025482359 0.7306366888758375 0.8135477211285597 0.8436972231981549 0.9486694836450905 1.0517092230702483 1.1475608841985838 1.2484299981079041 1.549221717107102 1.905969633007127
233 2796 0.00932545502200305 1.901827851374121 0.11418003399088064 0.11418003399088064 0.18318519044957798 0.2537160550921116 0.3727391467991152 0.4708876474857165 0.5392246119377304 0.5817235898945933 0.6253644738209102 0.6600315669570538 0.7295986583066927 0.8083204517727111 0.8553045113416066 0.959918737888913 1.044881849789764 1.1508084328412098 1.2401000491102252 1.5567563007395724 1.901827851374121
234 2808 0.009172638189581849 1.8905029661639272 0.11218477402322281 0.11218477402322281 0.18037430700026322 0.2538385711061597 0.36863333502860196 0.4691104075607755 0.5419605151849525 0.5856483680085866 0.6252314061109056 0.660006441643404 0.729267296273093 0.8106187674598574 0.8578532324810134 0.9701380839843917 1.0509135208767426 1.1424911309633834 1.2271447282430326 1.56701429287778 1.8905029661639272
235 2820 0.009050588948864489 1.898388839804719 0.11224029845722426 0.11224029845722426 0.18068377922904003 0.2553994796960606 0.36662682139340347 0.46765342002185184 0.5418149098647598 0.5752793623330511 0.618313909967718 0.6607943966136212 0.7245719703679951 0.8096496518410022 0.8549189388594265 0.9797480722785198 1.0467608964934556 1.120694610449151 1.2315451459382791 1.5865383155563946 1.898388839804719
236 2832 0.008907230947806882 1.8871462095628313 0.11256138028293486 0.11256138028293486 0.18013555500502526 0.2573555478036336 0.3593685232261691 0.4718391691315145 0.5417167839433009 0.5705520079773977 0.6190484828468941 0.6585133898593054 0.7235457374604024 0.8101139926800861 0.856038352032264 0.9769297012949166 1.0458799981739557 1.1294863947215275 1.2501768887051312 1.584729148708691 1.8871462095628313
237 2844 0.008751461787605365 1.8735705746287845 0.11225256424373652 0.11225256424373652 0.17815425879984628 0.2556983577514286 0.3584884904621215 0.47142823263643996 0.5394398294955713 0.5671811370703185 0.6238077159571711 0.6556373884129125 0.7295394667080519 0.804905615353925 0.8550734685347104 0.9823855005399728 1.0511879235139874 1.1214625895236907 1.2518725265940815 1.582637411586517 1.8735705746287845
238 2856 0.00844794701046124 1.8788726159109808 0.11207399546580982 0.11207399546580982 0.17772835247642543 0.2551720568622767 0.3553236886796114 0.46905349745366726 0.5401277396192959 0.5645443721395543 0.6292227640754164 0.6548763586848486 0.7198008713330643 0.8032724870465795 0.8485735260085623 0.983759891601164 1.0458001149567977 1.1136272943188232 1.2473653930970068 1.5923767248064582 1.8788726159109808
239 2868 0.007959301848257978 1.8943659358171923 0.11126823631801903 0.11126823631801903 0.1764359623383084 0.24916895480227877 0.35562735137644386 0.4666235728807575 0.5399001517019185 0.5624107773522646 0.6327020161263115 0.660882591855394 0.7197608668391214 0.8040803308293889 0.8517900084983695 0.9841927847213027 1.0386684131041106 1.1194380120320924 1.2428873188639844 1.5814409838643912 1.8943659358171923
240 2880 0.007620854097849261 1.8865267555376994 0.10971271091203869 0.10971271091203869 0.17636037923621004 0.24785760222924436 0.35273711297089966 0.4646397659780857 0.5331931694238271 0.561782893829895 0.638047610722657 0.6576863293097941 0.7219010540833717 0.8081410425163881 0.8533930314367053 0.9816940761101994 1.0343047629713222 1.1299636729056748 1.2387892583584494 1.5669229308186658 1.8865267555376994
241 2892 0.007245886718637379 1.8363440633112336 0.10947814000199667 0.10947814000199667 0.17666154812579357 0.24746829141995186 0.34654115523426743 0.46401662154151796 0.5342805574816134 0.5627432984562184 0.6334569138065906 0.6577413772265951 0.7216947361537085 0.8074139895769166 0.8525102488840915 0.9822330871345553 1.0360495079319574 1.133981213375176 1.2307940553606016 1.558880034843175 1.8363440633112336
242 2904 0.00700157919038333 1.8337780667076369 0.10932202574876743 0.10932202574876743 0.17444664066009288 0.247556013457694 0.3469619697789148 0.464535710231849 0.529038705618078 0.5650793878070385 0.634260009423612 0.6542771689689737 0.7288112436970735 0.8085985793578684 0.8506909250784894 0.9725010528395743 1.025624652359239 1.123111019314084 1.2420256749331362 1.5533565140588563 1.8337780667076369
243 2916 0.007332655084815391 1.8634380257012657 0.10819909421647711 0.10819909421647711 0.1737370888976689 0.24666508600244522 0.3457372376247045 0.462751268092549 0.5235244580904637 0.5661649347722272 0.6311551145083752 0.654120012737498 0.723372087020926 0.8008528865980329 0.8446698340600132 0.9742709399492484 1.0286011909230508 1.1207106601537389 1.2444103006935279 1.5723187753111132 1.8634380257012657
244 2928 0.0076387954182178626 1.8715080828019 0.10923796411677379 0.10923796411677379 0.17431909694296696 0.2456928150976984 0.3402574696745381 0.46438947144841386 0.5240034998074473 0.5684923614523197 0.6324119679853691 0.6581326460488366 0.7234980084567187 0.8053580978168574 0.8512453838772559 0.9751629044068746 1.0271849411861154 1.115632722451843 1.2479846688579044 1.590158902692466 1.8715080828019
245 2940 0.007917449436297911 1.8673604120455685 0.10902094079621175 0.10902094079621175 0.17333473848786105 0.2456561673837621 0.3400069142499316 0.464795558049592 0.5240526643182635 0.5727589938726118 0.6380032610179912 0.6588571355825978 0.7232051122314939 0.8051507055257798 0.844356988156844 0.975155112966385 1.0098402260392394 1.1056982471822705 1.2515693587129675 1.5942641475086277 1.8673604120455685
246 2952 0.007547099044804955 1.869447697908218 0.10832854828223297 0.10832854828223297 0.17090202129660995 0.2456234463997054 0.3371111064334309 0.4589527587418624 0.5217542544454292 0.5719520124572259 0.6380813577635704 0.6620959760317628 0.7250813171432464 0.8039850111834801 0.8404304865337721 0.9827421323862457 1.0120404749828187 1.1293312978107464 1.2494530525649916 1.5889996544619287 1.869447697908218
247 2964 0.007056977230374685 1.8661070446624106 0.10775944511140509 0.10775944511140509 0.17126814369286533 0.24439565497181864 0.3379588543962971 0.45595968987734714 0.5186218922756295 0.569750388123636 0.6405406855670525 0.65859159776902 0.7243188377310835 0.8096060077716353 0.8387787551994549 0.9813457646888152 1.0105756452266552 1.1109798322515891 1.2457024804314358 1.5782716261537264 1.8661070446624106
248 2976 0.006498914656840727 1.880490798512219 0.10735242085931111 0.10735242085931111 0.17027894730108056 0.23981869994079727 0.33666091709666984 0.45621200154572344 0.5166007242372156 0.5691439451368441 0.643954829415887 0.6566230620958432 0.7211816591789632 0.8170034913353234 0.8382323736907653 0.9807648644989239 1.0037050536867744 1.1058283523120163 1.2360684866016165 1.573709643356671 1.880490798512219
249 2988 0.006006730858910313 1.8777132383224349 0.10635296493538385 0.10635296493538385 0.17046500008155907 0.2375565740227709 0.3350639450224352 0.4590988927888284 0.515580071961597 0.5632858248301307 0.6287029323043345 0.6584982604489977 0.7209364380832333 0.8085593571963252 0.8336526198603733 0.9765843424569355 1.002189594330288 1.0975633552414943 1.2380757833949376 1.5703013521460354 1.8777132383224349
250 3000 0.005754457108835676 1.8797766795049407 0.10567344911452418 0.10567344911452418 0.16931992550048067 0.23608651101397518 0.33548360991863174 0.46004453239901544 0.5149682936875694 0.5564664761395836 0.6235617955754725 0.6576394614661702 0.7201320944657839 0.8097995160585395 0.8309933263163904 0.9697463803302716 0.9905949560193031 1.094223705651647 1.2415088109122154 1.5749962242478903 1.8797766795049407
251 3012 0.00556944386233042 1.8877425565877315 0.10397732087478817 0.10397732087478817 0.16873205514946465 0.23551541842449536 0.33282386746184633 0.4594211031599631 0.5132354470889785 0.5606622943359313 0.630295965129687 0.6560453557279555 0.7182913644387354 0.8131909880547246 0.8282559168569062 0.9671167066769971 1.002383850460448 1.094805163249059 1.2449994124058898 1.5537842342019883 1.8877425565877315
252 3024 0.00551213763712706 1.8969680779659717 0.10128590980614356 0.10128590980614356 0.16785604644325475 0.23533637093804063 0.33165417978260486 0.4577796543743213 0.5127964278257106 0.5548860200565958 0.6272116952953548 0.6579820931178013 0.7290532963046803 0.8178525526295127 0.829967809012752 0.9545028912224465 1.0014411597856951 1.1151551444687737 1.2297415972772954 1.5558908257796211 1.8969680779659717
253 3036 0.005314960663698308 1.8973251754796456 0.10157947034570783 0.10157947034570783 0.16643711094903532 0.23333182853833032 0.3299556510037738 0.4600368666237469 0.5135151544824952 0.5512993924445434 0.6273574058071186 0.6481955266678007 0.7240005217980614 0.8138430975077826 0.8277432061907072 0.970814619416677 1.0021338144320637 1.1153393285909752 1.2286538070766504 1.5578374561296007 1.8973251754796456
254 3048 0.005366214276599368 1.8891294718748293 0.09923171288788851 0.09923171288788851 0.1679460809042712 0.22939858451855388 0.32520844511928076 0.4556750868932208 0.5188513140631792 0.5495498738332113 0.6306453285223539 0.6440682774806707 0.7289674709537579 0.8166438058361977 0.8290235457990865 0.976094929717602 1.0088749983540308 1.1166717031827877 1.2288604664720764 1.5539874568022687 1.8891294718748293
255 3060 0.005325608953033806 1.9022950719192853 0.09845669512247607 0.09845669512247607 0.16725071208112957 0.23007653284411342 0.3215777583368394 0.453776499896889 0.5173579042463705 0.5518448758081351 0.6397961476264287 0.6535894959746464 0.7393558482971587 0.815079785751556 0.8372392052513989 0.9759117505019221 1.0061245756038368 1.1295441998062814 1.2179128133994754 1.5466330559760024 1.9022950719192853
256 3072 0.00530245523309283 1.8833145458136133 0.09813851345894928 0.09813851345894928 0.1666115493752236 0.22951895226258245 0.3237330156584825 0.45154828028122496 0.5144936261157326 0.5502027733467617 0.6355951820143741 0.6588367800420963 0.7395377915841198 0.8160437110805935 0.8315749218667996 0.9669192958984707 1.0107319860850061 1.1350628623494707 1.1946857608569506 1.5716955807974335 1.8833145458136133
257 3084 0.005263920076016938 1.8694094248707716 0.0977170350758484 0.0977170350758484 0.16598206926517495 0.23070553825932721 0.326800024065263 0.45093689058008773 0.5112232012626452 0.5493645609759776 0.6371304116651331 0.6658220986499335 0.7290157431958667 0.8163900475911964 0.8360416605755496 0.9546299792546437 1.0045693232797446 1.1461562347707868 1.1977449414060348 1.5745262309338923 1.8694094248707716
258 3096 0.005368727114508358 1.8719623865261605 0.0966512401729373 0.0966512401729373 0.1653455013066355 0.22860312200254632 0.32770471810526697 0.4450543858522169 0.5107633475173883 0.5469732782314985 0.6363534825275728 0.6674290777157126 0.7289936272310225 0.8168313166267521 0.8547447478882055 0.9510760555274621 0.9952013026953775 1.1386859753802485 1.1999102246758808 1.5830372000715254 1.8719623865261605
259 3108 0.005102230251087138 1.8877242613983851 0.09693501273820765 0.09693501273820765 0.16569456459998477 0.22872227702178752 0.32624787876599093 0.4383991391314753 0.5097241969152162 0.549825117244067 0.6355058199304511 0.6629313098048227 0.7205898140754112 0.823176745656213 0.8581822274470794 0.9628149304214605 0.9971484349142816 1.1456066137468395 1.1883028734183805 1.594291087119275 1.8877242613983851
260 3120 0.004945563441121209 1.8907070734522393 0.09604016826454222 0.09604016826454222 0.16465967004120824 0.22750372409377104 0.3258147546209115 0.43310359702725537 0.5056865337400007 0.5472837546048991 0.6334319337268502 0.6602332235312641 0.7240453184251328 0.8302089320882665 0.8466499365171432 0.9591202285325771 0.9961480078929852 1.148992443201658 1.1845143350556042 1.597639612546511 1.8907070734522393
261 3132 0.004840635021532278 1.8787723949417783 0.09523750989652954 0.09523750989652954 0.16306624050968413 0.2243815155589771 0.3266848537001011 0.43317572569881135 0.5064265521863146 0.5417814054230274 0.626923109189841 0.6531102307470446 0.723319887099048 0.8306893639907187 0.8489135235519739 0.9701948920047443 1.0075805806535338 1.1499487856098631 1.2100881830255807 1.5913007790795262 1.8787723949417783
262 3144 0.0047053100228371175 1.8813560577979738 0.09440219867501433 0.09440219867501433 0.1626211333546096 0.22437512487324135 0.3246271008125572 0.4335738056560714 0.5036896848909396 0.5330577358398746 0.6205878544370201 0.6444576611432342 0.7231296694734786 0.8283546703701291 0.8511055623435348 0.9669343977698298 1.0088981258486713 1.1625612975871995 1.211200831151437 1.583603446726021 1.8813560577979738
263 3156 0.004581080126659166 1.889376300657417 0.09373296583121667 0.09373296583121667 0.161167383800471 0.22332360246837504 0.3236733824453995 0.4316180099387794 0.5011573455175524 0.5329492039778297 0.6312654899031291 0.6409167084688929 0.7190458636879095 0.8219646607014967 0.8509484912877939 0.9634551245675385 1.020492776767922 1.1626279708911533 1.2221391645086461 1.558447307041668 1.889376300657417
264 3168 0.004858440700109627 1.888344448034072 0.09277298446154134 0.09277298446154134 0.1600972607403094 0.22362787955753075 0.330644064153625 0.4267515459159516 0.5032528805072697 0.5319170383600043 0.6307917189764213 0.6371418509020802 0.7148359211792875 0.8220034011689795 0.8500613722098064 0.9663474696014666 1.0361749234804367 1.1523742061883788 1.2221262410164537 1.5641294902080065 1.888344448034072
265 3180 0.005004517054504765 1.8956282836730451 0.0939866957514255 0.0939866957514255 0.15800520888915526 0.22404333230479562 0.3404222454336588 0.422455412424311 0.5072495202007985 0.536859203087577 0.6226091958661685 0.6316546568925345 0.7190470221634929 0.8076725308915901 0.8432392358551596 0.9698155474780719 1.0414488669941824 1.1526365233003268 1.2243798500872995 1.5586505106444664 1.8956282836730451
266 3192 0.0050493675478211555 1.8957010721478755 0.09310400736994032 0.09310400736994032 0.15654377292786034 0.2207647784194416 0.3401649714212271 0.4221619306781885 0.507187960933969 0.5359128988626302 0.6286010134800714 0.6352563274200309 0.7162235329708782 0.7957285281967769 0.8490034479399834 0.9709805170391871 1.0630876699801386 1.1593125752532822 1.22822269657122 1.5649038739494474 1.8957010721478755
267 3204 0.005128973251740616 1.9025583933145491 0.09256805468043716 0.09256805468043716 0.15705020952788876 0.2193385985285279 0.3428986063579722 0.42038849458590527 0.5084080448482916 0.5302968517902844 0.6159576394294406 0.6381257678486563 0.712200412995347 0.7909949940468116 0.8446846074084554 0.9729352576586238 1.0601339754347294 1.1511195111811745 1.2251426486514345 1.5664443656627918 1.9025583933145491
268 3216 0.005222907677876243 1.9211984696484763 0.09174700732088133 0.09174700732088133 0.1565278627708486 0.21776218488703034 0.34348455040504877 0.41991339210445994 0.5083112899645197 0.5328074716783213 0.6144279847374347 0.6347858401004304 0.7114372373480506 0.7835287601643361 0.8416753965902696 0.9805383267656899 1.0588949002369497 1.1403596810125873 1.2210722320704699 1.5654643998244528 1.9211984696484763
269 3228 0.004964559175670031 1.927914755317691 0.09185165138027318 0.09185165138027318 0.15337615597742982 0.21673576930248206 0.34307158683418854 0.42097776754023636 0.5157124330054323 0.5307116236775249 0.6125611938919867 0.6450977637482956 0.7104986446516054 0.7736379512464644 0.8331559475356536 0.9810819039678422 1.0687117292748574 1.1304171495858573 1.2209611132347047 1.5601021632436674 1.927914755317691
270 3240 0.004793429050401007 1.927056578912894 0.09111372259493206 0.09111372259493206 0.15343921394906654 0.2141188872505584 0.3384151157456779 0.4196112449924628 0.515234328973765 0.5283014727970287 0.6139368779774443 0.6453549199874922 0.7099580721780646 0.7768459679391584 0.8322308685324215 0.9736082769768358 1.0704630957280914 1.1310063801444372 1.2196220299436658 1.5497588035490504 1.927056578912894
271 3252 0.004634758718570806 1.9236912081808297 0.09158173826266182 0.09158173826266182 0.15169130081169466 0.21351944665950956 0.3365442137359414 0.41113087074575244 0.5144531776107127 0.5236673068027622 0.6164737357266958 0.6443386269983771 0.709498678339278 0.7737962760043384 0.8336588490165221 0.974740005896376 1.0631134118454229 1.1533570899064955 1.2193380345965052 1.5518522839960092 1.9236912081808297
272 3264 0.004639647422373611 1.938124254086929 0.09076946470650794 0.09076946470650794 0.15205307155633083 0.2139839537150612 0.33504006329986524 0.4067398730224135 0.506656455100173 0.520534667136771 0.6150424775691222 0.644689254237755 0.7059195657603102 0.7759063288563933 0.8324842499439183 0.9740510438807902 1.0635299110404066 1.1478615625901845 1.219766085153754 1.5421555629771666 1.938124254086929
273 3276 0.0044748376042302055 1.952461651216346 0.08917686514856493 0.08917686514856493 0.15202435390954064 0.21449695117997694 0.33420135644008664 0.40468444474125753 0.504964976281456 0.5179842914034988 0.6201437100561792 0.6434558494939577 0.7076473505901111 0.7771196774281888 0.8352444985175238 0.9701539452040514 1.0690176571209467 1.158561606888248 1.2310698073053203 1.534480395250456 1.952461651216346
274 3288 0.004171415605157529 1.946066852795178 0.08861849965934966 0.08861849965934966 0.15202147884657433 0.213938473059062 0.33476099020650807 0.39972580219504217 0.505452447844196 0.5258911199220405 0.6239858276862745 0.6437873481119026 0.704603065690805 0.7689084717845858 0.828032306747773 0.9648196721955259 1.0542277580573487 1.1596036608242895 1.2354279634567331 1.529377177271054 1.946066852795178
275 3300 0.0040393179093688334 1.9387580995983205 0.08627322120836335 0.08627322120836335 0.15193147072878257 0.21315259305090886 0.336156927170368 0.3963078706350843 0.5073600898554875 0.5274209565477694 0.6246569389212826 0.6379844070061031 0.7034945056009888 0.7662781352592855 0.8255220596399573 0.9663541156358513 1.0590887104459674 1.158210182035846 1.2374811113274715 1.5183330251729197 1.9387580995983205
276 3312 0.0038665398271804934 1.9413242973623301 0.08572972386792407 0.08572972386792407 0.1512346349446335 0.21369592197700102 0.33432961808786427 0.3961083983905419 0.508508753238823 0.5218758973854256 0.6209504355624886 0.6370205638029264 0.7077015306571098 0.7672639155387972 0.822989512534208 0.9662570849567942 1.0483472706223131 1.146789396032938 1.236410782489227 1.5117508347330773 1.9413242973623301
277 3324 0.003758882815379642 1.9364712370118249 0.08525852494611909 0.08525852494611909 0.15098270531001062 0.20831485029546212 0.3363263643574144 0.39638169951202573 0.502870652330191 0.523889541969162 0.6241496281966937 0.6391087473331786 0.7009128382384286 0.7627590621103016 0.8252645940516093 0.9663853087075199 1.0501892946939007 1.1368147076478394 1.2270901034914508 1.512170473155364 1.9364712370118249
278 3336 0.003601295920985428 1.9493858501689791 0.08456348871865473 0.08456348871865473 0.15153019292881245 0.20386647002153058 0.33755395300550217 0.39130502045575977 0.502196876418267 0.5276353431298711 0.6266457071838903 0.640183980399302 0.6973626769214434 0.7578201788697909 0.8279957989874843 0.9646822320581995 1.0519540730709505 1.1368848424385818 1.2344359279198953 1.5068317647573741 1.9493858501689791
279 3348 0.0036696137578658404 1.9512275086498203 0.08451857805734259 0.08451857805734259 0.1507041299048344 0.2009920576399128 0.3370012386384387 0.3880172333319903 0.49849029244469406 0.5295235534959177 0.6260120032288768 0.6410310856660071 0.6926300147083233 0.7523919857993534 0.8233482874074582 0.958479336013162 1.0397433431633911 1.1293757321202806 1.2423352392482738 1.5067481780520011 1.9512275086498203
280 3360 0.003710007990363156 1.9674679846832441 0.0833175599996105 0.0833175599996105 0.14896319399775998 0.19936914670983474 0.33526700595871306 0.3883650973999339 0.4982090593631755 0.531638137198626 0.6270630933590654 0.6380382982364416 0.6999062737960936 0.7454492054511991 0.8199363192018366 0.9656038506930311 1.057171632639347 1.1220893638199203 1.2403364443898015 1.512810608220669 1.9674679846832441
281 3372 0.0035482104306345536 1.9573228052687266 0.0830091475403796 0.0830091475403796 0.14810510611553204 0.19701046997190233 0.3374199916319946 0.3841839648271434 0.49762959229680787 0.5387168795625372 0.6262522781093156 0.6396109447754008 0.701358983274711 0.7436710458790406 0.8249495934580334 0.9631621537218458 1.0678391426397005 1.1152166354888393 1.2456160739731985 1.5187535138725512 1.9573228052687266
282 3384 0.0033458149012802188 1.9674917090166237 0.08263907384301711 0.08263907384301711 0.1460623117599438 0.19553363093189258 0.337907357276175 0.38191510195962525 0.489114056491736 0.5394882807987306 0.6256390858786423 0.6395350954349374 0.701033124071018 0.7401836294922576 0.8296452965050266 0.9607985601258718 1.0649396045597184 1.112181271122126 1.2446708229473014 1.5216966138741272 1.9674917090166237
283 3396 0.00324408664845379 1.9675342421117492 0.0820877932848704 0.0820877932848704 0.1473730308361077 0.19509963203227315 0.3360868523737872 0.37712624154012314 0.48636248461717124 0.5402922577514899 0.6234393861911134 0.6394280805845933 0.7019936402039337 0.7389208406890693 0.8251598271267563 0.9539750346322222 1.0647158757649124 1.102362904312989 1.2503887061766497 1.4996086739716548 1.9675342421117492
284 3408 0.003194360780416806 1.9685783733399072 0.08119178038663273 0.08119178038663273 0.14756607166691127 0.19496723013439868 0.3344047906368373 0.37100203984696295 0.48013385996555114 0.5408451452284178 0.6197706288090113 0.644326094929371 0.7021881960258864 0.7404604606628562 0.8159370337555627 0.9554420191091186 1.0606555393154469 1.1030033625997204 1.2627390130584482 1.4918668249262066 1.9685783733399072
285 3420 0.0032026840188458462 1.9789435622751566 0.08119583597164108 0.08119583597164108 0.1468526234835141 0.19644923305922699 0.3245717970488034 0.370197974442755 0.48156188507171993 0.5432982303597905 0.6228940737538412 0.6424337110890938 0.696717747353909 0.7380568735054738 0.8054478177213549 0.9524168551460189 1.0680411506681518 1.1002433616366631 1.266866919417922 1.500803145925822 1.9789435622751566
286 3432 0.0031240774531581844 1.9706516861448449 0.08082171603363744 0.08082171603363744 0.14722881448990108 0.19473910581546872 0.3257464837479022 0.3677873310867747 0.4799204811068412 0.541230769070101 0.6275815513502466 0.6410090431584037 0.6923527991802022 0.7317980248847504 0.8064062383959584 0.9497962424644968 1.071969083313944 1.094199161578251 1.2731616528042984 1.4980124271438382 1.9706516861448449
287 3444 0.003155314294407806 1.992915905913149 0.08074355435540781 0.08074355435540781 0.1471420381009953 0.19342439273426706 0.32664354542103835 0.36642809409922555 0.4761371119742481 0.5397403240463825 0.612845977996523 0.6336718855547356 0.6928434481303842 0.7300130603537742 0.803956605188053 0.9473539748246095 1.073386511174334 1.0944814942936194 1.2704622787218307 1.5257838996871829 1.992915905913149
288 3456 0.00322102485230749 1.9978032802599324 0.08040662228648444 0.08040662228648444 0.14774078763167595 0.18831080405350978 0.32580347896709017 0.36626073997849806 0.47359038094594613 0.5367262863070623 0.6109318158603624 0.639630016402857 0.6928610471165135 0.7388696089779133 0.822835742537258 0.9413441001536365 1.0634341462888472 1.0940900612091269 1.2628107386704694 1.5268510260672832 1.9978032802599324
289 3468 0.0031442588881016066 2.019812433169684 0.07978501806016963 0.07978501806016963 0.14730902414630437 0.18752299815966839 0.32563534244495673 0.36805891503217925 0.471442173501364 0.5409228987256134 0.6119449800201664 0.6359324148025607 0.6939145387758481 0.7441605602315441 0.8224381939916321 0.9492875925553036 1.053884145952123 1.0804641602710663 1.2504872948234487 1.5630274715067072 2.019812433169684
290 3480 0.0031010963916511185 2.0301267668873058 0.07858751859858279 0.07858751859858279 0.14618096438642925 0.186935000143937 0.32270185525350126 0.3685384867734979 0.47223578586429393 0.5389690244806812 0.6124704327051049 0.636642579355224 0.6936741858973791 0.7505076729624844 0.8325912683115858 0.9458241037154907 1.0576280442665746 1.0729865460795167 1.2366083526991962 1.563485822608541 2.0301267668873058
291 3492 0.0030580688515114995 2.0342863428168885 0.07730827622973754 0.07730827622973754 0.14653738285746803 0.18578384620041857 0.32260958668302153 0.3673760617320797 0.4709123969044273 0.5362275422783007 0.6127588557120202 0.6370587177126595 0.6961948970935425 0.747371546418376 0.8277274545264387 0.9472274350891651 1.060517933407398 1.079409176215275 1.2126001876473533 1.5870485091817041 2.0342863428168885
292 3504 0.0029627328172057736 2.04018720770319 0.07705650346978972 0.07705650346978972 0.1451688240696501 0.18589482081500308 0.3235588407907141 0.36657146752761294 0.46504683924818807 0.5375471606563037 0.6110296333966925 0.6318112017623677 0.6976496520399172 0.7504857924788293 0.8258531251952163 0.9450492946525322 1.057471509682425 1.0800150835571052 1.222515185455393 1.5581613516288997 2.04018720770319
293 3516 0.0028624125321469155 2.026668522399735 0.07734402729341405 0.07734402729341405 0.14531148247010628 0.18615205189734535 0.3221874897063233 0.3648913179810424 0.4621190609640601 0.537356633163515 0.617170023112444 0.6321922186702524 0.699231416613426 0.7527972593300355 0.8139481598179529 0.9416907957635257 1.0466155026473165 1.0965905800235056 1.2175447073166785 1.560281724099848 2.026668522399735
294 3528 0.002758483117949184 2.041511472517665 0.07601193335690372 0.07601193335690372 0.1440260066210427 0.1864386295287282 0.3219773996086364 0.362259828529765 0.46361276311071514 0.5355972109588878 0.6154978442059141 0.6364350763523828 0.6992986204880457 0.748177983754792 0.8181922103067752 0.9441283124591768 1.0385794078351305 1.096071679030082 1.2024302432880516 1.557139737628535 2.041511472517665
295 3540 0.0026679935778152323 2.0368216193010458 0.07542027382480711 0.07542027382480711 0.1443443315570281 0.18554202436981787 0.3211642663957657 0.3583115207920476 0.45952008341504696 0.5282431900004891 0.6167988594208638 0.6319577992468981 0.7042621085289359 0.7538568022066183 0.8241800459717724 0.9466141659568025 1.030464024628729 1.090698709820535 1.2017834852704157 1.5422411027805647 2.0368216193010458
296 3552 0.0026254584701242544 2.0542035015350897 0.07482997775593893 0.07482997775593893 0.14338781549955937 0.1845264036646165 0.3207808171238847 0.3565244870762504 0.4593011219797802 0.5214505339371299 0.6167137930737276 0.6260315431624892 0.6997320663941502 0.7579608731052213 0.8178196716648458 0.9436483162855203 1.0254951728437087 1.0910834653427637 1.2086293168058828 1.5354201390570448 2.0542035015350897
297 3564 0.002532387784461706 2.0456287207517683 0.07420973799132256 0.07420973799132256 0.14594100170361926 0.18361340274647603 0.32010861776357236 0.357685635341285 0.4584328265081811 0.5209840358487002 0.6156778706379245 0.6323328581915925 0.6988841721768343 0.7563559324695208 0.8089643184456854 0.9415369948841121 1.0232598850363035 1.0961030499894542 1.2167574611068241 1.5140409318026558 2.0456287207517683
298 3576 0.002489273497445522 2.0540538957555317 0.07365578702754778 0.07365578702754778 0.146287932460036 0.18173279395241357 0.31642764949996344 0.3531039713129386 0.4556865650894139 0.5164428643201457 0.6102671159327737 0.6355874560730896 0.6985937754129876 0.7516137395834264 0.8165811558762064 0.9436555417871565 1.0189953804137013 1.1051897761648355 1.2185288093525215 1.5141941325939174 2.0540538957555317
299 3588 0.0024101366636999255 2.0641185083383986 0.07322489994747657 0.07322489994747657 0.1465046306420385 0.18164527540232342 0.31441818165462404 0.35184368968944213 0.4533505022591158 0.5157134451464727 0.6188831330625024 0.6352909474423263 0.6936301469166777 0.7497535867478733 0.8188136802284217 0.9198964772773248 1.011269066085606 1.1001669054402199 1.216222341658032 1.5156265828379978 2.0641185083383986
300 3600 0.0024143044902177856 2.0650562581390335 0.07292868340658813 0.07292868340658813 0.14581782802179943 0.17924722405219393 0.31353633995554425 0.35139566407354555 0.45611410609242153 0.5175974970926961 0.6186155164129425 0.6379127474989641 0.6933621600713143 0.7360345613939396 0.8223511506738483 0.9109189970515527 1.005076906637234 1.093047720176387 1.2174308326363015 1.5066051888009007 2.0650562581390335
301 3612 0.0023497459864216716 2.04647549492245 0.07254880550964075 0.07254880550964075 0.14552077376127073 0.17674559750657998 0.3140348441153842 0.34977818372608893 0.45526518683088146 0.5193376358460203 0.6190059864428518 0.6294919081729615 0.7083027867613135 0.7367034394926358 0.823470197491 0.9034166372153041 1.0059213712310644 1.0928080880062188 1.2164151398798981 1.507151631500919 2.04647549492245
302 3624 0.002324587897864805 2.036113162936309 0.07068420608185606 0.07068420608185606 0.14591203250323945 0.17693332886784433 0.3126548189696495 0.3459115240198675 0.4548165977497788 0.5180851022337658 0.6239887815874468 0.6274633065444892 0.7112274599488757 0.7400454067115937 0.8255050626015082 0.907501444251787 0.9873053426225638 1.0905078194542637 1.22845984683274 1.5085078051206358 2.036113162936309
303 3636 0.0022682203096027736 2.012290504427629 0.0706355092518393 0.0706355092518393 0.14691212748712063 0.17713708849896911 0.31107623972466214 0.3425043304740895 0.45934363089226954 0.52342446455736 0.623238901558129 0.630813555983971 0.7088333623708085 0.753925007550604 0.8195141658250112 0.8917873823785994 0.9819166175565955 1.0769831916090893 1.2346216582019753 1.5156505115292938 2.012290504427629
304 3648 0.002302993650449095 2.001078069076998 0.06997098014628006 0.06997098014628006 0.1480168577354942 0.1748133705464185 0.31169661740188503 0.33715709334907934 0.4606241328889902 0.5238368097431884 0.6191249824548205 0.6326893425095926 0.7080392965781007 0.7537637015573 0.8206929212158912 0.8833252795055818 0.9844131936494711 1.0783062467590583 1.2295919790049386 1.5234361390329405 2.001078069076998
305 3660 0.0023363810048089794 2.0088356469637603 0.07002909850121483 0.07002909850121483 0.14987328708204603 0.17133666326220434 0.3084187619162397 0.33961770777646333 0.4593588797976321 0.5190721269063481 0.6114369434373753 0.6332624472625372 0.705608350516948 0.7523500919510872 0.822305019398556 0.8846360703989369 0.9851268172033113 1.0768322995282753 1.2463874072285634 1.5278103977943747 2.0088356469637603
306 3672 0.0023923763182533107 1.992119638147445 0.06965617793343151 0.06965617793343151 0.1494979008735535 0.16930574962810432 0.3096235578959299 0.33684526132284526 0.4608424314939509 0.5143502965376746 0.6105527441722395 0.6300665050931022 0.703712819503905 0.7533504947667682 0.8357550173746617 0.879894207316623 0.9943414669297524 1.0779247656627058 1.2473185222553806 1.5425181200197913 1.992119638147445
307 3684 0.0023939368529708517 2.002168329448233 0.06942059760651137 0.06942059760651137 0.15021557964816148 0.16875371391355795 0.31034878694887813 0.3308960419855891 0.45622400755582093 0.5055459629910665 0.6115295116369054 0.6304863311743368 0.6968899676449343 0.7498170373870892 0.8387456734083136 0.8807743778051095 0.9969533752031279 1.084666941558415 1.2430219031399337 1.5631517836951898 2.002168329448233
308 3696 0.0024778220723912846 2.011074557818831 0.06949510728629837 0.06949510728629837 0.148860582697113 0.1664140592514398 0.3104556783349754 0.330390851547873 0.44891714417420564 0.5008044408631922 0.6102474797591817 0.6267798659606203 0.6995721719424479 0.7518714194267087 0.8394976522040778 0.8859756859805223 0.987395796270215 1.0871731328164136 1.2331930983750496 1.5927052377714013 2.011074557818831
309 3708 0.0023840625711694114 2.0345908364046554 0.06873457743511588 0.06873457743511588 0.14923953192454364 0.16556096847563667 0.3079663542861801 0.32949870697915945 0.4473497621573108 0.4968707145384859 0.603981633080974 0.6265070352072014 0.6995586333521039 0.7495365984542189 0.8396519551139879 0.8907919997885195 0.9953331855596929 1.08378797367646 1.222898432846609 1.6328917042345155 2.0345908364046554
310 3720 0.0022375643645251397 2.0486567691145954 0.06860481230030133 0.06860481230030133 0.1509911878462291 0.1627159368484681 0.3052463234540193 0.3258591937103352 0.44804057036565464 0.49549211287310463 0.5940103881294697 0.6286327219011196 0.6988983370003881 0.7448194576416498 0.8341998480127112 0.8957303774889327 0.9859866230963208 1.0910581588989303 1.2222211378918357 1.656782894813125 2.0486567691145954
311 3732 0.0021517824823505736 2.0582292453019253 0.06810731649754151 0.06810731649754151 0.15024875727155668 0.16379641272416295 0.3067924444959047 0.32456657745705597 0.43732054730866426 0.49676736720879555 0.5943947446439439 0.6264899897367402 0.6982488090353092 0.7472513243703203 0.8254745572994366 0.88854085045598 0.9858420246035366 1.0933326019510212 1.2152541967065449 1.6517073279250352 2.0582292453019253
312 3744 0.0020811324834195256 2.06951374504507 0.06763412403962615 0.06763412403962615 0.15144544765260873 0.16239937973194402 0.3038003506987024 0.3214620865007894 0.43590434402419154 0.4875929065167157 0.5960330322811562 0.6285756922825566 0.7016520894624803 0.7425605819330648 0.8263404423880293 0.8889441058882601 0.9949040003723606 1.0863219832039832 1.1947440191689414 1.6559554560773135 2.06951374504507
313 3756 0.002023437612623268 2.0706900996472672 0.067526323108121 0.067526323108121 0.1506023228331683 0.1585799051267032 0.30267342208988685 0.32207206542100425 0.4298191559680311 0.489076611498033 0.5938784034536713 0.6273314278866398 0.699065715498897 0.7539067100295493 0.8266297351353246 0.8933868619058175 0.988732782854104 1.0844382381260944 1.1868286544589286 1.654603031195427 2.0706900996472672
314 3768 0.0019758550383366324 2.0674996707765594 0.06714381836123186 0.06714381836123186 0.15169118863830722 0.1578046657490132 0.3024447083904452 0.3203411433344619 0.4305641170512414 0.48928674736927796 0.5905159504448994 0.6209280754039062 0.7003746852513619 0.7421465531873757 0.8261862738509452 0.8984470747096204 0.9922249324526818 1.0755258895556072 1.1856142435470118 1.6520640982804342 2.0674996707765594
315 3780 0.0019313183071935057 2.0687162457489974 0.06703989452147104 0.06703989452147104 0.15124073804780552 0.15688871056673928 0.30007397096181526 0.3195478032658774 0.4261920088068061 0.48662666572151153 0.5890542871723499 0.6223709852248431 0.6879772468389523 0.7393958909923459 0.8263039870850238 0.9048046261712269 0.986692977178197 1.0727743451198402 1.1829952058065043 1.659679374475094 2.0687162457489974
316 3792 0.0018593463401923441 2.051400597457934 0.06666441351333945 0.06666441351333945 0.15083293384629165 0.15675688251018333 0.2953855063757076 0.3231984634327007 0.42653068956353 0.4844704698783674 0.5853245798345037 0.6171375307885737 0.684754858290523 0.7514123371992635 0.82792127645028 0.9266815586725906 0.990037378510227 1.0751181085319301 1.179076618539831 1.6527852224750024 2.051400597457934
317 3804 0.001840931953581512 2.058780325553954 0.06672897166229942 0.06672897166229942 0.15045800012464347 0.1534464861629255 0.29378453374252056 0.32101690418405 0.42554480461102323 0.4839597140965539 0.5859979108135401 0.6150290515984551 0.6837076754496704 0.7524093216958156 0.8283187342526835 0.9198445358615677 0.9873150701038279 1.0712072573363374 1.2143171015409149 1.6360107528678225 2.058780325553954
318 3816 0.0018552307496974914 2.0766836963187254 0.06620067942010097 0.06620067942010097 0.14849924362703737 0.15233696954525658 0.29342659408547966 0.31963390991083823 0.42383701515183836 0.4895523000321915 0.5847962806133085 0.6181059059835965 0.6818149998042271 0.7508800089734966 0.8283710241852449 0.9284190219378262 0.9907231797943976 1.0580884314094228 1.209146457762709 1.6369857396499268 2.0766836963187254
319 3828 0.001855339250993346 2.0860188924599363 0.06559607034391174 0.06559607034391174 0.14722877164105486 0.15222197127200307 0.2925849566542087 0.3226190155697967 0.42100475633143586 0.48395871734933193 0.5783561998667645 0.6202991691466054 0.6793391170679011 0.7519309006290897 0.842741942638976 0.9256575156256225 0.9890893732689171 1.0631660070201645 1.2105524590769896 1.6376648504417346 2.0860188924599363
320 3840 0.0019019332578268724 2.1085220686448687 0.06516346727843672 0.06516346727843672 0.14889586142858482 0.1527653090740459 0.2901476906962193 0.3206360628835704 0.41923601081292056 0.4840016751001121 0.580248138114473 0.6152420785220764 0.6782112354954641 0.7565707606731229 0.840932336430022 0.9226098893446149 0.9945531284996466 1.0628143243536747 1.1997624473137762 1.6367656236680612 2.1085220686448687
321 3852 0.001964353372700811 2.1199854189209435 0.0648397466631489 0.0648397466631489 0.1465910953940403 0.15426345528361537 0.28932278543606094 0.32015303469286405 0.4192495008664011 0.4845883601677766 0.5732663991463136 0.6218701075059957 0.6737349241350259 0.7575499473408542 0.8353618487380277 0.9207093424232798 0.9916915217494718 1.0809320992460263 1.2189720939767412 1.6315736889227768 2.1199854189209435
322 3864 0.00196891373198255 2.1422527362528556 0.0647671100259283 0.0647671100259283 0.14434529258419995 0.1545521759613315 0.2902907848503089 0.3172172769529987 0.4184970179922518 0.47753290433035794 0.5713465423213574 0.6410007158559967 0.6734761129458682 0.7540139523052064 0.8453075573151951 0.9156064606311499 0.9940472086880106 1.0780478745633428 1.227474397819629 1.6231033732184514 2.1422527362528556
323 3876 0.0019574690808828485 2.1464308389941733 0.0646850774804486 0.0646850774804486 0.14356364371777572 0.1541639685068136 0.28777503461303033 0.3143646939304259 0.41630501959870203 0.4823681776718247 0.5696017164910075 0.6467712172312062 0.6779278124977459 0.7586734915714287 0.8495046540604121 0.9092397412407133 0.9887840454087767 1.0776764904247964 1.221883825082227 1.6137056230058842 2.1464308389941733
324 3888 0.0018752141388483654 2.142506873829528 0.06399412636619353 0.06399412636619353 0.14162444967404786 0.1547269994100279 0.28852877056318543 0.31515416635126225 0.4109140845189652 0.47838248798287514 0.5704480746259618 0.6464154488776105 0.6719351143122029 0.7590514096928901 0.8507203654945327 0.9089777843093965 0.9853909896589627 1.0755695460107686 1.229759378883585 1.6043153813009254 2.142506873829528
325 3900 0.0018232676568639356 2.1305075916886884 0.0639652692103159 0.0639652692103159 0.14232634794566223 0.15435859206823402 0.28862799001663325 0.3072556327839348 0.41437698593315253 0.47820580085568726 0.5710820443346596 0.6423188622734153 0.6653712980030527 0.7576764014569717 0.8492660207756652 0.9225754004280373 0.9865706904877817 1.076793960665521 1.225587678130457 1.5957156923163531 2.1305075916886884
326 3912 0.0017998358333142226 2.131463153365232 0.06372576076456009 0.06372576076456009 0.14211369806934931 0.1508126450083165 0.2889906197920825 0.3064560084784246 0.4144997515742172 0.47799517685511783 0.5680141478674701 0.6389092190827901 0.6737983997853111 0.7602829285782888 0.8358197417125032 0.9258260562339206 0.9855035838533152 1.08046819882069 1.225397015066767 1.5904328413463178 2.131463153365232
327 3924 0.001757794904823526 2.124238861500071 0.06338094652574626 0.06338094652574626 0.142412166420398 0.14938766794029296 0.288924940947171 0.30441838494276463 0.4116208158801977 0.4749336677024129 0.567261591293976 0.6397398783729924 0.6863499088172841 0.7481717363892537 0.8266637725211129 0.9275658484963488 0.9794855116156833 1.0823590675719401 1.2243089064324295 1.5915095742290868 2.124238861500071
328 3936 0.0017248678870391157 2.1415557803073266 0.06320762515599235 0.06320762515599235 0.1397075952154629 0.15092913525814322 0.28830475004835404 0.3038517595515804 0.4103577111204947 0.4747250918901815 0.5675959467354982 0.6386088124912549 0.6817722419137826 0.7464777503107293 0.8255503864796826 0.939593882800598 0.9814272995751578 1.0787604890702691 1.2115015121445616 1.5992333909235343 2.1415557803073266
329 3948 0.0017724905269608324 2.1490230097360468 0.06251188789156378 0.06251188789156378 0.13859537813578168 0.1524133926617549 0.28772152315754945 0.30204152131750145 0.4017618839964278 0.47886505675866997 0.5692124413007894 0.6401022978707419 0.6843012390559091 0.7515081069928431 0.8209220853828033 0.9371172468333676 0.9797879168527606 1.087332390440468 1.2134638614164082 1.5856449846046237 2.1490230097360468
330 3960 0.0017131681045834892 2.1536462863856234 0.062011527883534284 0.062011527883534284 0.13797254049219101 0.15246089198672985 0.2869446948477473 0.30118216158042393 0.4025137422790793 0.47878311314690125 0.5682534388145586 0.6630416693696466 0.6875092772453342 0.7403786883102728 0.8171923864306432 0.9396507762342211 0.9750328801375812 1.088051781732862 1.189787586980708 1.5812172408400953 2.1536462863856234
331 3972 0.0016048388251861845 2.159352466067157 0.06153869945570841 0.06153869945570841 0.13648687213295024 0.15149521775866348 0.2861871521953406 0.29688690217529334 0.39937037797780656 0.48147785853907643 0.5667367367278233 0.6609724862359596 0.6862606392574546 0.7418068878099242 0.8168571535120032 0.9379295899910453 0.9746866707688011 1.0781420034057208 1.190223080151924 1.568031434756183 2.159352466067157
332 3984 0.0015203153633492335 2.1547279943965862 0.06086196561816744 0.06086196561816744 0.13652612981505297 0.15286818986548115 0.28544461434913626 0.29646074809331013 0.39817320272123413 0.48198014180345955 0.5635541491810755 0.654941236002711 0.6863887820478148 0.7428626969467558 0.8096575203734323 0.9281197889986424 0.9631326192759241 1.0795793881489397 1.1938606146992043 1.569792764518529 2.1547279943965862
333 3996 0.0014705360581117595 2.1837042762573624 0.06032122780399966 0.06032122780399966 0.13581731339176273 0.15231353708181125 0.2868615373860763 0.2948362394357049 0.3988241592932075 0.4807216855589977 0.5564302169294326 0.6547940526469027 0.6889842000736675 0.7398315360701766 0.7945898009271631 0.9259814501163238 0.9655327361043806 1.082739215161189 1.1937487242600329 1.5665812629785842 2.1837042762573624
334 4008 0.0013785686889455806 2.1933224072454416 0.06086708280989632 0.06086708280989632 0.13590863221186233 0.15224134033116243 0.28043213045194754 0.2945715108078228 0.39155907191268213 0.4853583801799429 0.5530759125448456 0.6545621007141346 0.6925218750907937 0.7341381881247591 0.8010078057091513 0.9159647606418129 0.9644396915762949 1.0830434964389895 1.1899501272467687 1.5720110198684083 2.1933224072454416
335 4020 0.001343770554371439 2.1855077496797337 0.06027545236395701 0.06027545236395701 0.1352481754873373 0.15325386225405616 0.27685590893548223 0.294682501712283 0.38766899751746897 0.4910399339875964 0.5517567224093464 0.6517015277783437 0.6955194179394069 0.7200308202172427 0.798849473122952 0.9206912769116821 0.9611204650798711 1.079977045967546 1.1880436123833817 1.5746899463840314 2.1855077496797337
336 4032 0.0013401425891896147 2.18353817522287 0.060174606850234964 0.060174606850234964 0.13281387596198405 0.1530669703670382 0.27741798543120905 0.2944395600585581 0.3880073696528089 0.4975304362918739 0.5524810537834914 0.6511077312506752 0.6915259063816122 0.7155762892964408 0.8009418445218623 0.9098303159797031 0.9589843864680875 1.0788316264802613 1.1796097104340957 1.5645359154544065 2.18353817522287
337 4044 0.001351103772413814 2.2009632203327225 0.05932029670088596 0.05932029670088596 0.1321234862653379 0.15305814679858876 0.2773544961557968 0.293581394915705 0.38755838991391534 0.5085518954469543 0.5458725862550659 0.6470113132005921 0.6869953713230719 0.7193576586279432 0.7950064114913202 0.9041063514098784 0.9599376247181816 1.0803783693921059 1.16644915369189 1.5660206113285513 2.2009632203327225
338 4056 0.0013255245856737857 2.1916622455876196 0.05956797701041297 0.05956797701041297 0.1309544046061339 0.15196537912884256 0.2765022634359012 0.29286004210177097 0.3874195659290679 0.5156006859526355 0.5436270437223533 0.6426921741806602 0.6824570530375708 0.7185721300305971 0.7978681399352542 0.9100380816917876 0.9593492670300146 1.079322782712276 1.1677824394942906 1.562309565162302 2.1916622455876196
339 4068 0.0013236822793366403 2.185727989394831 0.05972554933719876 0.05972554933719876 0.1309347778428108 0.15112236056671458 0.27735735901569497 0.29299760616572784 0.39050913747400323 0.5199065228679898 0.5425622762369595 0.6468180272111961 0.6799958444618353 0.7164997100025158 0.799756391729193 0.9080162771335191 0.9446632767428779 1.0644782899098209 1.1651933641591443 1.56037066057568 2.185727989394831
340 4080 0.0012973176639829002 2.1706258586519844 0.059902810478461646 0.059902810478461646 0.13015871015384 0.15042692855958487 0.27951172837500354 0.28682420240283873 0.3896225174490997 0.5224402006975564 0.5436494431484943 0.6583949813334093 0.6718995502075149 0.7200921614787954 0.798851950841173 0.9079971121738581 0.9559306964464649 1.0635575635200292 1.164708059300468 1.5534235199858883 2.1706258586519844
341 4092 0.0012825295729546652 2.1546477716300787 0.06030107595206712 0.06030107595206712 0.12717440877084232 0.15027309242064818 0.2764603102935443 0.2866552917158341 0.3873626902781368 0.5214386075483276 0.5447468795230056 0.6627653790975111 0.6652516734457875 0.7200060538099318 0.7989645700302223 0.904625900232282 0.9554411630820193 1.0627704767136332 1.163976399511539 1.556744299564429 2.1546477716300787
342 4104 0.0012369439058319608 2.1670022486855114 0.05957977827560885 0.05957977827560885 0.1272366237740128 0.15042155970940005 0.27635652237944375 0.28161995696948094 0.38341755230479546 0.5285758243591706 0.5464976133984625 0.6634153493961112 0.672758637678593 0.7262718272572172 0.8043424721677399 0.9040931005172901 0.9616862252164913 1.0545523567842472 1.1642623173226294 1.55269976002724 2.1670022486855114
343 4116 0.0012381277586601797 2.1576154211508554 0.059261651270359234 0.059261651270359234 0.1264128366805095 0.15027039209365758 0.2761638345197157 0.28380782479746763 0.3763643449983733 0.5295891656761686 0.5466087342856278 0.6654154408599288 0.669199002426734 0.7274207374105798 0.8118196396464052 0.897948711830588 0.9604801976898837 1.057248113593065 1.1531002122513516 1.5472809166585328 2.1576154211508554
344 4128 0.00126082773852803 2.149596780771206 0.058742318677530686 0.058742318677530686 0.1242795520185185 0.15122788555141595 0.2758485356620828 0.28489446129241996 0.3733890402352771 0.5311972980867996 0.5491382886045941 0.6683281723502847 0.6702958994714201 0.7296550428220706 0.8168673186090996 0.8946636295395923 0.9578434804005242 1.0531498324719555 1.141073275293541 1.5604450687867912 2.149596780771206
345 4140 0.0012541752731833463 2.142938315408664 0.05824834428298298 0.05824834428298298 0.12287863301055939 0.1501244358154234 0.2755766249612788 0.2847203902309212 0.37312579565558446 0.5283500306847924 0.5462273647877751 0.6618348663452112 0.6776143597875792 0.7286066435309031 0.8147690249843801 0.8937523812130443 0.9557869234247552 1.0630591398090017 1.1394374077113407 1.5761514623905346 2.142938315408664
346 4152 0.0012773237758725493 2.092600990719285 0.05774531787872724 0.05774531787872724 0.12170046916825522 0.14848915763417112 0.27487902232677947 0.284691957117899 0.3728429986348844 0.5303811523618626 0.5471602313018844 0.6580208564642864 0.6791062020380522 0.7328327396223291 0.81765157460733 0.9014628900819763 0.9439741285595272 1.0638181784602156 1.1383294543586344 1.5816037136412973 2.092600990719285
347 4164 0.0012287538210676843 2.0804904750386113 0.0572588216191048 0.0572588216191048 0.12046894707927042 0.1462614716337836 0.27381035442862145 0.28386825887623884 0.36866663189559035 0.5287550394420735 0.5468279649242423 0.6594952922899933 0.6786419996778255 0.7346909738720123 0.8211663900081305 0.908169289257894 0.9498586522867842 1.063414269255187 1.1400541109231137 1.5978612547599522 2.0804904750386113
348 4176 0.0012212848085326844 2.087305500307704 0.056842296088639874 0.056842296088639874 0.12013599708878174 0.1451960707264583 0.27261937594961194 0.2813818169968294 0.3648775375360239 0.5224561604056382 0.5457240500200811 0.651431941452356 0.6770875444697247 0.7381989894976861 0.8198715508084312 0.9026531616659889 0.9542438107507761 1.060246446576378 1.139246624313953 1.6074647797491946 2.087305500307704
349 4188 0.0011918180036751913 2.0902316725479277 0.05657388208348469 0.05657388208348469 0.11852674126742684 0.14490180206372913 0.2733521303987515 0.28004871937142295 0.3632669290000291 0.5185406297532439 0.5454578695721591 0.6547383092566905 0.6702769499902159 0.7412972805654211 0.8183755199371081 0.9087786372636699 0.9440639668854122 1.055065880745599 1.1399489810241075 1.6245695044417774 2.0902316725479277
350 4200 0.001157875087330129 2.092054941984834 0.056252591163207535 0.056252591163207535 0.11639634919885514 0.1450277063749551 0.2727867941445431 0.28049041077646286 0.36294350459848934 0.5117460219035626 0.5453906515891322 0.6523281983139442 0.6671466979776454 0.7428654740120018 0.8212705834043639 0.9155449537699651 0.9430899659286978 1.053456457733498 1.1480912828654584 1.6071847455354118 2.092054941984834
351 4212 0.001147561493382615 2.1176828624817277 0.05519843675828608 0.05519843675828608 0.11610740179421183 0.14396546263698376 0.2732798936781496 0.28004669230920837 0.3635116483466737 0.5101856184527889 0.5466847126124824 0.6453605311102146 0.6612208065165779 0.7407921896059831 0.8222252333785542 0.9107860943645651 0.9347488380755897 1.0539049561753806 1.1416851496721454 1.6336784092321122 2.1176828624817277
352 4224 0.0010951666366930393 2.1229294619573627 0.05453051384094259 0.05453051384094259 0.11460281945906572 0.14301305781786977 0.2741617099081243 0.2836278301749118 0.3623455709614874 0.5042262024433428 0.5482060045374866 0.6375184509675011 0.6662916473420673 0.7388577893767783 0.8265199121335093 0.9160319122995673 0.9235640065163154 1.0538731681415294 1.1326549595700968 1.6235122892982214 2.1229294619573627
353 4236 0.0010814830425919986 2.117588142432795 0.05409142720129233 0.05409142720129233 0.11420781799740742 0.1411675866162742 0.2745532752163999 0.28295269396462513 0.3577832941214333 0.5049973597908965 0.5445693428735121 0.636564417203977 0.6654156008101 0.7408395155952318 0.8345048322657238 0.9170032768147521 0.9285143369527081 1.0531435999848842 1.1272469147083932 1.5975239452121153 2.117588142432795
354 4248 0.0010851897532447594 2.1113170548778544 0.05401342177970827 0.05401342177970827 0.11297749774115787 0.1395215235121865 0.2750853298532216 0.2838623547782582 0.3561565874872214 0.5035223248125692 0.5469796299677312 0.6380956967322909 0.6615311701356338 0.738106297208426 0.828448709592716 0.9127703548882001 0.9347421376488123 1.0439338828646336 1.153525850767375 1.589166449234033 2.1113170548778544
355 4260 0.0010928572670781181 2.1119244349809803 0.05352106366566595 0.05352106366566595 0.11256978805746515 0.1390663739688574 0.26983329389272576 0.2796388862719567 0.3612583677059931 0.5034267888441911 0.5450231123938408 0.6382579927679821 0.6640253774932916 0.7366265698456438 0.8249322208549474 0.9248718339885855 0.9412488825537463 1.0379346956384992 1.1633643001119256 1.5904768509224947 2.1119244349809803
356 4272 0.00106425650636317 2.119214253409458 0.053757195056013465 0.053757195056013465 0.1133274490310537 0.13886095210058308 0.26911024306845066 0.2780923343236473 0.3618592775251136 0.5014652806503533 0.5442933585610822 0.6343739483406309 0.6641181810527711 0.7297448246133666 0.8236379475950703 0.9199709812878935 0.9420761444184148 1.041437761401824 1.1690015489096204 1.590836623936919 2.119214253409458
357 4284 0.001050074539094142 2.1056315819006386 0.053319166059891294 0.053319166059891294 0.11344448655841219 0.13854613988759884 0.2664571091646706 0.2752674493876866 0.36151027491392984 0.49758822056930335 0.5447995575987447 0.6337842663084807 0.6629197359211938 0.7229100578697546 0.8236202783206927 0.9216846918782747 0.9430706467101149 1.04004205376468 1.170979953887677 1.6134300669813537 2.1056315819006386
358 4296 0.0010526790361782355 2.0941962673092087 0.05295578719776823 0.05295578719776823 0.11286587319133624 0.13719320494291495 0.264156887739265 0.2745535314968688 0.363083094546025 0.48742195912340147 0.546214519346533 0.6309450705882536 0.6651640249475315 0.7191563322337563 0.8176828159892702 0.9192302780886272 0.9444940951215616 1.0355025615264541 1.179893681803105 1.625274794890529 2.0941962673092087
359 4308 0.0010614665326302657 2.083910117935269 0.05264493270452921 0.05264493270452921 0.11231135745218944 0.1365278607704929 0.25903734887804986 0.2740975142250512 0.3626196910054212 0.49177083605943406 0.5440447356340743 0.6304935294460995 0.657651070037551 0.7197062493994373 0.818536575074525 0.9175763085248339 0.952008079540451 1.0246512973633823 1.1908617768825163 1.6656936884254845 2.083910117935269
360 4320 0.0010935591338243362 2.0889084551839217 0.05119078927201679 0.05119078927201679 0.1109496968619618 0.13642359542638285 0.25703329324387486 0.2734480217748523 0.36210847028804055 0.4924349251020787 0.5456052524644625 0.6343509230499492 0.665786105181497 0.7268738270179051 0.8098874496199199 0.9163909666343172 0.9551410784586682 1.0150902734362703 1.198154588425122 1.6622474942672325 2.0889084551839217
361 4332 0.0011035615702219336 2.081378400723239 0.050786939581421164 0.050786939581421164 0.1121264645755365 0.13549791047915116 0.25790405308897146 0.27270326426986713 0.3588854600372746 0.4941637725351014 0.5455401759817994 0.6320915110916224 0.6729117582767401 0.7208061037798111 0.8086068159421212 0.925671785817315 0.9489194171637596 1.0138390796218726 1.2053505478864606 1.678797148837761 2.081378400723239
362 4344 0.0010946703065497995 2.0806332464729174 0.05044866560369815 0.05044866560369815 0.1125024126116714 0.1357590295505571 0.2565029886374692 0.2703166036795304 0.3567234468576909 0.49426614795103413 0.5461004511932602 0.6298360316730248 0.667354995238451 0.7235595690620701 0.7927797964668243 0.9328105331150518 0.9484700708229223 1.0165757539201343 1.2030090574780792 1.6877161082166166 2.0806332464729174
363 4356 0.0010377702947404074 2.090588120598362 0.049963333617840916 0.049963333617840916 0.11200104332015243 0.1352561466928204 0.25587200375493907 0.26941745165765363 0.3587542020793403 0.49590491194380737 0.5449162065072156 0.6276182334937216 0.6681199350559398 0.7236595706223147 0.7899850224658481 0.9201146045507491 0.9405871883568425 1.0178459895940943 1.1993136274700387 1.6913769230758422 2.090588120598362
364 4368 0.0010270372489227866 2.095265876424268 0.04927586976689159 0.04927586976689159 0.11123844522757804 0.13589846477341014 0.25397138361053245 0.26725724674251194 0.3599110133286165 0.4966904310496669 0.5409378018101334 0.6261726661294392 0.6653073792670792 0.7278330695807815 0.7977327937094812 0.9189541082838953 0.9359450653313655 1.0183402140114062 1.1941905477767936 1.6923749860183 2.095265876424268
365 4380 0.0010344353217578573 2.092713614324663 0.048658024852539054 0.048658024852539054 0.10984147581307943 0.1360404769229708 0.25347443069554826 0.26194421869816464 0.36627248984152444 0.49708444066625207 0.5406055345609678 0.6279873170429705 0.6630398040725474 0.7267960502860826 0.7975786739628747 0.9166540669951381 0.9328475418493793 1.0207990810012881 1.1919140570076439 1.6955000876140494 2.092713614324663
366 4392 0.001008430068262649 2.109647410529556 0.04848960388410369 0.04848960388410369 0.10932754669902098 0.13494520221971446 0.24980470763551935 0.25890564944235833 0.3675531782490089 0.4963396409190257 0.5491603622380107 0.6301869534644142 0.6637669814826316 0.7260043083668608 0.8004683595361354 0.9161620643896858 0.9272355221197047 1.0332038068322307 1.1792140334198915 1.682062247117828 2.109647410529556
367 4404 0.0009675195332080939 2.133392267651956 0.04807977272562534 0.04807977272562534 0.10939726297145513 0.13374626529460104 0.24828244754596332 0.25878374050323855 0.36913818034799806 0.49700007706849275 0.5472202171367748 0.6267105443266131 0.6620842654942773 0.7220613881630692 0.7946492497326193 0.9183080765570069 0.9431222477487526 1.0408625002541978 1.171580136634934 1.6646241850430032 2.133392267651956
368 4416 0.0009694156948673397 2.1361033846916775 0.047124734969972604 0.047124734969972604 0.10644910123726606 0.13310769353568702 0.24805212758403541 0.25831454620735067 0.3682661709945231 0.49321844680013854 0.541702111833654 0.6228645180851556 0.6597557208385155 0.7201872275882879 0.7984128740521723 0.9214810188392888 0.9446325783813143 1.048237635546246 1.1710643596099448 1.6634798901057584 2.1361033846916775
369 4428 0.0009467506041362944 2.1340091398027874 0.0467024716035344 0.0467024716035344 0.10670944730170064 0.13286632028000925 0.2452374645467344 0.2533062643676942 0.36525607278286915 0.49135750821960306 0.5494610024772699 0.6193099630304881 0.6554333803536365 0.7190871345489024 0.793489037820181 0.9197127946834643 0.936680801542125 1.055749325363962 1.1919475700787294 1.6552158273369608 2.1340091398027874
370 4440 0.0009282387173607772 2.1472738777562146 0.04613047666839812 0.04613047666839812 0.10548891276557344 0.1309735693854853 0.24244561018286348 0.2539316332895596 0.36476812351853727 0.48867034199260917 0.5488007129598118 0.619443552347476 0.6566067131401773 0.7217024491926539 0.7974658047501081 0.9231458376787737 0.943770146496026 1.051686637614499 1.1878376148886265 1.6469196137827864 2.1472738777562146
371 4452 0.000906811169259704 2.1511507403347747 0.045625310284297754 0.045625310284297754 0.10460909022674918 0.13120003725302895 0.24143745940816097 0.2534069741302873 0.3640307683922586 0.4842562662343026 0.5466806661401126 0.6199817905427164 0.6546832123272661 0.7204687739678352 0.7932913296788089 0.9153575294199452 0.9369701633603679 1.0626625386262323 1.19882148215332 1.643591201970127 2.1511507403347747
372 4464 0.00086601214188658 2.157892679926012 0.04533094032398379 0.04533094032398379 0.10233269095118581 0.13325604015216067 0.24071763422737213 0.2546015639281907 0.3651540155814413 0.4739560213122712 0.5381152689705659 0.6236245320124494 0.6515741871138634 0.719820613902803 0.792133669747696 0.9165090945866038 0.9381612611460893 1.0586717769690333 1.20200281848075 1.6629340336812266 2.157892679926012
373 4476 0.0008275172547209908 2.139217685806482 0.04542634573860701 0.04542634573860701 0.10188721148798265 0.13264208231770697 0.24107721528486473 0.25352900029920594 0.3624374160597072 0.473111735446291 0.5432380479022548 0.6180709222282976 0.6537375015673967 0.7123025775437035 0.7841670892717504 0.9167458547595377 0.9443049055178051 1.0528562144710791 1.2158699998597344 1.657080051858037 2.139217685806482
374 4488 0.0007698193301549738 2.153681947916832 0.045208437594187384 0.045208437594187384 0.10094723326870252 0.13284088364816157 0.2387923859143042 0.2527179399337671 0.36195913506365146 0.46733717076019693 0.5354564249959737 0.6131491421068047 0.6497196794202335 0.7090724356769108 0.7843296458170842 0.9175448117449936 0.9479445477745025 1.0607625378269212 1.2036567398547975 1.6776051955249764 2.153681947916832
375 4500 0.0007486543265940097 2.1543905038485134 0.04456684639995911 0.04456684639995911 0.10083952309137195 0.13221243804071256 0.2380135940721978 0.2525359743446515 0.36067483379058746 0.4672783617674675 0.5338546456801725 0.6099557134579576 0.6514378800608576 0.7117659560122294 0.7859585921666582 0.915830495953728 0.9470212113611262 1.043915624475433 1.2022229524667045 1.6448959799643808 2.1543905038485134
376 4512 0.0007487374192040572 2.1853644566044754 0.04430709269909383 0.04430709269909383 0.09946204331925149 0.13253868693099105 0.23870034726018205 0.25061902108416345 0.35931126894702836 0.46392621304745735 0.5371208281007425 0.5990051354254387 0.6480476471730062 0.7096231565908955 0.782978723355232 0.9190631131542613 0.9505165795362771 1.0417731937136603 1.1871788782600357 1.6462638681651631 2.1853644566044754
377 4524 0.0007110722338626572 2.193505234819489 0.04414980920775093 0.04414980920775093 0.09913844407473493 0.130610487606462 0.23676648300335557 0.25139008179302685 0.35932789988388175 0.4634442526291681 0.5434604101958557 0.5879564473707283 0.6492245603531639 0.7053641489402358 0.7811242583327376 0.9173982506877484 0.9510213162564434 1.0394618709462395 1.1931998779463637 1.6418098476143805 2.193505234819489
378 4536 0.0007093755024229401 2.1852064615300986 0.04427305329117175 0.04427305329117175 0.09745140491175383 0.1296441558642827 0.23527488850212142 0.25216793303100304 0.36203794349945617 0.4636982947102669 0.5455112892381283 0.5875220147358935 0.6427765982870726 0.7075362278565122 0.7878179744051985 0.9119386508967473 0.946162443366907 1.0318731578488731 1.20028204192872 1.6393741980602556 2.1852064615300986
379 4548 0.0007285221077689307 2.191404162439829 0.04372735462960411 0.04372735462960411 0.09656253607643929 0.12847365117861412 0.23394165545550893 0.25149433708090096 0.36264765161747875 0.46396034672865794 0.5541934200472078 0.5882678999219985 0.6505062953121109 0.7078152573501322 0.7908796917395221 0.9082549214030754 0.9440282555193422 1.0319552855755112 1.196663577298818 1.6702858680897301 2.191404162439829
380 4560 0.0007037532623510282 2.181553166405405 0.043598314789584855 0.043598314789584855 0.09532898906799062 0.12840669746851802 0.23232031876763948 0.24950567863705758 0.3609288917832816 0.4645003054086511 0.556509757228474 0.5896982546949112 0.6471701172474232 0.7072878010504353 0.7944272413064878 0.9065715406351134 0.9411960820310981 1.0166857608641995 1.2163639043411631 1.6771992477140323 2.181553166405405
381 4572 0.000688510628286849 2.1785806757203905 0.04327570107115023 0.04327570107115023 0.09427755120867877 0.1284182617861354 0.23148365667369492 0.24606634068602853 0.35873205610917924 0.4661428038582943 0.5557010930826417 0.5930084540501653 0.641518052174177 0.7075719251880462 0.7924617301870928 0.9062541216040972 0.9369708149913769 1.0098302705392384 1.1998414840100453 1.6828845877770258 2.1785806757203905
382 4584 0.0006780170417472236 2.171988075396953 0.04333307196043618 0.04333307196043618 0.09272144023580252 0.1277420748535835 0.22703182994443802 0.2459143086853721 0.3619632076533414 0.46606089323839117 0.5588196104191095 0.5898902633818675 0.640683448098618 0.7114042195285715 0.8021462446075446 0.9111274961196656 0.9362576762383849 0.9956772021682718 1.2026472422607253 1.671419444951817 2.171988075396953
383 4596 0.0006623467241288035 2.177445376213491 0.04290413250579354 0.04290413250579354 0.09187027540365682 0.1272922400811346 0.22655241297677897 0.24575975035344225 0.360110231772411 0.4663545560122938 0.5593771374926622 0.5889018890583666 0.6465585106181478 0.7126036188485688 0.7986742151091237 0.9112057745018683 0.9361972352035123 0.9939108695935636 1.1987697864863822 1.6715922813433532 2.177445376213491
384 4608 0.0006485038176360275 2.1723170902500986 0.042151594366549645 0.042151594366549645 0.09076112002300539 0.12782969051709156 0.2260382385564598 0.2448228566743269 0.35709700034398856 0.46256664447408835 0.5573166487181516 0.5888736132371668 0.6511138413433982 0.7101308725103458 0.8005099691935735 0.921097416518441 0.9363284434276059 0.9946450959733948 1.1977591983427165 1.6664531202687027 2.1723170902500986
385 4620 0.0006537760401240191 2.1794687769665693 0.04217857377973871 0.04217857377973871 0.09076894451468008 0.12785977436324272 0.22435321704052372 0.2458662415609089 0.35747879160497903 0.4573239958331183 0.5625720670948773 0.5919749359634472 0.6479243982795119 0.706390106489568 0.8017010186083793 0.91910257756131 0.929504503604891 0.9915375860186296 1.1862840152579062 1.6586672936567433 2.1794687769665693
386 4632 0.0006661213377915758 2.1737721824497136 0.04193602931955893 0.04193602931955893 0.09117331632710317 0.12578328434698532 0.22340679337999006 0.24420404607857302 0.3641143947496901 0.457603087531921 0.5675185588630126 0.586003199691401 0.6442068200388266 0.7013311507027783 0.7977122467121631 0.9170303302300957 0.9311883245980619 0.9911003316671859 1.186662452264989 1.6637907876669156 2.1737721824497136
387 4644 0.0006968783002505012 2.179318812955024 0.04136571744908626 0.04136571744908626 0.09159614893980136 0.12608396715696452 0.22389767146258122 0.24427977111043003 0.3637650059552272 0.45866563378544817 0.5651496391666528 0.584846927026394 0.6415275211050072 0.6965063005672227 0.7911939535947201 0.9174985419184434 0.9296325182929984 0.9890875891882925 1.190006927434928 1.6634622297147366 2.179318812955024
388 4656 0.000716332561118811 2.179164965957425 0.04109654436042024 0.04109654436042024 0.09133974792533499 0.12778415096057985 0.2262530036465039 0.24218033650375284 0.3626517964717825 0.4575569458139031 0.558558341613259 0.5877049166165995 0.6458648965090822 0.6945568982820199 0.7712559575359742 0.9130074362069708 0.9399171002334785 0.9865696105771948 1.2029775245301373 1.6986206988185752 2.179164965957425
389 4668 0.0007130214257506069 2.1705118143374187 0.04086740027000997 0.04086740027000997 0.09121452778633864 0.12592087070079017 0.22104308787397958 0.24095331484001073 0.3613229571142409 0.4590258571159778 0.5639293426386075 0.5878624312968537 0.6466410384856537 0.6930882634106176 0.7668849941205353 0.9036504273398964 0.9356779140188559 0.9865555463038967 1.2040145644332931 1.723805086672521 2.1705118143374187
390 4680 0.000696815647207218 2.1744115300334896 0.04111293597580655 0.04111293597580655 0.09183520527974562 0.12643449270187887 0.21836062345669638 0.24042866661553222 0.360955801596949 0.458215757434337 0.5597032410081739 0.5959260293487786 0.6405380419686444 0.6939222607338046 0.759140449848205 0.898611044475715 0.9332603037064369 0.9925654559796999 1.2051204353090972 1.7236291542857953 2.1744115300334896
391 4692 0.00066858088691054 2.152657077522581 0.040968162040690974 0.040968162040690974 0.09033336439535623 0.12528890491680034 0.21672526690207786 0.24119282782263984 0.3612561280107643 0.4570854375748863 0.5581182849721154 0.5960267187771373 0.6451212465520344 0.6934674345949903 0.758419185128892 0.898205324725153 0.9333348747382441 0.9899423432625487 1.2104862110829548 1.709597283204196 2.152657077522581
392 4704 0.0006799151210826356 2.162865779232063 0.04086397327883644 0.04086397327883644 0.09077208333724412 0.12284503943338679 0.21513423170084353 0.24053214873609013 0.35847057263493065 0.4563080859530584 0.5560461134253587 0.5940939032961056 0.6482463877898882 0.6901023434706114 0.7509825661314053 0.8921255650662837 0.9263638453939201 0.9848132646822135 1.2254353156860267 1.708938177390477 2.162865779232063
393 4716 0.0006669732336544547 2.1814984660449035 0.04095142906133368 0.04095142906133368 0.09019588998537227 0.12391304985503547 0.2128322023869332 0.23969997372355328 0.3583291214045639 0.45366609235424854 0.5609603340526985 0.5799571267730528 0.6490944769588601 0.696667254409085 0.7493726438638126 0.8873349214980132 0.9325195210949465 0.978879473399375 1.22624681819597 1.7080365245876692 2.1814984660449035
394 4728 0.0006536590457161994 2.1981023433092703 0.04074237486070903 0.04074237486070903 0.09033085756650083 0.12308230106919789 0.2126504665828281 0.24111815385900778 0.3535038666036767 0.4484952588563387 0.5589004592196699 0.5796535387427572 0.6429640588960152 0.6960497728616961 0.7443800977166243 0.8899165575197437 0.9360228607886675 0.9900076678022653 1.2248892465981764 1.710964928043632 2.1981023433092703
395 4740 0.0006399058355954951 2.2092403009176484 0.040666607278198486 0.040666607278198486 0.08988421260742054 0.12234205134934976 0.20895392118866876 0.24240685980150378 0.35510033069151486 0.4488323144737929 0.5653349461868319 0.5800146973831973 0.6433746283970152 0.6861675936385223 0.7426084789234606 0.8882273667785872 0.9359294548038641 0.996865799418279 1.2025998266013447 1.7221037748365604 2.2092403009176484
396 4752 0.0006203322748217706 2.207406906674185 0.04023904661663662 0.04023904661663662 0.09010479403973173 0.122519744664637 0.20849777904240477 0.24297952351049498 0.35723253406780064 0.44841276751769144 0.5591562926615978 0.5805154953551517 0.6394578489579835 0.684424113621783 0.7410656940270262 0.8821832159609427 0.9352753303850633 0.9971167566577233 1.197014552307677 1.7173789074780959 2.207406906674185
397 4764 0.0006342328624286426 2.1938495080379425 0.039934463525479594 0.039934463525479594 0.08860792106808008 0.1229991278805223 0.20608985505683733 0.24195991692715182 0.35595478408776976 0.44197531951341246 0.5576385085735821 0.5861656784938483 0.6371069957025073 0.6761429495153642 0.741441004881689 0.884898731645526 0.9345066725447527 1.0089336493574648 1.1924784220963736 1.719163019412635 2.1938495080379425
398 4776 0.0006516015226600573 2.198574364872194 0.03981202734001698 0.03981202734001698 0.0883556940771274 0.12388240968611522 0.20518941356714224 0.24201866905398045 0.35571382476366503 0.4499515232270666 0.5558219708762252 0.5861024576398068 0.6411185271147098 0.6769523638710276 0.739730483773061 0.8757939480967356 0.9418783018286472 1.0016922757125302 1.1826158224033598 1.7252445261252116 2.198574364872194
399 4788 0.0006565224864073505 2.1964451163002883 0.0395678089665011 0.0395678089665011 0.08749642663463301 0.12501341623835327 0.20314784686965334 0.2358946404672894 0.35563071686763337 0.4550348211170166 0.5636098742788602 0.5908128493652891 0.6349741744954027 0.6787261549829657 0.7326938454069523 0.8815518730361699 0.9511725772532503 1.004112682344684 1.191925875716383 1.7114708369834828 2.1964451163002883
400 4800 0.0006618543586986614 2.1930104435293596 0.03897171763822906 0.03897171763822906 0.08677674224262591 0.12534415947810046 0.2012263597995652 0.23689082051650542 0.35481146788763074 0.4565613320928952 0.5555368966343335 0.5953261241254889 0.6402692120628826 0.6851761506160046 0.7436793065441153 0.8856762483509454 0.9454438425189129 0.9979980482794956 1.1887712004148747 1.7198669608874884 2.1930104435293596
401 4812 0.0006399720715928327 2.183059990093098 0.0384691921471454 0.0384691921471454 0.08635768126855446 0.12758099291565286 0.20048593373550416 0.23604201422176072 0.35483650777262904 0.45755580570939947 0.5559249535369751 0.5948689541212318 0.6426002199170423 0.6879309647180826 0.7353000487071252 0.8809437213169011 0.9456513070986772 0.9930451474811153 1.1853972191145803 1.699166166299459 2.183059990093098
402 4824 0.0006163366853408439 2.181731554184147 0.03814622503694888 0.03814622503694888 0.08516377312386783 0.12759992478835086 0.20180624789952128 0.2351070003963333 0.3527756460610279 0.4551258801261006 0.5493226098099672 0.590512304882525 0.6454409765640657 0.6872128891648515 0.7271852716492974 0.886040988066389 0.9472710456765399 0.9935391443484474 1.1820761440502165 1.7106929748525543 2.181731554184147
403 4836 0.0005897643328866735 2.1828863956512237 0.037698802235058115 0.037698802235058115 0.0838191317089405 0.1283180530104594 0.2019549446910952 0.23426368936020928 0.3532902269889918 0.4515049389103504 0.5476919045605345 0.5897484448059969 0.6481498337018613 0.6802597387869924 0.7191822616166643 0.8920359993803473 0.9494715980686537 0.9972210199492653 1.1823889653903032 1.7003218938516762 2.1828863956512237
404 4848 0.0005814370688095816 2.1756316974616143 0.037542239780541706 0.037542239780541706 0.08375935058141629 0.12873311630913506 0.20127724580403492 0.23526155709995186 0.3519766674948931 0.4514126697012198 0.5460999437295203 0.5858728565854162 0.6462658024134798 0.6829806035976689 0.7117553242566839 0.8899050068400538 0.9488980854925715 0.9961774732272216 1.176205177019129 1.712731995978794 2.1756316974616143
405 4860 0.0006071630852661635 2.1752361921374663 0.037429088301743185 0.037429088301743185 0.0834179180251398 0.1285688274929262 0.20005389082341085 0.23482975327202318 0.35033720721914147 0.4501192210520132 0.549889679687908 0.58259676463208 0.6466661715068848 0.6849519864844507 0.7105706782595935 0.9034356484366667 0.9302408544354221 1.0029995777833494 1.1814391984299453 1.7110833698680963 2.1752361921374663
406 4872 0.0005829740406089319 2.208939108601244 0.037574713088905975 0.037574713088905975 0.08087707639752874 0.13086970712601778 0.20274237828871547 0.23386987645132548 0.3497041323166002 0.450919823570497 0.5549830877285837 0.5829137088778551 0.6462233867700461 0.6926025961804865 0.7075296976935738 0.8886506597579406 0.9308571342359936 1.0144787399224795 1.1839517014589567 1.7026543769680937 2.208939108601244
407 4884 0.0005501964050274955 2.2240732577265026 0.037029607930134385 0.037029607930134385 0.08058520987599138 0.13008333607606426 0.2026754445901928 0.23313812155706545 0.34928338634679623 0.4491394076917904 0.5535835350950421 0.5798606219051863 0.6409634192897858 0.693664273141026 0.7060682224160889 0.8757066991579027 0.926894576478051 1.0166816744712652 1.1863161926015022 1.6920845965856837 2.2240732577265026
408 4896 0.0005498191816709854 2.2469162063768295 0.036234467610644236 0.036234467610644236 0.08102720213863228 0.12940989008429749 0.2003469378191882 0.230620738867903 0.3491456890409935 0.4518645727791665 0.5533167659948413 0.5806989364170029 0.6367769620624468 0.6930968558284766 0.7043215054683869 0.8733420717730723 0.9281892391393002 1.0159617553812186 1.187074890359371 1.6778882541257893 2.2469162063768295
409 4908 0.0005471232770613929 2.233272234337331 0.03612249909960403 0.03612249909960403 0.08097957275154934 0.12888983065535425 0.20114843392737078 0.2320562471975546 0.3472655886025183 0.4532971471522149 0.5525328147002888 0.5829490840941995 0.636408534555208 0.6920278905796381 0.705788887623567 0.8788988357341482 0.937214186015756 1.0097194985175566 1.1871464398914948 1.663593318295025 2.233272234337331
410 4920 0.0005172662525402868 2.251749957884528 0.03601767775897247 0.03601767775897247 0.08107121392225693 0.128061620834045 0.20006593184129118 0.2297633320992087 0.34470577609320396 0.4463694624337508 0.5489093368998786 0.5824900133526003 0.633118694632578 0.6913789277237492 0.6996986565550486 0.8743478240720192 0.932959609563434 1.011447675003828 1.203347506020827 1.6715851426907031 2.251749957884528
411 4932 0.0005084779150421342 2.2437846574782427 0.035069382921731534 0.035069382921731534 0.08063542135991301 0.1272018702274045 0.19694362220936582 0.22960583674728632 0.3429024685702508 0.44746493923700714 0.5492104772017603 0.5822493715437467 0.6321746258309592 0.6889928812141557 0.7018740053969782 0.8751246019351786 0.9343283712764454 1.0113711775854337 1.214840481439699 1.6759164668261284 2.2437846574782427
412 4944 0.0005067539165074866 2.268946050123569 0.034848411366782524 0.034848411366782524 0.08040789783378414 0.12714798787855652 0.1964969050673434 0.22718914810774346 0.34279344319371 0.4490357955113896 0.5472725850621591 0.5772332131441856 0.6280411293311142 0.6820099920630511 0.7040119176283589 0.887218503643472 0.9314471078359453 1.0160559221169922 1.2146981889629758 1.6817911749639778 2.268946050123569
413 4956 0.0005097825200472833 2.2795723572741062 0.03470248222837169 0.03470248222837169 0.08009225184692934 0.12483656089504097 0.19245274944963583 0.2266318992316606 0.3383524628911387 0.4558447936756193 0.5470842061835619 0.5781717528491274 0.6271307444679415 0.6761853434676758 0.7134712171800616 0.8962578719618323 0.9272736375149843 1.0158451140197466 1.2189742990320642 1.6786330002005447 2.2795723572741062
414 4968 0.0004916682901669711 2.2675954663606483 0.03464226400597214 0.03464226400597214 0.08029677592889835 0.12447851030672595 0.1913033365419837 0.22316739297930865 0.3365094468181835 0.45806185903642177 0.5455494945894466 0.5805804118163254 0.6383884032969976 0.6690953889737846 0.720744929366477 0.8949238667232485 0.9268933656944685 1.0257293081664938 1.2122115856568059 1.6672170159051274 2.2675954663606483
415 4980 0.00047334369640714233 2.2706920529424943 0.034256091189730505 0.034256091189730505 0.07970096573815483 0.1220312964336698 0.1911321757428013 0.21901275596505296 0.3361545649159126 0.45830341833637916 0.5453809885548169 0.5832141049253992 0.636421431365286 0.665694305686403 0.7261070237741504 0.9042340766218947 0.9207169090206225 1.0469708883911908 1.2145640964197162 1.6769976514850067 2.2706920529424943
416 4992 0.00044868432856197827 2.2654377531327747 0.03427043023087719 0.03427043023087719 0.07918341530380044 0.12143955290603758 0.18898298654812934 0.21812662376838696 0.3362571214822774 0.45353673399921735 0.5410835038762242 0.5846541903417177 0.639860750636325 0.6695193753244187 0.7210390415492809 0.8992392035470403 0.9169380688626964 1.033481415707718 1.212968028448575 1.6746814200947004 2.2654377531327747
417 5004 0.00042846719176614786 2.245737680551272 0.03424192926905183 0.03424192926905183 0.07880906936992364 0.120776423111552 0.18883243740103897 0.2176902264626878 0.3328590974796099 0.45094454107976006 0.536283940614483 0.5808688870346037 0.6397623010291309 0.6714301899517331 0.7213092107807004 0.8980670101134519 0.9122325825065607 1.0213258055381786 1.216732774224038 1.6423243821806577 2.245737680551272
418 5016 0.00041758884728212005 2.2351663836284987 0.034114117101202386 0.034114117101202386 0.07853507884898919 0.11924027275604622 0.1896605654146466 0.21511335306863644 0.33115778299707543 0.45277904082565085 0.5347837101556947 0.5806783445092687 0.6449944365160682 0.6727503336788009 0.7194384226367344 0.8912695922697436 0.9109042722709954 1.019522222893043 1.2147012454173232 1.633862360733249 2.2351663836284987
419 5028 0.0004138395804679827 2.2384622482886427 0.0341685242966702 0.0341685242966702 0.07890822958966386 0.11803845128781794 0.18888779115707843 0.21549109510856224 0.32835765505741055 0.45109894988678195 0.5279412449029955 0.5776341825318566 0.6398199318193116 0.6725825830117663 0.7207523117799771 0.8840585406110767 0.90913518448503 1.0246938131832726 1.210982959943597 1.6385374709074052 2.2384622482886427
420 5040 0.000423693109733848 2.248583664204019 0.0340178726736561 0.0340178726736561 0.07878667456073306 0.1176383440675955 0.1854281573805496 0.21567219977920482 0.3265048024627381 0.45870142489836235 0.5219776392943122 0.5780819977696406 0.6400718579749682 0.667877337465335 0.7223642708564993 0.8816592160591068 0.9182774118515946 1.0221820204923493 1.2132859633114756 1.6680926538560357 2.248583664204019
421 5052 0.0004307768118354459 2.2701697100867095 0.033645264286898194 0.033645264286898194 0.07813533723859202 0.11683524384398489 0.18501205451819405 0.21056137631058403 0.32551473219413685 0.4607415340293796 0.5223531268455415 0.5760346595208115 0.6449522334731665 0.6641285485288209 0.7219230120086615 0.8808648135558974 0.9185552054069849 1.0299649176553538 1.2180592507540287 1.6632687012232927 2.2701697100867095
422 5064 0.00041513560649139114 2.265353883624531 0.03346198573223028 0.03346198573223028 0.07800088748126875 0.1172261818982674 0.18195229347903843 0.2113142935058825 0.3222085064187775 0.4530719692281076 0.5193595629428467 0.5756297681069196 0.6479900829165985 0.6697256531749204 0.7181895444951745 0.8853734603042255 0.9363652123120193 1.0305604668867092 1.2290852733132491 1.6647441164979777 2.265353883624531
423 5076 0.0004030362013510422 2.2622049660174968 0.03340640390176436 0.03340640390176436 0.07665240020044596 0.11766468088962477 0.18199647779807418 0.21055543488144343 0.3213202109827306 0.446040612461633 0.5172506132776459 0.5754001834223789 0.6452699280447685 0.6667820120580686 0.7242949552482988 0.8949143199208984 0.9409682970891999 1.0174198310960836 1.2310223637825841 1.6661139399029272 2.2622049660174968
424 5088 0.00039351307452357124 2.2935394098791355 0.03326552085087133 0.03326552085087133 0.07545397464850073 0.11736171574557999 0.18111726900318173 0.21067596352166945 0.3190472069108727 0.45014909984074514 0.5057298930382103 0.5738482592357648 0.641930262783927 0.6661304564328892 0.7236293631582136 0.8957333358170442 0.9365717873976422 1.0058509333783379 1.218843698220643 1.6710165629228755 2.2935394098791355
425 5100 0.0003898620438578953 2.3169688465735647 0.03305427132357668 0.03305427132357668 0.07581947355695647 0.11735387334762049 0.17930164368923845 0.21031076015252848 0.3193012588802377 0.4502204297786871 0.506179701006936 0.5765637860999273 0.6390311391983892 0.6655549979274812 0.7199217719953506 0.8930852960173128 0.9366016489438582 0.9840985517235673 1.2094627389171233 1.6699482592979316 2.3169688465735647
426 5112 0.00037304958212251753 2.3494631579678757 0.032761138700809815 0.032761138700809815 0.07490278848366595 0.11733232300936663 0.17997478970057024 0.2108178731597941 0.3212940542516748 0.44889754876995963 0.5037095568783159 0.5728983967869333 0.6383536062824267 0.6725532981622319 0.717129228933836 0.8917343063385126 0.9406339855597358 0.9768252796717646 1.2008865423816846 1.6612867835145435 2.3494631579678757
427 5124 0.00036414724256608906 2.3718042318522756 0.03222010896269557 0.03222010896269557 0.07420320178738864 0.11684184248088639 0.1810362868513417 0.20919086305237877 0.31964073377181396 0.44695520860089183 0.5078793474052655 0.5744638006625169 0.6338843794524968 0.6739738037225326 0.7172341791983515 0.8906891254859962 0.9306038092045934 0.9724820825849264 1.1958470433741604 1.6680832540862252 2.3718042318522756
428 5136 0.000351624945370319 2.4218157175810626 0.03211603667026949 0.03211603667026949 0.07400482461685969 0.11718115279755145 0.1803480395707943 0.20742717982335124 0.3213234803415543 0.4474382848617791 0.5063203910303202 0.5713820055397284 0.6334222276277844 0.6697112368065107 0.7080082018019558 0.8869992815634018 0.9397892894903199 0.9739243397620012 1.185443412106429 1.658863474788379 2.4218157175810626
429 5148 0.00035190905611301427 2.417897242371891 0.03186190648793598 0.03186190648793598 0.07318133910602186 0.1164067418958934 0.1783406821155385 0.20662977707878788 0.32155686170906056 0.45333699222621376 0.5099435027274447 0.5737067705366293 0.6309258763088823 0.6676020919701984 0.7001915385588751 0.885436680591422 0.942437995163415 0.9745564972263996 1.1807776343701832 1.6780049331916125 2.417897242371891
430 5160 0.00036055779829222725 2.4500401939520486 0.03169127197522926 0.03169127197522926 0.07295369191948702 0.11560207619011754 0.17609677958828535 0.2060699764044681 0.3220583418561766 0.4573895199750323 0.5122631567526107 0.5747552198321554 0.6326246393930589 0.6568731726131143 0.7041972449053091 0.8790804290322289 0.9524849389463087 0.9730133011687094 1.1776237473144864 1.6734734245677867 2.4500401939520486
431 5172 0.0003738631249107871 2.448833426984231 0.03139750317481248 0.03139750317481248 0.07244913077352727 0.11395176693086502 0.17400230437475755 0.20518620218487787 0.3208575523425108 0.45537383127464937 0.5117228907853196 0.5770992519010384 0.6295146540404456 0.6583223449785912 0.7012893602418664 0.8780157527976494 0.9581346223216545 0.9699499105312875 1.1800827673624772 1.7156290509883074 2.448833426984231
432 5184 0.0003837195233089972 2.4677599936829946 0.031131231347559688 0.031131231347559688 0.07241169409341883 0.1137334245497604 0.16920155474097356 0.2062216609799902 0.32081045586822116 0.4528253538958088 0.5097077342817529 0.5794283768994017 0.6247059149818551 0.6571469711289419 0.6980735949316027 0.8788046278841384 0.9634845620733437 0.9753200742847887 1.1885608879135856 1.7317609691796962 2.4677599936829946
433 5196 0.0003837910773684371 2.4614167181556166 0.03102541793798976 0.03102541793798976 0.07190765238941348 0.11373615477271073 0.1689395477146416 0.20585984697850931 0.32125579926248643 0.44769490749552765 0.49768263333340546 0.5771768076720128 0.6298429451142935 0.6544323755569587 0.7124916397096334 0.875176956387153 0.958394462201088 0.9887951237634238 1.1880538500321574 1.7491033460501464 2.4614167181556166
434 5208 0.0003869667515338312 2.4598615600895415 0.030327458527965118 0.030327458527965118 0.07185832974370093 0.1132052368139207 0.16817931933987854 0.2047514410788757 0.32024095362435606 0.445881620652168 0.497559078676168 0.5734277304910239 0.6299328007791155 0.6513513447454695 0.7183565244400699 0.8693828503858322 0.9571420481408762 0.9871470783158048 1.195210411151525 1.7583466247139026 2.4598615600895415
435 5220 0.00038618545493924577 2.4782787763209027 0.03003041683918933 0.03003041683918933 0.07097852666337624 0.11350405459074464 0.1664848300097039 0.20200292978324 0.3199725688301744 0.4493895812531454 0.49865924816961055 0.5862256108652213 0.6293121111546823 0.6550135655849266 0.7175394251110581 0.8684957512686655 0.9608977896782308 0.9748567603529976 1.1802839450209555 1.7686867976581588 2.4782787763209027
436 5232 0.000374443083983839 2.483019112208734 0.029991286713621983 0.029991286713621983 0.07144998164352709 0.11349611727484042 0.1655076503976333 0.20093136931629707 0.31903621754027744 0.4500396499756629 0.5000267649296201 0.5878006247212019 0.6342041617959909 0.6596475313724596 0.7182445144719466 0.8556326491476216 0.9347833017239217 0.9708972598189264 1.1684513417333882 1.7868270247024107 2.483019112208734
437 5244 0.0003589520980427034 2.465062362209914 0.02967444017792671 0.02967444017792671 0.07145683521464546 0.11352903253374098 0.1647897272249319 0.20188900470878354 0.3199851707373961 0.44893099751150195 0.4970311142795226 0.590771610605033 0.6357082746243381 0.6610079894249394 0.70514679436832 0.8505184640668411 0.9327570993735068 0.9710617374255156 1.1521619929126659 1.80532223332659 2.465062362209914
438 5256 0.00035319247549785154 2.445026936820604 0.029374159911067132 0.029374159911067132 0.07166455122249635 0.1131807497445278 0.16094468067396345 0.20200846410112897 0.3205129524310853 0.4504316949550568 0.4961769052364561 0.5951220894027213 0.6390576068658299 0.664625419179629 0.7103188244696442 0.8409164796012782 0.9339645962584152 0.9671794683802746 1.1516991492194417 1.7873307495758237 2.445026936820604
439 5268 0.00035260533632447584 2.4370741334753374 0.02917330253786212 0.02917330253786212 0.07132275845780371 0.11234302152184127 0.1612619929596616 0.20226132678478356 0.31808204942585866 0.4507154690361759 0.4973113689276691 0.5978312612477198 0.6446844180529203 0.6541518089745504 0.7115510501100013 0.8316761245528246 0.9569776602183365 0.9734005173245596 1.1561760210681389 1.7867938089471185 2.4370741334753374
440 5280 0.00035587997823723056 2.412457598473958 0.029117373999342343 0.029117373999342343 0.07137039766567728 0.11170297009476356 0.16051410825549026 0.20165119242014462 0.31894014692296346 0.45148401602426846 0.49796230054615215 0.5982088512373352 0.6409167332343496 0.6620587172177397 0.7115520121502642 0.8325908775558261 0.9612470414924092 0.9786781480453279 1.1546400035944027 1.7485331646049915 2.412457598473958
441 5292 0.00035827973928575406 2.4137134460936265 0.028904451361058545 0.028904451361058545 0.07088820196595252 0.11226845019256058 0.16078734482629647 0.20114164092507125 0.31434487697111746 0.45289453755608067 0.4987821279774683 0.595682194808462 0.633880108208963 0.665059289097914 0.7212861790562599 0.8285256936731176 0.9543365860445961 0.9928786758074264 1.1690635954264088 1.7374949564088031 2.4137134460936265
442 5304 0.00037983661757771525 2.4346994397210016 0.028752669128294377 0.028752669128294377 0.07075874426373652 0.11287545239767524 0.1609343152269363 0.2013985954851454 0.3144086442089781 0.45025010146994 0.493640201115821 0.5955714678638068 0.6316008062275974 0.6633525911028969 0.7280268507093081 0.8153155549959373 0.9509048911642706 0.9877133843620647 1.1727972743557198 1.731932202784861 2.4346994397210016
443 5316 0.0003865763635053694 2.46279196665362 0.028740377338330562 0.028740377338330562 0.0705666890803833 0.11217573854163242 0.16125612674790243 0.2028755982007665 0.3092679144298977 0.45167524007031595 0.4960801672454692 0.6021335397657996 0.6308535549635653 0.6664585235909655 0.7308558810357545 0.8341051206047899 0.9491862647281173 0.9810538976917657 1.1760198646538738 1.7355159956166022 2.46279196665362
444 5328 0.00039064877137211213 2.4908444752276258 0.02856512633440445 0.02856512633440445 0.07059328386046348 0.11192454190500076 0.15894122776622768 0.20484710783700816 0.30805261719754035 0.4512294528366935 0.49318298309789954 0.6042409348342349 0.6215188293110091 0.6691042495704087 0.7233543009495159 0.8391805766088714 0.9537765636961836 0.9787737259886266 1.172654626073042 1.7329908671403353 2.4908444752276258
445 5340 0.0003769507874378707 2.4837116926505765 0.028514520791454417 0.028514520791454417 0.07005519603825645 0.11162060763606334 0.15979507362311987 0.2071289128258648 0.3110054760685109 0.44878957395110386 0.4951965534722436 0.6012709613395911 0.6184943527377352 0.6669334300639058 0.721816202420121 0.8317747390129521 0.9528360089666783 0.9856817780113319 1.160739149752255 1.7274880365114067 2.4837116926505765
446 5352 0.0003713507618680409 2.49522353605311 0.02837888030847665 0.02837888030847665 0.06865068191535835 0.11170289562389388 0.15986356119758613 0.20642828786205838 0.3108960046264269 0.44651099249344856 0.49818476951731266 0.5983641360591502 0.6126565051737773 0.6652261015889186 0.721420577326078 0.8308370322387657 0.9482819094201643 0.9766584307389518 1.159632419434794 1.7245924746554526 2.49522353605311
447 5364 0.0003663909977907578 2.493766510289613 0.028063483863211114 0.028063483863211114 0.06827237670940775 0.11156001371448739 0.1566827766540739 0.20715580849061208 0.3085033708059811 0.4460024891669805 0.49439770129599225 0.6043438569885352 0.6161894328527731 0.6710577917344392 0.7168469780601965 0.8288616650380755 0.9613800186858393 0.9756967155498502 1.1412390247856317 1.7177795900650572 2.493766510289613
448 5376 0.00035654100373723317 2.4852982913844492 0.028062898548396293 0.028062898548396293 0.06663913873585531 0.11071789014525289 0.15499126910814554 0.20860641315390238 0.30783789711544646 0.4479271878779322 0.4946931324969359 0.6080052020868266 0.6142591996773701 0.6651880239055534 0.71855795547505 0.8257368960956836 0.9582298170966097 0.9777841019063073 1.1404050849357046 1.7207246884292335 2.4852982913844492
449 5388 0.0003547915742194636 2.498560751954288 0.02788168793695735 0.02788168793695735 0.066631507076822 0.1096826992096532 0.15467305663514636 0.20729172531407147 0.307392775508603 0.4487588058401234 0.4927123495321062 0.6004010190733978 0.6048781902951187 0.662505296705458 0.7177498837752383 0.8236956885956922 0.9595166004771432 0.9775541661818886 1.1474200054711206 1.7205396752194255 2.498560751954288
450 5400 0.0003672072112969915 2.505798257465948 0.028018153242378507 0.028018153242378507 0.06560947470336623 0.10801399014894655 0.15328142213018148 0.20670415159530114 0.31238593335022335 0.44393055042175766 0.4944299029250275 0.605334138131695 0.6100974894592558 0.6575709391227035 0.713033074792358 0.8220513433157846 0.9549335394760339 0.9748161349079397 1.140668592295141 1.7383492742184432 2.505798257465948
451 5412 0.00037463693968310435 2.5183051239320022 0.027784025959744406 0.027784025959744406 0.06515921096930463 0.10698919859151043 0.15197446544815832 0.20444551228446986 0.31354789124251536 0.44444222192577465 0.49457886248042515 0.604171190464247 0.6208119291114078 0.6545254574202908 0.7062100625324432 0.8234974492066672 0.9553232429251909 0.9754377337048522 1.183793031229179 1.7429131969650267 2.5183051239320022
452 5424 0.00038307589821100484 2.517088202656133 0.027721741351048115 0.027721741351048115 0.06505325122852747 0.10556542946071529 0.1504290687243368 0.20378974630066007 0.3131485472541608 0.4460504507420493 0.4895454997337082 0.6191249998689302 0.6221464744022607 0.6524714738604536 0.7135372108569634 0.8196359745232839 0.9573478494486473 0.970561969101205 1.1908296078984166 1.7480080242410954 2.517088202656133
453 5436 0.00038551511062411974 2.520114524332655 0.027590143483763988 0.027590143483763988 0.06431313494174136 0.10544125541954864 0.15006552928048703 0.200806225823763 0.3115075077757862 0.4451545614812651 0.49143621409896665 0.6155768780536695 0.6224174547921042 0.6466364186548275 0.7281082965530139 0.8181534101863001 0.953897904841398 0.9733806118139084 1.2074341920075786 1.747893341326838 2.520114524332655
454 5448 0.0003857411109560004 2.503607043602556 0.027269242510935453 0.027269242510935453 0.0643023199391852 0.10572048874456494 0.14852832995164003 0.2007733392093407 0.3156014535427886 0.44468854841838656 0.4905251838484715 0.610555240417014 0.6227207327889406 0.649494538654661 0.7223073117091946 0.8084133556366304 0.9577952299574491 0.9692814050663249 1.216820895880907 1.7484035364111146 2.503607043602556
455 5460 0.00038051698592793203 2.5179337984952403 0.026626875612378396 0.026626875612378396 0.06350777975641966 0.1063217902900868 0.1487125053479175 0.19866623531887867 0.31177551801542025 0.4515237961533162 0.48909676109989075 0.6175341797528952 0.6242551187998922 0.6507794570631408 0.7257618630595368 0.8087792261537452 0.9584414715987163 0.984637454363414 1.2169864745685515 1.7391392469729443 2.5179337984952403
456 5472 0.00037561474458944937 2.501950450599522 0.026439778730080115 0.026439778730080115 0.06361651940416983 0.10656541416933286 0.1467359991833024 0.19744134402893965 0.3141897195142383 0.44584731130085054 0.490397264191299 0.620589076721433 0.6230619118956345 0.649893803208576 0.7259058995393058 0.8048418730335887 0.9521549539618229 0.9873569433343055 1.218735794626612 1.742097799165731 2.501950450599522
457 5484 0.00037206431765899266 2.501816590298207 0.026088755071863107 0.026088755071863107 0.06299692533299917 0.10398321033283549 0.1468076212720167 0.19547182733123422 0.31615242652200576 0.446106978260878 0.4915155178530897 0.616212758320551 0.6277677196561623 0.6530914503982594 0.725449553855604 0.8061482032910915 0.951417014736996 0.9977597699717068 1.224276057777607 1.744013008929674 2.501816590298207
458 5496 0.0003730473693730732 2.4837382944193562 0.026022711223496368 0.026022711223496368 0.06340680999653023 0.10447695209036205 0.1462043239338927 0.19609616137041982 0.3158412247903313 0.45012696458946383 0.4875251518638403 0.6173191176065219 0.6234725760801817 0.6508551417307988 0.7250711311032064 0.7986745921769883 0.9388899554960503 1.0021084512679057 1.224542441305218 1.731382326615942 2.4837382944193562
459 5508 0.0003721029305027729 2.4795273645157603 0.026010557728219405 0.026010557728219405 0.06342163641000807 0.10428642418460642 0.14622462977088724 0.1956368139322996 0.316826086850164 0.4506878095784021 0.4833598390706836 0.6135088302718135 0.6232430377081655 0.6498044114900964 0.7306939377618538 0.779276690490499 0.927228713471115 1.0082626561581762 1.209931387369562 1.720828245021381 2.4795273645157603
460 5520 0.00038192414355058614 2.481331204835497 0.025739794739532612 0.025739794739532612 0.06323849961698572 0.10359756515967006 0.14503359121072534 0.19405751405842947 0.31674762093288533 0.4528081971439411 0.47796112189200535 0.6140207722783854 0.6263130137676395 0.6434044473718116 0.7324587816428382 0.7830390665691095 0.9199728438269512 1.018437835719742 1.2163258966913273 1.7173281488817014 2.481331204835497
461 5532 0.00037715653758819896 2.441185726947722 0.025601327648606825 0.025601327648606825 0.06256953585634455 0.10370047817479965 0.14417194949677803 0.19322346853313369 0.31344117563932516 0.45042811587116677 0.48187156166552836 0.6174744098242492 0.6255776942236663 0.6446579987818097 0.7434926762027999 0.7945782331278277 0.9227720694898675 1.0321257823341914 1.2144497074774554 1.7459627882205082 2.441185726947722
462 5544 0.0003749038056444698 2.410923445285591 0.025502053312764582 0.025502053312764582 0.06238926856890121 0.10240671456653704 0.1417275684093788 0.19314173212617244 0.31242075398950947 0.4492304970863854 0.48052883667916585 0.6211179726707758 0.6218566019780304 0.6413282800594954 0.7435966924478221 0.7908237500087931 0.9214129964927437 1.0451240469263776 1.2138457454576308 1.738967281613891 2.410923445285591
463 5556 0.0003677501967160351 2.409679935181999 0.025169180661228068 0.025169180661228068 0.061459024627464096 0.10240853348680676 0.141378761046975 0.19228267262392074 0.3113774194787544 0.4467351119766517 0.4806698048769764 0.6170615691095519 0.6263386125772026 0.6421763146241459 0.7423144033744509 0.7870428719885295 0.9225626560559358 1.0472122080741046 1.2309701243405144 1.730485343542044 2.409679935181999
464 5568 0.00035530500919588644 2.4125283821911228 0.025113697505158784 0.025113697505158784 0.06146540799128006 0.10274414632177963 0.14185300020564634 0.19034039486114504 0.3083406176774905 0.44561767256196516 0.47903634403659817 0.6066404896593324 0.6260267833879689 0.6421881372019778 0.7391552233004135 0.7930867552052231 0.927786114250595 1.0405902867213266 1.2305363018593094 1.726602733663525 2.4125283821911228
465 5580 0.000348206289371316 2.4135234135183476 0.024976607642413263 0.024976607642413263 0.06079671304165649 0.10177015238798723 0.14292675756624287 0.19085486862443832 0.3077757589113914 0.45026763798902725 0.475183114483642 0.6050344075715601 0.6236808824326951 0.6343482896190464 0.7348303876207617 0.7955579270794116 0.9137369028168597 1.043738468667293 1.230344612732163 1.721916343470385 2.4135234135183476
466 5592 0.00032146612224533713 2.4161272493660175 0.024823275967748352 0.024823275967748352 0.060466432021311134 0.1004480863840034 0.140555306433077 0.19128575887518898 0.307019471604006 0.44570952064591884 0.47809313810473164 0.6027039910774047 0.6198696230508999 0.6328404318678175 0.7362370865357141 0.7917783446129837 0.9157067997960759 1.041072839865436 1.2212309152635434 1.7420790259134293 2.4161272493660175
467 5604 0.00031032347733380507 2.4248231567040075 0.02439396514401383 0.02439396514401383 0.06038882531723289 0.10054086004071373 0.14102974598441823 0.19210796855229514 0.3045526975428363 0.44447974490556635 0.47647704809802294 0.5935513471349014 0.6185316962690021 0.6319403573364226 0.7365843683984328 0.7971502396371345 0.9145746786684513 1.034322288761491 1.221640077493765 1.745029294773662 2.4248231567040075
468 5616 0.00029325559923034706 2.427982968182042 0.02427197871376284 0.02427197871376284 0.059961446500324325 0.09909988637592458 0.1420779001897703 0.19055935561244847 0.30245980835348685 0.4426375256798263 0.4840229243512168 0.5944717692826628 0.6143081596104372 0.6388784231715775 0.7340390054996445 0.7953429291916023 0.9087908491323606 1.0285594941119554 1.2210276256609254 1.733784744916607 2.427982968182042
469 5628 0.0002804901950921893 2.4199593824079 0.02401124402752904 0.02401124402752904 0.05979131213519249 0.09800271320886646 0.14255423741807535 0.18968025199720018 0.298368995191504 0.44242930900983607 0.4823508747881695 0.5958466229311816 0.6148599127890481 0.6380298636716745 0.7353807389433539 0.8024759429385137 0.8942285581166093 1.022331602781898 1.2294426761060897 1.722323744986484 2.4199593824079
470 5640 0.00027006671530381527 2.422724840982222 0.023931249734182328 0.023931249734182328 0.06050658809066449 0.09721768385855853 0.14011864559097506 0.18971902078336256 0.29823672691052217 0.4414488929092467 0.4745296172780771 0.595822691799533 0.6160598909524445 0.6315102292798109 0.7330979245719855 0.8145088848633835 0.8885104135290823 1.0211231458456913 1.2249176513356888 1.7163686887970446 2.422724840982222
471 5652 0.0002604416907523403 2.4307627615675425 0.02374113952476818 0.02374113952476818 0.05999742016026874 0.09612136657985572 0.13934731023692415 0.18886432375006104 0.29784175965501475 0.4408738762810427 0.4707579356295003 0.5945931079026324 0.6185568929426712 0.637855023686492 0.7344535469222339 0.8095186752453362 0.8882301409470403 1.0198124201755543 1.223245117339078 1.7133965872492403 2.4307627615675425
472 5664 0.0002537266458497238 2.4188066122741914 0.023792676897078677 0.023792676897078677 0.05946066639387408 0.09425767766649797 0.13963890932212067 0.18813730934275305 0.2964085371235726 0.4408638294265352 0.47278305927723335 0.6035883172643918 0.6148517145579223 0.6368294266569914 0.7344771668308151 0.8087786180729523 0.8889515513982056 1.0171371293242957 1.224851291307357 1.7161032423507752 2.4188066122741914
473 5676 0.000248082582349265 2.4122504253169406 0.023528253820927745 0.023528253820927745 0.05904168271189807 0.09441344444605584 0.13904047587569837 0.1878770629073038 0.29568658720738344 0.43517623551814744 0.47181830963785265 0.5966776790819175 0.6105961453033544 0.6467442705242913 0.7352802889002912 0.8070269683809544 0.884216564665099 1.020910358966097 1.2174965623477383 1.7169111316330687 2.4122504253169406
474 5688 0.00023747361986952844 2.428494118444191 0.023560091285103456 0.023560091285103456 0.05859837049385484 0.09400390249228671 0.13835122376173203 0.18628033837693356 0.29620481464531495 0.4306316620389207 0.4703228059337294 0.5991845237624188 0.6099027055631516 0.6436590761414812 0.7385575831688427 0.8063396498594311 0.8821101038361766 1.02068485631822 1.216400382198751 1.7096368311085177 2.428494118444191
475 5700 0.00022500537785306326 2.4307151472362 0.023509776685863504 0.023509776685863504 0.05877619293154039 0.0934732901944703 0.13662808719793623 0.18502482296409067 0.2963624450146878 0.43135048354366184 0.46687784523316195 0.5913333231798091 0.6110282336255923 0.6375812575642809 0.7400657194344711 0.8073055969750755 0.8765861443194845 1.0258932198561614 1.2158054916580519 1.705197599009508 2.4307151472362
476 5712 0.0002145910462467152 2.4320060634026723 0.02360310273410231 0.02360310273410231 0.05842172565335196 0.09331144903107237 0.13524301917104892 0.1860565136223354 0.2952490670347772 0.43404286366242806 0.4668614408539737 0.5886053174841258 0.6055330640656019 0.6363347892495637 0.7386289326772548 0.8019777078476859 0.8564781846797089 1.0381704158280132 1.2195287887949562 1.6952256807705708 2.4320060634026723
477 5724 0.00020060894694203513 2.4356357997437312 0.023394674739250547 0.023394674739250547 0.05831730487483042 0.09302382939188512 0.13492402113023838 0.18561811556673566 0.2951319343402363 0.43295530798173526 0.46773652660958176 0.5793499072969217 0.6054351767568805 0.6391474331754724 0.7460368095215839 0.8010153548646036 0.8593565167085865 1.0334182650291854 1.2216443225307856 1.6569832282973165 2.4356357997437312
478 5736 0.0001869463098866062 2.4191594588681613 0.022965292042612412 0.022965292042612412 0.058552261871799356 0.0927200233580318 0.13392704665815858 0.18450663288727293 0.2930957833639015 0.43249620985042286 0.46862212305162937 0.5757565238376223 0.6013438491640667 0.6415601188066054 0.7508820292248698 0.7942960571914108 0.8583965832596987 1.0324663306946205 1.2242972038187312 1.6435685820266142 2.4191594588681613
479 5748 0.00017677822275677808 2.4298431736042434 0.023028639894989857 0.023028639894989857 0.05853058430716118 0.09277528289376434 0.13040304582039133 0.18408130324649638 0.29424365375096756 0.4302921592550857 0.46967576198009486 0.5791284273959454 0.5999284460875274 0.6411032528942705 0.7471038699763652 0.7923293873499972 0.8518779410567398 1.0234397649155447 1.2212696798869076 1.6434363172006028 2.4298431736042434
480 5760 0.00017114394009927668 2.423083745165732 0.02287306966832177 0.02287306966832177 0.058471994248457226 0.09229101795960347 0.12996452576008333 0.18811393882650326 0.2902883655514892 0.42962689217280214 0.4643988414345512 0.5764472566308398 0.5999424465230485 0.6394157181497646 0.7437536348415761 0.7867875481276145 0.840886636630638 1.0332755449385482 1.2217632904052342 1.6304201848826558 2.423083745165732
481 5772 0.000165439104448734 2.4116646219888835 0.0227166226573271 0.0227166226573271 0.05828124011341679 0.09146118642472076 0.12814472113865225 0.1884643733846809 0.2887028030392914 0.42959899337408824 0.4800207485510966 0.5744718013389893 0.5988371157643441 0.6342500781450401 0.743709845909372 0.7823471078760675 0.8382212918296005 1.0354169705410232 1.2126189149408977 1.6204792009960123 2.4116646219888835
482 5784 0.00016576482153096069 2.403462473225832 0.022618536814345492 0.022618536814345492 0.05779956796398849 0.09079306455493898 0.1280966692460067 0.18718133233097484 0.2875155233924507 0.43567483497288206 0.481684009358501 0.5682074487089542 0.5948883811327047 0.6296143791633478 0.7449109688086818 0.7748233228090013 0.8288402565195303 1.0432792108695093 1.2105507874023327 1.633117267574398 2.403462473225832
483 5796 0.00016275065928893808 2.378462303173888 0.0223302438148319 0.0223302438148319 0.05795070104040348 0.09043165766771036 0.12689285945766596 0.18653346178352675 0.28929964865361857 0.448782701026759 0.4810072638155298 0.5585337015478191 0.5943662180039525 0.6276611461513008 0.738869717542452 0.7778629660810461 0.8396149359742721 1.0457686864756925 1.2116239088515683 1.6358801544986012 2.378462303173888
484 5808 0.0001537098381963994 2.374583440100099 0.022248898078074224 0.022248898078074224 0.05829033231098862 0.08875989658057502 0.12687783912419218 0.18522173805487677 0.2906570401992213 0.45406293223744987 0.46875915957650416 0.5545049817824501 0.5882689349372725 0.6237986508014219 0.7389417182891072 0.779319878629451 0.8413307278382135 1.0442797023584671 1.2176898739665436 1.62458256559179 2.374583440100099
485 5820 0.0001481806405783168 2.3948637329942786 0.021858673003487084 0.021858673003487084 0.05812286542117471 0.08874219838413981 0.12621169953701997 0.18515949354640177 0.2925344757466568 0.45165909902221707 0.4690969763127491 0.5519232299418764 0.5884721586985108 0.6238707594329178 0.7307081338686069 0.7780100992568475 0.8421436991875353 1.034920247579559 1.228672890772256 1.6201601074507073 2.3948637329942786
486 5832 0.00014940193126594664 2.4002853971756934 0.02176705857919893 0.02176705857919893 0.05807741849295493 0.08870346740190946 0.12610995365521538 0.18521033594962888 0.29118283343108353 0.4486980911492987 0.4620044956886534 0.5516219796266485 0.587553116529776 0.6179782619427492 0.7285156197072831 0.7879281016999118 0.851316751835366 1.0299573178412549 1.2199575024613598 1.6249465744324811 2.4002853971756934
487 5844 0.0001518768173833147 2.4176732889711015 0.021748077036348498 0.021748077036348498 0.05776560703065992 0.08813179999137248 0.12530586840505806 0.18665555754832094 0.2939975269276311 0.4457570564426112 0.460571796070148 0.5537553416457353 0.5843018404135414 0.6170655278835402 0.7262024489180123 0.7784496201657921 0.8541814026259956 1.0322245151221106 1.2180942162025337 1.6387379276660026 2.4176732889711015
488 5856 0.00016255399126786102 2.4227079444357327 0.021712128163679064 0.021712128163679064 0.057673104362210896 0.08800612797152642 0.12267526604701387 0.19047967172887367 0.2924910857477848 0.4463795830379062 0.4629865330437298 0.5482782591843723 0.5797942253505818 0.6231983266546014 0.7309734419690592 0.7810235424006758 0.8518618284467928 1.030945826404089 1.2126253659382855 1.6290915936001127 2.4227079444357327
489 5868 0.00016546110520843107 2.377088574685534 0.021367986939383743 0.021367986939383743 0.057166920806072996 0.0881836163970243 0.1224451268422106 0.2007919799492728 0.292537006067624 0.44385579896591904 0.4655110867062165 0.5497644334152653 0.5834078762502583 0.6221001656768409 0.7283055995308542 0.7713888256825644 0.8660161004236723 1.0321623850020818 1.2106495704183078 1.6260783485988373 2.377088574685534
490 5880 0.00016105308763669378 2.3824783175493636 0.021390938311390193 0.021390938311390193 0.05702901458089096 0.0883822467930516 0.12016651293758732 0.20434515000414166 0.29075406782510393 0.44219779426051353 0.4604236330273247 0.5479972520428905 0.5790408014391757 0.6219580916296199 0.732681866365129 0.7707203078875435 0.8646374106125869 1.0164750923652919 1.2077271379659085 1.6207654748973366 2.3824783175493636
491 5892 0.000159043065825438 2.3809466108351898 0.021202992362083627 0.021202992362083627 0.056499718231793096 0.08753765967592272 0.1199771732982964 0.20679673234124663 0.2887040406086209 0.43731945735132743 0.4589654011278067 0.5493949932336121 0.5771540761414007 0.6224836459031937 0.7320327524451662 0.7705693568173709 0.867110040153633 1.0195920389829687 1.2085966439811782 1.6234351982023527 2.3809466108351898
492 5904 0.0001553879484192693 2.3772333261359218 0.02112940505384042 0.02112940505384042 0.055783560368459516 0.08715404930222254 0.11835258380813041 0.2063725196438336 0.28843958138478804 0.4366310609467769 0.45618815420888315 0.553043144053511 0.5766243897019478 0.6255256884189323 0.7372501383009317 0.7767473204076891 0.8619122785087101 1.0179351594022081 1.2149747464337843 1.6369525974419588 2.3772333261359218
493 5916 0.000154416654044043 2.367735586960678 0.020935332636412562 0.020935332636412562 0.055005123243741745 0.08710740868607905 0.1174061643025478 0.20466213933547248 0.2909627118785646 0.43198218597266724 0.45520792838306007 0.5520027712016043 0.5789160042721063 0.6275243648599328 0.7402111527290791 0.7760199040265693 0.862456760611282 1.0198619846350676 1.192161971341578 1.63609348488175 2.367735586960678
494 5928 0.00015309534983068415 2.368933892893699 0.020754381790804133 0.020754381790804133 0.05457570273904236 0.08690751403377202 0.11724304403189025 0.20357176913187092 0.29148982440712395 0.4351518171063983 0.4568238633332154 0.5551974170733184 0.5855518379151707 0.6307176084382649 0.7355390944117445 0.7738594355048228 0.851318453270736 1.0241338103123003 1.1841429485460877 1.6191270279531271 2.368933892893699
495 5940 0.00015336062138921724 2.3989255420003315 0.020452197520564354 0.020452197520564354 0.05429400090866078 0.08727058321809468 0.11583633067717372 0.19910746863571602 0.2895593847055587 0.4345186304985212 0.45655808659235614 0.5556229762000142 0.5874976017453483 0.638746758724225 0.7369940379430022 0.7781648703895429 0.846671170860886 1.0172637563619324 1.176025255523015 1.6222553299453335 2.3989255420003315
496 5952 0.00015468973814518434 2.4166679812124974 0.02030556876651754 0.02030556876651754 0.05396319103461058 0.0876986655034722 0.11248425993205328 0.19800898455740049 0.2950919989641494 0.4385840641257396 0.4588950398608621 0.5586006206342516 0.587018965739662 0.6351808466564963 0.736556409158431 0.7727031771845301 0.8444320411577676 1.0162500429218562 1.164275373562139 1.6164502285314124 2.4166679812124974
497 5964 0.00015623419107367538 2.4275347242892455 0.020266834557353897 0.020266834557353897 0.05320943203530699 0.08824834570360487 0.11172529043054558 0.1968829617521804 0.2925353900373036 0.43928257875098076 0.4624280738516985 0.5584604972083129 0.5874497217661715 0.6351385058489801 0.7364775410170982 0.7707331173713211 0.8430682446743082 1.0162831135415717 1.170336449901332 1.61647880071651 2.4275347242892455
498 5976 0.00015247631597208812 2.4354917553026225 0.020319555996326333 0.020319555996326333 0.05290061876314048 0.08818203230909291 0.11185810061749821 0.19708184790434616 0.291178941666388 0.4388238037407478 0.46283083263901814 0.5543170131004825 0.5853733160667028 0.6375939430482147 0.7296650441399009 0.7673377526967821 0.8436729351157001 1.017984646853254 1.174198763427927 1.5976583304133687 2.4354917553026225
499 5988 0.00014656006519427655 2.438616521417204 0.020061973585621798 0.020061973585621798 0.05313994588216932 0.08794468725758713 0.11174133628410275 0.19263771766054633 0.2916463584226213 0.43461754924602847 0.4645412656868404 0.5533249560458916 0.5785510920891032 0.6352648075994093 0.7264164090109805 0.7696779002387072 0.8569491153674375 1.0143326219245392 1.1690671102051866 1.6056279264861941 2.438616521417204
500 6000 0.00014565720001734691 2.4481284501474354 0.019575464903512415 0.019575464903512415 0.05324979723893895 0.08829866197859204 0.11146447228901787 0.19226716825640558 0.29233912136376805 0.43573671067903724 0.4640457653823312 0.552180694753572 0.5751728374894837 0.6353926800180691 0.7274342690624018 0.7686505628602407 0.8552635441248783 1.0008062712735166 1.153236012464725 1.6041196403136 2.4481284501474354
501 6012 0.0001481384244445564 2.4517220953585155 0.01965222268698615 0.01965222268698615 0.052961098865199584 0.08746903758191321 0.10927662499243167 0.19117922885266772 0.2934213114473372 0.43650685690333396 0.46919473838585096 0.5504342374527859 0.5741124707247401 0.6365898469566942 0.7234455944400603 0.7679278269965689 0.8563219335329487 1.0039771018294186 1.172085249964627 1.5934245385139567 2.4517220953585155
502 6024 0.00014573109404579024 2.4489393788845466 0.019302216952445057 0.019302216952445057 0.05315577931219418 0.08683543646055603 0.10981483531866418 0.19194761489866355 0.2945597597263772 0.43323122907454936 0.46982882434585593 0.5526558641905478 0.5733531737876039 0.6316040118129626 0.7318293416791456 0.7622527888012892 0.8585010616250293 0.9989295596043398 1.17828230789939 1.616739007069016 2.4489393788845466
503 6036 0.00014106268951017155 2.4240691639639667 0.019288608266740198 0.019288608266740198 0.053193512718797235 0.08639353395191891 0.10941015848149749 0.18961544708779213 0.290908844812123 0.4349746639623766 0.4709898821391209 0.5502207742495648 0.5647363900253095 0.6289794172527924 0.7368803156849856 0.7613407393319798 0.8591407122483046 0.991758094835808 1.174572193438049 1.6190484148117894 2.4240691639639667
504 6048 0.00013974162417184475 2.419752950122009 0.019166869733654335 0.019166869733654335 0.052919233798468544 0.08649013595491248 0.10877269118209636 0.18986628596837016 0.2927140532137297 0.4323373198202277 0.46526002862304333 0.5509931320344552 0.5569539798138367 0.6271458146462167 0.7360018503076784 0.7655789047419062 0.849250774663107 0.9881786441941288 1.171072252773467 1.655867247937105 2.419752950122009
505 6060 0.00014328316742528784 2.405758218368031 0.019042036298442 0.019042036298442 0.05282792979143408 0.08614481317298452 0.10851667417530589 0.1895741956725859 0.28867625427796584 0.4346470648194928 0.46136974250691276 0.538757205320969 0.5577252290494349 0.6197964571616078 0.7333213358506734 0.7700206044176348 0.8483631939376199 1.0037358726109256 1.1798947855967161 1.6823776927682152 2.405758218368031
506 6072 0.0001409831270959702 2.3922556152777927 0.019046309245279707 0.019046309245279707 0.052065057259810005 0.08620037571537673 0.10800561714418747 0.18916845461308582 0.2872268218602764 0.4390486891768979 0.45610953981086694 0.5336574311160334 0.5534996559088837 0.6217221503526639 0.7304576411866994 0.7704257147821912 0.8463561832823905 1.0067979193457948 1.1909706208225839 1.6926925867913214 2.3922556152777927
507 6084 0.00014038379045044468 2.3918636042630177 0.018813441461417564 0.018813441461417564 0.05128093252304578 0.08557458715750543 0.10792527541597018 0.188785873257128 0.2892889534772928 0.44163701586875104 0.45570374401160796 0.528884817908073 0.5443337326794818 0.6222294657953885 0.7303984845438352 0.7690288580206928 0.8507604303959028 1.0080188049402057 1.1906768557676406 1.6835823192383312 2.3918636042630177
508 6096 0.00013619895951643896 2.388160641342999 0.018516278538978404 0.018516278538978404 0.050764624047537336 0.08488327140484238 0.10714155841494194 0.18772109756035416 0.2938304255422999 0.44192100422632924 0.4526830374249094 0.5295789045320511 0.5497388201963118 0.6182640349103835 0.728547005943886 0.7702802593036204 0.8513932233658877 1.0124484749742855 1.1967101202457335 1.6914383767018881 2.388160641342999
509 6108 0.00012972128778259364 2.3832478721463817 0.01860201595667486 0.01860201595667486 0.050496939216138056 0.0846875065688094 0.1062754459772923 0.18875107224373638 0.29360600058218483 0.4352192496694642 0.4516315474739101 0.5300026370935027 0.5495964365569382 0.6171640702742438 0.7275521390864816 0.7755432465331409 0.8448003182097966 0.9971836581587146 1.201712213081774 1.6932391893821126 2.3832478721463817
510 6120 0.0001226681777451955 2.371764718152205 0.01854004147461804 0.01854004147461804 0.05053204271119063 0.08516590750279057 0.10631431162135971 0.1885755556240435 0.2911312315557371 0.43404387423966984 0.45086879305133504 0.5314922381377225 0.5525829272512297 0.6198946178062127 0.7195280563094376 0.7661381819480603 0.8373684044386561 0.9976611231670008 1.2018427405600136 1.7026371335655506 2.371764718152205
511 6132 0.00012023831171289398 2.3548240090077397 0.01823643121569252 0.01823643121569252 0.05001049834490178 0.08582370824746258 0.10589212736586014 0.18840802854170918 0.2886197781799398 0.43023580154819885 0.44996919439585775 0.5330362228659641 0.5541059510584653 0.6219553196755828 0.7189611023656711 0.7567836218445162 0.8406955528167531 0.9962100720630733 1.2102247574196165 1.7061463439051772 2.3548240090077397
512 6144 0.00012177781499478819 2.3795721632159466 0.01799902221786318 0.01799902221786318 0.049372653135102106 0.08647630141928993 0.10524273184987229 0.18783467143518415 0.28943916793333824 0.4290463868560578 0.44871902191273194 0.5306215584096232 0.5473383760435734 0.6272994164132278 0.7264492132927189 0.764753603623478 0.832480665009547 0.9968343443734606 1.2032892141193454 1.7069851656194552 2.3795721632159466
513 6156 0.00011830442679568954 2.386060205574782 0.017848782139918265 0.017848782139918265 0.04960114074181853 0.08511068136072028 0.10489053023727432 0.1871648403670698 0.2881361923489427 0.4300234650804924 0.4482042591023357 0.5284223796708387 0.5517309419288858 0.6332957158490159 0.7263078525770555 0.7678254735773624 0.836078921594073 0.9877182814506311 1.2035538933211536 1.7038327436007825 2.386060205574782
514 6168 0.00011521631006151942 2.383361202019908 0.017546183292665888 0.017546183292665888 0.04964283703730127 0.08471066344601814 0.105044275823447 0.18754820954166787 0.2884464035228181 0.43238124236062003 0.44497590367937967 0.5255249790343465 0.5454567099298822 0.6358908128406798 0.726289373978065 0.7707305563717003 0.8346254216750251 0.982525638783033 1.211243802448768 1.684793130349907 2.383361202019908
515 6180 0.00011300449141221244 2.363885689992311 0.017528351001648266 0.017528351001648266 0.04900259516885525 0.08469137573906436 0.10452141355755275 0.187725742291113 0.2887378902034355 0.43121347574723473 0.4447945167708895 0.5253828699410906 0.5489137276304341 0.6437839893696902 0.7258804131132436 0.7710932783158515 0.8222827072399823 0.9780839620674426 1.2104821423265937 1.6729884935345987 2.363885689992311
516 6192 0.00011542624458967175 2.4108204725543385 0.017593942966012518 0.017593942966012518 0.04873092949673608 0.08436622283927817 0.10282466684397969 0.1850409119472493 0.28925443882488666 0.43248285647227325 0.443499737754811 0.5284853060479754 0.5521082001295099 0.6449739757813008 0.7250146728382223 0.7729207387461196 0.8210757243563039 0.9699822055208437 1.2008351179247343 1.6570136170519378 2.4108204725543385
517 6204 0.00011314022764167876 2.431616523750894 0.017522238978279706 0.017522238978279706 0.04835211865633245 0.08344163435913818 0.10268504105700456 0.18488307052154823 0.297111678413064 0.4374462814835388 0.4424542966163078 0.5239154971254111 0.5496878076403844 0.6443192875342362 0.7239847774993537 0.7778603077297952 0.8170390259546247 0.9782725587576534 1.197885062137078 1.655315032556326 2.431616523750894
518 6216 0.00011224757482277244 2.4490940690328586 0.01745090555473612 0.01745090555473612 0.04804890995217309 0.0831817303274156 0.10264583029852671 0.18557473200892388 0.2950669332072099 0.43705712432462684 0.4441456800379103 0.5110453101978503 0.5524345436695169 0.6401773355934443 0.7218675670154652 0.773250861223642 0.8177629006143304 0.9777575937667095 1.1994574244962943 1.6704517141744664 2.4490940690328586
519 6228 0.00010865120032482896 2.478098285506998 0.017326767703311416 0.017326767703311416 0.048092164954991995 0.08238921250229933 0.10227683501686737 0.18568409978354433 0.2957149101492125 0.4363650414717901 0.44327221160171576 0.5095748382773194 0.552839509226621 0.64766427815791 0.7175821304184388 0.7755026463556839 0.8168914910696055 0.9719531265661624 1.1982038897543765 1.6658280167181867 2.478098285506998
520 6240 0.0001074626441280241 2.5004054226400254 0.017125210502150358 0.017125210502150358 0.047648750256580275 0.08202262653092492 0.1016362313089552 0.1848461889974869 0.2960138739516854 0.4369557214430167 0.44260449220348136 0.5090941156437925 0.5468709247740624 0.6382936472809743 0.7148623630851226 0.7830014822437741 0.8179907754876389 0.9667784468034324 1.2037875658670751 1.6594997184102658 2.5004054226400254
521 6252 0.00010646750905062673 2.519608111910849 0.01699650525999632 0.01699650525999632 0.04772689135978073 0.08112282272823756 0.10095167946128562 0.18628857882957564 0.298810304728366 0.4325664857510354 0.4372912124682703 0.5005180760789403 0.5453559477428599 0.6413374782732718 0.7082389950998029 0.778230620472386 0.8223270783229346 0.9723818992891019 1.2098624722868692 1.6722961656066897 2.519608111910849
522 6264 0.00010569335522817167 2.5324465679472743 0.016850438886048844 0.016850438886048844 0.04691908401619873 0.07952511493578808 0.10043113148975608 0.18596017104930332 0.2990686873332043 0.431401071516922 0.4351715622316755 0.4988059929607227 0.5443420823642736 0.6411750597707717 0.7074328191867447 0.7966380114099351 0.8268640885223268 0.9647311623313691 1.2090309500488239 1.673640212464319 2.5324465679472743
523 6276 0.00010757773660594921 2.52592946835564 0.016738418645303704 0.016738418645303704 0.04691771724857546 0.08015052607732483 0.09881627282177165 0.1872124175114494 0.29782169581500795 0.4297171449297221 0.43294976137966246 0.49506246274643806 0.5481116137875273 0.6449939529915422 0.6989834247907968 0.7981665788945155 0.8284650162688607 0.965252414992589 1.2172694743206949 1.670113557820527 2.52592946835564
524 6288 0.00010583179145133327 2.5233515722315665 0.016775544868699394 0.016775544868699394 0.04648513958576766 0.07966305752517032 0.09820013998418851 0.18824142853545056 0.2989041151873027 0.4281698315729601 0.44268484069104747 0.49413977490175925 0.5421155948057562 0.6330731884395997 0.6992719722723132 0.7958154018554973 0.8289149936747194 0.970310095863341 1.2188510863647446 1.6584609184098016 2.5233515722315665
525 6300 0.00010601708834781612 2.5158891032083046 0.016781357807362975 0.016781357807362975 0.046236357757542305 0.08017531820175841 0.0968232864843531 0.18791021615876033 0.29863195505984136 0.4264115264879974 0.4463038612575246 0.49484220323696826 0.5476012373416002 0.6277985356120823 0.6995636027717236 0.803156091760693 0.8324821738526594 0.9469826657294563 1.2188102419441722 1.6591939396362587 2.5158891032083046
526 6312 0.00010612356885642811 2.4880725012773226 0.01671663993282911 0.01671663993282911 0.045601868934178266 0.08065327953320914 0.09575626268901186 0.18798356780400888 0.2996695890212718 0.4240903011309209 0.4477111698746177 0.4934919902834615 0.5480485301772356 0.6205355294384192 0.7065180093865081 0.8092019524238135 0.8367287462034779 0.9458880879870045 1.2152637919261264 1.6586121880014926 2.4880725012773226
527 6324 0.00010185717730972084 2.492418071792568 0.016583258810641908 0.016583258810641908 0.04571831622334902 0.08040727564499955 0.09549470285722182 0.18471528994818642 0.2986621590244776 0.4265520189348846 0.44866896809733686 0.4891399681924352 0.5482182330928134 0.6208810084797767 0.7073918666732119 0.8096665608273592 0.8398958473338323 0.9520498745992825 1.2193056437824654 1.6582503736325267 2.492418071792568
528 6336 9.7011692617575e-05 2.4742499605317034 0.016536182996580634 0.016536182996580634 0.045590811253477734 0.08046513781468947 0.09597548403511444 0.1838085864757887 0.296039097215765 0.426948290988241 0.44499008652794414 0.4880401913162874 0.5486183166547225 0.6228313036165278 0.703656102259833 0.8037404981775514 0.8450069223555997 0.9556546033821858 1.2030095529711624 1.6749943087501626 2.4742499605317034
529 6348 9.491881694237951e-05 2.487316967766635 0.016313290171702605 0.016313290171702605 0.04526501672745042 0.08034900801437325 0.09513222002093302 0.18379056969661878 0.29685834224657226 0.4258641483032792 0.4436110253687653 0.4904874309453719 0.5462963579345346 0.6271178033364087 0.6905314022587109 0.7997494390388873 0.847002902466736 0.9532675770098245 1.197043092618763 1.6739708993834288 2.487316967766635
530 6360 8.879806353775387e-05 2.4801341702664024 0.016148762978782656 0.016148762978782656 0.04517299911896251 0.08013062217957066 0.09393993673304898 0.1852793545976103 0.295665906720613 0.42596706053654665 0.44317331793128495 0.49170546875429266 0.5434842172962671 0.6257356935932276 0.6861128141109638 0.7981362305397127 0.8468027184204742 0.9461964351272567 1.192747053340829 1.6626639469954592 2.4801341702664024
531 6372 8.512052037651084e-05 2.4933218625228255 0.0160426357635938 0.0160426357635938 0.044532108759989406 0.07993875719355403 0.0934729927880207 0.1837169680730196 0.2933479806817814 0.4299789820867727 0.4418351725165368 0.49103178550667115 0.5391873555210104 0.618391632502698 0.6811453978115607 0.8021844551636976 0.8468944605653069 0.9529852879026876 1.1886833699137185 1.6566964924406298 2.4933218625228255
532 6384 8.343056636722056e-05 2.4973244059555495 0.015593206942180693 0.015593206942180693 0.044519288679058744 0.07996924203154888 0.09276438233403805 0.18416340343010332 0.29358841826042054 0.42873103604301377 0.4383480704858957 0.4887529244006593 0.5415412415699398 0.6144132312030762 0.6846053399190501 0.7929612822596047 0.8590994032000274 0.947251666189622 1.1863820814032688 1.6614251752090377 2.4973244059555495
533 6396 8.285839324773417e-05 2.481105694805654 0.015625725663829675 0.015625725663829675 0.0443904755846994 0.07872168236448449 0.09246623607964984 0.18351600523503578 0.2950841935434624 0.43116513311965404 0.4405786852394839 0.4911001009381073 0.5333884616923721 0.6112336763689459 0.6867560181380008 0.8036979674559275 0.8581431897090137 0.9397475979052158 1.1843755882490903 1.652395480296941 2.481105694805654
534 6408 8.212638016015541e-05 2.461402575193033 0.01546311822491032 0.01546311822491032 0.043840824936936924 0.07841628056027361 0.09224754999398509 0.1840806731976285 0.29567377762104696 0.4304239837871721 0.43847637171911985 0.48871341097505905 0.535301447857583 0.6110793657445385 0.683185218517305 0.8104381293614805 0.8493267446763392 0.9365559411013138 1.1809452421933044 1.6567037607345794 2.461402575193033
535 6420 8.242865872748414e-05 2.45952454906838 0.015407035548905015 0.015407035548905015 0.04421620598621213 0.07654126854809215 0.09181598192351927 0.1827100130093872 0.29456669082606285 0.4314190533166709 0.44181798566090275 0.48914682760757666 0.5358021470777091 0.603551177188396 0.682827628920929 0.8086780131124102 0.8451620457196164 0.9556669867701532 1.1799027294018425 1.6611135110639195 2.45952454906838
536 6432 8.263913548198722e-05 2.420087180865441 0.01524554389272957 0.01524554389272957 0.04422703192363067 0.07645972880733451 0.0907562997996249 0.1791053025783327 0.2945864332726988 0.4305006189961842 0.44136993764808063 0.48762641595736417 0.5356851265762895 0.6041618457023822 0.6907367885662097 0.8106903328099992 0.8428354768055013 0.9649972545152973 1.1754407614766893 1.6799490766746377 2.420087180865441
537 6444 8.325496448274873e-05 2.423074806257956 0.01525469236702485 0.01525469236702485 0.04424724182847273 0.07612965989414934 0.0898661228249598 0.17714369391920184 0.28936565868480074 0.4308297058022011 0.440394855553032 0.48486422016914105 0.5354712957396545 0.6070886639554185 0.6980850533742927 0.8146130720476762 0.8411411409031436 0.9662200496080331 1.1759669784160653 1.7021948300385263 2.423074806257956
538 6456 8.378902262030795e-05 2.450698124537247 0.015446283218660933 0.015446283218660933 0.04407672445766869 0.0760307183740658 0.08989187093176285 0.1768608352915515 0.28691097206113825 0.42716573021541016 0.43766719742264226 0.48726456765178716 0.5368853136169023 0.6101687589284344 0.702701783215852 0.8040316211847846 0.8368694785764994 0.967258215456926 1.1646725522819046 1.7103283499306914 2.450698124537247
539 6468 8.508384898609822e-05 2.4732261333776093 0.015462893338872232 0.015462893338872232 0.0436307340734001 0.07639848392274333 0.08990877483459926 0.17458275289138392 0.2864741315534034 0.42785104932736256 0.43507705316434536 0.48385733663211317 0.5328627977844408 0.6060246772017737 0.7015530758031621 0.8077425764788928 0.8285966348294858 0.9712964104303623 1.160932667815345 1.7119447551515021 2.4732261333776093
540 6480 8.291256551527352e-05 2.4759051229945483 0.015494656514484515 0.015494656514484515 0.04292358978712643 0.07587979152408564 0.08937626440844816 0.17289055474434645 0.2859322594699545 0.42201355580561806 0.4366106257981936 0.4860984469496506 0.5360571246611225 0.6065728236524407 0.7090538000638261 0.8056988267615419 0.8191084297862293 0.9822963592443085 1.1774604285504449 1.711196789759816 2.4759051229945483
541 6492 8.280603859607334e-05 2.43971162008915 0.015500699379260612 0.015500699379260612 0.042441605528133884 0.07552431984613414 0.08927076183428054 0.1730748845129205 0.2831546488810106 0.42139399359409496 0.43539693594187967 0.48955887888431787 0.5382927060878663 0.6046419364921589 0.7011782334151118 0.811054110834805 0.8202357459954849 0.9857764138047165 1.176576032556811 1.6886855864307218 2.43971162008915
542 6504 8.15290423677495e-05 2.435867630105015 0.01548922098773409 0.01548922098773409 0.04189993108812906 0.07536793186678628 0.08843519919561275 0.17493923553546623 0.2810209899051883 0.4218170396124545 0.43321874053256687 0.49130393949015105 0.5391559020571745 0.6049588650047834 0.7142854540637931 0.8036335764127582 0.8109694204304846 0.9885083942855747 1.183843925028992 1.6814313118134434 2.435867630105015
543 6516 8.41904620389164e-05 2.4341894372065407 0.01536897082473598 0.01536897082473598 0.04158860941067147 0.0752646701659024 0.08861651720338483 0.1741450139733549 0.2785724516760968 0.42087784649484006 0.42947766671288096 0.48962109556202155 0.5403241506116826 0.6008680264265731 0.7152864716262529 0.7950223160704899 0.7999171839137387 0.9899820945568897 1.1866426250262896 1.6929261649398961 2.4341894372065407
544 6528 8.766215276570214e-05 2.4367579913689923 0.01533634632408714 0.01533634632408714 0.04156814450958916 0.07399456128969711 0.0880847512004405 0.1739053356385243 0.27848228335624825 0.4159286898545996 0.43032779277352545 0.4887800272784476 0.5435921297402457 0.6037246785103542 0.7159719096781713 0.795214271167045 0.8029005385182473 0.9914587882777481 1.192666602119358 1.704967400485015 2.4367579913689923
545 6540 9.025853047152738e-05 2.4347014193649956 0.015240161021729134 0.015240161021729134 0.04119156147312458 0.07413088627565105 0.0876221544698444 0.17202512468837516 0.278448213575136 0.4144231795858828 0.43121198452805215 0.49500144911285876 0.5401040876808793 0.617702951654395 0.7145526098877172 0.7858816256639036 0.8071658653064516 0.9929306624051941 1.1933417680777003 1.6808617800335959 2.4347014193649956
546 6552 8.883794767992065e-05 2.4260192044914266 0.015164918193450757 0.015164918193450757 0.04098623432196369 0.07424801783507644 0.08647916947071672 0.1701084514619515 0.28027436692596147 0.4153085188068789 0.42693463130237236 0.4986275812461768 0.5399571807177856 0.6147593681095064 0.713131885917847 0.7922386736778746 0.8118650425918283 0.9854603703050631 1.194722321450681 1.7232225419617524 2.4260192044914266
547 6564 8.998984608577587e-05 2.427181655733007 0.01491546945295187 0.01491546945295187 0.041064394394632706 0.07287933036169614 0.08658469514985873 0.17057021118227247 0.27858705016519625 0.4170129518551205 0.42620924015000633 0.49608309496588177 0.5411186793512194 0.6166934608912024 0.7147533711019356 0.7872677087323694 0.8123475773753382 0.9895444618322262 1.2016354035735166 1.7203576681074604 2.427181655733007
548 6576 9.361274993651939e-05 2.4263606654353547 0.014932610033854696 0.014932610033854696 0.04132477698318126 0.07279056011381668 0.08687843220845348 0.17000189953857164 0.27736584376541995 0.41473385211598146 0.42797354820653477 0.4947474655462229 0.5332784016966936 0.6259635463480725 0.7129186092038167 0.7853092424390222 0.8105180099593905 0.9901733998120965 1.2008359468541059 1.7135394610976145 2.4263606654353547
549 6588 9.700173789800263e-05 2.428571879519471 0.0149418757572788 0.0149418757572788 0.04054792841426582 0.0727194030147112 0.08723595208701211 0.1722102117861312 0.2751972672687682 0.4149166469300507 0.42669198437512074 0.4987993852020226 0.5319666108160068 0.638246887449507 0.7089289042027742 0.780819984365804 0.8034944423499195 0.9882314106147956 1.203627930436471 1.7195915813904683 2.428571879519471
550 6600 9.594864842863964e-05 2.4448228474180755 0.014844887000945106 0.014844887000945106 0.04028573304733969 0.07125375903855855 0.08807630092388236 0.1745607175742366 0.27546613519100277 0.41090454935913634 0.4298406795191082 0.4988634269026454 0.5333878811924614 0.6522670431747343 0.7097724458787043 0.778790297338732 0.7986940332089876 0.9823416068945473 1.2056065407527372 1.7148921163737918 2.4448228474180755
551 6612 9.293172060296407e-05 2.416207783736124 0.014703395017140602 0.014703395017140602 0.04008023435672032 0.07092630609176093 0.08745141065985562 0.17236875863847856 0.2751696668631527 0.41214066972777336 0.42839833234733427 0.49107313993564655 0.5373558988862477 0.6643704524035745 0.7072244275475542 0.7771527042412548 0.7955209149684077 0.9936106434303809 1.210799189209819 1.7103283911059972 2.416207783736124
552 6624 8.99109843492407e-05 2.4327796174810676 0.014378685460764906 0.014378685460764906 0.03988695140776148 0.0707254866784108 0.08750929129889146 0.17167259438320726 0.27448567010635416 0.40756548032394974 0.42946161761624435 0.48839167991322396 0.5367826714899899 0.6709654018401843 0.7063003712045607 0.7759871946651155 0.7910671024826634 0.9915882767117983 1.2093486043883335 1.699150715198065 2.4327796174810676
553 6636 8.599370295305078e-05 2.430032332849928 0.014173653721804175 0.014173653721804175 0.03970992345204859 0.07042899219779593 0.08842280551134137 0.17221324853756734 0.27373725003161964 0.40883161920952704 0.4270338493455414 0.48772368310560993 0.535190940461434 0.6729512521761263 0.7068150314120883 0.7696958438728084 0.7960590774756914 0.9914370390205638 1.2038205550559142 1.6844948209676844 2.430032332849928
554 6648 8.741851782207742e-05 2.451396661018679 0.014047683844411473 0.014047683844411473 0.03918568718401117 0.07017653549588658 0.08849768777315499 0.17286238052298486 0.27391222443906615 0.4029693596662034 0.42574867519794435 0.48460630111330344 0.530430392706254 0.6676385419687376 0.7081267501847749 0.766611467880918 0.7920422390904098 0.9929526252518848 1.2009089586159731 1.68398968019031 2.451396661018679
555 6660 8.331709082085317e-05 2.468226092495668 0.013969462186573137 0.013969462186573137 0.0392716494295345 0.06963300419135035 0.088212179759072 0.1725520514834867 0.2735282494527671 0.398340376202874 0.42523839120461854 0.48204413224266485 0.5333193952049519 0.7008303244794912 0.7088694110405166 0.7613017898892633 0.7922606066968112 0.9889803400203845 1.1932086625667484 1.6843482065375224 2.468226092495668
556 6672 8.000189538221353e-05 2.4727129426812207 0.013890784876818286 0.013890784876818286 0.03896959557565474 0.06927726153759728 0.0872038581533998 0.17189082474794462 0.2740492597024581 0.4009695478057175 0.42206279443082195 0.4815106842584813 0.5339367143233341 0.7001484896176523 0.7109061514965401 0.7596617389770959 0.7933763676799426 0.9739169092467129 1.1911151895931282 1.6648536645737755 2.4727129426812207
557 6684 7.559727414010667e-05 2.4657214479619456 0.013713946563566573 0.013713946563566573 0.038923912810434336 0.0686680551737096 0.08719311981619988 0.17176240787681285 0.2727772533374669 0.3959620524841031 0.4202967991565132 0.4770594128949748 0.5364856843857766 0.6928298871786007 0.7107491874338167 0.7550064850143393 0.7929414709606492 0.9785548076785894 1.2009578254197173 1.6632898118584116 2.4657214479619456
558 6696 7.43413370727129e-05 2.454408332547365 0.013480410088541126 0.013480410088541126 0.03853635145567398 0.0687370723876535 0.08726402469894055 0.17301589881156032 0.2733975396033899 0.39314350852903107 0.4154489170903323 0.47801686452009357 0.5369949943458173 0.693932075577623 0.708345480278961 0.7475772027656103 0.7902163149249734 0.9801109704154457 1.1926316639556085 1.6617277499894427 2.454408332547365
559 6708 7.240238989022268e-05 2.430715032432928 0.013385121822306814 0.013385121822306814 0.037930474141612394 0.06850077632646576 0.08683819442446278 0.17205985757879685 0.2815158230256327 0.3943704955946209 0.41756248102634314 0.4831393182370687 0.5358812636534167 0.6935461289457692 0.7041892774394234 0.7516292736845303 0.791339001400892 0.9930479961726084 1.1747390546752687 1.6667788025063048 2.430715032432928
560 6720 7.189191832144483e-05 2.4172975083820307 0.013190352537444635 0.013190352537444635 0.03783069658965683 0.06801835894185813 0.08684472413161548 0.17025857491679575 0.28107544662338096 0.39921647538286664 0.4140594930434861 0.4787249335344381 0.5428036954682166 0.6917475487333156 0.710917825803119 0.7548847131793036 0.7854504670207634 1.0139559429154927 1.1751732391484049 1.6429915509377186 2.4172975083820307
561 6732 6.974660937136899e-05 2.4127185540944702 0.013196001799055614 0.013196001799055614 0.03721390268139187 0.06678682324285029 0.08641127447335466 0.1687307813143645 0.2806816990753806 0.40184640159009755 0.4131726757760313 0.47473858726327245 0.5431794229639835 0.6905034025948255 0.7113717706050319 0.7693867771929401 0.7933640325153845 1.0180809254422678 1.1709743087140772 1.638133464984123 2.4127185540944702
562 6744 6.878630336400772e-05 2.4318547005904434 0.013136289312170547 0.013136289312170547 0.03725650399268147 0.0658887163076771 0.08621486835396942 0.1677369191772629 0.2808673679945025 0.396130298017756 0.41179117657133596 0.47449604710871973 0.5352192454417715 0.6872272367808745 0.7137028590474668 0.7657646539306596 0.8027410253203308 1.0068031559330441 1.1706453422460608 1.6424481255894754 2.4318547005904434
563 6756 7.180743180668133e-05 2.4278684570761 0.013121878733414938 0.013121878733414938 0.03736963541214408 0.06523902132126537 0.08662413739113316 0.16667032561195042 0.2799746670007961 0.39207504258983905 0.4112265529518445 0.47218569903874136 0.5347670467403478 0.6843796497065459 0.7120972599505766 0.7526509382097178 0.8212917275655217 1.0055691175283628 1.162061982472016 1.6420580175083093 2.4278684570761
564 6768 7.407973225781156e-05 2.4229750509517016 0.012994712243207479 0.012994712243207479 0.03695397805319609 0.06451176973783401 0.08673362022468306 0.16662665389974196 0.281874181608513 0.39496818917632187 0.41007527306425373 0.4696717375717898 0.5321362659279518 0.689657338276984 0.7111484339451971 0.7470280348402673 0.8564150106213582 1.0000051179351863 1.1661540636324361 1.6362806416912252 2.4229750509517016
565 6780 7.253231692166932e-05 2.4148280294678472 0.012984448723367402 0.012984448723367402 0.03643000039888355 0.06427920044229003 0.08651960341766572 0.1655417423727987 0.2813459537791206 0.39424847965898924 0.40836908121115145 0.4732341984288375 0.5298056674619998 0.6852806032262134 0.7151360516494754 0.7441168830197347 0.8732727805826257 1.0043874911263946 1.1521384855089891 1.6296490028650035 2.4148280294678472
566 6792 7.010160736727857e-05 2.3951585062243046 0.012938927123931467 0.012938927123931467 0.03601778277210264 0.06352649803036174 0.0864521311941977 0.16647567947155423 0.28044898248105876 0.39795763985282684 0.4095164939805307 0.4726954339775613 0.5290355792063429 0.6860218505688727 0.7146985873687096 0.7465148952070375 0.874205086939766 1.0011025814347707 1.1547567915814716 1.6336587790339123 2.3951585062243046
567 6804 6.95772570286069e-05 2.3926866890781326 0.012835912739568736 0.012835912739568736 0.03633577216491179 0.0631963662774728 0.0836166703311408 0.16632880542748205 0.27846962139182874 0.3935885301676147 0.4113084669824748 0.4758621085588395 0.5289843832182649 0.6813536925000993 0.7103252099348476 0.7458458882114857 0.8788470238443726 1.0034634947051748 1.148376263250938 1.634073937346039 2.3926866890781326
568 6816 6.844945651176369e-05 2.3932300825431483 0.012744322890625045 0.012744322890625045 0.03721005246315358 0.06312180854212333 0.08229654140658453 0.16656208488031216 0.2797187191764735 0.387030916162996 0.4123375538634993 0.47380592187187354 0.529187649009082 0.679918079821297 0.7171889388740825 0.7455069785489752 0.8796447764165579 0.9894670245525152 1.1572369878634763 1.640508435427117 2.3932300825431483
569 6828 6.94579451063819e-05 2.401061286498376 0.012522929872621519 0.012522929872621519 0.03709726022397349 0.06312164280957351 0.08153577642012172 0.1668316343037498 0.2785019762394665 0.38839691096123885 0.40969454783056813 0.47276607404673515 0.5266716122646847 0.6712751973977737 0.7125764103241448 0.7494733041816962 0.8813128467691754 1.0030050750703263 1.1555359989846596 1.6435845856713625 2.401061286498376
570 6840 6.819930985099183e-05 2.388546368518348 0.012560925012277235 0.012560925012277235 0.037070381508648075 0.06262646034445105 0.08035164551628242 0.16597113711128159 0.2800433094139696 0.3853374541464179 0.41030751062606957 0.4877664594036621 0.5257838395411399 0.6718729518232572 0.7013744714792484 0.7504886786767093 0.8849255652544357 1.0126443136841188 1.140224576890814 1.64219650813057 2.388546368518348
571 6852 6.351497927885851e-05 2.37504983030478 0.01248141319268425 0.01248141319268425 0.03704406578252141 0.06235431333588929 0.0806229022031037 0.16608906447431918 0.28088573119202453 0.3825393288303606 0.4050729220984305 0.48916203102696054 0.5246849937152481 0.679270184450773 0.6955851685299433 0.7440725705743471 0.8921838116767301 1.0006789354757841 1.1459254151127882 1.6445911543880216 2.37504983030478
572 6864 6.203378672324424e-05 2.3774969375263004 0.012352626073134892 0.012352626073134892 0.03687318668727533 0.062295415966407704 0.08015434711856693 0.16412227525057255 0.27929087229678434 0.38402477307089067 0.4064088272419668 0.48804973991586714 0.5272966115289007 0.6721088613534226 0.6958425016696348 0.7386461710909067 0.8896582818451914 0.9970875178972005 1.145137911268244 1.6336280899764442 2.3774969375263004
573 6876 6.07301989617634e-05 2.3504369771438633 0.012305909463002978 0.012305909463002978 0.037102681840074224 0.06206930395925161 0.07977722712803827 0.16454978894803846 0.2796460214892525 0.3779876893236415 0.4054583321103363 0.4899167749024017 0.5239504528750284 0.6734497584550596 0.6923089944092136 0.7404870818981776 0.893150114013022 0.9939604974233631 1.1419978197143492 1.616387005424029 2.3504369771438633
574 6888 5.7869330634754504e-05 2.36373989707421 0.012244737168315586 0.012244737168315586 0.03683151388582512 0.061608621442199044 0.07950668097776564 0.1621801536315075 0.2834232986180408 0.37541415120560206 0.40586958545912566 0.49410270426091873 0.5204505283644646 0.6714768909567459 0.6898404063331257 0.7371090866343443 0.8913250657168249 0.9931712561095679 1.140160369349439 1.6058972484065566 2.36373989707421
575 6900 5.3473015100924574e-05 2.3335300180237346 0.012196462157623518 0.012196462157623518 0.036808007057870226 0.06146717341932941 0.07895154319607696 0.16099315672294356 0.28690255064270387 0.3709567469874009 0.4076569375602713 0.4943715520388709 0.5221386396118074 0.6736390972066424 0.6815957486122028 0.7394086561479418 0.901605189974436 0.9884866093175835 1.1341280737541737 1.6009669716022266 2.3335300180237346
576 6912 5.150503329683207e-05 2.3168743837665984 0.011993192574822988 0.011993192574822988 0.03680156584453753 0.060869433663126436 0.07832622814694855 0.16249309947386234 0.2864392625591453 0.36917816308590595 0.4087096277033041 0.49193381777744427 0.5210186165135371 0.6707286963162276 0.6740872384804353 0.7428776084682334 0.899863433908596 0.9944306512700112 1.130206048026755 1.5859049666592029 2.3168743837665984
577 6924 5.131498021991984e-05 2.3129729605455416 0.011909341952937993 0.011909341952937993 0.03658565333802257 0.060254550543030326 0.07683848932760319 0.1624753822605865 0.2881667061350399 0.37075680567154795 0.41157447892590476 0.4977694320960714 0.5225958125001368 0.6718732368813181 0.6753370468505145 0.7394847347746653 0.9006318326692353 1.0023092477118611 1.1349708628269841 1.5697149473865226 2.3129729605455416
578 6936 5.031074810999209e-05 2.3183826454256495 0.01174841933850322 0.01174841933850322 0.03674717581216255 0.05963684778155627 0.07611550312434176 0.16240974738256841 0.28988385630825614 0.37568867736591033 0.4122145251097395 0.49850290064817565 0.5193661481185811 0.6692981531411317 0.6744510753026057 0.7388776439117278 0.9101130807321933 0.9841514250412401 1.1278933026794287 1.5995382695289964 2.3183826454256495
579 6948 5.0745749881731705e-05 2.318796084462509 0.01170586295015309 0.01170586295015309 0.036470826282761215 0.058991719539563815 0.07479594979005304 0.16130876456712595 0.2864657109258281 0.3736844668139766 0.41127979927839453 0.5033902040249367 0.5234792360047323 0.6716313871834423 0.6782310666096599 0.7431973463149317 0.9080709344592903 0.9805860344500357 1.1269701531659957 1.6066027579388256 2.318796084462509
580 6960 4.968687915174079e-05 2.294841757826625 0.011634921487922275 0.011634921487922275 0.03637939063660846 0.05862131940685597 0.07452201189180085 0.16570392973223796 0.2850830195786789 0.37381616672046925 0.40851341787681805 0.5061850444733075 0.5252764188854465 0.6651482130814532 0.6813210978205376 0.7367512909431037 0.9053000246282601 0.9817672759079726 1.1119294295547806 1.604539216608937 2.294841757826625
581 6972 4.8485272624729846e-05 2.2852907123688504 0.011573995338960152 0.011573995338960152 0.036106237747639484 0.05799200980913476 0.07358066603503503 0.1659745647279074 0.28772409526886183 0.3658080690758377 0.40564317044469456 0.5094014792679153 0.5262306075669043 0.6711523614655175 0.705048173767549 0.7394843216498195 0.9033266396687671 0.9659624929182845 1.1134160821919104 1.6027060896402676 2.2852907123688504
582 6984 4.768577550110449e-05 2.2578166784869285 0.011453248809187988 0.011453248809187988 0.03602980720683031 0.05792065206871237 0.07272950936443968 0.16605852158289547 0.28783929782008516 0.36482895177826513 0.40590176918129844 0.5107160155487643 0.5269464043403209 0.6770016567972619 0.7107548542150488 0.7402361857326435 0.9082133209556204 0.9523462470317909 1.1049524024439332 1.6024144090805477 2.2578166784869285
583 6996 4.686470404137897e-05 2.248989886507216 0.01145516726570771 0.01145516726570771 0.036111405094733685 0.057302597203472014 0.07137497652488409 0.16663265155327234 0.28705566785472225 0.3631537397806933 0.40245622143377713 0.5115432770738153 0.5227347511252705 0.678421348363343 0.7077697316532191 0.7369771296408244 0.9086026775542329 0.949019137297338 1.1211240151429325 1.60896535979093 2.248989886507216
584 7008 4.649822425765963e-05 2.2388184644847584 0.011344710851810514 0.011344710851810514 0.035515493583491715 0.05709214838754266 0.07240811707939765 0.16643402812959635 0.2880300902828873 0.3677418088041876 0.4088215269428146 0.5082630034290307 0.5273664428087497 0.6814755391333815 0.7046623588841691 0.738365578758078 0.9107892938925362 0.9473085017256836 1.1158643575435614 1.6243087924101063 2.2388184644847584
585 7020 4.564120626616661e-05 2.2334291339378143 0.01130758838941425 0.01130758838941425 0.03500023745878462 0.05664463860290196 0.07210297135419591 0.16623660390724507 0.28516747135041676 0.3721758628964811 0.4109302855592274 0.5011946620114005 0.5259540264226026 0.6780121732115069 0.70416125458656 0.7419148353407331 0.9041942068698726 0.9468151622958063 1.1139440996342473 1.6146534167266815 2.2334291339378143
586 7032 4.543536404869081e-05 2.223147650045959 0.010958969570054307 0.010958969570054307 0.03439954139818154 0.056734777999343816 0.07195638289364087 0.16611452836121163 0.2831303831467394 0.3749837576173713 0.40789192542805275 0.5019886901698766 0.5227697144864645 0.6775488976647634 0.7041893632566164 0.7405598665186087 0.9083455311764089 0.9674938376048092 1.1118834332167808 1.6106588974661527 2.223147650045959
587 7044 4.589633825949443e-05 2.219047195258032 0.01089270136358528 0.01089270136358528 0.03405726255972088 0.05664799603327427 0.0719265765605179 0.16573359079157382 0.28002626292091387 0.3791044683950332 0.41269844651297816 0.4994094972981967 0.5238217002651966 0.6782376105956572 0.7112738108556615 0.7355701585365475 0.9007188970049137 0.964765758971094 1.0890562015470688 1.5992932419757238 2.219047195258032
588 7056 4.683559226424584e-05 2.2163502955356607 0.010746858815223422 0.010746858815223422 0.03341785750370218 0.056835265554371524 0.07223147240150904 0.16393716542067005 0.2797230045586839 0.38053442211159705 0.4127782630518079 0.49506708928290777 0.5285222374953794 0.6840235090485327 0.7098406283935644 0.7337642679053371 0.9049174990088933 0.9608110432822753 1.0882801165845217 1.5889591378898704 2.2163502955356607
589 7068 4.5475917913070024e-05 2.206192992752688 0.010718648183946352 0.010718648183946352 0.03317520134711497 0.05631978349671267 0.07244739840088471 0.16491046752466818 0.2778834660928102 0.38388626468253834 0.4159202596207265 0.4894398295834307 0.5316847672558743 0.6860677308265531 0.6985179855911758 0.7306606000022206 0.9067339793511453 0.9662340231365872 1.0876323669969892 1.5832599018424882 2.206192992752688
590 7080 4.479666441840619e-05 2.2118231659406837 0.010739695320826375 0.010739695320826375 0.03243185204087051 0.056691938665057 0.07176918264580637 0.1650452521936755 0.2751131170023188 0.38539547468197444 0.4163811100008945 0.4881006723235117 0.5327241639897252 0.6821457200281483 0.7016253778720623 0.7351074530553406 0.9115077145572374 0.9736249041558628 1.0707280983502407 1.5655227461205174 2.2118231659406837
591 7092 4.395164411600617e-05 2.1895916148031724 0.01072851450789513 0.01072851450789513 0.032230987380453976 0.057030613537888235 0.07113332011731231 0.16805165692812654 0.27439996977909403 0.3864968296182961 0.41751450436892246 0.4849477225885121 0.5331389981221335 0.6855446703106959 0.7022625312768184 0.7373372826435909 0.9052331547749384 0.9739767744477568 1.0475224973507282 1.564975513319093 2.1895916148031724
592 7104 4.3367401857426215e-05 2.1853057045190223 0.010715570641422232 0.010715570641422232 0.032029888624385196 0.056539523305329145 0.07098931317822439 0.1668248182176998 0.2749353700522079 0.38308961367118155 0.4172678485903983 0.4887062452028082 0.5326910291212521 0.6865343395489432 0.7001769650715305 0.7443992188348268 0.910720245323067 0.973157360861736 1.033413797572372 1.5609282813723588 2.1853057045190223
593 7116 4.2652075639863565e-05 2.188084065969674 0.01054725912350697 0.01054725912350697 0.031786106628882635 0.05654559475719403 0.07067567625201689 0.16373313673390363 0.27541695292730156 0.38270772786407886 0.4135603859237598 0.49001148094152636 0.542889610251164 0.6860448466853599 0.7004430211627051 0.7467437696204292 0.9107859174216466 0.9703452387061974 1.0431546370575944 1.543568368047531 2.188084065969674
594 7128 4.1788534804379615e-05 2.1402211223932235 0.010455478244018197 0.010455478244018197 0.031891343532542984 0.056494381451129075 0.07085733684657529 0.1629136239830189 0.27698532916096275 0.38697539307970086 0.4141729155622952 0.48682808157451163 0.5432730863557097 0.6805609430223336 0.7035104070181911 0.7562961117176175 0.9118536057712138 0.972798252922585 1.0405877212038535 1.549433327229647 2.1402211223932235
595 7140 4.0442237757539876e-05 2.134488866592514 0.01036699886421719 0.01036699886421719 0.03178435357447333 0.056220287577306814 0.0703190639780853 0.16231057456101805 0.27547702885067055 0.3898598905807537 0.41886265115728494 0.4867325247409447 0.5442876558804806 0.6788358297289255 0.7081994871789224 0.7573544753919912 0.9157893861983873 0.9661376150040321 1.0251364416459945 1.5559581616801532 2.134488866592514
596 7152 3.922584973262056e-05 2.1422548132456716 0.01040415416241352 0.01040415416241352 0.0311248661102834 0.05584313708121595 0.06999648886001424 0.16089694873754296 0.27602530162793154 0.39444584307380726 0.41809272289472205 0.48703190841078836 0.5384657796452609 0.6772681578079457 0.7038806988823602 0.7540031515366751 0.9229991445727431 0.9604068802983284 1.0262477847728617 1.543389712817243 2.1422548132456716
597 7164 3.8626818428641934e-05 2.184450342563414 0.010374527477053853 0.010374527477053853 0.031008079412741883 0.05570701144419443 0.06971038734184956 0.15997859576791126 0.273670350148223 0.3928909899136509 0.41522665373860046 0.48769297111005455 0.5338015127286133 0.6729940574018032 0.703166935795998 0.7486562867858023 0.9302307320360743 0.9611075324639586 1.0189926210064386 1.5428247334879301 2.184450342563414
598 7176 3.951368815533375e-05 2.175575624064989 0.010373520634222312 0.010373520634222312 0.030539364750464187 0.055422655157064384 0.06935013245916695 0.1602799045007434 0.27399659321226816 0.3919020391914141 0.41435742790681185 0.4884297459102711 0.5339911092175225 0.6757293907995572 0.7028721843578899 0.7457796461842303 0.9306622723034261 0.9570210217822563 1.0060676434487814 1.5382592329972842 2.175575624064989
599 7188 3.95996758639198e-05 2.2014065121323774 0.010293459323280426 0.010293459323280426 0.030620805481116575 0.055801015551701055 0.06819490425469672 0.15903194344960475 0.27129098437173016 0.39134306659670426 0.41861118166694916 0.48232327785702905 0.5330468638439669 0.6664964018734841 0.7022499331639039 0.7431677547329155 0.928335421413646 0.9632879841167459 1.0047332474719979 1.5415650992084595 2.2014065121323774
600 7200 3.805409859084171e-05 2.207065363526324 0.010289296494524867 0.010289296494524867 0.030317608305815365 0.05627614051407029 0.06808121775889636 0.1595878018050218 0.2725066663031758 0.3896286133832175 0.41392839705123374 0.47959813783265076 0.5322631281507227 0.6708519507310517 0.6954538907690395 0.7372888663623143 0.923315539353354 0.9698886217404127 1.0032858256338253 1.5419683057663203 2.207065363526324
601 7212 3.742800007830589e-05 2.2159166132267716 0.010246161425098125 0.010246161425098125 0.030205494188684394 0.05658771096926928 0.0678989685646982 0.1577097050805636 0.27249163937224785 0.3887332677576212 0.4209117707194848 0.4803173670713815 0.529670293825161 0.6691588610057485 0.698972729867286 0.740187199674101 0.9165051674198836 0.9617247732879626 1.0032569695898181 1.5219016113782688 2.2159166132267716
602 7224 3.6007405035877724e-05 2.2193901928313604 0.010177769378465625 0.010177769378465625 0.029959054539032182 0.0561875243860634 0.06753812011472804 0.15754446595709512 0.27308735579480503 0.38923593475378554 0.4166224817780867 0.4803147269394841 0.5278735504290569 0.6756867448636141 0.6940207985475597 0.7407182557400144 0.9176472542924706 0.9606497420662569 1.0086808049053653 1.5067598169353864 2.2193901928313604
603 7236 3.5415616526595685e-05 2.211742166524947 0.010182887014211408 0.010182887014211408 0.02975502166324041 0.05609408479921494 0.06777905635511197 0.15750502418421145 0.2729477072334894 0.38846115245943535 0.41682807956696566 0.479027582310258 0.5294424322014932 0.6717587001485322 0.6922282106987281 0.741593841605776 0.9120431822228237 0.9556940992208034 0.9978336118913975 1.4906885149565936 2.211742166524947
604 7248 3.5179528713232723e-05 2.2071070981021865 0.010091742276671705 0.010091742276671705 0.029666387252322887 0.056043837510778516 0.06767923390572826 0.1579937450578444 0.2726460525638312 0.3845529590285466 0.415824949525814 0.4772428143517372 0.5216637301559274 0.6667026788603536 0.6867737102571513 0.7412154513387107 0.9231147961988682 0.9627648010150528 1.0113153048479333 1.4831971281132577 2.2071070981021865
605 7260 3.503237720631881e-05 2.201719787487528 0.010092040868566915 0.010092040868566915 0.028861607433105792 0.05629483009849494 0.06762008955762278 0.15782922484038736 0.2701280559562563 0.3906958032581055 0.41108398022515746 0.47337377839554506 0.525898913984508 0.6676483970664945 0.6879091974332568 0.747666235539803 0.9223329847786436 0.9738063519756149 1.0032311794781628 1.4858936905482443 2.201719787487528
606 7272 3.525845020430615e-05 2.2097444683037253 0.010088924770594528 0.010088924770594528 0.028896560020472396 0.056094168821739024 0.06766744268654724 0.1574970120299613 0.2675074490071212 0.3873896536475342 0.4105839779428062 0.46688020809724823 0.5265852451034474 0.6653856131567115 0.6870173880681699 0.7477738306272244 0.9260038229263283 0.9893638872159918 1.0192117447539573 1.4757087157761473 2.2097444683037253
607 7284 3.411864226347382e-05 2.1980926752165546 0.009920196010596138 0.009920196010596138 0.028995086826249097 0.055412598418440456 0.06737263608954076 0.15617833536311085 0.2690692613779148 0.3850868008343647 0.4106203097898122 0.471391814630828 0.5263281607672293 0.6617517026720067 0.6874216394259686 0.7397655887941816 0.9199596366057748 1.0085435930163926 1.0211138230734031 1.4796131035307691 2.1980926752165546
608 7296 3.463632378984048e-05 2.1916187649727394 0.009734478335612846 0.009734478335612846 0.028816636010152337 0.05477481399390588 0.06757828172824239 0.15473435419284365 0.2694918063166017 0.38647740184821977 0.410313552832185 0.4700882118657527 0.5253107963290653 0.6621472322977585 0.6876145268289299 0.7434927466747558 0.9094432372715795 1.0053674440644722 1.0215767636657407 1.4995199867026567 2.1916187649727394
609 7308 3.557358639416384e-05 2.2177153536773813 0.009631592630569999 0.009631592630569999 0.028688150108879956 0.05514447943959145 0.06881906546948732 0.1517329830595821 0.2716484869304454 0.38492751266682634 0.40831763438031526 0.4669451245062079 0.5273375262025806 0.6606358245969345 0.6897272591023937 0.7461455207187686 0.9063319649827734 1.0139134811621238 1.0264430253355608 1.5077033391558157 2.2177153536773813
610 7320 3.457027780590561e-05 2.2270943586656258 0.009615290069135819 0.009615290069135819 0.028714287522189515 0.055016301241606065 0.07170074579048828 0.15088228296205974 0.2683019935119004 0.3826600605117583 0.4076020545297998 0.4633786111403501 0.5204974709607433 0.6582364462160233 0.6866575382763767 0.7459531222151718 0.9010856605289468 1.0150245294485436 1.0271599572761887 1.5062047520524204 2.2270943586656258
611 7332 3.2885951831966985e-05 2.234503192229229 0.009525232120289811 0.009525232120289811 0.028623851384218014 0.05444476009624298 0.07232911702878045 0.14986197884126684 0.26852549729989206 0.382344263481292 0.4067956456440794 0.45547897172930474 0.5213945764989422 0.6566716258117922 0.6850303254067378 0.7408806445083403 0.8997574414161413 1.01622604388383 1.019579511438522 1.5102964202171927 2.234503192229229
612 7344 3.193475737855263e-05 2.24823533564816 0.009395065023008915 0.009395065023008915 0.028590567096630055 0.05385015993491663 0.07218657515339809 0.14944920250314883 0.26952836107828176 0.38399320728148123 0.40021604269611516 0.4568633114832422 0.5212627045016425 0.651130306372219 0.6790030809978826 0.7358491608083328 0.8949037411754609 1.0236816835044484 1.0264013557751184 1.5070037636967537 2.24823533564816
613 7356 3.171988122157366e-05 2.2358357716408777 0.009199058415457225 0.009199058415457225 0.02864973711088762 0.05380259286102823 0.07149017052813264 0.14746584687769781 0.2720423935675092 0.38327229580267985 0.39996620682753 0.45548658032197065 0.5210982372700439 0.6521810402339632 0.681993105549042 0.7425352998783891 0.8848143683606602 1.0119475175742596 1.0342750049701848 1.5080995220095323 2.2358357716408777
614 7368 3.0777952510408465e-05 2.2219128428538797 0.009105302021159958 0.009105302021159958 0.02843404167945425 0.05344553521134864 0.071070521269029 0.14737603725238133 0.27368691152235175 0.3853490867894741 0.4038643135560588 0.454806467825807 0.5126741671958436 0.6471652358212816 0.6798547629418253 0.7438837930428075 0.8820040102180391 0.9955781010459717 1.0544673168615055 1.5043884281323272 2.2219128428538797
615 7380 3.130634960819856e-05 2.201600032022974 0.009095802173660602 0.009095802173660602 0.027778308368452426 0.053382843315993876 0.07054739549591002 0.14569682584893046 0.274037781194319 0.3885068730555521 0.40250087412264063 0.4516500004792039 0.5141789691014322 0.6458436621090446 0.6830204331538117 0.7467282638767638 0.8780355599133408 1.015398370825412 1.0658029060154948 1.4857809224090153 2.201600032022974
616 7392 3.0251026646138067e-05 2.1984501575975064 0.009036857748025982 0.009036857748025982 0.027658635137589295 0.053038511878515875 0.07023673600876272 0.14452203120458815 0.2745941073415606 0.3853198445599648 0.39837718245762943 0.4487061997564783 0.5128111883378351 0.6457548823042057 0.6837769726757921 0.7470614732538274 0.8705220535389244 1.0253839962280595 1.091725810088185 1.485329682013481 2.1984501575975064
617 7404 2.9532371078669418e-05 2.16262517567537 0.008966756220880964 0.008966756220880964 0.02735403542478768 0.05300461295594771 0.070081272446579 0.14515128561402663 0.27559181698141966 0.38268591297274246 0.4055061627167376 0.4500256880982634 0.512262104511665 0.6425803722317404 0.6816203422664158 0.7263871129969071 0.8649552103068613 1.0264492385465105 1.0995890865568285 1.5075318678869274 2.16262517567537
618 7416 2.77073471057421e-05 2.1464381561331654 0.008926432208741225 0.008926432208741225 0.027050604590089306 0.052735238049732715 0.06977982302827065 0.14464800174726272 0.2738824644038401 0.3810209113077193 0.40622494888168004 0.4503990854652581 0.508506522255134 0.6428596463587186 0.680884085239434 0.724265284219201 0.8641452484094294 1.0360958769448525 1.1159232702204107 1.4922727355444654 2.1464381561331654
619 7428 2.599166526885829e-05 2.136026933369779 0.00890172636154527 0.00890172636154527 0.027001762022611692 0.05221633779129268 0.06930943506379583 0.14446659089709213 0.2739393228295736 0.3780556920016608 0.40462484447636626 0.45184339162517334 0.5148102744198663 0.641151632324901 0.6864019331406453 0.7129733144150803 0.8546236697168577 1.035078082818303 1.122672864976215 1.5000532848122363 2.136026933369779
620 7440 2.541334158352345e-05 2.1505521137767754 0.008888777607697067 0.008888777607697067 0.026793849694563616 0.05227326398286802 0.06918644253447921 0.14358574228751303 0.2739056670541604 0.374022454228261 0.40468515048745995 0.4496719605755637 0.519386798218741 0.6348738333856536 0.6757386687930541 0.7136059115708258 0.8483336054070109 1.0383538566994281 1.104991318642827 1.5077905658896393 2.1505521137767754
621 7452 2.5198453144547352e-05 2.1212407649441962 0.008814693957992649 0.008814693957992649 0.026411960194059707 0.05197352731992656 0.06954826110716864 0.14554420900469442 0.27071525931903073 0.37221377987092497 0.4044354930503486 0.4480944836445256 0.5200967973623142 0.6398867255398967 0.6717563943371484 0.7117366102665668 0.8484203270876013 1.0411828898739182 1.1029573840624762 1.524978220623422 2.1212407649441962
622 7464 2.5375100130629333e-05 2.1211492230431546 0.008683323832936327 0.008683323832936327 0.02689533459337964 0.05270320254648699 0.06868092368318611 0.14769962100709055 0.2689731377556311 0.37475570149974907 0.4057342226115326 0.44668641904013057 0.5160803474526502 0.6376377283318077 0.6743767389539268 0.710383254311219 0.8442044035107795 1.041013653272779 1.1287770123768692 1.5293239697230971 2.1211492230431546
623 7476 2.6225219466838173e-05 2.1245456102712734 0.00864235332872809 0.00864235332872809 0.026863071730910563 0.052589070634790326 0.06787658010405637 0.14924771032371353 0.2677413840070941 0.37103710568764736 0.40382285761346753 0.44843756000751356 0.5162130561318451 0.6383853886897021 0.6694993398934052 0.7112033954136467 0.8426743876031269 1.0438460579690558 1.1371274995002552 1.5248212228871223 2.1245456102712734
624 7488 2.6689426078949603e-05 2.138853629101734 0.008600071663034179 0.008600071663034179 0.026283162174842466 0.052861600914996774 0.06709452376255691 0.14898518297098884 0.26730881194408374 0.36949900448702727 0.4015587505331751 0.45644351739511646 0.5099236659736361 0.63963752511598 0.6683802641538 0.7112213655445213 0.8421231608401358 1.0435532652978 1.1724766774640085 1.52457057339278 2.138853629101734
625 7500 2.7453640868356555e-05 2.154507876520535 0.008561945836528957 0.008561945836528957 0.02599982122112143 0.05197719380820895 0.06702664285592781 0.1482585561953044 0.2654054779428414 0.3698986117519035 0.40179418273756357 0.45315762174025936 0.5073729485363305 0.6378810969183277 0.6581746478324371 0.7130824651508202 0.8426621376217817 1.048316599994942 1.1993922643131516 1.520474493799943 2.154507876520535
626 7512 2.674083452566691e-05 2.1611258034282343 0.008519544154985431 0.008519544154985431 0.026001854763154773 0.05178496277197992 0.06623953138627693 0.14855926803249375 0.2653741219495962 0.36890311884797955 0.400001314935273 0.4515642228888055 0.5090766860869373 0.6327376042120534 0.6608988832046248 0.7087797312198947 0.8363176266172446 1.0460822201321793 1.2269655950070049 1.5171327900075953 2.1611258034282343
627 7524 2.685618110070466e-05 2.158947773582663 0.008436296231607335 0.008436296231607335 0.02585875391061271 0.05189200823954807 0.0660445982333884 0.1478758760893361 0.26148115609795575 0.373118763065558 0.4011402289316426 0.4536210055914534 0.5066170074047122 0.6370847601456825 0.6544477716721601 0.7130488849892275 0.8389335252586378 1.0366138184728824 1.2348265363883288 1.5259833712833788 2.158947773582663
628 7536 2.5796881272051087e-05 2.2186729907085847 0.008325396949724069 0.008325396949724069 0.025649937860486676 0.05166998703832014 0.06567485139897175 0.1490004919813592 0.2612130947655876 0.37349568052071297 0.39889769090203614 0.45011562890704054 0.5049083359509279 0.6395607310447298 0.6469758476089121 0.7150391508149058 0.8420989448764574 1.0397435801313313 1.2291167785946104 1.524492368870279 2.2186729907085847
629 7548 2.518083934461396e-05 2.217415680533746 0.008329814650150926 0.008329814650150926 0.025649448526559173 0.050902469604843584 0.06540954959307523 0.14758731457915578 0.2595848380070687 0.37122143786762396 0.39735005413929014 0.4520914036932755 0.5045163950284047 0.6424114280307921 0.6520652657446553 0.7173977255318649 0.8390778229434249 1.0270029946407895 1.234330609448425 1.5135471106085163 2.217415680533746
630 7560 2.3364406531651382e-05 2.2313055693800994 0.0082296724048316 0.0082296724048316 0.02554591768159723 0.050020457058971624 0.0657478054387339 0.1465266784639194 0.26037389334642225 0.3674844484365058 0.39815498559365997 0.451953703249131 0.5011019583510853 0.636939713277472 0.6473672944655906 0.7154942656172963 0.84219755686941 1.02837270647078 1.237641847640129 1.517760505016678 2.2313055693800994
631 7572 2.2101132534640998e-05 2.2214282316993708 0.00810423118469718 0.00810423118469718 0.02561393911330061 0.0499866268169416 0.06599438152981836 0.14683887293335174 0.2591497450311068 0.36714902214364475 0.3961435508834729 0.4432169085972193 0.5013369439295794 0.6340080095877408 0.6440317528542129 0.712827139193266 0.8443201346877524 1.030099993402303 1.234914533735365 1.515276078662521 2.2214282316993708
632 7584 2.1279889501675144e-05 2.2194301257265105 0.008100200564832419 0.008100200564832419 0.025685019134461442 0.04981237454331402 0.06601771402870624 0.14576253884151044 0.25361368986909005 0.36585425108390285 0.3947842858715192 0.4408233687950602 0.501404438716793 0.6321543434823572 0.6396985292190401 0.7120999745695117 0.8420801400981777 1.020854756796834 1.2336117642980526 1.5133675881543778 2.2194301257265105
633 7596 2.0705727871937767e-05 2.2317299140104425 0.00797274239149213 0.00797274239149213 0.02558208169417219 0.04952549194777904 0.06668790663847372 0.1455159107587617 0.2530027409877969 0.36258661873539305 0.394186588483898 0.4478415659799289 0.4951296650414891 0.6209611471012003 0.6528012928344148 0.7102398296070505 0.8410067806540731 1.020485098685036 1.223377140036994 1.5185904992265882 2.2317299140104425
634 7608 2.0098464848456266e-05 2.2550319011764253 0.007877246002514186 0.007877246002514186 0.025560362029654858 0.04868897038021453 0.06648226890458375 0.14699350844452613 0.2530989550583647 0.3638285657114601 0.39522886483691494 0.4515431369201762 0.4952220364960291 0.6198140897365885 0.6482958775641576 0.7015427415116096 0.8419802127010542 1.0163524213363004 1.2124112713048114 1.5157682642084265 2.2550319011764253
635 7620 1.9683168965895042e-05 2.2576898346669934 0.007846479939362196 0.007846479939362196 0.02562922708674253 0.04768627576679735 0.06619506158714593 0.14600345204921494 0.25343502704275594 0.3631416952945449 0.3960854925309637 0.45087435550227817 0.49640751068130645 0.6170964588623192 0.6497470466771916 0.7019728853358636 0.8353188030790236 1.0091941795444639 1.2044018921519009 1.5128481367146032 2.2576898346669934
636 7632 1.8946984114249582e-05 2.2607634872544358 0.007805374769520522 0.007805374769520522 0.02548762873967023 0.047180387766466 0.0656833060687478 0.14516737147508013 0.25756628088905587 0.3624685717594687 0.39459187810135876 0.4499753384474355 0.4976176061065893 0.6174817782830528 0.6499939649628032 0.6968534104952921 0.8336537394895062 0.9976715752590749 1.2001803311397874 1.5089693321164914 2.2607634872544358
637 7644 1.787159285079198e-05 2.234439969341431 0.007735544018247877 0.007735544018247877 0.02541563476232707 0.046939745443249435 0.06616946043080861 0.1441523427250534 0.25848669403446767 0.3598591924893735 0.39332868651851166 0.4480131797190945 0.4953840788025573 0.6087566772351507 0.650004038724634 0.6955849305118712 0.8324801466777768 0.9977783747846416 1.1948634350069893 1.5116240675516064 2.234439969341431
638 7656 1.7578834015116843e-05 2.255852939164794 0.007757809971018503 0.007757809971018503 0.025239289618431412 0.046907008818480846 0.06547208929974105 0.14459617351735196 0.25757678355207014 0.3554616841797552 0.39115772817427186 0.4450102746899595 0.4950964224756526 0.6143913932633814 0.6494682944314373 0.6924738258104359 0.8236272298933868 0.9948293918767008 1.1915397033647264 1.49282646358828 2.255852939164794
639 7668 1.7492526689686772e-05 2.271583748198397 0.007832614926319132 0.007832614926319132 0.025201978006207527 0.04612138653823018 0.06531463495098104 0.14594210998354204 0.25659483390645227 0.3552037115909311 0.3924738145183417 0.4437293423674355 0.49010962464212604 0.6115452792927737 0.6510678004898047 0.6899516739200681 0.819408441111979 0.9974935486021894 1.193172385074822 1.4903558066427114 2.271583748198397
640 7680 1.7391473773490983e-05 2.284953183295112 0.007800253088087063 0.007800253088087063 0.02520885584077202 0.045828468083903375 0.06512922866287357 0.1468550982363928 0.25513978752023386 0.3571285975890784 0.38428678417343093 0.4445350721969164 0.4852000189970579 0.6168700930553771 0.6502079527046488 0.6885107669906401 0.8164809691728445 0.9963841264925005 1.207184421727461 1.4768803731052735 2.284953183295112
641 7692 1.726454498951603e-05 2.3051607356626387 0.00771624106073495 0.00771624106073495 0.025240375579092256 0.04600306566551554 0.06426173463763207 0.14723257139981286 0.2540686301658782 0.3574260257466228 0.3813322287341359 0.4463076363234185 0.4841643038565755 0.6151344950116987 0.6532710741391439 0.6957485947575783 0.8150003354595149 0.9926966768788767 1.2136810590901042 1.4688950752651715 2.3051607356626387
642 7704 1.7132859021385513e-05 2.3126780353884224 0.007673728620970248 0.007673728620970248 0.02542474092086679 0.04561848916239458 0.06432142818949019 0.14580485187305461 0.2516846004088062 0.35285224876757554 0.3803820220245998 0.4466577748844567 0.4877111917616939 0.6098459432080348 0.6520151145955727 0.7024619954237743 0.8122752475566984 0.9989414054774213 1.2063383271790504 1.4645612455330619 2.3126780353884224
643 7716 1.7201290752400417e-05 2.3142488556000673 0.0075784039796835305 0.0075784039796835305 0.02541287878993 0.0457167226407629 0.06429633908282618 0.14442658069610811 0.2515565985983517 0.347893891764763 0.3769212840633136 0.4469538329018449 0.48726411820868143 0.6132167700374846 0.6566173658961729 0.7024880069905675 0.8198666540247256 0.9973584249195128 1.204184677518943 1.4595098148080907 2.3142488556000673
644 7728 1.6992965367965006e-05 2.3225537274861012 0.007517297992043431 0.007517297992043431 0.025457200439601525 0.04504442520071984 0.06400001103396978 0.1450616458082079 0.25068299866814875 0.3485901249583423 0.3732636537104812 0.44651113650897584 0.48457724443369316 0.6171235832633637 0.6546967737847923 0.7015114973283959 0.8100812517304665 0.9975395116443472 1.214818918620306 1.4553726545371686 2.3225537274861012
645 7740 1.6743047322127203e-05 2.317932831039931 0.007450227126382585 0.007450227126382585 0.025528989003422667 0.04482252779205605 0.063765990690624 0.14432121384730454 0.2511672165582556 0.3510913260877749 0.37272971727424153 0.4474595247531261 0.48648883120025854 0.6111396458004624 0.6549665220910724 0.6984070240764199 0.8043483689519563 0.9909802742836524 1.2301066200072122 1.4504683276515915 2.317932831039931
646 7752 1.639403733973867e-05 2.320015392441522 0.007407587921012337 0.007407587921012337 0.025388743301232575 0.044311551752381446 0.06360506094141652 0.1443638490765938 0.2512912120062471 0.3490526987749815 0.3729903758780161 0.4498467211509729 0.4810875426709525 0.6102272689411222 0.6539360925159841 0.6997625728034029 0.7968429952826369 0.9920588193309683 1.2219522265218201 1.481816178329094 2.320015392441522
647 7764 1.5536086460925762e-05 2.312553850368876 0.007412066555013399 0.007412066555013399 0.025074367940515672 0.04391143451883443 0.06356886747791993 0.1450958834224088 0.251310134967787 0.35557663905200754 0.3724899279649484 0.4476122761973417 0.4825473114616041 0.6086475236125611 0.6525792551279166 0.6977002479332907 0.7988179986666697 0.9855247163035727 1.2279493898478275 1.498596129402305 2.312553850368876
648 7776 1.512948926213815e-05 2.3163946889346443 0.00741321653193546 0.00741321653193546 0.024830975008204793 0.043567602953661314 0.06363274797641212 0.14461580016489103 0.2506755138160664 0.3501472727762612 0.37318158693477954 0.44656338343211516 0.47791346761420556 0.6093685389586396 0.650045175112187 0.6956118534885807 0.8121569566793352 0.9758875250172577 1.2335386895371385 1.5030594504143124 2.3163946889346443
649 7788 1.527631407957519e-05 2.3047644675126624 0.007176554730774902 0.007176554730774902 0.02484821148466778 0.04204008300721453 0.06325313654304694 0.14522819098959455 0.25154448422820025 0.3498792339925182 0.3786194142161004 0.44699893643194377 0.48287248367400276 0.6087442696872397 0.651631385153827 0.6977948822006929 0.8195589108287942 0.9777975270465483 1.2397788035630575 1.5022007704107783 2.3047644675126624
650 7800 1.4871939731151563e-05 2.3268153478221048 0.007077845178796348 0.007077845178796348 0.024755795337572644 0.04215892819199372 0.06293518361159849 0.14517652519860955 0.24931633428044725 0.35184081225667063 0.3774462600065747 0.4461199840210703 0.4799529025089669 0.6104882631311559 0.6581794015061309 0.6955125137693259 0.8229766311123972 0.9791017884117619 1.2380729236431516 1.5039453214439074 2.3268153478221048
651 7812 1.4706920393266462e-05 2.317987221366319 0.0070719262667522645 0.0070719262667522645 0.024628696385536046 0.04201686601506431 0.06248415871805934 0.14334736326600714 0.24663273111211553 0.3504973698713315 0.37991447327893396 0.44723575474579724 0.4739082086171419 0.6137185786110447 0.6595153962091757 0.6949975405631161 0.8250779461612212 0.9777866835299702 1.2344521642469202 1.4990137190168162 2.317987221366319
652 7824 1.4449408681377876e-05 2.328961747942836 0.007104243302467192 0.007104243302467192 0.024327684461210225 0.04182255842840545 0.061903932890259666 0.14274702671920442 0.24561322104358377 0.34888536770084333 0.37985957612154386 0.44444966683956405 0.47615605808529327 0.613360714207705 0.6541060935676416 0.6973774608975829 0.8256876309730969 1.0052485638833906 1.2319469712272673 1.4895529178023514 2.328961747942836
653 7836 1.4476302553418791e-05 2.3284919331063305 0.00703116805586377 0.00703116805586377 0.02429497847181742 0.04178958484831302 0.060980147209699145 0.14311248562404483 0.24542214278367921 0.34878704690255 0.3750157190373384 0.4474739303387686 0.4735786173274272 0.6082064701033465 0.6454070595932896 0.7008971422904505 0.8254773056572009 1.0097324743505214 1.2432207531892487 1.4948184531328712 2.3284919331063305
654 7848 1.489345483336232e-05 2.3491932968286564 0.0069839852073548155 0.0069839852073548155 0.024194547707131694 0.04157879811020748 0.06036319791979089 0.14438302519845828 0.24436065231150442 0.34293790154782305 0.37348538645809326 0.4472704216591169 0.4724363275560526 0.6078062204643683 0.6443029680581569 0.7006992372389845 0.8181321031745166 1.0104431373662686 1.2478478948804683 1.505370488371668 2.3491932968286564
655 7860 1.580414150675159e-05 2.3779138366883927 0.006978695639257755 0.006978695639257755 0.024142816856457576 0.04128059458988026 0.06049407575648502 0.14541954054826006 0.24557117883990645 0.342025940007039 0.3729012303046297 0.437494533626905 0.47106133176286336 0.6058336691476239 0.651581429122471 0.7071286181682291 0.8154313361616166 1.001720831703348 1.2536798029773224 1.4997311324067373 2.3779138366883927
656 7872 1.585998205863925e-05 2.4341834307168435 0.0069671596408585855 0.0069671596408585855 0.023774035444404613 0.04132861527368561 0.060578433253213625 0.14572445593522446 0.24428731282535318 0.33957674993937986 0.37402398967319683 0.4370883016931844 0.47457911920153645 0.6068917962811473 0.6594812709357089 0.7066548955260623 0.8025528256251607 0.9970169544142853 1.2540345349344875 1.4946925971508578 2.4341834307168435
657 7884 1.5510188858217648e-05 2.450548010297884 0.006929502005224697 0.006929502005224697 0.023692616379081873 0.04117601299518346 0.06038442472314888 0.1458574528760069 0.2446828235272595 0.33994604517212174 0.3724419248303293 0.4373246958569361 0.4693323780166704 0.6022820631361799 0.6606548376867452 0.7074333476109356 0.7944965115799549 0.9900843179521882 1.2569723008608393 1.4920343564556273 2.450548010297884
658 7896 1.570617326208873e-05 2.4713833530481915 0.006891332978013341 0.006891332978013341 0.02360580174781362 0.04099527130470071 0.06060396230253443 0.14620479349104992 0.24287606896662714 0.33808486354965206 0.3763807823342698 0.4324447644339537 0.4701204221093762 0.5985654234690243 0.6724341083522006 0.7067252206711843 0.7908198375561015 0.9905820668876756 1.2549384612895687 1.477793221962717 2.4713833530481915
659 7908 1.64819261699543e-05 2.509558847073995 0.006798514940995778 0.006798514940995778 0.023412360033237573 0.04082471283879771 0.06060266636401464 0.14731877442710728 0.24081133530847146 0.33523674379487445 0.3770659114029806 0.43202813136505713 0.46933827988994503 0.596391624478976 0.6712068936362418 0.707882766418293 0.7952388289869575 0.9929099712395406 1.2546381064855299 1.476409333417304 2.509558847073995
660 7920 1.7073646692010588e-05 2.6213876699156757 0.006802446012436181 0.006802446012436181 0.023060280430530867 0.040267540536391706 0.060693747242954774 0.14743364234105366 0.24116943318864834 0.33646741820176734 0.3748538414639311 0.43134173746766985 0.4696528599688174 0.5939385581855225 0.6699310262288595 0.7103857325823385 0.7924579782050436 0.991884084974966 1.2467222405510892 1.4631463561751172 2.6213876699156757
661 7932 1.7885749358588906e-05 2.677158049652768 0.006742077828777088 0.006742077828777088 0.022876228835094096 0.03996641718654453 0.06028869555188553 0.14833560335627227 0.24448388751249428 0.3359363516518024 0.3710244274264341 0.43291947505276424 0.4691914596681106 0.5889438341340021 0.6705821580082582 0.715879749168972 0.7877028997149765 0.9893871773289784 1.244443773937438 1.4610373009067492 2.677158049652768
662 7944 1.8309473364039102e-05 2.7633278102258263 0.006728151691940381 0.006728151691940381 0.022415041361673202 0.03971802799001822 0.059837131898424184 0.14772994069345194 0.2428500366761227 0.3353873764410791 0.37061932247196244 0.433335010513848 0.4669401563940133 0.5862272361246329 0.6695029140593847 0.7269986122271571 0.7913782167311508 0.9955396325083014 1.2451126520293776 1.4672023001958787 2.7633278102258263
663 7956 1.807603988232648e-05 2.800536104851081 0.006637670145359597 0.006637670145359597 0.022060887323873735 0.03978975573980211 0.059603281197524824 0.14832630351206444 0.24336171472886572 0.34065698979072534 0.37476318343040893 0.43048893618077827 0.4730228156100282 0.5851808999906393 0.6676447428735542 0.7204339624399634 0.7849209534992883 0.9926933539648062 1.2536418280307435 1.4948638829521155 2.800536104851081
664 7968 1.8612050737275086e-05 2.8179231688583912 0.006631530091271429 0.006631530091271429 0.021931577893399907 0.039890187403662264 0.05926982373039376 0.1477450382000956 0.24045625188025807 0.3387306382522287 0.3760057003198366 0.43111522478019276 0.4690832230680714 0.5870952975095214 0.6651647714406348 0.7170586597113353 0.7805382019032334 0.9977014224293546 1.2623831326004566 1.4965917409849374 2.8179231688583912
665 7980 1.920350188671128e-05 2.8680947528989993 0.006623881967875294 0.006623881967875294 0.021735218359306665 0.040200372403602455 0.05864556738953897 0.14938462294256669 0.24109459508794287 0.3404623527637294 0.3775330465891212 0.43170288679199015 0.4693320148026883 0.5824649356061201 0.6633295140727066 0.723577292360296 0.7747991038409757 1.0074571696507832 1.2829400753305757 1.4898191002586265 2.8680947528989993
666 7992 2.024930838936611e-05 2.8701589804158116 0.006602559864493564 0.006602559864493564 0.021567153901000117 0.03971710647364266 0.05818754144091575 0.1521353468230795 0.23843729464579058 0.3382272873820275 0.37774510002178735 0.4309559663737686 0.47182853419240567 0.5836480860454708 0.6603816031430159 0.7249860319680572 0.7750031028463632 1.0128116586045282 1.2700465879342717 1.4982441125389296 2.8701589804158116
667 8004 2.1327482613419718e-05 2.9031105898567335 0.006656593941620773 0.006656593941620773 0.02161308127021996 0.03965242477059653 0.05855286913271201 0.15256914853829226 0.2361843413369936 0.33803686284854767 0.3799449763972271 0.4345802028673359 0.4721917722933571 0.5772615907122163 0.6606771647155176 0.726877467850095 0.7853826810261216 1.0028366655867866 1.2543975435400259 1.5120552549086121 2.9031105898567335
668 8016 2.214465699908948e-05 2.870824265682938 0.006682395922566925 0.006682395922566925 0.021630757646607584 0.03956743020754899 0.057365555915436156 0.15360450580157084 0.23415231071045997 0.34222464344807785 0.3828685273031884 0.4346136156721861 0.4712669967662984 0.5814051173894117 0.6664144387965271 0.7256283123278531 0.7867642239680639 0.9995414038747065 1.262192840173113 1.5207568370228208 2.870824265682938
669 8028 2.2682412861972753e-05 2.9231876582842014 0.006695129815823377 0.006695129815823377 0.02119590892596818 0.03929914259943536 0.057387950687565185 0.15458003900069325 0.2345143698785062 0.34100062844558665 0.38355045528708787 0.4355751499882827 0.4690194061123676 0.5816320453852555 0.6747832300010969 0.7200568931453044 0.7879438757272083 1.0268132800832452 1.2344307876184324 1.5192984882347407 2.9231876582842014
670 8040 2.32626412495189e-05 2.945185438822169 0.006644364966418717 0.006644364966418717 0.0211174426420129 0.03927108389877265 0.05679187520628436 0.1549426942812991 0.2313265810466566 0.3428360778883619 0.3822178392844075 0.4296558124213874 0.4712064791307193 0.5846444012238898 0.6893895341772937 0.7165624415201799 0.7906642064990156 1.0216187453521441 1.2379182095010124 1.5137946435062801 2.945185438822169
671 8052 2.477144670227422e-05 2.9688198343627747 0.006671593950818946 0.006671593950818946 0.020875136304415398 0.03925259583815529 0.05598531699513871 0.15558299017060429 0.23072157564321477 0.3416225589123528 0.3792354953362754 0.42594550704955886 0.4675402675264427 0.5828190182519981 0.7019388574120297 0.7164060400804175 0.7911639926028003 1.0142147187880153 1.25084235548502 1.5130810113886495 2.9688198343627747
672 8064 2.5377051201075577e-05 2.9927324868459135 0.0067001694941678375 0.0067001694941678375 0.020699558185322764 0.03842430742340297 0.05560266186525592 0.15350818959407125 0.2313485394110818 0.34156280898973573 0.379039820764745 0.42436833512450944 0.46870321207999205 0.5850087660407624 0.7071430767139879 0.7194499019210457 0.798958917807828 1.0142590184718132 1.2696724833969237 1.5320852232012243 2.9927324868459135
673 8076 2.56365510820783e-05 3.006649580415435 0.0066693302180523065 0.0066693302180523065 0.020574344767870366 0.03837931355945909 0.05506614784820147 0.15072795321642385 0.22963874226567524 0.3389719475353189 0.3729962265793964 0.42611173837362765 0.4706142546538194 0.5820923509716274 0.7075993426965493 0.7200396804566375 0.8054173796321175 1.0155673822554143 1.2696050840855966 1.5466116617032533 3.006649580415435
674 8088 2.6081481162071686e-05 3.030993670741399 0.006653790949162669 0.006653790949162669 0.020378857301947283 0.0384176212970209 0.05518429349957577 0.15079914426182292 0.2281230898511326 0.3379317357181487 0.37360604348505094 0.4266003670488176 0.4703665232635063 0.5798270825890688 0.7007161727962304 0.7187375667069894 0.807757140227518 1.0008778401035752 1.2625881248190816 1.5604115140782278 3.030993670741399
675 8100 2.650010586492272e-05 3.0977477191652056 0.006672095479406198 0.006672095479406198 0.02025862748190171 0.03802720368173083 0.05480764053129825 0.15002633763011197 0.22727995774553478 0.3368264438166164 0.37153952426751863 0.4259154496065805 0.46964772263669935 0.5793665139251486 0.6934106959837893 0.7177381154877925 0.808260515239762 1.0039899840041997 1.2530046456228412 1.564638780106667 3.0977477191652056
676 8112 2.6067474840005484e-05 3.1556718979148175 0.006669659578294804 0.006669659578294804 0.019839566049662586 0.03812967096344052 0.054602219270713785 0.14837427276518406 0.22567909856545648 0.3372326181475231 0.36741718639157933 0.4231032645851187 0.47084402341829706 0.5783895340287126 0.6934078383371353 0.7164203628368309 0.8090971213055087 0.9978643381681993 1.2466196912127834 1.5689382598462245 3.1556718979148175
677 8124 2.499737295805878e-05 3.165061453543433 0.006650888054241195 0.006650888054241195 0.019531335982357925 0.0380749331254119 0.05445437208106779 0.1464479871071282 0.2250249724028491 0.3388022932839028 0.3636034075534153 0.4236111910026369 0.47324130605082454 0.5749024803164233 0.69365036947218 0.7166878734034879 0.8052035045751299 1.0019224857975617 1.23578535017115 1.5705450566564914 3.165061453543433
678 8136 2.4896678372483628e-05 3.178823072506712 0.0066198707404660955 0.0066198707404660955 0.01929407108463101 0.037961419333937645 0.05421102787474751 0.14632653325773934 0.23045389211719258 0.33945461632111157 0.358330193211691 0.42379597949301295 0.47132980834191346 0.5670114263983095 0.6921950607459875 0.7166012552988908 0.8077569089709934 1.0015672201062154 1.236572471427762 1.5846651181810758 3.178823072506712
679 8148 2.3968052689016566e-05 3.205321205275498 0.006590969678146457 0.006590969678146457 0.019229342850631135 0.03798844864438145 0.053677700087618754 0.1458497752304217 0.22976790136314765 0.33705381168708787 0.3582593417105883 0.4215845622719071 0.47336779494268866 0.5657756057875071 0.6823603170733851 0.7187636644920942 0.8125916795286705 0.998275712022753 1.2357841482636405 1.5772413406251624 3.205321205275498
680 8160 2.3365127587547993e-05 3.2062894596264795 0.006610001944299864 0.006610001944299864 0.019081327854415197 0.037636475531766904 0.05374690270620448 0.14570198338193122 0.22948179659589638 0.33352200508158936 0.35527109319844513 0.42106370933214954 0.46591150505772033 0.5724500165850998 0.6738509950223549 0.7238575440560877 0.8129171245506248 0.9906247025963346 1.2357075161874662 1.5792887413017307 3.2062894596264795
681 8172 2.255766359900562e-05 3.2154163583314257 0.006599895201418427 0.006599895201418427 0.018829524728187837 0.03734822462056809 0.053158890240738756 0.14533588902052272 0.2284006262234602 0.33498554488583765 0.35529955034092203 0.4202619562185793 0.47177832226692545 0.5686736557884821 0.6772973277846401 0.7208586076715762 0.8149261058708405 0.9858348024662361 1.2463900330825453 1.58059873672889 3.2154163583314257
682 8184 2.1084231722571514e-05 3.1832148656538126 0.006479582970324213 0.006479582970324213 0.018824470724910336 0.0372500016611646 0.05285677507018616 0.1450132524388436 0.22844155494110172 0.3301531285034191 0.3566390224018409 0.420012738955962 0.4733370968024438 0.5666666552564446 0.6784543638270331 0.7218913059419021 0.8141595933811931 0.980580837029648 1.248189785717336 1.5853553766697996 3.1832148656538126
683 8196 2.006714656601031e-05 3.1724025743615605 0.006474573727090609 0.006474573727090609 0.018717687283561442 0.03700171296146759 0.05186678406189359 0.14502035240114153 0.22799883565709975 0.3315197451361168 0.3548012112227125 0.41947573112019315 0.4655844082771504 0.5644391981280329 0.6799822495773336 0.7228924380433241 0.8041699017664351 0.9812334470824996 1.243596453580544 1.5930040032172215 3.1724025743615605
684 8208 1.9893820613191705e-05 3.1862503802755446 0.006559340003562988 0.006559340003562988 0.018383915513958758 0.036714066803111546 0.05192524472795458 0.14397308684302204 0.22632748761458632 0.33241490528016304 0.35431445332572387 0.4162888336157879 0.464525579994587 0.5634060501748502 0.683276453058103 0.7207286419049002 0.8029074216989238 0.9811777628193433 1.227912860219634 1.6121554539806766 3.1862503802755446
685 8220 2.0678122134113886e-05 3.1718477975409627 0.006551115525026474 0.006551115525026474 0.018479045839238244 0.03671888444220425 0.05130438840103911 0.14350560950997385 0.22802252618627403 0.33348934076925774 0.35714869150249307 0.40995926786738185 0.46200490392708937 0.5677127921103879 0.6852583015610815 0.7296347490127384 0.7908377760936086 0.9821180210152652 1.2318028992537833 1.6128992468667809 3.1718477975409627
686 8232 2.1553693371340783e-05 3.184264941989943 0.006550134026100186 0.006550134026100186 0.01828924661170613 0.03666270922614958 0.05056611963858733 0.14287508455194528 0.22943959375024367 0.3438397756520012 0.3575994855243153 0.41130259806574876 0.4658129413966568 0.5634040054814404 0.6907362483424516 0.7276180046945064 0.7930720086508124 0.9852609212964004 1.217928743081256 1.618448184914681 3.184264941989943
687 8244 2.220433296356106e-05 3.1778963381249183 0.006544147761174462 0.006544147761174462 0.018237226965608005 0.036119579468238676 0.05062500745021957 0.1425359854648566 0.2296237162974312 0.34662620830647667 0.36070754380571785 0.4120176163453088 0.46138766346266774 0.5663795321522439 0.6893596142663245 0.7267324810203358 0.7912025737471645 0.9804880575386038 1.2187024091367948 1.6607109123821888 3.1778963381249183
688 8256 2.240446992311138e-05 3.1869431208435324 0.006494029080831961 0.006494029080831961 0.018178392227887658 0.035943578501572995 0.050181928963656454 0.14363360344552673 0.23005460910522912 0.3457684759734902 0.36477380308699764 0.40530846925839253 0.4635722294336505 0.560612062911387 0.689916909545632 0.7289637456967976 0.801610154999367 0.9960902197435764 1.2009622380395673 1.6789702029384088 3.1869431208435324
689 8268 2.282503507202258e-05 3.1883328462314986 0.006450667447780802 0.006450667447780802 0.01795769788565251 0.03576177812193074 0.05053315942660494 0.14280487014411009 0.2280932453891655 0.34264993167341534 0.3662451031613758 0.40033187695509587 0.4645837810242243 0.5563421526607838 0.6896335200894756 0.7239969109784022 0.8108756949688296 1.0091533700776438 1.204059460920871 1.6790621384832023 3.1883328462314986
690 8280 2.2747589134551606e-05 3.1845355095691716 0.006398639497915866 0.006398639497915866 0.017847282374910674 0.03552809743614118 0.050456584864874164 0.14192794464040756 0.22502928619411658 0.34155555875487664 0.36698842522345154 0.40062375310678666 0.4626064640287791 0.5648827275224997 0.6854953672656353 0.727158140013014 0.8113629254983412 1.0116126315812926 1.193940266796932 1.696200678352044 3.1845355095691716
691 8292 2.191840889747743e-05 3.201690484408313 0.006390247861517935 0.006390247861517935 0.017751761160679023 0.03554660418436073 0.0498862786796519 0.14151859833697208 0.22538042917567974 0.33657783060484764 0.3623940914770832 0.4029846702487911 0.46298303854091544 0.5601467630089516 0.6898982963472584 0.7247692983517081 0.8078457533080062 1.0178977927656423 1.2019906828186542 1.6926216311476352 3.201690484408313
692 8304 2.1854763437388988e-05 3.224228417098552 0.006336259064506652 0.006336259064506652 0.017660558552359446 0.035192990144310606 0.05015268789449474 0.14090527663235847 0.2238916629821436 0.33721713249199603 0.3629436436017754 0.39947711063949154 0.45616725610473546 0.562934406999952 0.6863652860472983 0.7282387543399359 0.808806044308118 1.0080319212577469 1.2108778890903722 1.7082320255785342 3.224228417098552
693 8316 2.0470783959367626e-05 3.1991273695187843 0.006332616432281863 0.006332616432281863 0.017493348816619597 0.03531535996742009 0.05048424988447481 0.1404004577486562 0.22372887119641952 0.3380009274665848 0.3613221443662956 0.412796319649826 0.45741692597277506 0.5607370789500256 0.6868237550690718 0.7244774433549099 0.8054413061777767 1.0082702278384397 1.1991609149688434 1.7115724977680282 3.1991273695187843
694 8328 1.9442193853436617e-05 3.200978417732693 0.006301154097180957 0.006301154097180957 0.017405468666038072 0.035116106818330564 0.050136387777490035 0.14134483271072767 0.22286633173349713 0.33599687509214526 0.3628764764225878 0.40871211806374075 0.45158257451523953 0.55032166504455 0.6788395189305726 0.7253085688959063 0.8070247970261866 1.0106401796407283 1.2017493690822585 1.7118528225573446 3.200978417732693
695 8340 1.8087940376210256e-05 3.1796414946912233 0.006251370754453241 0.006251370754453241 0.017350360447800164 0.03500108891814786 0.05001733617555114 0.1423201424733813 0.22060105983302328 0.33588073145799124 0.36037993885156094 0.40913147260578914 0.4498885512140347 0.5481036404581002 0.6780362960461889 0.7255945893405913 0.7925220684315948 1.018567126925497 1.2049328640086585 1.691212555656046 3.1796414946912233
696 8352 1.7239096417997357e-05 3.1789440892098906 0.006216237306558156 0.006216237306558156 0.017218571146957847 0.034509159699222296 0.05020298468897407 0.14112683543539925 0.22000827524572594 0.3307377284603761 0.35860624325285323 0.4085445511594906 0.45033498991738624 0.5516293104741363 0.6782835057099483 0.7235006104775717 0.7910591057758338 1.017573417384989 1.2036668271530084 1.6942988533211454 3.1789440892098906
697 8364 1.659844134784644e-05 3.1320453307915606 0.006172213653447805 0.006172213653447805 0.017138719550720143 0.03445738145266673 0.049686202361430405 0.14045039503503076 0.2211848766769439 0.3343503928139819 0.3608848397233232 0.408051478139483 0.4528408997972279 0.554833922858347 0.6811854763513727 0.7161165085003586 0.7900758540803519 1.0220906801002436 1.1866430548743216 1.7089256241338047 3.1320453307915606
698 8376 1.6598042819125967e-05 3.1205291900914287 0.006153499482440999 0.006153499482440999 0.01703924925100922 0.03364760082893521 0.04993433065913044 0.1383470811367409 0.22053657274107602 0.33481837820006677 0.36083778883711864 0.4065870456466176 0.4523275113169298 0.5578166692366072 0.6789858826603039 0.716698646148126 0.7794706429671159 1.019981217204023 1.1845865406023408 1.7175132628031762 3.1205291900914287
699 8388 1.6878545114694527e-05 3.097303330088832 0.006102424799401484 0.006102424799401484 0.01667383025819315 0.03361919116961835 0.04991509785222627 0.1363792519438529 0.21873499660610352 0.33839579783948637 0.36148879245022786 0.4073030555712075 0.44926391685337674 0.5578830362803819 0.6778514303277133 0.7363106068780338 0.7917340589383945 1.0086573625213515 1.1822662074427839 1.7163295150155344 3.097303330088832
700 8400 1.677516819280271e-05 3.0711852012436296 0.006092228458828825 0.006092228458828825 0.016655474640774375 0.03378780614454821 0.04979562930752855 0.13615985378148873 0.21997922090388902 0.3380014309433394 0.35985201748904433 0.4057669500633435 0.45449138989347826 0.5561912523872812 0.6765337615834399 0.7279452547628242 0.7937379350555176 1.0047380127125476 1.2053471586997846 1.7288916154296325 3.0711852012436296
701 8412 1.682762054463447e-05 3.0844004778440106 0.006056341627572815 0.006056341627572815 0.016592504357550584 0.03363568340870304 0.04999728374575981 0.13576291544799607 0.21975805846409932 0.33948951784991693 0.35839916108309944 0.40628165865566124 0.4509348484789723 0.5547873108238864 0.6741832751207751 0.7264971742500422 0.8032992626184051 1.0114606410223583 1.1826166480566167 1.7220471364317622 3.0844004778440106
702 8424 1.684273371482119e-05 3.083147227098394 0.006056161377830818 0.006056161377830818 0.01643280443047889 0.033544941950568855 0.04950659235884221 0.13507247488528168 0.21939756407546618 0.33727257939710564 0.35722621420403927 0.4088924310039337 0.44936483653865766 0.5472704164142074 0.6738754228292817 0.7302019607799167 0.8069876934379159 1.0116915230191432 1.1911602568248214 1.7211755888265141 3.083147227098394
703 8436 1.6417521455617817e-05 3.0829700302632186 0.006033633931668451 0.006033633931668451 0.01637491038210755 0.03332838266317704 0.04942717785672206 0.1339262582752365 0.21909201155477295 0.3332950972018018 0.35727770772841494 0.4106914328877669 0.4496191942121324 0.5459808483602208 0.679060091808246 0.7359548536906484 0.8036629938732772 1.0159254767820804 1.1878605544427856 1.7010387429443061 3.0829700302632186
704 8448 1.5666488977106847e-05 3.075957069684835 0.005972446262264293 0.005972446262264293 0.016331088685805933 0.0332241818087089 0.04907021230291791 0.13290005466178245 0.2199000885787638 0.33125754452508727 0.3581226407165163 0.4119237822824593 0.4454971875028037 0.5373784629673883 0.6783975930118723 0.7417736466072703 0.804316115278918 1.0110485698470246 1.190318261194027 1.6973620133299845 3.075957069684835
705 8460 1.5253601024211664e-05 3.081743957043835 0.005965974176865119 0.005965974176865119 0.016221542612492965 0.032768980151004316 0.04892783858171499 0.1326900444938267 0.22068949666459664 0.3277190822474782 0.35620541011021106 0.40854376054571906 0.4421193063054382 0.5353844770946175 0.6758026684420452 0.7440326996927319 0.8056336253832443 1.0008654004581812 1.1985766004274079 1.6890898366264053 3.081743957043835
706 8472 1.5496565344789326e-05 3.0823706384495604 0.005920451127348153 0.005920451127348153 0.015908138005508006 0.032829077407201 0.048770860129701374 0.13163940872329447 0.2214298840219707 0.32663993309619516 0.3573403573478543 0.4073800312157278 0.44551841981141976 0.5332974658427441 0.6738499076288879 0.7438681396639985 0.8073441067533978 0.9966244384401302 1.2165333967620076 1.6852503258987348 3.0823706384495604
707 8484 1.5081693989951967e-05 3.074488910585327 0.005865436066684282 0.005865436066684282 0.01587536666423394 0.03269978571109608 0.048684648658046184 0.13096581275200217 0.2209530350509032 0.3317923497768482 0.35434202990469865 0.4054939379362936 0.4464191148381849 0.5294921061061375 0.6788130603634219 0.7415639133481048 0.8048826246801808 0.9936221331671823 1.241240240462591 1.664319499911406 3.074488910585327
708 8496 1.4650394233748557e-05 3.0611654175844354 0.005859328796429196 0.005859328796429196 0.01588835622009347 0.03243244231410186 0.048665614033801256 0.12800381043203604 0.22136058923452775 0.33214976276977454 0.3534112745780058 0.40417980187470615 0.44518184139026773 0.5281388164022471 0.6766520055146343 0.7337135916395264 0.8012831714344896 0.9798821096687501 1.249281537239453 1.6755073637407232 3.0611654175844354
709 8508 1.4440773545574462e-05 3.0608987612903644 0.005789431719752738 0.005789431719752738 0.01580365741348098 0.0331094420739945 0.048044481878469845 0.12686441320772313 0.21998369921657868 0.3331153848577101 0.3553904779812517 0.4035113111616196 0.43994746005633134 0.5301430098032754 0.6778119725502735 0.7302618707368969 0.7980294761805542 0.9768771698998474 1.258569559278664 1.6822228614531198 3.0608987612903644
710 8520 1.4652501225430558e-05 3.0401672492130936 0.005676734894906732 0.005676734894906732 0.01576438157499447 0.033216367483491195 0.04827965983663618 0.1264406699282325 0.21969269405440628 0.3349237096241442 0.3539808101188667 0.4011047911376343 0.44148411538554583 0.5308832545194072 0.6702876789925221 0.7232106330556317 0.8003821843104763 0.9732383181633357 1.2574903506426345 1.7025129996022526 3.0401672492130936
711 8532 1.4397787059630082e-05 3.0215899468932124 0.005704639033012061 0.005704639033012061 0.01574308893620921 0.032708547707693374 0.048217762598016765 0.12617747868481538 0.22202367277774837 0.33489951472345736 0.3510312701194743 0.39905228566753076 0.4393106926635384 0.5260987443839955 0.6725588530046445 0.7207661934122892 0.7994128992724088 0.9818342922675217 1.255901695693976 1.7244606838828003 3.0215899468932124
712 8544 1.463236760627779e-05 3.0325678407850005 0.00560278293809144 0.00560278293809144 0.015548823442430144 0.0322864897754486 0.048306855612730695 0.12552500094494418 0.22287382985566442 0.3337626528157747 0.3464739474476486 0.39910218539017944 0.4439513922128963 0.525954200673072 0.6752442168468062 0.7240675893644196 0.7960637568103753 0.9812689674292088 1.2343182620816657 1.727762868258567 3.0325678407850005
713 8556 1.431335799055661e-05 3.0485489923211757 0.005608433482714003 0.005608433482714003 0.015272111222333462 0.032350343234290306 0.04831791382538291 0.12487744045360173 0.22438006469421304 0.33123352100075526 0.34691447979728945 0.4010432417776948 0.44976293811378015 0.5227222156955872 0.6763996649804034 0.7223189897885401 0.8203396693882565 1.0029699808819674 1.2247690309365686 1.7006299908477052 3.0485489923211757
714 8568 1.3184848673462838e-05 3.0142040096071763 0.005591734734660454 0.005591734734660454 0.015333788428344056 0.03178941337566547 0.04835639481535612 0.12485574851225821 0.22430209264887463 0.33249945613687265 0.3462315867737671 0.3983581824601778 0.4473769749813845 0.5246748850007332 0.6727464694686521 0.721853924155722 0.824911777211837 0.9902861216397809 1.2187888124909831 1.6961755231900446 3.0142040096071763
715 8580 1.182684956628475e-05 3.0139751063038887 0.005513448461904569 0.005513448461904569 0.0153082370426132 0.031833523521414005 0.047936357310677066 0.12401124351413105 0.2263204579655513 0.3303149351870089 0.34411423015326276 0.3967527832661302 0.4481894692931841 0.5245569805129008 0.6640514470000375 0.7230769833720078 0.8224392462167794 0.9955977151836376 1.203881834206716 1.6868662287253142 3.0139751063038887
716 8592 1.1010379109275725e-05 3.0172640313828625 0.005409910218553801 0.005409910218553801 0.014998887533763614 0.0316756157080017 0.04798476005867044 0.12409844556043322 0.22605700142861088 0.3279469920188119 0.34119357079936957 0.39936933667260455 0.4500118558742241 0.5271149858401685 0.661983632051978 0.7188563230647811 0.8223743173818366 0.9878145813289274 1.1960920115095934 1.6780364104396703 3.0172640313828625
717 8604 1.0614692347151058e-05 3.0225088911163707 0.005390450959656639 0.005390450959656639 0.014899284661559039 0.031396825860741016 0.048073927016804886 0.12260030452158566 0.22630088529229356 0.32200993405707423 0.3425799318677093 0.3992216417085474 0.4487307300869172 0.5208559714730333 0.6584302677705868 0.7203369812437851 0.8147321215733138 0.9943009235837575 1.204377625724543 1.6672349379939002 3.0225088911163707
718 8616 1.0146374753549348e-05 3.0390424998826147 0.005327816650918041 0.005327816650918041 0.014789043588882785 0.031178419412826473 0.048040893695372955 0.122964410464928 0.22664925459801735 0.31919310162789083 0.3423382800321603 0.3956661675062431 0.45200810664151164 0.5239182327808183 0.660382867325949 0.7155681659611424 0.8261180812993693 0.9952436793246205 1.1952277683431962 1.6401138714212606 3.0390424998826147
719 8628 9.477690228428333e-06 2.9998576188149033 0.005286921020128124 0.005286921020128124 0.01480639553331037 0.03082060802648856 0.047635944171977994 0.12389363970248524 0.22533441222792122 0.31857704454109564 0.34150777242528396 0.39388707715787236 0.45171690069081216 0.5228981526593045 0.6510633316440416 0.7122303089415634 0.829413692019602 0.9933741407141825 1.1918523222328268 1.6383167216396615 2.9998576188149033
720 8640 8.997055484866061e-06 2.9943673266418167 0.0052505404140339995 0.0052505404140339995 0.014736247912385729 0.030637159481656958 0.04770170104454645 0.12371969909955899 0.22413071948985427 0.31801825122673705 0.33878493488377354 0.39328230704764844 0.4481380578243449 0.5236927210372696 0.6541433586848068 0.7088203688938028 0.8294474363832536 0.9944310566468436 1.1903045816627489 1.621629410547261 2.9943673266418167
721 8652 9.219992980276471e-06 2.9654112671177018 0.005266603111003894 0.005266603111003894 0.014617957123432388 0.030628253122559387 0.04827149232367494 0.12407807552885333 0.2234042564727424 0.31752848855030097 0.3394606275187256 0.3937969836576288 0.4474197530300832 0.5218819360704238 0.6510283166310008 0.6993153260037088 0.8191268020138393 0.9918673221429855 1.1767383211945979 1.6264161716827186 2.9654112671177018
722 8664 9.408240123128162e-06 2.9642372467813702 0.005284939146549171 0.005284939146549171 0.014580630223350738 0.030346726540043372 0.049450182001257476 0.12301890132780748 0.223617781577443 0.3195753794744518 0.33765501938582054 0.39101969259119557 0.45251298165533654 0.5228133794411525 0.6465288568608489 0.7108569534117917 0.819957464953937 0.9882715774701111 1.176981665420208 1.626995670155008 2.9642372467813702
723 8676 9.196505241485344e-06 2.956457748910234 0.005301649412424755 0.005301649412424755 0.01459806926032696 0.030180363711330295 0.05038457412795177 0.12216172233201886 0.22290345273126863 0.31674927873319436 0.3369851164048509 0.39373242196072433 0.45536092769496744 0.5234296399583287 0.6504737948856613 0.7150090013230503 0.8179124169116309 0.9689260027767668 1.1797594998595176 1.627948995985825 2.956457748910234
724 8688 9.1948270111097e-06 2.941310456900453 0.005260637331306334 0.005260637331306334 0.014540146673527671 0.03019142186000903 0.050451050186628175 0.12169586303585937 0.22093526812918118 0.3147616984658089 0.3392166594838556 0.388869284861261 0.45646038349342133 0.522741432732812 0.6511580476812077 0.7112458770849858 0.8103603698667636 0.9728981762821372 1.1840615401745362 1.622739105570346 2.941310456900453
725 8700 9.154483546487916e-06 2.9292234203627885 0.005202227184718897 0.005202227184718897 0.014637825998495543 0.0299812462771853 0.05061706477098578 0.12163898947431522 0.2189226577665329 0.31516382001935317 0.3377521084870925 0.3858480003035337 0.4620390041334537 0.5204475688394101 0.6548919967513251 0.713541859652054 0.79866053918258 0.9780525766789286 1.1866708523342624 1.613262073736162 2.9292234203627885
726 8712 8.884989658021859e-06 2.968376448651027 0.005147865400458212 0.005147865400458212 0.014505961687600998 0.029596267007556853 0.05092994044284525 0.12145691989398111 0.21894885335327632 0.31405721467904985 0.33527684997056195 0.388743006432808 0.46200359111685385 0.5210252985120711 0.6574847131620142 0.7068964686265398 0.7944740665071662 0.971579102619979 1.1843247831726331 1.6141128223579415 2.968376448651027
727 8724 8.698931895096067e-06 2.966495508374564 0.005141690338876524 0.005141690338876524 0.014349995393516066 0.029578400841555927 0.05068008070656439 0.11879116224680238 0.21794368431200575 0.31395127056003375 0.3327849299085837 0.38515884987375393 0.460419786263426 0.5210765760870306 0.6555683990733072 0.7047652712779131 0.8000754697398399 0.9693047689422521 1.17590132987597 1.6289500767473497 2.966495508374564
728 8736 8.514541435136466e-06 2.9665152117973963 0.0051186753986018595 0.0051186753986018595 0.01460213959917671 0.02937554087843439 0.0506270980806518 0.11942909432863515 0.21760526269612063 0.3126676699254604 0.3338601123552763 0.38421605256029884 0.45974178229547286 0.511504174241227 0.6572122712400023 0.7035635839067897 0.7893098140860234 0.9813233489190034 1.1876640856755334 1.6239530901876613 2.9665152117973963
729 8748 8.006913795467918e-06 2.9784064713900134 0.005072633850861131 0.005072633850861131 0.014494071070101637 0.02931361707514652 0.04986761811158586 0.11984199747318268 0.21606248842061052 0.315215367704534 0.3332562845455401 0.38111169433924624 0.4589554997104178 0.5147844687409496 0.6580734835112728 0.6972327872591753 0.7937508150148551 0.9818435053904859 1.1949622836993397 1.6230829776827145 2.9784064713900134
730 8760 7.862431264166126e-06 2.974052213157203 0.005004787863889387 0.005004787863889387 0.014532313568342775 0.029269428541100456 0.04952489788003373 0.11653605628164702 0.21657451004093276 0.3171580644178708 0.33256470927736165 0.3763531136921605 0.45925835278099525 0.5192140007760089 0.6550201535845509 0.6893493927347949 0.8038416215892372 0.9818998569245625 1.1963434361281096 1.6166027250696249 2.974052213157203
731 8772 7.658415991388753e-06 2.9386215347255122 0.004957829375089166 0.004957829375089166 0.014455958963169648 0.029302973230528936 0.04998612551264739 0.11697070984726915 0.21659549309545653 0.3123781867563124 0.3303498410261957 0.3749562874174226 0.4612902643090157 0.5198822218598691 0.6498294733332269 0.6944589187974923 0.8019719512183807 1.0048107777177546 1.1938596353018531 1.6195449327963676 2.9386215347255122
732 8784 7.3866387531386805e-06 2.921856886961882 0.004983680385330117 0.004983680385330117 0.014226695950734452 0.029461244032612865 0.049657371610232835 0.1168038768336997 0.2169435355318679 0.30958769625807664 0.3260913978200695 0.3734913021531312 0.4630251162465976 0.518836058788112 0.6502647187361031 0.695997368552229 0.7978413032291033 1.0095839705479488 1.1851343861741914 1.6258732051849416 2.921856886961882
733 8796 7.151441123294438e-06 2.919609499152702 0.005008001679603714 0.005008001679603714 0.014230569170708786 0.028743107196551116 0.04884079412137061 0.11506487317713292 0.21714704669367765 0.31004420500716584 0.32967867480040586 0.3733409382194425 0.46227805642572595 0.5142965052271201 0.6510036975181652 0.6950315292954068 0.7965019621981473 1.0089408513810707 1.1859484235802085 1.6318608844679892 2.919609499152702
734 8808 7.138283937076887e-06 2.9004647718961625 0.0049484406741296125 0.0049484406741296125 0.01412678014555883 0.0286371332116398 0.04860865662055025 0.11459739235394077 0.21742051377268135 0.3093948166005479 0.3259678877640426 0.3737952113207654 0.4633845178012996 0.5135926003317585 0.6536064577086697 0.7070304635868236 0.7940558643825842 1.003569994011474 1.1850767602427252 1.6391555643350475 2.9004647718961625
735 8820 6.852532888484634e-06 2.964895022078499 0.004914752338339086 0.004914752338339086 0.014030589804312077 0.027817562803770093 0.04866830994745606 0.11409375276214151 0.21863935519800054 0.3119781458807699 0.3254554250360949 0.3737509981143886 0.4704442168037568 0.5178570076067904 0.6533998895051993 0.7039614826552867 0.7929202617452241 0.9996060304547165 1.1796789836486574 1.6441386498921213 2.964895022078499
736 8832 6.550438989187759e-06 2.9617647504380558 0.004907797582180436 0.004907797582180436 0.013898788585976742 0.02728088464396095 0.048431226207939375 0.11366751801178562 0.21877108456161648 0.3118129436468745 0.32218457321699323 0.3733127883822226 0.4725663239360755 0.5085186963571728 0.6496397802428013 0.7060606420909513 0.7952614702769637 0.9961160987845032 1.1758433241587558 1.6399747284906303 2.9617647504380558
737 8844 6.367806238167551e-06 2.904809361571733 0.004830138515560591 0.004830138515560591 0.013786851616743374 0.027004333812127218 0.04866831468112707 0.11344040814442892 0.2194703084376249 0.31292404557303144 0.3251251376960475 0.3693535578398506 0.46883713593109144 0.517387296719438 0.6519954841235963 0.7047294560584015 0.8004911808188668 0.9934893570743121 1.171464863454258 1.6542114578761264 2.904809361571733
738 8856 6.189320217134538e-06 2.9045552150834997 0.00485532300494814 0.00485532300494814 0.013609880422771108 0.026781092618881955 0.048383772439306874 0.11242574217028974 0.21692203818186714 0.31205882502590976 0.3265210107574013 0.37004039010010986 0.4623865535836915 0.5260601536136574 0.6525512253486495 0.705887101787191 0.7982101696209319 0.9946638372208182 1.1774277045820478 1.6573977793951953 2.9045552150834997
739 8868 6.014480969027832e-06 2.8769662524499107 0.004852092239491784 0.004852092239491784 0.013607401002735851 0.026586018726605827 0.04845469827337976 0.11216476431985367 0.21454385997331524 0.30897599356726224 0.3254371725295124 0.3650651119567076 0.46308796002038094 0.529565720436628 0.6573964909974379 0.7033670789076211 0.800919689713935 0.9817908208365731 1.1834001362974866 1.6588836885949862 2.8769662524499107
740 8880 5.8223816144766305e-06 2.857980242864354 0.004787428839098223 0.004787428839098223 0.013625693813044754 0.026094178270758554 0.04893887324169516 0.11129825087907885 0.21429923884804725 0.30910809607654055 0.32622439036653694 0.36295978774576354 0.4643455618548566 0.5312754751348852 0.659479819534399 0.7033257062529729 0.8067144358916151 0.982446003527073 1.1769649304706429 1.6754571017166873 2.857980242864354
741 8892 5.6917925290347484e-06 2.863913029918294 0.004793203858429327 0.004793203858429327 0.013443221023178976 0.026280748192816176 0.0486649758904932 0.10960677534760259 0.21355119079974005 0.3097616858517351 0.33029243439624323 0.3620601850815606 0.46210952379959164 0.5283953296757499 0.6635749767618643 0.7072646373696123 0.8104256158454594 0.9757087788678696 1.1771209283186732 1.6766850504709223 2.863913029918294
742 8904 5.462501270156201e-06 2.850708052613905 0.004749927826027235 0.004749927826027235 0.013455974979066154 0.025694399257234952 0.04814024473288879 0.10919081565478116 0.21321660893901603 0.3137922678423996 0.33005580290445435 0.36131981678739816 0.4634841791485824 0.5267353392931835 0.6688865796180239 0.7077528869150091 0.817856819854762 0.9835107916061517 1.1521104450122897 1.67596055605269 2.850708052613905
743 8916 5.37960570607196e-06 2.8503741141767476 0.004719383800607633 0.004719383800607633 0.013416742013295947 0.025569485206311166 0.047628313034387824 0.10914989059093727 0.21315954969192755 0.3098303489672739 0.3323957695551158 0.3621347704401698 0.46241842832200414 0.5251124958236315 0.665445370718606 0.701656259958186 0.8073268403107563 0.985142937758339 1.1533112254403948 1.6705921822415166 2.8503741141767476
744 8928 5.288308485634641e-06 2.877852536693944 0.004712483584657991 0.004712483584657991 0.013427760963370363 0.02572872274891447 0.04716819269813456 0.10878732492825981 0.21235243408340576 0.30822554679613073 0.3319067397972935 0.3620941632453252 0.4636243885239533 0.5318098854312522 0.6620644608531057 0.6945336865145082 0.8085814047980172 0.9732690208177804 1.1546288145453025 1.6499076395237462 2.877852536693944
745 8940 4.985716041529229e-06 2.863636878992073 0.004693223934171097 0.004693223934171097 0.013546556731252116 0.025810857379865552 0.0466170173899791 0.10866809107294324 0.21148697355010135 0.3077521141449031 0.3315519694587058 0.3615840324848337 0.4657825575874787 0.5364568250593712 0.6570580691399683 0.6987017636249977 0.8069837300329821 0.9783949666804487 1.1530443879095993 1.6479040724933258 2.863636878992073
746 8952 5.00347559893666e-06 2.83859291309905 0.00466983487378585 0.00466983487378585 0.013556010090143265 0.025792036551000173 0.04675584875376881 0.10921047380866826 0.21039267400893882 0.3047146277228759 0.3319311857064979 0.3619045843273724 0.46904168062766005 0.5404716693383547 0.6621721152747964 0.6848665208494399 0.8036437282830372 0.9767124310899059 1.1471424521416416 1.6360636506170196 2.83859291309905
747 8964 5.0407007386219905e-06 2.8734134060202825 0.004662266466079594 0.004662266466079594 0.013331544797187032 0.025819631426885214 0.04596291968707595 0.10934718611580678 0.21056100740690178 0.3056664918838606 0.3344991623674386 0.36249995703616517 0.4684081447056801 0.5363792597255672 0.6617495178414923 0.6900049366180722 0.8054295302936882 0.9845064891483108 1.147099240708576 1.6538770035852208 2.8734134060202825
748 8976 5.0579878383663306e-06 2.864906264800923 0.004551387931356084 0.004551387931356084 0.013220227182412581 0.02575420200540974 0.045855809694384755 0.10913887890156437 0.20915941529445065 0.30381109689283753 0.33406913354136836 0.3618086928894245 0.4781057481401753 0.5344423295930436 0.6641472238141432 0.6876775911571085 0.8063602395374259 0.992115456154653 1.1397017552136106 1.659853437780404 2.864906264800923
749 8988 4.9242129330852424e-06 2.8415029471743694 0.004509284191168187 0.004509284191168187 0.013251968122393881 0.02548960294853125 0.045391991182076256 0.10899964376435001 0.20860843331245874 0.3034393318010425 0.33146985747732327 0.3598537155955072 0.47885874306078663 0.5443412612270002 0.6698422096335576 0.6890051299980504 0.8019264581609227 0.9963955330527626 1.1455746913531806 1.6632582517841212 2.8415029471743694
750 9000 4.835449647611362e-06 2.829639813752245 0.004472282062335382 0.004472282062335382 0.013197507812637095 0.025463968193415943 0.04497812969385333 0.10806093378894338 0.20631764665849922 0.2999000528513128 0.33078849112747305 0.3594315890623426 0.4800708458959982 0.5434606591826606 0.670025729229586 0.6877230527570721 0.8024729498940116 1.0025133791880847 1.1471736672208468 1.6575128098320362 2.829639813752245
751 9012 4.856267301709178e-06 2.8321252545339126 0.004450304867837285 0.004450304867837285 0.013096753376562164 0.025541786206185697 0.04466625877936397 0.10782491434189737 0.20598055912729657 0.30161058564018495 0.32866414453523163 0.3582673906533909 0.47742976245604707 0.5408391582597202 0.6721360800329774 0.6902926155686928 0.7906628938292831 1.0036136427375408 1.1372917723637435 1.6525165360595317 2.8321252545339126
752 9024 4.799599464099931e-06 2.836475063199741 0.004459886794994985 0.004459886794994985 0.013059884557668522 0.02540897527604818 0.04407217985529524 0.10730679317703962 0.20671750785735873 0.30036441843319694 0.32747261435364516 0.3574311250343017 0.47739120798242174 0.54263093357718 0.6680055079778299 0.686620583140121 0.7848933027896879 1.007826175961573 1.1374048766664886 1.650435354148712 2.836475063199741
753 9036 4.542260371037138e-06 2.8712044498187868 0.0044398826922456185 0.0044398826922456185 0.013027748154915317 0.025009990845672927 0.04397324535972485 0.10690273066417967 0.20682241424338788 0.2975679689580773 0.328329620153871 0.3564076300436105 0.47685515716115245 0.5392074455709714 0.6685823397125641 0.6850664577360079 0.792664840482388 1.007651085836952 1.1471601063219574 1.6508440851513264 2.8712044498187868
754 9048 4.492613170984346e-06 2.8836693265385316 0.004395668424065029 0.004395668424065029 0.012950583766985269 0.024909068439611513 0.04384501391691917 0.1065350194402117 0.20592705885106388 0.2948410677865711 0.3251561499282985 0.35629837687014504 0.4796227559244459 0.5410980483597813 0.6607395910738513 0.6832025659214963 0.7844840626768286 1.0146831459642207 1.1516456944771125 1.654140709673972 2.8836693265385316
755 9060 4.363091299610764e-06 2.8514703796694683 0.004385529685300923 0.004385529685300923 0.012802355086888722 0.024752098665276116 0.04376281658583885 0.1066911510441455 0.20467560600045195 0.2947481055203568 0.3236230518533853 0.3550999767379683 0.4753862930313227 0.5406939462992254 0.6530756625561395 0.6965869203951895 0.7897754395223199 1.0159713754778903 1.1568635764026776 1.657891686381914 2.8514703796694683
756 9072 4.311880576920421e-06 2.831446219594206 0.004360341479337582 0.004360341479337582 0.012847508850972036 0.024181003762340853 0.04339453229493576 0.10684721186370244 0.2031923992397012 0.29604702420813384 0.32633249326405744 0.3616867938243384 0.4803735066287512 0.5347087404026329 0.654738385997572 0.6992897228672836 0.7919296450417468 1.016828693931458 1.1529322389997527 1.637144558641417 2.831446219594206
757 9084 4.117035122047118e-06 2.8248916491655502 0.004363211541547365 0.004363211541547365 0.01290136331381375 0.024069076846851355 0.04279744954757614 0.1067390009171578 0.20190380961952847 0.29630246496363305 0.3272098447381915 0.3636705211213486 0.47952437721767094 0.5359350037232051 0.6522210481620988 0.6982416057431021 0.7827112801730599 1.0154560876237062 1.151026490823133 1.644557436974061 2.8248916491655502
758 9096 3.8146648900374685e-06 2.834468263230724 0.00432146406658419 0.00432146406658419 0.012793321215580704 0.024023637278078186 0.04261944023260135 0.10485850777027164 0.2017898605231267 0.2961949575661818 0.323392007495085 0.3643472022316269 0.4809501621725748 0.5389705882587903 0.650456755563024 0.6917955036921133 0.776920882683367 1.0114254804197993 1.1603686806278273 1.6422011804076342 2.834468263230724
759 9108 3.5858462448180764e-06 2.8145988509670117 0.004347531104933304 0.004347531104933304 0.012627949175904301 0.023988140368799035 0.04211205344644668 0.10468803407941901 0.2016129878015969 0.2969543747564201 0.3245460601378039 0.3640251831501667 0.47449476473133684 0.5416671583557202 0.6442768839579368 0.6920472057540532 0.7717158342467274 1.0205938569030784 1.1591494368258684 1.6529838701882238 2.8145988509670117
760 9120 3.555345274242456e-06 2.812320774866582 0.004313713886447747 0.004313713886447747 0.01245927019476153 0.02416217272699744 0.04196634960843194 0.10442344928959332 0.2016316446636837 0.29660085700385563 0.3249908550810952 0.3601014658421069 0.47505970700489975 0.5418230261312879 0.6433222779987885 0.6887321593131941 0.7664993365666498 1.0155837437448503 1.1627504836541023 1.630386420795841 2.812320774866582
761 9132 3.4666647075770143e-06 2.804936035886673 0.0042248880270618775 0.0042248880270618775 0.012569168776180585 0.024134796245517134 0.04192109470835924 0.10418433366088782 0.2030267301388822 0.2985461176947579 0.3190750339576957 0.3595125663410651 0.47704570448312833 0.5431032547512056 0.6421889834988012 0.6879704127983657 0.7662447802849318 1.0164393426664775 1.1691671661190604 1.627540437111692 2.804936035886673
762 9144 3.369188380822531e-06 2.775982041092257 0.004199163840047518 0.004199163840047518 0.01259812656083723 0.024129660358528385 0.041881529660254636 0.10441862082198011 0.20366641712284908 0.29729711782426715 0.31917648950167465 0.3603971205911897 0.48170442361519844 0.5405326363897407 0.6414776960139277 0.6842059734961132 0.754770958517379 1.0031863775867338 1.1757876297029686 1.6170710813726452 2.775982041092257
763 9156 3.302879153100496e-06 2.749606472094591 0.00414568649437529 0.00414568649437529 0.01250943375931517 0.024177568569395208 0.04167529626621546 0.10492311372226143 0.20017257447128253 0.29758668131945476 0.3185461575460791 0.35966228663900196 0.48447278042123015 0.5408543713170051 0.6375119148134231 0.6847549221860607 0.75435618917472 0.9957565564017441 1.170384801007721 1.612062677083906 2.749606472094591
764 9168 3.2573394050252016e-06 2.7363725014222324 0.004129150519870992 0.004129150519870992 0.012464342734503513 0.023981993172307616 0.04135468090580823 0.10453575586298723 0.1988932680676872 0.2990070537836389 0.32077365500550437 0.3562452559338935 0.4813619473936904 0.5429482221984396 0.6314478231082453 0.6817279419900475 0.7526341610639821 0.996013960709291 1.182973696358614 1.621240973612721 2.7363725014222324
765 9180 3.0710808874747606e-06 2.7301529286209867 0.0041505755636185755 0.0041505755636185755 0.012462382339701343 0.023131436162608512 0.04165655952298934 0.10434714609144415 0.19850164549438187 0.29792202313582206 0.32407604750274077 0.3517886945969799 0.48008668965141776 0.5449749693656885 0.6317560009289976 0.6815557626156294 0.7501735777386895 0.9936440140933215 1.1756111629351562 1.6321429159996954 2.7301529286209867
766 9192 2.87634069008285e-06 2.728896478126256 0.004146713823462577 0.004146713823462577 0.012474837701785303 0.02311767023623028 0.041999989759503274 0.10411877766934166 0.1962490074243792 0.29483900457296736 0.3241483148997229 0.34821394564220765 0.48201872590942646 0.5426379116475586 0.6272079854912487 0.6805260216454947 0.7490698215381215 0.9949048386044413 1.1798182328876392 1.6293332531234777 2.728896478126256
767 9204 2.853674956921111e-06 2.6915359344911263 0.004118170409647187 0.004118170409647187 0.012318617155695774 0.023159960472618774 0.04181126339541982 0.10295717700448637 0.1987395346966072 0.292407923041198 0.3251234998824435 0.34790533472336077 0.4849386514945872 0.5442549581422049 0.6248736665654537 0.6796941375073875 0.7583014405909868 0.9944031442344167 1.171008410723835 1.6142105749458222 2.6915359344911263
768 9216 2.8972411296067593e-06 2.7191347154102363 0.004107133683022831 0.004107133683022831 0.012238463204245363 0.0234980198348657 0.04164093756435724 0.10204204419785168 0.19802546056201054 0.2903642388686605 0.32238601970541736 0.3458373187964912 0.48919723026151507 0.5379454008786198 0.6273580107480111 0.693220153966785 0.7545764682230102 1.0012799712406586 1.1718276419850746 1.591066914532931 2.7191347154102363
769 9228 3.0619322182288154e-06 2.753393822904955 0.0040714848363229686 0.0040714848363229686 0.012345565793074808 0.02333512524014149 0.04109579480088081 0.10169077411512067 0.1976969722408976 0.2893828150015942 0.32027618614278347 0.34604316883045716 0.4912386034487344 0.5382843124720457 0.6308692679068234 0.6989384436618896 0.7751331368153257 0.9870115653674822 1.1613585864942029 1.5901242302626566 2.753393822904955
770 9240 3.250552203519121e-06 2.7949317569916152 0.004025894835407355 0.004025894835407355 0.012366878148874301 0.02345877698907523 0.041244241752337804 0.10243506659284593 0.19718881745803837 0.28877043897638244 0.321155573061599 0.34622821241606394 0.4925610445090065 0.5379749999039308 0.6307267720749786 0.6944709040686147 0.7769489144264655 0.9805887818733211 1.156354142523628 1.594410840587984 2.7949317569916152
771 9252 3.4022300624838597e-06 2.828122316612375 0.004040365196553922 0.004040365196553922 0.012195971856504518 0.02338348380736893 0.04127644150523418 0.10230885959242313 0.1972029083359202 0.28882831553321725 0.31877914991421946 0.34962398729529887 0.49648725578889336 0.5357164859908933 0.6300285253409109 0.6960851588933817 0.7814431586679634 0.9646594644169761 1.1508962974825416 1.6005345829049658 2.828122316612375
772 9264 3.3040596998102674e-06 2.8748909875214017 0.0039841016685988155 0.0039841016685988155 0.012270575053899073 0.023488562897298507 0.04144661001118421 0.10164532499109492 0.1964526723719506 0.29004836270170775 0.3177383274335829 0.34869777884659525 0.5028677693561255 0.536656568267422 0.6313503445244001 0.6889841254278356 0.7714969010581495 0.9648020785397742 1.1486856914038783 1.5988366611973994 2.8748909875214017
773 9276 3.1393780922130674e-06 2.8892692668348654 0.003941353753030898 0.003941353753030898 0.01198223846052307 0.023290848924878742 0.04123582649841997 0.10134237360629583 0.1959601816436676 0.29056063008652355 0.3164816369852964 0.34902425085946187 0.5030057834494872 0.5396800564304346 0.6302443516325787 0.6907160732327995 0.7836419409970684 0.9433436516092716 1.1553916028237268 1.6084506487802013 2.8892692668348654
774 9288 3.0961740798051656e-06 2.9380424699867387 0.0039000021366606442 0.0039000021366606442 0.011658855569662408 0.023246975575914722 0.04127930788440481 0.09999753659168607 0.19541749759027585 0.29021363967329483 0.3143950395680734 0.34712116879624655 0.504260121929808 0.5404041659865082 0.627379233882792 0.6890806865108179 0.7798612105325425 0.9460589550682033 1.1516557637175413 1.6103147068401604 2.9380424699867387
775 9300 2.9652552222859615e-06 3.0335454428105857 0.0038283677420333983 0.0038283677420333983 0.011531454791204345 0.023382910441548714 0.041185654968724186 0.09972206180356852 0.19424781762660007 0.29310392896015813 0.31475179317663515 0.3464874328773564 0.5027292695164649 0.5422552944719989 0.6293701606601587 0.6900985627457508 0.7862175971238629 0.9394350184777731 1.1475083082666586 1.614391256663383 3.0335454428105857
776 9312 2.9842030296396247e-06 3.0346788191142293 0.003818768106307959 0.003818768106307959 0.011663572681206718 0.02315887189062165 0.04117722890148597 0.09984821159007183 0.1923082195142944 0.29139947667005 0.3158756478074611 0.343399335209772 0.5001979226290152 0.5423827533693074 0.6260123526217638 0.6883731567238286 0.7778209048390363 0.9299691381413747 1.1567555982605635 1.6203935723521383 3.0346788191142293
777 9324 2.9794123623707293e-06 3.0397955859777515 0.003780227908562093 0.003780227908562093 0.011774181831558825 0.02283691496882538 0.04077315100598672 0.09964619205857261 0.19138601333495486 0.290945424673417 0.31554079468781276 0.34300917206077386 0.5019884650040226 0.5439928721622055 0.6254022419181064 0.6951982615106495 0.7779691679499795 0.9268896746901609 1.1614131534616208 1.6174007893514801 3.0397955859777515
778 9336 2.8607218166248854e-06 3.0329436339170486 0.0037490453170720066 0.0037490453170720066 0.011747030694408467 0.022624058440041016 0.039926890024541244 0.09985373722096536 0.19003486944891645 0.2915784605454448 0.3140986189502079 0.34560744979659636 0.4981265184114562 0.5465214774999857 0.6235154236435022 0.6899820784020053 0.7803143185923545 0.9312035435080931 1.1885469373217326 1.6381858245067829 3.0329436339170486
779 9348 2.720619423393199e-06 3.0197532149502937 0.003731169433106056 0.003731169433106056 0.01177577571471901 0.022386827482904856 0.03942278759282771 0.09847926725856374 0.19253731959562778 0.29182903157569523 0.31080442015861043 0.3428826362366724 0.49876390821986066 0.545557551585969 0.6239128325829536 0.693100244615445 0.7880983070742698 0.9250199578832187 1.1909022329986187 1.6377371624874986 3.0197532149502937
780 9360 2.540441886391918e-06 3.0242696642366576 0.0037258985907816415 0.0037258985907816415 0.011739681904051582 0.02236335694417663 0.03847782059477593 0.09842282552728718 0.19036104915919505 0.29182934515412773 0.3109953844632965 0.34170275424080215 0.49670371068983205 0.54539164854762 0.6237772999147897 0.6938986468256496 0.7964363184495168 0.9204575255847273 1.1978641531662662 1.6388825417636335 3.0242696642366576
781 9372 2.429633175426258e-06 3.0281898894741364 0.003722040046242398 0.003722040046242398 0.011753740407780182 0.02219078115598952 0.03851577816846875 0.09823137525215245 0.18974170369531046 0.29229480133443797 0.31002249593296727 0.3405905330641405 0.4965685753090285 0.5439452856031535 0.6196797493348591 0.6875596122053956 0.8001110707177986 0.9055034417026077 1.1915360229897138 1.6565941633670522 3.0281898894741364
782 9384 2.4712746766050034e-06 3.031114598002317 0.0037107376371399528 0.0037107376371399528 0.011706805045608651 0.02223957250493697 0.03816597488923444 0.0978732189702377 0.18807121046147451 0.29190213714853547 0.31115285982329194 0.339913823911377 0.49835805127874344 0.5407332892417672 0.6166225306887866 0.6926493584024558 0.798725186567898 0.9074077961551699 1.1816397544717894 1.6622933802162083 3.031114598002317
783 9396 2.4821334908411732e-06 3.0028983827106077 0.0037364792687551384 0.0037364792687551384 0.011793418836682496 0.0221169848520935 0.037426549133294726 0.09746588301821896 0.18828965594862673 0.2909830772770706 0.30991833182368583 0.34047800778396603 0.498081893071816 0.5529095237796149 0.6190495798800416 0.6954074189175187 0.8057779205127584 0.9059761405949649 1.1752144559295246 1.6679430271185005 3.0028983827106077
784 9408 2.528159818041761e-06 2.999689124724933 0.0036985951452172673 0.0036985951452172673 0.011833401748040519 0.022249381167927143 0.03739589442448086 0.09716337974927182 0.1875450754837803 0.29136077671098976 0.3071735837922861 0.3412914642872845 0.4960997599582074 0.5534991352803763 0.6189165169901338 0.6938227709065544 0.8045283272719604 0.9060444226736141 1.1678356415582363 1.6590156761913668 2.999689124724933
785 9420 2.5151894668141966e-06 3.0188477574922143 0.0036889410463006233 0.0036889410463006233 0.01176974046291013 0.022404628025315183 0.03698613947802088 0.09640098537141611 0.187667151784359 0.2904222347278292 0.30941471538003507 0.3389483334050553 0.4929284017632746 0.5480734781662793 0.6198893400644498 0.7008413856077754 0.8058869773368778 0.9176957865696945 1.1578807120856123 1.6504511086366882 3.0188477574922143
786 9432 2.4861432547885917e-06 2.997198037098889 0.0036775337654278276 0.0036775337654278276 0.0116544881444837 0.02231748307906643 0.03712515983036952 0.0955327670001262 0.1874303042797932 0.29395281014519437 0.30910385858392453 0.3390141253544797 0.4902840576783275 0.549032997705791 0.617792769136074 0.7013140582138003 0.804973000276324 0.9094845972673284 1.1578786651106705 1.6546105505494917 2.997198037098889
787 9444 2.4762021881657156e-06 3.0032598069111356 0.0036211300365279423 0.0036211300365279423 0.01164138938722657 0.022346410801197918 0.0369280785309971 0.09508216816807633 0.18630811192382013 0.2935516137269582 0.30723572776491576 0.3387222671530984 0.48479461531952567 0.552929454348349 0.6167500391450725 0.6966590403373016 0.8100579558649561 0.9067920368173102 1.1647650762385944 1.6534919079224872 3.0032598069111356
788 9456 2.5152504123232748e-06 3.019207810057902 0.0035824199829253226 0.0035824199829253226 0.011629550857952295 0.02225216639881206 0.037394941638397496 0.09448024154965357 0.18748802098235237 0.29005332714310883 0.30649217377040155 0.34194982513601085 0.4828955770720859 0.5510536320911111 0.6194054985193397 0.6883867896414895 0.8075282404686471 0.9121751149183736 1.1659314819632463 1.6473577641553527 3.019207810057902
789 9468 2.5360067186046824e-06 3.004460719521796 0.003570193504168523 0.003570193504168523 0.01152169211582146 0.021626368767948545 0.03748467796674385 0.09443489320047667 0.1890176962807747 0.29171021407313835 0.3066602876798458 0.34112372198824104 0.4818935458737304 0.5526443773921995 0.6223040677198857 0.6909313289387236 0.8103563954394876 0.9088875988216 1.153750934324398 1.6454495288560398 3.004460719521796
790 9480 2.4986486097068292e-06 3.0105911513814445 0.003559512809134168 0.003559512809134168 0.011534642330736576 0.02138279274990289 0.03752337290640569 0.09446429349800253 0.18867181364662608 0.2905165809612834 0.30845304163943565 0.3395649668079823 0.480033914829678 0.5515743175654991 0.6204655000921621 0.6954853881164947 0.8081526726558366 0.9085071495762814 1.1622816612764084 1.6271493106587311 3.0105911513814445
791 9492 2.4771629348523635e-06 2.9749784742042937 0.0035607664433160904 0.0035607664433160904 0.011222507579249714 0.021372383393497667 0.03743013581907881 0.09331550778144099 0.18876335745460912 0.29181628791523695 0.30875982213365066 0.34189699455841066 0.47823310965662014 0.5466851001289138 0.6323997289422506 0.6994546134865053 0.8055498472087581 0.9132988304500603 1.1537600529655578 1.6175679036511121 2.9749784742042937
792 9504 2.3845282205992628e-06 2.9635533156660827 0.003568691166405593 0.003568691166405593 0.011209008295489037 0.02132057402843397 0.03751808053907961 0.0939094490278375 0.18666333775931934 0.28892733791031705 0.31109210140534094 0.3403456121221576 0.47722548126661524 0.5533979097916322 0.6315767941132808 0.6996229086045446 0.8163549441432848 0.9090799017731356 1.1469991222479168 1.5844571167936603 2.9635533156660827
793 9516 2.3425472104508447e-06 2.960815122311342 0.0035545091817143055 0.0035545091817143055 0.011171421999673912 0.021252744887232094 0.037694630664220595 0.09366708692600526 0.1857067074901431 0.2817771653286252 0.3115678527643201 0.3389769662109457 0.4721605066774741 0.5547074895822914 0.6295343318487436 0.6944667220949373 0.81573491763578 0.9090975910596212 1.1408472011803235 1.5926920644879516 2.960815122311342
794 9528 2.2515613035961304e-06 2.9307138222589537 0.0035293310287971636 0.0035293310287971636 0.011163951991177468 0.021457061099448088 0.037381995123414044 0.09348561324732291 0.1851282607186001 0.28195427419929364 0.3147807628494746 0.3376343441964382 0.4732398760955422 0.5486397727220348 0.6290611380892158 0.6956366721528979 0.8134023731680174 0.906884455382288 1.1365386738093761 1.5945739585544172 2.9307138222589537
795 9540 2.193266272899633e-06 2.9299650940343627 0.003513532761783278 0.003513532761783278 0.011209352475335114 0.021506559563882914 0.037015858993485515 0.09314393538082909 0.18448088791454462 0.2800916070176718 0.3151106991635294 0.3333320624931008 0.4745631514611414 0.5550150136025873 0.6199554428645974 0.6927874979821584 0.817485720186014 0.9084867728928396 1.1362952787973892 1.6169903822269973 2.9299650940343627
796 9552 2.24921091244643e-06 2.9394210438887654 0.003499328581628056 0.003499328581628056 0.011177911977472157 0.021333051041568858 0.037136420478144055 0.09320398240364515 0.18493269016276126 0.27848214497283175 0.31278848174120516 0.3325001286339127 0.46812574281153174 0.5552399683940349 0.6181171682323299 0.6934522448087004 0.8133885530603978 0.9044418522285997 1.1361538283716572 1.635437820781304 2.9394210438887654
797 9564 2.2597784786302162e-06 2.936349398276894 0.0034649111463043694 0.0034649111463043694 0.011103648804286766 0.021165747045557078 0.0374873046568118 0.09346548638688446 0.18452653794120685 0.27860061386151225 0.31339593712732045 0.33288163865411663 0.47261051619755906 0.5601237049060054 0.6171838594701907 0.6995678931524442 0.8160763634534827 0.9001398522016937 1.1482256951455367 1.6392000419125998 2.936349398276894
798 9576 2.2839016931350848e-06 2.9383317669589393 0.0034409948482197516 0.0034409948482197516 0.011008994567000878 0.020993629356859236 0.03763487670782482 0.09318727866560442 0.18267226980866197 0.2758531468830347 0.314364024747919 0.33213781146349314 0.4721542996424119 0.5591637658245333 0.6168186844554068 0.70219222260894 0.8052554140443846 0.8986029062266765 1.1587320540829373 1.6549802183053421 2.9383317669589393
799 9588 2.295011821808193e-06 2.942313729085725 0.0034276937521427646 0.0034276937521427646 0.010827141271251055 0.020991215642472225 0.03764208742353436 0.09416080950484232 0.1835490261939171 0.2747573285674987 0.3134864195289681 0.32923452940613657 0.4699140863614986 0.553503334987311 0.61058108442766 0.7006390420669176 0.8096597097849637 0.9076984463305217 1.1677951327843807 1.6492871374999722 2.942313729085725
800 9600 2.286192697330292e-06 2.9298771545375613 0.0034159913910513408 0.0034159913910513408 0.010670059600346522 0.020980471350270608 0.03742990853754562 0.0947168010372812 0.18383066864304867 0.27335905594060345 0.31324246274385176 0.32810567229354154 0.47069575807329905 0.5557891801239697 0.6063145640132858 0.6977598797018548 0.8017772344543309 0.9073595655162672 1.1821349061412638 1.6572342883244455 2.9298771545375613
801 9612 2.25318097862722e-06 2.949323432997169 0.0034116732467910017 0.0034116732467910017 0.01056806859053009 0.02087870629273264 0.037979143938219405 0.09500710120498236 0.18159872273871341 0.2731277221753563 0.31116263039723036 0.32838979694523834 0.46794823835481186 0.5508356140090803 0.6042836044813762 0.6931743064849581 0.7989739380171843 0.9046450460443674 1.1903631761862485 1.6556855187455857 2.949323432997169
802 9624 2.1649699958679103e-06 2.9601205573021248 0.003432177520076358 0.003432177520076358 0.0105769968095941 0.020353119363228526 0.03804489298073323 0.09502632078865444 0.1809999998511104 0.27116016390029196 0.30756617126227387 0.329861181770505 0.46617751597311663 0.5465763798488407 0.6050690355509729 0.6925170282174186 0.8007003705389855 0.9054244719268938 1.200582802083164 1.670010102338729 2.9601205573021248
803 9636 2.13301789340543e-06 2.976579329395885 0.0034293627332190975 0.0034293627332190975 0.010616055836589575 0.02040592418300926 0.03809797312321628 0.09490123945752482 0.18060655423846175 0.26734256396038125 0.309861638921635 0.3286388145623301 0.4640399717774447 0.5482402927432563 0.609269106321065 0.6953417237829295 0.8011270847191625 0.8986584961413466 1.2008767438414263 1.6566297899421751 2.976579329395885
804 9648 2.0802965550470303e-06 2.975038311114789 0.003403919924792642 0.003403919924792642 0.010510400132917971 0.02037713207689161 0.03854454302799105 0.094517665766219 0.18159794455518274 0.26833997757463796 0.3049534362389733 0.32903041349930573 0.46044677608583634 0.5469795793997508 0.6088268426181249 0.6985633423315102 0.7927280270290143 0.8901060839351456 1.1991055160887318 1.6545819693914563 2.975038311114789
805 9660 1.9944204970096333e-06 2.9826755808357572 0.0034109185530711047 0.0034109185530711047 0.010487080961197529 0.020165247762577637 0.0389666701640846 0.0945530760186264 0.18239398597812376 0.26758733919659006 0.30221876774339146 0.3279075198312908 0.45529318416933773 0.5472047871530377 0.6078329455245386 0.6892025819566425 0.790043873320577 0.880047155315532 1.1902212832536934 1.6595750879961868 2.9826755808357572
806 9672 1.9130288581399616e-06 2.9622497502629246 0.0034154653698606928 0.0034154653698606928 0.010406871117893663 0.0196725153130007 0.038802560156938386 0.09492787159677422 0.18152851320819227 0.26549679709540813 0.3025518677583893 0.33036044382139507 0.4551457178538134 0.5451601108394478 0.6039400935071767 0.6918024733233072 0.7869118990751686 0.8848742067094864 1.1947027072104541 1.6721039941670803 2.9622497502629246
807 9684 1.8719724382692186e-06 2.9689904042367545 0.003396511926575532 0.003396511926575532 0.010341712060172379 0.019432158661259077 0.03859082340530184 0.0939487684287612 0.18219513676875393 0.26440904769117024 0.30274764191389114 0.3302514418956265 0.4568904247956013 0.5472359433152832 0.6014380855539329 0.6901649255425268 0.7831830205139902 0.8814777597991695 1.1985639737950917 1.663088643495625 2.9689904042367545
808 9696 1.7841446776043762e-06 2.9846597009935936 0.003381145734317313 0.003381145734317313 0.010344188144191602 0.019576474664039833 0.038019368119055756 0.09274227948751199 0.18188325935095104 0.26254289319616875 0.30282493301103613 0.3294015598065583 0.46244202316415184 0.5539930280336449 0.5913079291646685 0.6886449093020258 0.7833159782331234 0.8946251621720455 1.1904632504833186 1.659856111025359 2.9846597009935936
809 9708 1.7683562490365578e-06 3.0043907778450007 0.003379629769889333 0.003379629769889333 0.010224539285679651 0.019445384800278413 0.03808973897087464 0.09308931492542029 0.1793156211886337 0.2564059406496606 0.30057395423292543 0.32755170323686456 0.4597481318541829 0.5571101409790564 0.5891698394965484 0.6915212476997259 0.78515001460953 0.8915832661082107 1.1905518155192534 1.65577536495062 3.0043907778450007
810 9720 1.7344758389923716e-06 3.090894394366041 0.0033312668729651032 0.0033312668729651032 0.010256317815802338 0.019653570010711812 0.037813871734993725 0.09273716191258291 0.17722056692988067 0.2553926864853688 0.29665199023400834 0.3236108943146986 0.45929511015320007 0.553996397673088 0.5882555843826085 0.6845153044019399 0.7824601354017436 0.8912729267369215 1.1924982982003793 1.6763606024742574 3.090894394366041
811 9732 1.7216481592454348e-06 3.104822330022847 0.0032786185975472943 0.0032786185975472943 0.010187416845855427 0.019921982452237412 0.03786520615461303 0.09267904966614535 0.17690333128590754 0.25227125389240024 0.2925155753303806 0.32392133061944506 0.4541716302647181 0.5512956925372937 0.5902451235345697 0.6875002870374668 0.7860167105321793 0.880737231133183 1.193555323872496 1.6827139908159758 3.104822330022847
812 9744 1.6287149523326887e-06 3.152252004713586 0.0032494239140730113 0.0032494239140730113 0.010229103378527725 0.019901737790419295 0.037616854925917854 0.09286094791644066 0.17436482435870712 0.2518148437262194 0.29412092876226253 0.3246685003232264 0.45446242400066866 0.547204012992547 0.5878673576451234 0.6813580979971785 0.7870238411770129 0.8691050800511844 1.2038473393875422 1.6711079628313272 3.152252004713586
813 9756 1.587283089789275e-06 3.1411786006911973 0.003256985079945643 0.003256985079945643 0.010136216256300241 0.019672587485298258 0.03751817241141807 0.09299604570793031 0.17331850004000016 0.2506279937634701 0.29043680734416033 0.3241057631476181 0.4505940791009468 0.5476809889476852 0.5836343182591983 0.6850030197969645 0.7916890143266887 0.8706103958869298 1.2023950618924624 1.6663652580940136 3.1411786006911973
814 9768 1.5562567302693097e-06 3.17473624873207 0.0032512734225826675 0.0032512734225826675 0.009984358749885998 0.019357833182728695 0.037374433750328416 0.09356442930507318 0.1727514773696735 0.24962055703561015 0.2913146073683741 0.3230603174500235 0.44828119943157557 0.5480279379825252 0.5870058209265139 0.686510891919169 0.7891052710033231 0.870457790426376 1.1991477977363858 1.6685341187368103 3.17473624873207
815 9780 1.515395024306659e-06 3.1739683474181866 0.0032087885896803915 0.0032087885896803915 0.01004140820299564 0.01941804370389614 0.03746987652828773 0.09357640292460744 0.17273515067343742 0.24746904793740077 0.29107358880376005 0.3189346348609488 0.44973339628467074 0.5490805648004671 0.5780709237968977 0.6872459330752559 0.7842820573874533 0.8783008680024212 1.2041476970303635 1.6542288660559314 3.1739683474181866
816 9792 1.5076296203779057e-06 3.1560193199392557 0.0031489885600464464 0.0031489885600464464 0.010070067508140998 0.019233620747986443 0.037807134344972175 0.09267438745523966 0.17091968489519507 0.24603909319723435 0.2910674179592586 0.3198790239533322 0.44884244219029806 0.5448888400792807 0.5782663928865158 0.6860148627110316 0.7833443811715002 0.8850138032926921 1.2067295936821825 1.6809673550236823 3.1560193199392557
817 9804 1.4227831910759402e-06 3.13315943324627 0.0030915234247561054 0.0030915234247561054 0.010021846078504943 0.01925368899090288 0.037712137643574076 0.09134833567943369 0.17091082797740464 0.2454617394319424 0.28786064444466153 0.3187899099306901 0.4501228302265034 0.5484762487817613 0.5839796993751494 0.6812754206174765 0.7891197601394461 0.8878797248417106 1.1991463823928226 1.686528732007517 3.13315943324627
818 9816 1.319655062673097e-06 3.150381415143985 0.003105171814447436 0.003105171814447436 0.010041207318705501 0.01894166199705952 0.037600503681866175 0.09112668865668089 0.16974994538204452 0.24331072528866876 0.2912990964280843 0.3179015516130026 0.45026136375578607 0.545516888159924 0.5774783776037572 0.6765677683562433 0.7890332063277856 0.8820402478484923 1.2050893040500568 1.6891847720750122 3.150381415143985
819 9828 1.244138092631637e-06 3.1534173553024316 0.003107671865945873 0.003107671865945873 0.009951746179729201 0.019028442897361924 0.03620898494163361 0.09020647246532847 0.16984141698695016 0.24181492717003378 0.2920852956979838 0.317979188532707 0.45049163045958823 0.5423550839930922 0.5783443302569214 0.6776324181527504 0.7875326767586353 0.8795800741066648 1.2021229750862734 1.6678395063602158 3.1534173553024316
820 9840 1.1968272211013935e-06 3.1396344179649214 0.003089215604192216 0.003089215604192216 0.009896813357100515 0.019102002790785038 0.03576918390214483 0.08878621371684872 0.1692086307214128 0.24473821599540913 0.2913567927487516 0.3171291574415518 0.4499249342549541 0.5440912568038309 0.5771876241211323 0.680870615302913 0.7839517052938407 0.8845455661213261 1.1928118873546183 1.677476289833422 3.1396344179649214
821 9852 1.1744278975406516e-06 3.1670333435706177 0.003048183597065466 0.003048183597065466 0.009884553029651605 0.01886932008324424 0.03598909889165555 0.08871998468202015 0.16808276216854867 0.24582998682218452 0.2925212466361702 0.3128784938815219 0.448891678203118 0.5443469208280021 0.5764693753939808 0.6773923679521606 0.7874578756717612 0.884693258092041 1.1949955476599559 1.6763202580068874 3.1670333435706177
822 9864 1.1455458336713043e-06 3.1334191398269224 0.003036097967791448 0.003036097967791448 0.009864456787190858 0.01878461525764639 0.035886745612278295 0.08844176779964481 0.16660341796153535 0.24390704206708255 0.29059843121083156 0.3123345106380434 0.4452789542347898 0.5516450024810517 0.5786260469459013 0.6730959765972424 0.7867395341236109 0.8868526019093081 1.1985937373781483 1.6773382342674144 3.1334191398269224
823 9876 1.1149660435553083e-06 3.12868246495401 0.0030316318109045916 0.0030316318109045916 0.009929105438969863 0.018584353658554514 0.03530075131764565 0.08859278577327481 0.1656237951333147 0.2402449389784095 0.2918937538088807 0.31271103750952334 0.44670141330793667 0.553960062659557 0.5812175410485454 0.669226561844665 0.7809173150231539 0.8887581065689374 1.2016087946298988 1.677339578425292 3.12868246495401
824 9888 1.0875219951671785e-06 3.1227604938072706 0.0030106824861905602 0.0030106824861905602 0.009914208496778555 0.018574222929470786 0.03484023823856071 0.08857170819769428 0.1653215934581857 0.23998802565034577 0.2930359483097098 0.31104765858073774 0.4451336874417065 0.5500950211021 0.5841510452303894 0.6598326402721757 0.7853504096151805 0.8863446866052 1.2023162052872642 1.673729910322866 3.1227604938072706
825 9900 1.0769593807866948e-06 3.108292990261816 0.0029700985212597754 0.0029700985212597754 0.00989769957527613 0.018455074156062186 0.03522588283688212 0.08801343786364224 0.16345835582511867 0.2388104000133834 0.29695699099543865 0.30877893108489574 0.44544033390524146 0.5493340221549154 0.5911047124391521 0.6629833359043265 0.7869294605943629 0.8724476824347304 1.200653246852074 1.6781008549182583 3.108292990261816
826 9912 1.0838574722052911e-06 3.0995284367672107 0.0028978698380508656 0.0028978698380508656 0.009930007434451226 0.018406380466377107 0.03533146605818154 0.08774689188691207 0.16453971832683295 0.2368664856141679 0.29921525661624826 0.3080671558779182 0.4454129138827587 0.552300408030464 0.5944385832962389 0.6654382731087315 0.7839429348199008 0.8745848205533016 1.2126663794589232 1.6531737232094297 3.0995284367672107
827 9924 1.1159798883595296e-06 3.096182373294835 0.002810271066702109 0.002810271066702109 0.010003542190953658 0.01835269488788782 0.03494349053687148 0.08785525455137072 0.16455349215065362 0.23581079852209366 0.3040392269745643 0.3090207982767083 0.4439903470737052 0.555416659760982 0.5850874274879431 0.6635043403588052 0.7961509092529222 0.8712207449059018 1.2146680746557643 1.6397264602292358 3.096182373294835
828 9936 1.0781611640043877e-06 3.105625136768119 0.0027856628157133605 0.0027856628157133605 0.010050383871666487 0.018366992446903183 0.03482041192448945 0.08776828888003203 0.16498246821744425 0.23472284802189636 0.30432671679876766 0.3091175642799442 0.44094232333565314 0.5584507881130785 0.586440371105775 0.6673015403177287 0.7962539132286479 0.8768963759130822 1.197346541252601 1.6219492286216244 3.105625136768119
829 9948 1.088456690718446e-06 3.1335569786379347 0.002763649017848003 0.002763649017848003 0.00995573925476333 0.01835992267566902 0.03496126428880007 0.08793442039011982 0.16543877763214468 0.23402537902787515 0.3022986626132485 0.3083660225305504 0.44211440701598104 0.5581606436596142 0.5834896746488315 0.6594661673206162 0.8004034083866067 0.8753534319139549 1.1981280137755033 1.602286716976482 3.1335569786379347
830 9960 1.0795096074595956e-06 3.100755253899928 0.0027604244451780707 0.0027604244451780707 0.009987608550915046 0.018244651928386778 0.0345250084600706 0.08756968377157409 0.1644015438274985 0.23341658702221477 0.3049524072271848 0.3067729317729957 0.44408105931602426 0.5594743778764901 0.579232904623457 0.6682254702218052 0.8051498597913119 0.8675075223060942 1.1997194227870327 1.601514528341174 3.100755253899928
831 9972 1.0281858711720483e-06 3.1056746054752895 0.0027637011102721208 0.0027637011102721208 0.009969729981651763 0.01812829587471791 0.03447858084193573 0.08742248359957894 0.16347450797915136 0.22571087046424768 0.3054390847910583 0.3077309742026527 0.4479039982267984 0.5567917919648646 0.57841474171527 0.6683584325667327 0.8001780262101051 0.8673731210491327 1.2032053156745623 1.6062925126562706 3.1056746054752895
832 9984 1.0051208407688204e-06 3.079552922212103 0.0027206033700019295 0.0027206033700019295 0.00994939363414112 0.018090361579680667 0.03432443036822036 0.0870207714666296 0.16210447280944007 0.2253630940681144 0.3049822366866489 0.3071091374322004 0.4458702988039489 0.5574999915476936 0.5788604435677084 0.6713211665985168 0.8043735664332283 0.8560488746201468 1.19281888821349 1.601821518384234 3.079552922212103
833 9996 9.949526070572566e-07 3.100936789603118 0.002711982462082364 0.002711982462082364 0.009893156600366559 0.01781177615534838 0.03423797042209046 0.0864612284461061 0.16391119984432548 0.22447324114284997 0.3014359633328009 0.3082542247183338 0.4451603507237269 0.5590410279022893 0.580290311638537 0.6865606923670979 0.8107239300098663 0.8553501439171715 1.1914543691765953 1.5869943118372605 3.100936789603118
834 10008 9.685641525033128e-07 3.1158141541528512 0.002707702815704476 0.002707702815704476 0.00987638878079769 0.017879507809844306 0.03411561052231556 0.08754670798370649 0.16507316963041316 0.22474085012337633 0.30042719739183055 0.30773677746229516 0.4399556832660069 0.5534796479460065 0.5723470084200972 0.6882969960401768 0.8114982726856622 0.850306024286342 1.1985726607156169 1.5905363084557675 3.1158141541528512
835 10020 9.584340010909535e-07 3.113553420404956 0.002701519131109393 0.002701519131109393 0.00986760669143876 0.017503036188944825 0.033779266796622236 0.08728271299706805 0.16392836440810443 0.22517702646373372 0.299601504299417 0.3092160903800119 0.43827367049075977 0.5564903128413258 0.570589154835272 0.6925218800935409 0.8128208083631357 0.8497071592808623 1.2017889093083531 1.5606890870593193 3.113553420404956
836 10032 9.225686808419524e-07 3.0976676989042464 0.002687042841991067 0.002687042841991067 0.009985956805483674 0.01732225117536874 0.03388463090164427 0.08785036469458396 0.1639408799572536 0.22556348980498134 0.29872371800625686 0.30774192159953523 0.4365497679186571 0.556397138537799 0.5698319940431915 0.6913765866081416 0.8090982855416307 0.8475440019298768 1.1987848032258945 1.5646456819929462 3.0976676989042464
837 10044 8.887688722274393e-07 3.0902250291267856 0.0026338310173069923 0.0026338310173069923 0.009982592504749107 0.01719989555007889 0.03374930917541958 0.08722522394971607 0.16420875666821294 0.22472742259470613 0.29621453417726834 0.3078835735470064 0.4373782628546648 0.5563566991720136 0.5685863603938319 0.68612631700133 0.8107603183188618 0.842557055149828 1.199551818596877 1.5563364645984528 3.0902250291267856
838 10056 8.539166953165115e-07 3.0854936369677444 0.002617674789407255 0.002617674789407255 0.009926029477751258 0.01718473602349545 0.033518337503575364 0.08673860158418387 0.16462647461662216 0.22380510958554745 0.29197905256187867 0.3062373447188406 0.4416394957790392 0.5517881721596423 0.5652009927108169 0.6784095790255282 0.8080589556230974 0.8413985505419179 1.208727497583098 1.564265694550352 3.0854936369677444
839 10068 8.665955182681333e-07 3.0975553915750034 0.0025900643379992996 0.0025900643379992996 0.009868588415538853 0.017174130286048483 0.03337433666938779 0.08679052261113993 0.16303736881799893 0.22025941426351636 0.29234710689014937 0.3059132044443426 0.44211395938423625 0.5528118332230271 0.5708694723639451 0.675557204949541 0.8102276774664905 0.841149668153953 1.2253008773146652 1.5555321051479318 3.0975553915750034
840 10080 8.697345564759098e-07 3.0700686688867638 0.0025694883265683045 0.0025694883265683045 0.009783443254358587 0.01726694869431684 0.033896020039029306 0.08669647403123212 0.16075146792025963 0.22032088466385702 0.2922753448435904 0.3068070452935655 0.4443779181540199 0.5538920032372103 0.5696337529074204 0.6683911963055025 0.8102344798698898 0.85418527695294 1.2478306752220525 1.5497303163631542 3.0700686688867638
841 10092 9.089916725051615e-07 3.0663822423240243 0.0025692962733422286 0.0025692962733422286 0.00972242178236113 0.01713367225206397 0.03396284103342087 0.08631733176939184 0.16147404594321174 0.22170923339298318 0.2943903489017498 0.30650143153682213 0.43713332650966086 0.5531029542904637 0.5669886963683136 0.662554354936384 0.8092550931656587 0.8555474968643392 1.2602493833462194 1.5418714721641449 3.0663822423240243
842 10104 8.925780754131064e-07 3.058438845207647 0.0025034221617427194 0.0025034221617427194 0.009646141004627741 0.017089461521162936 0.03401032329279727 0.08647026753937488 0.16145482115454876 0.22191782961216003 0.29153241686834824 0.3081599432148199 0.43830382127798273 0.5572843767579554 0.5818122178652527 0.6612465199731129 0.8076153377340182 0.8557767742692637 1.2687020277638241 1.5328601496165526 3.058438845207647
843 10116 8.376390249298091e-07 3.0540100722276535 0.0024816665163730936 0.0024816665163730936 0.009627128792489104 0.01699021724833881 0.03405447744498324 0.08605417144793556 0.1610739159412892 0.22136547324628744 0.29219714119401985 0.3077387780335255 0.4415373429735421 0.5562058714364807 0.5836847926041988 0.6488630377385299 0.814241917016939 0.8525174760650549 1.2608196255709245 1.5316414182830331 3.0540100722276535
844 10128 8.42905116662216e-07 3.0473368709107196 0.0024748691166598447 0.0024748691166598447 0.009574780290300828 0.016858405339826604 0.033929293152614504 0.08524937020089438 0.1625579061474089 0.22013128847613586 0.29318378085435715 0.30615282262969895 0.44366163258700275 0.5497453483867516 0.5793269705169048 0.6480287187730496 0.8126816879148481 0.8527055322207301 1.2595331627577053 1.5227585233342285 3.0473368709107196
845 10140 8.462435059416948e-07 3.033704582180916 0.002431003218803462 0.002431003218803462 0.00959485426107212 0.016628874317942025 0.03386044562426059 0.08538195844245268 0.16288314482139618 0.2215942107482424 0.2931874494079788 0.3011589102196587 0.4404099711790455 0.5518348770626228 0.5756831989041605 0.6453884467996487 0.8303332409628688 0.8600217587591047 1.2553843413724213 1.5199611801831732 3.033704582180916
846 10152 8.448579278242336e-07 3.0236390411991727 0.0023939453700259476 0.0023939453700259476 0.009705421164241166 0.0164665647270813 0.03397386131836609 0.08514614124353251 0.16325952798316912 0.2277332703633572 0.2935480463518225 0.30223491160955795 0.43998446140596015 0.5473807630291185 0.5691880656538965 0.642611373613873 0.8422012971904433 0.8621837754981239 1.2474274420684892 1.5185792461758938 3.0236390411991727
847 10164 8.326424570899346e-07 3.0035977015582924 0.002378234120347315 0.002378234120347315 0.009656049828403011 0.016494346505970505 0.034133199023852756 0.08599880406311956 0.1643176228777695 0.2258323728933758 0.29355635513911 0.29959493052500885 0.4410391191516907 0.5474508656760154 0.568182136778803 0.6413391381430409 0.8456279658706657 0.8664526283761897 1.239990317372863 1.5235252676796143 3.0035977015582924
848 10176 7.981323773684092e-07 3.033067449153592 0.0023322508827085904 0.0023322508827085904 0.0096513072943131 0.016497349817707195 0.034226502890643926 0.08449066659967394 0.16394445323851242 0.2234971450986403 0.29280088986359093 0.30029028885060804 0.4428297973172995 0.5492623801690745 0.5619732286900453 0.6387477491102772 0.8455941837275734 0.8642269236264567 1.2431774383933616 1.5429501794140206 3.033067449153592
849 10188 7.56637346740846e-07 3.0486275514727135 0.002326672071440178 0.002326672071440178 0.009648577593871907 0.016059026522351354 0.034044657442178855 0.08451951564959406 0.16410422028335414 0.22310546258382905 0.2932770665388261 0.2987074990332444 0.44223035959042517 0.5495293832970459 0.5577770542412198 0.6268563602728835 0.8516521518906363 0.8700798620890916 1.2405961794643385 1.5438806984244604 3.0486275514727135
850 10200 7.193798648293454e-07 3.052196030371311 0.0023177244413057573 0.0023177244413057573 0.009666467970746582 0.01584313003646039 0.033525529667224545 0.08412922079423855 0.1646407831093783 0.22283960275973508 0.29138541284600544 0.2978105309408594 0.4445674867214077 0.548073764281179 0.5551558588891524 0.6281887454202553 0.8539733976709254 0.8753162917310371 1.2256888333463158 1.5491899772557045 3.052196030371311
851 10212 7.057736441381595e-07 3.041287310973327 0.0023253586702708835 0.0023253586702708835 0.00956002647429047 0.015547346866011193 0.033407916551817726 0.08349948787182263 0.1622879338811995 0.22422196425538782 0.2905411500999337 0.29638490127016576 0.4456550368298567 0.5478281546080184 0.5567837898645832 0.6287859404460272 0.8577923789306898 0.8724824776120693 1.2255691815426433 1.5675376730553792 3.041287310973327
852 10224 6.752852373081667e-07 3.058595570213584 0.002300834964616655 0.002300834964616655 0.009574987745140042 0.015640111292545913 0.032770078239709365 0.08362834994167978 0.16246885851214132 0.2224059594984507 0.28855819972682756 0.3028375510815811 0.4440156608239937 0.5436574093900969 0.5571335369818591 0.6259975140636834 0.8511825517159047 0.8726520629321083 1.2253050739972913 1.567571715730612 3.058595570213584
853 10236 6.273527279030237e-07 3.0448140301778115 0.0022679600186012523 0.0022679600186012523 0.009516482118032894 0.015555214415863163 0.03281276830398533 0.08319970883160595 0.1618768196190061 0.22370247527477002 0.2882311435152834 0.30164973753828783 0.4462040166536109 0.5452911493408821 0.5555619036089903 0.6192982313501995 0.849250653960211 0.8736925828306469 1.215284330840693 1.5756599039530286 3.0448140301778115
854 10248 6.059967988668363e-07 2.9854690194124816 0.0022516644746053836 0.0022516644746053836 0.009534650084099615 0.015541700275735475 0.032066657657170664 0.0831299433362952 0.1616038579714232 0.22319726011285687 0.2858852471969093 0.3032214790486048 0.4401046748630612 0.5445138154188399 0.5527481255948548 0.618577693647829 0.8462639450281971 0.8756852733669849 1.2152318787171903 1.5751790934496683 2.9854690194124816
855 10260 6.003001528446076e-07 2.9835261797809016 0.0022172883732429743 0.0022172883732429743 0.009512629221046181 0.015518800657575875 0.0321526731821024 0.08448489326116214 0.16433537669626513 0.22234566890428895 0.28328592074836734 0.30350566326094064 0.43275407333937665 0.5373876091738476 0.5486479922610884 0.6177101651097666 0.8455062248501573 0.8731652626849019 1.2052996529048423 1.591567816181078 2.9835261797809016
856 10272 5.992232847037589e-07 2.9454370303148663 0.002216909554199675 0.002216909554199675 0.009447950372839312 0.015548453872362951 0.031886428734275135 0.08547073730743561 0.16234445143224732 0.22352444501441526 0.28356291799645844 0.3027893296256988 0.42793015704050796 0.5348075245462443 0.5518227180509203 0.6179678300977468 0.8422256335301412 0.8683954469891456 1.2109753822973492 1.606788609059573 2.9454370303148663
857 10284 5.89443589884732e-07 2.948914436583037 0.002207053200114884 0.002207053200114884 0.009474895449093228 0.015502916840842783 0.031922355570729484 0.0850884241383573 0.16196557341936743 0.2229944348817754 0.28366081459940834 0.3057427108434917 0.42566692298858955 0.5331965765787242 0.5530440338972076 0.6171421714170892 0.8335927796111847 0.8564367429313201 1.2012655359745315 1.6303238993254392 2.948914436583037
858 10296 5.938568368006377e-07 2.945221592094892 0.0021862608372169353 0.0021862608372169353 0.009660837326937325 0.015429501280107194 0.03185069817063049 0.08451523743817095 0.1629019080707914 0.22145557349515302 0.28190939473923554 0.30596958756471393 0.4278184120262542 0.5256861542685943 0.5506134097153488 0.620280707855727 0.8326737056888519 0.8600406960724877 1.1949599511912279 1.6367760378300042 2.945221592094892
859 10308 5.943622522449063e-07 2.941612068249857 0.0021798323323842777 0.0021798323323842777 0.00976095844366708 0.015416854662295728 0.03200075335393904 0.08289710492927563 0.16350772499178134 0.21377604886697857 0.28211618803248595 0.3054622501798976 0.4281604852526636 0.5213111099762677 0.5514002002515256 0.6218943107652412 0.8354144437242623 0.8759233165150424 1.190094178860306 1.6370126458629002 2.941612068249857
860 10320 5.981707681857595e-07 2.952136418167213 0.002163442571505927 0.002163442571505927 0.009791444010010482 0.015352705307226166 0.032085340251197726 0.08274568025189546 0.1651308833700043 0.21336498191998515 0.286622829608849 0.305755088427768 0.42378754448187644 0.5157313049704475 0.546675934874439 0.6190658406449697 0.8328250301849326 0.8790686592671861 1.1913326422608834 1.6386646739205886 2.952136418167213
861 10332 5.867662927439335e-07 2.953602077111564 0.0021735451897821633 0.0021735451897821633 0.009826250683467841 0.015132455112129888 0.03186389265624029 0.08223000859205888 0.16493900799780986 0.21228177570119527 0.2883881520718831 0.30595688192729764 0.4293857169185332 0.5143507150489386 0.544329319754189 0.6204095955611056 0.8343970273338457 0.8797014741719402 1.1876084971073104 1.641279679705042 2.953602077111564
862 10344 5.800087904736595e-07 2.9322427787997856 0.002158822865100615 0.002158822865100615 0.00971398446691301 0.014827499209564382 0.03168651173418292 0.08232368294853107 0.1644703086383088 0.21163427878072186 0.28972753014745956 0.3088051201447809 0.4303179910906977 0.5110409351889067 0.5453493024301886 0.6288277055685044 0.8287487870111463 0.874048276953895 1.1875823992098755 1.6536458309252156 2.9322427787997856
863 10356 5.886095431902407e-07 2.9564108623799297 0.0021271769273875953 0.0021271769273875953 0.00956720686958412 0.014729867134301978 0.0315303944279862 0.08204283297558557 0.16460105804527697 0.2112097454478994 0.28960968998311953 0.3079254716973507 0.4295368741958574 0.5085997903743114 0.5456826444883884 0.6362690492005504 0.8242809853901207 0.8732547914088454 1.184853009427886 1.6805879728903275 2.9564108623799297
864 10368 5.851014036135585e-07 2.9657905097350743 0.002125759204488176 0.002125759204488176 0.009512139991429035 0.014685942717209587 0.031217419142445565 0.08166712585982765 0.16269238570525527 0.21150815054585265 0.2898599628790779 0.3092894728550632 0.4281705279968551 0.5114515608794428 0.5503994167255719 0.6451029370318451 0.8181160318641735 0.884472981600523 1.178052175436583 1.6840062081435545 2.9657905097350743
865 10380 5.70054595536129e-07 2.948726813830817 0.00211652852489403 0.00211652852489403 0.009406981280956716 0.014741498486878737 0.031113808624123825 0.08106117845254944 0.16337183643217998 0.2109969942113619 0.2886780255176378 0.3064751853533303 0.4222121945587489 0.5106938169943185 0.5481931766737757 0.6501458687760016 0.8169139453345567 0.8835764278658935 1.1764174527358955 1.6700665035182223 2.948726813830817
866 10392 5.618676941399175e-07 2.9541557523110713 0.0020999448854628158 0.0020999448854628158 0.0094454264935289 0.014688303713259297 0.031030199647322922 0.08107011206584301 0.16212064373488094 0.20970041910646564 0.28290197767981723 0.3075599026835798 0.42225877487043956 0.5129027807406116 0.5423601000390381 0.6518884103473372 0.8079703797326294 0.8873881903967222 1.1746175667081589 1.678420269394271 2.9541557523110713
867 10404 5.49050708431175e-07 2.954030073928727 0.0020942247268602105 0.0020942247268602105 0.00947246649637775 0.014521950427240322 0.030592665195950216 0.07985734758847259 0.16122708690606058 0.20948315935426137 0.28176043892936914 0.30484329238944485 0.4216918673912969 0.5146726902246973 0.5436164570456213 0.6448666573000341 0.8132971608277725 0.8871018173182982 1.1773299260683898 1.7040099178736214 2.954030073928727
868 10416 5.293059998673038e-07 2.938759519179246 0.002066116562141611 0.002066116562141611 0.009418992636783467 0.014572371462820652 0.03060765847265321 0.07983935037350465 0.16062796526372855 0.20867603788712843 0.2814439481192181 0.30772460233930826 0.4210410288747756 0.5105360637411092 0.5414358105185243 0.6435350042624596 0.8168554046622702 0.8723562465642127 1.1882212499914468 1.7101422284195114 2.938759519179246
869 10428 5.269584160446875e-07 2.9654722307232246 0.002070789853738093 0.002070789853738093 0.009400761791929802 0.014388908542791495 0.030730090980657137 0.07912176993510113 0.15961536774182442 0.2104872419320823 0.2813407537745031 0.30750421380999654 0.4167971261769352 0.5110490279665755 0.5443546858354876 0.6407666907209999 0.8134465187557944 0.8567359341218926 1.2023827884762792 1.717699250549582 2.9654722307232246
870 10440 5.42345633545874e-07 2.9754772551980793 0.002049986209907723 0.002049986209907723 0.009417553886127642 0.014385550032293382 0.030619560548429903 0.07825201276380019 0.15870035246240186 0.2058020848237386 0.2800760512371065 0.30706608013718395 0.41405035057914436 0.5151558928935827 0.5444063137189011 0.6439767373684543 0.811827250288998 0.8530026040425236 1.205862660921951 1.740677430175301 2.9754772551980793
871 10452 5.459491469801008e-07 2.964083275358201 0.0020366333807336746 0.0020366333807336746 0.009409420988446602 0.014424908307574012 0.030577588271502254 0.07778809046839703 0.15897368645623575 0.20309191693991624 0.28035390503744817 0.31006474553825747 0.4129460961857478 0.5178910422146565 0.542232676412776 0.6421371073188593 0.8053125613226624 0.8603345661981484 1.2038519052358383 1.794234905066213 2.964083275358201
872 10464 5.881296909816551e-07 2.932958866740801 0.0020291349837099873 0.0020291349837099873 0.00923712765934852 0.014468922581094485 0.0303682038490754 0.07780419095083808 0.1583582436845351 0.20191737828825243 0.2817054915337475 0.3098948859008585 0.4179813561507341 0.515359724223834 0.5466723164878298 0.6386393730236446 0.8040717165965539 0.8727853359815457 1.202344708513671 1.8108115010033106 2.932958866740801
873 10476 6.34988857284674e-07 2.9602371298221275 0.002015512205493071 0.002015512205493071 0.009086560793228008 0.014473193240702991 0.03006664611350379 0.07754956938590458 0.15767800164499327 0.2033837880101013 0.2805939710397802 0.3101894403904542 0.4155111208261356 0.5215530073092268 0.5612393826154235 0.6337641662740359 0.8105760840708705 0.8840817894231605 1.2104016080207525 1.8147610400792344 2.9602371298221275
874 10488 6.687410414645201e-07 2.954900475108825 0.0019860464904807723 0.0019860464904807723 0.009002990550817038 0.01441827516089131 0.029838124651136038 0.07764280524612528 0.156694491881354 0.2029623568325825 0.2776830166040378 0.3101898967600482 0.41381774586231157 0.5220351336662555 0.5698824099658591 0.6336993535701609 0.8272973521448259 0.8948452447826475 1.2233098604803894 1.8306992272699432 2.954900475108825
875 10500 7.075874108371298e-07 2.9787067413257002 0.0019904443488992897 0.0019904443488992897 0.008868231300551886 0.014312306013487841 0.02965714427752263 0.07717259824482924 0.15642747750652897 0.20207729130658417 0.27921100256725073 0.31000641344320573 0.4093816414966019 0.5223067563521069 0.576965184363897 0.6270400149617996 0.8243767418283925 0.900036307973022 1.2297216151876555 1.8257648121109376 2.9787067413257002
876 10512 7.054884862269972e-07 2.9559804784433235 0.0019908000965442817 0.0019908000965442817 0.008881735199064754 0.01425838699486796 0.02935268576257278 0.07713827994680969 0.1567198897543945 0.20123767297791648 0.28008625540772725 0.3096767072585303 0.4082313889225046 0.5203156722810724 0.5956198126610545 0.6229239503433048 0.8418105856728519 0.9027696147242272 1.2227789388751573 1.8108578539039797 2.9559804784433235
877 10524 6.981664575332515e-07 2.9285670960955317 0.0019808438346123 0.0019808438346123 0.008926168476830303 0.014308618369112349 0.029519402037527443 0.07687568403143075 0.15458284031293046 0.20125538006883706 0.27934354158988745 0.3092275216618422 0.4038456425641052 0.5177868151466682 0.600957465881402 0.6229475487983984 0.8431543066326489 0.900991807272571 1.21016340455486 1.8136651224354534 2.9285670960955317
878 10536 7.019800437607781e-07 2.8987881612031967 0.0019791026003638432 0.0019791026003638432 0.008900704939846437 0.014271450033380128 0.029004972563560775 0.07632570887977089 0.15343618066426237 0.20187238002230581 0.279824775296486 0.30852572417020413 0.39738105291931036 0.5182980315051448 0.603880202239067 0.6265535175053089 0.8488303070066829 0.9071392147453841 1.2349875415976064 1.801328540733153 2.8987881612031967
879 10548 7.036881329736299e-07 2.8975634881642622 0.001982760223104596 0.001982760223104596 0.008878267637728062 0.014033272977933489 0.028643708338545747 0.07534624125544798 0.15386870422900056 0.20096057573638218 0.2806977921434506 0.3090672558718299 0.3956167303745414 0.5193664898323925 0.5896188815736136 0.6459334558888631 0.8513762001062197 0.9032487334001398 1.2298619873593983 1.7972703992934544 2.8975634881642622
880 10560 7.474745920256632e-07 2.9289243779247713 0.00198356778097164 0.00198356778097164 0.00869633456568103 0.01400732014962249 0.02857346635520335 0.07529777594605819 0.15491610527569105 0.20034939151581102 0.28063352352385434 0.30511678338333065 0.3968257329165906 0.5170580143315423 0.5882902944968482 0.6492211622591492 0.8517567595512786 0.9050725235292447 1.2198163232112675 1.8003437563594684 2.9289243779247713
881 10572 8.030200502109582e-07 2.922672166042971 0.0019805555574255794 0.0019805555574255794 0.008631695812043719 0.013975667761055771 0.028194549551812546 0.0755998734064877 0.15276674316155647 0.1987746984583126 0.2854368358522258 0.3065174104508298 0.39397284095561347 0.5159122438131011 0.5885297280741276 0.6735927016879995 0.8539228902627393 0.9050851309958479 1.2218254401881352 1.7884692805892168 2.922672166042971
882 10584 8.566646865035646e-07 2.9607380837042703 0.001980229867824516 0.001980229867824516 0.008566717239647808 0.013846760607019453 0.027807995358672174 0.07517914269534523 0.15284666725803278 0.19880157584023214 0.2846960789932435 0.30899426367250754 0.39260314730921225 0.5243688210929704 0.5847015638226832 0.6819375312688886 0.8528611367372483 0.9037572840765353 1.2328210258305399 1.789394088876355 2.9607380837042703
883 10596 8.958295774863171e-07 2.960022102029868 0.0019698542830420456 0.0019698542830420456 0.008560863496542129 0.013792215518377844 0.027591332763250848 0.07542534181395188 0.1524876261547684 0.19732872883686803 0.28472697465166485 0.31169865312088113 0.3920310549585793 0.5238746701326059 0.5816926708769669 0.6832292480653981 0.8485462639906723 0.9056592487702851 1.2515964086444518 1.771248647349423 2.960022102029868
884 10608 9.29321873251594e-07 2.9513900043725996 0.00197183727235568 0.00197183727235568 0.008495302323387107 0.013812627920080537 0.027349062903168832 0.07556300385847595 0.15171097531246808 0.198837652769922 0.2821854635118597 0.312557857570877 0.3926653528791611 0.5165325068050607 0.5883268021295677 0.6924341293503923 0.8410763974268034 0.9093375077509117 1.250165798735617 1.762330602121925 2.9513900043725996
885 10620 9.495003119258788e-07 2.971887528166454 0.001982277722553733 0.001982277722553733 0.008362956564502819 0.013902226958858892 0.02750657605488465 0.07551295144519428 0.1510697660568812 0.19849402453742826 0.28011321285150936 0.3117385195469804 0.3910667134131567 0.5141035764866466 0.5883726649802727 0.6865217897556904 0.8444734443786646 0.9072567630210482 1.261817814302221 1.7487160000272595 2.971887528166454
886 10632 9.400371614915617e-07 2.966176835824386 0.0019912201379941267 0.0019912201379941267 0.008268878777197208 0.013683889870072435 0.027485937991012673 0.07519225163843427 0.15047687882351507 0.1993937497082215 0.27938923977877933 0.31125626388796485 0.3890931443106675 0.5139837983919224 0.5892052313257523 0.7044601760202805 0.8438743093641171 0.9077247806870298 1.3003292521803393 1.7340920369711688 2.966176835824386
887 10644 9.31465873836395e-07 2.9365892229237063 0.0019601842237747047 0.0019601842237747047 0.008238555092032055 0.013711537896490456 0.02735232582352827 0.0747196215900749 0.14939627219053012 0.19984182548688392 0.28332728040278266 0.31054966625591895 0.3890304484969447 0.5144601278260386 0.5911176237500924 0.7039115837816747 0.8444809371324941 0.9091767921837806 1.2912768982546856 1.731069290053924 2.9365892229237063
888 10656 9.154651982257823e-07 2.9532155158145645 0.0019468120815072996 0.0019468120815072996 0.008158957119972448 0.013559000293538428 0.02719614814425888 0.07398056541764628 0.14991494009295522 0.20043538561269836 0.2826821093009926 0.3098873758036175 0.38514142276462 0.5157200173554332 0.5919928969051822 0.7019493960832619 0.8486600289002028 0.9088240002078468 1.3105221022045317 1.7097227960794588 2.9532155158145645
889 10668 8.922517135499416e-07 2.9298957990368013 0.0019061681375760516 0.0019061681375760516 0.008208327810833204 0.013451548017049854 0.02723194377846201 0.07375771781689487 0.14902083223084883 0.1996479281003567 0.2833490829793876 0.3081112058797417 0.3866422622795475 0.518015513470317 0.5894231900074733 0.7027309575243138 0.8422439973727014 0.9056582345972186 1.324469453343148 1.7026305049976345 2.9298957990368013
890 10680 8.625507047601e-07 2.935842606537578 0.0019104192919331894 0.0019104192919331894 0.008258996245373844 0.013405591984398505 0.027017227746489816 0.07352795666909369 0.14816113949688706 0.19840022838595467 0.2824001707233753 0.3087911418473462 0.3776559943018283 0.5204644003092856 0.5872317558636595 0.7045319576968635 0.8451705516154033 0.9059986075215835 1.3258364883259386 1.691506030604309 2.935842606537578
891 10692 8.325391102543204e-07 2.9406464269684816 0.0019075007277922205 0.0019075007277922205 0.00814254483954509 0.0133367554072194 0.027141072583521657 0.07370052940069118 0.1475048586974767 0.20025859272333857 0.2818216102108964 0.3066351147486591 0.3746587827076868 0.5186867224641234 0.5876952830940371 0.706122531284319 0.8468431032164058 0.901076182104787 1.3226306015396376 1.6902457073963197 2.9406464269684816
892 10704 8.312098451551752e-07 2.9242950457551697 0.0019076775333563202 0.0019076775333563202 0.008129859029679198 0.01316157959974322 0.027094688537618584 0.07372468519266114 0.14714128435771362 0.20062193792632504 0.28185677879081716 0.3068491863529937 0.3748384268128601 0.5112634718306103 0.5851484503436616 0.7093535342806866 0.8427916607896957 0.9047049112774701 1.3194426947896536 1.6809677398486766 2.9242950457551697
893 10716 8.196487387933604e-07 2.898504401107882 0.0018973592207213769 0.0018973592207213769 0.008182347826490242 0.013251999510267622 0.02716368555556913 0.07415272614147575 0.14483551561605307 0.20079286760918438 0.28065154219472643 0.30655027014309394 0.37035259487552613 0.5158184411529373 0.5860643198345832 0.7036938107297495 0.8472409798590206 0.8996997815952543 1.3121770239864126 1.6767584070959665 2.898504401107882
894 10728 8.289753437906318e-07 2.8930783870133845 0.0018721278796233088 0.0018721278796233088 0.008084288214867627 0.01332547246418966 0.027070874013290412 0.07344894328919667 0.14433026484683056 0.20163968283538924 0.2793762227179091 0.30600043141751443 0.3713093399602719 0.518912078335701 0.5817263382386599 0.7027408593590144 0.8510845529095968 0.9029409382219753 1.3248502563281193 1.6801395883120702 2.8930783870133845
895 10740 7.972162363570943e-07 2.8911598783368366 0.0018487966948378194 0.0018487966948378194 0.008079271687426207 0.01326979623624697 0.027042951590150393 0.07345173371967627 0.1436004612586961 0.2019866809038086 0.2788120828799733 0.3079675341375496 0.36749995572202965 0.5140597946203264 0.5839278899304527 0.7092955886691706 0.8446660705522819 0.9038882717595085 1.3270779257996776 1.6794142680180217 2.8911598783368366
896 10752 7.924859162953214e-07 2.885677570389528 0.0018533334507568311 0.0018533334507568311 0.007958912064701904 0.013112329587029396 0.027000309684655076 0.07296251879449615 0.14228083119321042 0.20068738314268633 0.2765764331489085 0.3079109890565131 0.3667623043958699 0.5157129902652308 0.584458152694665 0.7098352413437231 0.8283987162624962 0.9070149408262307 1.3406045026155047 1.6923731678362426 2.885677570389528
897 10764 8.147716331012923e-07 2.909203120042512 0.0018671327676706212 0.0018671327676706212 0.007896607510456063 0.012979285634554425 0.026843342678023838 0.07223910896763734 0.14214233971607426 0.19611783538770594 0.2803782757921073 0.3110998885941108 0.375142769594037 0.5168450299296974 0.5802805785183374 0.7087336419645716 0.830538744574319 0.9067433361434263 1.3526005720780365 1.6857681819035046 2.909203120042512
898 10776 8.626662181077412e-07 2.9235315811644518 0.0018641557925246808 0.0018641557925246808 0.007859666345656303 0.012952752344368748 0.026010188068930733 0.07159502444734944 0.1420405249032759 0.19844921243616404 0.2781613471977027 0.30975076240177324 0.3764499751727642 0.5163712754434538 0.5836421178983128 0.7060963245731193 0.8351129110703759 0.8943917998217454 1.37624672039572 1.6930175441998765 2.9235315811644518
899 10788 8.62005728312735e-07 2.983072528726899 0.0018686564999644691 0.0018686564999644691 0.007821490528021998 0.012768000119221438 0.025836896145958976 0.07164509334891657 0.1420614253831164 0.19932298043047583 0.27652452117138926 0.3104422140671181 0.3740023247728171 0.5187363189810767 0.5806210846887959 0.7004907611875885 0.8415844566630628 0.889299677970475 1.3766057343580413 1.7082145014403907 2.983072528726899
900 10800 8.393736529678456e-07 2.9883216690695895 0.0018661763514515111 0.0018661763514515111 0.007796458360819021 0.012714620360183964 0.025789310480706453 0.07191302372867966 0.14237885816581564 0.19915903473472227 0.2753363713156328 0.3097591933763178 0.3772520926203505 0.5211518353097525 0.5792159661823655 0.7032597041376693 0.826148438285406 0.890298676031088 1.3758286257277843 1.6921147514771462 2.9883216690695895
901 10812 7.893808128627709e-07 3.0054021381515668 0.001854409887820574 0.001854409887820574 0.007764492589149484 0.01274282341612287 0.025608916835459287 0.07145248462148655 0.14169035522653933 0.19805522572077083 0.2735118900629015 0.3114184912345375 0.37640335429823757 0.51590754524074 0.5845080809382643 0.6994520405429535 0.8231279371569274 0.8836900729713051 1.3825506602557143 1.7022698843062056 3.0054021381515668
902 10824 7.431823943494996e-07 3.009021825691198 0.0018531846923560663 0.0018531846923560663 0.007720615861950425 0.01263911943285622 0.025388329322176374 0.0710984899750943 0.14085026165837505 0.19874839234736183 0.2732903224466209 0.3092676621708616 0.3755360440057112 0.5191412347199481 0.5838754679974796 0.6973947938619113 0.8085513442384537 0.879373191501214 1.3848728507132098 1.7020926696068728 3.009021825691198
903 10836 7.404591300715939e-07 3.023647505031741 0.0018594091204594766 0.0018594091204594766 0.007627190853495426 0.012625172032270688 0.025221330694826783 0.07079849626523683 0.1400708126849301 0.1988031470252943 0.27168905031932067 0.3078792808307597 0.37609170496062794 0.5154434705244887 0.5833195832985806 0.6956073793077119 0.8119424065711117 0.866378097747945 1.3835944851912723 1.6768508376784854 3.023647505031741
904 10848 7.681949114485289e-07 3.033005614989811 0.0018350048851443893 0.0018350048851443893 0.007555499613046463 0.012463255864447933 0.02501983186873586 0.07099239595690172 0.1402000790401868 0.19663733965033064 0.2707231585958765 0.31096384797199916 0.3896449164955371 0.51407693995382 0.5835891036850543 0.6947917908870889 0.8155109202120359 0.858427280582101 1.3790647608663757 1.6633149597050365 3.033005614989811
905 10860 8.015798466160327e-07 3.130934493994495 0.0017951591446332905 0.0017951591446332905 0.007536842247929268 0.012427977570533147 0.025039358071807016 0.07086844984322886 0.14066735203893252 0.19604956068184684 0.27068626538349605 0.31078663487966424 0.389901379613602 0.5144655387342583 0.5814138175821061 0.6910506693351167 0.8241962417140826 0.8531891192485259 1.3690537358696757 1.6350724365619478 3.130934493994495
906 10872 7.903506468696725e-07 3.228688848611032 0.0017778213845128135 0.0017778213845128135 0.0074709452551913165 0.012531963491631121 0.02503149093251702 0.06974389824333795 0.14034287210080174 0.19446398004542526 0.2708104148584822 0.31156312621836185 0.3861665101708088 0.5115773599405521 0.5776037697416198 0.6892200897514161 0.8250406271379986 0.8513059483745661 1.3634561030567824 1.6404711193523414 3.228688848611032
907 10884 7.699517059933736e-07 3.28448532464565 0.0017631040975943986 0.0017631040975943986 0.007430342845092225 0.012496173019487846 0.02489769766760788 0.06989345363198221 0.13992095379243547 0.19311772828207036 0.27030973304677847 0.30916878681375154 0.38691651008359285 0.5109412097187831 0.5742441516137969 0.6858591424820878 0.8121858533152132 0.8451841583257743 1.3557271728497804 1.637294205645026 3.28448532464565
908 10896 7.578735883770982e-07 3.3455478456646697 0.0017382593996213994 0.0017382593996213994 0.007275535214639199 0.012441946799415217 0.024635184450973086 0.06960330760116236 0.1398421003400837 0.19271473929295246 0.2700492947936955 0.30717217224029497 0.3871792222067367 0.5072817460765815 0.5675565510702415 0.6840227131561283 0.8093634465746086 0.8490136759211592 1.3526009280559865 1.6446889470278743 3.3455478456646697
909 10908 7.713190920981247e-07 3.3798968670060185 0.0017120092493592778 0.0017120092493592778 0.007219813833866208 0.012395469125039579 0.024584068106356896 0.06956700698120097 0.140562288135714 0.1924020194469922 0.26897006153387193 0.3046996842492793 0.3883015378297835 0.503780079924838 0.5704588430926207 0.6772228123543612 0.8063170711139522 0.846248537837612 1.3420191989790526 1.648687550524735 3.3798968670060185
910 10920 7.938792411958889e-07 3.3898974737095706 0.001686613531513093 0.001686613531513093 0.007194116151376525 0.012321773218905836 0.024506349693216967 0.06872507851901193 0.14332629798306676 0.19325237329357084 0.2686969032151758 0.30343067514669275 0.38793590871708367 0.4982790893676657 0.5693865429785869 0.6753845825581914 0.8039268126852882 0.8494547607726087 1.338645173785876 1.6726312869842326 3.3898974737095706
911 10932 7.995083919780732e-07 3.420434625186207 0.0016939719378156893 0.0016939719378156893 0.007083702383453957 0.012278163644455211 0.024334765927072444 0.06842228199574185 0.14650776204678462 0.18894338464038543 0.2685503915467954 0.3021260628395021 0.3875902218831986 0.49933171387133574 0.5681750754499064 0.6736546718965613 0.8044751345263176 0.8450490507897611 1.370587428090355 1.6936462602021192 3.420434625186207
912 10944 7.879392400627988e-07 3.407154897987895 0.001690229577977021 0.001690229577977021 0.007047054861972152 0.01212591248620666 0.02440674047036702 0.06656664541842416 0.14860449340331716 0.18950494919519684 0.2680807345136365 0.29859914405248433 0.3889559554088377 0.5036760228710414 0.5644339418987941 0.6736074961610585 0.8030309136097753 0.8404783413703208 1.379571733132336 1.7075466968139306 3.407154897987895
913 10956 7.973347059985402e-07 3.384106393385698 0.0016726152952412543 0.0016726152952412543 0.0069105907923061325 0.012109858216891596 0.024352911887028386 0.0664659169534786 0.14919873998429656 0.18925437367486464 0.2673920755758202 0.2990058664097042 0.38909734498727777 0.5039948350238299 0.5648148628044196 0.6724277138828559 0.7948228357794365 0.8320266290731373 1.404526421826177 1.724766391468901 3.384106393385698
914 10968 7.496575492874841e-07 3.3621220339836655 0.0016667245051173202 0.0016667245051173202 0.006726893963572282 0.01202664559407185 0.024428453061791644 0.06616432174366563 0.15164897857499998 0.18947121650669138 0.26733194764365537 0.3026904641741941 0.3864641789328065 0.4994028700359255 0.5613687614836259 0.6747324498580662 0.8065633312167627 0.8364300765377981 1.4235082760558049 1.7188197225792372 3.3621220339836655
915 10980 7.000986844399092e-07 3.3354089539818936 0.0016637821193513037 0.0016637821193513037 0.0067171963462516965 0.011641605396959324 0.02439021391699596 0.06549438930400667 0.15154162830107715 0.19437295416188494 0.2643753341146036 0.3004543800799765 0.3841345372871862 0.49746559535492774 0.5670422457190707 0.6721316142096381 0.8096230231355025 0.833892381204872 1.4387939831773386 1.7425844974183164 3.3354089539818936
916 10992 6.69504078196453e-07 3.32251348794227 0.0016596877016195625 0.0016596877016195625 0.006688164776464336 0.011653928043363631 0.024180256471842694 0.0652764046201975 0.15119091259709772 0.19377016514639497 0.2632379087631937 0.3022688985493396 0.38105547594921096 0.4940438079050126 0.5666126420760131 0.6704191523501484 0.8074361505540306 0.8167024723852493 1.443216631339663 1.749138492969636 3.32251348794227
917 11004 6.394639266824501e-07 3.3306758347276304 0.0016375454556188751 0.0016375454556188751 0.006620258577413612 0.011649965589617473 0.024159922703429183 0.06549738064528828 0.1514469093875618 0.19490651852817642 0.2629673679702861 0.30218870670887676 0.37954341369107036 0.48995651643032906 0.5663394671375417 0.6675171463391808 0.8011953473006287 0.8146228739666028 1.4488295847013521 1.7430610988576924 3.3306758347276304
918 11016 6.471158155023709e-07 3.358575112246229 0.0016346784134939345 0.0016346784134939345 0.006631167587943904 0.011501857206619472 0.024203589702863935 0.06479345559661741 0.1504175641093763 0.19485120270055348 0.2615182933149796 0.29950477601319875 0.3815856573079907 0.4900701013388569 0.565651264393582 0.6731162880709276 0.7877129766983029 0.8128187969428509 1.4528291164255056 1.7443494138894753 3.358575112246229
919 11028 6.361873394200588e-07 3.3472104561303064 0.001633841659874107 0.001633841659874107 0.006555865778370364 0.011352399657640585 0.02398575688364704 0.06513966848512115 0.1497101599061146 0.19505868050128214 0.26301413572777144 0.29628445001258397 0.3855423422224068 0.49161290076273545 0.5674106760509806 0.6737662203968251 0.780345301066761 0.8287257515552571 1.4600723608710209 1.7894133346721866 3.3472104561303064
920 11040 6.148593933264258e-07 3.3715335271856453 0.001642540259497135 0.001642540259497135 0.006518144697208403 0.01129694027342804 0.02366060737879186 0.06460823240780958 0.1485391240636339 0.19552660939858166 0.25929436883023194 0.2952921187257173 0.3893802779220271 0.4920459198218118 0.5651943419521632 0.671219633380418 0.7762951224037636 0.8382138934997557 1.4555390770670629 1.7973842264109905 3.3715335271856453
921 11052 5.994394046804681e-07 3.342973454614286 0.0016359120757436013 0.0016359120757436013 0.006494818965570473 0.011222669717334 0.023419226729579495 0.0642428206664813 0.1482230072530923 0.19482879887976617 0.25880146101172097 0.2931765319067729 0.38916410932112844 0.491507575121216 0.5695167401131425 0.668348741231704 0.7725868143726409 0.8387086492909912 1.4527104847278909 1.7978892662575978 3.342973454614286
922 11064 5.788875563433067e-07 3.334159336123545 0.0016420810534716716 0.0016420810534716716 0.006414507700580981 0.011200780934098256 0.023397705950962605 0.06396333031944698 0.14722251243505302 0.19107880674911576 0.25853159505687456 0.29193279660775606 0.38530987065186956 0.4913830538112103 0.574753957310747 0.6738876798731872 0.7685602450131053 0.8352908496264453 1.4518308204119619 1.8132478790002715 3.334159336123545
923 11076 5.69602914255093e-07 3.358644033083068 0.0016405385778158691 0.0016405385778158691 0.006393905680445994 0.011143499732661223 0.023252928370457074 0.06405244623268072 0.1479777602532805 0.18935949721492734 0.25684802485268604 0.29296998866121937 0.386989979036107 0.48892968579925644 0.5730822270927544 0.6681214952022043 0.7636794414041507 0.8335975772243857 1.4510416222195879 1.8303193293794306 3.358644033083068
924 11088 5.773209216885447e-07 3.3999466861888363 0.0016333225509192965 0.0016333225509192965 0.006341900366564432 0.011115748863956118 0.023241025728730585 0.06399614348041748 0.14631068322407736 0.19002458482934528 0.25526744730070183 0.2919369879142527 0.3846069003451088 0.4848057518027861 0.5751001757605639 0.6667764692399768 0.7670533543738745 0.8306128008464634 1.4375778534670784 1.8350797050542569 3.3999466861888363
925 11100 6.095417951559672e-07 3.4719793211274563 0.0016230746658674384 0.0016230746658674384 0.006245866207577921 0.010995243054722145 0.022868412389183995 0.06358308699770511 0.14634207909646452 0.19051119670144467 0.2524506841990817 0.29208964644307267 0.3853814544333116 0.48288302727658855 0.5767186594655584 0.6655769199523245 0.7732643491762683 0.8280980073158282 1.445624171468558 1.8519822117164335 3.4719793211274563
926 11112 6.22731324694692e-07 3.617202433280473 0.001613737612670618 0.001613737612670618 0.006150263990777099 0.01098696640201696 0.023239968764005643 0.06349860258944477 0.14617792142399189 0.19025529471982294 0.250470788957327 0.29277145967587037 0.38144021141534207 0.4821051906241867 0.5791591443481596 0.6641381257322506 0.7693557098780228 0.8190573771096635 1.456242549881393 1.8519156892325712 3.617202433280473
927 11124 5.935810533780017e-07 3.710660924672502 0.0016009266790036156 0.0016009266790036156 0.0061371739562967615 0.010941809829466064 0.023168009589576294 0.06294528951030487 0.14662727108548138 0.18994021902682065 0.248993674033465 0.2915556994033056 0.37797900579260885 0.48175771584389016 0.5777619931764236 0.662487454644192 0.7704832705985513 0.8112131069867903 1.4633611164742208 1.8427811703656323 3.710660924672502
928 11136 5.985789597579904e-07 3.715588622510767 0.0015969813462994142 0.0015969813462994142 0.006117562723396573 0.010747909583831653 0.023140312239043875 0.06278838463065246 0.14584554404276584 0.1900679118883894 0.24613878238479428 0.28903746061866437 0.37763519953543306 0.47491290336783554 0.5788217061264929 0.6637925636235686 0.7671767985146549 0.817596539041788 1.4614968543176479 1.8466041841767782 3.715588622510767
929 11148 6.132249641156299e-07 3.7659831542573032 0.001619416843654955 0.001619416843654955 0.006069758911427483 0.010569959134869973 0.023026019436815412 0.06321667593605268 0.1443014439723579 0.1886005057350688 0.24639656015457273 0.2877585429304749 0.37702529011742664 0.47332417398227433 0.5845636981710524 0.6586715919914475 0.7625884496416936 0.8329255565008717 1.4622788931810482 1.8276460879273195 3.7659831542573032
930 11160 6.282231339402269e-07 3.8350541708342005 0.0016154967909608677 0.0016154967909608677 0.006031549710581189 0.010537776157105085 0.022920002716188485 0.06278537186293286 0.14291288515610437 0.18696059520077482 0.2465299934689188 0.2891209952543506 0.37453971709511374 0.47174029424011343 0.6052733598727744 0.6562338729277888 0.7557972972624617 0.8363653827387681 1.4396501389439165 1.8231800734800303 3.8350541708342005
931 11172 6.299838077671224e-07 3.9208984289140942 0.0016079232318149084 0.0016079232318149084 0.00593220241459874 0.010440449799760089 0.022748838005403962 0.06210066964784592 0.14243665069724187 0.1871202716570452 0.24640227249548363 0.29098005370469404 0.3735031701116234 0.4700744690208564 0.603205886609642 0.6546788021300866 0.7540411004472605 0.8392764166293399 1.4438855685315553 1.8304828818951246 3.9208984289140942
932 11184 6.49160584180274e-07 3.9304884526258737 0.0016105729016160251 0.0016105729016160251 0.005961333912980553 0.010431413524600494 0.022771151433348954 0.06251793688710201 0.14176286095983898 0.18831076018503345 0.24404735796367732 0.29050129065464686 0.3713877921673931 0.46691424806660725 0.6000586850219881 0.6467655661444643 0.7459476097215321 0.8474930319968849 1.4466231971420396 1.829850599429415 3.9304884526258737
933 11196 6.73576815337249e-07 4.032837305367164 0.001607985055009511 0.001607985055009511 0.0058886478360614825 0.010199593963063544 0.022651325141529816 0.06237533527948324 0.14154301333522704 0.1873033462309401 0.24267750054208637 0.2907170664310783 0.37215363850406163 0.46497935431241405 0.5988483725108262 0.6447527457995116 0.7430533655433705 0.8510255691836499 1.4754883322901002 1.853525689995402 4.032837305367164
934 11208 6.936480490215636e-07 4.055278827053342 0.001609865059713302 0.001609865059713302 0.005839270701140508 0.010160309728262592 0.022935765256603784 0.06252358486706719 0.14059805542593132 0.1872480067827132 0.24204745160481894 0.29397875623215053 0.3703056495187601 0.4703411472742466 0.5975631512794803 0.6436573964703292 0.7419836164698621 0.8485659618323146 1.4802607180520753 1.8357003073011529 4.055278827053342
935 11220 7.423454757048808e-07 4.098212844131606 0.0016095409039210474 0.0016095409039210474 0.00579382958377138 0.010095768746588076 0.0228503455080897 0.06284846215081714 0.14068260433670712 0.187406913835918 0.23946014688681652 0.29054255769164894 0.3713519579079061 0.4679349448002779 0.5999947901256337 0.6477889589394218 0.7328990082921495 0.8445743504013771 1.5177456350944365 1.8277094325076477 4.098212844131606
936 11232 7.517199985952298e-07 4.171561178566677 0.0016024909163564242 0.0016024909163564242 0.00575021482505554 0.01009404708342326 0.022479067998091188 0.06266792275877404 0.13918247945203016 0.18730535639001752 0.2439357026992922 0.2922687285436231 0.36991338807121005 0.4670120443335682 0.5959636426040967 0.6476606636192642 0.7310071920675619 0.8452291151862618 1.5512909241939892 1.8336902868848954 4.171561178566677
937 11244 7.669210086079699e-07 4.229062512440478 0.001592462902862421 0.001592462902862421 0.00566147015313445 0.01007579370594322 0.022234591010653223 0.06275420955414444 0.13813140479135871 0.1861486050350663 0.24414420794362438 0.294062670807945 0.3701932750224807 0.4632542650347928 0.5988858891865161 0.6444189710055952 0.7298717510875945 0.8506691041545721 1.560801265893455 1.842181057318823 4.229062512440478
938 11256 7.916708122792286e-07 4.31507255358218 0.0015808312762520776 0.0015808312762520776 0.005543394781417897 0.010070769376212655 0.0222283921949547 0.0628271564658616 0.13892376982397134 0.1844176511296858 0.24272094258284482 0.2954012751225671 0.3647854881494835 0.4636076864343447 0.601816946259954 0.6534519082256601 0.7212587941502887 0.8488939581764868 1.5681532922868533 1.8233716616109132 4.31507255358218
939 11268 7.742360518628537e-07 4.285037647692151 0.0015675335545271944 0.0015675335545271944 0.005551511613569319 0.010054612313680752 0.022309135645272347 0.06282400667472851 0.1393885147580962 0.18385204738972574 0.24564547860035824 0.2944325780621268 0.36136254228838127 0.4651156677815464 0.6062039561740367 0.6720094799892312 0.7205873456114316 0.8484514048302362 1.5572667831877742 1.8182945222301903 4.285037647692151
940 11280 7.551088256758661e-07 4.318589800934233 0.0015784975325765518 0.0015784975325765518 0.0055429700567111665 0.010007399751810248 0.02194316795718249 0.06269823876820642 0.1391299883111856 0.18211248587366244 0.2446125707599401 0.2909411819725325 0.36103807387167325 0.4639369194360151 0.6034824828184717 0.6822539342077572 0.7212866350757334 0.8452326752821379 1.5445597342441728 1.825047221922045 4.318589800934233
941 11292 7.594899649261272e-07 4.3162346503641515 0.001577525597410479 0.001577525597410479 0.0055371039867782015 0.010018280759831067 0.02145798683034914 0.06254564899937771 0.1387210229093603 0.18251199446332791 0.2438066563043771 0.28726997399683557 0.3591679017971084 0.4628640020420189 0.6010244826747552 0.6822413966419972 0.7232401832072336 0.8482232509898927 1.5517930402368496 1.8503492951464506 4.3162346503641515
942 11304 7.627270775842943e-07 4.394675733001854 0.0015710089451465058 0.0015710089451465058 0.005523373801702848 0.009879067121420072 0.02137133775590657 0.06274135579865858 0.1398895773002357 0.1827871965107251 0.2443338572315354 0.28432554690684864 0.35794693723870197 0.46238555101247264 0.6060840270955579 0.6855029932076712 0.7229609547906086 0.8358421790428834 1.5228444879535696 1.8685875671110155 4.394675733001854
943 11316 7.804626900000328e-07 4.367783057605382 0.0015562513655898267 0.0015562513655898267 0.005509649513176524 0.00985647260053801 0.021072541666781047 0.0623885659839259 0.1409768412025551 0.18414007706589894 0.24610557564202074 0.2861686625300612 0.35506043506697865 0.4623736594579445 0.6041155743582913 0.6820388000438681 0.7179311957110956 0.8389456411791497 1.5301061349528313 1.8737590759408336 4.367783057605382
944 11328 7.777741304313024e-07 4.386302172189612 0.001531016576671418 0.001531016576671418 0.0055109692559993494 0.00984286585385948 0.021084838007641698 0.062153701915073134 0.1401535272886597 0.18456244689889356 0.24522587814829927 0.2858981942640412 0.35170578111153333 0.46290246572066324 0.6057208845516392 0.6866712184489487 0.7356344884299018 0.8400904597992825 1.5235414151021205 1.881564297926551 4.386302172189612
945 11340 7.934385230211838e-07 4.393268963440475 0.0015243101064990685 0.0015243101064990685 0.005462060043452915 0.009860233094561235 0.020772161934626367 0.061757774909199606 0.14054451961085507 0.1850590513804174 0.24509772421835793 0.2833648495857258 0.34912542561972904 0.46148510389750336 0.6040449916982908 0.6895202099639602 0.7268687724501939 0.8416534910836416 1.5245502362348575 1.9445380903679397 4.393268963440475
946 11352 8.099892174116269e-07 4.376766015182345 0.001509088459626197 0.001509088459626197 0.005439719763309378 0.00977476963229179 0.02056258515488358 0.06106295502036082 0.1392112388471702 0.1849148176062789 0.2448913193248296 0.2813335593164799 0.346698177545836 0.4586877979774229 0.6052209200014796 0.7004691064984371 0.7284442856166492 0.8465079931446412 1.540466054710537 1.974567507554691 4.376766015182345
947 11364 8.168746406536394e-07 4.438304238736296 0.0015189681246340853 0.0015189681246340853 0.005404423187853135 0.009776557518648876 0.020615462457373307 0.06103703324676374 0.13892980353208745 0.1832918239734518 0.24781845053223717 0.2798979091624722 0.3474174403605537 0.4564561683754477 0.6036168126839202 0.70998398038896 0.73264715331313 0.8464033695712815 1.5363027267029012 1.966453800510545 4.438304238736296
948 11376 8.065624444299778e-07 4.410973886122531 0.001512975991998405 0.001512975991998405 0.005388483465475425 0.009831479570740011 0.020390350544034524 0.0605273086519094 0.13828773032524677 0.18347210397969546 0.24597417117547912 0.2785781376365849 0.34698773413021283 0.45324500953322 0.6044482705309957 0.7177680711779654 0.7267822179792452 0.8483726052735325 1.5388315772347636 1.9867458924793104 4.410973886122531
949 11388 7.936951439165102e-07 4.495338294036485 0.0015127529197323266 0.0015127529197323266 0.005360923655869758 0.009843051863075566 0.020283589968256886 0.06029027095875209 0.13732061968213455 0.18255703421148456 0.24451442610985477 0.2774698781083964 0.34611575279835344 0.44946388546505595 0.6018601362556996 0.7118489272176225 0.722613403239066 0.846154492210655 1.5333272788722867 1.9915967076366297 4.495338294036485
950 11400 7.682399710601403e-07 4.527332053520012 0.0015098483839694843 0.0015098483839694843 0.005347049461837091 0.009872319037753681 0.02021932437273931 0.05923012338601993 0.13509293956509522 0.1803667303204049 0.2443675083588732 0.2758654992426559 0.3476028584506051 0.44628057242053226 0.6015070602824228 0.7099399267268949 0.7238248759589978 0.8576073435924091 1.5378455842956127 2.0119102796702886 4.527332053520012
951 11412 7.781194420942308e-07 4.542699786131324 0.001481033921882675 0.001481033921882675 0.005360024016088902 0.009882383018810748 0.020198384559183005 0.05899984574635954 0.13518244972237511 0.17906589570843706 0.2448843373123956 0.2749315949337965 0.3438093294459765 0.44603993798775526 0.6016228575282013 0.708089533003739 0.7150968475005658 0.8606728131695891 1.5410477737319905 2.0115862344388984 4.542699786131324
952 11424 7.804493835171554e-07 4.554512689361046 0.0014763579844495698 0.0014763579844495698 0.005387060428312684 0.009857427312923613 0.02010892527530286 0.05856226282750813 0.13517855674070534 0.17870768356847996 0.2452530896681366 0.2724864835946611 0.34461900833856557 0.44109121391427536 0.6022394200499146 0.7032420865561176 0.7202263815494273 0.8672737929125435 1.5395965841529726 2.0138841128447553 4.554512689361046
953 11436 7.674556312243855e-07 4.599447211261958 0.0014663385365583088 0.0014663385365583088 0.005391327406549158 0.009777693331107885 0.020006564295958866 0.058575905153816124 0.13479290424848056 0.1779740994147096 0.24515217513536156 0.27133595226689494 0.352148624601629 0.43688029027387043 0.600863649451486 0.7005237798020814 0.711252267741399 0.868793468190063 1.5458334711053443 2.0253515599837333 4.599447211261958
954 11448 7.612913042059613e-07 4.641047112213816 0.0014639996568664448 0.0014639996568664448 0.00535892725513284 0.009775513598995096 0.01994363758170256 0.059024236277752586 0.1376394190931406 0.17851995732021927 0.24344694811025908 0.26754141232327744 0.35582450956736467 0.4305949640788991 0.5980132710099482 0.6997796349715389 0.7123576605580617 0.8624426443217669 1.5445111372063693 2.007402035163805 4.641047112213816
955 11460 7.774998613219415e-07 4.681773802444062 0.0014660583163225898 0.0014660583163225898 0.005346212765364236 0.00975890179944764 0.01976366675391578 0.05864146368465855 0.13727240386683798 0.17757976072454545 0.23945962126970022 0.2672386738434251 0.35927676057947905 0.4303796711666101 0.5957651733733524 0.6924277917760171 0.7139778181699189 0.8603500852637826 1.546481192805289 2.01090716990926 4.681773802444062
956 11472 8.056548120473819e-07 4.783293708926979 0.0014378759484101706 0.0014378759484101706 0.005382416130049337 0.009732755058870104 0.019687133500243568 0.05889167512553836 0.13685857026656828 0.1772276744838017 0.23957202971862468 0.26641956596224775 0.35836546114547385 0.4304755748184574 0.5867639119696267 0.6966560454752135 0.7142102511728168 0.8614638656735186 1.5441143338145817 2.017860896275932 4.783293708926979
957 11484 8.443323994286586e-07 5.002919138766725 0.00142159024419986 0.00142159024419986 0.005346204785934671 0.009660607905600468 0.019669711784308697 0.058295072403712005 0.13726539579424518 0.17577835584849374 0.23902861916024837 0.265946020833745 0.35970707715790184 0.42986842534143116 0.5915154475480391 0.6926625835871694 0.718808745047516 0.8647990722578871 1.5218672755490468 2.0160671902328997 5.002919138766725
958 11496 8.619167988822782e-07 5.052813086837229 0.0014171913592593015 0.0014171913592593015 0.005258031596673987 0.009663144713096424 0.019589599395982333 0.05821171818648173 0.13589019150999113 0.17782678749883932 0.23738253732934567 0.2660453973899548 0.3694320518147972 0.43573789449984324 0.596667115016071 0.6887232105485834 0.7101472447947569 0.8711334649458278 1.5294930619657594 2.0262081723991505 5.052813086837229
959 11508 8.93138757517287e-07 5.0968564191155075 0.0014180660974437828 0.0014180660974437828 0.005171012616351802 0.00966531632694032 0.019325196062896326 0.05819058063259576 0.13453035103907557 0.17865313110632253 0.23729659946070084 0.2686169907386077 0.37049221702613255 0.4301122268541694 0.5955076538884968 0.6884003857574607 0.7111484281908008 0.8714021536514887 1.5268602090041814 2.0363523265364383 5.0968564191155075
960 11520 9.622153779294214e-07 5.191374810305019 0.0014208825702052674 0.0014208825702052674 0.0051531754764756015 0.009624957862577553 0.01919409135444636 0.05814465950895868 0.13267155762449312 0.17915095944734477 0.2379863735859158 0.2677390891101993 0.3718662272165319 0.43110818905599585 0.5888600191105811 0.6803221482227549 0.7136282924697616 0.8784054949281804 1.5220890479930544 2.0430666246171114 5.191374810305019
961 11532 1.0262525242381054e-06 5.299206968682903 0.0014080222684147658 0.0014080222684147658 0.0051669845602374045 0.009597293838280056 0.01919186955617076 0.05805687837445334 0.13230203709459767 0.17900441032636322 0.23636371723432792 0.26648826530804465 0.3808874993424304 0.4308010847428961 0.5785056003263518 0.6861937139431682 0.713771492562455 0.8851016823070413 1.5267322731616975 2.0373195062971248 5.299206968682903
962 11544 1.085328484467303e-06 5.483865534102663 0.001384303205673632 0.001384303205673632 0.005131425116409987 0.009538399676375037 0.01924916849029196 0.05803684536736942 0.131914293955477 0.17804449835414848 0.23289172931416158 0.26560403393032495 0.3832787682120989 0.4359335165667013 0.5886423383238164 0.6871489867652263 0.7127563025610851 0.890390319223775 1.4914002688617902 2.0438893373976526 5.483865534102663
963 11556 1.1602341373984671e-06 5.630654476442123 0.0013764761279996716 0.0013764761279996716 0.005005571069294817 0.00959516382539215 0.0193343338736289 0.05765451118897614 0.13180141660595743 0.17687109884467267 0.23265191620579426 0.2662048298246918 0.38447658124127077 0.4332832150965405 0.5851498608964736 0.7008340682792789 0.7095773444410126 0.8901413861161803 1.491189221035006 2.023513814425697 5.630654476442123
964 11568 1.200552572364391e-06 5.7273754146023235 0.0013810828658022735 0.0013810828658022735 0.004996455813860292 0.00956201053597149 0.01939884477716601 0.0569156268102998 0.1320138770119647 0.176293049401823 0.23246077255311628 0.2607161114447819 0.3853762705301458 0.4343896470491726 0.5824818872956842 0.7019997526192777 0.7124032084641686 0.8874612663484617 1.5000983349275434 2.0060716651736565 5.7273754146023235
965 11580 1.2360132529330198e-06 5.9211588053211255 0.0013809530970879194 0.0013809530970879194 0.004963477581797478 0.009530882686957476 0.019340089408866494 0.05685504322169332 0.13181868822717685 0.1772490263033688 0.2303289132951734 0.25653967109861403 0.3840570798369662 0.4299780004693175 0.5865658142688708 0.6996714669536523 0.7091003125849895 0.8890222375617118 1.5087783534491193 1.9918826966521086 5.9211588053211255
966 11592 1.3133476566537916e-06 6.0345123284706075 0.0013662823624799212 0.0013662823624799212 0.004956426796794037 0.00938230134592681 0.019266784081241956 0.057019812897199436 0.1313108148574136 0.1754411435319318 0.2298266845601034 0.25627087503123086 0.3837122364242167 0.42856167202727197 0.582464125096063 0.7025554226818141 0.7157535506907993 0.8889866576581059 1.5064001021323108 1.9808460613015488 6.0345123284706075
967 11604 1.4397266989803488e-06 6.202585861947976 0.0013565500150934013 0.0013565500150934013 0.004920089672561856 0.009352265389144701 0.019275808741111837 0.056271505795069614 0.12849353755387674 0.1755791946912475 0.2286894187341032 0.256285302384038 0.38196639992647485 0.42952452215722636 0.5882815647167517 0.6997631757994215 0.7315357306635444 0.8879736310048695 1.5246017173747652 1.9690268954139631 6.202585861947976
968 11616 1.490636227912097e-06 6.6382547755258665 0.0013423104923896668 0.0013423104923896668 0.004892668081431508 0.009259535327840504 0.019236228188254746 0.05645037242667807 0.12836380986839785 0.17632420651167183 0.2313101297254426 0.25595667322711263 0.37976457767406757 0.4293176789622223 0.5807281906732197 0.6940280973547003 0.7363196499992426 0.887143533515469 1.539466986057494 1.9583305815870384 6.6382547755258665
969 11628 1.5260558407147704e-06 6.820028506719388 0.001334976400295361 0.001334976400295361 0.004954455639676952 0.009183718408634734 0.018982599378167646 0.05634442155629357 0.12671664175140304 0.17644831887397755 0.2312475737313202 0.25999976690359267 0.37918143284250727 0.4305165730224617 0.5772300141971572 0.6940108172167821 0.7428892924197578 0.8814564076569265 1.5349186387823472 1.967308310544957 6.820028506719388
970 11640 1.6174803576646155e-06 6.922973769321675 0.001317645606490438 0.001317645606490438 0.004966223200160622 0.00900152526138802 0.018907858461413355 0.056173997475527225 0.12668047261752105 0.17722989285064614 0.23057662426051465 0.25983883859206436 0.37794993365062507 0.4330513457716853 0.5758533508973775 0.7035001346910715 0.7495908815848916 0.8776905392551141 1.5427654325360995 1.971733012777933 6.922973769321675
971 11652 1.671322745915714e-06 7.158261551081889 0.0013140851278832953 0.0013140851278832953 0.004965475354360092 0.008971101503131554 0.018708690113953687 0.055509859267351705 0.1253869615567271 0.1771505633392472 0.23157854923606144 0.25997383983144084 0.3808434864754921 0.44003403108335687 0.5738081729649389 0.6997527824849165 0.7610647483176219 0.8684209402823015 1.5427656669119676 1.9682633781270542 7.158261551081889
972 11664 1.7951493491542334e-06 7.298870332353431 0.0013168583018886057 0.0013168583018886057 0.004941616151702974 0.008868162725129794 0.018605688968174078 0.055477744943039045 0.12410211420025714 0.1771782710310862 0.23112593974043463 0.2615128334072961 0.37837470006019724 0.436558974443521 0.5739642513206614 0.6911024694282487 0.7631177253325648 0.8746723173018556 1.5423566730420992 1.9819679426398704 7.298870332353431
973 11676 1.974551913181247e-06 7.6303170716149955 0.0013175699394879924 0.0013175699394879924 0.0048684551539992125 0.008867726591417092 0.018269535190626105 0.054718047968112846 0.12396816071614866 0.17711333343457888 0.2304384343035341 0.2622640396889652 0.37771142533671187 0.43804680063295265 0.5724614664225683 0.692183400290651 0.7636933038113135 0.8781239848962171 1.5469451003901464 1.9670306284377206 7.6303170716149955
974 11688 2.1554059973172674e-06 7.905895231868693 0.0013175768021726501 0.0013175768021726501 0.004846557115286728 0.008950717070495022 0.01816745617891832 0.0535926484482082 0.12312725499655047 0.1767249905402646 0.22730008705679014 0.2593334057713119 0.37480810450451896 0.43704528647762636 0.5764919660602951 0.6903753020781526 0.7662339046879068 0.9039038191147432 1.544722025215925 1.9853533294012067 7.905895231868693
975 11700 2.272993688505641e-06 8.214919695607986 0.0013117446841281427 0.0013117446841281427 0.004831867541781432 0.008946364243775798 0.018151875077488996 0.05320299564969347 0.12229066473010913 0.176510344931064 0.2254217788436359 0.25694657740861526 0.3753662871619198 0.4372316550925606 0.5784840377924955 0.6911293651794119 0.7609860136922222 0.9058979587425883 1.5427340526697713 1.9958291216714772 8.214919695607986
976 11712 2.320326817932452e-06 8.345137505575575 0.001303085017373166 0.001303085017373166 0.004715725772810213 0.00899296648985584 0.018000601037755123 0.05330565137341803 0.12163609552937366 0.17598388629943973 0.22556791841370705 0.2563590600331246 0.3747670312236197 0.4379401443639588 0.576354934615869 0.6850853680822054 0.7621399925255553 0.911659855423736 1.5466411710685306 1.9981381780350576 8.345137505575575
977 11724 2.3946888800029752e-06 8.483535187899674 0.001292622687452942 0.001292622687452942 0.0046511853453267095 0.008836638524848263 0.018078953917472523 0.05301443664557954 0.12108526119946865 0.1781503840772514 0.22660980385441534 0.2565780994707378 0.37313889976966497 0.440034400877721 0.5768697132188526 0.6813740480596155 0.7629290380787599 0.9097846311312499 1.5532874925639935 1.9879911222034292 8.483535187899674
978 11736 2.386485201047918e-06 8.60030524019693 0.0012867561105496187 0.0012867561105496187 0.004644114139286881 0.008755092021823991 0.01789061640480456 0.05282210548661193 0.12045712227529505 0.17798246617024907 0.22568811539673544 0.2557197187132546 0.36782771958988403 0.44393390429808505 0.5820369430437226 0.6796543325778444 0.7641135617149322 0.9021300729415037 1.5595498696881664 1.990473323907415 8.60030524019693
979 11748 2.4349081558283303e-06 8.679409669907653 0.0012721948211837203 0.0012721948211837203 0.004537905033441379 0.008744519127274898 0.018078449853944425 0.052913417729598976 0.11954644640437063 0.17570546172453214 0.22376408678272083 0.2559549757397894 0.366676372585854 0.44432524319417155 0.5883102421136014 0.6800938654981741 0.7666189771216755 0.910904906687338 1.5569441509223427 2.011660379936173 8.679409669907653
980 11760 2.593113712209255e-06 8.711900345291028 0.0012658681715015285 0.0012658681715015285 0.004495261635410999 0.008777987291055587 0.01803240754748377 0.05294754563176271 0.11841462562718602 0.17545491109518935 0.22425235986178343 0.25533036015337524 0.36792597294993445 0.44332399306771525 0.584366166350802 0.6828762434262068 0.7665642263201609 0.9073373446121837 1.5523431884420673 2.0151406837689816 8.711900345291028
981 11772 2.7022278839251075e-06 8.976575513579384 0.0012705740525556228 0.0012705740525556228 0.004475742323652356 0.008702332726549787 0.017913691924993636 0.05302116634072412 0.11765708168749796 0.17348461688223588 0.22208130137010174 0.25605475502064795 0.3636791552767249 0.4431015898594779 0.582918088174343 0.6849041468072539 0.7873878812560047 0.9079965902299384 1.5526410936755415 2.0083078239009464 8.976575513579384
982 11784 2.9866228603345215e-06 9.2266170230012 0.001255777172980266 0.001255777172980266 0.004485014397133544 0.008640732689891555 0.01749170465011695 0.05265271491559412 0.11768475997137368 0.1733339314466971 0.22166679408198203 0.2568585255144007 0.3615120501264283 0.440749712400957 0.5806983907909624 0.6782096561479625 0.7879168362096957 0.9163172224566141 1.5502405979407083 2.0329227991997714 9.2266170230012
983 11796 3.2965706693246577e-06 9.53344867134537 0.0012436249803282659 0.0012436249803282659 0.0044624588555373795 0.00863931912262657 0.017631765856090133 0.052493001972798194 0.1173018955439015 0.17289112381178415 0.22144561613430622 0.25550881377579815 0.3600739564937938 0.4382597635296856 0.5806939300389711 0.6702329832846379 0.7875320273617938 0.9372887879747724 1.5445533707993009 2.036874130205357 9.53344867134537
984 11808 3.5186439674221947e-06 9.602798293197557 0.0012486690575913748 0.0012486690575913748 0.004390483869610641 0.0086151036932735 0.01764426114850613 0.052234403211484516 0.11651080582821959 0.17343744368477249 0.21772300397485161 0.25564861281465473 0.35894677677496206 0.43610255718916824 0.5813666559983542 0.6712128191624226 0.7834511555286907 0.9426859350274355 1.5414302742370862 2.0486021983942004 9.602798293197557
985 11820 3.7584349102200593e-06 9.662641951341076 0.0012495243294476058 0.0012495243294476058 0.0043658196209391915 0.008582455659882837 0.01759236992121925 0.05207961016588556 0.11602621660548686 0.17358836994944324 0.2151642900580315 0.25354248595777545 0.35705578520774467 0.43315016746452323 0.5786666338154601 0.6677546006507445 0.7811912712780361 0.9542596153107914 1.5337086365924617 2.0529095897155525 9.662641951341076
986 11832 4.041113547986676e-06 9.83825552129275 0.001242060281548658 0.001242060281548658 0.004335470532839629 0.008574117323290305 0.017581756225582095 0.05208099091836629 0.11621257066391324 0.17680765464694317 0.2152586927730635 0.2527025623855175 0.34692933494669964 0.4425200336874251 0.5829046600352479 0.6697925090297858 0.7734810238117226 0.957844048691926 1.530528884384987 2.066824624544483 9.83825552129275
987 11844 4.256266664505026e-06 10.11476882478623 0.0012429716035016883 0.0012429716035016883 0.0043296225122516074 0.008575452864322519 0.017580296096927277 0.05182540791296835 0.11635183392331831 0.17588891129291906 0.2151299909177197 0.2535244891450091 0.3478879389190579 0.43539629829519877 0.5705535046438777 0.6736815676659059 0.7775015053365568 0.9612020244905811 1.5298505872490877 2.0746431802923313 10.11476882478623
988 11856 4.425165689218254e-06 10.361598649754802 0.0012376912521972682 0.0012376912521972682 0.004319612953020941 0.008589811106224825 0.01728419020485457 0.051697633124188805 0.11668887559525212 0.17331760195530274 0.21624319133177888 0.2532818178110519 0.346481253031296 0.4372097547382907 0.5717514173304417 0.6682066281857594 0.7776654053534406 0.9696448658176997 1.532578240988455 2.0626995495713842 10.361598649754802
989 11868 4.623804344621078e-06 10.548051759073829 0.0012442515853699286 0.0012442515853699286 0.004274598713737913 0.008450913440537946 0.017304341873580147 0.05157271466310144 0.11668596044324167 0.173559343271442 0.21838810796430086 0.25312134989777774 0.3479340433968888 0.43639102169223254 0.5687114153578468 0.6606076071438053 0.7747423813667154 0.9659530480082148 1.533060067931039 2.063781190832625 10.548051759073829
990 11880 5.009436074647704e-06 10.889480775127586 0.0012437821478806415 0.0012437821478806415 0.004265872345279615 0.008259979530961699 0.01713801305309699 0.05138386287412471 0.11629700211211516 0.17362417206249392 0.21668100652792824 0.2536703716104046 0.3474429017556076 0.4342622627122799 0.5676634870582968 0.6596646692979091 0.7779802253748015 0.9668848709093192 1.5194152002596695 2.062435349419475 10.889480775127586
991 11892 5.432447657794811e-06 11.381136172650445 0.001227852426283635 0.001227852426283635 0.004241393834360846 0.008228517001463301 0.0170146452873911 0.05137450143628796 0.11531654493236787 0.17116465679233356 0.2172534220256665 0.25362883961312166 0.3423483545038165 0.43182790833317275 0.5730869587091711 0.6630384643328485 0.7969722708272776 0.9736129652994342 1.5407466141863082 2.06844169376791 11.381136172650445
992 11904 5.697056788753242e-06 11.71441010550907 0.001228513493558663 0.001228513493558663 0.0042639477395767615 0.00815479454696474 0.01687325002117704 0.050809823461522845 0.11534640793469757 0.1708348560282212 0.2167314367948647 0.25150664292473907 0.34227156124453567 0.4328928908968353 0.5824234848038683 0.6566742630190839 0.8003883922636456 0.9723398120671798 1.552436233333554 2.068033975124208 11.71441010550907
993 11916 6.146416207192665e-06 12.156222507202335 0.001221934065146407 0.001221934065146407 0.004129867996831175 0.008178278091608515 0.01670639038568546 0.05076876151519576 0.11568987060374628 0.1710671309792685 0.21676740865368258 0.25144570579441533 0.34505619304368246 0.4321017342155874 0.5855011110451009 0.6561242631197481 0.8002256553727135 0.9639047756569085 1.5549863173329719 2.0802442137524095 12.156222507202335
994 11928 6.593292540583218e-06 12.777084566646264 0.0012088093496182963 0.0012088093496182963 0.004105268690928901 0.008125466714826165 0.016607363914535555 0.05080825277124084 0.11636479350432274 0.17229641504178667 0.21619158331814603 0.25059783777835226 0.3449346283356827 0.4321712324305419 0.5843173883792604 0.6565997763373682 0.7974751579410908 0.9631637890071931 1.5486268060771151 2.0471884096891326 12.777084566646264
995 11940 7.333340672219531e-06 13.2092071190291 0.0012060693678893795 0.0012060693678893795 0.004024647230659558 0.008111669576650922 0.01675369369373976 0.05058550130753602 0.1165671670304287 0.17251554424900786 0.21684254702418695 0.2514512496218199 0.34272238435868574 0.4288316503704599 0.5805262582439819 0.6518658526560681 0.7942203622230001 0.9538199773226048 1.5626366069818767 2.04218642089412 13.2092071190291
996 11952 8.462434360654063e-06 13.436601028256877 0.0011962277582423708 0.0011962277582423708 0.004018843978879032 0.008040983522641878 0.016719138472913075 0.05067875494788691 0.11657145649397613 0.17516638265778553 0.21757858258945706 0.2518190635233772 0.3409645953845962 0.42232683661908005 0.5802867610266847 0.6462038238941182 0.7970326019111317 0.9551621342276579 1.5791779886982562 2.0436664430805216 13.436601028256877
997 11964 9.75738868445404e-06 13.662934992582793 0.001187289756323644 0.001187289756323644 0.004002223428602552 0.008053866417764724 0.016693215842322248 0.050335135455248654 0.11653796265113874 0.17525524457727892 0.21819282427315878 0.2496492928925376 0.3393956466222676 0.4209695211332705 0.5842997520851376 0.6491055977684071 0.793962255121089 0.9495082019283543 1.5699113116936634 2.0345480441386847 13.662934992582793
998 11976 1.138637447510536e-05 13.77590899846758 0.0011760933097846515 0.0011760933097846515 0.004053543402115709 0.007976570153784595 0.016612880668174963 0.050419438758619484 0.11644445484338586 0.17541465309632565 0.21685035872793235 0.2504642160408777 0.3392232175938887 0.4193956196309552 0.5847877793597572 0.643612473469957 0.7791751008737077 0.9473595082492144 1.5669589619294786 2.038924861516742 13.77590899846758
999 11988 1.2730338470456349e-05 13.824213705581275 0.0011782848682169644 0.0011782848682169644 0.004039990529606447 0.007879680521413704 0.016519774890851078 0.04985068994518351 0.11727213727548744 0.17286460259887174 0.21774089943926261 0.2524113424351752 0.33805430551896914 0.41724724009482256 0.5875129388753491 0.6463266208478985 0.780433446926994 0.9591873102390777 1.5661829074049736 2.03708798644556 13.824213705581275
1000 12000 1.400206539093103e-05 13.942871252495415 0.0011653818598240289 0.0011653818598240289 0.004008043961946032 0.007856106546625238 0.01647740268733959 0.04915833227376293 0.11658581954455305 0.17102260222158927 0.21708903926206602 0.2518884782134059 0.3358180900775941 0.4187974851282442 0.5897387352066638 0.6447379282445874 0.7778110220471419 0.952847222386343 1.559090365862844 2.0341501641461037 13.942871252495415
1001 12012 1.5005458573392957e-05 14.041051940815224 0.0011598704952219205 0.0011598704952219205 0.003970615398575089 0.0077540883829676 0.016555731140450884 0.0487433708732042 0.11453261237352123 0.17138543591277738 0.21445165063548724 0.251634678148955 0.3406954379883893 0.41967469221079823 0.5844593556337266 0.6431126636772229 0.78249869665636 0.9567341434685008 1.5576410964596716 2.028539988660399 14.041051940815224
1002 12024 1.676480794497426e-05 14.040156254489576 0.001177048446015631 0.001177048446015631 0.003966374398137768 0.007633978531159975 0.01656492230098398 0.048469610617092714 0.11339963001966542 0.17038244245137826 0.2139318122240859 0.2530195559250558 0.34043910980268083 0.4257922002432965 0.587538934835915 0.636937817623659 0.7739920208730042 0.9581017641349293 1.5484902780116137 2.02551507528928 14.040156254489576
1003 12036 1.86706587722226e-05 14.331640142322165 0.0011781063808221006 0.0011781063808221006 0.003948716142663333 0.0076055044132661105 0.016550703343977523 0.048342477153533146 0.11271148434451288 0.17017775989347042 0.21456645266717433 0.2530992271331934 0.34001911492787584 0.43618268337693905 0.5867529107065159 0.6339274139045599 0.7673605474614362 0.9532633430493719 1.5454005599955156 2.040245049422228 14.331640142322165
1004 12048 2.103196613736812e-05 14.369612220257656 0.001184331844930978 0.001184331844930978 0.003917342525248319 0.0075821038922148695 0.01654682018667399 0.04808796460065569 0.11259513702474484 0.1687298789095476 0.21379007450701432 0.25368035260273447 0.3404447673146626 0.4380346005363513 0.5840256682369996 0.6363376180902718 0.7679378900625623 0.9525030048490897 1.5321122415812491 2.048710459579031 14.369612220257656
1005 12060 2.247754574617618e-05 14.505368231664834 0.0011890859219608936 0.0011890859219608936 0.003946326521543474 0.007541713419527347 0.01646300423389139 0.047699431170034744 0.1123567668270442 0.16705505108339755 0.21192348556663182 0.2542853551313043 0.3461418982570812 0.43876704285724827 0.5747781616579279 0.6342988717747545 0.7694048418926792 0.9485044300024849 1.5298634240539706 2.0468224826424377 14.505368231664834
1006 12072 2.3282963034365803e-05 14.499904858427172 0.0011745258046061437 0.0011745258046061437 0.0039038613855658273 0.007483029576555232 0.016371200294595906 0.04734616321461492 0.11280099444740374 0.16602247858657113 0.21048581902151325 0.2541776619514465 0.3424653615614479 0.441734656803067 0.5861736550077727 0.6355393064920726 0.7653575218995181 0.9544586794345813 1.5311792264938822 2.0144703618705435 14.499904858427172
1007 12084 2.3696399193771465e-05 14.473266514128694 0.0011737723981508292 0.0011737723981508292 0.0038940272427828927 0.007387333005518873 0.016367391754356118 0.046957907749101746 0.11264551769215007 0.1651772546386993 0.20915502094131005 0.2528282680224724 0.3448725392535053 0.44086796026742364 0.5857043359576889 0.6329135067505463 0.7591114081785185 0.9520931898116971 1.5381186076364965 2.0064034753333626 14.473266514128694
1008 12096 2.352853325317122e-05 14.377023418812112 0.0011652861937004005 0.0011652861937004005 0.0038873858361367568 0.00737298470977501 0.01633451094926601 0.045751053166336104 0.11238809003020347 0.1645142305527682 0.21011589790672905 0.255019771352132 0.34641495376716475 0.44045560099813785 0.5793712368300077 0.6320066722966319 0.762830576160575 0.9552691073179728 1.5218448609464124 1.992964214064762 14.377023418812112
1009 12108 2.4011186709027285e-05 14.332945747517819 0.001156147150422381 0.001156147150422381 0.0038726656306452365 0.007366825603850967 0.016213464710583842 0.045677868566393935 0.11255893933538574 0.16267717952734453 0.20981857700377585 0.25706955955425403 0.3463454225513983 0.43668559704246673 0.5818188549007136 0.6299332174243292 0.7560606233057965 0.9464104290135685 1.5334018646118113 1.9848744489393684 14.332945747517819
1010 12120 2.3579621130739682e-05 14.369316880357303 0.0011485498920419546 0.0011485498920419546 0.0038656743774098637 0.007359585643070869 0.01612136087750123 0.04530257574726694 0.11297292721371044 0.16170093036978592 0.2098984613600677 0.2574880232847815 0.34280160626420614 0.4382310747955564 0.5768849172671092 0.6446885896266483 0.7508729994579362 0.9551684081243157 1.51274784504891 1.9752665218711691 14.369316880357303
1011 12132 2.3792529181582582e-05 14.363800562392088 0.0011474656289026293 0.0011474656289026293 0.003878260818895654 0.007337501485468302 0.015899033050055834 0.04526827445167176 0.11279740783616521 0.161983821122547 0.20918683523971582 0.25709511375808053 0.34081998761317445 0.4334969838247714 0.5760377939235751 0.6349528681766227 0.7510233280857282 0.9572536925126657 1.5132796165004359 2.0077969946522374 14.363800562392088
1012 12144 2.369205639584743e-05 14.406548333699003 0.0011356272084372245 0.0011356272084372245 0.003854463920606226 0.00742064720048816 0.01601916700085474 0.04471720136789976 0.11205340346081522 0.16106816964576734 0.2092696542304507 0.25714555966693 0.3401933480315082 0.4361410456158287 0.5743316868670904 0.6322028613130687 0.7522629268724885 0.9572867402592826 1.489591127242383 2.0422487992516665 14.406548333699003
1013 12156 2.4081878710091688e-05 14.37589659300847 0.0011286199268758634 0.0011286199268758634 0.0038688353836779576 0.007411718350547982 0.015906567476592647 0.04409513351887884 0.11256428673571245 0.15973769008314903 0.2096882775397757 0.25804217039998656 0.3399619322382656 0.43759031850874824 0.5705662919183723 0.637464985912316 0.7481040252788431 0.9544345250288008 1.4681539012949283 2.0617587100842574 14.37589659300847
1014 12168 2.4683720086520892e-05 14.26268691817085 0.001121166732173878 0.001121166732173878 0.0038506704657957614 0.007450330084570874 0.015817699697387874 0.04383625456033164 0.11273500715806826 0.158745476699462 0.20921629173978445 0.2566583399272282 0.3404295028277387 0.4366738745482493 0.5670269954402084 0.631653033242152 0.7489677576937218 0.9531185311388526 1.461423389935141 2.1006977962278475 14.26268691817085
1015 12180 2.4928168096490956e-05 14.018351889715742 0.001116574090237728 0.001116574090237728 0.003785928813226954 0.00748500093588762 0.01603330058501016 0.04407274966408633 0.11212070969406096 0.15790615250938211 0.20998282058744783 0.2548396046699989 0.3404955671795146 0.43827073901512126 0.5641443529659893 0.6330761442043992 0.74875294344893 0.9546240314131423 1.4623498858512487 2.1318674625412064 14.018351889715742
1016 12192 2.4232298061214607e-05 14.128430247096412 0.0010968355987353744 0.0010968355987353744 0.003730071084071959 0.007467146750631138 0.015867896482030488 0.04387243913490751 0.11309046925473444 0.156940595586374 0.20978285224741292 0.2546386989108101 0.34075419591139544 0.4365934394271825 0.5629794609423453 0.6304395822547849 0.7519990462136754 0.9550147234447348 1.456740471339041 2.1361418343798015 14.128430247096412
1017 12204 2.3848734003099992e-05 14.100933582707759 0.001100686592617259 0.001100686592617259 0.0036301722929913006 0.007459713469876093 0.015884424303111336 0.0439499838443971 0.11320435958209923 0.15629763387254178 0.21202040075161702 0.2509235266855753 0.33937790578393945 0.43661102571836086 0.5564750956188486 0.6356095065776735 0.7464054060626162 0.9557815533419921 1.446140347183025 2.137096488345859 14.100933582707759
1018 12216 2.4701780996092152e-05 14.148280157952192 0.0010992721144649886 0.0010992721144649886 0.0036669001356388824 0.007423570102073873 0.01574502650559852 0.04393998642458968 0.11210442402984619 0.15620253424481262 0.21320624453021766 0.25213962795752337 0.33705670709098323 0.4319193214057607 0.5540704623132074 0.6266468644007067 0.7482755706998012 0.9490582231301311 1.4323990049446182 2.1426299986992237 14.148280157952192
1019 12228 2.499529527931448e-05 14.161723360047269 0.001089719201385946 0.001089719201385946 0.00369792711831757 0.0073983404508932565 0.015358744809490057 0.04390172379358195 0.11082875776852998 0.15828844521382934 0.21181302692673543 0.24900622032414335 0.33708041851003395 0.43167358353953644 0.5541933169332859 0.6290160175925071 0.7428007872079521 0.945296137671333 1.4271974122487883 2.184156527056126 14.161723360047269
1020 12240 2.5088737631069345e-05 14.107126390030476 0.0010827934798400077 0.0010827934798400077 0.003721278621596232 0.007371846591467564 0.015537893958545665 0.04436189634027527 0.11116587345886467 0.15648713035707565 0.21172297145475386 0.24958710104058787 0.336018460991651 0.4327776344489041 0.5445935730096497 0.6289006977458517 0.7452790866013721 0.9405503173567152 1.4238362620626381 2.191729961597226 14.107126390030476
1021 12252 2.4640972742634873e-05 13.94920409089139 0.001067935088028505 0.001067935088028505 0.0037120897390201905 0.007359121410214676 0.015548734713771575 0.04426588897721919 0.10948272758119677 0.1562673574540097 0.21129613561632665 0.24987270141055576 0.3360663835692851 0.43023883561522025 0.5433252471515868 0.6318186103308752 0.7437026933142351 0.9442576544368685 1.4262770607495456 2.2181871723946585 13.94920409089139
1022 12264 2.412468390483208e-05 13.88931645682271 0.0010682183429861303 0.0010682183429861303 0.0037104488891990402 0.0072642210410695214 0.015496500136769342 0.0442525746459594 0.10870740648492057 0.1557566705836508 0.21275407643990688 0.24899228098965823 0.33053564481636427 0.42930776558615874 0.5408398538652527 0.633023068514071 0.738859625704365 0.9422772806197154 1.4118011537585218 2.2634203413933047 13.88931645682271
1023 12276 2.3266639636625015e-05 13.883852059847554 0.0010515714030537864 0.0010515714030537864 0.003704018938792927 0.007167145108689242 0.01543440998708067 0.04427968548883376 0.10827035123698535 0.1554604258358888 0.21382597630786032 0.24827213133828174 0.32941425766890253 0.4298983678675677 0.535673840781169 0.6379900724317762 0.7384305208877913 0.9317074771834053 1.3837210590723414 2.3063731117412822 13.883852059847554
1024 12288 2.2547821436286453e-05 13.759262379181258 0.0010569965360669221 0.0010569965360669221 0.003639923770316416 0.007124377762785456 0.015259010957843211 0.04393921474512586 0.1074598474228589 0.15644160727343978 0.21478379715882898 0.24801936837296149 0.33542603842258095 0.4301982476112924 0.5390676264409687 0.6388599803048339 0.7375331985564967 0.9295412109137039 1.383007220514474 2.2780574907413333 13.759262379181258
1025 12300 2.1400586010571132e-05 13.684203776006234 0.0010553765449756417 0.0010553765449756417 0.0035931683447000635 0.007108051641140178 0.015247335286847631 0.0432248032206475 0.108164088119991 0.15613594012353785 0.21381623666449212 0.24768773202319283 0.33779424556824816 0.4302519852665008 0.5364621923834814 0.6352321287604645 0.7366576661942494 0.9282414306374346 1.3820811814062974 2.263548588001012 13.684203776006234
1026 12312 2.0034274522357956e-05 13.632126372789646 0.001058428248324594 0.001058428248324594 0.003613990688217822 0.0070888711197771665 0.015112002129197145 0.04295494901329795 0.10796527593941378 0.15593485213490177 0.21123115205215454 0.24664805404884602 0.340145486696144 0.42677097307807277 0.533686617936323 0.6309627043630397 0.7389543881246806 0.9251812077177041 1.3851493066329479 2.2458966069021793 13.632126372789646
1027 12324 1.9255355488923496e-05 13.493577306591234 0.0010436895746804284 0.0010436895746804284 0.0035671496313435156 0.007066761454429998 0.015012564319393983 0.04244687243313967 0.10859432966942636 0.15531010208126764 0.21209756585628048 0.24804193248771644 0.339980102493146 0.4244874059801586 0.5329454401455119 0.63185043437523 0.7404171053920202 0.9213555170047373 1.3814105344337997 2.2475459518240886 13.493577306591234
1028 12336 1.904856626446913e-05 13.510183382452576 0.0010439117649315647 0.0010439117649315647 0.0035577444794389905 0.007053143253923973 0.015019917834611696 0.0422058688666166 0.10869620731965032 0.154715558427705 0.2120749303618244 0.24857737021469922 0.33606584138662265 0.4213377636461918 0.5313933470906179 0.6325910022670187 0.7364863936301155 0.9235382091521539 1.3842364023879883 2.243180569699557 13.510183382452576
1029 12348 1.930121219251602e-05 13.353145983811984 0.0010378242167972532 0.0010378242167972532 0.0035435781715476887 0.007009906689702606 0.014935100690252332 0.04248559358791589 0.10874468141667681 0.15536529204592436 0.21056320324254865 0.24845007927438922 0.3344165633164718 0.4220528419461703 0.5435028605730486 0.6420263812096649 0.7366482321676265 0.9243225161402701 1.3823729111836898 2.2429091253867215 13.353145983811984
1030 12360 1.8861269193572074e-05 13.462506282119161 0.001028964958249652 0.001028964958249652 0.0035427547186891862 0.006915218487872278 0.015208581851664417 0.0419269998199036 0.10938410671362432 0.15584368480008068 0.21072013698982756 0.24972187178976718 0.33172861949664456 0.42210713903190156 0.5396948309875781 0.6515449192291627 0.7350265600219937 0.9181168750487223 1.3797597862329056 2.241911809368585 13.462506282119161
1031 12372 1.8972106153981104e-05 13.330599642229854 0.0010287796681824524 0.0010287796681824524 0.003561371047968304 0.006852833844158374 0.015062213510238438 0.04184228309572328 0.1079500227287966 0.15623397356792545 0.2105115593358181 0.24930589091730998 0.3291188269604769 0.41978772618002996 0.5419533279495237 0.6509898775343962 0.7418456890165025 0.9249745124743766 1.3871628284842004 2.2582109969443223 13.330599642229854
1032 12384 1.9352446377444424e-05 13.359845014013764 0.0010355436158348988 0.0010355436158348988 0.0035756401104699203 0.006854154606363582 0.0149409072369647 0.04160850159656739 0.1082258691674592 0.15466606823553516 0.21111127115835807 0.24853255317563713 0.3347644224392454 0.41620491390651176 0.5368943405940394 0.6514156010856483 0.7426635782670157 0.9291593120965792 1.3823740991003852 2.254728939677144 13.359845014013764
1033 12396 1.94858615369894e-05 13.461512562225074 0.0010319026179639369 0.0010319026179639369 0.003592803473461642 0.006779552570793824 0.014935336020210747 0.0413810303208872 0.10748710184191537 0.15362567491191775 0.21085681991618946 0.24530149786277725 0.3366524482239604 0.4208736884689763 0.538284495455494 0.6507080761377172 0.7493721876615993 0.9326956693825229 1.3729816808186637 2.2625543107655344 13.461512562225074
1034 12408 1.942691108493374e-05 13.32387285153077 0.0010209502034491415 0.0010209502034491415 0.0035355782651109464 0.0068137143510477935 0.014855461262182292 0.04150940151311939 0.10713523762789681 0.15338116221587567 0.21040186668488134 0.24410566916249818 0.3344937578894904 0.4207895026500024 0.5396832502761818 0.6516230404922693 0.749568855873712 0.9374666276655388 1.3994008094508188 2.258650772233235 13.32387285153077
1035 12420 2.096882637837778e-05 13.31033041600602 0.001022269509189982 0.001022269509189982 0.0035374902211905593 0.0067619585709560335 0.014587559803459632 0.04129496145480203 0.10757814817795879 0.15326994821012982 0.2095006743874099 0.24386920103944681 0.3355973005966929 0.4200381041113462 0.541075059204705 0.637292036926211 0.7477719354328531 0.9310480308201261 1.4211627131000861 2.2508129960005894 13.31033041600602
1036 12432 2.1509122585619444e-05 13.295741736575495 0.001021236175142081 0.001021236175142081 0.0035202503647077583 0.006664699980947756 0.014429302669211667 0.041795549299400575 0.10738436153734264 0.14999413370056625 0.20958869365406396 0.24699497388138336 0.3374729423506168 0.4216481302586802 0.5512320033654985 0.6328563213469621 0.7501791164148941 0.9322114947722727 1.4541621600509473 2.25988328047885 13.295741736575495
1037 12444 2.1520942217899213e-05 13.200931008841792 0.0010121068991242835 0.0010121068991242835 0.003501075620142811 0.0066765810941613185 0.014443635485535844 0.04168367170268328 0.10714938095455016 0.14956898668256657 0.2085376722484616 0.24826595735828783 0.33763005058961454 0.41549354428596397 0.5543575413602617 0.6346976647892688 0.7438813028087345 0.9240752942459427 1.4663902689701056 2.2830487846560787 13.200931008841792
1038 12456 2.101130118637965e-05 13.294729148232747 0.0010089958572069599 0.0010089958572069599 0.0035213196450994163 0.006579328993755295 0.014336824472377097 0.041811801314472354 0.10775188391897482 0.14775950892636258 0.20604112475259975 0.2497822728661056 0.33655543761875156 0.41197511305844264 0.556073243253326 0.635946604152513 0.7364703031287348 0.922784215591595 1.4679169196742474 2.2871898050214297 13.294729148232747
1039 12468 2.068939484464742e-05 13.334732241128762 0.0009926311523312426 0.0009926311523312426 0.003464490955263219 0.0065612421599946505 0.014336137288552087 0.04166988926660716 0.10780569642916203 0.1475600347116831 0.20584739831393867 0.24913457103641098 0.3378955173321533 0.4087699667421915 0.5561164487974766 0.6365314026742868 0.726473503574472 0.9269539124724482 1.4772325955986962 2.293110785664153 13.334732241128762
1040 12480 2.078632012223203e-05 13.059020792417488 0.0009963445272277553 0.0009963445272277553 0.003475908682547996 0.006583717404302116 0.014205065244439225 0.04128761613956778 0.10764532013515848 0.1467193491780451 0.20525641462495695 0.2495273305814298 0.33997499172510653 0.40819372121311454 0.5500837549062796 0.6297059057077322 0.7251548366890144 0.9269478264487689 1.4810111874731398 2.3163192563473474 13.059020792417488
1041 12492 2.1657650358272125e-05 13.070109637684071 0.0009896092159431432 0.0009896092159431432 0.003484861359073873 0.006588910127583682 0.014280877395149915 0.04090941601772941 0.1071683445009223 0.1469013142894474 0.2043116272233238 0.2478118727838795 0.33805959143610653 0.40107596458538547 0.5519566911868108 0.6262364224713073 0.7174783119689334 0.9324394739795072 1.4827083018734917 2.343516479041176 13.070109637684071
1042 12504 2.185739890347282e-05 13.021368895296662 0.0009750380487456373 0.0009750380487456373 0.0034835992006456555 0.006612213916710828 0.014218070963435922 0.04105970060758046 0.10725103099351534 0.14651972484348993 0.20560540532271995 0.24970482004628636 0.3339824882248876 0.4052382058106776 0.5558576315288505 0.6293232347389108 0.7162611036349539 0.9230231252680378 1.4862978182440092 2.381614808585004 13.021368895296662
1043 12516 2.17233751932826e-05 13.070431866818637 0.0009648432638954333 0.0009648432638954333 0.0034493006943587604 0.006565912539663978 0.014295454465973047 0.04081375995097763 0.1071330240949762 0.14525540682671723 0.2060286559347102 0.24609209205015128 0.33125810026139313 0.40333039509217444 0.5585170515045568 0.6296235942994238 0.71823408106863 0.9142068490707724 1.498730097115395 2.412430312029325 13.070431866818637
1044 12528 2.18642926765552e-05 13.035291924661928 0.0009554942848858888 0.0009554942848858888 0.003444522750331386 0.006503910606506801 0.014259628222670895 0.04053706598563821 0.10702815059269521 0.14513575936081533 0.20605443049129202 0.24608049207360355 0.32953996561096316 0.40132341647982 0.5664252786232058 0.621164809873979 0.7148425624496751 0.9147661841663655 1.5058764717006592 2.4467146151416346 13.035291924661928
1045 12540 2.2287931958617356e-05 12.935278974198248 0.0009557263096752989 0.0009557263096752989 0.0034251343086280687 0.006431163416841375 0.013954322899262914 0.04023630736315765 0.10687175261119511 0.14478103083852362 0.20785037250002575 0.2511166026574455 0.3315769615772743 0.4008735028248574 0.5566390289216201 0.61717563481671 0.7159983082384691 0.9211598677843719 1.5044437486922377 2.4776739760174418 12.935278974198248
1046 12552 2.198505386746537e-05 12.93891091817878 0.0009510038547159448 0.0009510038547159448 0.0034204731492850655 0.006544016836546839 0.013858515624356915 0.03990443805422947 0.10605307793400684 0.14415137547835308 0.2061308596409697 0.2516073079345785 0.3319094690408125 0.39645132133371214 0.5586981733463211 0.61563535462768 0.7266878090414158 0.925674855729185 1.5005935154935652 2.536026767575739 12.93891091817878
1047 12564 2.2117517439222e-05 12.89623476924119 0.0009350083997728568 0.0009350083997728568 0.003432710323485101 0.006481736470139137 0.013854683662020691 0.03989124519817684 0.10521414368077847 0.14404145952037772 0.20360377331180882 0.25112750021148533 0.3284854621064495 0.3956569749088695 0.557507155939384 0.6149448543919622 0.7233783452280783 0.9255610964661758 1.5055429174630115 2.561111585283845 12.89623476924119
1048 12576 2.193511054737247e-05 12.851433915288341 0.000936665217648844 0.000936665217648844 0.003387658656571327 0.006446404417578905 0.013809895051446872 0.03965167303202512 0.10484046449556038 0.14268485309129522 0.20129936039174826 0.24943245303060024 0.32989113924937924 0.40004805266835963 0.5596259858775673 0.6149174723822102 0.730460593635713 0.9220893888152327 1.498535691079034 2.6193112636813027 12.851433915288341
1049 12588 2.243187922200061e-05 12.876136657526489 0.000935923767344146 0.000935923767344146 0.0033447503063530407 0.0064517443904344865 0.013676844230225495 0.0393427251231921 0.10482048922447769 0.14076764102026737 0.1997844732661314 0.24792968814889838 0.33165041803098494 0.3938214318678099 0.559729601110517 0.6142793414593788 0.7258375814467544 0.9218535781954457 1.5136676984920145 2.6593661790437007 12.876136657526489
1050 12600 2.2950445305789464e-05 12.912972509577619 0.0009391779804567137 0.0009391779804567137 0.0033741292467877704 0.006408366356370369 0.013521469911569045 0.03925408051150912 0.10487816753488269 0.1412122394242547 0.2000576010955479 0.24795345862231044 0.33103255664252973 0.3929205494991485 0.5614298299281056 0.6120493784657505 0.7234235438089026 0.913098098481635 1.5043283634351035 2.6798720825596423 12.912972509577619
1051 12612 2.4425748978141423e-05 13.00059831082117 0.0009377406417863048 0.0009377406417863048 0.003378404559433722 0.006286434633098935 0.013467249377089404 0.039126441222008715 0.10444875523015927 0.14079020810165246 0.20062708925405082 0.24630154987898412 0.33074913126750066 0.39156865786172995 0.5644247764364735 0.611329006004938 0.7201640040685342 0.9172494815920383 1.497073512769034 2.7770398859583763 13.00059831082117
1052 12624 2.4474071297196476e-05 12.992220077208437 0.0009392255298742705 0.0009392255298742705 0.003368390491769331 0.006288508681815277 0.013430891041937554 0.03926641613006719 0.10580472292719739 0.14034606184263418 0.19877692539382807 0.2481650913487169 0.3262665273314226 0.39198366330617834 0.567272346696092 0.6109613996751995 0.7134056111307765 0.9118838152633855 1.4873487289833351 2.8686846109361874 12.992220077208437
1053 12636 2.4463798964179663e-05 12.918500244639777 0.0009331697732864134 0.0009331697732864134 0.0034143359468092873 0.006291939890091694 0.013515784581106522 0.03923348026560217 0.10554426855920607 0.14007162532040104 0.19631221027804482 0.24549656675426207 0.32568627556192736 0.38843897854449416 0.5684920037657843 0.6051241305517138 0.7068689854084309 0.9119562300121573 1.4955306029348445 2.918663022512286 12.918500244639777
1054 12648 2.400652749645827e-05 12.989354600133764 0.0009222261039781358 0.0009222261039781358 0.0034123709760195877 0.006294373849793822 0.01345247437802532 0.039098538953880164 0.10571084906054262 0.1394109765771791 0.19561116297046502 0.24662615506710067 0.32636617335944845 0.38513672167651836 0.5696358785133926 0.5989690192503467 0.7028008583939729 0.9067428434094602 1.4953433427324945 2.9379079371145034 12.989354600133764
1055 12660 2.4290399406937153e-05 12.76679016701801 0.0009225714834875546 0.0009225714834875546 0.0034124248033639225 0.0062732336078287695 0.013445424509307396 0.03887856561228724 0.10369304215071062 0.14036813183011024 0.19474699941657997 0.2472223187212201 0.3243098082911371 0.38530455285066884 0.5670429606186901 0.5959453870112075 0.7052409400771195 0.9079339817561308 1.5050245012094805 2.9435647875835667 12.76679016701801
1056 12672 2.4842007524201592e-05 12.694620050344676 0.0009133707323763997 0.0009133707323763997 0.0033932638902997975 0.0062694405842298835 0.013396733261779526 0.03905002369306504 0.10376990729136984 0.14007912588575258 0.1955401670145265 0.24898672209730915 0.3232980017980566 0.3772598847419583 0.5752767878180884 0.5954714756931142 0.702830475859701 0.901511674442756 1.5255394536239393 2.9460477539867616 12.694620050344676
1057 12684 2.6539689660115472e-05 12.64465932268765 0.0009145197087623661 0.0009145197087623661 0.003401307420403913 0.006266828879320775 0.013342301256572809 0.0390918085464426 0.10428577808060897 0.13876208235375134 0.1938886627438427 0.2495110602606689 0.32295714787239693 0.3777453677100186 0.5693324426797766 0.5917929546407709 0.701898980731281 0.8951460011852005 1.5343244025384932 3.0312766993245215 12.64465932268765
1058 12696 2.8234309305490662e-05 12.701018349535287 0.000904739196419497 0.000904739196419497 0.003427708836913722 0.006235724048407263 0.013197382675824465 0.03873252112862405 0.10529983636473497 0.13834789093065064 0.1942910204409865 0.25003137510884393 0.32375827857020467 0.36862171486278694 0.5686815889127338 0.5904354894146748 0.698783553426757 0.8832688834727522 1.547314984127386 3.1929602555468812 12.701018349535287
1059 12708 3.067530119321491e-05 12.714435455047846 0.0008965461822614256 0.0008965461822614256 0.003357788211518517 0.006223409546722669 0.01321356195909315 0.03864366138611023 0.10569343350113329 0.13756484444636474 0.1936513448465722 0.2495758831902948 0.32289098102026 0.3693702018259928 0.57534176506482 0.5918740379638869 0.6914667279099147 0.8749359093134533 1.5632473780964562 3.30171698971482 12.714435455047846
1060 12720 3.0961496219865834e-05 12.476216213636713 0.0008963344067528976 0.0008963344067528976 0.003348968007191997 0.006218138460331049 0.01326233720298405 0.03827739555060914 0.10558398465294104 0.1369027837092646 0.19349273593247115 0.25148500193419676 0.31975392052990437 0.370587806294125 0.5745016673208339 0.5896766374303971 0.691356816863594 0.8806395466950219 1.5724514082105812 3.424124182872892 12.476216213636713
1061 12732 3.14381525492411e-05 12.382896593513104 0.0008897840623232364 0.0008897840623232364 0.0033350262784627607 0.006191326657580676 0.01329608201060633 0.03789864456258156 0.10548433952772908 0.13744010293325043 0.19324431545064183 0.2510374288177804 0.3203185777110595 0.3699960795831013 0.5788430916304491 0.5892133568655035 0.6894113088397777 0.873231543601025 1.5744746750086722 3.4453340821499188 12.382896593513104
1062 12744 3.052130180349191e-05 12.342617850183062 0.000881498943691708 0.000881498943691708 0.0032962601839850664 0.006107723921018086 0.013291246622208186 0.037743605510530985 0.1050687389923339 0.13810148559514965 0.19296112361225853 0.2513858250996882 0.3204677835886241 0.36580851280360815 0.5863328792610181 0.5936738698050139 0.6896207101137082 0.8757291100091833 1.5661538824321388 3.463964210402502 12.342617850183062
1063 12756 3.118994092780356e-05 12.29085098977593 0.0008742843059423984 0.0008742843059423984 0.0032897836815731158 0.00611494559141188 0.013303822018169481 0.03775865003369656 0.10514656385394662 0.13718733776991543 0.19165270322764635 0.2505676605170264 0.32279271774089047 0.3648347384484452 0.5740255147514514 0.5929872744643586 0.6880455872614273 0.865798456862348 1.56548190499264 3.480386769006406 12.29085098977593
1064 12768 3.1933482153076464e-05 12.295769681583495 0.0008730349641183781 0.0008730349641183781 0.0033308751885679864 0.006006876780327708 0.013307979668811693 0.03794900013781378 0.10448819625913568 0.1367064590555806 0.1905670480573573 0.25308141748902874 0.32347817366043613 0.3621640790196499 0.5789661256767011 0.5938389913708283 0.6803993257671512 0.8622033250277049 1.5612189857641812 3.551747401924072 12.295769681583495
1065 12780 3.3456487002975605e-05 12.152177905787193 0.0008551296799334824 0.0008551296799334824 0.00334492894409957 0.005962038132789069 0.013273338563324313 0.03790000389920527 0.10348479635150455 0.1362098167356649 0.19031260877427247 0.2542247474419839 0.32429794218974245 0.36036051343548337 0.5785073770995638 0.5949240915342752 0.6747276618098182 0.8673619318397847 1.554788274174528 3.6861999810865878 12.152177905787193
1066 12792 3.369531390169386e-05 12.104474360317505 0.0008501584833027542 0.0008501584833027542 0.0033197568777757597 0.005945686312337981 0.013072919575748292 0.03802917164207831 0.10346920137299442 0.1359502937246934 0.18954205707613572 0.2514378719883493 0.3235036242769474 0.35961192966810596 0.5788716248631257 0.5980066396008897 0.668849742363482 0.8749558507525307 1.5373100148571606 3.8132006310089506 12.104474360317505
1067 12804 3.503964465577306e-05 12.112771503394404 0.0008308032782281568 0.0008308032782281568 0.003308946305174894 0.005878202224181102 0.012864343455508997 0.037950579491201196 0.10336135212174882 0.13601019054334978 0.19160108195903572 0.25031323019888263 0.32299868432067697 0.359596719255556 0.5826165692559017 0.5919937820042995 0.6722503137655654 0.8858220825430599 1.5290036886765743 3.888054388617158 12.112771503394404
1068 12816 3.6676718770851925e-05 11.961297718233254 0.0008353803247029064 0.0008353803247029064 0.0032853279876368727 0.005866414236406141 0.012788883195131167 0.037922367565100985 0.10378472247823807 0.13550106711063392 0.18954342898662874 0.25011159783483305 0.32536325947767253 0.3659917226294431 0.5809291449841769 0.5917834880167822 0.6752185008597144 0.8792382949471368 1.527577251622276 3.970075084437252 11.961297718233254
1069 12828 3.919550251755163e-05 12.024697088962379 0.0008279214427323902 0.0008279214427323902 0.003278778396768719 0.005934955908881918 0.012668757572991907 0.03785037335359578 0.10401183776905891 0.1354398648302072 0.18881374707601675 0.2492881680584187 0.32044169148966994 0.36523431805469586 0.5796042921109866 0.5956198928486582 0.6790064036626833 0.8755556649910009 1.5175759843568275 4.08211379703865 12.024697088962379
1070 12840 4.2807430495728765e-05 11.946846258346214 0.0008234707659509125 0.0008234707659509125 0.003247948431895709 0.005943895711489601 0.012749672249326735 0.03771190513770178 0.1034310059428945 0.13488952947318614 0.18888179757889753 0.24543306429935555 0.3235528484183241 0.36546886187282157 0.5712707882231797 0.5929488862510884 0.6830379551295527 0.8771452287361866 1.5079081048446707 4.293456962904632 11.946846258346214
1071 12852 4.595561769377264e-05 11.826325191027106 0.0008225984391130881 0.0008225984391130881 0.0032519503732679335 0.005944175094002814 0.01261073526230338 0.036953517743822585 0.10324191897912852 0.1343594766377133 0.1894089703277607 0.24574657974015793 0.3238053402857456 0.36525779460647884 0.5676325044309268 0.5899807263356479 0.6898993997742017 0.8782176856813639 1.4994090558525983 4.511187340893414 11.826325191027106
1072 12864 4.800504979146088e-05 11.740606035166687 0.0008118702308392016 0.0008118702308392016 0.003238074516088563 0.0059439074026965315 0.012581517640146953 0.03711171184284149 0.10293671608031124 0.13338642801994546 0.1914769770084543 0.24618006098458056 0.32529137716969003 0.3685876774036778 0.5607523055423136 0.5843351883303779 0.7016140489293534 0.8798555926727729 1.4858239553764803 4.653576860059177 11.740606035166687
1073 12876 4.827324648164647e-05 11.725867550198007 0.0008119868101473358 0.0008119868101473358 0.003240004570891352 0.0058894867765669654 0.012403210521373208 0.03724516717453715 0.10232846945263664 0.1335295271747249 0.19263591950371745 0.24671134883628154 0.32212819302289275 0.3726922378054404 0.5604765362018849 0.5822618127279777 0.7092082021269059 0.8722370480628425 1.4861382108451282 4.722817724171675 11.725867550198007
1074 12888 4.9184364081870794e-05 11.688225460068704 0.0008121930358539758 0.0008121930358539758 0.003206821770078073 0.00584685562937944 0.012293880279961962 0.037273156422913435 0.1012976767642835 0.13349030252784203 0.1916567201737902 0.24597665889622491 0.3228203292130317 0.37465868247977524 0.5544174444933281 0.5830150335908335 0.7140035702167064 0.8706613733571079 1.4855097831274324 4.780867297325268 11.688225460068704
1075 12900 4.948184777049613e-05 11.567683952021286 0.0008156547495131293 0.0008156547495131293 0.0031607299000241513 0.005804074664692552 0.0121764864455479 0.03732402519532589 0.10014756916965471 0.13306050628065955 0.1898334297751924 0.243945254396893 0.3213585504243517 0.377518007119315 0.5542136473211856 0.5834259982569653 0.7203185325592538 0.8657734646062377 1.493668156902809 4.9098723481597375 11.567683952021286
1076 12912 5.017640888782857e-05 11.609673180095983 0.0008178482388426344 0.0008178482388426344 0.0031770777076591183 0.005772909133206544 0.012079136900615156 0.036963624148787746 0.0992861070046145 0.13222295718225652 0.18834124396110913 0.2449199483315204 0.31969460210378686 0.38029598893764344 0.5508802827648942 0.5821505406024315 0.719260604520916 0.8642668656281867 1.4859731632969195 4.983397491386699 11.609673180095983
1077 12924 5.153324595144688e-05 11.52817747775366 0.0008117161000626279 0.0008117161000626279 0.0031984398711028574 0.00574411786368318 0.012005022767292442 0.036764231385002184 0.0985079490957822 0.13201590555354448 0.18767262163322265 0.24339639221774578 0.3172181332331466 0.3797199358698288 0.5447783705709273 0.5805390382349307 0.7303332065210315 0.8664986035318878 1.4906677743926686 5.026512738510603 11.52817747775366
1078 12936 5.458639885754435e-05 11.497517202380248 0.0008021257672362472 0.0008021257672362472 0.003227613634043049 0.005719432846725109 0.01200235044478932 0.036658958999921255 0.0980517857228942 0.13105359316698548 0.1898568743816715 0.24282985598702753 0.3177193816684428 0.38121150620142913 0.5364475368416083 0.5771750673397217 0.7304296670437901 0.863681474842595 1.4850651325076711 5.09992269154333 11.497517202380248
1079 12948 5.527608278404266e-05 11.282727884815356 0.0007929171967614987 0.0007929171967614987 0.003232241971792552 0.005664571947721292 0.012016950541359643 0.03670889478964827 0.09803827053708646 0.13087744132889273 0.1928737028077881 0.24156425051702338 0.3196691662889677 0.3815734126075619 0.5372457259344876 0.5728973528838673 0.7457376159026247 0.8700925821556633 1.48822143733726 5.161195922286576 11.282727884815356
1080 12960 5.732218399304605e-05 11.147667206698673 0.0007971641957247878 0.0007971641957247878 0.0032100317019933666 0.005651456496029053 0.011920543520650969 0.036569156122365366 0.09899739083022471 0.1297588346210143 0.19212547091511484 0.24340804268268873 0.31920492957315155 0.3810166994838398 0.5363906607555416 0.5711399005150399 0.7464317412810856 0.8721872429723886 1.5017428479663428 5.235162661234148 11.147667206698673
1081 12972 5.870581002176039e-05 11.266979244536493 0.0007970333485442506 0.0007970333485442506 0.0032045059965402013 0.005614288298868406 0.011914191111316133 0.03646284631879696 0.10003534828608385 0.1285968161125018 0.1927381803848517 0.23976568763779466 0.32230959821835375 0.3801634433362607 0.5355281129370155 0.5652862077724277 0.7436406149167271 0.8727176458824676 1.5004688029086293 5.187868791217956 11.266979244536493
1082 12984 6.136169505286047e-05 11.344871058364213 0.000792632527672533 0.000792632527672533 0.003179622366199925 0.005516529396552189 0.011891178649159912 0.03629068564755974 0.09977591979138521 0.12959063356324257 0.19123054657382144 0.23906457522654598 0.3209951805580168 0.38117829748308746 0.5357107481793201 0.5662912354843485 0.7352030006678886 0.8795209453309567 1.506329499609769 5.244030350123004 11.344871058364213
1083 12996 6.488586753922325e-05 11.383456476554418 0.0007893610587485129 0.0007893610587485129 0.0031763628379861165 0.005518870296443565 0.011941451965725288 0.03590404584050683 0.09961176849915988 0.12881655057523334 0.18820084357257338 0.23850637353739126 0.3217589128545821 0.3874800502478109 0.5329872862048513 0.5659111834181568 0.7449453298151236 0.885140778814558 1.5100956931887985 5.272917798838037 11.383456476554418
1084 13008 6.823264473785579e-05 11.436520469743094 0.000788522700881782 0.000788522700881782 0.0031750587941648135 0.005471374029546425 0.01206709729722626 0.035617682863547974 0.09932393992004933 0.12845720549606351 0.1893588999173536 0.24057851281215498 0.3223880151659435 0.3854970750118112 0.5269685729128 0.5652876264100247 0.7509649241153866 0.8825639849116039 1.502837272557232 5.346527220730409 11.436520469743094
1085 13020 7.154315306609244e-05 11.49546849047133 0.00078929095970329 0.00078929095970329 0.0031599568469229513 0.00544764203265787 0.01204686815638187 0.03512751901659351 0.09956555731688276 0.1297481047023647 0.18821064023675385 0.23802687747428236 0.3209426747443736 0.38610689350403954 0.530054827472429 0.5684621330229269 0.7524536020390501 0.8771033064303042 1.5085116127590656 5.432701190261458 11.49546849047133
1086 13032 7.548129976303548e-05 11.750800504147296 0.0007651376656905599 0.0007651376656905599 0.003161095858887683 0.005451506407762245 0.01193632718814931 0.03523008416049694 0.09930865759766264 0.13069754529479388 0.18733360932118756 0.23679068975672546 0.3226086569818979 0.38477397223921067 0.5353788269515525 0.5742691386124604 0.7535951999530525 0.8766165306977156 1.511675796297205 5.470742246572929 11.750800504147296
1087 13044 8.470930670319755e-05 11.811349684484748 0.0007596555953766698 0.0007596555953766698 0.0031567735366082724 0.005395424768611588 0.011848377582791997 0.035250048790408876 0.09702064300308169 0.13175655224196964 0.18623258284691124 0.23793765190559238 0.3237617981051451 0.38534326669556296 0.5297002630467408 0.5888097875957389 0.7533249076935212 0.8714989004201348 1.5204475482338802 5.575380861930039 11.811349684484748
1088 13056 9.042225268431048e-05 11.904396993769163 0.000757776506498977 0.000757776506498977 0.0031331682932207055 0.005398527206351575 0.01175737195909524 0.035125503974369525 0.09697922574500256 0.13180284928761446 0.185370224604337 0.24105185606801255 0.32231289404495417 0.38265070258120687 0.5247912150772757 0.5905796832053591 0.7507594674459084 0.8694998781156085 1.528175860975957 5.677736884082265 11.904396993769163
1089 13068 9.620221984004572e-05 11.907372710643745 0.0007529486375392335 0.0007529486375392335 0.003118329452599828 0.005373671013703424 0.011554284877929573 0.035147664434847965 0.09636066043406687 0.13137006125968104 0.18400677088796322 0.24165049763358118 0.3233279979631063 0.38072686570307457 0.5249862505304497 0.5895815588368233 0.7479719148011861 0.8739861545659247 1.5528858712354423 5.7106475468755376 11.907372710643745
1090 13080 0.00010316865257676907 11.974521070899783 0.0007546583852846055 0.0007546583852846055 0.0031157745650048927 0.005293400931929766 0.011542488891141806 0.03490377864716466 0.09561423481253406 0.1318052418217197 0.18334809043267894 0.24148844401645622 0.32113911816343593 0.37802411410449305 0.5248218834062046 0.5928089232322885 0.7413777665074784 0.8744287859468456 1.549080377118549 5.8071553980086765 11.974521070899783
1091 13092 0.00011113414324309006 12.03692916282247 0.0007407748654745764 0.0007407748654745764 0.003141096567227294 0.00529295412988328 0.01142944354196892 0.034923156181131926 0.09379451219067589 0.13015292760257396 0.1844970306306666 0.241177672452485 0.3214250183594975 0.3781056926988561 0.5277873870961748 0.5969112537052694 0.7395785101710726 0.8624292566474686 1.5470134830314906 5.917368567448624 12.03692916282247
1092 13104 0.0001195273898982553 12.076857763029793 0.0007393270482692858 0.0007393270482692858 0.0031304516505018145 0.005307006957355162 0.011362316407445412 0.03485382764331742 0.0936421540822183 0.12838588026940423 0.184505416281198 0.2421968481036648 0.3217060991830555 0.37733827153169336 0.5249353582462583 0.598666293109817 0.7375616825422192 0.8554645036612821 1.5399637458986957 6.081613133985982 12.076857763029793
1093 13116 0.0001336802148684093 12.070698537741086 0.0007376018674505012 0.0007376018674505012 0.0031585242879459295 0.005243962089181158 0.011230626420981986 0.03476272325254157 0.09352929984328752 0.12846482381698732 0.18276751890955015 0.24220114751777636 0.32367155974821404 0.380459803020455 0.5261287974784101 0.600214923706483 0.7320598323447581 0.8395102791954905 1.533345927077494 6.283008915490206 12.070698537741086
1094 13128 0.0001474355247026745 12.019178534572605 0.0007356045016118545 0.0007356045016118545 0.0031654563158909224 0.005193420726160978 0.011209287085924363 0.03442105513618694 0.09391717744947808 0.1288472354187651 0.18289430258111924 0.24317246379840554 0.3265759857058877 0.38048033297089673 0.5244188790116646 0.6020969233590779 0.7293424110480639 0.8404877437486883 1.524573919417611 6.44071017448615 12.019178534572605
1095 13140 0.00015701087836803072 12.072518577941397 0.0007322481389466605 0.0007322481389466605 0.00315230649689543 0.005189183503041614 0.011154177724369664 0.034570779359432466 0.09365010540854467 0.12805345230455398 0.18291403012961985 0.24278033777171856 0.32676741176721863 0.37959864481244776 0.5149377809197355 0.6024183108921587 0.7224480422523512 0.8440070630127626 1.5201891034483141 6.515327057144737 12.072518577941397
1096 13152 0.00017044580314973996 12.045781553237997 0.0007271864858807626 0.0007271864858807626 0.003132431335631722 0.005197547223010872 0.011059427979110689 0.03452427514237609 0.09363049031357898 0.12735701853438625 0.18312338261121736 0.23974774661875708 0.32097715610425975 0.3802898858188606 0.5172438312965355 0.601381674006187 0.7265651856012632 0.8407299409460003 1.5231769787140323 6.566655734404888 12.045781553237997
1097 13164 0.00018035907305817518 12.004738384970596 0.0007253666987741016 0.0007253666987741016 0.003130654733296046 0.005183977680904251 0.011138950874004865 0.03455239181655045 0.09396451614038226 0.1283314263003066 0.18304969648352698 0.23820040950832266 0.3207112460190718 0.37956616097903695 0.5153088820537048 0.592980408736942 0.729257244359087 0.8380399272721242 1.5365817401477 6.628069917668762 12.004738384970596
1098 13176 0.00019425798879339653 11.907657162673187 0.0007227534424742179 0.0007227534424742179 0.003127194851188923 0.005194435114647174 0.010922702779013905 0.03431366080432775 0.09504439471215959 0.12851986311262073 0.1837075009707217 0.23780586475212975 0.3175257958317728 0.3820151159983008 0.5143648439034542 0.5935971348393541 0.7302448527835802 0.8333829556145077 1.5433404180534183 6.61897318520595 11.907657162673187
1099 13188 0.00020803736501283005 11.899017940486562 0.0007282799612836311 0.0007282799612836311 0.0031190464000018098 0.0052246484692039154 0.010793470620082474 0.03434190129916039 0.09450760474308617 0.12787988310967305 0.18401779960513345 0.23663053017903019 0.31541658352670826 0.38241253993270163 0.5236136881881182 0.5910146393478248 0.7733526224289778 0.8238834638676172 1.5544075504314705 6.671122811819955 11.899017940486562
1100 13200 0.00022819250483583934 12.056547438698617 0.0007236155818029139 0.0007236155818029139 0.003105712052513481 0.00520571802501704 0.010800338863098257 0.03418262032091173 0.09448341928347924 0.12731685101111725 0.1834912880737404 0.23548679222348742 0.31773834791246086 0.37728508994830245 0.5227514526569919 0.5894114017739851 0.7853071101660803 0.8250638046846377 1.5602879206182252 6.826437205603625 12.056547438698617
1101 13212 0.00024591064925966085 12.543264755483873 0.0007184537356857215 0.0007184537356857215 0.003093986820331664 0.005184276573129486 0.010811680056338363 0.03390810910669349 0.09436504507106086 0.12766710960674255 0.18239436238926612 0.23528396185109893 0.31462057507446944 0.37940470437201834 0.5162647020703381 0.5886781885034373 0.79437656425319 0.8212055474637474 1.5501299473567864 6.904131048362496 12.543264755483873
1102 13224 0.0002686318838705973 12.79195821756888 0.0007188152691513935 0.0007188152691513935 0.003061525171561689 0.005141331914500767 0.010744412652070266 0.03383662355359984 0.09412216040881137 0.12872522651673843 0.18246729114671265 0.23637370438709723 0.31177213183349356 0.37796725984877727 0.5210455068756484 0.58590647763115 0.7953505130766396 0.8184671225507995 1.562406508996453 6.881223790245789 12.79195821756888
1103 13236 0.0002944081231569687 13.173771117158148 0.0007180834156907884 0.0007180834156907884 0.003072932333959864 0.005078379440983807 0.010515117265904183 0.03353220418042053 0.09420048606457129 0.12820819828229246 0.18225420620615312 0.23287027951662354 0.31620470778827947 0.3774333119417457 0.521516376735375 0.5846281999769704 0.7959456230555594 0.8201924410823019 1.5641476009584294 6.984474409483363 13.173771117158148
1104 13248 0.0003252827558914577 13.614818827980638 0.0007095647706298993 0.0007095647706298993 0.0030959588036284856 0.00509520470044458 0.010469911690911556 0.033088897005292515 0.09541551427364132 0.12870902757386404 0.1807849155098165 0.23117006789398742 0.3207371028595976 0.3795375291267402 0.5215431674729911 0.5794422980942029 0.7988673047670065 0.8213607822053723 1.5554747899361514 7.028189789287425 13.614818827980638
1105 13260 0.0003644241943442373 13.85051196498221 0.0007142849154017607 0.0007142849154017607 0.003085392182032014 0.0050569721961338495 0.010458837439576629 0.033092562497966486 0.09548041605289785 0.12902359751223805 0.1799656424337199 0.23216091333218475 0.31675280982386134 0.3778319510086175 0.5171942040500008 0.5861427171204506 0.7953827130845824 0.8169114057736079 1.550531214249391 7.071951620727445 13.85051196498221
1106 13272 0.0004020062681226251 13.74592192798233 0.0007208127168635544 0.0007208127168635544 0.0030583277333911937 0.004999913246856997 0.010344318736925233 0.03322053158751633 0.09573645809776016 0.12969741670046342 0.1805662747969443 0.23048684301181774 0.31793477049885643 0.37771729234321927 0.5143725810764952 0.5908575466896401 0.7968401921520031 0.818534453462704 1.544597125512211 7.08114032757582 13.74592192798233
1107 13284 0.0004279666437679724 13.749039325570854 0.0007145115327320072 0.0007145115327320072 0.0030825250817952386 0.00495379852659352 0.010352402412817633 0.033436528062808626 0.09553368922785728 0.12981267377572453 0.18137454921979845 0.23095621192720972 0.3162726383245824 0.3780062031506471 0.5074915363012494 0.593340549997564 0.799788509398609 0.8172952880387084 1.5440901661437634 6.965052248929639 13.749039325570854
1108 13296 0.0004767555874678328 13.89153695699233 0.0007120434669347847 0.0007120434669347847 0.0030735671078886526 0.004985446893169182 0.010366383679930459 0.03339659027662919 0.09439151071037351 0.129020614758335 0.1814196394474632 0.23010182718118377 0.3163090284367845 0.3732892418330277 0.5009638465446068 0.5965044953155851 0.7913648322143696 0.8166241463645365 1.5556024902203731 6.979512761910133 13.89153695699233
1109 13308 0.0005280720750705163 14.077079754587276 0.000712073837491364 0.000712073837491364 0.0030612442417577716 0.004961659788995015 0.01040840031070266 0.033416319426364804 0.09490646756025305 0.1292829167221129 0.1797244424168402 0.23172581869134268 0.3143958792000726 0.3715716402883746 0.5002930773012367 0.5903749289177531 0.789368488551653 0.8178984968303705 1.5500730097473328 6.9609959056356985 14.077079754587276
1110 13320 0.000565627268652359 14.265540227788495 0.0007151806573835834 0.0007151806573835834 0.003064249090210432 0.004949954554315866 0.010477407883509392 0.032945201949951125 0.09510377090685021 0.1292080592260372 0.18061933682119158 0.2327003423890365 0.3147798443045273 0.37026199106478175 0.4969534793940266 0.5900601837871481 0.7898687487689071 0.8141703692339336 1.5510064822838299 6.827436881349361 14.265540227788495
1111 13332 0.0006140478452831656 14.206047548857642 0.0007128790543230661 0.0007128790543230661 0.0030243974733616128 0.004941197904155219 0.010416306910480354 0.03294446141205367 0.09406676942259548 0.12921883632861758 0.18055304572039713 0.2337466480420769 0.31474963359063124 0.36284334464941803 0.49713007582891516 0.5913120419253263 0.7817771043019344 0.8126068177580885 1.5460729862800149 6.844558185904734 14.206047548857642
1112 13344 0.0006567817444393488 14.396460517474459 0.0007091925322607779 0.0007091925322607779 0.0030214952674098793 0.004964611742188269 0.010484735983185388 0.032903763902894304 0.09354006228923693 0.12858245434134796 0.18026846137354888 0.2307524182916468 0.31714031842804624 0.36295823521055076 0.49547433670435254 0.5899573988588579 0.7791300047475811 0.8093931370298831 1.5393594057699833 6.785678940246068 14.396460517474459
1113 13356 0.0007250890841853591 14.58059031383209 0.0007110202981745473 0.0007110202981745473 0.002980342769525963 0.004948605228642587 0.01042255557503043 0.03262509257704724 0.09327051757898283 0.12854049032208867 0.17900766559284687 0.23090112715897854 0.31651295360513576 0.363375019928609 0.49524604914032166 0.5904598334083635 0.7807663190749319 0.8059378820368379 1.5360162996452953 6.7327364979898 14.58059031383209
1114 13368 0.0008084989215846278 14.790463027371999 0.0007055691676689571 0.0007055691676689571 0.002973152981898554 0.004958279616817338 0.01044994833279506 0.032495237421017786 0.09301679789595828 0.12772613454260529 0.1811917715536095 0.22735926009523527 0.3197209483998616 0.3667369733377124 0.4932870887020926 0.5898915695876082 0.786644692586661 0.8118661346291166 1.516967929660287 6.705568478001773 14.790463027371999
1115 13380 0.000884162176945862 14.689986096453543 0.0006998273972433163 0.0006998273972433163 0.0029774760336711563 0.004921535330038945 0.010518830719117057 0.03255192873572162 0.09292005337173523 0.12688963023007097 0.18169911607568764 0.22890039448810254 0.3209401708758032 0.36893743066846807 0.4929358517289942 0.5892837113944842 0.7830089052644296 0.8158148379089908 1.5144993772935826 6.618610089778484 14.689986096453543
1116 13392 0.0009890993213106615 14.721178242881514 0.00069873412160096 0.00069873412160096 0.0029833230487840592 0.004902997703131655 0.010484863222943357 0.032753512639691236 0.09160276705060826 0.12488770791470229 0.18082649630945893 0.2311920938393037 0.3180440252101975 0.37547538468830627 0.49201606657109614 0.5908956703283614 0.7801025564991374 0.8180176642083659 1.518923051492546 6.579236628071086 14.721178242881514
1117 13404 0.0011380390385867958 14.643711170266805 0.000698513370273015 0.000698513370273015 0.0029824404423046567 0.0049534653016232895 0.01045874036853339 0.03296632075512393 0.09032918773724272 0.12434104017032602 0.181593732110041 0.2334702226953663 0.315821910884982 0.3764351553154814 0.4932907262680961 0.5868989654752212 0.7855399463142128 0.8172061455237127 1.5141698509025892 6.544431170428161 14.643711170266805
1118 13416 0.001247968957104532 14.595918410890762 0.0006960563677911749 0.0006960563677911749 0.0030096852611429803 0.0049453013843808544 0.01045026755279303 0.03312501956322004 0.09036590301497323 0.12367464985826113 0.18049270330196782 0.23447196069524193 0.3180737099101657 0.37390262514279704 0.4967434557295756 0.5831476350038621 0.7931086805183388 0.8081381687311897 1.503182371365373 6.515730922677237 14.595918410890762
1119 13428 0.0013883431012874047 14.7183005797158 0.0006963618745251254 0.0006963618745251254 0.0030028145766441507 0.0049378243812884 0.010503616793135502 0.033226150171501864 0.09092689616151532 0.1243243085029622 0.17936089767305888 0.23559396158239196 0.3153686593636544 0.3743173052189586 0.4923153043194101 0.5710134444018128 0.7894707466483605 0.8042578407574263 1.4984370231848025 6.435793057771034 14.7183005797158
1120 13440 0.0015085203997592424 14.797255098822435 0.0006995470705589976 0.0006995470705589976 0.0030077715030323074 0.004888796641448762 0.010541577438887222 0.033206354166724975 0.08985094062746667 0.12442533806240991 0.17888749399493675 0.23621207486448764 0.31647870688691254 0.3697386366745181 0.49263134338966147 0.5697191037352444 0.7817809781464291 0.8049497460959008 1.4986925811841574 6.43386905259852 14.797255098822435
1121 13452 0.00170071625563488 14.925074067747174 0.0006968089079674596 0.0006968089079674596 0.0030213413714069966 0.004904220826350347 0.01053607466658212 0.033273020765940964 0.09013142528358208 0.125157573924614 0.1792113455810888 0.2319815140889236 0.3161951863835794 0.3711220936460005 0.49308424857752226 0.5635509496381317 0.7783929418186415 0.8091008408587279 1.5244944968528282 6.371185613168762 14.925074067747174
1122 13464 0.0018539688235873774 15.13459374751242 0.0006997787365150681 0.0006997787365150681 0.003019639517093942 0.004901905545268222 0.010325450131034893 0.033262814664828624 0.08981006108697452 0.1253745832103896 0.17834162346917948 0.23136931728518698 0.31424640809080095 0.37198532130884504 0.4895895936251287 0.5641077823821574 0.7764385784391825 0.8095212669283472 1.5170330044172424 6.34291678637029 15.13459374751242
1123 13476 0.0019039424535301113 15.319194695747601 0.0006959410072418957 0.0006959410072418957 0.003053645057319358 0.004911229593832373 0.010322911877501154 0.03308547630117878 0.08975609726991458 0.12424225386194883 0.17659595229168273 0.23246144413965342 0.3108624133485975 0.3716095819984888 0.48823200083938917 0.5629709460892546 0.7748855172117401 0.8104857796061272 1.5267259006712373 6.1964880376973435 15.319194695747601
1124 13488 0.001930744618129531 15.3977430791625 0.0006930752214305216 0.0006930752214305216 0.0030776243548113003 0.004925365397451559 0.010346634999515703 0.03288553915426399 0.08962303813210876 0.12116311869552888 0.1737397013586675 0.23290906774799744 0.3080738702307375 0.3729691501607069 0.4859042923685568 0.559981191575061 0.7752762690462466 0.8052591554379261 1.5243176841917037 6.177568970149256 15.3977430791625
1125 13500 0.002063952702783876 15.3678069162192 0.0006910977227183699 0.0006910977227183699 0.0030766975991898976 0.0049215526470882355 0.010265671971412082 0.03313240580132061 0.08840911290342793 0.12076800145679013 0.17015364719627019 0.23460221000381506 0.3064346842064339 0.3710288174176778 0.4838156325228411 0.5591879630733809 0.7732422059273423 0.8036067221645291 1.5388373787272707 6.130404660423104 15.3678069162192
1126 13512 0.002261112964293838 15.657656638764108 0.0006996249088482304 0.0006996249088482304 0.003088928143893383 0.004937909761176422 0.010242366629150977 0.033210114960749715 0.08863951825882546 0.12102614411340021 0.170233800157187 0.23536442515262238 0.30019679693735957 0.3650493801212202 0.49425757995998515 0.5556186205867452 0.7701629313365901 0.7980840961123961 1.547807966456218 6.117275795569483 15.657656638764108
1127 13524 0.0024060658893862064 15.589911090340147 0.0007023523600744044 0.0007023523600744044 0.003088198158116797 0.004968190072167262 0.010310842147354617 0.03282420228921148 0.0886473823245677 0.1211804938259121 0.17750551931779618 0.23753457880846876 0.29987774246606996 0.3661584603227406 0.5005513811104132 0.5511837844855046 0.7654685423848429 0.8015391385811498 1.5338106260982751 6.06012443777801 15.589911090340147
1128 13536 0.0024763392156931453 15.992371133100196 0.0006993320532975787 0.0006993320532975787 0.003092588857155807 0.004967880437597975 0.010374809598516855 0.0326746317017733 0.08719927886423005 0.12120022202515784 0.17765414102935922 0.23668081765820226 0.3024690659067943 0.36621305473957844 0.5020765678168523 0.5518855802319266 0.76116683489244 0.7998385901111005 1.5332200827918947 6.007064410938515 15.992371133100196
1129 13548 0.002541440135129361 16.39769571403596 0.0006944883497563189 0.0006944883497563189 0.0031163624942559284 0.004944484604388421 0.010197478578517334 0.03272087431966777 0.08704736083993364 0.12030137376144286 0.17752421639494118 0.23408016574052679 0.3030466368830364 0.36439031168657204 0.5008216966923962 0.552782959052698 0.7659235723299805 0.7971907705433385 1.5213874040515853 5.98955796644733 16.39769571403596
1130 13560 0.002578271934997159 16.871211281756242 0.0006971167054201716 0.0006971167054201716 0.0031287426210757975 0.004904871293553839 0.010116354909248428 0.03248193321646882 0.0865160543682821 0.1202103353977107 0.1752790067948145 0.2349650328312717 0.30132348255432534 0.361339594785112 0.5005832655540686 0.5554777287502534 0.7616628804348106 0.7955379761048085 1.5128985049515078 5.968553799804823 16.871211281756242
1131 13572 0.0025175228906898274 17.112940447226386 0.0006963147720885747 0.0006963147720885747 0.003111379392349095 0.00489740335062242 0.010094899710957367 0.033004777584157145 0.08590537500014789 0.11982689741258762 0.17640863744239146 0.2365327378502573 0.30159222349121595 0.3600065966426618 0.5001910067495263 0.551013698551013 0.7586742801521412 0.7884489655357005 1.5134937228528453 5.873245559195828 17.112940447226386
1132 13584 0.002521421660301873 17.121913293365317 0.0006951739855023329 0.0006951739855023329 0.003100413841896846 0.004888113574661418 0.010089580195099819 0.033087466298399267 0.0855704914237166 0.11882670378083461 0.17423085414742034 0.23727241236251154 0.30191861625786415 0.3604002604564571 0.4985106683108261 0.5610935547037829 0.7563297718255392 0.7811846797090698 1.4882722312897165 5.8524973612546605 17.121913293365317
1133 13596 0.0025492343165569994 17.306433223064477 0.0006956186161294783 0.0006956186161294783 0.0031092249857726916 0.004880131826050193 0.010000419937550353 0.033192363962743505 0.08538635237003707 0.11719207095640122 0.1745285294022482 0.23757653299472875 0.300128154311512 0.35801063856542276 0.5034552633664975 0.5657598866969982 0.7503137306461936 0.7812477676397367 1.4773663566975295 5.784176288368053 17.306433223064477
1134 13608 0.002503635539057031 17.62269014499005 0.0006923288484389971 0.0006923288484389971 0.003154581162722326 0.004826058366114994 0.009993040231905 0.03327228621517556 0.08518872455145192 0.11647722149248534 0.1723289063379595 0.23787792132281904 0.29872728898157286 0.3578123239836685 0.5026708530182075 0.567373646035569 0.7463111929139855 0.7784889024553872 1.478900757528939 5.739102551552197 17.62269014499005
1135 13620 0.002589965383642153 17.64216823119698 0.0006913864342241772 0.0006913864342241772 0.003151436653643347 0.004800250375011383 0.010030349797430706 0.03298918082153496 0.08489519227371962 0.11622691241567651 0.17306840433483675 0.23724455716550127 0.2986373703680982 0.3562533530415341 0.49887746590851745 0.56262074354951 0.745557503364689 0.7810284041485769 1.4640247625748226 5.662331150368917 17.64216823119698
1136 13632 0.002810545324163415 17.869439344299167 0.0006984089644203118 0.0006984089644203118 0.0031616624385473273 0.004830605050955798 0.009892781713023689 0.03305549249697068 0.08437858400663921 0.11618028659999148 0.1724553459726022 0.2367847371756265 0.2963330680329537 0.35365238868793264 0.49666401989939307 0.564031866549032 0.7476657024642802 0.7900984250993212 1.4514885643436226 5.541758521851913 17.869439344299167
1137 13644 0.002952491523870614 18.414833700959512 0.0007219772170458197 0.0007219772170458197 0.0031577603512686248 0.004851206949466382 0.00986464395888426 0.033173365375094 0.08421102017236075 0.1146808095073905 0.17164887938830053 0.2359016764950711 0.29492069206769705 0.35260296991460155 0.4916272613671372 0.5597193905374357 0.7447031157313372 0.8013929495535927 1.44980085474054 5.466059909344455 18.414833700959512
1138 13656 0.0030038152821664937 18.494755662891336 0.0007307201388921038 0.0007307201388921038 0.0031473632068915007 0.0047951446261628025 0.009845792844532717 0.0330868600284833 0.08392865156744263 0.11422483642777964 0.17071470893598772 0.23579859456911553 0.2948203417911176 0.35883565772900455 0.49587887007112236 0.554871618757998 0.7486241478910622 0.805214036145688 1.4412970015108437 5.4017761456575215 18.494755662891336
1139 13668 0.0031653790827858496 18.46134070884806 0.0007326559460271668 0.0007326559460271668 0.0031404675195459 0.004830038046053408 0.009747704939886455 0.032790581508814115 0.08325735182184534 0.1143715886386503 0.17121361222609982 0.23474845849148657 0.2935506948830149 0.3603479469259684 0.4949141794613146 0.550539992887517 0.743247905992819 0.8068469901271997 1.4266038104578076 5.397775248824539 18.46134070884806
1140 13680 0.003210661358841903 18.58271443164466 0.0007379733084726392 0.0007379733084726392 0.003143548954984061 0.004849168999358314 0.009884189590305206 0.03251853499339611 0.0827269476371076 0.11455162968885406 0.16939000173598448 0.23411134293855254 0.2944693092261953 0.36163087616249906 0.491065729045526 0.5498098777378513 0.7432628546916205 0.8177734671465919 1.420367268385009 5.318143452447544 18.58271443164466
1141 13692 0.0033258138894464804 18.63423648251277 0.0007471017033669445 0.0007471017033669445 0.0031443954363937487 0.004837676128348882 0.009644473080393403 0.03273721027598773 0.0824247805993939 0.11533104225140943 0.17022232475255236 0.23497106023939124 0.2927441233742717 0.3603400298116393 0.4895788945137365 0.5491690127826305 0.7389486677136047 0.8200589600607139 1.4123333504850606 5.251153963779024 18.63423648251277
1142 13704 0.0032508136958456254 18.973393837643567 0.0007458115623912963 0.0007458115623912963 0.0031203711916704493 0.004822777856575079 0.009562184263461249 0.03276132780167845 0.08326312026714475 0.11667113956643624 0.16898425449643792 0.2320406135591541 0.2935429608402345 0.36001455329176 0.48872780346721884 0.5578384800512014 0.7411960688543753 0.8166712816111178 1.41224898605235 5.176517082264835 18.973393837643567
1143 13716 0.003144969661933678 18.796152080276936 0.0007506668113101945 0.0007506668113101945 0.003116594702251005 0.004822773487754302 0.009606925875434132 0.03271998309693188 0.08374038301124202 0.1179463389556042 0.1687016211580591 0.2299996762144479 0.2943235650534585 0.35704839045955233 0.4902232812586712 0.5590969705550294 0.7400657840108039 0.8140332374499025 1.412235624312603 5.16859271213966 18.796152080276936
1144 13728 0.002937310507474198 19.00261289883634 0.0007400631207776548 0.0007400631207776548 0.003117011130221988 0.004863254876059819 0.009532375140944979 0.03270932162216556 0.08283283121871364 0.11719128894122757 0.16762685995863494 0.22973943496922347 0.2948435393765036 0.35737505098417927 0.48607121528631886 0.55698386866785 0.7402362138270023 0.8078309869568719 1.418443611754829 5.100465778213845 19.00261289883634
1145 13740 0.0028456907970461987 18.97678994967255 0.0007300331809168797 0.0007300331809168797 0.0031208990157661843 0.004834755184519198 0.00952295058452302 0.032648561349108624 0.08171955700286929 0.11788644642652381 0.16763832474944557 0.2304880445847608 0.29541137370530596 0.35777011427776145 0.48901612622111706 0.5562617692819265 0.7398926588522025 0.8076847536928651 1.4046096245032458 5.004487151560504 18.97678994967255
1146 13752 0.002803355951553527 18.69844299867211 0.0007297519592248074 0.0007297519592248074 0.003091629631971554 0.004798989357831209 0.009460461484530822 0.032374040459896794 0.0821781501214784 0.11831431535376549 0.1671202072448883 0.22984063600588658 0.29422036884906727 0.35743187157167516 0.4882086237077146 0.5682491334959944 0.7395886951845164 0.8119703849007812 1.399307585490635 4.96376513876555 18.69844299867211
1147 13764 0.0026875019787210913 18.60085671757591 0.0007304174594738473 0.0007304174594738473 0.003054045801737793 0.004844659471135296 0.00943745747799965 0.03218428472905661 0.0822231881405722 0.11542418589208635 0.16718907591644375 0.2278099586607398 0.2979376371891281 0.35694441209246774 0.48799930691142235 0.5772075037463945 0.742110895646815 0.8198334495005754 1.3998254207626195 4.902286644013752 18.60085671757591
1148 13776 0.00263440072510048 18.343215242046757 0.0007216003991855787 0.0007216003991855787 0.0030608626798411184 0.00483912560496336 0.009462776094859938 0.03238120473371936 0.08089987414307619 0.11495566094284032 0.16696118953276917 0.22533951109551956 0.2984136244798462 0.35484672133151146 0.48692659544695865 0.5807453989633311 0.7417128428062393 0.8221720615004641 1.3913704232526782 4.8726139498580325 18.343215242046757
1149 13788 0.0026783253323906363 18.2936716784627 0.0007140069601404521 0.0007140069601404521 0.0030381889858442 0.004794008336491594 0.009528640958052434 0.03252834793399443 0.08041863057605492 0.11447498582356565 0.1657769559880907 0.2262854373945788 0.29788960816065324 0.356485018384217 0.4884108761318006 0.58106868618794 0.7413901373637585 0.8229814234333684 1.4091047442746978 4.825307435830138 18.2936716784627
1150 13800 0.0027052786991708343 18.35985354990726 0.0007131169650131479 0.0007131169650131479 0.00303273542541881 0.004749129195258033 0.00963149023864723 0.03223918647547692 0.07969425947542469 0.11420654364292337 0.1692768014989214 0.225243171681439 0.2971667818009496 0.35641200934729217 0.48744406201118046 0.5778347950246231 0.7414833018394572 0.8350927438548338 1.413559956214701 4.749238377230976 18.35985354990726
1151 13812 0.0029699282196057352 18.06918699170524 0.0007063331258301504 0.0007063331258301504 0.003058078868944603 0.004702619744395893 0.00971985126053929 0.03223152828439528 0.0793839524478553 0.1136674795470942 0.17257667499082696 0.22492248970161363 0.29653356743540615 0.36208329100898073 0.4891842334204524 0.5802786080745508 0.7421133632088474 0.8356786366683745 1.4242400156734218 4.641615276233886 18.06918699170524
1152 13824 0.0029443748922105308 18.30159665642712 0.0007094770670000643 0.0007094770670000643 0.0030425825047600344 0.004758833614195603 0.009724717151608508 0.031993436779952554 0.07859857494753315 0.11240249233953142 0.1736287746730418 0.22556408528582989 0.29342217643521834 0.3593121157399637 0.4861116695523902 0.58197890958567 0.7492662653026086 0.8672637472168523 1.4329551734304904 4.6300433100534955 18.30159665642712
1153 13836 0.002959661387281968 18.395877312292704 0.0007000152551851985 0.0007000152551851985 0.0030683526721220654 0.004741215616001453 0.009756198431617145 0.03188749451326525 0.077690464197331 0.11206390139467956 0.17348899705920912 0.2249994271851123 0.2928139501498733 0.3579595019286468 0.48625032470501295 0.5792003097746445 0.7388657789490763 0.8732704077767981 1.4295890381499374 4.622911862173199 18.395877312292704
1154 13848 0.0028429813091444293 18.412027458901065 0.0006981798346551098 0.0006981798346551098 0.0030922582865294175 0.0047933227164932415 0.009731582721019342 0.031811867670614384 0.07707627779615896 0.11216716259165099 0.17375569696668947 0.22408040859710132 0.2891025377074373 0.3553159134993411 0.48438485476499255 0.5782518827680485 0.730878996021661 0.8753536112435758 1.4345868912960498 4.54708850093437 18.412027458901065
1155 13860 0.0026542635356153485 18.305065065611252 0.0006963263929397554 0.0006963263929397554 0.0030879790023959374 0.004773064643625797 0.009775198956379587 0.03162926699672181 0.07590876160673224 0.11238118670385723 0.17511107626039166 0.2215239567912384 0.2883850611258151 0.3538569815773428 0.4791397610530199 0.5861651365267915 0.729961979046005 0.8798995917822273 1.4372115302672286 4.495380502738781 18.305065065611252
1156 13872 0.0025219965020245186 18.016643138759243 0.000698403824186675 0.000698403824186675 0.0030881507486630855 0.004735645912530214 0.009805703646332755 0.03179973594998935 0.07400498372724328 0.11176807808938521 0.17554646805098584 0.22083478578378435 0.28826953203942274 0.35336797750742943 0.4795564271480301 0.5844276302298266 0.7276221814939364 0.8759925116516345 1.4394243450781778 4.4219179607604575 18.016643138759243
1157 13884 0.0025085952271037566 17.819773885642817 0.000697435891520917 0.000697435891520917 0.0031201978891171964 0.004704247400636798 0.009842902052768967 0.03173769392692574 0.07345847008684 0.11157315127871992 0.1775171980519173 0.21972130054206776 0.2866705281543062 0.35567140912384004 0.47649119642683335 0.5841150245496255 0.7277592029233431 0.8734977779352375 1.439086948684053 4.309031813858179 17.819773885642817
1158 13896 0.0024622526307055354 17.919097697364915 0.0006903931012350824 0.0006903931012350824 0.003123708870989102 0.004701222087859772 0.009776932118861006 0.03163764511129737 0.07331010881255084 0.11157604306007074 0.17816799464323024 0.21797769843622503 0.2852949238869416 0.353000541937769 0.47701672188316047 0.5890539866916532 0.7340352619874311 0.8717258049832475 1.445010490462027 4.257042174464025 17.919097697364915
1159 13908 0.0023773357171404906 17.92134300042924 0.0006894690451812406 0.0006894690451812406 0.0031168618947584534 0.004741400148865086 0.009749831036527245 0.03170782230482023 0.07242130418574125 0.11181495279578563 0.17902669139153346 0.21702646216607557 0.28720244387696464 0.3521873628860039 0.4758718360286628 0.5827671648095082 0.7303165279655459 0.8690509123167409 1.447235587128597 4.210038603000107 17.92134300042924
1160 13920 0.0023214736109943785 17.839961028863886 0.0006899742820926414 0.0006899742820926414 0.0031083417886688426 0.004675066339900073 0.009732734095238395 0.0317250123605528 0.07205541650171508 0.11227814474359296 0.17908218692570851 0.2150151048959981 0.2884995272740851 0.3490319300504483 0.4787622342625719 0.5795914150779233 0.7247590080842944 0.8738935947152369 1.441112288687223 4.168710437438601 17.839961028863886
1161 13932 0.002261774125019776 17.817630056926735 0.0006823563483984794 0.0006823563483984794 0.003126539242034638 0.004695535571870489 0.009701514094877288 0.03147511430197026 0.07128116663686188 0.11478156273849502 0.17810797913129425 0.2145521760922628 0.28751750688547045 0.34880652909901433 0.4803270293189454 0.580190123386536 0.7234028202327233 0.8716715205698244 1.4264825667757515 4.118420561253174 17.817630056926735
1162 13944 0.002239815024603447 17.894788710530552 0.0006848983489862856 0.0006848983489862856 0.0031328399480664657 0.004747984479099805 0.009734971436507322 0.03096502964612788 0.07130149634393228 0.11495604888692092 0.17875719940057846 0.21284255655629253 0.28477197581789293 0.3460503088068435 0.48005787843030895 0.5815727696493435 0.7209715161008485 0.872868442163698 1.4230073762274122 4.050620546994475 17.894788710530552
1163 13956 0.002252740878221268 17.85750701542995 0.0006865493498598601 0.0006865493498598601 0.0031295747638017857 0.004769552684582016 0.009654156869162317 0.030859750898449965 0.07098610708452614 0.11373910503377921 0.1772947710304918 0.21228955178681622 0.2868710710875075 0.34270357181567906 0.4745241016240482 0.5826372267589832 0.7235890454726542 0.8763687152021556 1.4209786071090131 4.042558480362403 17.85750701542995
1164 13968 0.002142411320111437 17.876162530304512 0.0006925250668390105 0.0006925250668390105 0.003131798595283339 0.004768339673558724 0.009599346855194918 0.03059308880106601 0.07042606082516596 0.11467336752407523 0.17524219680800313 0.2121983033989664 0.2887960459627681 0.3434523602639772 0.47295616891154263 0.5800056167052801 0.7169618741530265 0.8767745638304105 1.448234089927636 4.035811685509707 17.876162530304512
1165 13980 0.002068405979123599 17.747125085037496 0.0006903388986533799 0.0006903388986533799 0.003105297682709076 0.004722369007909903 0.009474192344621471 0.03059008503008441 0.0705215023623531 0.1145963698890265 0.17539962730340508 0.2137771245714782 0.28700296106106055 0.34563249398306395 0.46945661606154926 0.5814941014990036 0.7108990470474862 0.8715830596763517 1.4514069116646209 4.002485192412389 17.747125085037496
1166 13992 0.002129562747986936 17.631717799502233 0.0006909034561748402 0.0006909034561748402 0.003113732212598084 0.004730826601924524 0.009427780877744835 0.03040024217640206 0.07012374948772122 0.11339812765859783 0.17603498198248527 0.21172952688008298 0.28645236317853967 0.3462533414441065 0.46767636398072987 0.5814060107908653 0.7105723749127997 0.865945561186074 1.4436448572243348 3.995819065009973 17.631717799502233
1167 14004 0.0021060864860449873 17.480335949778844 0.00069122005160637 0.00069122005160637 0.0031112043407120395 0.00484166099871633 0.009473403326405895 0.03041157089960569 0.07030585348955015 0.11335067854667527 0.17548089973953235 0.21222871090522527 0.28590073625513784 0.34228498806238883 0.4637726038522575 0.5756537172655856 0.7115743853930775 0.8688780763488546 1.4476433947014014 3.9389929574114446 17.480335949778844
1168 14016 0.002065897837216118 17.486867599814104 0.000690265269400131 0.000690265269400131 0.003096149166536564 0.004857257878256784 0.009404439184348853 0.030422859993217314 0.07059711494178517 0.11404597112855357 0.17543212400410405 0.21230530421803506 0.2850941359715558 0.33851212934522323 0.46092028410831387 0.5751100550221202 0.7111576379702629 0.8663527622769047 1.461191346922299 3.899076608666308 17.486867599814104
1169 14028 0.0020414362033213435 17.264184574006762 0.0006838173719624579 0.0006838173719624579 0.003106973737833319 0.004830444604157562 0.009327991005299937 0.030889829839372725 0.07048391097225722 0.11413631928232187 0.17563388199579028 0.21348138047500598 0.2868363304759239 0.3401062305408923 0.4617266197728789 0.5758065835259443 0.7118356789522853 0.8588313604571353 1.461705105655284 3.8584894082983134 17.264184574006762
1170 14040 0.001988981664886269 17.141865144574073 0.0006796290828752296 0.0006796290828752296 0.003082654499422999 0.004794003386027507 0.009211913923447992 0.030855434934008028 0.07071702091930189 0.1132899524823278 0.17517450454524022 0.2163391568242943 0.28477359131057456 0.3429828261921127 0.4666647680646381 0.5731607018351563 0.7102307187883538 0.8554836065157533 1.4673347231276253 3.8099469418171124 17.141865144574073
1171 14052 0.0019836978817006053 17.013991452814917 0.0006766344039365756 0.0006766344039365756 0.0030841575832937494 0.0048390991173180645 0.009150075357984053 0.030971668481986906 0.0703261725913807 0.11341276410499603 0.17527625388118953 0.2174194254709019 0.2848741644555502 0.3444635729674662 0.4712679054869774 0.5703045485994357 0.7016090307138079 0.8588836575328785 1.4463241693845679 3.747865038688179 17.013991452814917
1172 14064 0.001959097621887808 16.810592611211405 0.000674472169078509 0.000674472169078509 0.0031020285179680675 0.004825300647215721 0.009085408778702331 0.030451506571790927 0.06997518424741472 0.11314143003290797 0.1740289431279333 0.21809690956163555 0.2849782928111151 0.34524000021317175 0.4765388779492642 0.5758925829959003 0.7011626062898364 0.8584204916887553 1.444421367880833 3.726367627429749 16.810592611211405
1173 14076 0.001940510507020368 16.775227864759984 0.0006712360370468327 0.0006712360370468327 0.0030975577279800924 0.0048411385314299 0.00908771535008179 0.030526478180272962 0.06980009222784561 0.11093830738368009 0.17505009851877115 0.2203654634682695 0.2848990121550441 0.3461662013525572 0.4767553933787151 0.5754098434400631 0.6990433327151799 0.8522696584620103 1.4343566526244345 3.6897490999870004 16.775227864759984
1174 14088 0.0019184279174984482 16.87478890332151 0.0006713193634094478 0.0006713193634094478 0.0030844626453709776 0.004886666566899662 0.009156475355344335 0.0309542824244876 0.06912045547555629 0.11228503740665519 0.17520910037852988 0.2185334190611196 0.28368712357977094 0.3397016321602197 0.4795856445459399 0.5761949698235568 0.6949506477429362 0.8488532053604804 1.4306467075242335 3.651974052091888 16.87478890332151
1175 14100 0.0018263899621138323 16.722806020566754 0.0006713766221234412 0.0006713766221234412 0.003066080998530492 0.004861535454886396 0.009083590883849907 0.031051652320358065 0.06903432142662339 0.11193994842778594 0.17406407171772367 0.21863933349522585 0.28242669602998066 0.34207005354649267 0.4804023589787867 0.5726283661458136 0.6987175430700199 0.8349915616914909 1.4266152749222762 3.6527342779659615 16.722806020566754
1176 14112 0.001796120107522943 16.502510533761683 0.0006596324398947956 0.0006596324398947956 0.0030445386012008893 0.004871296924682662 0.009098277456838397 0.03088224598434691 0.06862007887162576 0.11260222873622985 0.17324380156017452 0.22064366824614942 0.28260295178539746 0.34249923442730595 0.48902207884848187 0.573009369741172 0.6930756856024701 0.831168338285289 1.422842786561782 3.6437001660364454 16.502510533761683
1177 14124 0.0017516654426703462 16.301320011085867 0.0006567679453127603 0.0006567679453127603 0.0030454394246766806 0.004834183241041052 0.009106935967088127 0.030834731746980638 0.06849642113630126 0.11297038655226 0.1739081839127281 0.22011907182291948 0.28214863787776356 0.3447655518925532 0.49327793010235027 0.5723615207000066 0.6972560246063869 0.8262544461027479 1.435057087909169 3.636019329632449 16.301320011085867
1178 14136 0.001709474941688761 16.134130130294988 0.0006561711467370217 0.0006561711467370217 0.0030839461395510462 0.004839721611584022 0.009128206307307306 0.03037134701894411 0.06830511536310345 0.11412935874079126 0.17213679775839502 0.22414421486098277 0.28447141859299807 0.3415737357832377 0.49021400042081476 0.5687016923717084 0.7019559451945129 0.8261465179513021 1.4377618255710105 3.523710131193713 16.134130130294988
1179 14148 0.001853476578808226 16.155101781176057 0.000654415084399165 0.000654415084399165 0.0030653086225552696 0.004842938706014429 0.009095225712453784 0.030358045264032837 0.06803932755516223 0.11381115177197051 0.17224884839749965 0.22580275099552846 0.2832374149767341 0.33949899800155536 0.4871863705106719 0.5616217721903382 0.6999152099344055 0.825931832170647 1.4267880023424737 3.4460758427805818 16.155101781176057
1180 14160 0.0019388732206503225 16.22349795411339 0.0006569070612553869 0.0006569070612553869 0.003075601715667721 0.004906363006478955 0.009146096127861965 0.030405762397122015 0.067936233277133 0.11318124129571172 0.17235303913112546 0.22778519352650525 0.2816937584509331 0.3440137584787227 0.4855493775593713 0.5589466091623253 0.7016187190421038 0.8296960147643996 1.421340628666399 3.4165484584087156 16.22349795411339
1181 14172 0.0020685574326374627 16.24130297625174 0.0006577936359599277 0.0006577936359599277 0.0031105087040186317 0.0049098896852416835 0.009048849883011682 0.030350342815930496 0.0672398464656123 0.11270145555846864 0.170396610315613 0.22985881715175685 0.2830642138628418 0.3430479299241956 0.4804054647884756 0.5589576431363787 0.6994494210578065 0.8303411511240651 1.4186130752027373 3.353527140622519 16.24130297625174
1182 14184 0.002178904008085304 16.029935026845244 0.0006586374951610592 0.0006586374951610592 0.0031231220424963887 0.004875684729110486 0.009131916091377973 0.030160237846249376 0.0667620467516379 0.11277773256870445 0.1717632658845434 0.23148765244171204 0.2848640197873152 0.34569520733039333 0.48051642526125427 0.5681818079865841 0.6949399603858599 0.8288108215609555 1.415052592159966 3.2970819023127262 16.029935026845244
1183 14196 0.0023143024911192324 15.925738215754652 0.0006533380146059982 0.0006533380146059982 0.003145558552177665 0.004877707515927365 0.009110761666763065 0.030182964319120993 0.06656783432687965 0.11290801599406522 0.17177816483491862 0.231125981456135 0.2830281048971377 0.3452140638037368 0.4802510180147029 0.5780317210872914 0.6976256083627963 0.8318509056526846 1.4178991590036294 3.252024097368849 15.925738215754652
1184 14208 0.0025744821636703957 15.886719794508208 0.0006537461686521354 0.0006537461686521354 0.0031817443230446546 0.004890872541306554 0.009062436007731739 0.03050179919710367 0.0674837132914697 0.11282840454562756 0.17083093616292733 0.23060246731182732 0.2826126117899341 0.3435760438836389 0.4820427843542244 0.5826499727481957 0.6971593355620507 0.8311213540600653 1.4051683047163475 3.217177017829524 15.886719794508208
1185 14220 0.002702716655906314 15.764511948512139 0.0006567487613956781 0.0006567487613956781 0.0032017545591582503 0.004830388609818056 0.008979174146135657 0.030535215076509234 0.0677349353882814 0.1129456333749413 0.1704794886843895 0.23102594821659594 0.28163065977141805 0.34252022524576736 0.48361236002610086 0.5922449959043128 0.69252405469012 0.8297761174404423 1.416203589744858 3.2181176293248943 15.764511948512139
1186 14232 0.002780328597802467 15.735249229897839 0.0006575278509243013 0.0006575278509243013 0.0031898676537119083 0.004790460559658556 0.008932735265729451 0.03031259517160908 0.06764155510895511 0.11296814981487226 0.16975187471310718 0.23149431731884335 0.2804150682132095 0.34407095127748755 0.482518118039465 0.5909071752333984 0.6939427822594225 0.818154273743737 1.4064999303031687 3.199238449579335 15.735249229897839
1187 14244 0.0028056614830629305 15.430708519404588 0.0006510783773405698 0.0006510783773405698 0.003154581256117177 0.004849368610273438 0.008951796397917728 0.030463520152884248 0.06750612802587344 0.11298820952959593 0.16969002123397747 0.23196292756394885 0.2806541451878501 0.3448599565498931 0.4892218840467818 0.5853872937924339 0.6936995156175793 0.8149123163511741 1.4012022630116914 3.16759268313216 15.430708519404588
1188 14256 0.00270346212520388 15.222144043053039 0.0006539427729686003 0.0006539427729686003 0.003150356860388897 0.0048393154666349645 0.008827245706692528 0.03037245164764499 0.06790215405851154 0.1125528336834944 0.16950937374767758 0.2344244138067226 0.28305579403575054 0.34091532022462845 0.49014707383466755 0.5824248583870147 0.7015778139952327 0.8137311563382175 1.3984264772085342 3.1481953565514966 15.222144043053039
1189 14268 0.0026526528229640998 15.072444632164116 0.0006558178263809612 0.0006558178263809612 0.0031181546895258675 0.004834249107605595 0.008835198220553411 0.03025964985978548 0.06845537988840965 0.11267641464028769 0.1709904166807826 0.2345238438928016 0.2818190049278801 0.34032007192674557 0.48977370813925003 0.5773956229541749 0.6980324517733697 0.8111721291450709 1.3987378372465045 3.097529945636003 15.072444632164116
1190 14280 0.002755273867274381 15.04861133582096 0.0006569668128993564 0.0006569668128993564 0.0031298536108538043 0.004939885017879903 0.008768667551656742 0.029432767173723028 0.06846264623784733 0.11264890195313501 0.17002288290420936 0.23201732363150243 0.28249173160786534 0.34112745607782713 0.485504398795507 0.5806954184300506 0.6990200576523633 0.8115864558745255 1.4015345541878073 3.050689278588563 15.04861133582096
1191 14292 0.0029961795170171386 14.926286006386155 0.000654271652489029 0.000654271652489029 0.0031384409291691073 0.005057630135643913 0.008774485176259181 0.029598683818646238 0.06938820130857823 0.11186880373929056 0.1698442728032599 0.23132227161289884 0.28264914617188963 0.3393747040472573 0.4808159263335393 0.5846726978677437 0.6966185413650682 0.8276758574114753 1.4043817087401227 2.9959491506503064 14.926286006386155
1192 14304 0.003231978853156761 14.852595313579704 0.0006480946914830617 0.0006480946914830617 0.0031073286079010888 0.005168088001448038 0.008707883521908715 0.029536812215973714 0.07002429493330505 0.11079530077711744 0.17383967728283348 0.23287135999788972 0.2803282144972247 0.3413017596530575 0.4819935321910731 0.5874119392611507 0.6929615033453916 0.8281270677553463 1.406612711454229 2.9392894035613235 14.852595313579704
1193 14316 0.0032792246114296667 14.717368270972418 0.0006495461543988866 0.0006495461543988866 0.003110101700610733 0.005247391615225416 0.008630507281371214 0.029377236691302593 0.06968616951058462 0.10994568962057094 0.17541709485326532 0.23443465816992154 0.2861164726610136 0.342864040292848 0.48295301659100465 0.5898968121872843 0.7014227251493811 0.8337637384649039 1.3958950934057717 2.908821661287668 14.717368270972418
1194 14328 0.0031947750037585885 14.68083041298951 0.0006452282449197223 0.0006452282449197223 0.0030966637686837863 0.00526581305588386 0.008775922382750191 0.02946723094984554 0.07056097943774947 0.11012818744735145 0.1760313962350868 0.23294676829386604 0.2855601641376257 0.34072625412017066 0.4772623560352727 0.5871980531765078 0.6988814148696211 0.8350084676635863 1.3821235945283639 2.8907638951269528 14.68083041298951
1195 14340 0.0031414609816746383 14.680166743963971 0.0006448440851042729 0.0006448440851042729 0.0030950824832307834 0.005265964826454817 0.008780207340904045 0.02942529696600524 0.07103610432177926 0.10930449335591114 0.1768045923114131 0.23143626909381768 0.284125109413575 0.3419062094874979 0.47332624885977037 0.5861033895615374 0.7038787633431124 0.8334122402404244 1.3798165701394407 2.8368793329648567 14.680166743963971
1196 14352 0.0032053279442142263 14.461500766692254 0.0006436856587783608 0.0006436856587783608 0.0030116861893091733 0.005258763812785576 0.008804560984776253 0.02948794111600064 0.0710247990321504 0.109162482030053 0.1803796808301735 0.23084573045336262 0.2840090075698332 0.3433752629742098 0.4689176194064973 0.5851276425944 0.7042392308139888 0.8301033237126472 1.3825343101281464 2.7955485186404125 14.461500766692254
1197 14364 0.0032618063706298414 14.20398183511459 0.0006399315621685324 0.0006399315621685324 0.0030313609264281476 0.005252665006995041 0.008734343543414926 0.029657635762793032 0.07067198446734164 0.108442106524208 0.18360527890619197 0.22792970297900866 0.28364488407756616 0.3415460217910949 0.471065641513667 0.5904679875471629 0.7034772087159579 0.8286162582974727 1.3832397762430662 2.783998313313005 14.20398183511459
1198 14376 0.003168715681630051 14.077579033329366 0.0006377956547279157 0.0006377956547279157 0.00300490665500782 0.005309229152024514 0.008717780445736546 0.029719084741847108 0.07022711554881923 0.10840410324754456 0.18409093124125434 0.22680926204234894 0.28184757988671794 0.34166941934904005 0.47155451642368323 0.5936836177407183 0.6962958258866592 0.8243648810554552 1.384840665019064 2.7759673349573215 14.077579033329366
1199 14388 0.0031862357882422028 13.942014120641645 0.0006377610872845479 0.0006377610872845479 0.0030308412266161883 0.005286078485117068 0.008693091960365822 0.029837788330388304 0.0702573692675424 0.10793278551661191 0.18455424290121297 0.22785282383358293 0.2811432362272414 0.3402472612143663 0.47109671234052347 0.5823684451263056 0.6920726157590923 0.8233707368957559 1.3684487891555634 2.7706498750105513 13.942014120641645
1200 14400 0.0031951488548306573 13.911504773773093 0.0006388499303888079 0.0006388499303888079 0.003037980578896931 0.005265332203685791 0.0086994887937299 0.029898325369199476 0.07057974511118736 0.10787689207812608 0.1860144684273851 0.22679685811901315 0.2779120664216527 0.34066816285054236 0.4684210886882615 0.5840422692377761 0.6841330260859148 0.8198382921579974 1.3614569441799518 2.7353991195973686 13.911504773773093
1201 14412 0.0031896935404053892 13.79852760856902 0.0006513089782541186 0.0006513089782541186 0.0030238380549622037 0.0052235547958554476 0.008615105335028463 0.02988391846988188 0.07060004599696423 0.10741356437784161 0.18653940577607386 0.225110336395919 0.2810129450687084 0.34408083441447207 0.4639727782371158 0.5775397261481503 0.681672065926751 0.8202642428958551 1.372021592986087 2.7177304754809337 13.79852760856902
1202 14424 0.003199521673642555 13.582945395144096 0.0006465916971693888 0.0006465916971693888 0.0030159735475784864 0.005220595056452994 0.008615944516469463 0.029648112324014222 0.0706655642905514 0.10554103390178227 0.18665719808434186 0.22627448963393418 0.2828001648770574 0.33944868091114216 0.4636000000130429 0.5789866564803271 0.6803397033932812 0.8240851393736276 1.3754474421433012 2.714159967314387 13.582945395144096
1203 14436 0.0031455842519161775 13.517602314773766 0.0006582776981607819 0.0006582776981607819 0.003012589116671256 0.00518352568243492 0.008575228260418354 0.029765213374931276 0.07032263621214108 0.10485409621420486 0.18616886271646851 0.22884930419756538 0.2836022323984638 0.33896096360171835 0.46076034561399815 0.574635081811368 0.683169132857892 0.8148179946244427 1.3681475696358003 2.6973762594321653 13.517602314773766
1204 14448 0.0031681074306660795 13.470931785157703 0.0006596901071093222 0.0006596901071093222 0.002932949246348139 0.005190038729072359 0.008590893232452547 0.02981988224575433 0.07028699071294367 0.10513392369423946 0.18564390062896305 0.2284133254573754 0.28475882124708124 0.33740179717359803 0.46114657923530045 0.5750181800289016 0.6829002403435452 0.8042513398180418 1.3599341215626533 2.6780959516570197 13.470931785157703
1205 14460 0.0031072845884992156 13.424189845228 0.0006583623607301461 0.0006583623607301461 0.002937041468583764 0.0052028276256676645 0.008550831841152422 0.029547259297766377 0.07006234899468086 0.10512700669229258 0.18546309794030913 0.2281733379449534 0.284427444702445 0.33527680760939543 0.45903001035207114 0.5716492172616184 0.6895291059057244 0.8029779970980844 1.3580437703239119 2.6751899119885167 13.424189845228
1206 14472 0.003069024216018634 13.5190440807385 0.0006611461341613191 0.0006611461341613191 0.0028957671385141806 0.005146687766516367 0.008552675480761529 0.029632998283330724 0.07025605088511096 0.10461016833719866 0.18608999893026787 0.22945268157909274 0.2841425242310179 0.3305569204926971 0.4569926365087142 0.5683195192726002 0.6960006276916985 0.8079372383037019 1.3493040923967385 2.6916428580673766 13.5190440807385
1207 14484 0.003105896179361036 13.455689979723784 0.0006526435630451063 0.0006526435630451063 0.002903778467028382 0.00513675894868024 0.00852808953868642 0.02947705158513618 0.06975725295681418 0.10484428713208144 0.18523179504459666 0.22937477594030556 0.2837101557144357 0.327233687495022 0.4584688663620405 0.565189926698136 0.6914489443840293 0.8253254881890107 1.354646344913657 2.6806258641937712 13.455689979723784
1208 14496 0.0029366951503751386 13.27933643822659 0.0006422575909416904 0.0006422575909416904 0.0029197966353432052 0.005133769707102174 0.008463037775151741 0.029498948984163564 0.06959023018399821 0.10560031251628865 0.1838028029949579 0.2284436033158812 0.2856572756519164 0.3289993566517595 0.4563492336594544 0.568686764378883 0.6904483337124245 0.8283891426905747 1.3466102563306799 2.647097722930776 13.27933643822659
1209 14508 0.0027343446690725258 13.241301306712103 0.0006435967745309453 0.0006435967745309453 0.0029034205640265857 0.005115844349075029 0.00839642011262962 0.029125673992942542 0.069280600696867 0.10559761441310245 0.1840955268997737 0.22786805195456158 0.288717421723396 0.3250698441177448 0.45173027586473424 0.5622258303785602 0.6927283310640799 0.8243674039705297 1.3500968799992084 2.661827848048783 13.241301306712103
1210 14520 0.0026189931850540997 13.127029035574497 0.0006411539342697657 0.0006411539342697657 0.002882562647802477 0.005144942332428094 0.008312021026261034 0.02907632698758794 0.06928667485977248 0.10520171310477978 0.18337819528898305 0.22693527723675636 0.28425396964807537 0.323620117598565 0.4534465795429331 0.5550322084057644 0.6972263747545187 0.8292691725826822 1.3471161314199562 2.64920573222613 13.127029035574497
1211 14532 0.0025230335451487903 12.878359525851922 0.000636447480788477 0.000636447480788477 0.0029141190450731602 0.005180100994032134 0.008183625431606275 0.0287900048239947 0.06814895438720031 0.10614907643575312 0.1843621720707737 0.22743475337301516 0.28563762319899555 0.32347559546559795 0.45660183468088394 0.5529830506145782 0.6991327217178861 0.8312250081747152 1.3500283589204782 2.6385867236533103 12.878359525851922
1212 14544 0.0024433629759900008 12.841882426768604 0.0006328124749833461 0.0006328124749833461 0.0029119215082724025 0.005167144621540295 0.008079631651000988 0.028526396091295134 0.0678864274908157 0.10557962604857822 0.18516218933766476 0.22655294403914564 0.2851947644337752 0.3262306987836525 0.45769513452216243 0.5527565667059087 0.7020659316830076 0.8229826563007606 1.3488404888478913 2.619290866814104 12.841882426768604
1213 14556 0.002459994020101412 12.798147771405546 0.0006313280565555724 0.0006313280565555724 0.002875324746565967 0.005180999888797902 0.008017981251011797 0.029224755215062338 0.06844997933260934 0.10496537577083048 0.18333653856969287 0.2245027554468959 0.285858353092858 0.3246060416175551 0.4627115841717375 0.5514218468936779 0.6984724990615703 0.8210493983917593 1.3487516010720073 2.6038950829587244 12.798147771405546
1214 14568 0.0025756579758632494 12.78757970689164 0.0006250432239582862 0.0006250432239582862 0.0028791951475544094 0.005251313370958757 0.007968437677940823 0.029814386300163552 0.0682843495970041 0.10474061759789932 0.1844486029642908 0.22511035530135493 0.2816059859174476 0.3287253512665114 0.46195425446184063 0.5434756287127562 0.6989537068544949 0.8181083149790671 1.3470967390076949 2.5491115267441975 12.78757970689164
1215 14580 0.0026929374609057097 12.737285775995996 0.0006211168315243856 0.0006211168315243856 0.0028387956304720624 0.005272159205857699 0.007953461357743583 0.03062304587605601 0.0680520948002319 0.10334455448178227 0.1837551733190137 0.22458007065573857 0.2825069222396452 0.3266916830684034 0.46786007955398173 0.5392530241103453 0.698837647073273 0.8193243845790107 1.3459115732952163 2.5471831475258884 12.737285775995996
1216 14592 0.0026439452158358917 12.517047367806873 0.0006211321411008308 0.0006211321411008308 0.0028430802704285537 0.005319448072657552 0.007906637676527039 0.030621193765521217 0.06827142863087308 0.10380567343117397 0.1839575292759764 0.225201911640766 0.28229505840931324 0.32716254837273095 0.47113661248367594 0.537476339259836 0.6889849943515477 0.8225452632041358 1.3624498498849578 2.5510043742711552 12.517047367806873
1217 14604 0.0025855571944141467 12.349643933997774 0.0006212677810893162 0.0006212677810893162 0.0028596779098527016 0.005276951646980597 0.00791416169784017 0.030499267447838943 0.06831206517773424 0.10322410327097527 0.18394771620473366 0.22529895210530992 0.28039394380683874 0.3236147930287159 0.46491951853336216 0.5403643790896335 0.6815379205083415 0.8247124153753175 1.3666728532824723 2.546100589176906 12.349643933997774
1218 14616 0.002690186039936313 12.383618461993633 0.000617971340473666 0.000617971340473666 0.002865972133365674 0.005277233661810745 0.007944534756388793 0.03050414907604278 0.0677119141847419 0.10258497648328226 0.18365550021971946 0.22437923471148963 0.28222094179172874 0.3228916862767673 0.4646198023466163 0.5383550798790756 0.6753096079932284 0.8333598176179241 1.3629881519636329 2.527452583214125 12.383618461993633
1219 14628 0.002741653988885694 12.330228003213918 0.0006163365092227032 0.0006163365092227032 0.0028729879665384006 0.0053963938110611325 0.007972445984007833 0.030008044008315245 0.06687393718043737 0.10317754776602234 0.1889107680602766 0.22597894972904975 0.2837219707301099 0.3228007099534555 0.4640746710312887 0.542279896547538 0.6761310335610736 0.8379993965589954 1.3699381635883117 2.5054476224314386 12.330228003213918
1220 14640 0.002796672752137206 12.082340068158286 0.000614342533835221 0.000614342533835221 0.0028844370795837486 0.005404438931015603 0.008032507588034176 0.02973709939681514 0.06631428039014553 0.10355582648302354 0.19138348395506946 0.2255387040663111 0.28307307281275607 0.3213198230305325 0.46258151431995154 0.5424029029321182 0.6761217840993216 0.8412512754132149 1.3742474115939967 2.4802476588535245 12.082340068158286
1221 14652 0.002932477298195801 12.050254256556205 0.0006073008252784646 0.0006073008252784646 0.0028576141695767876 0.005522705156148147 0.008041579428748558 0.029496291354155997 0.06571655683053292 0.10521964593225153 0.19381786986669808 0.2256727474963033 0.28442360759995045 0.3192707065805812 0.4601935576107453 0.5446639045267899 0.6753884698575137 0.842389409666951 1.3719378116671874 2.4481665243112762 12.050254256556205
1222 14664 0.0030255549516743545 11.967513619086075 0.0006053167297007321 0.0006053167297007321 0.0028521592916578723 0.00564023518876482 0.007899147933302318 0.029531642300457597 0.06599840875251574 0.10542189893857956 0.19349219939766352 0.22617465045659285 0.2845345313949675 0.32062178940016717 0.45955527307970795 0.547432256413257 0.6671383107407107 0.8422672185819533 1.389150755578013 2.433411822417005 11.967513619086075
1223 14676 0.0031731092154794567 11.970732110575845 0.0006029972322473033 0.0006029972322473033 0.0028509854729995066 0.005713111163261827 0.007911917248318148 0.029733136480288212 0.06633626575638922 0.10627197276140041 0.19333491062881525 0.2234327537307403 0.2868776065159932 0.3197947418900479 0.4537819172257085 0.5438428500495416 0.6585458343516841 0.8406616155401587 1.385409271782281 2.4207036986922534 11.970732110575845
1224 14688 0.0033495038210872223 11.958078103540807 0.0006017776289420066 0.0006017776289420066 0.0028576712935632787 0.005706687945849495 0.007858430438240013 0.029910530911605563 0.06619733573177128 0.10736370553907544 0.19269889169890742 0.2223392204994617 0.28697326274015517 0.3181528058408035 0.45970018272871077 0.5435216505492215 0.6583773752626264 0.8410065122039659 1.3830622786880025 2.4031858817562908 11.958078103540807
1225 14700 0.0034983151634715155 11.92224207340583 0.0006046863163163526 0.0006046863163163526 0.0028551539196986957 0.005851300076305956 0.007849280448223533 0.029798927881922125 0.06603889424902228 0.108531123751362 0.19167431407512023 0.22511662207138622 0.2872818669972879 0.3174795027408685 0.45756105440309003 0.5401071430714072 0.6547518421635639 0.8418399661381598 1.3631167879259258 2.3736089716037205 11.92224207340583
1226 14712 0.0035338256023978304 11.863719683486913 0.0005986848579614079 0.0005986848579614079 0.0028592168118683286 0.005856772286087302 0.007850801250545556 0.02963884643441015 0.06640801288025903 0.10910990031751978 0.19039908996430344 0.22785796666637145 0.28695016819244634 0.31772295580606397 0.4611373790479843 0.5379727622313052 0.651367670153163 0.8439903076615267 1.3590396855953282 2.3458516515677177 11.863719683486913
1227 14724 0.0036650938354515308 11.799693129489253 0.0005883687406273632 0.0005883687406273632 0.002880253157703073 0.005790944942276693 0.007859897527499698 0.02949017759452313 0.06551766193328859 0.11048016923265273 0.19010879152085594 0.22860117096289093 0.28362959661194426 0.31889431256199385 0.4635940719505456 0.5379466291176431 0.6522610495018151 0.8530641543075337 1.354616360649365 2.327705027296891 11.799693129489253
1228 14736 0.0037710513866881235 11.724992284364074 0.0005839071697617573 0.0005839071697617573 0.0028715604942763534 0.0057262001462821885 0.007912012185029045 0.02920042505209769 0.06527497372209945 0.11120510746775572 0.1886435216544663 0.22689201180576887 0.28297000058451827 0.31933233737709643 0.46530173418341675 0.5347911241119232 0.6574675386745715 0.855189787578225 1.3564272811611104 2.344042210826302 11.724992284364074
1229 14748 0.0038096146163636795 11.696867819997129 0.0005840191571059847 0.0005840191571059847 0.0028220539784391953 0.00570898478667258 0.007870992216418458 0.029159919849532184 0.06516473075793433 0.11147802116424822 0.1867425556371534 0.22938398015929687 0.284374942147619 0.3187140301729696 0.46591497289959743 0.5329268167591213 0.6560700998816358 0.8526212428924521 1.3615674907632387 2.336139002610461 11.696867819997129
1230 14760 0.0038085595603880454 11.746530374919212 0.0005823714345350915 0.0005823714345350915 0.0027866887749648447 0.005695869485656769 0.007852749722072198 0.02886377870187619 0.0650659982336506 0.11394132038963177 0.1861449287840399 0.2331025387573655 0.2844934539414267 0.31875261934309956 0.4590297417477213 0.5344119500312154 0.652135777805264 0.8524684719746433 1.3566123184413221 2.323242517651583 11.746530374919212
1231 14772 0.0037381461092725796 11.759056270428713 0.0005811000644319282 0.0005811000644319282 0.0027936899227721064 0.005680666148723289 0.007824226595348528 0.02882945990746767 0.06511219924927804 0.113495953751842 0.18500051543918875 0.23643925802438015 0.28406838782903154 0.3178751300391982 0.45225993261122266 0.5387483238473357 0.6514680275691506 0.8541087103645383 1.3544630349016393 2.2831295829604192 11.759056270428713
1232 14784 0.003638872172326624 11.698912470907619 0.0005784312723535688 0.0005784312723535688 0.002764458136471749 0.005718702492907348 0.007836034487757142 0.02866012977379197 0.06507083283426537 0.11303070148853032 0.1834065859001994 0.23752521586255734 0.28340474178567093 0.3180423025933232 0.45227161261507215 0.5391533098529295 0.6497109168050643 0.8460115915732694 1.340674577662963 2.27685011058633 11.698912470907619
1233 14796 0.003514804988807356 11.583486838748355 0.0005689468109525217 0.0005689468109525217 0.002727072784566936 0.005721582139511905 0.007835530099345843 0.028971879835561834 0.06492463922526831 0.112558381503298 0.18339669660879881 0.23554137804352074 0.2831778943271344 0.3190347889617738 0.4539843221610949 0.540555954828071 0.6496667517391367 0.8479540278112241 1.3416076412653848 2.250126602797742 11.583486838748355
1234 14808 0.003466245777177596 11.492547696146977 0.0005692900377680663 0.0005692900377680663 0.002713577851253307 0.005751532117639812 0.007803143359138768 0.029155508694999114 0.06473662626997137 0.11170632750043534 0.18385635634535988 0.2357351733187198 0.2836685365973276 0.31653224946557 0.4523027119651973 0.53822583799781 0.6431885557860307 0.8451674079102258 1.3363405569638676 2.2525982902718527 11.492547696146977
1235 14820 0.003571066546190917 11.444475288300287 0.0005680872115198561 0.0005680872115198561 0.0027231547030574493 0.005751781769542619 0.007750422151506343 0.029755087683497803 0.06451134591148108 0.11123446924388734 0.18290922919591207 0.2337255182121664 0.2838302652420854 0.3185433492001076 0.4526509171779793 0.5356031202990992 0.6448582375216335 0.8444192479685767 1.327300134453519 2.234021845082025 11.444475288300287
1236 14832 0.003477951626432899 11.321514987954295 0.0005679758298486596 0.0005679758298486596 0.002715341618831717 0.005661570533192544 0.007680325411494555 0.030216340119928783 0.06551604219121394 0.11132111011954025 0.18289879941546522 0.23278106241283214 0.28221162174283043 0.31797990732131726 0.45045571726770983 0.5358808939183795 0.6388498419220501 0.8464660688272911 1.3257016137530935 2.229488332814891 11.321514987954295
1237 14844 0.0035332384366251217 11.131900789469373 0.0005656855824866719 0.0005656855824866719 0.0026922029113224995 0.005641782885331533 0.007675731817943081 0.030239788574314346 0.06605351440687016 0.11157216693150356 0.18270928141161455 0.23285704756655934 0.285551073264761 0.3154914390359507 0.449130827434151 0.535275644465624 0.6370617771839173 0.8388604164742477 1.3147995928671472 2.2313407197231725 11.131900789469373
1238 14856 0.003604378735537941 11.189927675444181 0.0005695615050184565 0.0005695615050184565 0.002668466640697603 0.0056691537202160115 0.007704252290310113 0.03045168176631121 0.06606836956335917 0.11034087431228778 0.18028821459811367 0.23385497856693396 0.28553515154455517 0.314798372690277 0.4486482230211971 0.531413263717117 0.6387226977736908 0.8344897731705413 1.3183214003525785 2.211948443723791 11.189927675444181
1239 14868 0.0037372896076985533 11.144775645397374 0.0005727994889976774 0.0005727994889976774 0.002650474685266259 0.005671800187710203 0.007692775494442924 0.030623755339499893 0.06604245198351813 0.11051362476047671 0.17997123860154665 0.23409297811957716 0.28601602952028 0.31522844913310155 0.45026400725372806 0.5288963098412579 0.6374151793046894 0.8317720923190393 1.308606432202839 2.180482162963457 11.144775645397374
1240 14880 0.003800690109010673 11.002600328766041 0.0005802551318618555 0.0005802551318618555 0.002693890479021168 0.0057005552565849715 0.007635292541026062 0.0310098064904605 0.06627876127903952 0.10855599009828702 0.18024667457223192 0.23351455403645435 0.28459091900387334 0.3155086975473718 0.4484626997499871 0.5283608877323303 0.6506660835091338 0.827611276385088 1.3089472362475312 2.167535365119447 11.002600328766041
1241 14892 0.0037737264981062843 10.799294320393097 0.000578484965047765 0.000578484965047765 0.0026912586560027237 0.005718861865375276 0.007668839317219836 0.031018746004375063 0.06629268237803027 0.10866401259011772 0.18179346348208417 0.23320472148482255 0.28498289496969875 0.31311804005624166 0.44188801666081745 0.529826137872581 0.6501555714116591 0.8274067100073887 1.3154117584988452 2.1468984255749817 10.799294320393097
1242 14904 0.0037089590178824763 10.797905425132843 0.0005764715773659362 0.0005764715773659362 0.0027086256719767964 0.005656601174609397 0.007548596056408452 0.03097841982597732 0.06637149302773893 0.10839831436990159 0.18373672606454183 0.23246993981024164 0.2843338168741381 0.3112720006678703 0.4397607936084811 0.5272369819943735 0.6567287785017433 0.8268232444212511 1.3181537714852072 2.114113705907381 10.797905425132843
1243 14916 0.0037124057074401588 10.713865260693769 0.0005789443380737179 0.0005789443380737179 0.0027030612327769428 0.005628163098195065 0.00759174788364779 0.03089227098541029 0.06553088690050438 0.10789030333628255 0.18208375814925543 0.23177199791698394 0.2888757956821981 0.31492748425074696 0.43820618665248895 0.5267405347819974 0.6568927960757388 0.8255211565796938 1.3055700004195405 2.0930508573971833 10.713865260693769
1244 14928 0.003819312399306719 10.656273447327262 0.0005785368461516422 0.0005785368461516422 0.002689806200934323 0.0056532505083264194 0.007580780182892295 0.03124436118569354 0.0647701570365219 0.10781826884215723 0.18340441379358993 0.23184232506194954 0.2896340735157235 0.3138673244311539 0.43943984790883395 0.5206593712299327 0.6575409378385645 0.837635837112275 1.3021216600176406 2.093926292865492 10.656273447327262
1245 14940 0.0038539516439128813 10.542337215786214 0.0005731956583986598 0.0005731956583986598 0.002697425078590821 0.00567531379640036 0.00755417897481795 0.031508440991051705 0.06464584938793341 0.10771491834156657 0.18435848972546992 0.23119074080822286 0.28975858780207336 0.31230913952632017 0.4412945694472892 0.5177852409438551 0.6625801921695813 0.8399147877328691 1.2931089465742356 2.0899486318866045 10.542337215786214
1246 14952 0.0038827186523569747 10.476142113571127 0.0005759825709561325 0.0005759825709561325 0.0027077271433979533 0.005675245666558603 0.0076113317997777595 0.03129685793727934 0.06412100939854748 0.10703257451844 0.18516238212548602 0.23228776162425038 0.2900925141249804 0.3117044796046573 0.4412267240422475 0.5180684729844415 0.6658379568557292 0.8305652536047498 1.2839143303865466 2.103206916341762 10.476142113571127
1247 14964 0.003959164233578583 10.321451995812016 0.0005759605415142716 0.0005759605415142716 0.0027149468915935856 0.005682691934948517 0.007606433843509563 0.031108713239116514 0.06411645007344825 0.10633755766284961 0.1869937752362311 0.23289946893577093 0.28849918492024273 0.309388796968885 0.43395779567828063 0.5144940325284107 0.6700728903141376 0.8258728939395893 1.2960641878437398 2.1058694219952256 10.321451995812016
1248 14976 0.00402944613704264 10.288842523710807 0.0005788465490393393 0.0005788465490393393 0.0026626395662604813 0.005676411583479194 0.007567042372925222 0.031019429576216367 0.06425126767283446 0.10572522633307091 0.18880532007045972 0.23207598506979388 0.29033727832268025 0.30869508657632405 0.43403389574812345 0.5120469624863891 0.6673643319491651 0.8245425553484266 1.2933406973525943 2.0961045831431 10.288842523710807
1249 14988 0.00407962655786764 10.138442343991104 0.0005759561701619754 0.0005759561701619754 0.0026507431329415745 0.005751205462926252 0.0075762371551235845 0.03092340398762827 0.0637125122744802 0.10526938389524332 0.18843158822278253 0.23076620942469092 0.2916037433290201 0.3107838520559607 0.4352083815306183 0.5132185393810956 0.6606954264128647 0.8240649886911013 1.3025657134634352 2.103058886836594 10.138442343991104
1250 15000 0.0041119180472028605 10.147579450535842 0.0005745613884333117 0.0005745613884333117 0.0026857779797963516 0.005767371637962619 0.007670145167262556 0.03095047711912182 0.06354364316305984 0.10409293654327062 0.18987780124258669 0.23005502830330624 0.29034214137122577 0.31240278829306317 0.4376630087506743 0.50990277249314 0.6665126748034298 0.8167265855602273 1.28635584361356 2.103354646733113 10.147579450535842
1251 15012 0.004123824143966414 10.009785513051193 0.0005740581862152125 0.0005740581862152125 0.00268412651320632 0.005831959120955878 0.007689694320213986 0.030285580347937806 0.06343265366784934 0.1039964268935834 0.18927337821301002 0.23001019057857985 0.2930718514140504 0.3142997241683894 0.4456649153719999 0.5131760256862299 0.6680435627855212 0.825701134139013 1.2818050957583498 2.0729257761696855 10.009785513051193
1252 15024 0.004281682310331772 10.030388756283031 0.0005716680617692859 0.0005716680617692859 0.002688295381526955 0.005744004266428822 0.00770488622417427 0.029962211458200303 0.06317462737310135 0.10489119848434947 0.1888394733314303 0.2303669951391934 0.2926190544091731 0.31402444474828406 0.4447255852309752 0.5092303061831038 0.6600656370742494 0.8243218385019109 1.2782178945922147 2.072934965067602 10.030388756283031
1253 15036 0.00449617736886097 10.012344766435335 0.0005696676805283504 0.0005696676805283504 0.0026952501165554746 0.005728478189694484 0.007826792731983685 0.030247088572584364 0.0631830114006219 0.10436638796051129 0.1914323074506282 0.22978164974012583 0.28946942711515206 0.32352941849149225 0.4405367385338848 0.5064688753651272 0.6513313089142487 0.8117942374512755 1.276521273356238 2.0707683639507697 10.012344766435335
1254 15048 0.004634571233388313 9.856507470849092 0.0005676556577738985 0.0005676556577738985 0.0027135958784195173 0.0057836433272126925 0.00787709011202887 0.029856808241909855 0.0636372425091925 0.10207950708670549 0.1892593573978632 0.22914037925418368 0.28838146052509994 0.32749605592190256 0.4396762729596991 0.508351351895845 0.6514090005319917 0.8142317014717767 1.278613819667182 2.062863936987764 9.856507470849092
1255 15060 0.004774903518262972 9.919511765773008 0.0005655797289371298 0.0005655797289371298 0.002705930191588313 0.005863164049491116 0.007969896395011587 0.02974602823761472 0.06388995207230179 0.10217271531349537 0.18779525305214362 0.22959831264904396 0.29004581293577164 0.3271086679201972 0.4331733896846711 0.5058434027268567 0.6398337535743889 0.8140188663321174 1.284015543181975 2.0587040201888573 9.919511765773008
1256 15072 0.004885045351750861 9.727108526456925 0.0005618383455536492 0.0005618383455536492 0.0027204606730663523 0.005883740195467753 0.007964755305000772 0.029924519390097746 0.06408138188919962 0.1018575481588005 0.18723576551740054 0.23004389305391193 0.28939085087522615 0.3308915115044523 0.4321495257035961 0.5126109970890541 0.639609559151923 0.814151991014863 1.2720964340912102 2.036534247847498 9.727108526456925
1257 15084 0.005084335310887615 9.703581815096207 0.0005611946134124045 0.0005611946134124045 0.002721151761690156 0.005913371386884073 0.007915594005443815 0.029924004638933768 0.06363844202449424 0.10180254064467685 0.18628997408162057 0.22898224646362536 0.2896921377765689 0.33390139539118285 0.43271951803644904 0.5161040016545368 0.6407307125882203 0.8142515063682508 1.263283667159124 2.032258302426018 9.703581815096207
1258 15096 0.005246534980055979 9.550503793536354 0.0005626648612677137 0.0005626648612677137 0.002720608061112668 0.005892512757128986 0.007812598701094664 0.02977330789939884 0.06304361187642096 0.10040421836994502 0.18464091170225697 0.2307853371477474 0.29608504188677115 0.33786831551031943 0.43054426377679633 0.5204589603343225 0.6399984994529502 0.8148895864609301 1.2789036463980274 2.0364194589223645 9.550503793536354
1259 15108 0.005358196725481399 9.466862732766373 0.0005638164508947681 0.0005638164508947681 0.002684955208940849 0.005891658046651343 0.007842781625599426 0.029751522610452046 0.06266788985457711 0.10042878366144624 0.18633827131152034 0.23160007750117784 0.29579686521895315 0.3427919914300202 0.4290733046176677 0.5191421312108694 0.6304285135357399 0.813831380206455 1.2867846771286617 2.0338522832427914 9.466862732766373
1260 15120 0.005414516213112766 9.375770017061958 0.0005636856790240021 0.0005636856790240021 0.0026719867613511847 0.0058804781073365855 0.007789931903578378 0.029938514178458584 0.06232408271106784 0.09939003560742947 0.18529295077812097 0.2310189333756096 0.296966077306115 0.34496889331747466 0.4270993074809575 0.5216457774915987 0.6337025284776638 0.8066229315610479 1.29238600959477 2.022734322535448 9.375770017061958
1261 15132 0.005348749777903997 9.389282601697653 0.0005626852890557311 0.0005626852890557311 0.0026736639475064233 0.005834543988668174 0.007818291295148464 0.030258545027374316 0.062220307272698526 0.09803793390906616 0.1838345614775628 0.23205277596552273 0.2976160483007188 0.3463871128966398 0.4262769928210773 0.5217901467856089 0.6336258768656545 0.7963314259079977 1.2909523330177575 2.009699643261687 9.389282601697653
1262 15144 0.0055173472051351065 9.306770068521615 0.0005616090117438381 0.0005616090117438381 0.002631489091755091 0.005869310757685655 0.00783240465686436 0.030094544111310136 0.06195738959448035 0.09757520540032216 0.18344257936585112 0.23126735520932098 0.2967244311156879 0.3460396785524458 0.43801068409831356 0.5263806432967508 0.6327096506229577 0.7982145636641446 1.2939282138494657 2.0071102283383704 9.306770068521615
1263 15156 0.005667282568783564 9.226981460580907 0.0005576329051347094 0.0005576329051347094 0.0026173530149983014 0.005967412564679733 0.007815208449631504 0.02978812626304527 0.061982426272094104 0.09696469546130324 0.18248715887891148 0.2363410031177487 0.2972028167198077 0.34398017563928635 0.43859498001018604 0.5256802381433068 0.6342436722097616 0.8019850031721661 1.2924195991851086 1.9788118100287713 9.226981460580907
1264 15168 0.0059234718635789415 9.244588886490035 0.0005588209010006913 0.0005588209010006913 0.0026182495895300134 0.0060975888800544635 0.007722857228794492 0.029789833725322654 0.06036319882265918 0.09700209915008554 0.1829778034126485 0.23643482037666358 0.2991636698219604 0.3419186996891488 0.4423773243834308 0.521109757907079 0.6308036118240463 0.8063450904767496 1.285290223007588 1.9795201441663417 9.244588886490035
1265 15180 0.006096772162345994 9.159542136323424 0.000561930500100497 0.000561930500100497 0.002588701804181302 0.00618890484730972 0.007694244302644171 0.02965827405075995 0.06003308688869281 0.09684369770659533 0.18331314550210834 0.235649692507598 0.2992663733802765 0.3372296472566774 0.44465842955063684 0.5196442269033175 0.6289209462926677 0.8041665205100356 1.3037418355281232 1.9604222256802744 9.159542136323424
1266 15192 0.0059755211377278674 9.127854123923882 0.0005729228607723295 0.0005729228607723295 0.0025804947073421675 0.00628235286909075 0.007668756928420813 0.029721109920328524 0.05919306953252255 0.0968672498895668 0.18136938765517657 0.23547120492898618 0.3003967682299035 0.33669648437531197 0.4447222132412255 0.5141116000713294 0.6166176788215618 0.8026856143518974 1.2985577821949836 1.9787223347772054 9.127854123923882
1267 15204 0.00606114162141464 9.028252118242992 0.000574108848947675 0.000574108848947675 0.002548298286506733 0.0063500302642099426 0.007613449939733492 0.02975799491238397 0.05831225097205078 0.09663629045567555 0.18102214727581753 0.23476718377170896 0.2972369235641649 0.33543886206743023 0.44608382083194714 0.5144052816029594 0.6171627355708408 0.799480573702169 1.3033695520867608 1.9832973560668374 9.028252118242992
1268 15216 0.0060199981283615926 8.985062838471528 0.0005736743837477707 0.0005736743837477707 0.002598356329717349 0.0063033975581033505 0.007630270990556065 0.02974653739203953 0.058666477883784485 0.09645697589785437 0.18214181608453037 0.23404438385434312 0.29579467752766925 0.33139793128733486 0.440721951424084 0.5185110337825203 0.609853415061741 0.8114293979234587 1.2980054617943524 1.9830722649606007 8.985062838471528
1269 15228 0.006207385884409788 8.963074761400621 0.000573097453165215 0.000573097453165215 0.0025977649822537044 0.006309962865290094 0.007610316421217651 0.029414438799354636 0.05810849654834459 0.09622728865342718 0.18258965624686202 0.23587473299291364 0.2957295984819978 0.32852783989093653 0.43984457591760767 0.5167178274990264 0.6056234149762194 0.8103268738482827 1.309595908650778 1.9448486543195576 8.963074761400621
1270 15240 0.006319723520619188 8.939233020140694 0.0005802716723696671 0.0005802716723696671 0.0025878137746091633 0.006333947490061324 0.007632916861049965 0.029169282424509325 0.05802038880902712 0.09638395224461448 0.18240266313390005 0.2391096271752636 0.2950757825126414 0.3268668108058402 0.43863889353584384 0.5175183299605057 0.5984981166533478 0.8022032359357422 1.302948666801928 1.9464433297504384 8.939233020140694
1271 15252 0.0065342710387766715 8.8864210999085 0.0005827081356392396 0.0005827081356392396 0.0025847017250897547 0.006297606559675759 0.007662033386234922 0.029156947589182632 0.05788158083261704 0.09576730573628117 0.18581516777442328 0.24068204159631262 0.2954032107430795 0.3254229442923152 0.43442378575268537 0.5180293616276624 0.5938746719443673 0.8004786236007476 1.280944808105396 1.9520943760697735 8.8864210999085
1272 15264 0.006471830675965007 8.75888873398005 0.0005842609812398938 0.0005842609812398938 0.002584236526298106 0.0062824220663619 0.007641649174502646 0.02905687287963534 0.05729003836517112 0.09616468069193271 0.185538769175462 0.24382585705706689 0.2969420453090364 0.3258387416456838 0.43079933274374765 0.5239233377723101 0.5900930604205459 0.8108015044395535 1.284506854390615 1.9497234815174478 8.75888873398005
1273 15276 0.006650348409387121 8.66428316864151 0.0005839276578793833 0.0005839276578793833 0.0025678640355619804 0.006272147860991711 0.007724354205979067 0.02887525109940748 0.05684993485206014 0.09608174952805203 0.18710648746134856 0.24434124030830237 0.29627004824177716 0.3237931243122852 0.42907743803478415 0.5224695153422408 0.5874936379612766 0.800231343305076 1.2876372788389734 1.9293177959067649 8.66428316864151
1274 15288 0.0069453092101459165 8.605648340349179 0.0005838567547762882 0.0005838567547762882 0.0025656786744071075 0.006274971952819957 0.00768018040121287 0.029029339628284648 0.05678728508340708 0.09825573358981218 0.1869197403934302 0.2498585294626285 0.29791405233498075 0.3229399260186647 0.425941523648912 0.5160808704178175 0.5875784009245153 0.7998808862237182 1.2643649357150013 1.91947721814133 8.605648340349179
1275 15300 0.007001446368315384 8.634780872772364 0.0005862746591567352 0.0005862746591567352 0.0025547051872672976 0.006273203460518702 0.007607913223043886 0.028660776819086242 0.056596953159091565 0.09878829978564478 0.18631970394947714 0.2579643372265076 0.2984742738970145 0.3254960932593791 0.4243010193683291 0.5145201030261699 0.5862207919706928 0.7943625329364155 1.251827195766938 1.9238527151180245 8.634780872772364
1276 15312 0.0069931417016410695 8.493042472243324 0.0005904384379855587 0.0005904384379855587 0.002553925516674202 0.006283295510772591 0.0076108742780918 0.02870356207216486 0.05682780874873258 0.09984700511848761 0.18443277861716603 0.26002107632316473 0.29844735427181784 0.3166246404914229 0.42821085523951774 0.5152325250871772 0.5854858593774211 0.7957577444842554 1.2413787763159434 1.9289575778571737 8.493042472243324
1277 15324 0.007048557724000834 8.444499732707094 0.0005876361464787906 0.0005876361464787906 0.0025527800499624584 0.006222868061434152 0.007655787015370323 0.028684350329551384 0.056089104746169315 0.10185206990965073 0.1850905544051518 0.26035791174474127 0.29910649030400477 0.31449578513354165 0.43070200253822266 0.5133851091836865 0.5856009320006171 0.7866276185143403 1.2437625858264605 1.9038219178137112 8.444499732707094
1278 15336 0.007143219623952292 8.388436447295865 0.0005855690454902775 0.0005855690454902775 0.002539777087561315 0.006249567354442825 0.007581492095995732 0.02869365836215627 0.05662475026929004 0.1029805016034344 0.18405368001564762 0.2593395117016347 0.2968444399316438 0.3152015181099109 0.43474461960239835 0.5121273482446169 0.5893455155932202 0.7868413617459217 1.2422384985837838 1.887947437593792 8.388436447295865
1279 15348 0.007263413135243435 8.336275824476301 0.0005849177736464363 0.0005849177736464363 0.00251651703263056 0.0061524322129567375 0.00752962073958771 0.02868819447552232 0.05677928423105848 0.1029020581838602 0.18428402688475798 0.25943496205489003 0.2949550662433434 0.314928309802166 0.4364620118649961 0.5138826669744262 0.5860461472894544 0.7888909200152195 1.2302597247395497 1.8903797112274883 8.336275824476301
1280 15360 0.0074379702589285265 8.176299846524794 0.0005802641348388396 0.0005802641348388396 0.0025227781917519575 0.006082760652906477 0.007560785620945364 0.028831278400999538 0.056606297801114064 0.10407251614114058 0.18449070115522276 0.2613993957138739 0.29123934197577617 0.3153672975612102 0.4360922026045501 0.5119436703428443 0.5887537029938089 0.7969852478915866 1.2205130150502166 1.8648535544572709 8.176299846524794
1281 15372 0.007384668006683201 8.029220862787293 0.0005770940003733538 0.0005770940003733538 0.0025310430873412538 0.006068479722413439 0.007550681698513144 0.028671398301848283 0.05655214022787322 0.10436068170734826 0.18530194931877186 0.2661483646286195 0.28993970860107127 0.3190309361711398 0.4384550544612442 0.5039135741066834 0.5978401431670876 0.7979092518399448 1.2071233651533075 1.8606825532057945 8.029220862787293
1282 15384 0.0073477716132340646 8.032674238766173 0.000575400562169553 0.000575400562169553 0.0025106608309596054 0.006093981881278646 0.007513292516589781 0.02860562166371114 0.0564896750188274 0.10387187200652429 0.1858830723651825 0.26734513498036505 0.2866903374354243 0.32096252314917834 0.4334100706385725 0.509221700361354 0.5981062148353901 0.7946949189196411 1.2119420882980774 1.857489556555092 8.032674238766173
1283 15396 0.007236567119373392 7.988508804718657 0.000574163605971776 0.000574163605971776 0.002491678309178323 0.006043848721024978 0.00757569843605592 0.028305751808918343 0.05502376509680322 0.10426009974433417 0.18814639416023224 0.2691045573784845 0.28576384952939193 0.31842013882437553 0.43212198551202124 0.505551927720058 0.6100517953526629 0.8005293213899602 1.2128534469616066 1.8600402726628928 7.988508804718657
1284 15408 0.0072115126412975565 7.990399835344792 0.00057734653824502 0.00057734653824502 0.0024920729376899688 0.006027443129554704 0.0075464142169276395 0.028263072822420625 0.05442481405561298 0.10413234560407413 0.18855961598888082 0.27079801748189775 0.28544018405084326 0.31512689752008927 0.43441901958568047 0.5053396312621927 0.6096363664249836 0.7993670826973346 1.1942868098557053 1.841331880024928 7.990399835344792
1285 15420 0.007110765955190863 7.979238091465826 0.0005762994059011982 0.0005762994059011982 0.0024876939719023516 0.0059586767658807984 0.00752429147048287 0.02818968093160272 0.05349465943573332 0.10384542629819454 0.18957868941967929 0.267207602025369 0.288531384102065 0.31434462435599064 0.4340154254224945 0.5028469947157067 0.6109157198626045 0.8105863776740001 1.1959671084797663 1.8412324585213276 7.979238091465826
1286 15432 0.007087897125168448 7.857638400720367 0.000582794069036974 0.000582794069036974 0.0024599394071978674 0.0058419668405046464 0.0074737885973653615 0.028167228959545404 0.053657856566444784 0.10315277310879734 0.1882857560609641 0.266800914028549 0.2876385247662995 0.31897766617790596 0.43473718534975114 0.5032772177328061 0.6140812771027239 0.8120657230105951 1.1966664855491007 1.8483354179419493 7.857638400720367
1287 15444 0.007195045184283461 7.68767234390658 0.0005816396695461195 0.0005816396695461195 0.0024526949775718924 0.005849704871331913 0.0074625835997358374 0.028103313847569304 0.05307275032866773 0.10267886772523514 0.1874103687591822 0.2688203569363767 0.2890471470067444 0.32760525602543566 0.433369599301381 0.5059580400473327 0.6121159680828178 0.8212030200465644 1.1922226831996006 1.8052264435308845 7.68767234390658
1288 15456 0.007183532219992212 7.590549808203084 0.0005822512853144458 0.0005822512853144458 0.0024438994329768773 0.005798475044743294 0.0074837430089321364 0.02801591916101445 0.052548497390303664 0.10376774491727515 0.18821529578240528 0.26784551717814636 0.28767326456264813 0.334708767707048 0.43157749547045454 0.5069246649077193 0.6163072676756074 0.8266254458945375 1.2064510725882251 1.7949692172484493 7.590549808203084
1289 15468 0.007447697336740162 7.590734189282754 0.0005796211504874116 0.0005796211504874116 0.0024649645620298676 0.005808060417162703 0.007452817802625135 0.027595153512622584 0.05322157215676061 0.10433909289152633 0.18855940984563918 0.2671839454946708 0.2851634708844051 0.3393770684343833 0.4323538944657882 0.5093946152598807 0.6061474130840293 0.8134302914472648 1.2161414604289051 1.7860540082112646 7.590734189282754
1290 15480 0.007770746764768475 7.755515274716644 0.0005767595847660338 0.0005767595847660338 0.0024714884410898907 0.005826284728556825 0.007452658174316537 0.027556720323603904 0.05325978401673487 0.10322995630845629 0.18858084823510612 0.26620588667694345 0.28513604932208186 0.3405112688034871 0.4304744843522558 0.5068547498142559 0.6059862305565682 0.8245312566073735 1.2127770250703553 1.7930670198082361 7.755515274716644
1291 15492 0.00810342233265173 7.814135005155429 0.0005698042965082106 0.0005698042965082106 0.0024761981220293933 0.005822053828746036 0.007437425653881787 0.027462319576941903 0.05298512407223768 0.10307055336645103 0.18801237027626289 0.2664060010873804 0.2875707678056454 0.34430458824845195 0.43061200400645394 0.4952338401774345 0.6091159618502722 0.8240471478667917 1.2260982713997624 1.8012085829289446 7.814135005155429
1292 15504 0.008049459731485823 7.796441025959893 0.0005665169774419388 0.0005665169774419388 0.002417381648253473 0.005809462867923203 0.007432124276473007 0.02734584514282852 0.05318636693751305 0.10291974995423858 0.19090694306326716 0.2643227608193994 0.28770745619336197 0.3482970139153424 0.43111536033976317 0.4956280599379294 0.6115412521691733 0.8244315275353574 1.2338488779951258 1.7989242754813495 7.796441025959893
1293 15516 0.007899520272932057 7.73733456344741 0.0005729023784664526 0.0005729023784664526 0.0023980367881358752 0.00579746043728501 0.007396762723553774 0.027219560664767172 0.05296253670205092 0.10083399012174964 0.1915654964382474 0.2635203131097195 0.28665760615172275 0.3481536996292402 0.4262742925609121 0.49338192535411396 0.609133063614851 0.8230895764160641 1.2319052379336295 1.8065053531822461 7.73733456344741
1294 15528 0.007947804284027735 7.7205794334456765 0.0005747660481812431 0.0005747660481812431 0.0023952462254684137 0.005856653826102483 0.007419139219297679 0.02711052467434045 0.05255171267677909 0.09937585472584588 0.19085929648512706 0.26517929074260366 0.28292034933886046 0.34717433207422593 0.42634627082500803 0.49232038323541477 0.6012297170402485 0.8368711264059349 1.2319924191977611 1.797734940605247 7.7205794334456765
1295 15540 0.008151441813211749 7.847272590861243 0.000573809593434732 0.000573809593434732 0.002381856593803682 0.005910067780537847 0.007391816691412713 0.02711283518837302 0.052550874273980634 0.09731926232738242 0.18891774015513277 0.26343448683050547 0.2841331655628993 0.3485516733543576 0.4268741212992728 0.4948765748430771 0.5969706021915472 0.8403485228778658 1.226949686745373 1.7974231724510292 7.847272590861243
1296 15552 0.008586453198043693 7.8992787621063965 0.0005751133608652557 0.0005751133608652557 0.0023857645711728224 0.005900169155358163 0.007490991440062661 0.027266371875483156 0.05185758026491604 0.09656633885489319 0.18912165344818427 0.26316125923124195 0.28399319529202305 0.34980553518970864 0.4229480123787877 0.4919743820212274 0.5967872324317025 0.848361698560968 1.2277250213128121 1.77428146929492 7.8992787621063965
1297 15564 0.008833955844453508 7.912113446607785 0.0005791870841663577 0.0005791870841663577 0.002372972612560763 0.005928419271281046 0.007476578088756038 0.027176600941478776 0.05149489211764497 0.09702318404216183 0.18805369084296183 0.2640986871093596 0.2819525949130245 0.35216620147927125 0.4200361572885949 0.49261454287564144 0.5970216320999723 0.8607753238053194 1.2279801026203956 1.7840206859338739 7.912113446607785
1298 15576 0.008655708992440222 7.90858272859048 0.0005781066738385556 0.0005781066738385556 0.0023845553772611793 0.005904277611563108 0.007476312887719712 0.027230716099679884 0.0518438266533887 0.09588008063596483 0.18860391741949098 0.26402175897281027 0.28552061201751205 0.35597405371725 0.41594930426957366 0.5003883649624818 0.595860541399883 0.8572584082822347 1.2209088585940666 1.7714533032724862 7.90858272859048
1299 15588 0.00884205635672264 7.832505101755549 0.0005764495410182196 0.0005764495410182196 0.0023709123155565975 0.005906534119461298 0.007357740509872887 0.02725435487228465 0.05146454290426182 0.09559186454042004 0.18824216945021027 0.26185527745916853 0.2847952487640307 0.35690332453203577 0.413525422966502 0.5074728559067954 0.595014509241643 0.8546982996599589 1.224025623506235 1.7636600086677103 7.832505101755549
1300 15600 0.008710628511132332 7.656132798735918 0.0005736815022905137 0.0005736815022905137 0.002362139783469445 0.005943339267455816 0.007362758645068391 0.02704564817658508 0.05139462389843819 0.0958646727423642 0.18800793183818348 0.26230956180908677 0.2863298861650433 0.3585802413237931 0.41350309237014 0.5104562658752961 0.5938587084376673 0.8486859846113386 1.2285148711699967 1.757015980907145 7.656132798735918
1301 15612 0.008216546900915384 7.574235193614323 0.0005696288405275767 0.0005696288405275767 0.002362134971101406 0.005887896392218104 0.007446906579563969 0.027138822795969908 0.05162385722514099 0.09615323956245675 0.18684768811587832 0.26173225300683517 0.28547810611369123 0.35726003680362356 0.40820790970796544 0.5148472591842993 0.5947403185957765 0.8327069337487845 1.2288134426111308 1.7590573022378966 7.574235193614323
1302 15624 0.00766710149487387 7.58062053084084 0.0005646133753488398 0.0005646133753488398 0.002354607364642747 0.005892307662104758 0.0074823873682148745 0.02673532127157514 0.05154906849702866 0.09673217440673283 0.18650002906028743 0.2603089209771618 0.2865437129953136 0.35969121884760824 0.40445243390874663 0.5109014794802628 0.5978689899376188 0.8251051376502366 1.2269124099320519 1.7623267901360922 7.58062053084084
1303 15636 0.007559235881458895 7.488592470562153 0.0005632408633664436 0.0005632408633664436 0.0023390933647098166 0.005855579696690889 0.007530812259023801 0.02661828698757183 0.05121702536300563 0.0975907764515721 0.18535139714220145 0.25853455066776976 0.2868497844392614 0.3600623320566837 0.40274872695191816 0.5087557758776104 0.596426269910345 0.8220723132790257 1.2199005049521408 1.7495806415356294 7.488592470562153
1304 15648 0.0077391239334990035 7.428333410653421 0.0005638392665320871 0.0005638392665320871 0.002326981468193692 0.005805942347893173 0.00751440840812201 0.02689829971869975 0.051257058751825325 0.09694261095038026 0.18573529720796852 0.25587683556196744 0.2861081515145019 0.3604755831394453 0.4021395707674495 0.5040580543420862 0.6040433397086618 0.8311092409612625 1.2093324488918304 1.7428986558933799 7.428333410653421
1305 15660 0.0076536640954277925 7.381346866065238 0.0005635482019230454 0.0005635482019230454 0.0022955932738738514 0.005721455739964171 0.007468160378375474 0.02683028207068644 0.05134196853898548 0.09691084248843058 0.18609493948722955 0.2577274888238325 0.2860060062935197 0.36099406204988416 0.4015399446270411 0.5009122354195513 0.6071908428728456 0.8399794281776365 1.200415602132621 1.7569078466706187 7.381346866065238
1306 15672 0.007320671028959402 7.397328426770143 0.0005622021911591126 0.0005622021911591126 0.0022960606947120456 0.005683698505721808 0.007413147906533555 0.02661469998843258 0.05079355177356542 0.09614294027503824 0.1852465550604582 0.2580016122793156 0.28583866199915353 0.3594537183586145 0.40126268082965033 0.4977657601601375 0.6059958330006363 0.8530532320691743 1.2032251262602118 1.7409296639899334 7.397328426770143
1307 15684 0.0067864056539654015 7.397654040898301 0.000564464305627432 0.000564464305627432 0.002322828218183144 0.0056805348498817345 0.007391454214859579 0.026549081620362694 0.04999944127937817 0.09597891462941821 0.18447264256420084 0.25530317245981143 0.2827400753675485 0.355085192422299 0.39922471350839356 0.5002441778153063 0.6071841983393922 0.8595436251334571 1.1982277206975962 1.720154379286659 7.397654040898301
1308 15696 0.006361229833193335 7.206713054390657 0.0005569742357374036 0.0005569742357374036 0.002339682796192332 0.005620336357982208 0.007331798897738773 0.026630381675476385 0.04968543547040408 0.09612161420100143 0.1847329717298966 0.25838534112822426 0.2833940353745657 0.356225250071525 0.3977099620094808 0.5023933000022738 0.6099437340910597 0.8675249143239521 1.1867080168169675 1.711627412815652 7.206713054390657
1309 15708 0.006151790038779402 7.121850964521025 0.000557737085208859 0.000557737085208859 0.002338570054768209 0.005553491010281674 0.00735054926878876 0.02660764650715415 0.049260613905704936 0.09575668463812506 0.1841327682228924 0.2578547507980695 0.28037646495515905 0.35734519833854717 0.39836679773527095 0.501169110106832 0.6054646920387913 0.8627129213349994 1.183820919381474 1.6973372952584307 7.121850964521025
1310 15720 0.006140945590244212 7.0411997066921534 0.0005588017224319717 0.0005588017224319717 0.0023403890856813618 0.005549448670064353 0.007356176940677721 0.026578840219992485 0.05004961497246302 0.095125088431024 0.18425791635337957 0.25875274856593006 0.28031231253348227 0.35656660824026204 0.3941378010387081 0.5030203745399336 0.6017293875383183 0.8644626941367928 1.1742616617797217 1.6995883180838944 7.0411997066921534
1311 15732 0.006234470191659065 6.993674268336045 0.0005553107707509023 0.0005553107707509023 0.0023448002757713816 0.0055256376688260144 0.007275654962758688 0.026619699859072185 0.05029341550882029 0.09540019586534618 0.18441999125756858 0.258157263174413 0.28554502139261917 0.3553753895678667 0.3969145656280973 0.498308850573209 0.6024313486042784 0.8617255686024651 1.1771828095361145 1.6973324324806685 6.993674268336045
1312 15744 0.006450591061440099 6.985919459192406 0.0005537843115329875 0.0005537843115329875 0.0023677940844444418 0.00555351184262894 0.007277741536750485 0.02653226799394583 0.05083273133065185 0.094986624144938 0.18379707083370303 0.25520087442949885 0.2876666053252499 0.351362233602411 0.39601983683365327 0.49665323365549024 0.5999309277850459 0.8614140165613066 1.1795240639820195 1.678062632282672 6.985919459192406
1313 15756 0.006393945711911828 6.901953292335451 0.0005458168052245797 0.0005458168052245797 0.0023705923383220855 0.005556582995081239 0.007230118763397884 0.026659418212673373 0.050802580867310335 0.09658036722802824 0.18207879674639776 0.2539019075688342 0.2874706882217509 0.35082430077284116 0.39478816619991497 0.49491035728719207 0.5985857576520485 0.8689696682778104 1.198289306809948 1.68650126106621 6.901953292335451
1314 15768 0.0061162072139637445 6.854695182836172 0.0005441972749201642 0.0005441972749201642 0.0023633321184015356 0.005594462332365073 0.00720985738970816 0.0270746466627281 0.050432475185728486 0.09650377564438646 0.17968089599846435 0.2546290843107922 0.28384402479632653 0.34797872143618186 0.39389184380575376 0.4910298691032997 0.5967306442996013 0.8662728621719564 1.2020336554550808 1.6800665491296742 6.854695182836172
1315 15780 0.006054105826403699 6.843642182877704 0.0005424747668868114 0.0005424747668868114 0.002360603038595849 0.005599638254881822 0.007209892281461799 0.0269102424322949 0.050147415081144016 0.09653040725075343 0.18027232836134202 0.2549889081205519 0.2814920851900866 0.3440345657467753 0.39232717088357383 0.4903886377594636 0.5986079820990805 0.8753004199401488 1.201223512057044 1.6635582686564927 6.843642182877704
1316 15792 0.006338262939454577 6.773215547089351 0.0005479891554535719 0.0005479891554535719 0.0023599747629016433 0.005645721835353854 0.007235417217540587 0.026654757477778658 0.05055074458326038 0.09781619232244995 0.18232149301685247 0.2531870007501983 0.280144928133189 0.3437279979278249 0.3799403148962432 0.49084064204308503 0.5937824406196145 0.8720781110578868 1.2055198869442356 1.6730321092474396 6.773215547089351
1317 15804 0.00629707425472547 6.72915287247557 0.0005515111696973273 0.0005515111696973273 0.0023691040750411898 0.005582646264199899 0.0072330555758905206 0.026563471977741678 0.04999394905965518 0.09839579663591277 0.18171427817647517 0.25614605843056015 0.2823235132313835 0.3465271002079718 0.3824731234913685 0.4899201671841172 0.5891202527150444 0.8961875817726443 1.2018388029018345 1.672108166691279 6.72915287247557
1318 15816 0.00615192929586849 6.6707946546966985 0.0005487137733349807 0.0005487137733349807 0.002380187503635714 0.005584372920356411 0.007217032579854995 0.026587560154856485 0.049799738635293106 0.09728049997483047 0.18173696615951096 0.2594877120147305 0.2831953089510934 0.3478953594551717 0.3802540236622428 0.4889959588145853 0.5870907837138585 0.8932173266853665 1.2068449668940777 1.6679628562127269 6.6707946546966985
1319 15828 0.0061783225710544615 6.521649618095148 0.0005450579536789694 0.0005450579536789694 0.0023680183108123697 0.005623068511552811 0.007173070646517388 0.02648709605208376 0.049403452709694436 0.09653770385308139 0.1821539265238435 0.25857408000257814 0.2830502478189946 0.3489287649222507 0.3805643779958213 0.4863801589418527 0.5871095444222637 0.8969562556512244 1.2046742529129504 1.6674819785270092 6.521649618095148
1320 15840 0.00619414100273904 6.433517257151136 0.000546345563857861 0.000546345563857861 0.0023734638411452534 0.005620789193065153 0.007157621619437604 0.02645471630073167 0.049388372386736115 0.09546539828264093 0.1818388066703789 0.2569353306435522 0.28510789337669706 0.347794443739139 0.37739166189689194 0.4899623598446694 0.5930559378447612 0.9114531485552946 1.207050576858292 1.6921407514924114 6.433517257151136
1321 15852 0.005914547543525385 6.389720218476053 0.0005476584490725195 0.0005476584490725195 0.002373102762387576 0.005587519235708502 0.007177991224299043 0.02628941651844772 0.049197888303814566 0.09502542151826714 0.18212218163816765 0.2575585294881486 0.29195351259997787 0.34899035582616134 0.3779276054407642 0.48977250850426657 0.5918024984304735 0.9159744429056059 1.1902969747554757 1.6920060160863852 6.389720218476053
1322 15864 0.005700519231491851 6.363257030659184 0.0005485201341796596 0.0005485201341796596 0.0023627778282583377 0.0055850031234085185 0.007142253538776051 0.02613523376135685 0.04894356868639133 0.09499947388849865 0.18299835989255792 0.25549730568277423 0.293110952424464 0.34831189433641147 0.37547771020993637 0.4890641808118884 0.5931718957580504 0.9200743865960803 1.1892862524853862 1.6713034117650865 6.363257030659184
1323 15876 0.005618122421529418 6.316563117138836 0.0005448260351182334 0.0005448260351182334 0.0023601451632223242 0.005554042334367553 0.007124892658955225 0.026086446186985572 0.048478501453026894 0.0950964137457069 0.1840091819457172 0.25353557336350463 0.2941993919901788 0.3478337996930266 0.3741171695561566 0.4879475289336968 0.5910003740737763 0.9162511129744018 1.188739796247521 1.6593196984316103 6.316563117138836
1324 15888 0.00554748240508248 6.259120655892695 0.0005328759619710943 0.0005328759619710943 0.0023502387650252607 0.0055591064682371455 0.007179465389134849 0.02616230233868815 0.048551268688166636 0.09550571075190148 0.18394948101808847 0.25396852079011883 0.29086511128349735 0.353628531506435 0.3743299376919679 0.4862659061060985 0.5871571133922715 0.9136131586461352 1.1877670709683084 1.6516649495580393 6.259120655892695
1325 15900 0.005537215372657017 6.1301095152321174 0.000533073463431052 0.000533073463431052 0.0023539751798964826 0.005564204688819339 0.007223304024900343 0.025957456213575807 0.047955873287163206 0.09525679966824574 0.18170361394927842 0.25411041918643884 0.2891814575630502 0.35603137071118945 0.37286839051225074 0.4849081611136647 0.5862646648708224 0.9130488884069401 1.19490327469555 1.661005859658201 6.1301095152321174
1326 15912 0.005478331890293846 6.1922203979961035 0.0005303632806585644 0.0005303632806585644 0.0023091246017691133 0.005567217153915458 0.0072182134707314705 0.02593559191858926 0.047734491984941896 0.09544426002297877 0.18182674984000505 0.2533675717498788 0.28858501571237755 0.3574778354057297 0.37615297798297337 0.4844833140294867 0.5845241563841569 0.9107464434979442 1.1989822616156365 1.6598747598633385 6.1922203979961035
1327 15924 0.005321189639697042 6.153591199536882 0.0005301229085716124 0.0005301229085716124 0.002308157348951997 0.005579940112587744 0.0070610024057699335 0.02607899599631339 0.04791624322075778 0.09541904463100001 0.18072964743574518 0.25156766527502844 0.28609959895915205 0.3562734962328528 0.3740347981776363 0.4814291885920219 0.5879040974693333 0.9150218099406113 1.197613357373216 1.6698409333476854 6.153591199536882
1328 15936 0.005153518755613041 6.167379313266388 0.0005338347929130645 0.0005338347929130645 0.002299715928765241 0.005580904717930433 0.006968797225285853 0.026259709857372072 0.04825838455352982 0.09528423960645857 0.17808439432568846 0.25029592613585994 0.2867532303803618 0.3564129750949247 0.37468544043820207 0.4793640884998446 0.5740691190968951 0.9145164542735906 1.1932432208887527 1.671562184971648 6.167379313266388
1329 15948 0.00501254290521631 6.111995548972902 0.0005305963899939487 0.0005305963899939487 0.0022999408372940313 0.005694568085517038 0.00695177744000049 0.026178126851797167 0.048219302881463734 0.09423478247023456 0.17575236687533244 0.24818469760082826 0.2860149466730221 0.3567423049104702 0.37499771082529865 0.48136472349114146 0.5712877323233347 0.9230881934758729 1.1865275074917365 1.6621019811927402 6.111995548972902
1330 15960 0.004693883917499314 6.08361646881332 0.0005345857799832837 0.0005345857799832837 0.00233054995572717 0.005680754581429586 0.0069312601972882325 0.026040896679441993 0.04790834061773545 0.09434183878491931 0.17427168993196582 0.2463302842277142 0.2855552501926978 0.35565276177783434 0.37525473505046353 0.4809679188155988 0.5717072123421293 0.9152410867299516 1.2029303178539499 1.6715277495962895 6.08361646881332
1331 15972 0.004426366195118042 6.031562608879888 0.0005357408015926699 0.0005357408015926699 0.002352466431902126 0.005615275997600901 0.00692131863194753 0.026018920086119675 0.047201288851590216 0.09402522328841749 0.17410638866125172 0.24664898646029337 0.28521914884145805 0.3554620751501107 0.3752690311642902 0.4772962101352842 0.569155946308892 0.9125571354444524 1.192816936063704 1.6789007370438955 6.031562608879888
1332 15984 0.004043765604498305 6.0303538629462 0.0005356991951313884 0.0005356991951313884 0.0023266310643888298 0.005611788678461225 0.006857725627186774 0.025911068609200574 0.04715955493180107 0.09378789026638096 0.1711336306170775 0.2475527850476542 0.28381778427698223 0.35548037433137913 0.3774202688786764 0.4762445595074915 0.5644851850078227 0.9107147711824131 1.1885109136245136 1.6985301679102398 6.0303538629462
1333 15996 0.003874593207921032 5.982109936900799 0.0005361858927173923 0.0005361858927173923 0.002311176776388056 0.005636223021170311 0.006870649395818188 0.02576207011336562 0.04718022232119418 0.09296244407965483 0.1674926720313731 0.2453568386566799 0.28520329590882776 0.355922140578637 0.3756867674659057 0.47561455383067475 0.5667887444136385 0.9014592658805414 1.1857561050828245 1.686455665344392 5.982109936900799
1334 16008 0.0037791510088248056 5.922739615732722 0.0005328674966339667 0.0005328674966339667 0.0023023250092463247 0.005567721173265881 0.006765684743507076 0.025610457214778705 0.047040257117115104 0.09334925837783943 0.16717710804442193 0.24485253352475564 0.2877424930078364 0.3545005206497829 0.37516694347248736 0.4792250065035217 0.5642758508539736 0.8971732922657852 1.1862229503282096 1.6941948300019027 5.922739615732722
1335 16020 0.0038271572088070284 5.7813343264849495 0.0005338217788093595 0.0005338217788093595 0.002267552053208235 0.005577183947580538 0.006739922131917821 0.0262059542129842 0.046699197342878924 0.09338947947812819 0.16933329785217469 0.24451730924414858 0.28722096133003394 0.3530042677660613 0.3752280961597431 0.48036544411426557 0.5653498763290096 0.8953700207932841 1.177926684967726 1.690206036347282 5.7813343264849495
1336 16032 0.0038531387144522754 5.618205748529222 0.0005299169155902054 0.0005299169155902054 0.002260011768150778 0.005594660117789459 0.0066739855276732474 0.02662791254930093 0.046766921573104296 0.09391145713943107 0.16793752660115246 0.24462869531248557 0.28648440472634457 0.3498740634427846 0.3747931072928204 0.4810531558725672 0.5688225941319008 0.9023567400706584 1.174355956174451 1.6925668914309058 5.618205748529222
1337 16044 0.0037079367999035074 5.607008036980644 0.0005332082251107538 0.0005332082251107538 0.002272559552582694 0.005542567936791572 0.006624302043488267 0.026681412915781074 0.046489669762649226 0.09384279148505255 0.1662886040698901 0.24538341669310154 0.28672045340935454 0.3484670050584201 0.3731670095933551 0.4825264235190053 0.572954017176505 0.9037629788196384 1.182423653115284 1.6677587803107259 5.607008036980644
1338 16056 0.0036131160302035363 5.5751449017297245 0.0005316821373588375 0.0005316821373588375 0.002259450787649001 0.005516063747203861 0.006595921879777699 0.026481331045643614 0.04630410624403388 0.09382043776296087 0.16438561620154749 0.24500275413419373 0.2867392718001282 0.34614884240300003 0.37227187495932723 0.48274355432064037 0.575698838594099 0.9016424054420425 1.1803168051382231 1.650382450999945 5.5751449017297245
1339 16068 0.0034696428197152534 5.576800493256157 0.0005334284517801985 0.0005334284517801985 0.002250106689180097 0.005500202559473445 0.006591289677324904 0.026346715358194415 0.045861494663528436 0.09402325750540809 0.16431310654400935 0.24351688394796092 0.2859435368900449 0.3439479198694237 0.36993986789993294 0.4844282960759544 0.5736873404574804 0.9026210241475592 1.1796485712535305 1.6464866054426552 5.576800493256157
1340 16080 0.0033205258489718377 5.539100764642374 0.0005322953948821438 0.0005322953948821438 0.002254908746761551 0.005510867994338868 0.006567067715972628 0.0264263626505721 0.04548259470410738 0.0935971933380754 0.16426213939894738 0.24438000245339364 0.2833170721256713 0.3395449297277107 0.3692893164537847 0.4814730285525775 0.5731001437943389 0.892396595271376 1.182210121376143 1.6460277948678046 5.539100764642374
1341 16092 0.003250443600529712 5.537756546022242 0.0005386461057604854 0.0005386461057604854 0.0022308314873292798 0.005513039910751559 0.006605484095658396 0.026415001207377924 0.04539937191559289 0.09266138875107026 0.16322210531983866 0.2436677032421121 0.28246085333006343 0.3381901785942159 0.36892110101026465 0.48597013550373164 0.56495080064666 0.8968494367337929 1.1901428004386576 1.6327398357024783 5.537756546022242
1342 16104 0.003264286156474395 5.580455842750551 0.0005385364213382732 0.0005385364213382732 0.002202352496763921 0.005469700946479911 0.0065842519406475696 0.026261498634983994 0.04531616942929928 0.09289451417515733 0.1626411095726812 0.24312109925685335 0.28021623344622676 0.3387832416895988 0.37069696551269093 0.49006919083082473 0.5622212195332527 0.889261627012829 1.1894949002656585 1.650818550240011 5.580455842750551
1343 16116 0.0032132455478440713 5.572509089355024 0.0005415625201073315 0.0005415625201073315 0.0022045323123421694 0.005419008726733564 0.0065573071468219 0.026005391292843776 0.045199311159296485 0.09347982968205665 0.16120580939194976 0.2425666718879931 0.27993363861040205 0.3376443397583913 0.37051937879825636 0.4914611048899504 0.5608470559039477 0.882453629544601 1.1896599498442777 1.6712492069004952 5.572509089355024
1344 16128 0.003131961370963486 5.493725477710408 0.0005421775721658415 0.0005421775721658415 0.002209069997550111 0.005371116254612891 0.006565710282351878 0.025612792251204154 0.04527197285369496 0.09419923091361314 0.16058029906840107 0.24229561767267985 0.2816070429255416 0.3364923810596779 0.3712911344928566 0.4910320524614911 0.5617160953801991 0.8798307872822272 1.1843293431615767 1.6724913430053823 5.493725477710408
1345 16140 0.0031250661893472524 5.506421140092456 0.0005394907035021743 0.0005394907035021743 0.002219471319969568 0.005376859087531039 0.0066133743921767485 0.025330193066965014 0.04534895252574961 0.09427654210815765 0.15953498389269374 0.24173130442231855 0.27869412423054096 0.3347860519396101 0.36410843834063966 0.4902898624520612 0.5613959592294558 0.8751016128101731 1.1884899812755843 1.6868632658572018 5.506421140092456
1346 16152 0.0031657335457456453 5.41849230916309 0.0005361457118158722 0.0005361457118158722 0.0022332493160750672 0.005386171963431269 0.0066168663772547395 0.02533094630313352 0.04531856526255915 0.09406198371016039 0.15905507248104658 0.24078818879407612 0.27862646131429347 0.3348924377958469 0.36303597610195115 0.48966638142866703 0.5682778679227369 0.8772916112452138 1.1824398526973616 1.6734525318208338 5.41849230916309
1347 16164 0.0030798050458036084 5.4177807012426165 0.0005328456721792608 0.0005328456721792608 0.0022334356503166666 0.005396311478328151 0.006628661466465558 0.025177705482196736 0.04503756511062634 0.0934617913317552 0.15877861954815709 0.24048884794773132 0.2772703105255106 0.33699786740179544 0.35909471953491107 0.4878869702387472 0.5663325734838304 0.8915665072547228 1.1786336220278344 1.6679511070806525 5.4177807012426165
1348 16176 0.0030387107934290746 5.40690392054776 0.000521296767877269 0.000521296767877269 0.0022424291608336795 0.005399942878218765 0.0066054375005407595 0.025013582591583025 0.04422928223657099 0.09421419390657172 0.157032516144811 0.24089206122597473 0.278004264509498 0.3396707686188845 0.3593990147046797 0.48600476425952477 0.5671400969120604 0.8975771620242063 1.1747897088425545 1.6474974012584047 5.40690392054776
1349 16188 0.0031003357378926373 5.426496658148978 0.0005211302525462146 0.0005211302525462146 0.0022504746185768683 0.00533251363962975 0.006659837097924926 0.025003537180812625 0.04456815009163076 0.09371949251058487 0.15802035978943882 0.24113730763656033 0.27806691842731224 0.34446411049377157 0.35847356918040235 0.484299320045045 0.5673757177343867 0.895857110024939 1.157767897831704 1.6475404468948993 5.426496658148978
1350 16200 0.002959589618188026 5.411787869166634 0.0005235468296980933 0.0005235468296980933 0.0022284518966562998 0.005299108435472273 0.006671425025472267 0.024927682292533514 0.04425938102417226 0.09347243365374092 0.15989499814626626 0.23821033498585006 0.27806225986633143 0.3474954314977698 0.35764109854422893 0.4809906607903647 0.5704983250012355 0.8973794966969908 1.1516836759228433 1.6616012732128669 5.411787869166634
1351 16212 0.002958207382145392 5.397842044537742 0.0005228169462155517 0.0005228169462155517 0.0022278854309835732 0.0052646849798846825 0.006637116677128803 0.02498401875297343 0.04407962484907711 0.09272361452262921 0.15896689075650014 0.24141272862399757 0.278941550855256 0.3472787155099069 0.35476193709424997 0.48066805097675125 0.5692883799436729 0.9011171692672046 1.129013562793194 1.6368788411556079 5.397842044537742
1352 16224 0.0029968667071862205 5.4339170599286435 0.0005271000525136512 0.0005271000525136512 0.002205612331407737 0.00534040222836434 0.006591248308373973 0.025056581925916758 0.044252926303155235 0.09309225757172097 0.1595285750414415 0.24143987441680748 0.27971783993790633 0.34631344253326357 0.3534699286423923 0.4749441655267516 0.5717078179556508 0.9152494056592905 1.1127181692760437 1.6198833154066128 5.4339170599286435
1353 16236 0.0030366132037122984 5.452511498854912 0.0005324503226997744 0.0005324503226997744 0.0021921873965418163 0.005333660303598233 0.006583945908312753 0.024763049702805365 0.044172734562976906 0.09228052920686931 0.15986881788347435 0.2411786231365371 0.27973299994270423 0.3396601332278204 0.35574996796826314 0.4703750962195329 0.5737476303119267 0.9167201582999869 1.1066535202397838 1.654744770037773 5.452511498854912
1354 16248 0.003005733588777092 5.404051318643982 0.000529092186892194 0.000529092186892194 0.0021793850190920047 0.005352335805770532 0.006580908834768383 0.024795909780603892 0.044016338323002606 0.09157527362413777 0.1604560106950491 0.24333403276637633 0.2775905602499109 0.3438849345932068 0.3538850315627891 0.4697047617930195 0.5796179901940773 0.9131767636308559 1.1074023222114677 1.6585557178663732 5.404051318643982
1355 16260 0.0028864021386852566 5.370902289988682 0.0005299145880514692 0.0005299145880514692 0.0021577356596304 0.005320983926954739 0.006574601282396675 0.02471280510005272 0.04445919113651539 0.09201245038372961 0.15874551324211522 0.24157969453294947 0.27661223763749454 0.3437566843559088 0.35573964972175 0.46485280944072704 0.5857042104633754 0.9113953004478005 1.1089913889236276 1.6546106965819252 5.370902289988682
1356 16272 0.0027932530053967333 5.39359948541019 0.0005283362414183896 0.0005283362414183896 0.0021568151680327165 0.005267747225813606 0.006590017504171757 0.02459878944748334 0.0444712986410114 0.09138330334193823 0.1584186192928586 0.24075460053353703 0.27666402654945615 0.34197643585138 0.3548307318787672 0.4642673150167624 0.5891678319565288 0.8989585089008433 1.1032481620691377 1.646959359668973 5.39359948541019
1357 16284 0.002775874981815896 5.425535201660783 0.0005210045553596964 0.0005210045553596964 0.0021370159718610256 0.005259729704723482 0.006541791218919164 0.024545271533283997 0.04440155744433307 0.09072733390417367 0.1572138700285047 0.2399166613914775 0.2761058857138878 0.34214470199621927 0.3576843721761917 0.46539003239641424 0.5934446358703342 0.8970195163631244 1.0971021649650676 1.6365808197696903 5.425535201660783
1358 16296 0.0028461776130706933 5.309629878763298 0.0005219621722711778 0.0005219621722711778 0.00212918632908293 0.005187194108343637 0.006525173644813968 0.024404936523502726 0.04471688708665542 0.09070720917099806 0.15714282017845663 0.2430460542790709 0.27577943180703907 0.34087646059286963 0.3622729562329411 0.4651532637256758 0.5843014897090233 0.9035473836610461 1.0904577495892767 1.6365549141381954 5.309629878763298
1359 16308 0.00295069218548641 5.259339528036233 0.0005237134580097111 0.0005237134580097111 0.002097207566318007 0.005171582963154184 0.006523462427268596 0.024376466781977867 0.04455509615084964 0.0900488638491032 0.1558567410814948 0.24230462606153108 0.2779439846358101 0.34167949065561415 0.3707759912006134 0.465810588146483 0.5826601038865513 0.9081306989596584 1.0933678333163803 1.6330742786588672 5.259339528036233
1360 16320 0.0030673632652404442 5.188519069742328 0.0005195118469677559 0.0005195118469677559 0.0020933550620030237 0.0051645878455017944 0.006567582628074873 0.024320623106033324 0.0447032989625717 0.09037057137912312 0.15529665957854202 0.24220198582274113 0.2806160696353501 0.344705081061398 0.3704929564919293 0.4661720571477826 0.5830519145396256 0.9185785391775081 1.0893283641932712 1.6431643214700689 5.188519069742328
1361 16332 0.0030823472345537077 5.136417295816148 0.0005123952238113307 0.0005123952238113307 0.002113924260310301 0.00508137078608966 0.006572499421700991 0.02422931677073522 0.04456308432280645 0.09093625941598826 0.1555564087882048 0.24253604077852325 0.28293088978086417 0.34916516787798435 0.37152615034010134 0.4629766546678114 0.58776065722612 0.9152769927152405 1.0866423294960939 1.6292507316464782 5.136417295816148
1362 16344 0.0030728509628113816 5.137925696506797 0.0005139183642697136 0.0005139183642697136 0.002122231421306639 0.005086706708205756 0.0065345468757091775 0.024125378307063836 0.044292673295143095 0.0909775821387507 0.15463871151582673 0.24316083192346527 0.282843965895306 0.3449362273904542 0.36911977435813287 0.4592077473826754 0.5926114939955885 0.9138553823117755 1.0802502863343035 1.633696319634159 5.137925696506797
1363 16356 0.0029979058193414397 5.142990708892767 0.0005151848040261462 0.0005151848040261462 0.00211652241556594 0.005017224081475397 0.0065168421652945525 0.024152691440173527 0.04422492372600091 0.09078297966662766 0.1566116452051973 0.2406256765409795 0.284818036523487 0.3425081478879083 0.3661389520196127 0.45661701038240404 0.5922421725157242 0.9127099172808275 1.0795467053071768 1.6421564036425966 5.142990708892767
1364 16368 0.0028984732992126884 5.047640257601239 0.0005212016950077884 0.0005212016950077884 0.0021219082976250713 0.004957382616840946 0.006493576296153537 0.023788530551372568 0.0438645216932655 0.09087432875897915 0.157285887114481 0.24099750759449431 0.28764981978872856 0.3403227297983587 0.36746611252315337 0.4583359237746101 0.5943967624858455 0.9113790061700963 1.08394189362929 1.6217386697903802 5.047640257601239
1365 16380 0.0027978672961199297 4.9433427793766445 0.0005214037170371437 0.0005214037170371437 0.002123780933382317 0.004953111079352611 0.006501533778658992 0.023739893758039764 0.04339559865796522 0.09094077824928981 0.15800174439312364 0.2388662887446716 0.28965356645510687 0.338828130179836 0.3695615766570872 0.4539884922855144 0.5952649064892477 0.9046212502845304 1.0866632995919423 1.6244778880102007 4.9433427793766445
1366 16392 0.0027487170122877636 4.8332917861406735 0.000520795837806884 0.000520795837806884 0.0021199609721023584 0.004957494138985954 0.00648294123772504 0.023607332805645403 0.042994093902062235 0.09097388468214127 0.15695149678785075 0.23878828002147665 0.28839313641819964 0.3416737206680211 0.3709917058664013 0.4499673631879604 0.5945882420442908 0.9134174885033469 1.087857798320713 1.6127234493199754 4.8332917861406735
1367 16404 0.0027187935268954515 4.834311932899925 0.0005254294191237287 0.0005254294191237287 0.002109818645267635 0.004939600540640025 0.006487086154171211 0.023584045140381493 0.042460610035097816 0.0912372068844159 0.15685057487678072 0.23836168066103097 0.2894038029245935 0.3371122274200275 0.37090243690493613 0.4514435868668497 0.5995534362544799 0.9134019059942661 1.07493267934588 1.6149577781448619 4.834311932899925
1368 16416 0.0025689473606091795 4.872582978567229 0.0005252716477443591 0.0005252716477443591 0.002082911312803372 0.004958996901138615 0.006434009988098666 0.023523471306535933 0.04297222951167238 0.09122119439699321 0.1581738858457773 0.23734554533934554 0.2886253661910641 0.335360249568827 0.37064938023807414 0.44739796929370707 0.6037829489670646 0.9046758410728877 1.0666268350023878 1.6111153447259463 4.872582978567229
1369 16428 0.00247881080651343 4.8653339598937 0.0005245917862045131 0.0005245917862045131 0.002090492663891445 0.004944853935582829 0.006444819242201142 0.023073775830257288 0.04301737061379241 0.0901116542873284 0.15752401601616053 0.23865763407123428 0.2842771398175229 0.3358549729138313 0.36910334724098215 0.44973359157574727 0.6055754321335794 0.9051484033117977 1.0598446372364196 1.6137379997951347 4.8653339598937
1370 16440 0.0024083871713326864 4.89295184049048 0.0005240653661039927 0.0005240653661039927 0.0021002452269290026 0.004968108510705008 0.006406270873908131 0.023082514203707688 0.043165997301499316 0.08929176237506632 0.15773171350060078 0.23917541367171702 0.2826086092391836 0.33551924690879853 0.36737020504248724 0.4450920860547899 0.5982864582054355 0.9053183809969279 1.0430148622777051 1.595191711398618 4.89295184049048
1371 16452 0.0024519389344858345 4.872289455727232 0.0005222671085205288 0.0005222671085205288 0.002080670177194587 0.004945554010278366 0.006416408856939267 0.023147369663984996 0.042833420103966464 0.08799670014241742 0.1585507951210931 0.2402589260568831 0.2809227598828974 0.33750909471868 0.3659872598955285 0.4456963149415003 0.6015580909298596 0.9056936518921089 1.0355317813338027 1.585253848086727 4.872289455727232
1372 16464 0.0023907171169832864 4.848093363066399 0.0005174910903368759 0.0005174910903368759 0.00206716075715127 0.004877092323770788 0.0064048882504219385 0.023113206285430093 0.04212516627253881 0.08882763270606792 0.1563053272367721 0.2460635868664585 0.2789846048661151 0.33862247366123216 0.365944642524087 0.4446576786082475 0.6001049582568632 0.9020831295087423 1.0553581825861422 1.5976831404394978 4.848093363066399
1373 16476 0.002487410316068361 4.840012922015805 0.0005160658271641993 0.0005160658271641993 0.002057656662952244 0.0048614241366043065 0.006337818366636242 0.023024259255769057 0.04184374219037096 0.08855501577479759 0.15586654651844836 0.24681760031314484 0.2766553836516539 0.33536763822942034 0.3609528058074808 0.44320656367657474 0.6104974347914676 0.905328646204441 1.06285941346532 1.6002433331775177 4.840012922015805
1374 16488 0.002617916481944919 4.830157477049774 0.0005172453265863612 0.0005172453265863612 0.002053080489370972 0.0048725671960895 0.006218171989389812 0.023257534022785815 0.042279807081979634 0.08792355175545694 0.15603602631716126 0.24745046235547907 0.2779244813000607 0.3349759142822414 0.3710765646149185 0.43922020828616687 0.6160033709682546 0.9035685940882697 1.05697950402056 1.6179905153147838 4.830157477049774
1375 16500 0.0027808453147895643 4.867419641688594 0.0005263260370565914 0.0005263260370565914 0.002050345705692023 0.004909765949990494 0.0062494675931388955 0.02285392612853905 0.04271718009279635 0.08825545099078466 0.1571827843620712 0.24520932889954894 0.27665376479080517 0.3361989552476632 0.3773127386435351 0.43870061822610656 0.616529335906305 0.9016142522568652 1.041627957673057 1.6178333785242545 4.867419641688594
1376 16512 0.00305766689429066 4.888450464413996 0.0005324109626157212 0.0005324109626157212 0.0020636899257737264 0.004919802535221643 0.006169886739868952 0.02274255396073851 0.04230022801236259 0.08768704037503668 0.1557270488600582 0.24367605150907365 0.2757663102418063 0.33340293848075747 0.38483273216841435 0.4404638806938768 0.6162317783662739 0.8994323871135835 1.0429140810439899 1.6016513626853595 4.888450464413996
1377 16524 0.003249531368634101 4.919478603733646 0.0005343491560827327 0.0005343491560827327 0.002066586669511141 0.00492801324372179 0.006175298265843087 0.02282659413472089 0.04186784105358308 0.08880495451072364 0.15804296943628415 0.24535082604934474 0.27609563620608324 0.3379577217745926 0.3908978057434288 0.439669335449554 0.6098826426983877 0.8848344669929 1.0398149893818283 1.597812097561699 4.919478603733646
1378 16536 0.0034116357053349516 4.908898300437628 0.0005405345281913037 0.0005405345281913037 0.0020654795096590813 0.004952132571455857 0.0061134395159517805 0.022728566840404942 0.04189271391760205 0.08847231944233315 0.15625747284675903 0.251268128747233 0.27718872334615846 0.34153855910001857 0.39308344246555493 0.43225478738815637 0.6069472708375603 0.8823783237469318 1.046204986795837 1.5943900323819806 4.908898300437628
1379 16548 0.0035957605873238032 4.914342208500308 0.000548144863723331 0.000548144863723331 0.002036620125523659 0.004947496841208587 0.006084522084719793 0.02258918685783479 0.04168957808570083 0.08827880916849382 0.15655568056442187 0.25075729664838364 0.27694684364497135 0.338058543226967 0.3991197493007916 0.4342315840202044 0.6174233694420227 0.8635401845400373 1.0609651588171167 1.585152319711373 4.914342208500308
1380 16560 0.003812871407708205 4.915978905124984 0.0005528019723239025 0.0005528019723239025 0.0020043414293269076 0.004935146417298059 0.006009557252147428 0.022527477765401357 0.041764664897050725 0.08771426010963447 0.1564023767502394 0.25206396571098705 0.2751228307967055 0.3348529836226948 0.4006539977638671 0.43475171594796763 0.6296119784667862 0.8642762265116972 1.0627726600434755 1.590276563060877 4.915978905124984
1381 16572 0.003936606589240519 4.903611219686045 0.0005462897647301408 0.0005462897647301408 0.0020020021159871367 0.004933389181846857 0.0060545828363328625 0.02246144742537136 0.041806844968454354 0.08911067711920728 0.15660760764872494 0.2547979331929888 0.2749112570808092 0.33363169986893504 0.4000454687105726 0.431905118042466 0.6364052220897802 0.8578560968598985 1.089566822867891 1.572638502491823 4.903611219686045
1382 16584 0.003945245913741411 4.94056915893779 0.0005451719016889928 0.0005451719016889928 0.002003898382062908 0.004934364417116396 0.006042274837339816 0.02221093615794515 0.041813239601611145 0.08897455328939251 0.155946036808069 0.25508995911420096 0.27471890615013633 0.3327621716345091 0.39434732707445264 0.42723235392181325 0.6444397297413255 0.8515511323778868 1.1005993686878643 1.5687538712978146 4.94056915893779
1383 16596 0.0038216034632649115 4.911773803446624 0.0005468900706819984 0.0005468900706819984 0.002034135756747764 0.004986098164737581 0.005958999859002598 0.022050607981175075 0.041731482800931675 0.08936989074567998 0.1555090960818347 0.25355295811224066 0.2734747059679959 0.33014386608885204 0.38985666704148264 0.4285029077197153 0.6494186804773189 0.8547952844384563 1.113830385566878 1.5675119058123257 4.911773803446624
1384 16608 0.003756681185379585 4.93867622233831 0.0005459286571441326 0.0005459286571441326 0.0020359344231774264 0.00498498308872509 0.0059390035482019725 0.021955839687007202 0.04147733231878775 0.08894220975145813 0.1551239766340049 0.2519066022000409 0.27118497196003866 0.3300851474063263 0.386775114625276 0.42760291169984144 0.6519636199709415 0.846894971400942 1.1116026650425523 1.5431670790894543 4.93867622233831
1385 16620 0.0036688061317677167 4.929927069618944 0.0005364321185680799 0.0005364321185680799 0.002034588362729887 0.004979437721634502 0.005945400485676977 0.02144309725304296 0.040851346741985754 0.08818674292432616 0.1556984532209481 0.2510079848409991 0.26896790792270475 0.3294813459673435 0.3891137421250579 0.42957321744291327 0.647302414143064 0.8474759171270414 1.1295354332921468 1.5613372758239663 4.929927069618944
1386 16632 0.00357014090669129 4.927323539557867 0.0005341554230475011 0.0005341554230475011 0.002010411897672878 0.0049980947100955065 0.005945589509910354 0.02141280941262712 0.04100492159859037 0.08770950359209648 0.15513965429994986 0.25075952896228454 0.27099478321328924 0.3264678210210004 0.3886161397214729 0.427374878111775 0.6410901791200436 0.8401276946646921 1.1250613118688335 1.5673493278062627 4.927323539557867
1387 16644 0.0034825167948618406 4.93838526730836 0.0005309412207970246 0.0005309412207970246 0.002008472778143478 0.004988120851715853 0.005953101401045098 0.021062614132933366 0.040926435289819194 0.08856434935896912 0.15508401045019865 0.25154170093388134 0.2717220366789965 0.32349554159251936 0.38837573052948204 0.4144648286671431 0.6375767128598437 0.838842021035382 1.1220889458673768 1.5681625105952854 4.93838526730836
1388 16656 0.003302449374242905 4.926099108340463 0.0005339403738510148 0.0005339403738510148 0.0019781054247500216 0.004969907910524657 0.005969492220345377 0.021007101467852996 0.04090687572103952 0.09004397345957321 0.15383899975182055 0.2505308900984627 0.2698763427987043 0.3225539120372762 0.3885644061131427 0.4141855698422442 0.640038364329953 0.8362787413423239 1.1286477429044786 1.5687242056198512 4.926099108340463
1389 16668 0.0033953925792274886 4.9356175855409745 0.0005311543818221167 0.0005311543818221167 0.001962004619188118 0.004975887542910524 0.00591723089881161 0.020730817036076876 0.040787204324463366 0.09021450443763512 0.15365971284134095 0.24937520783294084 0.26764599204153133 0.3220564311462 0.3865480849289672 0.4117996030128396 0.6398872549839484 0.8381102089068969 1.13239616996909 1.5622222041066238 4.9356175855409745
1390 16680 0.003452415127660329 4.959378011741452 0.0005336382356377296 0.0005336382356377296 0.0019616019950843724 0.004990222623211633 0.005876937736263195 0.020602971756372986 0.040878755407758705 0.09046853071428461 0.15553875046715077 0.24871759603506008 0.2660247883442881 0.3224840328326456 0.38364550159023664 0.410924225551426 0.6397046248200601 0.8384339177663124 1.140597439217039 1.5540433396205267 4.959378011741452
1391 16692 0.003330187891667712 4.911539227677173 0.0005342685383769534 0.0005342685383769534 0.0019437247529361687 0.004979857954006205 0.005869758095039046 0.02053288709542014 0.04076085830367542 0.09063338781584804 0.1559338988953665 0.24905011007353434 0.2644538489678794 0.3238404921022763 0.382639210872284 0.41643251323048236 0.6375913400509429 0.8421999232273969 1.144346202916708 1.5623714921102902 4.911539227677173
1392 16704 0.003133128523961425 4.948343166652405 0.0005300514974473538 0.0005300514974473538 0.0019357443878047968 0.00492269097433791 0.005802502959089411 0.02041641975072166 0.04082649455775771 0.08958761094603322 0.15659070781292164 0.24990524990850355 0.267884629584485 0.3221849844640981 0.3828599974027424 0.41703859263261206 0.6391751070592535 0.8418073446033092 1.1602699836280117 1.5691678259085704 4.948343166652405
1393 16716 0.0030012180980762784 4.94540606800175 0.0005273172642669144 0.0005273172642669144 0.0019101121099466434 0.0049139951352122554 0.0058327555379218635 0.020351904845993134 0.04028634009524724 0.08871416593618747 0.15644600297781652 0.24989441778825336 0.2657361167479106 0.3204457789895968 0.38137579915188774 0.4171154340112068 0.6381569332055788 0.8417044159746148 1.1609092126853626 1.576491046115208 4.94540606800175
1394 16728 0.002933015330173132 4.965744098780387 0.0005198256653353578 0.0005198256653353578 0.0019024459595922316 0.004877206011524401 0.005793726892764596 0.020133107285237768 0.040251799774694404 0.08820141215668487 0.156406162705328 0.24862000737829237 0.26543503200739543 0.31863475569520294 0.37730570107222733 0.42005788547760603 0.6385981898343398 0.8455892187986004 1.1632163791822825 1.598322292856004 4.965744098780387
1395 16740 0.0029765821498061065 4.9216695604868566 0.0005197275567384102 0.0005197275567384102 0.00189819518567796 0.0048686987045310675 0.005785805950099092 0.02019590684114486 0.04000335865558984 0.08752977379449464 0.15623068229996673 0.24897741642855778 0.26490921078876545 0.3187886534920362 0.3782008489283135 0.41372938075496796 0.640171698412699 0.851886129147264 1.1420294781424964 1.5958729597063779 4.9216695604868566
1396 16752 0.0029439247333751103 4.920342709471878 0.0005237481049286082 0.0005237481049286082 0.001896883179851011 0.004800144839535099 0.0057731476045788975 0.020351799394063806 0.039625166348082955 0.0870002515783256 0.1558470328338633 0.24765166146117673 0.2623085310025712 0.3162366994267587 0.3785184238633398 0.4161232641052315 0.6450035729312087 0.8473694480911039 1.1403289326502841 1.5987645478155839 4.920342709471878
1397 16764 0.0028417583952814753 4.8608625397191805 0.0005257512850262873 0.0005257512850262873 0.0018871281980040516 0.004809658795071812 0.005750577603494852 0.020396209621683845 0.039638548670927275 0.08711913572695144 0.15529857357401583 0.24491882590374633 0.2641281290455581 0.3173998283711246 0.3776819653757035 0.4150644023378841 0.6433522226196852 0.8345888540210931 1.1247376766555834 1.6088937968220112 4.8608625397191805
1398 16776 0.002912336681411204 4.889583500304581 0.000527325714878471 0.000527325714878471 0.001880701409350246 0.004786023318732747 0.005752819983184003 0.02019468338688856 0.03930372655511484 0.08691133746928546 0.15401728086636496 0.24746411647683222 0.26107256028583603 0.3179262325096382 0.37565597153379887 0.4155100472783531 0.6433152768182321 0.8415952700552976 1.1130149217308376 1.6044179572697002 4.889583500304581
1399 16788 0.0028758899485106545 4.889150600209361 0.0005274082688257183 0.0005274082688257183 0.0018676716317345167 0.004733755078848749 0.005756958245877705 0.020006392317159845 0.03925126448131054 0.08668079588889901 0.153461933129933 0.24984520133369845 0.26219199593978265 0.31774710746621515 0.3751534111345394 0.41714044890865526 0.6429746820836182 0.8379646676508212 1.1183184537064006 1.6429733475976906 4.889150600209361
1400 16800 0.002965564564001321 4.8702068082894385 0.0005245875670963187 0.0005245875670963187 0.0018692835001425765 0.004638231223381029 0.005762762241480792 0.019757710231913698 0.03933564208519462 0.08740195179245987 0.15292895052901775 0.24941924878866603 0.26386964884788583 0.31785689727324934 0.3741108256371406 0.41604090664856747 0.6415179396961138 0.8248469267503118 1.1238598057445284 1.6577097429880028 4.8702068082894385
1401 16812 0.003013281109494455 4.860127894823551 0.0005177395584992047 0.0005177395584992047 0.0018595797674465743 0.004665360102014339 0.0057586607013982855 0.01965590194128487 0.03929008215535522 0.08682998118078084 0.15173578921507627 0.25069180557220627 0.2665102832082437 0.3177414182888969 0.3732924072059559 0.41614457997786874 0.649495274133252 0.8338678074007122 1.1139182600187523 1.66615346636469 4.860127894823551
1402 16824 0.0030065920477359 4.856326490813671 0.0005139164263416824 0.0005139164263416824 0.0018493686973463995 0.004656720322018184 0.0057784583126010486 0.019608113059441067 0.03929640652846296 0.08611774554216074 0.15206541666385162 0.2509570382573754 0.2665924321702951 0.31578346606327884 0.371479702935886 0.41649623727712515 0.6511634983213299 0.8334879165951499 1.1209589638656179 1.648710602217179 4.856326490813671
1403 16836 0.003074847265544793 4.8379667440206635 0.0005153562233324948 0.0005153562233324948 0.0018513583555542271 0.0046556973126451 0.005779257786841787 0.019515942028464815 0.0388685234086743 0.08510731049202505 0.1534144920326691 0.25307608139394694 0.26893320644886853 0.31531238692754415 0.36900084303222075 0.4170311127661572 0.6480055382152862 0.8420627192311195 1.102013459738516 1.637383676186114 4.8379667440206635
1404 16848 0.003126970504749812 4.753641367791413 0.0005113839460875502 0.0005113839460875502 0.0018538341861011004 0.004614252924837262 0.005787841277856825 0.019629425298898145 0.039009924471844856 0.08681388926764907 0.15349155807058343 0.2514865622990886 0.27250604377701737 0.31564583914708577 0.3668124182307058 0.41691249474939995 0.6450569309228094 0.8462085974139583 1.1081121580794886 1.6460181350523633 4.753641367791413
1405 16860 0.0031207356259717687 4.730449440698722 0.0005105197103406512 0.0005105197103406512 0.0018522265373752743 0.004634370919378548 0.005738004500735237 0.019620954350880255 0.03896532281904979 0.08743002473651985 0.15272251292755015 0.24994208978567814 0.2743158626099626 0.31118679253120674 0.36939768219503016 0.4181502070352857 0.6432089400767851 0.8490434445408314 1.0794462475616733 1.6618711412738691 4.730449440698722
1406 16872 0.0030982723367010963 4.758745715356846 0.0005028019541214331 0.0005028019541214331 0.0018423397553178034 0.004628315382913234 0.005632728290086469 0.01948789646914123 0.03885704953368958 0.08740540646040974 0.15297766678896535 0.24857732961426915 0.27616721198164657 0.3101891077252101 0.3697172950131442 0.4134435725996387 0.6474045009451806 0.8468444031198311 1.0808647232555504 1.666350724338096 4.758745715356846
1407 16884 0.00306492052332368 4.759349987401801 0.0005039222781269317 0.0005039222781269317 0.0018387084288519757 0.004558464220956182 0.005605662854760187 0.019395272814953516 0.038954623320865724 0.08754886032896056 0.15638839099004384 0.24642775010338663 0.2747043898279036 0.3094467866027664 0.3696791818915394 0.411533887999867 0.6445101861149628 0.8536995159278388 1.0800021274364109 1.6499561623847459 4.759349987401801
1408 16896 0.0029956129192968543 4.714982968431752 0.0005043350352768415 0.0005043350352768415 0.001834952948377345 0.0044845035099046774 0.0055788807424660735 0.01931853509385049 0.03877853488837098 0.0874644833658732 0.1583800911060647 0.2450931586896419 0.27274833578083457 0.3105794353182476 0.3712387867615111 0.4099427694896311 0.6416333350206367 0.8451076962980509 1.0790501246442852 1.6628957129067548 4.714982968431752
1409 16908 0.0029602161173017854 4.719189949560745 0.0005046225756912669 0.0005046225756912669 0.0018249249768274756 0.004397885678292008 0.0055555129133107615 0.019290944548361517 0.038201061461920614 0.08704702627245994 0.1584855574544315 0.24679906565224352 0.2737382566466193 0.3084321287477642 0.3735944986600171 0.4092792544562105 0.6339473237826758 0.8432389452449603 1.0878156637504577 1.6604047327508913 4.719189949560745
1410 16920 0.0028160646488523578 4.68124641527914 0.0005037089414830133 0.0005037089414830133 0.0018151445316669644 0.004381227473169755 0.00555658561870791 0.018948875890600687 0.03800310508330466 0.08640803059106873 0.15863162262583377 0.24612783498067126 0.2718352654644834 0.31121587904608794 0.3766883571188488 0.4099030469096839 0.6313279534874037 0.8452192393338461 1.0897819417650674 1.6633286167825025 4.68124641527914
1411 16932 0.002717241978399055 4.677419244659731 0.0005016224259453022 0.0005016224259453022 0.0017966550491919585 0.0043356034953906716 0.005519359278214987 0.018912397660818273 0.03800293711255636 0.08627451819699614 0.15843753671259275 0.24936104619810795 0.2722806145505368 0.30833348585234005 0.37643632493349855 0.4095410243887373 0.6299357837026552 0.8327696126643538 1.0781721663383594 1.6717141455930482 4.677419244659731
1412 16944 0.0028876147562110284 4.627515573721382 0.0005009375652882809 0.0005009375652882809 0.0017825814320268606 0.004312865011066402 0.0055206600688349 0.0189205661655848 0.03801364602550991 0.08503163760881896 0.1583086843217788 0.24839463814384904 0.27497672635985687 0.3080457618097075 0.37969672779613794 0.40819603875753807 0.6364774346855693 0.8198602623711879 1.078907103720341 1.6633616080879048 4.627515573721382
1413 16956 0.003055670853813605 4.673604691382029 0.0005135705990727706 0.0005135705990727706 0.0017867240980585346 0.004249900799320036 0.005510857816741855 0.01889859890892126 0.03795111325235071 0.08472915115214703 0.15830728668487093 0.2501344766185331 0.2748015175037594 0.30778501078144893 0.37925985446538696 0.40569642742725837 0.6358014516033247 0.8119181626458494 1.0964526374459447 1.6582296041733857 4.673604691382029
1414 16968 0.0031377065766641093 4.680958502587329 0.0005169328401774488 0.0005169328401774488 0.0017825079408720769 0.004253012623723224 0.005429372117413754 0.018628663972263936 0.03794340460364924 0.08445883959466104 0.15808716943682086 0.2501842915005188 0.27583853063393526 0.3074656523387136 0.3793625312557816 0.4098619861026735 0.634097899202738 0.8056552300469034 1.112854354674881 1.655036439485765 4.680958502587329
1415 16980 0.0032945199114105005 4.665630014244533 0.0005183029571799282 0.0005183029571799282 0.0017754218800350504 0.004229482069915427 0.005409862885515144 0.018642399790876014 0.037487877543729564 0.08421256422996176 0.15890864544035274 0.24950449536528535 0.2768080099539681 0.30721504558058266 0.375894190949835 0.41040769051581394 0.630199203134762 0.8104862627623739 1.1314844992435853 1.6505202141114392 4.665630014244533
1416 16992 0.003301389749554069 4.655488435407971 0.0005192593214852171 0.0005192593214852171 0.0017510326348574663 0.0042202908446192094 0.005361351322467278 0.01870061328973024 0.03764114062776683 0.0842034188428204 0.16036436326380468 0.25067456263062665 0.2754348154419949 0.3071220285068449 0.38175903199843597 0.4139901541940955 0.6259684768692764 0.8103674711943637 1.148431015278443 1.6525096381837892 4.655488435407971
1417 17004 0.0034442392764340414 4.643487241531681 0.0005258211367181703 0.0005258211367181703 0.001755837913378256 0.004196454118051132 0.0053180775744694295 0.018559346100973016 0.03769764230473492 0.08488800336666245 0.1598089438078405 0.250814617687274 0.27395965159572544 0.30614160232331705 0.38471512491542065 0.4162853806428294 0.6257136482537242 0.7896632879698733 1.1637122704063638 1.6460093432022318 4.643487241531681
1418 17016 0.0035127264190195997 4.743447058734061 0.0005256684231220867 0.0005256684231220867 0.0017464390242407821 0.004157870354273688 0.0052882501777952295 0.018569231541542636 0.037266572009767775 0.08518407710113095 0.15940253838909205 0.2488465061746738 0.27483382059823697 0.3067603782751856 0.38356308911290576 0.41545714519251026 0.6252564968455162 0.7868781803174508 1.1786369967526031 1.6350060913539575 4.743447058734061
1419 17028 0.003503224224976506 4.727082391223417 0.0005298122408652864 0.0005298122408652864 0.0017390704089319344 0.004155294828580926 0.005320346956945821 0.01836654749462228 0.037118788368343585 0.08522815626823005 0.15915550390292854 0.24864581382482476 0.27505572646304965 0.30569022764205084 0.38308839841281417 0.4138382991078854 0.6256044513236415 0.7799548385682058 1.1735182468076242 1.639594077516925 4.727082391223417
1420 17040 0.003554145026179509 4.738376616675416 0.0005329573515298467 0.0005329573515298467 0.0017344940898257055 0.0041481602864811605 0.005257126878908281 0.0183593255872601 0.03704910354311345 0.085453196180857 0.15873869099053473 0.24635720510721268 0.2731655171897026 0.30611169776504216 0.3782605231896005 0.41617033640850815 0.619567020188492 0.778724890242246 1.1777430462470504 1.642178159172816 4.738376616675416
1421 17052 0.0035576118865044645 4.758418664739832 0.0005341957269075739 0.0005341957269075739 0.001721446692468768 0.004118409848557909 0.005212587667407791 0.01827169280407418 0.036968095634369764 0.08547766510370984 0.1582967387007302 0.24391469352735246 0.27308440669973644 0.305463780357336 0.3780985172070911 0.4140682344095146 0.6235159901721138 0.7783661165054409 1.1870810073206017 1.6439615880776957 4.758418664739832
1422 17064 0.003366277613693621 4.74560290008872 0.0005284236296619354 0.0005284236296619354 0.0017138323553468591 0.004117072326547197 0.005206119379028093 0.018215900210275412 0.03710707232086399 0.08410319538965265 0.15791586666565716 0.24320701250949922 0.27288818128632153 0.3057589788012433 0.3791295027910188 0.4111166025475119 0.6152645492459864 0.7829314153378897 1.2101001323608962 1.6390354737420478 4.74560290008872
1423 17076 0.003319464142818057 4.7231199722098856 0.0005270556547188913 0.0005270556547188913 0.0017144113663937327 0.004105671628345042 0.005170191452639788 0.01798175679622302 0.03707330026049362 0.08316479796550899 0.1580747878673241 0.24309211912750817 0.2724090454794752 0.3050773140336314 0.3726106689067347 0.41086997801816216 0.6216548097021128 0.7862719828797727 1.219509833502413 1.6397222478353113 4.7231199722098856
1424 17088 0.0033621038678349102 4.73935848991087 0.0005295891882628402 0.0005295891882628402 0.0017199105369006254 0.0041071405132982 0.0051562738703746485 0.01802145249536808 0.037120115864244616 0.0835951402430998 0.15622201767385915 0.241673759651784 0.2693834637088755 0.3038239017661605 0.36958337625217996 0.4095401117959587 0.6198714779315588 0.7946904610936911 1.2206681984235497 1.6177077814589569 4.73935848991087
1425 17100 0.003578395609128158 4.682710453523508 0.0005368529804067985 0.0005368529804067985 0.0017103003352134704 0.004086769615920443 0.005104420809434793 0.01780799212645576 0.0372719650765156 0.08392314706917457 0.15599597593307293 0.2419761471644895 0.26856335610821513 0.3004973121639356 0.36988352725381396 0.4088134784678318 0.6172087575332511 0.7871564871513866 1.228718351694328 1.619316123951362 4.682710453523508
1426 17112 0.0035965718382906854 4.676457701398854 0.0005443947575553141 0.0005443947575553141 0.0016987116226424965 0.004086116025969407 0.005077794607319404 0.01773238461131175 0.03748601242171294 0.08299699303428444 0.15572789710364734 0.24212992696181312 0.2679877865430563 0.30397622202475744 0.3649674355131803 0.4064528274080391 0.6162502112155502 0.7828469823489062 1.2482833787466494 1.6203192177835313 4.676457701398854
1427 17124 0.003587347205275141 4.688770255527299 0.0005441850700645465 0.0005441850700645465 0.0016895145590551477 0.004088743250094489 0.005068688945563078 0.017621599090038725 0.0375147736470006 0.08190990670279616 0.15609728287807173 0.24132147097469459 0.26726957962166814 0.30304593353696196 0.3648618361972539 0.4055180497733751 0.6108780223812456 0.7789163389445966 1.2476914672210098 1.6283539632446786 4.688770255527299
1428 17136 0.003671534248921675 4.729107516764242 0.0005458897818797299 0.0005458897818797299 0.0016764399488769506 0.004051379949106157 0.005068982817147258 0.017550819779817817 0.03760595563109028 0.08209431602292837 0.15681286642470782 0.24042281864960172 0.2678784826005451 0.2985979799300581 0.3620829425958321 0.40553790188407224 0.6041705979857748 0.7787635633902069 1.243413379904908 1.6248195644684165 4.729107516764242
1429 17148 0.003767284066212981 4.716576169060933 0.0005468296220994712 0.0005468296220994712 0.0016609109451158305 0.004057569872230592 0.005065929860289743 0.01769380006509004 0.03806414663631344 0.08262075809545304 0.1572537397221596 0.24155813053110167 0.2627398335530457 0.2960857580521725 0.36480762073400425 0.40726849433855056 0.5979176031218157 0.7855849725179174 1.234442621544021 1.6303456223161463 4.716576169060933
1430 17160 0.0038952653725399557 4.7310309113900235 0.0005479144079627096 0.0005479144079627096 0.0016631625696009243 0.00407572501058353 0.005015811152792927 0.017738469216093313 0.03797592217937505 0.08240693715784332 0.15971060482200738 0.23948120736408945 0.26129094159619753 0.29667290496972576 0.36391775144628974 0.4080637597200587 0.5942216498875947 0.7914995089364373 1.2223218416376866 1.6402663305564356 4.7310309113900235
1431 17172 0.003874005385050941 4.692293034791819 0.0005457843156625787 0.0005457843156625787 0.0016606033960196883 0.004060861360589775 0.004993535398234426 0.01771343378645845 0.038229291053372506 0.08212662467835401 0.15903174675324458 0.24009018616447073 0.2611886726379444 0.2965457699323642 0.3633549620358168 0.4133659850069135 0.5931713176377 0.7984303190028688 1.2238527997468571 1.6535322697189831 4.692293034791819
1432 17184 0.0037646857270080517 4.693314072684082 0.0005454166458610289 0.0005454166458610289 0.0016503514540028696 0.004051998370968963 0.005005269604195709 0.017516796926007615 0.03816718238906681 0.08199376405252054 0.159759430128057 0.24019440029592706 0.26220873390417476 0.29328653168169716 0.3621515616172417 0.4188360222051216 0.5928039679007999 0.7874950728780276 1.2317180670983314 1.6370877247557591 4.693314072684082
1433 17196 0.0036526737942376855 4.708975753303788 0.0005422617609649822 0.0005422617609649822 0.0016466301853536658 0.004033649769048708 0.004964875903431488 0.01746661734585915 0.03839114450213393 0.08173214142438495 0.15912025788286016 0.23679841263457946 0.263213565889021 0.2915543753958781 0.3574360079802889 0.41641870582994983 0.5936368075967907 0.7841686520720444 1.2227201077432572 1.6370757596132195 4.708975753303788
1434 17208 0.0035102661999505246 4.675986373616188 0.0005419872239590064 0.0005419872239590064 0.0016379675468378115 0.0040032264992345265 0.0049615449909206355 0.017297201418550456 0.03826844304960156 0.0813883904376912 0.15747494809038798 0.23500190357801937 0.26361574861625836 0.2922913247027796 0.35793695744276 0.41439786947710916 0.5926628732813936 0.7840609994067809 1.2085982682478014 1.6327950890431806 4.675986373616188
1435 17220 0.003464097234562197 4.678778299338368 0.0005413862048887504 0.0005413862048887504 0.001645595874857832 0.004004918285469768 0.004955519871982799 0.01731876051091609 0.03817788086925048 0.08098845323919275 0.15352662315371224 0.23493040217174446 0.2622105818394307 0.2923707327552327 0.3564649984162601 0.4143375187944654 0.5956983306875298 0.7818037062727113 1.1955840059361356 1.6295397857901568 4.678778299338368
1436 17232 0.003372700478106379 4.695858354123583 0.0005467539928684721 0.0005467539928684721 0.0016141542709427247 0.003966250069777304 0.004948898153845374 0.017543485771792686 0.03801064575145019 0.08093473884438074 0.15320039381912434 0.23430687276813134 0.2623950562531269 0.2919810458534669 0.3576417164255619 0.4160587043088718 0.5976287776281018 0.7692669098710432 1.2043584947531807 1.607526675846751 4.695858354123583
1437 17244 0.0033735193936013375 4.724888911843411 0.0005464829734868623 0.0005464829734868623 0.0016106577227953667 0.003937073398978865 0.004945362392356129 0.01738503725575429 0.03847840043770841 0.08063006639936124 0.15260762586510832 0.23296390427800254 0.26219141883615393 0.29227986301697023 0.35717493941121436 0.41460251107596174 0.5882270764484819 0.7656734372974721 1.1924052811502541 1.6052158139093267 4.724888911843411
1438 17256 0.0034729749933096756 4.82911826362583 0.0005451332596132115 0.0005451332596132115 0.0016052245382250602 0.003886089144725971 0.004916198821538289 0.017317558066257097 0.03845194795709382 0.08071790190896627 0.15367158372505038 0.22692050780140793 0.2615951757631021 0.29339954748546926 0.354942551439919 0.41312318370224504 0.5821585413507513 0.7639378257768572 1.1973856681396646 1.6046625631914366 4.82911826362583
1439 17268 0.003370454811650786 4.849627864585381 0.0005455504126004362 0.0005455504126004362 0.001598453428469544 0.0038771435918521046 0.004977020770801828 0.017386937896909944 0.038350767289984655 0.07976794183235673 0.15154803233395106 0.2278021513573435 0.25736678300827537 0.29367733791184697 0.3589573025319308 0.4122705309555468 0.5823963262333026 0.7685003484634868 1.1972163600457297 1.6055802460470705 4.849627864585381
1440 17280 0.003437721370332775 4.861506226920651 0.0005442073998662891 0.0005442073998662891 0.0015785377309100734 0.0038655243213273124 0.004935595531360231 0.01749383976097856 0.038400360308016565 0.07970975512909934 0.1492254886172384 0.22706796117493927 0.2547885339495237 0.2926343253417098 0.3579397362088327 0.41196025563440236 0.5789890261935656 0.7629094820195411 1.2043494983631826 1.6120280728311092 4.861506226920651
1441 17292 0.0036303058443507568 4.912420895337017 0.0005419042865757604 0.0005419042865757604 0.001559727776965484 0.0038308180996094844 0.004910401261129298 0.01733538614924497 0.03835288372549021 0.07958029207807205 0.1497482266858768 0.22587167377031198 0.25371295538638816 0.2906817329040074 0.3557283531683755 0.4116497893888845 0.5850535495737494 0.7609449373797521 1.2338527431462427 1.6036691859033478 4.912420895337017
1442 17304 0.0035518583465306056 4.966855427445301 0.000541954920786365 0.000541954920786365 0.0015525560706665313 0.0038439102104151127 0.004915207621195 0.017390579589686987 0.0381056163897716 0.07904152058485954 0.1508547095477393 0.22338625179295238 0.2527784600769345 0.29130596270794756 0.3537949330564094 0.40865345320627333 0.5898944999199836 0.7681556011371384 1.2417710855006974 1.6292723827018551 4.966855427445301
1443 17316 0.0034287752662480226 4.957478698313335 0.000532939676706728 0.000532939676706728 0.0015434147216377317 0.0038331965814750717 0.004890321244134303 0.017308216107639964 0.03751509851767671 0.079032176513029 0.15137315762008713 0.22486946663195911 0.252218439254703 0.28922388386068865 0.35399176333551413 0.4070057701435145 0.593020909761394 0.7656766863672757 1.2475861534154287 1.6206044832667128 4.957478698313335
1444 17328 0.0033646926023325387 4.9325630472554165 0.000529627846722246 0.000529627846722246 0.0015372764710863854 0.003819868333483281 0.004853016292475148 0.01733505948440218 0.03724449862804497 0.07862844488288366 0.15088493675740225 0.22379847830281563 0.2504887866429366 0.28910408193526255 0.3557950634744181 0.40539931986526295 0.592647051027118 0.7669018959585345 1.2474207230367111 1.6198097650388188 4.9325630472554165
1445 17340 0.003339233688967733 4.966477145075682 0.0005327193437286612 0.0005327193437286612 0.0015231202987055067 0.0038173936673284526 0.004832218114492754 0.017241840502271247 0.03718758163541304 0.07873163830422589 0.15064176101321625 0.22200343710559955 0.25031625979184363 0.2935054201138912 0.3545813007459431 0.40450238886068585 0.5945830107339022 0.7627691664287289 1.2441547900978207 1.5962538805543678 4.966477145075682
1446 17352 0.003290032540017541 4.972097513398306 0.0005421981814713704 0.0005421981814713704 0.0015124158821028864 0.0038008806678536755 0.004816007474422714 0.017202225994289392 0.036825282904901835 0.07779122518672082 0.14966763222653348 0.22058629264143015 0.2508267803638975 0.29224215334098314 0.35105330809642554 0.4039722756437787 0.5951944042307141 0.7605183500304539 1.2491906072645016 1.6075122652469511 4.972097513398306
1447 17364 0.003345082456824421 5.020604439708715 0.0005465397670391433 0.0005465397670391433 0.001514468932855331 0.0037212317161912454 0.004776482362577539 0.01719371854932727 0.036530166482892236 0.07758628851079705 0.14974668250496392 0.21721452195649962 0.25168145544709997 0.2915241780327755 0.35092133926386754 0.4047383481091532 0.5949088874868249 0.7552736032058952 1.2296158145722753 1.626718779663475 5.020604439708715
1448 17376 0.0034978685973626874 5.123322166907846 0.0005468133662876843 0.0005468133662876843 0.001520678941464929 0.003701835868283664 0.00479618526585335 0.017301075308657727 0.03681137955765202 0.07624444649798563 0.14844167135949865 0.2168339709595764 0.24773428570509895 0.29123102822927605 0.3500931735519626 0.4007126570768019 0.5977688967557853 0.7506079497511826 1.2514362359576163 1.6355651564224627 5.123322166907846
1449 17388 0.0037550753762897386 5.16222713573951 0.0005555008431915547 0.0005555008431915547 0.0015184160149224269 0.0036663134275386785 0.0048662440493845525 0.01719961880797161 0.03665268144876255 0.07684842018513238 0.1477455170010988 0.21764134409653665 0.24506750113602632 0.2914900479821364 0.3540922462734044 0.40439564596426997 0.5978996170065675 0.7448102669882063 1.255580705814314 1.6193291026320848 5.16222713573951
1450 17400 0.004129838815928487 5.202730831113908 0.0005499924975755025 0.0005499924975755025 0.0015303755863755816 0.003691036914559326 0.004979711045806432 0.017024310444200583 0.03640119479862399 0.07596061661931584 0.14679105114342453 0.21356293869539592 0.24997608781447203 0.2911435809435428 0.3538356177309646 0.40408960231184055 0.5971622644547442 0.7408956556179588 1.2492551956400364 1.6301949782446588 5.202730831113908
1451 17412 0.004551377968134302 5.280669702658017 0.0005566783452108904 0.0005566783452108904 0.0015284704597324104 0.0037312510515268072 0.005000060118260657 0.017018736770785452 0.03648786979009126 0.07534237097236103 0.14618989813834618 0.21148147505737244 0.24894824601127466 0.2896731609188635 0.3530650210942459 0.4018784181847637 0.594926392562609 0.7406977544115554 1.246187954763477 1.6341998665773716 5.280669702658017
1452 17424 0.004837763047353313 5.293062430123668 0.000557596329065569 0.000557596329065569 0.0015296974299234519 0.003735950411332196 0.005035921782016936 0.017002109373905703 0.03643035834449052 0.0750195513569752 0.14588054449416088 0.21129595087320815 0.25047929326156587 0.2908865109472278 0.35728794825157895 0.40132743826405465 0.5959715265986237 0.7330195071911816 1.2544297632152663 1.6349208513679059 5.293062430123668
1453 17436 0.005100614904388103 5.246956374837256 0.000554880791541972 0.000554880791541972 0.001526122949298489 0.003738885917835001 0.005098084058332298 0.016816529520673713 0.03668350513715343 0.07508209155049281 0.14642186067785026 0.20999951978394907 0.2528007869131147 0.2910771769481613 0.35287333548048355 0.4021714348479904 0.5993669290131801 0.7320517406255355 1.2682995693394319 1.6073148034713458 5.246956374837256
1454 17448 0.005260845467897025 5.317886006204951 0.0005539332578377574 0.0005539332578377574 0.001549266811336928 0.0037326141523144718 0.00506398168611508 0.0165524268236351 0.0359991255483485 0.07511683069346106 0.1464235055910046 0.21080619491819655 0.25400611518877664 0.2891725338778783 0.3546446535336549 0.40155963959347063 0.597902362215905 0.7334478809229175 1.2681277666466149 1.6103684023923066 5.317886006204951
1455 17460 0.005678051762036341 5.326282409911282 0.0005628468788766565 0.0005628468788766565 0.0015424239504416189 0.0037006908432157416 0.005021533572389698 0.016554730883591072 0.03574765047660393 0.07489225217532967 0.14616364234571677 0.2090692989810748 0.25570313660427546 0.2889153981759301 0.35505752491959797 0.3989307142646394 0.6003216634717213 0.7349101334604989 1.2859822172449111 1.605874681400574 5.326282409911282
1456 17472 0.005942570730594434 5.344774607406393 0.000568406135520845 0.000568406135520845 0.0015570693188259898 0.0036435919588403884 0.005035038480567025 0.01647183633953911 0.03586538537886582 0.07516148796187058 0.14596979571885269 0.2102196971014074 0.2550008177240098 0.2864446188298362 0.3557020932940804 0.40069955071526026 0.5956072001795187 0.7359178864794023 1.311243338396083 1.5856659719013237 5.344774607406393
1457 17484 0.006169566748533288 5.37437377574457 0.0005687335055244734 0.0005687335055244734 0.0015353816193738106 0.0036488812473455833 0.005078740396223273 0.01637641865488854 0.035879202553851595 0.0728352163181132 0.1461898452647572 0.2088347852572496 0.2552734387084481 0.28497859723443086 0.3544340955374179 0.3997786704202356 0.5959904480759344 0.7346982949439242 1.319331996041285 1.586783495631422 5.37437377574457
1458 17496 0.00654404617094542 5.3638239596875295 0.0005702790414805539 0.0005702790414805539 0.0015282913642763669 0.0036224674942364706 0.005063159815265719 0.01612728509775931 0.035867179703526854 0.07248396809862538 0.1459840238980445 0.20830303256412694 0.2556672511707147 0.28433372847251986 0.35539341900670357 0.39681305433377273 0.595078901063272 0.7340532031249832 1.3326275692960552 1.5920652249728606 5.3638239596875295
1459 17508 0.006497505496552375 5.373104365283443 0.0005675291153137386 0.0005675291153137386 0.001522763783882243 0.0036082481189752 0.005087224467207804 0.016140812821799924 0.03574950212701088 0.07241002798951304 0.14300982380684857 0.20997930786842064 0.2548669747126725 0.2863342920386407 0.35300580888501076 0.3931995559340968 0.5948764789719639 0.7376912620099028 1.3573262170227394 1.5910060855500763 5.373104365283443
1460 17520 0.006600043266080056 5.334222463021144 0.0005707598552926339 0.0005707598552926339 0.0015057406477365142 0.003594740446607672 0.005143669063989787 0.015934705796160218 0.03575442750208773 0.07234278510743103 0.14197251857304732 0.2096414923315317 0.2531544235835469 0.2829937415903313 0.349919480560393 0.3943639819456014 0.5917938113411885 0.7383626632023729 1.361682072144597 1.5925038855051545 5.334222463021144
1461 17532 0.00681721216332746 5.413336278010978 0.0005667025005841971 0.0005667025005841971 0.0014947171172157074 0.0035703242818098994 0.00512036898792222 0.015938515119246384 0.035731135724433344 0.07209480509086867 0.14258956861072955 0.20941967691858965 0.2555040393056696 0.2817733152802955 0.34993528341850527 0.3964598791950774 0.5904268465517243 0.7348446607644289 1.3600115983717793 1.6019391659527877 5.413336278010978
1462 17544 0.007041773023923123 5.5640564709215905 0.0005598307192050529 0.0005598307192050529 0.0014935044291771809 0.0035537493383378796 0.005133340949066352 0.015875904416056213 0.03599488051557432 0.07197928222589108 0.14218864715061907 0.20841095466260218 0.25655836916620317 0.27970665854078164 0.34941915399847345 0.3936659084168437 0.5891467838287594 0.7291284274421431 1.3740893522027087 1.5983871379664354 5.5640564709215905
1463 17556 0.007002727116633889 5.657901827973631 0.000553929532423124 0.000553929532423124 0.001492762765838603 0.0035331668426156313 0.005117425482403742 0.015878020200905327 0.03568031767391098 0.07228804205175095 0.14077906595939463 0.20910750153464383 0.25631012335153264 0.27911734423099377 0.34928087953664805 0.394415116115314 0.5909747308835864 0.729487767253251 1.3915266213485655 1.58821554177184 5.657901827973631
1464 17568 0.007227391178299892 5.607314720438248 0.0005530399694094368 0.0005530399694094368 0.0014946065076234815 0.003471637758177528 0.0050876894878740956 0.01585394453733737 0.035899764210797144 0.07225657084629854 0.1407297079341514 0.20888084476127114 0.25649697433045454 0.27918247711355554 0.3483525216761415 0.39455140664517796 0.5895634279460797 0.7306122633501073 1.3990770170283766 1.588461112335758 5.607314720438248
1465 17580 0.0073994969335321814 5.612756321991248 0.0005527640138305647 0.0005527640138305647 0.001524643525398932 0.003457860491118596 0.005115370405636898 0.015735729870894263 0.035804759805862084 0.07217550433636102 0.1406023655681329 0.2073191551823498 0.2561964561576101 0.2788551388369895 0.3461032900340404 0.3994090140016575 0.5835849630717277 0.7277338620554993 1.4211471991966353 1.568792478810577 5.612756321991248
1466 17592 0.0078290984415544 5.70331835981597 0.0005485868224545386 0.0005485868224545386 0.0015274623752718289 0.003430417820925973 0.0051079785178959145 0.015739545264140453 0.035679376131989 0.07201687088440496 0.13872373096027182 0.20749485544690158 0.25797408150202805 0.27766495626762916 0.34362466571447864 0.40000520814950513 0.5800018318281368 0.7232308127225091 1.4309925696111445 1.5787368938473227 5.70331835981597
1467 17604 0.008302268056586706 5.821017679208511 0.0005506022492481338 0.0005506022492481338 0.0015243974934543456 0.0034080443129916697 0.005042204414206966 0.015700893018043213 0.03554218652026452 0.07206887667641568 0.13951165223188663 0.20762326560431776 0.2580478636705983 0.279590934579388 0.34228191216241033 0.39691600534537447 0.5675065022267528 0.7206068010889957 1.45805168695771 1.5768911027663413 5.821017679208511
1468 17616 0.00856780092784377 5.8950773394974405 0.0005462485386385713 0.0005462485386385713 0.001522897262357227 0.0034034835730846562 0.004996791521379256 0.015704765154112107 0.03554426251660777 0.07081871199030046 0.13813560965070945 0.20727814373862005 0.2556804104436663 0.27968647998010393 0.3445982378097121 0.3925931420068489 0.562478037285244 0.7180588178427424 1.4943334599412348 1.598277421376164 5.8950773394974405
1469 17628 0.009016022134972093 5.92729922053349 0.000551930808957192 0.000551930808957192 0.0015252502402206714 0.0034181496805785294 0.004990604030030761 0.015563028332226196 0.0353504426842357 0.07104539413744826 0.13700254191843664 0.20641078890924264 0.2545611372392888 0.28312842330579524 0.3452641372071664 0.39154123911392297 0.5599243443181092 0.7199564187891005 1.5020714756356959 1.594600011901169 5.92729922053349
1470 17640 0.009384687976404868 6.021997358525017 0.000550218961605277 0.000550218961605277 0.0015211489224679655 0.0033966363890014875 0.004995162175299022 0.0155235163949633 0.035278626193940434 0.07022874274710786 0.13586770952702054 0.2083040345596528 0.25300850132932723 0.28224114444409143 0.3462772644024641 0.38679043809687935 0.5594777350187793 0.7223654859075842 1.5242470602363876 1.6147374627434383 6.021997358525017
1471 17652 0.00984443749839654 6.076095218314199 0.0005485773849832191 0.0005485773849832191 0.0015086087360439851 0.0033913361100999535 0.004981269309358206 0.015412322977180301 0.03530747435446323 0.0703729498932185 0.13615029645592058 0.2082102890316545 0.2530685867293175 0.2825336023597497 0.3406148772348174 0.38594975731829645 0.555825272388239 0.7207171341088572 1.5293527786733765 1.6283691180339952 6.076095218314199
1472 17664 0.010338349662832948 6.11339712469183 0.000553784647189587 0.000553784647189587 0.0015025443950189427 0.0034042955509938763 0.004924400141676602 0.015360923389918676 0.03573818326317719 0.06990539640010379 0.13608932136735355 0.2090856862500468 0.25145652933119617 0.2849110666058308 0.3395401050172834 0.3866401474679749 0.5545389820347874 0.7249783474181123 1.5299667839719615 1.627309770443535 6.11339712469183
1473 17676 0.010321250827311165 6.035677183831163 0.0005510594215222495 0.0005510594215222495 0.0014936011391907219 0.0034020707297262366 0.004886677157341171 0.015402822447670241 0.03583203464179636 0.06959398635397762 0.13505537879682475 0.21309908629018726 0.24924029268668724 0.28527478340521545 0.34431403191903226 0.3868222208034635 0.5566263068741129 0.725604513931947 1.5541988995854816 1.6147275508040777 6.035677183831163
1474 17688 0.010213962291166234 6.0489664548444875 0.0005509215731889231 0.0005509215731889231 0.0014939017774143165 0.0033553872240259875 0.004839878140593759 0.015352479702373235 0.03567279562067425 0.06918225381737665 0.13533168786663433 0.2133409497490801 0.2499595266995265 0.2846561626230413 0.3433708445575945 0.38660396188348006 0.5570121547617528 0.7243934822638181 1.5488773555657263 1.613944803254764 6.0489664548444875
1475 17700 0.01027897051079185 6.119561446973073 0.0005519900403067812 0.0005519900403067812 0.0015026337127838764 0.003349728220636925 0.004808137788251505 0.015305167566423196 0.03531248433182505 0.06891086964601416 0.13504473028552322 0.21277368288519258 0.24849305957867354 0.28467265108067896 0.34087848756789424 0.3846875847090273 0.5482989253435475 0.7226734464683361 1.5566727786995724 1.6107657882329884 6.119561446973073
1476 17712 0.010482669058630137 6.152752238912326 0.0005521656399132471 0.0005521656399132471 0.0014904255342653185 0.0034104016349641537 0.004839041770263168 0.015331058758989373 0.03493390072914404 0.0689865771119402 0.13348779826983181 0.2125194783638123 0.24651415299523838 0.2845335879377526 0.3414872701076393 0.383813488920469 0.5442057882965258 0.7112086114167248 1.5646109157997365 1.6066624181556548 6.152752238912326
1477 17724 0.010429232905793895 6.168493074434997 0.0005497688628810111 0.0005497688628810111 0.0014661063103871383 0.0034093873496220013 0.004798746331522959 0.01541149484635912 0.034647014186840366 0.06888709271596069 0.13269741592779868 0.21239280443494332 0.2461255713074837 0.2862014273998999 0.34008623994450804 0.38743007349380476 0.5381719516558036 0.7184391540043595 1.5826834066744784 1.6016121806648118 6.168493074434997
1478 17736 0.010603211157799611 6.203989763213202 0.0005442712692800057 0.0005442712692800057 0.0014587511067647217 0.003390322721328914 0.004762414265228607 0.015400677030863143 0.03449385212820952 0.06947309178595239 0.13025927128418796 0.21361208783308291 0.24622376842534 0.28813495324338945 0.3382871276516442 0.3873980777263323 0.5380738103312647 0.7176153577593604 1.5859855572058148 1.5906848832291565 6.203989763213202
1479 17748 0.010875190776168176 6.160012407438072 0.0005488243516849833 0.0005488243516849833 0.0014678440929784032 0.0033523421282802726 0.004705471217649996 0.01527831297100251 0.0343693791560137 0.0699013256150235 0.12976147483758804 0.21209824025288024 0.24212365307981987 0.2853650030870638 0.3410817700110072 0.38905881081162813 0.5381203236354848 0.7192209655988185 1.5802330383044905 1.6153430715304682 6.160012407438072
1480 17760 0.011004519191278598 6.113180917332569 0.000548066764242905 0.000548066764242905 0.0014642579355763242 0.0033652316677118725 0.004699351989878009 0.01518871426955228 0.03445160382549647 0.07045380027226192 0.12914347892472752 0.21024519416177145 0.2425346007470683 0.28585870989521694 0.3417784120315066 0.38347333824634117 0.5399704823965942 0.7215885800914937 1.5821811178580876 1.6438244868136507 6.113180917332569
1481 17772 0.01121503936202298 6.176785472727851 0.0005529600511639626 0.0005529600511639626 0.0014700995283020448 0.0033784660871473133 0.004676314835832954 0.015021689233908356 0.0341209916573637 0.07008551720631899 0.1298806443419294 0.20996544202736997 0.24271063618467548 0.29029359026398255 0.3399418753232977 0.3847305430748271 0.540408979476284 0.721640769105359 1.5569346672508317 1.643299268821534 6.176785472727851
1482 17784 0.011277907281613502 6.28089496834201 0.0005531561157863069 0.0005531561157863069 0.0014481733104637154 0.003363859546145891 0.004666419815462996 0.014923357841472472 0.034139124597596486 0.06994117108273756 0.1290813068150235 0.20891413784313595 0.24372319202926007 0.2922250394949325 0.3413462159300901 0.38389750435611847 0.5373049000838194 0.7245222678860129 1.5473995399317673 1.6396521461974414 6.28089496834201
1483 17796 0.01125859049759063 6.339882104494332 0.000551091220031302 0.000551091220031302 0.001444244884298676 0.003369567095278917 0.0046788940178488815 0.014697548264213338 0.033983135738344376 0.07001335039968823 0.12819535888370753 0.21006406807656078 0.24066320320073697 0.2920831829760285 0.3422817421392647 0.3867371466038912 0.5363557073527402 0.7165580045809455 1.56922293903893 1.6396694843269284 6.339882104494332
1484 17808 0.011523045152514247 6.3565895675120725 0.0005530922770984625 0.0005530922770984625 0.0014389731664339852 0.003356632150331401 0.004670483380355897 0.01462677162710908 0.03380181937695192 0.07017453240177088 0.1287949593354008 0.20478707538984472 0.2408487028669822 0.2903175075085671 0.34457220868059085 0.3862397219119638 0.5345615607294949 0.7183469839962955 1.5683693981888873 1.6493301613081226 6.3565895675120725
1485 17820 0.011516927757158645 6.374979143176941 0.0005532132642250243 0.0005532132642250243 0.0014426142653504012 0.0034200515342355893 0.004676818046476744 0.014574766863987216 0.03385494495005638 0.07039752454096299 0.12807168757300527 0.20342858221444654 0.24177207707150744 0.2878546557357909 0.3399656354078419 0.3862627280731389 0.5360285571346698 0.7142017875861485 1.5455103781946107 1.6526092690813234 6.374979143176941
1486 17832 0.010870980019058486 6.333995099419889 0.0005582027563301087 0.0005582027563301087 0.0014402813427546015 0.003420810155132306 0.0046457240367786005 0.014563594539500227 0.033736871060143836 0.06925882718576212 0.12861025709092586 0.20099088061154843 0.2414608894670797 0.29009944295600787 0.33775645021337986 0.39199303066992836 0.5341594981630734 0.7167721320386625 1.5381000594340337 1.6597521591525737 6.333995099419889
1487 17844 0.009869003717300352 6.313998193799301 0.0005558274506803043 0.0005558274506803043 0.001431530125284023 0.003378712456289027 0.004602022572451051 0.01443932462542729 0.03397188370132564 0.06884959779045889 0.12895624805700753 0.20080243738037692 0.2436371770265264 0.2918106529418415 0.3341057635824005 0.3924281991473022 0.5342533360329806 0.7156517777597491 1.5354430311888032 1.6444543661583526 6.313998193799301
1488 17856 0.00953307467180145 6.3359574039866615 0.0005565551339458072 0.0005565551339458072 0.0014292370146233495 0.003343377001988965 0.00455679610059831 0.014278106758461546 0.0341518717600501 0.06854320044322658 0.12895367327289034 0.20035176690747203 0.24381543042205234 0.29151352636643596 0.33270615478978677 0.39165106561601937 0.5354133063812989 0.7077714135159909 1.530700443786931 1.632764824167512 6.3359574039866615
1489 17868 0.009123020991985212 6.327846815800409 0.0005520128745573979 0.0005520128745573979 0.0014335877796738394 0.003324735668957707 0.004547763949824962 0.014200066206734287 0.03405363020132814 0.06902078317308431 0.12845337778363516 0.19887028349368893 0.24300827746856124 0.2916883732394239 0.3340216635961039 0.38949235276777017 0.5332523925639576 0.7063795143987801 1.531585256593423 1.6158749182446808 6.327846815800409
1490 17880 0.008936000196190313 6.355816186288754 0.000550620662495397 0.000550620662495397 0.0014240783895031618 0.0032954514826024637 0.004555097427390045 0.014161772455039034 0.03401829703727659 0.06917574240150944 0.12874795582234858 0.19841755229952368 0.2405837918839039 0.2927407706703892 0.3335205589967563 0.38778121044485053 0.5338235158721667 0.7032726735810958 1.5329700917832942 1.612665740455743 6.355816186288754
1491 17892 0.008578330905511612 6.382958128802223 0.0005490389846187171 0.0005490389846187171 0.0014267393381068535 0.0032828399163260026 0.0045487949694535445 0.014214730277284642 0.03397643446282952 0.06896078827871771 0.12975984269760976 0.197505461303946 0.23149141746825208 0.29140991260289745 0.3324416301879963 0.3897730575413163 0.5333410679496063 0.7053756129144456 1.5402038209477231 1.603625098314746 6.382958128802223
1492 17904 0.008442212631557828 6.477357830626557 0.0005476680271831876 0.0005476680271831876 0.0014137888330621306 0.0032553051696858157 0.004540315207436871 0.014242766220499784 0.03388358356666547 0.06808976435352837 0.12888518022876602 0.19735653280295526 0.23056975415706998 0.2912338325266907 0.3335906653612913 0.3896601982032623 0.530416598203334 0.7028249233117388 1.5136104238004873 1.6003419564496957 6.477357830626557
1493 17916 0.008409975008397824 6.4907248263518875 0.0005500114855860373 0.0005500114855860373 0.00141674787853573 0.003243772739757635 0.0044728909281589535 0.014045082949073305 0.03381514718194599 0.06946414707195274 0.12836073944082832 0.1988105056111636 0.22841167879334529 0.28995936892952323 0.3319250458366174 0.39302195162103276 0.5291090732457518 0.7030729022222479 1.5026161768893664 1.5792462554047888 6.4907248263518875
1494 17928 0.008523828709894411 6.53836342023538 0.0005487217527763175 0.0005487217527763175 0.001387018889753858 0.003280970915866826 0.004478254693626143 0.013960296192857725 0.03351666689295965 0.07057974440701398 0.12789414607716995 0.1992571263286946 0.22702036617090038 0.28832003069119205 0.33213589264011256 0.3900744832058241 0.525412141123934 0.7036898572015758 1.505613262192069 1.575437173271769 6.53836342023538
1495 17940 0.008406556618412187 6.45569299945963 0.000550420050281722 0.000550420050281722 0.0013792314389161541 0.0033004219386617434 0.0044536883087592915 0.013878637084800085 0.03357191321329161 0.07158464849492213 0.12948563958359163 0.19915401640795344 0.2287812350859205 0.28705516312405355 0.3304980300391958 0.38800784358243207 0.5249665514287054 0.7015300406974894 1.4978232604346629 1.571281037053814 6.45569299945963
1496 17952 0.008606537343285028 6.449121975780465 0.0005504152030467193 0.0005504152030467193 0.0013698606376452663 0.003294535784127254 0.004440516962511986 0.013669204276579819 0.033325714434295724 0.07228298823739703 0.12975383714327535 0.197702660666055 0.22583089211242435 0.28729529409259424 0.3321694020739896 0.3846106927183185 0.5236791018628099 0.7090995955761763 1.4870423625731883 1.5655255989227739 6.449121975780465
1497 17964 0.008393370968500612 6.419712155375753 0.0005448641668759661 0.0005448641668759661 0.0013758551561984347 0.0032982771145444447 0.004463000565002196 0.013796120225476886 0.03316762133316598 0.07273698862216693 0.12880158407675318 0.1989658449512924 0.22436978862505014 0.28705252069129217 0.33472478018132595 0.3864714197371649 0.5265114301574055 0.7107368377002488 1.475203481303532 1.544132751243381 6.419712155375753
1498 17976 0.008156089282918786 6.4528764955331 0.0005438625977006034 0.0005438625977006034 0.0013762994988235882 0.0033037291664679393 0.004453981071110429 0.013743798362723122 0.0328800391953493 0.0729049124701991 0.12652251331282086 0.19732039418503236 0.2230976498607014 0.2875103747375367 0.335647310316103 0.3900083659431661 0.5247569178170118 0.7123190133227341 1.44523253624567 1.5315271444621208 6.4528764955331
1499 17988 0.007937990289564592 6.446756346424554 0.0005394648083966515 0.0005394648083966515 0.0013490673368052085 0.003304468149845213 0.004469774817599149 0.013656465046425226 0.03278520735968412 0.07285220846174525 0.12524467002288273 0.19748244260830541 0.2235105677747058 0.28504986276043426 0.3348452249791728 0.390380904208595 0.526743896492644 0.7091093076006377 1.4244061855650068 1.5414823526593504 6.446756346424554
1500 18000 0.007941096588958505 6.447834395872201 0.0005391312748859499 0.0005391312748859499 0.0013482964124543152 0.003317177188049395 0.004473222350905962 0.01363137075071911 0.0328557952274976 0.07241670886499416 0.12446638589334205 0.1967744529944822 0.22318430019292554 0.2833357853171284 0.3343103752455627 0.3873786011954057 0.5294599882838167 0.6988274144250096 1.4007398892283578 1.5466783457275353 6.447834395872201
1501 18012 0.008183771994971766 6.386285595845271 0.0005418353964547987 0.0005418353964547987 0.0013594739005948408 0.003334149624711565 0.004494517570995775 0.013524009853526578 0.03325867439043148 0.07277962664654393 0.12399268567927911 0.19514291966658556 0.22232444256205364 0.28697348441246284 0.33373151656060934 0.3879899162986677 0.5271906015152767 0.6915313898849371 1.3997182327326172 1.5392821040970384 6.386285595845271
1502 18024 0.00834143129246187 6.412442442638425 0.0005382568074017065 0.0005382568074017065 0.0013684489205787083 0.0033187310193853615 0.004494363428455091 0.013448542863849174 0.033505285127284616 0.07302193661124626 0.124718241570882 0.19510907273764352 0.2207890650599328 0.28683666469116037 0.3350793853866162 0.3844421288206106 0.5249042863034776 0.6999810226755245 1.3963028649838303 1.5259893603620898 6.412442442638425
1503 18036 0.008359818307878129 6.43442991113004 0.0005389625376928423 0.0005389625376928423 0.0013710964856442408 0.0033350553739530725 0.004509717738839913 0.013210280139930244 0.03385076565947181 0.07286167259731138 0.12492149645680801 0.19448083224268642 0.2208486223341118 0.2854891647916512 0.33026335841805615 0.38356788786383667 0.5288549886049466 0.6974971572082717 1.381001601510833 1.502026293411314 6.43442991113004
1504 18048 0.008549298965228038 6.434819146144494 0.0005372215468543144 0.0005372215468543144 0.0013808783085039861 0.0033224266792529953 0.004488821488595382 0.01309276002113281 0.0341997272948075 0.07273350563786819 0.12467233779315427 0.1927349885034836 0.22109605623369058 0.2864199860372358 0.33077513299356925 0.3865562137883407 0.524792161318715 0.6927427593296159 1.3585890107498015 1.4956479784175076 6.434819146144494
1505 18060 0.008917987417346137 6.4782115186813 0.0005401656361002785 0.0005401656361002785 0.0013831637470579302 0.0033235701202768125 0.004463736066705523 0.013114998277637431 0.03458288684756283 0.07218318398180026 0.1250076540652771 0.1918676409825357 0.2190750227044229 0.2868234805302476 0.3316472678389924 0.3841497046774177 0.5247400113721528 0.6898445083113414 1.3442103585897345 1.5073391377927334 6.4782115186813
1506 18072 0.009119684029114453 6.438452599184394 0.0005474598699042459 0.0005474598699042459 0.0013812538868524103 0.003323647899517541 0.004455149220391021 0.012963458762412864 0.035037385892159545 0.0723905107324509 0.12831472900933416 0.19171274533539448 0.21729870899655118 0.2851784449057462 0.3317499818939537 0.3841620396604259 0.5218061397343323 0.6800967252457292 1.3273620027403334 1.4989651446058672 6.438452599184394
1507 18084 0.009480030068988878 6.452557277657372 0.0005530334138889495 0.0005530334138889495 0.0013744858342725913 0.0032851203737240165 0.0044432324792585826 0.012933296656539571 0.03536298753132156 0.07154385286462574 0.12773968287640183 0.19418342769208197 0.21549906667537697 0.285457186770431 0.3328862977484438 0.37925011342100123 0.5241852954966881 0.67967059703282 1.303433585749779 1.5149524471699731 6.452557277657372
1508 18096 0.009755482677082298 6.536711839869067 0.0005471207579573294 0.0005471207579573294 0.0013774804031713216 0.0033195406965217237 0.004399164717740029 0.012962153689146072 0.035521788139089044 0.07156085291279174 0.12775507298600794 0.19009497474337272 0.21561262708043644 0.2847147722772526 0.3336282929629273 0.3793971939572776 0.5241664917177004 0.682100500233115 1.2787493263007965 1.52875635671246 6.536711839869067
1509 18108 0.009451604894629055 6.567359617445744 0.0005392961211756517 0.0005392961211756517 0.0013802622259347658 0.0033088805296147797 0.004409259853959101 0.012871576299768154 0.03538803139739879 0.07081587217886083 0.12760125245152612 0.18794627008347 0.21631642839301762 0.2834646725528179 0.3377342192461065 0.38610931196167336 0.5219869350043045 0.6831652476239854 1.270877795712255 1.5526887743213076 6.567359617445744
1510 18120 0.009165613434756557 6.572483692300923 0.0005330381591320166 0.0005330381591320166 0.0013790648957948508 0.003315133057842068 0.004404930562189694 0.01277938017890982 0.03548401358877672 0.06990439934462009 0.12655359397729057 0.18765034047486476 0.2176797159456986 0.28077121207122907 0.3359116936603908 0.3849526986265548 0.5202880109894462 0.6829304304399906 1.2643323020866717 1.5574628451685633 6.572483692300923
1511 18132 0.008949033577144334 6.565717480956103 0.0005328929700873797 0.0005328929700873797 0.0013788263014118541 0.003290939086482653 0.004382531002670232 0.012779778586160256 0.03547071864075629 0.07021154555343495 0.1264041939094361 0.1865687632314781 0.21700211178414786 0.27745956519857884 0.33248214352925265 0.39367683820309657 0.5184167629645752 0.6823561016212732 1.24698463120425 1.5589418407200795 6.565717480956103
1512 18144 0.009057440934724624 6.5735540130053876 0.0005315210202988869 0.0005315210202988869 0.001381050676740067 0.003279407918390858 0.0043785284740142805 0.012757597077847266 0.03509029098954477 0.07002723424241923 0.12687636801827087 0.18592657977434943 0.21562516965742531 0.2765595716486079 0.3305409021144332 0.3946552408260281 0.515133508154959 0.6687090606145085 1.2477524936187003 1.564475878530728 6.5735540130053876
1513 18156 0.00904792249401077 6.6319594684757845 0.0005327255804364125 0.0005327255804364125 0.001380831316708865 0.003278788145461493 0.00431548055069742 0.012794608634153253 0.035643394650208236 0.0696463714440705 0.12661186977405847 0.18425657161331116 0.21827117600653634 0.27512859966481884 0.32853766685032937 0.3977731295205704 0.5158679486543131 0.6611076790473371 1.242150338422535 1.5500743576184333 6.6319594684757845
1514 18168 0.009117755608834599 6.60189276079885 0.0005313786150684875 0.0005313786150684875 0.0013798275113879096 0.0032670004284695445 0.0043144774390272275 0.012910822375280595 0.03602180101992496 0.0693970506930776 0.1262337817616457 0.18337056211947034 0.21487801986574548 0.2741445464799117 0.3227416402743566 0.4045977571848401 0.517727611926709 0.6581759170597402 1.2442166457369503 1.5485858577568503 6.60189276079885
1515 18180 0.009085040840584997 6.576990771110132 0.0005447902492075505 0.0005447902492075505 0.0013817811200689098 0.0032588202614886276 0.004299886026997129 0.012876767947029886 0.03585447810657538 0.06879149558511209 0.12540546826308974 0.18212735803286886 0.2144424974780486 0.27425436464179825 0.31988286278330985 0.4039267671842052 0.5198240107449568 0.655853903195497 1.2412923553159512 1.540029361196993 6.576990771110132
1516 18192 0.009174227535428169 6.517519835278319 0.0005476127858490445 0.0005476127858490445 0.0013918673520669676 0.0032395850185031106 0.004250788478247551 0.012838988889831253 0.03551674646303914 0.06807702782539446 0.1253699902405202 0.18133426612483905 0.2141333080019158 0.2759427174278523 0.31953623141939635 0.40124076094363564 0.5236946542982529 0.6553922891329634 1.2262068932506227 1.5492881077551515 6.517519835278319
1517 18204 0.009248332975178502 6.479448198333239 0.0005578776688631104 0.0005578776688631104 0.0013888756965974032 0.0032475235954367108 0.004252390810912752 0.012660183988856263 0.03562785110277316 0.06758866937004497 0.12434815637362827 0.18061152935893765 0.2126950286872268 0.2757556970586601 0.3216502864963137 0.3996307785342858 0.5241981548243032 0.6512780321892624 1.2244874052563977 1.5383108146600135 6.479448198333239
1518 18216 0.009261300808887537 6.452777675012791 0.0005588972107422308 0.0005588972107422308 0.0013847425244934669 0.003256217467213785 0.004251414611313372 0.012653803585839911 0.0350265782758919 0.0675597705518309 0.12426181059583022 0.1808518459322394 0.21486079504052497 0.27648253790125127 0.31909774757935677 0.3998302708318934 0.5223384875311569 0.6446659613550064 1.2140240334175563 1.5392596225986614 6.452777675012791
1519 18228 0.009211914676890375 6.4838844546142 0.0005581113111242438 0.0005581113111242438 0.0013800064932107945 0.0032743373176213632 0.004222111011105506 0.012623789135733398 0.035084626066388715 0.06933163211410168 0.1241709845838078 0.17972496017656653 0.2124520547950771 0.2769970582782202 0.3217119963002448 0.3939249567586438 0.5255444447683806 0.6425550395753876 1.191733728527696 1.5416844102883673 6.4838844546142
1520 18240 0.008627690041993288 6.484316112801152 0.0005516597589275253 0.0005516597589275253 0.0013810571028274898 0.003303807924367134 0.004175750360435615 0.012613160723940073 0.03504539554795291 0.06905162722939084 0.12442798776159456 0.17871604008380695 0.21112683420911818 0.2772027429192097 0.32063250250190845 0.39599937600954405 0.5262228556387258 0.6361430537719988 1.1885475836122785 1.5294696286309872 6.484316112801152
1521 18252 0.008699217092783363 6.501928923663147 0.0005519286885364039 0.0005519286885364039 0.0013789270367184005 0.0033298403727626434 0.004164453296331282 0.012599203587658933 0.0350545982073387 0.06922246807310233 0.12355295642290615 0.18035092390738003 0.2105371604864363 0.27916772187244093 0.32121068003738834 0.39826553144835025 0.5251676006142955 0.6320492472447146 1.1673890571375334 1.5121173315928953 6.501928923663147
1522 18264 0.009124602009945509 6.482736271426808 0.0005513586963540111 0.0005513586963540111 0.0013838372374592924 0.0033506180675256414 0.004177631497783302 0.012420665958769981 0.03497220311759537 0.06919618163681435 0.12500669336408485 0.17920457148916782 0.20941944396013054 0.2822114722012631 0.3199326951068656 0.39856342231109687 0.5268240882658384 0.6370355007035112 1.1504676392613702 1.506571442871424 6.482736271426808
1523 18276 0.009897750209528402 6.5365207974085635 0.0005581021416349645 0.0005581021416349645 0.0013913912519244213 0.0033516897984068312 0.0041745156660405874 0.01250127663997449 0.03499439486886367 0.06899792603977419 0.12393646895161678 0.179978443453002 0.20912022887804196 0.284208412222383 0.3267044217991116 0.3952912257557185 0.5274605314800904 0.6305836314261429 1.1474445780525122 1.4934538185034374 6.5365207974085635
1524 18288 0.010418568909638031 6.5192681555888825 0.0005579880892786696 0.0005579880892786696 0.0013815588896579705 0.003360525570490185 0.0041597584879069435 0.012674516053979911 0.03521736484866894 0.06926053397520865 0.12625987219869753 0.1806557076464197 0.20574062732888795 0.28147005778770673 0.33010949943837187 0.39327176322120116 0.5347735552877788 0.6299007499572473 1.1506882224000365 1.4869521367035858 6.5192681555888825
1525 18300 0.010853171581555196 6.494604186693909 0.0005547366585806905 0.0005547366585806905 0.001365753011217961 0.003389869965451878 0.00416211792657948 0.012592952489628429 0.035192798729530614 0.06940484647695563 0.12800220778227775 0.18198121634131473 0.20482100875037876 0.28108209829115804 0.33155781453877353 0.39386616016304715 0.5349770328445742 0.6296856294226628 1.1447414743915663 1.4813462444198113 6.494604186693909
1526 18312 0.010990074723202832 6.516482271133577 0.0005518290440173827 0.0005518290440173827 0.0013757096592548026 0.003392377914589601 0.004153851646733878 0.012553136323200417 0.03452861903854199 0.06910787943464453 0.13005700653731245 0.18065409544538272 0.20442424462872652 0.2806087666954052 0.3356516997947028 0.39504288971596274 0.5354391200391518 0.6279856602767254 1.1308480701545416 1.4772497310870287 6.516482271133577
1527 18324 0.010233030764276991 6.540341215074985 0.0005460906919111866 0.0005460906919111866 0.0013875918531162216 0.0033867364831379394 0.004161655684968866 0.012611394482791373 0.03448457794131599 0.06866931560637407 0.12977799400193893 0.18064961361038775 0.20441457437558583 0.27764303653486394 0.3301003082607731 0.39503589094043906 0.5372178951659251 0.6285102780859678 1.1295133824122077 1.4731460574591841 6.540341215074985
1528 18336 0.010190043250648356 6.479231181343519 0.0005420899391711802 0.0005420899391711802 0.0013941520356439746 0.0033947412271183707 0.004142921632941219 0.012596564915664315 0.03480672968229959 0.06826614761683898 0.1307416839669111 0.1785949045907426 0.20429508419577266 0.27633602552765074 0.3298811728911222 0.3934034584124851 0.5372937806419776 0.6289124696940195 1.1330028551819484 1.4724470646668733 6.479231181343519
1529 18348 0.009968878670221244 6.404974347204903 0.0005444381958256362 0.0005444381958256362 0.0014113959106304569 0.003392580500870766 0.0041383128437901375 0.012581321137258758 0.03468660659783168 0.06850232834017973 0.1298851350601864 0.17847409185480245 0.19998595882438416 0.27598406311535223 0.3343771276548285 0.3909315967980608 0.5383261853105819 0.6368303222587571 1.1203515217021276 1.480288583057859 6.404974347204903
1530 18360 0.009976033591984693 6.399392858525963 0.0005430308770857916 0.0005430308770857916 0.001409976287210243 0.003339225321980278 0.004117002319654538 0.012426377085456639 0.035180905056057525 0.06813255776013073 0.13020587418728907 0.17971874907637894 0.20058880769044696 0.2754442623803898 0.33591340507640843 0.39111916707927413 0.5387807718521612 0.6331332036381979 1.0998470725542897 1.4773871983733728 6.399392858525963
1531 18372 0.010159699750561359 6.394300346859361 0.0005431204319883961 0.0005431204319883961 0.0014025692261360777 0.0033375036882129154 0.004095649544303221 0.012375166226397638 0.03473415109118055 0.06938001195123304 0.12890317476018726 0.17988796714916203 0.20006939741348848 0.2763277508529582 0.3371361676172012 0.392902510541933 0.5456814196542158 0.6351117975138387 1.0734713902614625 1.4546006952575146 6.394300346859361
1532 18384 0.010097282846090412 6.3616231589956165 0.0005447086139617817 0.0005447086139617817 0.0014033712655763236 0.0033205852188628628 0.0040849835651068514 0.01222451347319476 0.03453637517335827 0.06940523925489597 0.1293309227415226 0.18093511032354914 0.19988240487032163 0.2766520949435668 0.3364656226665134 0.3911318736851507 0.5496646962497844 0.6365262874379495 1.0767741789985057 1.4679723560079585 6.3616231589956165
1533 18396 0.009747605768083261 6.334708967550153 0.0005464738008215967 0.0005464738008215967 0.001404229364602172 0.0033727083407437413 0.004111746175435032 0.012147240404187645 0.034030869805287724 0.0690547235477598 0.12932321242346637 0.18036607757185852 0.1965471953156735 0.2802095845135579 0.33928429604257965 0.39132488194740733 0.5524590279913738 0.6375876326019234 1.0687177094785287 1.4803905108171391 6.334708967550153
1534 18408 0.009422479026201292 6.331578509195387 0.0005473426087593642 0.0005473426087593642 0.0014165161110707234 0.003356242994085817 0.0041389657952007755 0.012088515931672742 0.03393695691275971 0.06884304414196121 0.12925387148866027 0.18011731350188837 0.19586165958638038 0.27990137172521573 0.33801974458278666 0.39056722197630434 0.5527987091217565 0.6321248633221903 1.0556882342686844 1.4658947029313638 6.331578509195387
1535 18420 0.009324056069474002 6.318112506461773 0.000552312205363836 0.000552312205363836 0.0014148380595519622 0.0033600299110675504 0.00411581182151166 0.012006445915040541 0.0340554267779859 0.06843391601681591 0.12673015805673066 0.18049915639841033 0.19753469242943542 0.2811242267702377 0.34004337664462103 0.39054258945848186 0.547591564350735 0.6326705355450487 1.050770162694166 1.45754300501432 6.318112506461773
1536 18432 0.009439597800854993 6.348720630275455 0.0005545474664756176 0.0005545474664756176 0.001398311475531344 0.003348210373139863 0.004093846303663227 0.011899043656927242 0.03391463012850412 0.06824619837686888 0.12620633370101791 0.18055568257859572 0.1953120910915999 0.28309306006930846 0.34360651018487337 0.3845826610639043 0.5446341768281546 0.633227040604828 1.0588818430176692 1.4514411367819506 6.348720630275455
1537 18444 0.009214595177956766 6.340490081487517 0.0005534123566761597 0.0005534123566761597 0.001412488727249996 0.00336249125630943 0.004069881532874246 0.011806797620929736 0.033695105838340886 0.06770463843225015 0.12554967208364917 0.18172364056864335 0.19595903387208 0.28231756121785173 0.34303136302077825 0.3869273453642342 0.5426728343394949 0.634229729985511 1.061562814289613 1.44657348170854 6.340490081487517
1538 18456 0.009059433339790054 6.422801792794957 0.0005435339964931492 0.0005435339964931492 0.001417295748987942 0.0033810006339482675 0.004035450696429095 0.01184781259835238 0.03382126428304082 0.06737436460891778 0.12610486323655068 0.18029958975793897 0.19354147866552207 0.28256455959870447 0.3390835936965395 0.38464879848848543 0.5430915167723687 0.6268756447179841 1.0664357990136302 1.4459151223804432 6.422801792794957
1539 18468 0.00925698553564698 6.428740596511298 0.0005431370768454594 0.0005431370768454594 0.0014191455689142503 0.0033781622749474885 0.004016080279396367 0.01182146843849383 0.03352916198651496 0.06759942033268844 0.12635156558210398 0.17844392330893213 0.193064766830529 0.283102574037935 0.33873933034092923 0.38318710516193727 0.5451680400651919 0.6289136391340635 1.058900305049579 1.4446774207942656 6.428740596511298
1540 18480 0.00925174592992731 6.396188607307788 0.0005387785187869077 0.0005387785187869077 0.0014154332587385525 0.0033782179244590945 0.00400103088836486 0.011763270303324 0.03368212162104609 0.06837115804541807 0.12652374443359296 0.17831482594459377 0.1935519513539875 0.2855593438408242 0.34264749220148205 0.3837847178518988 0.5506641534310757 0.6262207912209717 1.0626311696340747 1.4434040036641156 6.396188607307788
1541 18492 0.009368320239255911 6.374342863269796 0.0005380976003585449 0.0005380976003585449 0.0014157631230630914 0.0034000984170341588 0.004007154138230602 0.011695716010585068 0.033386875137070525 0.06868542153375234 0.12546392022507705 0.1759643318408005 0.19441724577572136 0.28635143723666096 0.3422469844470402 0.38571907141922734 0.5518430728728643 0.6294797662877338 1.0598485218916724 1.4319474648114785 6.374342863269796
1542 18504 0.009034491018441972 6.438682521314521 0.000534273311740758 0.000534273311740758 0.001407024452504187 0.0033491663982475003 0.003971083984649366 0.011723327823594348 0.033382842673955374 0.06890472178189046 0.12643569645213637 0.17611104638018912 0.1954342808508861 0.2887963157073456 0.3416254390798584 0.3828120070210837 0.5529974765353514 0.6364065274362138 1.0411360695766338 1.432945306065763 6.438682521314521
1543 18516 0.00876588282937901 6.329425182310022 0.0005402119951708573 0.0005402119951708573 0.0013969659946932627 0.00328789200865793 0.003950292846575497 0.011750137594140968 0.0337585758029301 0.06892573527676935 0.12607308621955646 0.17429840037308683 0.1949965397214397 0.29139453176255775 0.34553385087245636 0.38464516788005626 0.549310364024634 0.6358582192211547 1.0428286580273087 1.4366522270053954 6.329425182310022
1544 18528 0.008167316935494244 6.3237705798206045 0.0005421537183911104 0.0005421537183911104 0.0013924199522661728 0.0032825450212690026 0.003971646452868757 0.011634547835682001 0.033638176778815504 0.06835200031447666 0.12505056509512666 0.1704925407597704 0.1955374942760328 0.2884884719771808 0.3458242993363574 0.3875859402858721 0.5499831840281162 0.634613260762199 1.0506363288503489 1.4309669003350898 6.3237705798206045
1545 18540 0.0076917709042248735 6.265605727153334 0.0005433960222746651 0.0005433960222746651 0.0013942365454096268 0.0032470261248905437 0.003982789522082569 0.011538964757936735 0.0330015430362482 0.06860155595083302 0.12508913174555505 0.17047967847055404 0.1954472972730961 0.289028985099355 0.34502025744455644 0.38561914292780375 0.5476102739164184 0.6347587288885111 1.0299278216973213 1.4170351684854767 6.265605727153334
1546 18552 0.007346071607837634 6.237742413824028 0.0005422546199404098 0.0005422546199404098 0.0013924892490899097 0.0032214283348399996 0.0039828414308378055 0.011394404339936532 0.03285237556259464 0.06828049259421015 0.12440852419568366 0.17015054214349332 0.19541156250028907 0.2900367143088828 0.3449028319423842 0.3843392982501478 0.5418664679402205 0.637101130347885 1.031402437829018 1.397344244325234 6.237742413824028
1547 18564 0.0073440979998870195 6.178387817171257 0.0005347040738286984 0.0005347040738286984 0.0013917113127501636 0.003220550316514038 0.004021376547632707 0.011338737321596442 0.03281173528995763 0.06848083780380237 0.12467747052870691 0.1698491710879377 0.19595150810767958 0.28954563594545085 0.34266036302985553 0.38375801895952383 0.5452199039282849 0.6393575884109292 1.019067956697981 1.3899797849998161 6.178387817171257
1548 18576 0.007710115747307663 6.149435287316464 0.000534103936375116 0.000534103936375116 0.0013915936425585077 0.0031904590308508216 0.0040265283873365905 0.011240502916185065 0.033401955684480976 0.06870094502234682 0.12462216488926921 0.17076569562778238 0.1960656496558817 0.28483810708279755 0.34051993514234613 0.3850555845358897 0.5469518355398891 0.6392983348653524 1.0113442167093554 1.3917798271998563 6.149435287316464
1549 18588 0.00822685136823719 6.189687506586031 0.0005317769773743929 0.0005317769773743929 0.0013993302000359364 0.003162442303247927 0.003996506738008191 0.011209902506175594 0.033326694418846 0.06864359807367097 0.12383618967458705 0.17370802826999845 0.19451075483608812 0.28498758957776127 0.3393358525243583 0.3850571484747959 0.5436713579878854 0.6374054618238091 1.0163804559621692 1.4211068026211673 6.189687506586031
1550 18600 0.008758377481771076 6.198544695789671 0.0005270285748635203 0.0005270285748635203 0.001393541016360282 0.003088351482774472 0.003945543967165136 0.011171522282985133 0.033524709590997445 0.06855449978997225 0.12375766738863653 0.1758322999979931 0.19285061376955479 0.2843641427021687 0.33855635374663395 0.3864328072808954 0.5528928086322893 0.6454455116874119 1.0133952951882206 1.4362689643769175 6.198544695789671
1551 18612 0.009441808882713815 6.1522518738244205 0.0005326868556546203 0.0005326868556546203 0.001391136281284233 0.003078842992314312 0.003949765487584025 0.01114778079248967 0.03343994296043658 0.0688477430700901 0.12302170630925349 0.1765250232939253 0.19289252779254717 0.2841815053531052 0.3406450233681826 0.3827828680769713 0.5509065164726208 0.6478342208114901 1.009209449889315 1.4374987188735682 6.1522518738244205
1552 18624 0.010351793705380363 6.151875497634232 0.0005272499204994925 0.0005272499204994925 0.0013959085578157504 0.0030406485564577483 0.003935952309388327 0.01100999855000645 0.03332523443655951 0.06831246870621029 0.1253978847596728 0.17890305506850493 0.18958123898221468 0.2847044584688512 0.34057131280864206 0.38301825311643845 0.5586406789259046 0.6493765677016039 1.004824996167159 1.4667483080948205 6.151875497634232
1553 18636 0.011222008038829747 6.1425198144976045 0.0005243821712827202 0.0005243821712827202 0.0013891465562837688 0.003049003118170066 0.003927958364141094 0.011119211456909809 0.03328276192310295 0.06764569704804642 0.12544872854746114 0.18107002600323632 0.1911736085843233 0.28486225086149897 0.3402258957599614 0.380030344415328 0.5605732867704067 0.646648625146282 1.0186951113648592 1.4808613620924271 6.1425198144976045
1554 18648 0.011786467131721101 6.134728668918173 0.0005244450272036188 0.0005244450272036188 0.001383979076355406 0.00306247075331363 0.00392563807816188 0.011094177729012557 0.033223642260316336 0.06718307311099021 0.12467318215118219 0.18073985894158942 0.19385929528119641 0.2867218710029351 0.34163217511984684 0.37912794995730237 0.5620132677164618 0.6494089302238581 1.0078238614568102 1.4883318201824558 6.134728668918173
1555 18660 0.01219927022856787 6.086535401825971 0.0005244589849934732 0.0005244589849934732 0.0013803966059872134 0.003047406633340264 0.0039242358277802435 0.011106595005805258 0.0331590723725818 0.06787022261195427 0.12384623816092548 0.18092726934514033 0.19518024770096865 0.2849749614338079 0.34275565400494934 0.38323664596057283 0.5561249746216391 0.6531784945144385 1.0085435441374715 1.502316009468458 6.086535401825971
1556 18672 0.01260145773187999 6.133305137189132 0.0005219823173075374 0.0005219823173075374 0.0013829661113439722 0.003042244001594069 0.00392036149138828 0.010986822439957683 0.03261328365004244 0.06837258887440197 0.1242466700782422 0.17923670601950029 0.1953598754277825 0.2859302152034683 0.340478703880019 0.3843135449274056 0.5556724144418197 0.6504748927626115 1.0058539252692449 1.5117565943851823 6.133305137189132
1557 18684 0.013193315574974758 6.076241679152249 0.0005211277294973139 0.0005211277294973139 0.0013967044267618424 0.003054039260119349 0.0039029851807370454 0.010971552465116902 0.03248024247384106 0.06834689317952038 0.12348552221265746 0.17843269767252215 0.19522286254634771 0.28613422804798233 0.33863059466231304 0.3850881944840281 0.5526766303309101 0.6438697161859971 1.005591131803897 1.510199472703051 6.076241679152249
1558 18696 0.013823300361434006 6.04682816131046 0.0005190127391187007 0.0005190127391187007 0.0014129441290878441 0.003064399162098313 0.003894925214369324 0.010942539534454546 0.032493390049139016 0.06854582134079067 0.12274155928565654 0.17900308896287834 0.19447430546668845 0.2842041511513602 0.33983431715209306 0.3866003738559286 0.5559984720968285 0.6350424320336647 0.9980902531631582 1.535705584864565 6.04682816131046
1559 18708 0.015008834225712505 6.042358261426854 0.0005113779118622606 0.0005113779118622606 0.0014141744345418132 0.003064753718718715 0.0038558332590116137 0.010841258615285652 0.03254734766958362 0.0691118225204665 0.12212541141146997 0.17845754856394133 0.19980003288838782 0.28262048827898306 0.33687416447435065 0.39252909575319966 0.5560945624873628 0.6368152136425025 0.9921679202154582 1.53386134825222 6.042358261426854
1560 18720 0.015510349885069398 5.963254478682308 0.0005064164525021857 0.0005064164525021857 0.0014018935777428056 0.0030549216596776393 0.003829247283108469 0.010972206332964104 0.03247586765674278 0.06894040321282627 0.12222504470662239 0.17841742113168718 0.2036460017243767 0.2804362144633232 0.33839720609243534 0.402907917928869 0.5540350276520581 0.6418499036440752 0.9898485257872549 1.551227094364764 5.963254478682308
1561 18732 0.015461528751738677 5.936085371149193 0.0005090441953954535 0.0005090441953954535 0.0014017588322760898 0.003038367280720972 0.0038206892964420696 0.01100465162075011 0.032262662621364444 0.06937036096236712 0.120970987430671 0.17819653010164685 0.2026239607881715 0.2792694390442335 0.3350525729785994 0.40852479252381196 0.5531971386072295 0.6479837519282147 0.9905904391328597 1.545416505696858 5.936085371149193
1562 18744 0.015158721150742465 5.912859729625625 0.0005042528687673573 0.0005042528687673573 0.0013972112774886705 0.003014545820597794 0.003786734320605584 0.010976056164412065 0.03257526322507078 0.06902323432459749 0.12043767152551606 0.17776174825926871 0.20569101593276795 0.28053164151499105 0.3377552834447566 0.4068340229807747 0.5523998930109898 0.6548787798208201 0.9856901557425692 1.5416139126260993 5.912859729625625
1563 18756 0.014849316502905352 5.898781367165392 0.0005006382678320178 0.0005006382678320178 0.0014028080469393872 0.0030155298506224252 0.0037827774497236058 0.010917422963358677 0.032845848099604946 0.06836728378135745 0.11926786515249337 0.1788702295041399 0.20492829243056376 0.27937879513000663 0.3363140127516049 0.4022045539630238 0.5516293212419303 0.6567035753492625 0.9809372145858779 1.5288134301016862 5.898781367165392
1564 18768 0.015090863278729653 5.918987936009669 0.0005017619842432511 0.0005017619842432511 0.0014175805096459126 0.00300842373934855 0.003780218194402526 0.010857011903661245 0.03226478422811604 0.06836800897952429 0.11882553274818863 0.17874767061411373 0.20546761072715697 0.27844855272920815 0.33760235273277384 0.40077365552691085 0.545034667254158 0.6517920806205241 0.9758575640486792 1.5240482424920998 5.918987936009669
1565 18780 0.015046843805363986 5.968672847225058 0.0004991218155119669 0.0004991218155119669 0.0014171378920633567 0.0030114416439189877 0.003762673352236471 0.010841502376253087 0.03202059036802489 0.06890139013822388 0.11727132566217296 0.17865748811400184 0.20413893115295045 0.2782679484895453 0.33885281517393295 0.3996556379824116 0.543401042509129 0.6505091254130159 0.9682015999634599 1.5174298998575193 5.968672847225058
1566 18792 0.014860741409588612 6.011688183102719 0.0004948489095075893 0.0004948489095075893 0.00139636676099183 0.0030128858837738005 0.0037068750992823463 0.010800244443173707 0.03184062560582273 0.06931118506874177 0.11828160422329247 0.178420357665781 0.20151026024878277 0.2782722928057112 0.3378331967769261 0.40552558875321093 0.5414228113919483 0.6556929805969189 0.9605407085742174 1.523946257879465 6.011688183102719
1567 18804 0.015213743007356333 6.020506405864325 0.0004921282411636428 0.0004921282411636428 0.0013968806315199887 0.003031205612845445 0.0037304695021083 0.010750363997695174 0.03156767024647375 0.07001571138722441 0.11769568448455764 0.17643025923529512 0.20219576891180197 0.27857791499771 0.3389913863133281 0.40136610650445564 0.5320083275193538 0.6548805941914677 0.960895014270012 1.5103349719287007 6.020506405864325
1568 18816 0.015390889470119738 6.051269971462536 0.0004943746218766161 0.0004943746218766161 0.0013979367122589827 0.003071320430639151 0.00369623145589594 0.010747992445353481 0.0313111642909471 0.07002310901941905 0.11714494325648644 0.17575699065381786 0.20150343088632056 0.27794416508528824 0.33639460117144354 0.397439560474925 0.5271586158761197 0.6499208084654784 0.9573199591792216 1.515739030902429 6.051269971462536
1569 18828 0.015575690055423783 6.038301003658849 0.0004970591243714319 0.0004970591243714319 0.0014008376433002907 0.0030758294436118486 0.0036648945800657907 0.010726025368519077 0.030880239325864867 0.07061019333046291 0.11659423645575864 0.17719140491352128 0.20062640158902548 0.27693103512203116 0.3329631582714326 0.39560900439620467 0.5292328389264556 0.6474505081397525 0.9543790200768898 1.5160921441537472 6.038301003658849
1570 18840 0.015354357952061911 6.042097710079925 0.0004976085900570954 0.0004976085900570954 0.0014121506321033723 0.0030969981267994456 0.003692693184842555 0.010803911830257558 0.03054625639116323 0.07126362482772922 0.11640255496720818 0.1775508133572114 0.19867139208611484 0.2765916942097785 0.33138419202785774 0.3927594957951641 0.5311178884682772 0.6385413274409116 0.9497908338967012 1.4918918218148436 6.042097710079925
1571 18852 0.01465835105572042 6.015238493349896 0.0004963934083623104 0.0004963934083623104 0.0014173590817693727 0.003093089448267644 0.0037246702099039282 0.01067713333328212 0.03063623479241907 0.07155014873864109 0.11640512041096217 0.1744380636470946 0.19839526694043538 0.274707515357785 0.3300501289405116 0.3929045068283506 0.5332686154078665 0.6255369700376935 0.9415560121209415 1.497434495692401 6.015238493349896
1572 18864 0.014537596494716051 6.03116185041376 0.0004967633599705291 0.0004967633599705291 0.0014170100510483938 0.003083304621625734 0.003687085386337367 0.010611828717611486 0.030613041016688353 0.07155704558401944 0.11594389627085155 0.17602480212431193 0.19723133288750727 0.274060083999681 0.3309903341761668 0.3909426378756202 0.5341308642238867 0.6220484321840597 0.941699645744414 1.481426749503299 6.03116185041376
1573 18876 0.014606287204605422 6.095994566423391 0.0004981545613042458 0.0004981545613042458 0.0014262997511319908 0.0030808928199738167 0.0036308616026531956 0.010622002616509295 0.03047186576747511 0.07207844019801135 0.11647259486393809 0.17781119428185554 0.1950760196954443 0.27527931486059737 0.3274128066246079 0.3897722531261432 0.5307402597318602 0.6211759839033896 0.9354816893505479 1.4819855187907525 6.095994566423391
1574 18888 0.014635451791357454 6.0903415026918175 0.0005023168250751935 0.0005023168250751935 0.0014256427829700744 0.003143932190686574 0.0036100021713888577 0.010503742166522837 0.030612758921592445 0.07029256260423473 0.11716602122634076 0.176754474136946 0.19463569730252342 0.27498730280919237 0.3246358188298657 0.38959397866206724 0.5333647467610879 0.617884802132884 0.9347756814906911 1.4800538209567993 6.0903415026918175
1575 18900 0.01442923273850854 6.146038468382493 0.00049757058279767 0.00049757058279767 0.001429530039737599 0.00314431272698631 0.0036000734056815635 0.010484731518582384 0.030491990923878755 0.06929835865782594 0.11708030998166023 0.1751821579141254 0.19576009458572274 0.27367831822363997 0.3268408097737561 0.3888158886176322 0.5327825151423838 0.614695803536309 0.9352478931741075 1.4832453568898856 6.146038468382493
1576 18912 0.013968945713040672 6.076026560873102 0.0004972520376837478 0.0004972520376837478 0.0014212894622182262 0.0031556940202391577 0.0036027807325156157 0.010536952598376195 0.030276437661606873 0.06879363832619739 0.11742772697980497 0.1731141796212364 0.1962961537524854 0.2756476488949656 0.3240208604668545 0.3883028736425344 0.5340805225489341 0.6149508603058752 0.9263057125037353 1.482511285017 6.076026560873102
1577 18924 0.014332158288188799 5.916701735510104 0.0004992702226407795 0.0004992702226407795 0.001418560155833219 0.0031624743166188463 0.0035544508257952276 0.010722297493430066 0.030058650507112514 0.06824088292655058 0.11786699057044482 0.17271091165271243 0.1967652163904472 0.27611557031241635 0.323138023582502 0.3859652660597742 0.5321624595705954 0.6124370559787566 0.9258438800189515 1.4854014553957502 5.916701735510104
1578 18936 0.01517479866686792 5.877292822602398 0.0005091935419451186 0.0005091935419451186 0.0013802473431670235 0.003153682325911896 0.003580558785897132 0.010708667895552878 0.030210149451363043 0.06795735542429708 0.11829600113707213 0.17135479143141588 0.1984499410311378 0.2760568779766915 0.32491947645706465 0.38755311407139337 0.5281545266768246 0.6089152901022693 0.9233266004455138 1.4855576075942072 5.877292822602398
1579 18948 0.01635284897371383 5.949607369081216 0.0005137076972618973 0.0005137076972618973 0.0013645909718381579 0.0031550025568972072 0.0036085445109950913 0.010732009874496757 0.030228738145790014 0.06810079427788063 0.11849863527752262 0.17003010048624093 0.19813097256117787 0.2785849476668093 0.32061904611776326 0.391711641851739 0.5269584196811605 0.6059879400007633 0.9203296739943612 1.481563024333397 5.949607369081216
1580 18960 0.017089067166781515 5.924833604054547 0.0005211203218599405 0.0005211203218599405 0.0013773450159213808 0.003165586409060268 0.0036310075042117686 0.010740334634047189 0.030016125335573178 0.06834383244414999 0.1184078332662414 0.17066669458923645 0.19544887607787248 0.2790843155888892 0.32200158973556775 0.3887277493073324 0.5212490490892382 0.6047416763220922 0.9104392878019113 1.4777251224378798 5.924833604054547
1581 18972 0.017071598439717568 6.013736100096668 0.0005335686626750394 0.0005335686626750394 0.0013807311564139452 0.0031829013334155405 0.003641843197435758 0.01073405803351554 0.030113829298973476 0.06774370606486978 0.11666062595904035 0.17018816876448664 0.19624504336745663 0.27828395765776204 0.3180951243366335 0.388462544829003 0.5217798522620883 0.6022501076262434 0.9024246713941866 1.4626922721348266 6.013736100096668
1582 18984 0.016953027314402864 6.051197417732086 0.0005394620647953665 0.0005394620647953665 0.0013711399661001742 0.0031687538808085215 0.003593968155781318 0.010658202644518631 0.029962485400996546 0.06770706938409218 0.11593017501313486 0.17118297963328064 0.1952338486456497 0.27735464927031395 0.3187110548449921 0.3907258615650684 0.5218585668663434 0.600985421431182 0.9010402503660107 1.465899095468531 6.051197417732086
1583 18996 0.017143023154936703 6.041878299759229 0.0005525446807405736 0.0005525446807405736 0.0013361906443658004 0.003162403820293754 0.003586230804424144 0.01061546591997484 0.029592083792624933 0.06799655437277705 0.11571267427026591 0.1699360077109996 0.19625987585882568 0.2785017916496159 0.31855639191103546 0.390948965138096 0.519134985457308 0.6008764869458227 0.8975918915691887 1.4595873560637949 6.041878299759229
1584 19008 0.017790509773018163 6.0259538521511375 0.0005607057080808522 0.0005607057080808522 0.001323054317478578 0.003174944115334361 0.0036137208041579954 0.010570070813210652 0.029614290713884932 0.06761696435808429 0.11530240837425132 0.1688611752979554 0.19673681766509507 0.2797992568548824 0.317561562834662 0.3934228284845104 0.5198371786587438 0.5995114217003684 0.8779803108159983 1.4403469841177452 6.0259538521511375
1585 19020 0.018057766721182034 6.024700110147757 0.0005624680626904741 0.0005624680626904741 0.0013331896684701835 0.0031800625257821947 0.0036045404267850203 0.010536238636452281 0.029318912557993487 0.06753955172272662 0.11495955339859658 0.16805327389138838 0.19808521697148632 0.2799045861060937 0.3178863421900229 0.3880534703417066 0.52201853136658 0.5987355038006047 0.8699244817880356 1.4420276692274263 6.024700110147757
1586 19032 0.01881019841708334 6.011923084273449 0.000561684305474359 0.000561684305474359 0.0013371308304033686 0.0031153706014643338 0.0035966616258290567 0.010512239208093936 0.028866152347551882 0.06745927032974 0.1145144942932464 0.16612834010345376 0.19829200849184658 0.2799798893541484 0.3178857384785324 0.38923966112261915 0.521932606840637 0.5996976442007756 0.87430397291106 1.4628383817305461 6.011923084273449
1587 19044 0.01956550909895307 6.020201983683488 0.0005651931493619508 0.0005651931493619508 0.0013739162142774916 0.0031069764148379743 0.0036122790402506786 0.010730481216508655 0.02833017041910561 0.06763041095637375 0.1136418713570379 0.16559996396367876 0.19790050344311064 0.27945672469241273 0.317479433414407 0.38928147396750723 0.5201424553396905 0.600175281152873 0.8566484635278522 1.4647316817847056 6.020201983683488
1588 19056 0.019357821978233616 6.014246112490654 0.0005675306762031547 0.0005675306762031547 0.0013771316750647818 0.0030964320197132554 0.003624310901865156 0.010785540481381537 0.028072231540898517 0.06670160375014754 0.11300990693177979 0.16335267714443166 0.19758014126280762 0.28005945474703964 0.3188721233456183 0.38710838994441743 0.5213239180512307 0.6003314477323677 0.8503721363129606 1.47379545233587 6.014246112490654
1589 19068 0.019616856291908978 5.93773542736456 0.0005640860588534635 0.0005640860588534635 0.0013695610844394886 0.0030838144986976347 0.0036190704029308604 0.01093582340412451 0.027941668721131945 0.06664309623021708 0.11331708432699931 0.16304128285052286 0.19759776469709098 0.2806418988101828 0.317280379186196 0.3855550875088641 0.510976013954878 0.5955112541664708 0.8571328366259837 1.4909459296760246 5.93773542736456
1590 19080 0.02009730893295758 5.908083630445759 0.0005657567306809286 0.0005657567306809286 0.001364213024230694 0.0030691803055811154 0.0036305451827938324 0.010982909440179956 0.028053844865265437 0.0665728240183643 0.11363595739277522 0.16360680946444514 0.1971083290365535 0.2833551645796853 0.31455864717524895 0.38490697566421395 0.5102215406049662 0.5994332180137814 0.8499435399397071 1.4820721898337526 5.908083630445759
1591 19092 0.019752749673316552 5.902972432090459 0.0005653639521511827 0.0005653639521511827 0.0013725802125993504 0.0030847967573995653 0.0036178405800239614 0.011012269177608832 0.027818798164330985 0.06615267804112249 0.115113124146498 0.16251670091899628 0.19886716844420546 0.284573408684809 0.31381211728189495 0.38529884395853436 0.5108699903981054 0.5960601436766574 0.8505019974316614 1.4945971927054527 5.902972432090459
1592 19104 0.01854577659993763 5.900467218937449 0.0005620225543632644 0.0005620225543632644 0.0013931947297243206 0.0031023785955166757 0.0036150684076691588 0.010919685655044644 0.027527314115943984 0.06590163431493189 0.11437027537126136 0.16230215661404873 0.19911521421569456 0.2825826509863581 0.31461926476691526 0.3850558035064936 0.5131722323420683 0.5946429002415635 0.8482479313691343 1.4738471844193572 5.900467218937449
1593 19116 0.01690934016180884 5.909214066740524 0.0005647270357173167 0.0005647270357173167 0.0013973243883300234 0.0031052856087809165 0.003614786104563184 0.01081369546053971 0.02730329943775656 0.06507805093523877 0.11502796415810038 0.1620678346344576 0.19809267551016657 0.2815421237388896 0.3130808882188252 0.38586280696937275 0.5143321597056044 0.5942651488914862 0.8304641821763734 1.4833659897689047 5.909214066740524
1594 19128 0.016024976669956132 5.837380339303279 0.0005637346727953731 0.0005637346727953731 0.0014022604150967404 0.0030575081504274713 0.0035794923655433075 0.010817183853585778 0.02708736806263537 0.0647498662547809 0.11475069505691445 0.16236614667980356 0.19786626241246758 0.28017139221453446 0.31322224600512977 0.3860006351800785 0.512668053174254 0.5913352089934508 0.8302719188854424 1.4721618045632898 5.837380339303279
1595 19140 0.016038561567602843 5.8443937649652895 0.000568137312897418 0.000568137312897418 0.001378856542472865 0.0030608359372691087 0.003577361723396537 0.010743305033586914 0.027019640013511686 0.06345979594822027 0.11380787416131957 0.16248066828265467 0.19678806397698842 0.2781554788604506 0.3112767115200709 0.3908017000823209 0.5126457198904482 0.5865592590319448 0.8229769051881252 1.4874247702623 5.8443937649652895
1596 19152 0.016137077856528223 5.8507564492076005 0.0005691422331162258 0.0005691422331162258 0.0013526726345103905 0.00306551707659646 0.0035563084748808653 0.01112969668147113 0.02684852980803972 0.06352807697143036 0.11333579430639794 0.16183265943482955 0.1968579326068146 0.2778688828077711 0.30953396442273584 0.39088072589928313 0.5073620588222149 0.5885777222192045 0.8293463441379841 1.493120949685288 5.8507564492076005
1597 19164 0.015931613968248277 5.806494528988503 0.0005678484458823273 0.0005678484458823273 0.0013482242132385653 0.0030722506775605544 0.0035793446034249506 0.01109594522082311 0.026876949964799335 0.0632259845109098 0.11356507323935747 0.1608227293422467 0.1949613897608458 0.2786021569334109 0.3075248147135665 0.39068363508355725 0.5062646331177454 0.5853707388078064 0.8238230211067783 1.49614001290889 5.806494528988503
1598 19176 0.015622685815032174 5.673776252743643 0.0005695229500514858 0.0005695229500514858 0.0013370395081366573 0.0030770696035484174 0.0035906101199302373 0.011058223214030594 0.026920401704814804 0.06283491211659617 0.11403951586365342 0.1614772284361601 0.1954007773831609 0.2794332641870525 0.30630916845706535 0.391257017576292 0.5015438635852859 0.584249392374055 0.8137874806352755 1.5039565743226582 5.673776252743643
1599 19188 0.01498629557365023 5.680735024656605 0.0005700994659802288 0.0005700994659802288 0.0013224175558215992 0.003039900126808643 0.003591180992465543 0.011026939073084451 0.026880268987061435 0.0640336391127987 0.11444056079790058 0.16070395930973744 0.19492465975855117 0.2784345777811758 0.3066927300832186 0.3888537611159925 0.49708113818175814 0.583971647524215 0.7981001830484366 1.5125946219325805 5.680735024656605
1600 19200 0.013989722942848726 5.664008442455804 0.0005721972022009347 0.0005721972022009347 0.0013241230501299056 0.003042520439798716 0.003558886387260441 0.010995567027832673 0.0266965237234832 0.06392788987305446 0.11411598438658407 0.16074951095759 0.19414556374483408 0.27773832475452703 0.30460340962191623 0.38537529905996487 0.49521992462208997 0.5841596797974409 0.7963539425004925 1.5217503606786444 5.664008442455804
1601 19212 0.013138905270023406 5.663478655059722 0.0005738692859596353 0.0005738692859596353 0.0013160322196588714 0.003010874953532967 0.0035642569802833133 0.010820412672782942 0.02647411366951252 0.0631009821329318 0.11348972729218387 0.16079616743003994 0.19379761179440563 0.2766436531376109 0.3057531524463112 0.3844489453364353 0.49025128993463946 0.5833331821979644 0.7997381311379812 1.5210760788677795 5.663478655059722
1602 19224 0.012612352399846127 5.5875460152303456 0.0005748611483640496 0.0005748611483640496 0.001317037579098944 0.003005530135143194 0.0035678309761448222 0.010788553388513734 0.026423013061065957 0.06297946729486013 0.11319419254200312 0.15865976900357692 0.19451472036783382 0.2748036605763382 0.3046143831462431 0.3786384009669918 0.4897990611081154 0.5816296112272218 0.8029277890881023 1.5308267297154747 5.5875460152303456
1603 19236 0.01204759301200983 5.532323262168086 0.0005716536093122298 0.0005716536093122298 0.0013293239717619956 0.0029759053033659943 0.003607055750382802 0.010684445355452618 0.026262159268345513 0.06302700597581827 0.1130484335771185 0.15803818990852958 0.19330704695288806 0.27475729808348703 0.3027473921953281 0.37535962301145326 0.4897556016001255 0.5793302176160677 0.8053681951738098 1.5415298407079325 5.532323262168086
1604 19248 0.01172204035013487 5.436635955293416 0.0005723946404517647 0.0005723946404517647 0.0013477730808779112 0.002907216194756448 0.0035997968700481353 0.010631814413684508 0.026214736474097427 0.06280898906150026 0.11322920221328583 0.15762571725560764 0.19252678249996397 0.2740527812546524 0.30122796102726396 0.3728274416944883 0.49397180149999664 0.5783760634971503 0.8082453146410323 1.532302066180294 5.436635955293416
1605 19260 0.011104064372231048 5.3628582773986135 0.0005743543780194018 0.0005743543780194018 0.0013452500686823561 0.002916260180218091 0.0036150521830362334 0.010537546972897853 0.025945256335348676 0.06281810966866817 0.11230389348832369 0.15767457674128585 0.1926942999662088 0.2712786377631745 0.2984068322556873 0.37900902551725585 0.49002820209820863 0.5734621821507669 0.8162538979737052 1.5289140990269132 5.3628582773986135
1606 19272 0.010539784705104265 5.38511502900903 0.0005729909224041883 0.0005729909224041883 0.001338692546945323 0.002901578805433916 0.003604360544444146 0.010385222612278085 0.025882463821366015 0.06300930420187627 0.11295584035574417 0.15713554684939463 0.1922366916299942 0.2697456508544617 0.29670764543770195 0.37791851156410217 0.4887172333620959 0.5703277661757351 0.8155601759638916 1.535518123526161 5.38511502900903
1607 19284 0.010541851336046936 5.393210766440458 0.0005696845638892526 0.0005696845638892526 0.001328529785753694 0.0029026375587288193 0.0036379368758456846 0.010251391857151838 0.02581168932350026 0.06291594693532054 0.11272972941915291 0.15698245135845937 0.19224546450110075 0.27154467147811895 0.29428152661803364 0.37670834756867366 0.4823480773809871 0.5695002682183467 0.8118330973011136 1.5236711541895156 5.393210766440458
1608 19296 0.010743351783168782 5.363068341990852 0.0005725388488774898 0.0005725388488774898 0.0013086505159885006 0.002890881176227452 0.0036549279303853444 0.01026280793346348 0.025857452807110954 0.06311965660958811 0.11400728876985453 0.15841414906540036 0.19063424430170234 0.268600721676662 0.29472387209291173 0.37693617248026157 0.46983437645928605 0.5703019369339885 0.806606110133426 1.522090567959393 5.363068341990852
1609 19308 0.010869573022269716 5.353693237902989 0.0005741378279659441 0.0005741378279659441 0.0013055973567470363 0.002906040195841977 0.0036175679374533636 0.01034679724200658 0.025690908311925414 0.0631574800564726 0.11377607752931455 0.15978317746462856 0.18756830579708778 0.26839007036133444 0.3019708984306609 0.37690218027176936 0.47052985373076006 0.574463829466189 0.7996701484994946 1.505614411201312 5.353693237902989
1610 19320 0.010923839582300683 5.248378105987915 0.000574892524052298 0.000574892524052298 0.0013039703387507538 0.0028991631072489356 0.003606279627349012 0.010350741381663198 0.025678786481411704 0.0633152509341678 0.11375186557791074 0.16083185851793688 0.18851939515689795 0.26620692824691006 0.30427151544871645 0.37534916664004203 0.4677263755996136 0.5738869252800115 0.7961762160320384 1.5007070236663997 5.248378105987915
1611 19332 0.011372756300057508 5.291842730416495 0.000576778493540188 0.000576778493540188 0.0013047799151412315 0.002885359730212526 0.0035483442350957273 0.010262218226106639 0.025677983959035415 0.06311506519709209 0.11447615069657559 0.16276356865854552 0.18743858028526905 0.265934336271658 0.3017025357946696 0.37420537944149657 0.47336148555534113 0.5703979917478768 0.7870368227739258 1.4972476304049043 5.291842730416495
1612 19344 0.01150173353485305 5.302460230303009 0.0005763497504140826 0.0005763497504140826 0.001303502876287494 0.002840797567664698 0.003580906965292185 0.010132859735036873 0.025701986241481727 0.0629851511632289 0.11356762017648948 0.16346860081700543 0.1862780169145468 0.26804542300302914 0.3008299927279087 0.3763551818135009 0.4706556305096129 0.5810049619830677 0.7849133696425019 1.496085248119092 5.302460230303009
1613 19356 0.011757855273469432 5.33906742780256 0.0005813332265810073 0.0005813332265810073 0.0012985334730570893 0.002833353266338601 0.0035856310899176043 0.010074254800450792 0.025696161892821166 0.06265420014205528 0.11356939616349761 0.16333275903072353 0.18579275009096402 0.2685307169410099 0.3019477310696967 0.3705813887207327 0.47444601663993957 0.5817139801092558 0.7761801966928676 1.4915435636398993 5.33906742780256
1614 19368 0.011546947126901371 5.3614509345035275 0.0005734914226838342 0.0005734914226838342 0.00129174976822492 0.0028162565012402082 0.0036333600793077214 0.010052167718902832 0.0256703186325583 0.06266158854140491 0.11283343431694308 0.16411510011660882 0.18543642469455296 0.26894522907324897 0.3027804778902274 0.36393089832638587 0.4695848790021527 0.5820331925044159 0.7764809811230086 1.4918392976148536 5.3614509345035275
1615 19380 0.01138554825224477 5.368121260740187 0.0005696114075065282 0.0005696114075065282 0.0012912225034943632 0.0028169166322813345 0.0035809336358337087 0.00996338657149749 0.025677858562586038 0.06228243631288345 0.11319017432904932 0.16495632594005533 0.18524967537851783 0.26656152445430464 0.30327922124103834 0.362768782535062 0.46800376865664817 0.583023854391094 0.7729645387497008 1.499963805982901 5.368121260740187
1616 19392 0.011628582356876744 5.34881733151546 0.0005700293787009763 0.0005700293787009763 0.0012798914233154593 0.0027976894031819305 0.003599463559803937 0.009912234507449474 0.02541998982487774 0.06268717385712343 0.11283254882270954 0.16655365162308633 0.18344732084949694 0.2636318692182334 0.3020875839220298 0.36106406408021813 0.4709262656020776 0.5812043280462933 0.7797643473498419 1.4978763420632453 5.34881733151546
1617 19404 0.010931059538823092 5.347971804570667 0.0005688495777506647 0.0005688495777506647 0.001264257548428445 0.002793387827398037 0.003564050908175167 0.009793048458197508 0.02532546149978988 0.06232808503184568 0.11441269717426648 0.1665664879405878 0.18298605992871872 0.2610242178207287 0.3021613058773391 0.3611313157856393 0.48054204602701805 0.5807312478925357 0.781750078249421 1.4949164183273191 5.347971804570667
1618 19416 0.011153628600024076 5.256686285991935 0.0005657871925221226 0.0005657871925221226 0.0012531893133510318 0.0027849850521876277 0.0035721494454603307 0.009734777037692004 0.025262365103074353 0.06218965030856137 0.1143836893744523 0.1664332342176376 0.1828148788335045 0.2599006356261412 0.3017891195432902 0.3588229377691008 0.4813098421158044 0.5746415115988242 0.7850564253398232 1.496074612916752 5.256686285991935
1619 19428 0.011267786626228612 5.294836611667076 0.0005705434615884754 0.0005705434615884754 0.001241923576526884 0.002779541649525235 0.003552841884284034 0.009669428574137917 0.025232930337066355 0.06198824024166135 0.11444435349382881 0.1666527028583609 0.1830172111552437 0.2626739685175377 0.3122220562013017 0.3601356272063631 0.4865196598368778 0.573484815242366 0.7729151758506223 1.4839479436696466 5.294836611667076
1620 19440 0.01160393646545583 5.21867740102906 0.0005702227322349 0.0005702227322349 0.0012451620120091883 0.002810127453798393 0.0035586529792156316 0.009687760459196663 0.025382175710060816 0.0613088425824779 0.11440746469815544 0.16541571727106485 0.18209235313183597 0.2621103189847032 0.31247336614931787 0.3585290106980178 0.4879061803929726 0.5706430455020777 0.7796659325575447 1.4837804675596478 5.21867740102906
1621 19452 0.012436272240267368 5.154423567229523 0.0005746898897492493 0.0005746898897492493 0.0012493892974669136 0.002818743808711688 0.00354981959849079 0.009705058293918675 0.02510562481870606 0.060355867142969366 0.1141542026673599 0.1651149668996452 0.18351415742886984 0.26072488828928253 0.31249691780346717 0.3620470573735014 0.4878862966017497 0.571889377978982 0.7951491985000685 1.4771987505569655 5.154423567229523
1622 19464 0.012581224223196545 5.08984619721377 0.0005707117201945389 0.0005707117201945389 0.0012455539897062895 0.0027829976650944007 0.003560841267100288 0.009675044998172632 0.02515062408472549 0.06044759072898428 0.11327639835493102 0.1650612508981478 0.184526628371041 0.263107786494815 0.3109814240663623 0.36276246568519427 0.49311560838268587 0.5728715466710675 0.8268350772218053 1.4594692528919921 5.08984619721377
1623 19476 0.012326634787950347 5.049896026900504 0.0005729389152739786 0.0005729389152739786 0.0012391426111033577 0.002753039281855727 0.003567358980913466 0.009519094874044514 0.025179723002731785 0.06046478231483142 0.1137421327240816 0.16376005105287064 0.18521690619484268 0.2633228897287534 0.3105285420706839 0.36194392532780834 0.4912638292871275 0.5680222203627133 0.8345025185768912 1.4638156772497521 5.049896026900504
1624 19488 0.012007675714819562 5.0280436610866435 0.0005657906087965413 0.0005657906087965413 0.0012342196906476293 0.0027563919955405263 0.0035568202955598123 0.009468068769649757 0.025267261627804936 0.060621919452369506 0.11376047025547806 0.16335887673699956 0.18608256473238108 0.2648418603128273 0.30812659257865804 0.360433890827279 0.4911445223415998 0.56391447082674 0.8333178543274271 1.4590488715130274 5.0280436610866435
1625 19500 0.011940736736424266 4.956520720942741 0.0005618724058435347 0.0005618724058435347 0.0012354529351557267 0.0027931937460919593 0.0035432926490282074 0.009504173679309984 0.025241875271865173 0.06083659272420283 0.1130543810805536 0.16350750811776404 0.18563515068279404 0.26507020281929533 0.3100111962861058 0.3594767139349452 0.48902222943554596 0.5601376721033378 0.8334733243299605 1.4511853323046489 4.956520720942741
1626 19512 0.011859775220209522 4.9535092330536985 0.0005650143663212025 0.0005650143663212025 0.0012390314739770673 0.0027939510770410548 0.0035619779609926032 0.009539786016732886 0.02539142228289023 0.060064745874012906 0.1115550254346612 0.16272865327723243 0.18419356497997227 0.2650821771229193 0.313101934388597 0.3607250397013669 0.487032377790363 0.5563447870844541 0.8318847671250139 1.4395533574485908 4.9535092330536985
1627 19524 0.011565596434254595 4.953174587371514 0.0005671856288577453 0.0005671856288577453 0.001239439086290342 0.0028083020801706717 0.003537262376634539 0.00935423467299441 0.02529883984977532 0.06013657187252889 0.11157531972794399 0.16083424026225068 0.18369976291487797 0.2640301364743995 0.31266106141441324 0.3611323264163749 0.489185308097469 0.5565078287688784 0.829437414292333 1.4480673320279562 4.953174587371514
1628 19536 0.01039268283631815 4.962848799575668 0.000568229056718745 0.000568229056718745 0.0012269863616669627 0.002808031176811538 0.003538011331713615 0.009335668350026685 0.02532017240326024 0.05990394672327016 0.10951076826167816 0.16000494417316785 0.18305585876114897 0.2641113563357297 0.3153266372642147 0.3623592915693619 0.48967873574054854 0.5559858654291256 0.8130076693592408 1.4732780903325255 4.962848799575668
1629 19548 0.00984373567282312 4.942044127275738 0.0005557663506007337 0.0005557663506007337 0.0012269346340590464 0.002796787845462696 0.0035499680087961198 0.009312071084974019 0.025168393716092474 0.06007718422514899 0.10938546193388736 0.15741143864853724 0.18382072953415776 0.2631485971848724 0.3148253457044649 0.35879001189537457 0.4884773973085273 0.5551736547999103 0.8144029698551302 1.4839109425237729 4.942044127275738
1630 19560 0.009509559130279772 4.953373822192015 0.0005579815820103351 0.0005579815820103351 0.0012290840277431594 0.0027857231354921188 0.0035238494558283645 0.00930679769741494 0.02514262165243555 0.05992418869399699 0.10920782388262627 0.15701362146381764 0.1822056084417913 0.2599407214928906 0.31474959140283976 0.35585941132464316 0.48979137024349095 0.556666749879778 0.810877200502838 1.4605280735998563 4.953373822192015
1631 19572 0.009245169528099043 4.95881065677174 0.0005557899795286823 0.0005557899795286823 0.001226408682434716 0.0027933261801855215 0.003508824081745779 0.009187281909755922 0.02485445815066419 0.05996311855622375 0.10858305189000786 0.15635406500748503 0.181295671730433 0.2596265377888774 0.3154894420317174 0.3531227854330017 0.4900080610448343 0.5644436234956115 0.8114367536306132 1.4516424494716316 4.95881065677174
1632 19584 0.00924166199193777 4.972109297644327 0.0005590734313491808 0.0005590734313491808 0.0012198632622480853 0.00277939756755894 0.0034168155307647305 0.009171593775747269 0.02501747965775157 0.05999650430635844 0.10704453874000561 0.15572259920720963 0.18100582010084762 0.2615728036212187 0.3155089335711141 0.3523151899024784 0.48857954271883275 0.5694825612310833 0.8039287209073231 1.451506787322616 4.972109297644327
1633 19596 0.009190580242778015 4.920759790685649 0.0005615023133157891 0.0005615023133157891 0.0012264870027387986 0.0027529318955524227 0.0033960694527259425 0.009303246825406154 0.024643760538918896 0.059812732560934896 0.10744159352992222 0.1559751821396967 0.18062705226918044 0.259180959415368 0.31462436481136913 0.35542539848413635 0.4894723551966721 0.5675031872150578 0.7967933773557156 1.493553735482166 4.920759790685649
1634 19608 0.008653554012974895 4.920079452041487 0.0005596458407033952 0.0005596458407033952 0.0012338315846426586 0.002727838769882895 0.0034335464754143108 0.0092261174424825 0.024627551561107946 0.05948126932926162 0.10818407670456655 0.15672260296410961 0.17925832722056925 0.25725309706285315 0.31096943273836847 0.35549305743187026 0.49275544575432884 0.5668610347191588 0.7958580928830798 1.4865695010560134 4.920079452041487
1635 19620 0.008119679558812144 4.841708472706895 0.0005615384945137281 0.0005615384945137281 0.0012245930501535046 0.0027162254241182675 0.0034147031431222942 0.009195391706802223 0.02451488167989582 0.059284498970854665 0.10750686690255307 0.15582005482947783 0.17890374691450192 0.256956096386464 0.3111194744986844 0.35478030557199297 0.49122128891398353 0.5678933613675602 0.7901414374480893 1.485107533103392 4.841708472706895
1636 19632 0.007739029336443578 4.850524045146981 0.0005553199653420739 0.0005553199653420739 0.0012290691205043278 0.0026870116895073917 0.003429000531958381 0.009176668705118622 0.024393480150642192 0.0592311624138505 0.1070378106659823 0.15493686009213906 0.1790408066777207 0.2552177089446488 0.30921031851353314 0.3549200329558292 0.4891606002375405 0.5687433253315911 0.7892146398318616 1.4879365041330441 4.850524045146981
1637 19644 0.007842545787676257 4.8490484642167075 0.0005515342344947119 0.0005515342344947119 0.0012324921265359577 0.0026663113500876457 0.003445701959125191 0.009167004373053757 0.024360644543956443 0.05863849625125887 0.10672866642681157 0.15286206287406445 0.18049052315370492 0.25551927041294054 0.30686376924868 0.34801500332398316 0.49169423158660985 0.569514631383461 0.7848316091168512 1.4989784447754055 4.8490484642167075
1638 19656 0.007987118043383595 4.804815902105788 0.0005492548766136838 0.0005492548766136838 0.0012382556825052597 0.0026683699850354125 0.003448598408973337 0.009237387427674756 0.024955812105918223 0.05848361972823675 0.10677986204154236 0.1523289397048205 0.18021474068196103 0.2547806161906923 0.3036867020294977 0.3456957551055206 0.48411062040855224 0.5682304476538074 0.7956759295454616 1.4987847579574423 4.804815902105788
1639 19668 0.007971690747477693 4.791220540532086 0.0005494736598034417 0.0005494736598034417 0.001250324496602225 0.0026496812372698536 0.0034911656840620614 0.009263796932309144 0.025206574859462347 0.05878322558843895 0.10691206768251839 0.15085408616001242 0.17868108487559486 0.2517553271580573 0.3047886168591751 0.34631178033794224 0.4822314725653631 0.5685547511247161 0.7947129629740899 1.4841804314772848 4.791220540532086
1640 19680 0.007906713932088052 4.76577472827396 0.0005487940806117613 0.0005487940806117613 0.001251195258989941 0.0026241361358064173 0.0034444255837522246 0.009263568264918517 0.025436305956766256 0.05810818864786399 0.10657715043363647 0.15428367407392476 0.177784739353527 0.24970841392876697 0.3031729150025518 0.3481694407683321 0.4818367690286641 0.5675198531208667 0.7948774719747478 1.4803987134809202 4.76577472827396
1641 19692 0.00801253318772675 4.77712065034476 0.0005502350399219375 0.0005502350399219375 0.0012357185760949786 0.0026201694803692907 0.0034272271062984736 0.009253102595375831 0.0255226736432755 0.05765822797658239 0.10600372029451255 0.1546664307194734 0.17548260805055102 0.24854599399132846 0.30012155599403667 0.3488085078061432 0.4822363324739237 0.5659541301760378 0.7931619709248465 1.4850758739850454 4.77712065034476
1642 19704 0.008078165368710857 4.735962353448881 0.0005482777964245225 0.0005482777964245225 0.0012388533965681512 0.002620573557633303 0.0034114891151852695 0.009200542687164599 0.025230958337899238 0.0579613324710028 0.10543079905930805 0.1556234910499019 0.1727503402073241 0.2476949948341786 0.3036824700913829 0.35235840588399714 0.4900662273495186 0.5600266019514947 0.7930391085999716 1.4851057441073312 4.735962353448881
1643 19716 0.007891562878346614 4.743462754621177 0.0005500492143325843 0.0005500492143325843 0.0012422158441688733 0.002651378517324033 0.0034046951832005993 0.0091487628879617 0.02512403455054704 0.05777766745217902 0.1059362828893537 0.1548066184472656 0.1755037029532736 0.24769541620311503 0.2983692329422545 0.34923981034010243 0.49207341512942193 0.5597036991631409 0.7911198556503767 1.4821580696974945 4.743462754621177
1644 19728 0.008111327839166469 4.711439140747733 0.0005495798295467268 0.0005495798295467268 0.001236524305518513 0.0026453935659118107 0.003373947396664995 0.009137047306482914 0.025097795942128832 0.057576530768403994 0.10581780059494203 0.1546468943685634 0.17654728288639687 0.24756948375982024 0.2956022292621103 0.35189624734385866 0.49141477290457264 0.5538833767999006 0.7870715312830416 1.4854280419340602 4.711439140747733
1645 19740 0.007717176415453128 4.681588664215324 0.0005373753392105235 0.0005373753392105235 0.0012363375320197714 0.002640939916781495 0.003446775656710669 0.009109577243483519 0.025408410106972992 0.05761607030858561 0.10726384472917963 0.1540756296018853 0.17735194825178222 0.24671912808969618 0.29175794118749754 0.35319211970332653 0.4933487314121326 0.5526633352666472 0.7816841589647212 1.483482112310154 4.681588664215324
1646 19752 0.0073744888361723425 4.678801289848997 0.0005348219694067027 0.0005348219694067027 0.0012405100542320709 0.0026196321337864635 0.003435702195292104 0.009044501479728196 0.025332594554344393 0.05753405356105095 0.10678506164831714 0.152457467281103 0.17650262235457367 0.24472928792720935 0.28998947078244697 0.35171454436627403 0.4951034274836807 0.5533040210636992 0.7744143925035859 1.4834709955761103 4.678801289848997
1647 19764 0.0072324738725025395 4.639462819090452 0.0005287255191282049 0.0005287255191282049 0.001229965546317952 0.0026268428358752743 0.0034218709250700727 0.009004511949733547 0.025146702573470323 0.057298680913592644 0.10676225263904889 0.15210176622056584 0.17509606792978025 0.2430809862549717 0.2896480894580374 0.3514561316131587 0.49924037901314466 0.5517913662886001 0.7786693051291895 1.482860561963542 4.639462819090452
1648 19776 0.007176997616829511 4.645423463546839 0.0005289976909563155 0.0005289976909563155 0.0012249215285151562 0.0026471219444260037 0.0034271204709031464 0.008825913073012255 0.024994975027619718 0.057938512538854424 0.10668732158679481 0.15110604109136477 0.17532347914344323 0.2420999797872474 0.2898518022036848 0.3484148689666234 0.49762685294510167 0.5461464623754361 0.7742299211578701 1.4910189012131874 4.645423463546839
1649 19788 0.007050703962680734 4.659264013330642 0.0005265632342769933 0.0005265632342769933 0.0012199069487267642 0.0026560394623162367 0.003428685874820568 0.008788413840972316 0.024916938647787833 0.056985034428112424 0.10633034378134308 0.1501094526791364 0.17732141510768482 0.24197746489854882 0.28928586472377027 0.3523116842354632 0.49387001507152123 0.5434699195059427 0.7733058748329371 1.5008571209701935 4.659264013330642
1650 19800 0.007267135042674947 4.582181886881811 0.0005237778894083748 0.0005237778894083748 0.0012166789413894299 0.002623572429757658 0.0034477011908490038 0.008656581225734006 0.02485458856419149 0.05709899362060592 0.10604521089954311 0.14992784759174363 0.17964164812789776 0.24548027007774678 0.28830727119873306 0.3549880561615565 0.4930116922165109 0.5428260317256671 0.7704385224002017 1.5065048103293774 4.582181886881811
1651 19812 0.007418003703785431 4.556151848398423 0.0005236418936994818 0.0005236418936994818 0.0012021374625027594 0.002618513299714294 0.0034858397879851924 0.008608188804242842 0.02452237217422105 0.05682492688770403 0.1050193972335769 0.15016907430320034 0.18259150726374926 0.24523835045019804 0.28788991683173937 0.35977980685369587 0.49421812546024907 0.5427476769442352 0.7706710086269845 1.5094022659513244 4.556151848398423
1652 19824 0.0072451206191508225 4.5424883886473495 0.0005226606740570196 0.0005226606740570196 0.0012049962675992072 0.002594244662118378 0.003457607028509223 0.00853806652293093 0.024285956443917078 0.05695704516896403 0.10531106730715778 0.15004197385621915 0.18374073656709994 0.24864892925551108 0.2883923805462589 0.357297587737104 0.4925647097370351 0.543808339392939 0.7697504978607705 1.5278495799640495 4.5424883886473495
1653 19836 0.007042582163756868 4.528065287552882 0.0005190379543466098 0.0005190379543466098 0.0012031321524638668 0.0025667509640871443 0.0034694312586654756 0.008530228442349998 0.0243718480057992 0.05691999425448894 0.10455711717300986 0.1484784281220148 0.1809962215512119 0.2491935236453849 0.2863151260274755 0.3598232397460173 0.4958851617676091 0.5427415509298456 0.7651071062341899 1.5245735818628514 4.528065287552882
1654 19848 0.006920497416440396 4.501978884386023 0.0005177976863894485 0.0005177976863894485 0.0012069031729864369 0.0025651621584200516 0.0034804859699001873 0.008403609320745348 0.02422104115892026 0.05680436945332291 0.10411172856346167 0.14827667233703395 0.1791526190367933 0.2505257744348741 0.28582966887707467 0.3637224640401225 0.49518733964951434 0.5470281828601504 0.7646863702467923 1.4922085804014307 4.501978884386023
1655 19860 0.006843700959194614 4.515358342526213 0.0005167949356542564 0.0005167949356542564 0.0012075126126926848 0.0025724031689006227 0.0034388964368541014 0.008373763836038006 0.024157298606489578 0.05686614383790444 0.10352790184816361 0.1475631142105978 0.1789675149122981 0.2514456775010644 0.2858537010464547 0.3675261500359 0.49099293060044324 0.5421507058806773 0.7616874745383599 1.4780076671481748 4.515358342526213
1656 19872 0.006781227404314809 4.467707533703547 0.0005256885281317695 0.0005256885281317695 0.00119170371583414 0.002589721587398508 0.003435281035872623 0.008323540982957464 0.024177462746969688 0.057054191749416366 0.10446053510921402 0.14674695897174256 0.17797632624037046 0.2500015684540663 0.28562723086584524 0.366957609575547 0.487237820529617 0.5430502712713158 0.7622132097266282 1.4899058267301928 4.467707533703547
1657 19884 0.0067795579966750405 4.4609166141050745 0.000527158052266273 0.000527158052266273 0.0011916195232487628 0.002606423633071525 0.0034442044903940055 0.00833828410431459 0.024199832587240462 0.057272324215012264 0.10385082376872987 0.14792652600301692 0.175044028234477 0.2528595751015406 0.28346456207630116 0.36612352084612 0.4783067053298457 0.5336956802962899 0.7643045043946111 1.4863102469609275 4.4609166141050745
1658 19896 0.006550078603232833 4.400774623518158 0.0005310948710031649 0.0005310948710031649 0.001188324778561021 0.0026056395580376377 0.0034289656231732586 0.008414713493530965 0.024084497642803862 0.056683851281544156 0.10138686578065283 0.14999307664200776 0.1738199746924688 0.25370181103331824 0.28260610672909886 0.3669844170598542 0.4782000747383589 0.5367141243953191 0.7659028722831919 1.490677393962629 4.400774623518158
1659 19908 0.0065196343727904945 4.396886861628731 0.0005254254862745308 0.0005254254862745308 0.0011918592556300176 0.0026006396360512512 0.0034064938147178687 0.008355600558677215 0.024078948502040273 0.05639983286751643 0.10113309524417798 0.15021726945009473 0.17258100542652027 0.2539631782849611 0.28139462277747473 0.36660414077390124 0.47877483642135477 0.5392381845350003 0.7621889575458405 1.4897550571813893 4.396886861628731
1660 19920 0.006615940989544681 4.404565777967712 0.0005269821401966255 0.0005269821401966255 0.0011845814859478727 0.00258486774406161 0.003368986409271967 0.008391728438369501 0.023990389812865023 0.05606554238692173 0.09946058358007953 0.14991500856971213 0.1722972405852855 0.25350655372062036 0.2811239802206204 0.3644025509881965 0.4804602594918187 0.540484948550449 0.7518673099604727 1.5323077657834883 4.404565777967712
1661 19932 0.006898480223590636 4.387586936632064 0.0005288125583561832 0.0005288125583561832 0.001182788548083087 0.002576073775069376 0.0033741020004850832 0.008400983683979815 0.02388200480534834 0.05624636905250822 0.09884469588331676 0.15019844344172345 0.17673154026581903 0.2487490480205227 0.2787559507295944 0.3646619706836513 0.4816524003510404 0.5435635582286525 0.7550260133549727 1.5100759146699885 4.387586936632064
1662 19944 0.0070758242712910474 4.388602015025123 0.0005285786456666506 0.0005285786456666506 0.0011867960292148158 0.0025772508349114777 0.003374598412566413 0.0085567674834507 0.023983482516722467 0.05607765605726754 0.0981093458997613 0.14869449965012502 0.17936132979268418 0.24679958168105282 0.2721354060759538 0.364130177959198 0.48268389326352634 0.5409744691366559 0.7549839972653752 1.5020406829259623 4.388602015025123
1663 19956 0.006916005416411413 4.336622404297185 0.0005306977763545252 0.0005306977763545252 0.0012013868331554555 0.0025694972802849537 0.0033622363845734284 0.008573749670715494 0.023735074910729553 0.05591563810148833 0.0977853640018969 0.1485616245667231 0.1805498948909109 0.24690351023595528 0.27029021708506196 0.3629263537632544 0.4814915485059724 0.5417581820722395 0.7509914899096966 1.506162824790602 4.336622404297185
1664 19968 0.0067141848700103925 4.334697532114268 0.0005343749650353966 0.0005343749650353966 0.001211363092286672 0.00256502758739729 0.0033805386936613543 0.00852372166014705 0.023745078295061534 0.055001241922551916 0.09746804835101952 0.15014929831539864 0.18194826199348088 0.24385504448528017 0.26990260751194783 0.3618550926833761 0.47707126432718977 0.5459200362148015 0.7475251477145413 1.5118573875235903 4.334697532114268
1665 19980 0.006308488292533243 4.343507353872544 0.0005332857221053607 0.0005332857221053607 0.0011944707212796825 0.002575069535866534 0.00338859455728781 0.008521447808298489 0.023387829362589624 0.05450464242675005 0.09739775436345707 0.14960066835290253 0.18137002015693213 0.24224879654578815 0.270971930694335 0.36647337288560283 0.4719061554627289 0.5432353492620977 0.7444405941746084 1.5075759354038105 4.343507353872544
1666 19992 0.006282672455685852 4.33168850703909 0.0005297734144656237 0.0005297734144656237 0.0011860669410779902 0.0025804422472228243 0.0033947484906417975 0.008493856299056133 0.02330599837354217 0.05447634991864859 0.09640647580039893 0.1475126588003252 0.18100512353569742 0.24313304762938379 0.2713057740166366 0.36645110947614923 0.4752266356719477 0.5372140604354133 0.7421410335804643 1.5153726799839655 4.33168850703909
1667 20004 0.006111668359142518 4.297395265751012 0.0005276313415463554 0.0005276313415463554 0.001201248582634825 0.002596216124398432 0.0033851329869246626 0.008472080171657686 0.023035798087193207 0.055332027453625136 0.09652394326876265 0.14827295635763565 0.1787415380580242 0.23968313568454744 0.27034638890082224 0.3651431799511459 0.48073619595910394 0.540062385196465 0.7430951728009814 1.5017381620321948 4.297395265751012
1668 20016 0.00616429570057976 4.289043937920203 0.0005218242576380992 0.0005218242576380992 0.0011999824574303983 0.0026048163562656886 0.0033651945453452327 0.008511114277877617 0.02250235541375707 0.055353152287371046 0.09788366308116375 0.14780386510086702 0.17904979350019548 0.23938504284792275 0.26775598695534836 0.36553847704168174 0.48456031025998325 0.5424617122430199 0.7388649416469353 1.5052547263350244 4.289043937920203
1669 20028 0.005934657281365323 4.26877473412689 0.0005165946057652676 0.0005165946057652676 0.0011988916367898401 0.0026082067561923514 0.003372278180038282 0.008532962036974135 0.02238258559600375 0.055357835157342064 0.0981926099579992 0.14692418459558812 0.17929515483696995 0.23773969049781032 0.2663573703064857 0.3619372787258225 0.4901941194693827 0.5413765037216125 0.7410947143619441 1.50040453707558 4.26877473412689
1670 20040 0.005548895711566836 4.277329174386977 0.0005113552055135028 0.0005113552055135028 0.001199569666405007 0.0026121343434280207 0.003357096506989868 0.008461690027316612 0.022370692683888905 0.055307892913629954 0.0983592579343335 0.1458972184226293 0.17926982814446665 0.2379380134788356 0.26674319754005593 0.35948114284630833 0.4853626767647327 0.5361107653482443 0.7336827236577078 1.5010575408260158 4.277329174386977
1671 20052 0.005269644105642377 4.2804118341172455 0.0005135788541545789 0.0005135788541545789 0.0012014667620953313 0.002598472129692433 0.003344804807941711 0.008430959201890872 0.022065508496182478 0.055412492692817596 0.09767556264372229 0.14498336626063626 0.17844710186344184 0.2341944633473926 0.26533240521148543 0.357251057290308 0.48870454495801935 0.5339584801475503 0.7320053773035972 1.4872259155232748 4.2804118341172455
1672 20064 0.005146758586078054 4.265970836923907 0.0005083864238796421 0.0005083864238796421 0.001184434211964225 0.002602889493042273 0.0033634723273719947 0.008487629471970006 0.02182091887864235 0.05466463772272713 0.0967179461179411 0.14581888773329685 0.17822647886491702 0.23550934658521305 0.2638354652685359 0.3561233707128361 0.49227372827177207 0.5331594558439811 0.7290269683130146 1.4836470385792777 4.265970836923907
1673 20076 0.004832087959288255 4.288464832645602 0.0004994625305096452 0.0004994625305096452 0.0011819909223615894 0.0026054657403326176 0.0033885819023305886 0.008376737410095595 0.02181016964704196 0.05478955522155645 0.09662274249206332 0.14609277124296094 0.17745285035786992 0.23482411141154833 0.2626589269557428 0.3538695285938773 0.48828900924423374 0.5364202830628598 0.7261218004552551 1.4876634481829385 4.288464832645602
1674 20088 0.004727383631086919 4.296467822021315 0.0004985780680840238 0.0004985780680840238 0.0011666504893948011 0.002603258202702638 0.003348108191005801 0.008310921446180581 0.02173795941330544 0.05446748789870086 0.09630918238511783 0.1448720633780713 0.17634755907049487 0.23600828854088454 0.2622121719856644 0.35686742456430465 0.48689973052686064 0.5372549371993585 0.7182523630478899 1.4864992786756344 4.296467822021315
1675 20100 0.004683931358610267 4.279362802244772 0.0004914302831410231 0.0004914302831410231 0.0011588365214303693 0.0026036141911555477 0.0033428326101266805 0.008322418914763284 0.021694955282550867 0.054427388721089216 0.09679113917901173 0.14402457337353206 0.17505024052484827 0.2356369573167665 0.2603117482691392 0.36489400199004 0.4854659741405528 0.535022354438698 0.7109920580110133 1.4878686795074465 4.279362802244772
1676 20112 0.004562606662407293 4.218646959988495 0.0004890810836979144 0.0004890810836979144 0.0011643568464311854 0.0026216085598647913 0.0034192430778287076 0.008252239638095904 0.02171142304505407 0.054238778673361666 0.09748911804479628 0.14322830286424607 0.17384236404308012 0.23424890232296555 0.2548810601856065 0.36838102223775804 0.48626793613279823 0.5322889107256651 0.7048869295198831 1.494414193298113 4.218646959988495
1677 20124 0.004492574873661006 4.197983351598794 0.0004852535188350923 0.0004852535188350923 0.0011623017249285188 0.0025973781928787685 0.003431082191959819 0.008233364056095782 0.021524103784062738 0.05393161221530979 0.09640520299955305 0.1434019696641121 0.17275319929058677 0.23437624641367677 0.25353764635363674 0.3703269309150059 0.48707573729006104 0.5303994921673412 0.7045837848473727 1.495086165425576 4.197983351598794
1678 20136 0.004427807125368104 4.1638161028124125 0.0004857058148090971 0.0004857058148090971 0.0011866208796956386 0.002573222942090248 0.0034592023028585136 0.008242229525509756 0.021503797791071977 0.053878730637101684 0.09633105064862003 0.143289064996984 0.17253425203822204 0.2319249340033478 0.2546435533058073 0.3691973977604 0.48332977923037124 0.5182562359484332 0.7065853742045709 1.491799630670663 4.1638161028124125
1679 20148 0.0043692236566292555 4.125851359585109 0.00048114678216421003 0.00048114678216421003 0.0011798061488874554 0.0025834463942333873 0.003500420307048523 0.008104249731953837 0.021348157187790033 0.05354476466912974 0.09581513822110671 0.1428575615605346 0.1724450698178297 0.2330555403150107 0.2533414653132887 0.3718768675177681 0.4818310376173427 0.5104977493023393 0.7041033748516335 1.491667918344468 4.125851359585109
1680 20160 0.004305283196808144 4.101604520782106 0.00048471391706151896 0.00048471391706151896 0.0011699940505467746 0.002562779088679006 0.003529484909138791 0.008073040901988853 0.021455980364298806 0.053605868342803696 0.09622627538327519 0.14371624518324078 0.1719871457149894 0.2287129099196837 0.25369690124652183 0.3721495793986929 0.4818485279884726 0.5048468440604021 0.7069195164615445 1.492995085585775 4.101604520782106
1681 20172 0.004394391758226241 4.109352352906705 0.00048715505871999455 0.00048715505871999455 0.0011610234315720756 0.0025482231661307655 0.0035580473374452674 0.008007350225638863 0.021378713584864033 0.0536474748898654 0.09600241687144855 0.14670749622320167 0.1709685316464461 0.22645452065803284 0.2531949970812251 0.37025098864170647 0.480117481954522 0.5019851006878931 0.7065747583201989 1.5088336562587628 4.109352352906705
1682 20184 0.004440287210204131 4.089369911344484 0.00048365768277574845 0.00048365768277574845 0.0011697118008593816 0.0025172651059742956 0.003593308090061059 0.007874972834146402 0.021152259126166122 0.053679718801033845 0.09630958936183918 0.14845674037967765 0.17266660450273408 0.22799272901677972 0.24926659731425904 0.3692072305778039 0.4815217796213565 0.5095417729640802 0.7056256981174022 1.5053115465097753 4.089369911344484
1683 20196 0.00456218513745903 4.107360365104743 0.00048271240714255843 0.00048271240714255843 0.0011816256682102106 0.0024913662012220894 0.0035576421221764853 0.007774134167212539 0.02107347451161235 0.053036972811104116 0.09552240048051343 0.15070822486776692 0.17340808752309728 0.22638118327565374 0.24706305360867664 0.37279439508225665 0.48022202069826236 0.517869861748361 0.7056346544291952 1.5083141057040115 4.107360365104743
1684 20208 0.004581712912762517 4.038020178312597 0.00047561950892900206 0.00047561950892900206 0.0011793162269786535 0.0024807429658421985 0.0035414288139106738 0.007788831546838648 0.021132572228399007 0.05333054076871368 0.0957949082715561 0.15070814859008475 0.1730548405535808 0.22628100190331538 0.2474134445977205 0.37203550493606635 0.47713972928269727 0.5260942311421949 0.7038360316524781 1.5115568988100156 4.038020178312597
1685 20220 0.004540411025367755 4.077915742033379 0.000479107825813844 0.000479107825813844 0.0011760845820603574 0.002456876392652121 0.0035736466277350182 0.007792866490144948 0.02107703729856395 0.05254151966118211 0.094621355460962 0.1505650180075724 0.17340385282480214 0.22504722424002585 0.24705064731439128 0.372451056753395 0.47626403984328003 0.5268759257213753 0.704594595758937 1.5082855443625982 4.077915742033379
1686 20232 0.004294054895772018 4.086424138507081 0.00048121330020694267 0.00048121330020694267 0.0011687749675927154 0.002444049201180704 0.0035176699556620475 0.007757425953870992 0.021091447222779582 0.052334835759921386 0.09349458098490006 0.15073262245637772 0.17294207795031336 0.2243047432561129 0.24714389393924832 0.3718100928459596 0.474808084289736 0.5278916768202917 0.7057013644336841 1.5099094909843842 4.086424138507081
1687 20244 0.004200478091386423 4.085566610625161 0.00047856943579365635 0.00047856943579365635 0.0011678745343761717 0.0024625178338092114 0.0035065539706366647 0.007710864118512242 0.021046217006504022 0.05248657168402676 0.09352798774825186 0.14992743487814386 0.17068117574971203 0.22299918227938864 0.24536069521405754 0.3708156541306142 0.47009443178799715 0.5267713004904777 0.7069873982332208 1.5044373400603044 4.085566610625161
1688 20256 0.004168540627337235 4.049533925528024 0.00047682715596218434 0.00047682715596218434 0.0011624281453862643 0.00243982217013091 0.003493289462493011 0.007691277791997597 0.020656482664959026 0.05274399015358002 0.09325226924217307 0.149357849184971 0.1706580368665087 0.22221292393628478 0.24538137194692394 0.370437907199614 0.4739811670561817 0.5234830426255426 0.7083753292350091 1.502549129905016 4.049533925528024
1689 20268 0.003934908254924113 4.088703940094729 0.0004723553188076704 0.0004723553188076704 0.0011588554506293855 0.002445076802093957 0.0035065678258067176 0.0076597262862069535 0.020577907641641833 0.05262942609156786 0.09322642937436268 0.14956023784413203 0.1713008426022816 0.22189267183990377 0.24162370450945395 0.3700173201862875 0.4747820369120331 0.5292923123331524 0.7098808451419593 1.491989947600968 4.088703940094729
1690 20280 0.0038235049027512207 4.091894926917437 0.0004685600031555 0.0004685600031555 0.0011664189077475401 0.0024399332437182184 0.003495736233831283 0.007670851210835427 0.020651082683681512 0.05290490448999924 0.09157750785257748 0.14856253824468305 0.17297728268609916 0.22107096656344777 0.24195962028065834 0.3709388748224164 0.4706099034451487 0.5274963468741327 0.7176674194930991 1.4936616292346692 4.091894926917437
1691 20292 0.003707481114468558 4.07763480167735 0.0004655224334006394 0.0004655224334006394 0.0011511840604879853 0.002419423960369987 0.003552505174101643 0.007642863470447369 0.02042028186221904 0.0527083394691752 0.09061476870099297 0.1481882379222093 0.17283749538627513 0.22070254227778727 0.2433093522760295 0.36853045191803263 0.47211094514031615 0.5280219509781355 0.716864895377304 1.4888921932163628 4.07763480167735
1692 20304 0.00358377937739822 4.077729761943023 0.0004652366537072968 0.0004652366537072968 0.0011552152478865776 0.002402537097419437 0.003566810212591744 0.0076410386813179154 0.020099077270034064 0.052630916052992506 0.08915667607844198 0.15007036101181553 0.17265910401974413 0.2191603798440935 0.24459279416366028 0.3663865440198943 0.47193752405084216 0.5211352794110315 0.7144802473532218 1.4903224934262544 4.077729761943023
1693 20316 0.0034803248654816567 4.103274728130593 0.0004587421783750736 0.0004587421783750736 0.001156717355046338 0.0024065868809720133 0.0035580654326209053 0.007633407668322044 0.02003302758179808 0.052516437079757 0.08870861504264516 0.15044199038612646 0.17274408293198656 0.21794224602984108 0.2442994694136877 0.3696818225688938 0.47381061150037423 0.5174403434041985 0.7146372960576688 1.4948644027737161 4.103274728130593
1694 20328 0.0033105914479415787 4.0744732363600065 0.00045683384434986 0.00045683384434986 0.0011635558206796969 0.002437343647157442 0.0035357425909004134 0.007594395089854963 0.01964955855383575 0.05241012797136524 0.08856680341513319 0.1496111531029144 0.17027093089712828 0.21658950696419774 0.24196739992133673 0.3727002295190236 0.4765478817698374 0.5168116479289085 0.7255177964289801 1.50240291613934 4.0744732363600065
1695 20340 0.003343671289638083 4.095424720086853 0.00045192315897756637 0.00045192315897756637 0.0011633128261643753 0.0024209410011864167 0.0035334180818559486 0.007544090373810828 0.01939075510619188 0.05224008171021054 0.0881212461890759 0.15112911822077427 0.1694302884754513 0.2153204546163636 0.24135885825695833 0.3651198159292449 0.47796963630119776 0.5185181646595299 0.7205356146411332 1.4974485359888647 4.095424720086853
1696 20352 0.003300679178845913 4.104697985477926 0.0004502167414247804 0.0004502167414247804 0.001163428931723506 0.002414644609593827 0.0036059261905402964 0.007518699145987794 0.019153888306586632 0.05242886464063883 0.08644910644140984 0.15044858614861062 0.17032414562884451 0.21398962711105446 0.23998135856535738 0.3628795363076705 0.47528736192322024 0.5225858634347776 0.7312899657357148 1.4920074701453756 4.104697985477926
1697 20364 0.003183979428670946 4.124140608095642 0.0004495557940469925 0.0004495557940469925 0.0011577978612905642 0.0024025418039968997 0.0035713784322656777 0.0075234951866575495 0.019137158420139615 0.05127344674286206 0.0868345416872 0.15131638732093497 0.16933894007212855 0.2143414674606957 0.23941365844861612 0.36320486430944776 0.4807401703088811 0.5233398462251793 0.7327689425993268 1.499604717608499 4.124140608095642
1698 20376 0.002972776761823041 4.127084620271706 0.0004516289204342194 0.0004516289204342194 0.0011459826318356257 0.0024115839225925697 0.003549745984028766 0.007478370408421592 0.019010273976641203 0.05126938358073034 0.08696511651709112 0.15047858085046628 0.16894373497679863 0.21593729156229663 0.2402161169366279 0.3610355367562293 0.4807034839516383 0.5240613296398149 0.7319265257661337 1.4970258085976014 4.127084620271706
1699 20388 0.0028314224689262825 4.068323807945415 0.0004477798838074581 0.0004477798838074581 0.0011319418960707014 0.0024109123828833356 0.0035402038949215874 0.007479202642788396 0.018993527778167776 0.051308948414882184 0.08745889254905889 0.14959621794783548 0.1685631583493986 0.2143555586915292 0.23911253720077036 0.3622877380264221 0.47649452390347835 0.5298572438124505 0.7330323194726152 1.494643071083082 4.068323807945415
1700 20400 0.0027267835964126796 4.053312791988705 0.00044633224054150785 0.00044633224054150785 0.0011307230727180889 0.0024082344181149684 0.003494171095542925 0.007409425947341499 0.018786426326434544 0.05102508386917667 0.08814726639570541 0.15018462444706687 0.1691185981197432 0.21369077171344042 0.23773060069507562 0.3586867926140218 0.4750384025769647 0.5299660466900706 0.7372041721778143 1.4976947822858018 4.053312791988705
1701 20412 0.002665542491756448 4.017324584215919 0.0004450104506235989 0.0004450104506235989 0.0011134906024112498 0.002373659227461838 0.003485788671782073 0.007411325180774 0.018748713602784014 0.05115537894317391 0.08752097562482136 0.14944404214542545 0.16838928652642277 0.21381459855045262 0.23846017840692554 0.3575331064750603 0.4740083563311926 0.5371406119868137 0.7471230371089349 1.4940963521832697 4.017324584215919
1702 20424 0.0026732497304429244 3.980526023625998 0.00044416346825964685 0.00044416346825964685 0.0011057109153598701 0.002359956871467753 0.003484737560461725 0.007321453355567197 0.01881324574784696 0.051554303663972866 0.08719639229458166 0.15170145165959265 0.1688235353454849 0.21440392774162917 0.2361086122265296 0.3608119069867575 0.4701265603823128 0.5348316138056066 0.7405256788577609 1.4959294442787254 3.980526023625998
1703 20436 0.002643111219104923 4.012537257365992 0.00043737323436018465 0.00043737323436018465 0.001094514543542647 0.0023722267115648702 0.003417571417302683 0.007316605410398033 0.018516932325319705 0.05174063724400376 0.08806973553155917 0.15210921856646734 0.168807010378393 0.21379212068701553 0.2344676460038156 0.3641995097774462 0.46806425197267887 0.5347968088584684 0.7407444226952766 1.501555062138822 4.012537257365992
1704 20448 0.0025213676789115048 4.025798636812517 0.0004366952371353536 0.0004366952371353536 0.0011007392299391976 0.00238087647353757 0.0034398830782494884 0.007363344435635425 0.01861210658917281 0.05223797636201341 0.08761237156819997 0.15385235745391768 0.1674540747108836 0.21317872434848145 0.23509663547370827 0.35833352840814947 0.4651098194417931 0.5327765861589864 0.7335217463267175 1.5081917258442048 4.025798636812517
1705 20460 0.002464276307589317 3.9832720123999827 0.00043896809987441546 0.00043896809987441546 0.0011015599420078385 0.0023650492108490736 0.0034174409106416137 0.007357868907653166 0.01857630049824963 0.05199106261675216 0.08653621169276342 0.15303860653713866 0.16676430368018355 0.21176467043313946 0.23703265103445426 0.3603161226990027 0.4649250295850838 0.5336173230233741 0.7316271820032249 1.5171858069904596 3.9832720123999827
1706 20472 0.0023899629818890677 4.016568326431992 0.00043275134618413175 0.00043275134618413175 0.0011102838865450844 0.00234457827134758 0.003408580430167326 0.007349038188161719 0.018804172633873413 0.0513111300963799 0.08655651027486662 0.15406690994504374 0.16595017736200546 0.2103076505058275 0.23977350405901773 0.36032484438950413 0.46340446078894454 0.5362237497091069 0.7305461608441954 1.5263450779432786 4.016568326431992
1707 20484 0.0025146597913503163 4.007540173639631 0.00043322783445477514 0.00043322783445477514 0.00109765350754198 0.002335930312466016 0.0034153865934278974 0.007328357326977302 0.018836518323341645 0.05226613085102457 0.08639100755321939 0.15417978933550666 0.16627088300933204 0.20869816460996635 0.2377514277432302 0.35990906687284113 0.4616571214977986 0.5341304210623453 0.724478583795392 1.5313155482654706 4.007540173639631
1708 20496 0.0025514639319682325 4.020262533893673 0.00043275260478859475 0.00043275260478859475 0.0010958085202529316 0.002337767650969063 0.0034262595227148697 0.0073296544505788005 0.018600197634196923 0.05328273989802727 0.08631809820165363 0.15497681754959072 0.16672292295303523 0.209270506004408 0.23724863449611028 0.3564377797299111 0.4608217243839748 0.543673176487489 0.7073884035872229 1.571604192579018 4.020262533893673
1709 20508 0.00263919235379899 4.032620457037886 0.00043383074038380414 0.00043383074038380414 0.0010965742401376852 0.002316024143367154 0.0034119673244526368 0.007290357096228736 0.018614184524136507 0.05296155401497984 0.08629953612647816 0.15435196087842049 0.1660559673335949 0.21175430956235847 0.23489060051539778 0.3558372269918797 0.46231513150128045 0.5430901560646026 0.7046172050423432 1.589146369597555 4.032620457037886
1710 20520 0.0028306633599472384 4.005519239853853 0.0004312123626645931 0.0004312123626645931 0.001101553099837767 0.0023370961806958 0.0033914869799045655 0.007322023860562596 0.018642829692121606 0.05261246005071269 0.08652642167757929 0.1537899880974611 0.16820234288857724 0.21049579915509636 0.23562168416226129 0.352129371515608 0.4543506716767673 0.5414266517820916 0.7049734536992431 1.6073720158465667 4.005519239853853
1711 20532 0.002857734643233162 4.026617336074185 0.00042894990245818357 0.00042894990245818357 0.0011237667267099947 0.0023330122076501564 0.0034041468757727805 0.007342340962853064 0.018300260965584136 0.05250505631353922 0.08550930370244715 0.15253337663468408 0.16803964002856728 0.21109847216783956 0.23538940124608856 0.3524073181456942 0.45347219908814734 0.5362149014611189 0.7067733086585778 1.623356451225586 4.026617336074185
1712 20544 0.0027676831645980873 4.032722238988089 0.00042953782453793377 0.00042953782453793377 0.0011223920863650313 0.0023046559955116758 0.0034109962471428417 0.007315372579707399 0.018077926835406297 0.05265754217057643 0.08435207676923825 0.15265411065741194 0.16628190764890483 0.21127120448010003 0.23618534961055673 0.3514691279407403 0.4580276315465644 0.5367547917519124 0.7093140869470658 1.6258481912251572 4.032722238988089
1713 20556 0.0027069616120141793 4.029930945887638 0.0004286610448757913 0.0004286610448757913 0.0011209244430506371 0.002288217398202904 0.003412404105032505 0.007255943194467245 0.018151247834671244 0.05265253969232313 0.08432017020779975 0.15203639541254838 0.16270163979903574 0.21101375917714307 0.23641257271505672 0.3498163295460318 0.46071319428222013 0.5345497903171625 0.6977767175270762 1.6389247207046307 4.029930945887638
1714 20568 0.002723158357890604 4.017548142363989 0.00042662370060337403 0.00042662370060337403 0.001136873809870133 0.002282054183846804 0.0033660051087003088 0.007221125393558876 0.017954792943796125 0.05233328283089597 0.08412317722700208 0.15346035571390654 0.16410880039742523 0.2107499036827234 0.23484392658582978 0.3475023090014691 0.46051192364702503 0.5327357631201531 0.6965164603477342 1.6332679177755325 4.017548142363989
1715 20580 0.002784381042708576 3.9807534429659626 0.00042270672988620563 0.00042270672988620563 0.0011265709145818173 0.0022883719117103452 0.003365466342796276 0.007230845934212694 0.017889341013026607 0.05239093665524321 0.08380562760511516 0.15292495290341832 0.16362913084818065 0.2110855837255708 0.2352492211780751 0.34616254556406617 0.4600025349367921 0.5314296685721626 0.6951220141698848 1.6284492067507041 3.9807534429659626
1716 20592 0.002689782544068363 3.955406277020818 0.0004282489051904407 0.0004282489051904407 0.0011311830928771652 0.002281015090458772 0.003349706568226767 0.007185270726434908 0.018014151875967693 0.05254315361013814 0.08457948238740996 0.15409151385776834 0.16369662032106216 0.21064367498413056 0.2337446169602783 0.345518401031435 0.45603384154848803 0.5333085022792903 0.6915336185209877 1.6120420503715713 3.955406277020818
1717 20604 0.0026994118509509157 3.943683494107932 0.00042211934760271895 0.00042211934760271895 0.0011378728266194717 0.0022477760433881927 0.003350291953059265 0.007144744004503755 0.017854666758112165 0.05271670552701067 0.08483025220457385 0.1551155021159963 0.16404948317293888 0.2108817753930707 0.23038893703018454 0.34454084940155394 0.45926255384621695 0.5239772315003923 0.6940753223287484 1.6085955370618052 3.943683494107932
1718 20616 0.0027072811046922073 3.9506191961694967 0.0004183301954724448 0.0004183301954724448 0.0011423825268151396 0.002250426217397094 0.0033302025900041185 0.007043912081979663 0.018002784582603334 0.053151345959829406 0.08545403820931495 0.1548636434787094 0.16241839797353455 0.2082751920737592 0.23226916943474946 0.3455588996582478 0.4572048833450976 0.5246593065354517 0.6888502703218061 1.6048995839252693 3.9506191961694967
1719 20628 0.002681068725276315 3.9790301974474387 0.0004158869438180898 0.0004158869438180898 0.0011476400412198332 0.002265833167198592 0.0033219173695270493 0.00706463493043733 0.018048187917831138 0.053310182214514376 0.08476629793321955 0.15385677296594538 0.16033603497869175 0.20513775003154502 0.2320024160943783 0.34447857946572824 0.45925234612937527 0.5224619539697375 0.6814183299401262 1.6260997852437118 3.9790301974474387
1720 20640 0.0026783319195023913 4.02020215076902 0.00041801169994606837 0.00041801169994606837 0.0011476471847141584 0.002256978767417072 0.0033136491867903684 0.007046433258131448 0.01803912301190112 0.05345060280986683 0.08438342004963834 0.15159263769155343 0.15886369908565837 0.20516147803965706 0.23240467991173794 0.34273886037149676 0.4594167978480864 0.5263530087103806 0.6766609926006026 1.631336542379036 4.02020215076902
1721 20652 0.0026578465662911903 3.9919945627525113 0.00041727152385384126 0.00041727152385384126 0.001140279168258709 0.002269803147459731 0.0033176275706340835 0.00697483268881322 0.018029842116662004 0.05344223768423069 0.0837948936816656 0.15204465619898788 0.15792415464903553 0.20402032581032883 0.23341129872576988 0.3375678893213855 0.4588892256844588 0.5277767974252566 0.6838489618810895 1.6614031907468607 3.9919945627525113
1722 20664 0.0026892934885599557 3.992475415748203 0.0004142169068195369 0.0004142169068195369 0.001135153179144164 0.002274913893594556 0.0033067739367196335 0.006733905233491951 0.017900513289702883 0.053676058378601336 0.08370168490216544 0.1507657232168187 0.1577701244775927 0.20503965943741226 0.232450029710581 0.3394573350961737 0.459648781472854 0.5312446703610493 0.6873996094755054 1.6761204370141405 3.992475415748203
1723 20676 0.0027764294229271546 4.01413755759896 0.00041290317818646683 0.00041290317818646683 0.0011164736923413808 0.0022577010143818516 0.003290122402420299 0.0067167774042175945 0.017829795164838094 0.05364717644772265 0.08305306168115435 0.15222127759816204 0.15667218361793536 0.20432950264661195 0.23315582859868333 0.34058404407982357 0.45639361295983044 0.5344708384693813 0.6946186371085309 1.6789680768500124 4.01413755759896
1724 20688 0.002822014043369449 4.002243814560074 0.00041196282682187305 0.00041196282682187305 0.0011151511714387876 0.0022208030225084733 0.0032738385098823 0.006748887385275911 0.01782969239063211 0.05406001906987425 0.08285659123737872 0.15252346821275642 0.15605832138063463 0.2024288870464029 0.23297121445027733 0.34498414451024884 0.4608464086350299 0.5448400347709172 0.6959690152274863 1.6799782047203387 4.002243814560074
1725 20700 0.0027717707594796547 4.021306440601292 0.00040931649890771436 0.00040931649890771436 0.0011162774939703095 0.0022100949186455057 0.003297463746532918 0.006742356628663562 0.017691564769043468 0.053682525415326206 0.08304669383222979 0.1520862164885125 0.15652271728600609 0.20285432416633953 0.2347097188590323 0.33857347623984624 0.45223045797654454 0.5486136750522544 0.6954670799891695 1.6795197549014358 4.021306440601292
1726 20712 0.0027669880570470574 4.015135456093694 0.0004060495556416123 0.0004060495556416123 0.0011177381226643293 0.002185503179021053 0.0032441570684230217 0.006693133140991957 0.017529124480535847 0.053835943523025225 0.08275287140161994 0.15381170384716353 0.15690005322355377 0.2033480236723925 0.2350168914034715 0.3386039371083 0.45313684942697446 0.5440965687471343 0.699577952900163 1.6772087706622427 4.015135456093694
1727 20724 0.002770203360938452 3.9909009693689077 0.000407627175971154 0.000407627175971154 0.001107614017244751 0.0022020787117255623 0.003226368940071229 0.0066907556132850855 0.017549647161430287 0.05377760017540548 0.08378971697201924 0.15328197868539126 0.15646430690293545 0.20270933503091537 0.2322369962034576 0.3381827047109964 0.45165584833334665 0.5442102799735784 0.6979220811732724 1.6811841243799688 3.9909009693689077
1728 20736 0.002746923990968708 4.026161445791161 0.00040628182998622177 0.00040628182998622177 0.0011100814455966828 0.0022075789706431817 0.0032263193909396358 0.006631823934744702 0.017423786500316257 0.053741816000926285 0.08314826909423151 0.15201456407871827 0.15732783177171886 0.2012671196502467 0.2343300457577601 0.33740339067051983 0.4512129090287548 0.543204258423017 0.6978150102989233 1.6765373247188888 4.026161445791161
1729 20748 0.002709567427829958 4.035720938347947 0.00040308976334948093 0.00040308976334948093 0.001100590683728349 0.0022282406087422257 0.0032027740149983054 0.006576833998494948 0.017405847902518173 0.054091993457179244 0.0821337739231799 0.1518530066821164 0.1570021762767817 0.2017528534575206 0.23421258645105142 0.3372643260088377 0.45266503182500134 0.5373912018091055 0.6951536928547566 1.7080666479144206 4.035720938347947
1730 20760 0.002551303418262748 4.031838186653974 0.00040471900135710025 0.00040471900135710025 0.0010912778966768381 0.002216913356442874 0.003215235923102377 0.006559358294216148 0.01734310137919127 0.05384556405770664 0.08192016223464767 0.15036420239539194 0.156066043952718 0.20148901850273712 0.234027317563588 0.34496448217782555 0.4524569067106423 0.5364161710547276 0.6948002691025247 1.7029615509053597 4.031838186653974
1731 20772 0.0023480051515153994 4.017524231321944 0.00040226755583535364 0.00040226755583535364 0.0010788263200078908 0.0022119280011241955 0.0032073637707420955 0.0064577832472192944 0.01746896351053032 0.05378212173803523 0.08145991385596273 0.15007647674988853 0.15405604976502088 0.20190640037866703 0.23464820036930592 0.3431049468031428 0.45412085801407165 0.5322269102759737 0.6941158188421123 1.7147213714288838 4.017524231321944
1732 20784 0.002255695752677676 4.024301977397123 0.0004010396797962517 0.0004010396797962517 0.0010744029773505507 0.002198258455317224 0.003191689283857624 0.0064022755338091234 0.01743044961206356 0.05379969135929889 0.08051282219108437 0.14955847672782893 0.1537059462303592 0.20174328596909222 0.23563534448285023 0.34158609101930737 0.45329811616071275 0.531319746305143 0.6913763932928823 1.7136805148596588 4.024301977397123
1733 20796 0.0021219454948377715 4.022035904755878 0.0004006777496111454 0.0004006777496111454 0.0010683361703009524 0.0021847820195552647 0.003216679105840287 0.006383647139118561 0.017365709718926935 0.05303422752120058 0.0805728659041526 0.14933543334080754 0.15374471613697868 0.201053451638229 0.23212613941185725 0.3407406473093487 0.4504123322035419 0.529776379936149 0.6918360797307336 1.7096437020863797 4.022035904755878
1734 20808 0.0021177362500685707 3.9962671832661543 0.0003997900381993026 0.0003997900381993026 0.001063824752644699 0.0021850217259469277 0.003169318453793832 0.006281010835069856 0.017286504134617305 0.05257284786649925 0.08047309709763002 0.1491193305748578 0.1538239839542288 0.19974219981419591 0.23106063932469562 0.3405340045910299 0.45205619485912596 0.5298632890985321 0.6837483372402265 1.702377305422897 3.9962671832661543
1735 20820 0.0020290169418321043 3.9424898794019945 0.0004014112744577255 0.0004014112744577255 0.0010603440555292038 0.002170100721802105 0.003154867081500237 0.006350948215148725 0.01703896511619261 0.05325907864371389 0.07988784323431122 0.14926280624580934 0.15369875832051136 0.19821198565873424 0.23152334156967738 0.33961833557392207 0.4593214954728314 0.5361427422194907 0.6832884952703597 1.7165946435842434 3.9424898794019945
1736 20832 0.0018984690001826534 3.9175230268904397 0.0004014421582858934 0.0004014421582858934 0.0010606876554323868 0.002168127509804429 0.0031448422193703597 0.006304971041499465 0.016891884810062416 0.05299620896383539 0.08006144579362288 0.14870383670098966 0.15254207378346488 0.19986533031158926 0.2298792267575299 0.34050353659819954 0.46015815051791764 0.5311658752759916 0.6788359141686756 1.7246674273442613 3.9175230268904397
1737 20844 0.0017749168619031917 3.8894606831911736 0.0003993968490167509 0.0003993968490167509 0.00105806739220586 0.002159640399175987 0.0031572150221619187 0.006247226598351028 0.01679859124646209 0.05280438751905741 0.08038386778888519 0.14823864536936207 0.15205500529518692 0.19633466456211868 0.22901790177998557 0.34250538454748486 0.45919336917553144 0.5307935138671495 0.6766907207412759 1.7200042284224466 3.8894606831911736
1738 20856 0.0017135643480346414 3.8375943868427216 0.00040181099125599716 0.00040181099125599716 0.0010632253927465045 0.002160553285521783 0.0031466164472582028 0.006246212822009942 0.01664540088921129 0.05263601692314784 0.0784557092633246 0.1478821210177978 0.1520682957688737 0.19556742780580672 0.22778202106304832 0.3417397157802266 0.4559980939777519 0.5260765476593705 0.6720609627956928 1.7175256034211037 3.8375943868427216
1739 20868 0.0016658786123522526 3.809929754102487 0.0003963187512988336 0.0003963187512988336 0.0010626127809348865 0.0021473195134585686 0.003171455306993102 0.006310458907385508 0.016581557798584484 0.052055144193128594 0.07838039123562189 0.1467148837171667 0.15137276650514409 0.19463306118306706 0.22760703742071967 0.3432762235438031 0.45755237785074054 0.5257559327300152 0.6660452239779759 1.7208732222682128 3.809929754102487
1740 20880 0.0016040047760331707 3.827702122606292 0.00039345547584235057 0.00039345547584235057 0.0010614215587980693 0.0021172789465615967 0.003176150957182521 0.006253512475933014 0.016379144355988376 0.051547022171134105 0.07913517153969891 0.1458045031126361 0.15057340782014664 0.1942871182866636 0.22567432120049252 0.3418429377289337 0.4662094153057056 0.5262531769123157 0.6701273392394882 1.7278544794340551 3.827702122606292
1741 20892 0.001567474618022652 3.8031798224977837 0.00039395421080631204 0.00039395421080631204 0.0010646164514033594 0.0021148196931015254 0.003176111744312574 0.006229720376572961 0.016332549532600382 0.05169289092465477 0.07837484429290721 0.14717975477142917 0.1522802079871321 0.1935033019735206 0.22423449220418432 0.3414571099765251 0.4640377714254985 0.5212139085035125 0.6777053953928047 1.733633686046032 3.8031798224977837
1742 20904 0.001661856210028568 3.7994938566207215 0.0003930745908030415 0.0003930745908030415 0.0010453484581507656 0.002104319654985369 0.0031591397931349445 0.006226005165625619 0.016205005368116233 0.051296960379422364 0.07749090734188152 0.14688868821014717 0.15159504784554853 0.1930252357615494 0.22322750418539786 0.3412251380558365 0.4659739347416381 0.5162358813796123 0.6847040876550211 1.7591885195773023 3.7994938566207215
1743 20916 0.0017941675256008473 3.799729106571962 0.0003989296997232778 0.0003989296997232778 0.0010414157226321975 0.0021005902415764267 0.0031746181818314003 0.0062116810102688415 0.01619115263015482 0.051215515775485616 0.07940693808886028 0.14565066616674133 0.15633349627461143 0.19265831694343116 0.22401956070346074 0.34045676501173594 0.46244344734768966 0.5146640818087802 0.6913613665200309 1.7641512252171614 3.799729106571962
1744 20928 0.001869458430523913 3.7477304173131794 0.00040696319002643267 0.00040696319002643267 0.0010340675707706311 0.002093382071718949 0.0031393431642960335 0.006200998946846179 0.015960910072311967 0.05153745205488677 0.07934434207621455 0.14447595305185706 0.15662629736128297 0.19265958869657204 0.22380630376918015 0.3429160445181184 0.46611036679310197 0.5214821205054803 0.6959401788816116 1.7791706652764203 3.7477304173131794
1745 20940 0.0019029795862971987 3.7252478365558415 0.000403088670079961 0.000403088670079961 0.001008471670881971 0.002094194603255064 0.0031145997124794665 0.006128755008191558 0.016015099408130038 0.051799439137096566 0.07901545769464426 0.1447896940313877 0.15691248642155836 0.1928606631258693 0.2242775436526416 0.3435193196936353 0.46626607542600423 0.5312146149231775 0.6935121298238938 1.7764608571919407 3.7252478365558415
1746 20952 0.0019635996210298156 3.6738542069710984 0.0004004306873948352 0.0004004306873948352 0.001003587825392468 0.0020815400554116863 0.003105916317521974 0.006217239517137696 0.016006530406687314 0.051831387966458926 0.0805497974245829 0.1444029101847229 0.1566601850872701 0.1924088702337 0.22365366833883335 0.34422391465022717 0.46508260081345243 0.531549992668741 0.685920274199473 1.7806803435624858 3.6738542069710984
1747 20964 0.0021185657279822003 3.6858205358207368 0.00040031768606530957 0.00040031768606530957 0.0010070628402822721 0.002060685897017653 0.0030813851833252294 0.006206654078397795 0.015881835514729308 0.05212215538013875 0.08070501029238454 0.14213159857599392 0.15806757017302656 0.1906876981038957 0.22495758670854116 0.3496746502187236 0.46791919683748295 0.5377323140656601 0.678863800581188 1.7758404735659894 3.6858205358207368
1748 20976 0.002238920222097486 3.6959708917677068 0.00040353523306320963 0.00040353523306320963 0.0010001171024415299 0.0020327669892461066 0.0030599074282507627 0.006158392834605203 0.015893966549726392 0.052246416165662 0.08158956216645084 0.1440964848328428 0.15878575882439944 0.18780051393672448 0.2278495389009387 0.34748105610633023 0.47930740103635144 0.5416028762605625 0.681240586737809 1.7736795620821997 3.6959708917677068
1749 20988 0.002340387809375933 3.677917640304592 0.0004000256557156307 0.0004000256557156307 0.0009867559597075174 0.002053870263973118 0.0030824705220124132 0.006172559473425577 0.01579569688444198 0.052654471813368076 0.08136755952227705 0.14316393060006502 0.15806283400795648 0.1875655126945399 0.23006295011340763 0.3454378982293674 0.479231882841641 0.5433931251618287 0.6737854349127896 1.7832465512002933 3.677917640304592
1750 21000 0.002340222182539372 3.673428453500566 0.0003914532966632496 0.0003914532966632496 0.0009884846485892149 0.0020404407558608545 0.003086303439128411 0.00617979424532255 0.015758111675519073 0.052774226431294924 0.08056086994269135 0.1421510596836136 0.1583697148584434 0.18672574663415503 0.23145050299871767 0.3441357328642941 0.4828146494445239 0.5613793559819429 0.678149148814314 1.7682952120524973 3.673428453500566
1751 21012 0.0023664622994833333 3.640444221678866 0.0003904462010362873 0.0003904462010362873 0.0009867195886791738 0.0020305811553939707 0.003095213744412138 0.0061865734215002105 0.01579245150596326 0.05273757432861552 0.07960956811392603 0.1408497921834862 0.1567620357282379 0.18505133345812344 0.23149765156376692 0.34552919878130905 0.4815367876059858 0.5687718121346583 0.6803138795035373 1.7753257296328488 3.640444221678866
1752 21024 0.00237749615296973 3.5748198642682936 0.00038998492047709105 0.00038998492047709105 0.0009864917741996225 0.0020361190119160106 0.0030847163813561835 0.006178769782947572 0.015814621260191352 0.05306246746610212 0.07938295055952466 0.13998824880663435 0.157138625055989 0.18303589593875177 0.234032517470476 0.3457386804991994 0.4839466233969945 0.5664847099926515 0.679855010737583 1.779868410229749 3.5748198642682936
1753 21036 0.002394682864796438 3.5633546362155926 0.0003863067337775384 0.0003863067337775384 0.0009828546065249546 0.0020351694818822414 0.0030688928991777133 0.006093800751735977 0.01573115265753572 0.052428375740731906 0.08009233867041413 0.1412641478678268 0.15874643941624197 0.18396907657532252 0.23495186903418014 0.34726296690223396 0.47872841207767025 0.5665404267066495 0.6777066901263511 1.7906604243552273 3.5633546362155926
1754 21048 0.0025210934945889226 3.583350563412463 0.00038677220916656397 0.00038677220916656397 0.0009815730035332409 0.002031194229645892 0.0030819930657565303 0.006047846877058575 0.015562466141072435 0.0523000189645879 0.07997498060318475 0.13863685927721536 0.15885821807421485 0.1847845595775522 0.23648485766961286 0.3451196212176899 0.4752551263669641 0.5639673774580378 0.6800532627992093 1.8124270124007242 3.583350563412463
1755 21060 0.0027067363143475913 3.5303709433597765 0.0003828814444373579 0.0003828814444373579 0.0009806332896282808 0.0020309842356777477 0.0030702466718585996 0.006063245535591695 0.015903145036189253 0.05225234389485367 0.08010372556594224 0.1381034169351401 0.15942766590125906 0.18621262998542787 0.2347811972786058 0.35151917106455005 0.4703500103584618 0.5616175949668472 0.673846135297767 1.8271629130373854 3.5303709433597765
1756 21072 0.002634621632050256 3.493403981401007 0.00038808865763729133 0.00038808865763729133 0.0009762666022113426 0.002019084759292451 0.0030668799289640097 0.005980151034776019 0.016118249078331672 0.051802957224234045 0.07910949799965777 0.1382909955645999 0.1604607440766983 0.1861507063271536 0.23845822360122013 0.3532373003661783 0.47518547018119217 0.5572574801304893 0.6734365224413975 1.8715181137364985 3.493403981401007
1757 21084 0.002509029207362459 3.4699940516368417 0.00038829793547030616 0.00038829793547030616 0.0009816074470910508 0.001960572309985222 0.0030543052425764244 0.0059427928598899315 0.01609081562666534 0.051688455485897414 0.07848033293024609 0.13862674043149376 0.160290389919989 0.18564181877047625 0.2411818008952205 0.3540179539497701 0.47391527734703764 0.5559040988383638 0.6744140928873218 1.8820057017591572 3.4699940516368417
1758 21096 0.002470732231752281 3.4737226328322715 0.0003860103889767745 0.0003860103889767745 0.0009770382134485314 0.0019231738163540991 0.003017712022947221 0.005974541579692434 0.0161814189364546 0.05173737107965486 0.07920832544494937 0.1387661173135171 0.1596168118246168 0.18659627690435648 0.24229960491270286 0.34899508401530377 0.4696681046268264 0.5481572121889978 0.6751932600000268 1.894752374463545 3.4737226328322715
1759 21108 0.002402508516217887 3.544857042854728 0.00038416404771940096 0.00038416404771940096 0.0009769755724432824 0.001921479150696963 0.003029811737091376 0.005973301592108696 0.016127538972607183 0.052017984729230006 0.07873015370076798 0.1381851674280454 0.15791195392949897 0.18567111549987445 0.2402183571890297 0.3534031961708985 0.4680490815669815 0.5468912210290624 0.6744160498160171 1.8869272722249546 3.544857042854728
1760 21120 0.0024031965670410767 3.5483569035139477 0.0003832591348176157 0.0003832591348176157 0.0009584605326995492 0.0019108432071753966 0.003003205757840066 0.005941712725667984 0.01616308041720536 0.05204027288308022 0.07763394461029477 0.1374600902770786 0.15683462650426597 0.18635670122909115 0.2394216123873376 0.35122105395414494 0.46561382870101964 0.5493553465345868 0.6733124331060778 1.905821329304924 3.5483569035139477
1761 21132 0.0022942362093284208 3.5887051441812354 0.00038016291438418634 0.00038016291438418634 0.000959973847835236 0.00193199742042162 0.0030179332993859505 0.00584252299903766 0.01600652165371618 0.051855551736168994 0.07757706535726715 0.1376799667970544 0.15659138491687238 0.18844509324452133 0.23626007369216365 0.35302123394720836 0.46758480544297926 0.5496251856451069 0.6750685543545107 1.8875864427124764 3.5887051441812354
1762 21144 0.002186127122414217 3.6227210558053935 0.0003762487690705229 0.0003762487690705229 0.0009391335274121227 0.001929365144573471 0.0029962903413915417 0.005819909297780433 0.015928253526335413 0.05175070031012044 0.07811188807789768 0.1375019188648779 0.1564279853243312 0.18900898142308792 0.23491522411309923 0.3540188205459045 0.4733360220030511 0.5453280866544595 0.6732310017946056 1.889518494841849 3.6227210558053935
1763 21156 0.0022217413066185766 3.626022237197668 0.0003734651142837461 0.0003734651142837461 0.0009260141240029224 0.001943981948627059 0.0029872530674049168 0.0058319055968594855 0.015744227082552548 0.05179581811765376 0.07881942660320213 0.1375148406011346 0.15337762042676265 0.18924134051420172 0.2365061203408021 0.3511964729005746 0.47005212380511224 0.5471712831640586 0.6701376542928119 1.8834961672433328 3.626022237197668
1764 21168 0.0021164199581158705 3.598522463538611 0.0003710282246099992 0.0003710282246099992 0.0009294982578759454 0.0019367369336516017 0.0029907535411100514 0.005780881865660616 0.01566379258047221 0.05132402078606564 0.07903792963534285 0.1376378730725164 0.15499173014467696 0.19134129710067954 0.2361149337444149 0.3531674915937571 0.46940293863904514 0.5443784163508278 0.6768204095354118 1.8780203763288974 3.598522463538611
1765 21180 0.001987214447553462 3.616146377898996 0.0003691543974845872 0.0003691543974845872 0.0009219244547634554 0.00194795456051987 0.0029901047958253222 0.0057224496774000285 0.015619128696979845 0.051057103565844 0.07857171686798989 0.13731222242357746 0.15444689998134772 0.191840977705606 0.23528829741807683 0.3542891749541835 0.46714500104102885 0.5454083759959177 0.6757381099408213 1.862671460106505 3.616146377898996
1766 21192 0.0019634310152094893 3.6135449528932484 0.0003692429551475483 0.0003692429551475483 0.0009103991276830665 0.001945486569541882 0.0029875432268690735 0.005591582984138324 0.015514615191917092 0.0506248635431563 0.07878957490927838 0.13714538499082024 0.15326126592794495 0.1905131828477757 0.2343828784495515 0.354341652098301 0.464557465713573 0.5444400173066292 0.6789497683962998 1.8691611516795361 3.6135449528932484
1767 21204 0.001956375408758675 3.709775096478611 0.00037174375129501487 0.00037174375129501487 0.0009095084376100919 0.001948526815465091 0.002948891772255935 0.005591217461360613 0.015367492775335034 0.050941434496381895 0.07858123989032621 0.13704414814008742 0.15387537676208926 0.1897001791827299 0.23197502647751544 0.35365755821625056 0.46923226589355715 0.5434188756133436 0.6747914221050137 1.8546072059331382 3.709775096478611
1768 21216 0.0020183766749620772 3.7005417507196077 0.000372588167523444 0.000372588167523444 0.0009180793941364989 0.0019664148736704442 0.0029364155045720685 0.005554690651388164 0.015258377192851977 0.05088582072484461 0.078209879323488 0.1372816468414535 0.1530638097818203 0.18850026690052069 0.23309197637267712 0.3519345869882093 0.46361582404616014 0.5434614556875469 0.6736079351484461 1.831879402641716 3.7005417507196077
1769 21228 0.002133408139793744 3.7171733782992087 0.00036953530540391276 0.00036953530540391276 0.0009205365167003687 0.0019254017219458221 0.0029324724943471875 0.0055120792738510135 0.015146706356554601 0.05085060638113212 0.07996040445465762 0.13930252374652913 0.15297518278392605 0.1881158885691116 0.2323096392226574 0.3527813328545681 0.46680698044443936 0.5438099879386075 0.6662338995026987 1.8433554391364884 3.7171733782992087
1770 21240 0.0023105554137921574 3.7045050154411885 0.00036897865527925106 0.00036897865527925106 0.0009173764751702121 0.0019263992387645286 0.0029484478979057206 0.005455406600504064 0.015098822401279587 0.050613347687496785 0.07993094895861551 0.14078969099451977 0.1525915546385413 0.18862083119632925 0.23207009053130304 0.3490797459831925 0.4691657916489043 0.539834219873798 0.6617079885495252 1.855619556064969 3.7045050154411885
1771 21252 0.0024006780387774746 3.7726150977904247 0.00036814778467331936 0.00036814778467331936 0.000914876016487041 0.0019423934872119532 0.0029231204017704736 0.0054252886096935555 0.015102713262592169 0.05056115743230544 0.08013839456470938 0.14232287712402922 0.15064909876203944 0.18862043996230812 0.231373741314064 0.3495693201274777 0.4748160756408823 0.5433521093663863 0.6651074442511826 1.8546946904971804 3.7726150977904247
1772 21264 0.0024680415839832773 3.8105139799179377 0.00036834999169848903 0.00036834999169848903 0.0009124639443395786 0.0019337469909335703 0.0029223781418899865 0.005469408328765413 0.01478783668263141 0.050437746799629285 0.07987765078862409 0.14281451478745988 0.14994428407208396 0.1877961425128894 0.23131870549839875 0.34660361254607613 0.4793317687855244 0.5387588671162201 0.6727451146042702 1.8806583299906032 3.8105139799179377
1773 21276 0.0024678909824573277 3.802204496725571 0.00036692460304302727 0.00036692460304302727 0.0009098709459968396 0.0019222461411097275 0.0029246717948303485 0.005468143622904212 0.014708666312881955 0.050458468673875045 0.07952505675431543 0.14445383582387353 0.1510702903718306 0.18713492024130773 0.23427877603691974 0.3442171550125439 0.4792493759921438 0.5384289643476355 0.6699921263640307 1.877484089304778 3.802204496725571
1774 21288 0.0026085209729101865 3.7850931661298337 0.0003665923875970892 0.0003665923875970892 0.0009119952492709489 0.0018958000110460087 0.002928111824637825 0.005473067164451928 0.014623573751707798 0.05097850036788602 0.07851013527060194 0.1431690608178187 0.15286611817741824 0.1876402335748571 0.23484861400372595 0.34314751214537026 0.4810703885386451 0.5395437420194197 0.6639821355865269 1.8683368551629844 3.7850931661298337
1775 21300 0.0027440506807496004 3.7801183164689554 0.00036666425496091355 0.00036666425496091355 0.0009310418479223017 0.0018789412784172015 0.0029207503342543587 0.005508795768165817 0.014501168731757929 0.050685765470700944 0.07842293920307493 0.14260539806978872 0.1521587339122123 0.1886549848450164 0.23483892572579018 0.3430072068440907 0.4798762221157517 0.5399133416448493 0.6676526271921313 1.8904829283630762 3.7801183164689554
1776 21312 0.0027770756798736846 3.8016006305514805 0.0003657270562930705 0.0003657270562930705 0.0009382924513797514 0.0018471811206595026 0.002875602487983639 0.005493377554881118 0.014483630921399437 0.05045808694009243 0.07892997657829116 0.1426883792152361 0.1546925652064061 0.1881944177429169 0.2351721476285892 0.3444270979201165 0.4741558140702155 0.53779606629683 0.6752845873518634 1.9239059335025122 3.8016006305514805
1777 21324 0.002841968756279986 3.787276116279323 0.0003679790583608827 0.0003679790583608827 0.0009392709187809051 0.0018519046838874652 0.002847777788906038 0.005475145011470848 0.01444029942894499 0.04910536819393904 0.0794111786582896 0.14286799336497558 0.15355037690964565 0.18866494167562173 0.23500763473951142 0.34426694771984984 0.47438218648704744 0.5347178589437535 0.6754513506956196 1.937532059507316 3.787276116279323
1778 21336 0.0027816983236944094 3.8069622989876337 0.0003661627688836796 0.0003661627688836796 0.0009354341707524253 0.0018543608604645466 0.002853624638286924 0.0054305819356817485 0.014438958268254119 0.04916308738389674 0.07881050475570321 0.14220037553733175 0.15361321415549886 0.18812832061393867 0.2338282347841389 0.34048933215649285 0.47681640094945804 0.5330145644108573 0.6686978126661339 1.973400439709602 3.8069622989876337
1779 21348 0.002722810314806652 3.793095400986834 0.00036729704444125904 0.00036729704444125904 0.0009325356183561512 0.0018480151107743315 0.0028250570485149214 0.005418642729932526 0.014389791447526851 0.04900510476166571 0.07785003383060518 0.14149713526299798 0.15360394370728678 0.18868276128485686 0.23257317357107785 0.33746427011596597 0.47589057360512954 0.5290715511536402 0.659251224753255 1.9913723732019162 3.793095400986834
1780 21360 0.002804436547576959 3.7533310195636824 0.0003659938533295239 0.0003659938533295239 0.0009279414659345741 0.001843334624356806 0.002814951744145044 0.005442746629553524 0.014280615637874128 0.049603573158093134 0.07810477852077514 0.1417950400050008 0.1529733204240902 0.18697070620808237 0.23286503132677625 0.3381068843271514 0.47038589257208135 0.527592733095456 0.6509484181084128 2.0223379808137807 3.7533310195636824
1781 21372 0.0029307075535780075 3.7548363668135085 0.00037018038513109955 0.00037018038513109955 0.0009294030385959863 0.0018291268165924158 0.00282605536512408 0.005415862401935893 0.014028041378688131 0.04994871588493325 0.07780422308307275 0.14149944458457217 0.15222520503890455 0.18601087303813157 0.23285265319153525 0.34009895887938263 0.47026989154099974 0.5290832991366125 0.6537530569695144 2.054804409345642 3.7548363668135085
1782 21384 0.0030632820156873677 3.8675970145431045 0.0003688031082805182 0.0003688031082805182 0.0009104215230824656 0.0018553184017560012 0.0028517290974718946 0.005387922888177156 0.013856964584509295 0.050389553920989136 0.0780919646217069 0.1414553215519992 0.15290055013119594 0.18480684096834676 0.23126405614265425 0.3437848858117058 0.47086700737795767 0.5297856952381994 0.6487866445693566 2.0655529481126984 3.8675970145431045
1783 21396 0.0032342400826179353 3.888546447002833 0.0003663840667530399 0.0003663840667530399 0.0009082325413466944 0.001829707425730024 0.0028554321930920456 0.005377601461378792 0.01384797216479345 0.0504196112612978 0.07799201064879033 0.14023082347835114 0.15255671772280902 0.18420676372500447 0.22919769879781468 0.34474171825117184 0.4685168629793278 0.5299865170759288 0.6553032640015722 2.092037094739229 3.888546447002833
1784 21408 0.003328032238220933 3.9293956570586186 0.0003656247507899526 0.0003656247507899526 0.0009064902796707906 0.0018216616064270657 0.0028565988816835943 0.005317682003983038 0.0139055160022326 0.04999552308251455 0.0781339054180385 0.1400846389919699 0.15184660920545623 0.183909116643176 0.2312860686120263 0.34414042774677495 0.46526656209830114 0.5271110699487597 0.6538074377649388 2.1255142980877784 3.9293956570586186
1785 21420 0.0034259150058870637 3.8711841956247093 0.00036689263710564435 0.00036689263710564435 0.0008971595077394393 0.0018012931211966818 0.00284284866469687 0.005291353009436266 0.013607711015624498 0.04963234909094147 0.07801381070104625 0.14123956317268604 0.15203735204235747 0.18417680467639075 0.2325826588321638 0.3446438783760238 0.46733203567600656 0.5304243348095473 0.6577663697770477 2.147201187766129 3.8711841956247093
1786 21432 0.0034492559569347307 3.8913146783633383 0.0003636007601865485 0.0003636007601865485 0.0008911858938963988 0.00180400470695768 0.002804025484098343 0.005276940845490228 0.013490577388613215 0.04975297667972386 0.0769713657339216 0.14127041273378416 0.15212003742933336 0.1843169037823331 0.2355232527616095 0.3442814592645298 0.4644836891947489 0.5341859944082329 0.6597516514402288 2.1711417898463994 3.8913146783633383
1787 21444 0.0032715984086890523 3.8973850348943455 0.00036431416954791317 0.00036431416954791317 0.0008784119376582094 0.0017987237461910938 0.0027740304817238564 0.005233328797611464 0.013463091537656447 0.04963988746773969 0.07738828396839106 0.1409796945116058 0.15076267619750855 0.18522655493181742 0.23607036343576213 0.3436213166246522 0.46687074932968026 0.5325902451730736 0.6730789904133275 2.1761968192685104 3.8973850348943455
1788 21456 0.003126643485278287 3.91751466840346 0.0003636401811833062 0.0003636401811833062 0.000881129810820449 0.001797264410074682 0.00272788573555085 0.005203123332651775 0.013414886675119543 0.049040275126064764 0.07705302527381203 0.14119513727672534 0.15040506927450284 0.18538429095587597 0.23623669562820965 0.3434089555488615 0.4657553002550534 0.5298756513289097 0.6746692193972871 2.1664989210599845 3.91751466840346
1789 21468 0.0030339877208147453 3.926363973366281 0.0003611278437938168 0.0003611278437938168 0.0008827438192269273 0.001808428574602739 0.002745794403090938 0.005130922383702659 0.013382184350088916 0.04784254136759635 0.0768809883225801 0.14126256919332922 0.1496604781991984 0.18507842534447666 0.2354749566678632 0.3423454556030923 0.4725718632167525 0.5280766243464441 0.6746566915401175 2.170566327003437 3.926363973366281
1790 21480 0.00296235897382152 3.8960775826049447 0.00036003431325556273 0.00036003431325556273 0.0008955640147406759 0.0017794670933219143 0.0027298796419562596 0.005024728033072603 0.013222329292259718 0.04805054700943395 0.07662927380673039 0.14151704900216527 0.14973480399594 0.18466284797577234 0.23689335491319677 0.34003477196971976 0.47273548349207745 0.5293483025365776 0.6733894496770472 2.163926974125828 3.8960775826049447
1791 21492 0.002949261988220198 3.9720329226324127 0.0003569138345507408 0.0003569138345507408 0.000888761533202638 0.0017509780026790606 0.002707945767171294 0.004976840458340858 0.013215502249386654 0.048081585162321104 0.07634566684558206 0.1420484148648578 0.14913641205135378 0.18266689257351615 0.2369514678056503 0.340502842172757 0.471755622889554 0.5289320640870433 0.6709652710150412 2.184338219601768 3.9720329226324127
1792 21504 0.0029640072834775716 3.9888260706850747 0.0003586221323422169 0.0003586221323422169 0.0008849630888361585 0.001760204000992861 0.0026943302007597218 0.004953925069117002 0.01317390561650921 0.04807818819689256 0.07601539839174419 0.14248515070663306 0.14820840237835303 0.17978534866486878 0.23688796217270713 0.3410230088716636 0.47250756622200923 0.5327649629194777 0.6681265543484864 2.1961031393004036 3.9888260706850747
1793 21516 0.003075374347051057 4.054250511486345 0.0003585983344616497 0.0003585983344616497 0.0008715025604090815 0.0017516964741462605 0.0026864751125864543 0.004903431723713636 0.013238013315717173 0.04824008011223311 0.07592202303654781 0.14454321879527324 0.14789418769253718 0.1785912665722355 0.23710592031871386 0.3409959983953007 0.4712739116293754 0.5318573827914613 0.6600960680309067 2.1937345859728286 4.054250511486345
1794 21528 0.003198661410163604 4.0753497637903315 0.00035546009667245524 0.00035546009667245524 0.0008630037237487647 0.0017451141937678434 0.002628184684419389 0.004923186969780874 0.0132977760776872 0.04906176878308248 0.07640516530421017 0.14389450917982569 0.1485787335515462 0.1780746675892026 0.2397749270629838 0.341066777218679 0.47332569229419164 0.5285899432573707 0.6559395803920745 2.2129123342422137 4.0753497637903315
1795 21540 0.003422855967302181 4.098703897751703 0.0003502149900336764 0.0003502149900336764 0.0008588352162716815 0.0017380165705654926 0.0026201088993591825 0.0049484618984063245 0.013296635794812337 0.049932484957601754 0.07686274527771693 0.14442996497846353 0.14805198255120172 0.17746009919195643 0.23929327556732788 0.33966512566286566 0.47441803996245935 0.524490209184345 0.6553815486538332 2.2151116002225595 4.098703897751703
1796 21552 0.003503868058091299 4.162226596463594 0.0003482296764881049 0.0003482296764881049 0.0008453255240743723 0.0017411636629206372 0.00258658857533313 0.0049364672955882136 0.013280345537607987 0.051574651570389 0.07681979124979443 0.14373742920375945 0.14861722673963054 0.1779273009412278 0.24178579809508455 0.3380661856125131 0.47175170216622486 0.5295587532676954 0.652033901455429 2.1976818550682204 4.162226596463594
1797 21564 0.003716113554586907 4.195603114529508 0.0003484917183082505 0.0003484917183082505 0.0008470177302085331 0.0017375134899247954 0.002579944404433344 0.004924452439138972 0.013298845319482212 0.051587713078535366 0.07625203730043102 0.14460359476628964 0.14847119062782452 0.17824710100566113 0.24054796011120344 0.34209477630897656 0.47121274423917103 0.5244502791849354 0.6461778626395546 2.180599119494916 4.195603114529508
1798 21576 0.0038808144806921365 4.266715571863846 0.00034948920670416526 0.00034948920670416526 0.0008358607292577803 0.0017426893185919952 0.0026034251064733028 0.004929131847592514 0.013287371955665669 0.051621626424239946 0.07608444345769459 0.14651707894806487 0.1490369812865881 0.17946831472502942 0.24030866196358172 0.3414692279373411 0.4692805247582101 0.5166717223773722 0.6500794788524542 2.1919259086218172 4.266715571863846
1799 21588 0.003990012581466179 4.3341355605005925 0.0003479706419919419 0.0003479706419919419 0.0008320524704722478 0.0017740977127028849 0.0026018099614043408 0.004928118178773071 0.01319171101199119 0.0518247184765099 0.07654124006295702 0.14385170757546542 0.14845696030793196 0.1787272364573258 0.2378665322213838 0.34176703233004496 0.4653822248320756 0.5191004511954275 0.6594932145798884 2.1906826323978934 4.3341355605005925
1800 21600 0.0041378433182434875 4.39186699913274 0.0003425283399041604 0.0003425283399041604 0.0008202439185709624 0.0017832840132678347 0.0025914633208950497 0.004947123418313426 0.013202319002579527 0.05166141599654032 0.07656877946581607 0.1442979640580257 0.14753367641427984 0.17893011799005346 0.23783071758941152 0.3418955183982794 0.46215326015545644 0.5222198315402617 0.6544316627558519 2.1912920589000593 4.39186699913274
1801 21612 0.004517492039333338 4.510295614549562 0.0003404487889288088 0.0003404487889288088 0.0008220113675378121 0.001752347893311137 0.0025800087432767006 0.004956364084907402 0.013110246613122897 0.05147486968938614 0.07667259168142326 0.14343218070612077 0.14569213600594952 0.17865803049761816 0.23860404543630961 0.3418066335728816 0.46046008961860035 0.5216394732883419 0.6596384416444726 2.213249695412771 4.510295614549562
1802 21624 0.004936714232882735 4.641781543251172 0.00033781807000272045 0.00033781807000272045 0.0008335961576695095 0.0017634105185174286 0.002573840364980106 0.004950152874836362 0.013061756240411462 0.05171175455794478 0.07657362951640019 0.14423982364579505 0.14700250476312932 0.17860543682035823 0.2396715291873099 0.34235136660872745 0.4580315555873649 0.5161417815102303 0.6557135601296084 2.254718603978794 4.641781543251172
1803 21636 0.00512270281901427 4.831121361727817 0.000337162843006695 0.000337162843006695 0.0008340148019807611 0.0017595137636263474 0.0025779811891763985 0.004906371319224873 0.013056314931239871 0.051434579029067014 0.07617205977489122 0.14259482687547642 0.14724459819631863 0.17755834995535638 0.23840226029874287 0.345738148905835 0.46255963288273483 0.5091757842918272 0.6528536087872117 2.263446072004535 4.831121361727817
1804 21648 0.005106560961859973 4.976355135075951 0.00033860950284286134 0.00033860950284286134 0.000833504877531254 0.0017383369692603823 0.0025468773106883205 0.004908713876963823 0.012929172289380427 0.05115158057372076 0.07637433334105195 0.14314234056149233 0.14687147655747518 0.1739276643064676 0.23726434709234676 0.3471596038724767 0.46332074944800417 0.5086795688781262 0.6511723533441005 2.286613167475423 4.976355135075951
1805 21660 0.005223855258807944 5.039879688692977 0.00033693797477131346 0.00033693797477131346 0.0008241371912260988 0.0017349153721442792 0.002549109329109697 0.004840012589593522 0.012923140303783909 0.0512115194626465 0.0764252936394019 0.14375381298531334 0.146514842767445 0.1736876741430251 0.23618831856586028 0.3448249294972465 0.46130721259948987 0.4975584306495291 0.6480509221554702 2.307909895880342 5.039879688692977
1806 21672 0.00545575297336009 5.020289561954477 0.00033877016878711553 0.00033877016878711553 0.0008259985633910177 0.0017296130393760778 0.002555398655409902 0.004814100868528699 0.012846700843669893 0.0514590947127229 0.07606007289665011 0.14488300377710908 0.14534625201986354 0.17376717186628057 0.2383007525175252 0.34190695811948146 0.46465413421202695 0.5024629842208025 0.65014172551631 2.295725537460051 5.020289561954477
1807 21684 0.005582343954169043 5.107179334527586 0.00033642437675779466 0.00033642437675779466 0.000819113893480134 0.0017251552714351481 0.0025472274544762006 0.004722425046887108 0.012815560957411539 0.05181151499419126 0.0754317344545242 0.14461837801680041 0.14510366126219867 0.17353394629066635 0.23979376730460966 0.34243435504822833 0.4624298924850806 0.5024029600332487 0.667143039445233 2.285610547838626 5.107179334527586
1808 21696 0.005619918974526803 5.224661140251026 0.0003360237935770861 0.0003360237935770861 0.0008099253702918993 0.0017282374188329586 0.002522991724713469 0.004691667467428252 0.012650984517938575 0.051952110904705834 0.07575754988731549 0.14373216153482427 0.14511086217162622 0.17348309631599623 0.2401656104572519 0.3409356279530085 0.46042700952746946 0.5021126326839278 0.6674801628354957 2.267819505924933 5.224661140251026
1809 21708 0.005710812477557505 5.37530772816184 0.0003295428849363624 0.0003295428849363624 0.000806566145878333 0.0017221775766824122 0.002518359253616806 0.004640087582271068 0.012641773986433723 0.05212329177407882 0.07535389869457762 0.14335771418488322 0.14433876556781428 0.17383850832132922 0.23825276378559485 0.3418673163733921 0.4607789759008397 0.5005681779598448 0.6711620431235404 2.265025458259268 5.37530772816184
1810 21720 0.005996613896596415 5.437074075900711 0.00033026005932859225 0.00033026005932859225 0.000801159869616802 0.0017161305894017754 0.002510776665857625 0.004640853894820557 0.012485787285953976 0.05184803222007553 0.07509521140931558 0.14256119444632498 0.14407317535038097 0.17284429243416935 0.24225731219810814 0.34263867415592175 0.46187818166994576 0.4939791038565725 0.6738216040984027 2.27890442634708 5.437074075900711
1811 21732 0.006159076079362501 5.5414739756270714 0.00033250848404124455 0.00033250848404124455 0.0007955639121004465 0.0017197549374503688 0.002470663128532908 0.004629157241747085 0.012526873098668055 0.05121543251049781 0.07489008480403671 0.14136042523170816 0.14496295782992039 0.17111896314694658 0.24194362834091482 0.34821333132175103 0.4606401914862745 0.5089140099976538 0.6864258246843177 2.2693300748295577 5.5414739756270714
1812 21744 0.006324534100826054 5.574022368176611 0.000331278900099265 0.000331278900099265 0.0007932352577768125 0.0017148310625399717 0.002394019731984463 0.00457164978745093 0.012504865276706372 0.051282189923828006 0.07458580108705147 0.14173496695334833 0.14413652671761415 0.17010955107411166 0.24240980183653027 0.34744100307272135 0.4599149303324363 0.5152924121669891 0.6898592273019232 2.264834472334712 5.574022368176611
1813 21756 0.006232789754259548 5.593514593266466 0.0003328657924956377 0.0003328657924956377 0.0007866831145615618 0.0017190404554761314 0.0023651135672637267 0.004552155906279021 0.012481747956202542 0.05104087364223002 0.07444333295543791 0.1414379175956808 0.14421523212201773 0.16960584611677892 0.24261800690463844 0.3516055894086353 0.455126175252931 0.5181845423850003 0.693389819279478 2.240896865802259 5.593514593266466
1814 21768 0.006061195601497532 5.613390198997181 0.0003297492204252664 0.0003297492204252664 0.0007889740969428352 0.001698420919147783 0.0023234444624225274 0.004569497041058424 0.012397697143479542 0.0507509146774187 0.07384211331015755 0.14135965479918647 0.14503491615075298 0.16966781548859636 0.24025486647652924 0.3549936845208372 0.45622146935067814 0.5203425849330102 0.7005996606218502 2.223326660792672 5.613390198997181
1815 21780 0.005909086460807773 5.673144065916861 0.0003293069052475161 0.0003293069052475161 0.0007913348251465704 0.001704513810374535 0.0023072872309088045 0.004580215595150222 0.012244819735770995 0.05027243357712587 0.07370123271848976 0.14194870709391277 0.14427229554128967 0.1687065512751265 0.240147691110769 0.36002278246832636 0.4601092098168358 0.5148959554619267 0.7007077516053644 2.2032786541031104 5.673144065916861
1816 21792 0.005886486667436531 5.8080846480215715 0.00032888337916309353 0.00032888337916309353 0.0007776743566236962 0.001704285278133652 0.0022623323981446125 0.004577667798308782 0.012198787241440957 0.05003601061974218 0.07417844849957445 0.1409339168708356 0.14374579557509076 0.16864486879538218 0.24330250045640756 0.35916526827061335 0.4548691205820671 0.5136860739284723 0.6978908667333068 2.200329477562816 5.8080846480215715
1817 21804 0.005861712385926772 5.878686216002528 0.00032622670146953967 0.00032622670146953967 0.0007765966226300538 0.001700432423513036 0.002285244218527174 0.004560047935387143 0.012191564846471992 0.049790031900667865 0.07350816652787388 0.14086802094421558 0.1431570999455901 0.16778043922379482 0.24083561815936375 0.3590040396177455 0.44916029903271393 0.5131949124677799 0.696350476408962 2.2057716596551304 5.878686216002528
1818 21816 0.00608464935320943 5.909957330596062 0.0003261048066623024 0.0003261048066623024 0.0007718203213126272 0.0017182541393963697 0.002246273160294018 0.0045116771467518975 0.012109570875092098 0.04949553052304683 0.07356665613587124 0.1401020098763935 0.14247436141738723 0.1665708639015132 0.24031007243106944 0.35975612044582306 0.44927724002633446 0.519892499192365 0.7072475170258387 2.2161600548154166 5.909957330596062
1819 21828 0.006032080731345723 5.9057633904101525 0.000322740679240414 0.000322740679240414 0.0007788638435555641 0.001714721856691838 0.0022311677531898773 0.004529831908006263 0.011971621031097748 0.05013867203853569 0.07366316602014937 0.1395195504226585 0.14173769710396872 0.16604062835019476 0.24221718119964672 0.36142079864079074 0.44824593143261293 0.5325270320909055 0.7075883213788616 2.2024056824962828 5.9057633904101525
1820 21840 0.005795121040456727 5.898593215128931 0.0003244247697811631 0.0003244247697811631 0.0007798694563468216 0.0017106418281930258 0.002196707752904252 0.004496785871640928 0.011981881139686573 0.04993230528637416 0.07375216278922958 0.1386421261608217 0.14190843988276178 0.16655964922103209 0.24500654154213658 0.3572567037435197 0.4491589913128462 0.5295484858766184 0.7059627126702971 2.1853219366806576 5.898593215128931
1821 21852 0.005521845952457698 5.917244908805307 0.0003203341618101736 0.0003203341618101736 0.000768162464710409 0.0017094692369452938 0.0022041009799126697 0.004474277983349691 0.011943471151650183 0.04982011188313304 0.07330627448746749 0.13961311542167723 0.14138470774196402 0.16743350924028869 0.24770165581322778 0.3580753723862642 0.44813865321325974 0.5333721512423493 0.7100151277154899 2.1873605025934704 5.917244908805307
1822 21864 0.005321062787347405 5.913906730328765 0.0003189005077154908 0.0003189005077154908 0.0007594084839271062 0.0016920547891209007 0.002214893478727275 0.004503236403973752 0.011796457116966565 0.049662299196763154 0.07308223840234059 0.13830510161366028 0.1418861475810703 0.16615644366342833 0.24912801433712586 0.3560353090277214 0.4490281286850345 0.5328839000824706 0.7079387754043224 2.1938849792103112 5.913906730328765
1823 21876 0.005348747119507477 5.909934617784803 0.00032049449995076 0.00032049449995076 0.0007574791262098656 0.0016828730257466356 0.0022123546161980194 0.0044869618068235076 0.011765439197009097 0.049583481719377535 0.07272825040542312 0.13662627413523365 0.14084284111524795 0.1663285387327795 0.24960586235017418 0.3546440257336415 0.44905046828176287 0.5272267216652908 0.709144644488128 2.1758207704886665 5.909934617784803
1824 21888 0.005406882080902855 5.909534988399138 0.0003174939321999355 0.0003174939321999355 0.000758514228305799 0.001680942957124479 0.002192318516978829 0.004438956832748948 0.011665979743812328 0.04931850643886182 0.07243830477015573 0.13738979400315407 0.1389998231994837 0.16657083322192806 0.2481403692159584 0.3534455953865645 0.4484931876661293 0.5259123544805884 0.7104503824643591 2.220292437222012 5.909534988399138
1825 21900 0.005551205507923685 5.943388526315065 0.00031586911213650877 0.00031586911213650877 0.0007480363406448934 0.0016647426236863268 0.0021834984962187907 0.004383067107113104 0.011677376234406373 0.04936999706271542 0.07262138987500714 0.13780983234173572 0.13925066199505132 0.16640175497307824 0.2451363234437742 0.35470148572729754 0.4539791478516016 0.527245505252404 0.7109240775439867 2.2498402421420765 5.943388526315065
1826 21912 0.005616509834513323 5.9165636545716795 0.00031515731704816435 0.00031515731704816435 0.0007452107789220031 0.0016638418658954813 0.00220448470411213 0.004374631817283672 0.01158311641148681 0.04946299287231227 0.0712357538307534 0.13829667496615838 0.14050409012179219 0.1659952088585767 0.24468064077714471 0.3517815616653004 0.453908144667849 0.5293832829696927 0.7057548187219062 2.2822244611639415 5.9165636545716795
1827 21924 0.005967707666409606 5.950453871552764 0.00032072721933375806 0.00032072721933375806 0.0007510369695977281 0.001650542869500318 0.0021949316565033337 0.004372967389505981 0.011600393734624759 0.049511830398150124 0.07134718502877206 0.13794545697736302 0.1387708533323127 0.16681428783620791 0.24348065978825859 0.3495148114276808 0.4547444029381603 0.5221391340276617 0.7053336861746647 2.2944678516730383 5.950453871552764
1828 21936 0.005955665106181886 5.9115799211721765 0.0003222470902734958 0.0003222470902734958 0.0007472178318033306 0.001620848279925532 0.0022108908933588653 0.004377907808353743 0.01153191286495133 0.04962265277598 0.07164576296425633 0.13792590600193516 0.13798672426101266 0.16761839713614113 0.2446895163865906 0.34764965868833597 0.45408271343730083 0.5350335295704525 0.7169145429474931 2.2914299481825893 5.9115799211721765
1829 21948 0.0058463115088859974 5.954207413104233 0.00032156176524681356 0.00032156176524681356 0.0007477439068942498 0.0016154353485780808 0.00222141244238987 0.004398631520489643 0.01141929222858454 0.04917362880704851 0.07136566404949983 0.13538475567454694 0.13780590287477268 0.16602673590442937 0.2421431559934718 0.34619088428187317 0.4502184802475515 0.5438014456238266 0.71887563149677 2.277878235450568 5.954207413104233
1830 21960 0.005571184500526508 5.964233924238943 0.00032113126278570303 0.00032113126278570303 0.0007429304234586322 0.0016061472849917692 0.0022248073594512722 0.004367884995057505 0.011298539831484938 0.04865448378459689 0.07141836571694893 0.13517662666959165 0.13868803900418658 0.1657341845520474 0.24379944195234404 0.34510901682094525 0.44806462910561584 0.5494438534235875 0.7058366580853268 2.262957973635915 5.964233924238943
1831 21972 0.0054774661321173555 6.0102621215875525 0.0003146123850661513 0.0003146123850661513 0.0007319645478228115 0.0016081468654637594 0.0022250864653006338 0.004363104829295253 0.011185036456916965 0.048313213836678026 0.07120115294891481 0.1349357447222098 0.13781339462979925 0.16611461026779056 0.24533651996485606 0.34763672596762285 0.4464807585819672 0.5519262988910879 0.7003254778402912 2.2498893011707275 6.0102621215875525
1832 21984 0.005863878844698835 6.008510356668722 0.00031229659353621263 0.00031229659353621263 0.0007262460265993926 0.0016096627196588152 0.002229793279982083 0.004360366381919951 0.011368566437285543 0.04884079291195577 0.07191683854508771 0.1335487080919472 0.13736283532090646 0.16524674958460328 0.25086682287272644 0.3497122475762144 0.44654007584163197 0.5495840081879545 0.6978149325800098 2.238001842621868 6.008510356668722
1833 21996 0.006116577127601389 6.306342914435559 0.00031209602273772705 0.00031209602273772705 0.0007188707425768273 0.0015969432756930263 0.002245377999652648 0.004335729599971152 0.01136428478812974 0.048567504844004475 0.07251755917090667 0.13347785290316905 0.1373450107547859 0.16554742826755772 0.2519323005005883 0.34995672526343635 0.44053221365811474 0.5502554773073359 0.7059522206858665 2.2445907438241974 6.306342914435559
1834 22008 0.006347917058194848 6.482187467188801 0.00030846210626899774 0.00030846210626899774 0.0007198629806805992 0.001590909327807015 0.002217678019803858 0.004401500542558248 0.011312961444338262 0.04867362358533954 0.07279021173967594 0.13293782568790172 0.1366566663864566 0.16374800218337762 0.2526794083673899 0.3458800196517591 0.4396370797365989 0.5486713070368342 0.7038264463366436 2.243546942306847 6.482187467188801
1835 22020 0.006358173188986696 6.636618806047788 0.0003037224161671936 0.0003037224161671936 0.0007227736502436643 0.0015820283001527545 0.0022107046818045863 0.004409998713851651 0.011307973825701804 0.048603798383609814 0.07321872693641647 0.13073179838835478 0.13635170487648604 0.1608934798807646 0.25284261390887564 0.3514066539106699 0.43977410154722074 0.547479385861926 0.7089803203946862 2.2333834701822814 6.636618806047788
1836 22032 0.0065035499216710155 6.693619031134404 0.00030137591906548647 0.00030137591906548647 0.0007203667900165109 0.0015591899706630886 0.0022271265055037364 0.004407957797801403 0.01129485301689372 0.04832491631468115 0.07462941401530232 0.13012995887543205 0.13420168174374073 0.1621799667886709 0.2517924149721316 0.3536732863896602 0.4358091784024036 0.5446624496346308 0.7088753852932214 2.235892416070758 6.693619031134404
1837 22044 0.007089686742309566 6.781525776244394 0.00030315095303277674 0.00030315095303277674 0.0007194645864771101 0.0015558374490849305 0.002223357154012557 0.004348340560786035 0.011352819623761123 0.0484464240712279 0.07503570054687639 0.12846738725238344 0.1343123547677544 0.1629967888699241 0.2572181095185019 0.3487229623786898 0.43726192248001206 0.5384806440316955 0.7177107108412858 2.215555880760717 6.781525776244394
1838 22056 0.007527605541802267 6.856355604912355 0.00030253375035053286 0.00030253375035053286 0.0007281778378810368 0.0015495228497644901 0.0022039363500720066 0.004344990724958793 0.011332587386262456 0.04757914693493323 0.07583094066118372 0.12844206571620667 0.13402759676043383 0.16562636373189996 0.25896686727855145 0.34910312992091663 0.4347626640943979 0.5387393818516403 0.7215163215675579 2.220456787121025 6.856355604912355
1839 22068 0.007835875990568095 6.881341069832427 0.0003044200153085356 0.0003044200153085356 0.0007246601642604208 0.0015445602061788103 0.0021959112441597177 0.004347666757641456 0.011368001905483682 0.04771328074086659 0.07649191118023005 0.1265005141275475 0.13392784203085442 0.16449491886681958 0.26090226761788493 0.35300302298476455 0.4314872371788031 0.5337405621519989 0.7230528423773374 2.231174171454204 6.881341069832427
1840 22080 0.008254165214258157 6.9747200724055425 0.0003045609273911145 0.0003045609273911145 0.000725519646395593 0.0015174684718027012 0.0021755125187799826 0.004301978253185506 0.011404984212848487 0.04771283812942868 0.07650397992595327 0.12619944971632532 0.13182491210833905 0.16644937745979693 0.26334059737425575 0.351448908827723 0.42899045768098854 0.5326889563765548 0.7275063376511037 2.205340525253285 6.9747200724055425
1841 22092 0.00847561969467053 6.974035155610333 0.00030521460578605256 0.00030521460578605256 0.0007297755999618282 0.001514826338308989 0.0021608631470390154 0.004282764431434019 0.011396090986380678 0.04767534417810264 0.0753560534638697 0.12590825806224998 0.13480036729630213 0.16648824468881487 0.26354248174165407 0.34981609199487207 0.4309143558380358 0.5332092035292703 0.7335176675477231 2.2068945827313424 6.974035155610333
1842 22104 0.008804170548675485 6.995252814886015 0.0003035161265931456 0.0003035161265931456 0.0007310605763659817 0.0015123555988763608 0.0021660661625724806 0.004288081254389387 0.011221950644900676 0.047427473559051456 0.07491270692240237 0.12578110388851457 0.13412735077156698 0.16453632278628838 0.2646069249239739 0.34978532963120734 0.4288165375564027 0.5357968831448073 0.7348003484638066 2.2051579219346467 6.995252814886015
1843 22116 0.009467690525415117 7.005736786581757 0.0003012321403831158 0.0003012321403831158 0.0007275500599803769 0.001499643116801988 0.0021533162539673196 0.0042928617373116165 0.011157841014213087 0.04751172925608425 0.07493483627116376 0.12571002365781928 0.1345866965842866 0.16501670196493232 0.2645109488881146 0.3522722578689705 0.42671678432606897 0.539202940118425 0.7325780123402975 2.216319650657306 7.005736786581757
1844 22128 0.009509804432025112 7.119243482787571 0.0002998303659069178 0.0002998303659069178 0.0007406528152694541 0.0014850899659951079 0.0021649331342299986 0.004262678032540729 0.011142803933917672 0.04703184649514086 0.07493113525035071 0.1263714986747833 0.13671939533512112 0.16510370573381972 0.2637653296028198 0.3539678579079162 0.42063095209836054 0.5380264175672143 0.7296208880758763 2.2669301235677524 7.119243482787571
1845 22140 0.00931223033669093 7.099350779190172 0.000297802181516879 0.000297802181516879 0.000735776678003169 0.001477613418783959 0.0021618660041558707 0.004263056202137243 0.011103218657122979 0.0467085215597844 0.07506196279019987 0.12616462352708144 0.13739558961831883 0.16374035633373019 0.2604535950203652 0.3544966762331845 0.4204912628121888 0.5359063552200032 0.724431796414574 2.273383421313578 7.099350779190172
1846 22152 0.009262165846192367 7.092207453940136 0.00029831807190418025 0.00029831807190418025 0.0007364808879771634 0.001471723255089203 0.00215747680506495 0.004232467293473461 0.01103620375118687 0.04657440701842509 0.07558954517701344 0.12413488610749347 0.13792560286673647 0.16539232542488308 0.2591117894033423 0.35523184402889674 0.4175463987052059 0.532112800477858 0.7236152089921553 2.2933057204620746 7.092207453940136
1847 22164 0.009332192525970407 7.154418416505518 0.0002925763352711072 0.0002925763352711072 0.0007429029356406236 0.0014644970153210183 0.0021471440402538186 0.004227693410862468 0.0110961730518779 0.04618238333756952 0.07476739155367329 0.12378460880298545 0.1378699999986077 0.16522257603322962 0.2579417709660595 0.35568034560178047 0.42601727090772035 0.5310268624064828 0.7236355866669715 2.2735189923594095 7.154418416505518
1848 22176 0.009696784537522587 7.308886394651127 0.0002908626626322473 0.0002908626626322473 0.0007362386337067415 0.0014602578389430456 0.002163195070777198 0.004235596265268217 0.011059413952528728 0.04628834897857769 0.0744957393520432 0.12402453986052617 0.1367777055971967 0.16545291601414355 0.2582647607940197 0.3576769717970239 0.42666707042427277 0.5292765296560666 0.7170794316352626 2.243978519471084 7.308886394651127
1849 22188 0.01039635885057547 7.497659507270144 0.0002907904891352711 0.0002907904891352711 0.0007319010261379476 0.0014539844433632322 0.0021572297085113066 0.004229739369680937 0.011122787871820031 0.045940381046394516 0.07406234472031471 0.12375943498824168 0.1363368348180998 0.1659359976323618 0.2582534485684783 0.35863112444655154 0.4282071927529129 0.5253612557653351 0.7010199285529775 2.2262663487095455 7.497659507270144
1850 22200 0.01043867202013056 7.763202696802573 0.00029178801680695754 0.00029178801680695754 0.0007286283386182099 0.0014417151419427688 0.0021563180819297928 0.004232144494525515 0.010870426373936707 0.04591028690423689 0.0741018222476457 0.12760725791664895 0.13570275246088417 0.1650784847341412 0.2573857083155797 0.3586903324257135 0.42789975089559756 0.524495677628858 0.7051358680753128 2.22203216736202 7.763202696802573
1851 22212 0.010915053096527705 7.810507250160085 0.00028984728670155077 0.00028984728670155077 0.0007215070001685461 0.0014385323286958652 0.002157250752551978 0.004239983477599836 0.010931227858532469 0.04634330401154722 0.07393517341007498 0.12555592730860737 0.13455548579345006 0.166317496494562 0.2566843129012272 0.3619568948020896 0.4284888215196102 0.5227769650719528 0.7069430873482495 2.1940948935112115 7.810507250160085
1852 22224 0.01081696453535688 7.856491299078814 0.0002876664835381005 0.0002876664835381005 0.0007158081279066683 0.0014431908897483679 0.002125321633726811 0.004197423956223384 0.010972564001918065 0.046309847878753536 0.07431570785401015 0.127502200682763 0.13468433671561114 0.16739328541668802 0.2579162282599437 0.359700476801031 0.4261826262216001 0.5218680565541448 0.7081322796225441 2.1639703961355257 7.856491299078814
1853 22236 0.010591938038082492 7.907336626661884 0.0002876119051275878 0.0002876119051275878 0.0007062678975554235 0.001434861858069538 0.002110645808540504 0.00411751311510954 0.010933626315715149 0.04684594111193201 0.07408788069400893 0.12687242603872192 0.13502034383734995 0.1666671869438943 0.2573979428848767 0.3612199378711862 0.4262127760634902 0.5228142236139357 0.7078227755107243 2.1554158572590567 7.907336626661884
1854 22248 0.010362079410741942 7.9303587144860925 0.0002877725261688646 0.0002877725261688646 0.0007000018606566635 0.0014429810579381255 0.002104994846046659 0.004144609990138613 0.01090151206178077 0.04622564807445926 0.07511189671702051 0.12647553610628598 0.13588773570821047 0.16686567038543781 0.25857442408768333 0.3606501505442832 0.42595681953268766 0.5182669376961171 0.7065998846718008 2.151012570253502 7.9303587144860925
1855 22260 0.009981596225801071 7.818976198114157 0.0002893388867293951 0.0002893388867293951 0.0006946968153376135 0.001417561090515072 0.0021164524701629815 0.004100745430689217 0.010922744089409634 0.04606175884058584 0.07536789072871102 0.1261825935224718 0.1364089334491156 0.16654575679507402 0.25583681813290243 0.35816537000875787 0.4261715612478018 0.5178173522681415 0.7061949636392172 2.1488562520643013 7.818976198114157
1856 22272 0.009750524601081499 7.834959929790538 0.0002875803228854473 0.0002875803228854473 0.0006836767442378871 0.0014320202888575507 0.002120021147498113 0.004052306269110548 0.010894205305266228 0.04586294681668818 0.07602656666937166 0.12584137758344716 0.13744831184132883 0.1663521228459699 0.2570154947348432 0.3585648337189923 0.422985098456406 0.5193482907090451 0.699702296022654 2.150425525774835 7.834959929790538
1857 22284 0.009224744149089515 7.869835411917581 0.00028751576114426146 0.00028751576114426146 0.0006753484699179198 0.0014154998257757574 0.0021209721346278554 0.004069808370782773 0.010855564471580533 0.045918966112991635 0.07542168976787542 0.12488631753047649 0.1371010045680161 0.16532246685460023 0.25910391702639063 0.35746873995642475 0.4202278920904709 0.5243258046188835 0.6961353393244485 2.1405938306239145 7.869835411917581
1858 22296 0.00910993502083168 7.879163755316884 0.00028570132469076507 0.00028570132469076507 0.0006736369333583821 0.0013995998332948453 0.002132075018925877 0.004076705211036578 0.0109155261418559 0.04603412238416697 0.07494736563848936 0.1243003407135238 0.13739602066314727 0.1656110461414271 0.26093708605937144 0.35683914577225523 0.4191566273294081 0.5262413718047987 0.6899642339839918 2.116455525015943 7.879163755316884
1859 22308 0.009011153869421968 7.868907089374248 0.0002925477643978118 0.0002925477643978118 0.0006737714399077631 0.001393230193147112 0.0021321195626214243 0.004058515834369436 0.010866177289764427 0.04616484085903292 0.07396090840589667 0.12371144421208556 0.1388762181244164 0.16680362015508457 0.2590212752054094 0.353656450176784 0.41944548397390974 0.5279910496303423 0.6922076097778581 2.110465765132725 7.868907089374248
1860 22320 0.008994830370231029 7.8925487229584155 0.0002891342759974028 0.0002891342759974028 0.0006733696302768546 0.001382773699710475 0.00212874269124474 0.004022276570483791 0.010775832299129373 0.04586788398131948 0.0736808296474388 0.1255648584255268 0.1389060865693098 0.16544178753928077 0.2546387997816379 0.35184168480791006 0.4206599797731946 0.5362454533272629 0.6971107592839586 2.1088303431599296 7.8925487229584155
1861 22332 0.00914700847234778 8.030599015756247 0.00028620881027490775 0.00028620881027490775 0.0006716883215557668 0.0013817242898587479 0.0021249828887194124 0.0040038917735882905 0.010702256840417541 0.04580188558847583 0.07344966200892193 0.12446583040402832 0.13825073075834957 0.16582630594809258 0.253132411915468 0.35384906054477655 0.42141958344361735 0.5411825544736016 0.6896163535774112 2.1172653404812896 8.030599015756247
1862 22344 0.009056038748559614 8.020017237692326 0.0002891366968909078 0.0002891366968909078 0.0006689236591734809 0.0013746874871796567 0.0021387706162150377 0.003931246977740594 0.010590181619902658 0.045972824938710855 0.07373056174927431 0.12446195605605137 0.13764498851491358 0.16842593842548412 0.2502921093396168 0.3538787993973474 0.4205259501861637 0.5425437292686119 0.6879588649997929 2.1111407788506447 8.020017237692326
1863 22356 0.009314103847020475 7.932376382454572 0.00029033850008286814 0.00029033850008286814 0.0006715561464809537 0.0013717950910290034 0.0021098618444284007 0.003957147825024357 0.010521980540442347 0.04599735479172902 0.07305870487362386 0.12382630985478456 0.13743049249130518 0.16988691131437159 0.24997245612853272 0.35158257785708397 0.41679597541975527 0.5442259153281593 0.6877229326080012 2.1067272471677763 7.932376382454572
1864 22368 0.009346039563945654 8.038328571149185 0.0002903766940171188 0.0002903766940171188 0.0006676654967756662 0.0013516640526596566 0.002113147013880569 0.003959526644074571 0.010520752819444718 0.04596962861861682 0.07276102544245196 0.12478149184313697 0.13653851104312015 0.17197998044382093 0.25051087247263487 0.351488477036772 0.4114534368354268 0.5410123772543604 0.6813675294218257 2.086621683220578 8.038328571149185
1865 22380 0.009591226643709368 8.101304976463409 0.00029227080453880403 0.00029227080453880403 0.000665990088587121 0.0013525165351794602 0.0021209624230024526 0.003942160671683815 0.010425159561057133 0.04595321845067331 0.07216384119414307 0.1237639739330966 0.13572323706774705 0.17205336556064943 0.24992518356860488 0.3496418390381311 0.4109651908641233 0.5385626905635668 0.6801529827157402 2.090827552891896 8.101304976463409
1866 22392 0.009752090864394857 8.18502384630996 0.0002859712176646436 0.0002859712176646436 0.0006652399801816652 0.0013483116852164054 0.0021483058084750184 0.003914994306969663 0.010389534593517392 0.045861234626781204 0.0718708201170925 0.1234407885267823 0.13478966939830547 0.17100775046631592 0.2484654127984542 0.3515221568507487 0.4175210348335743 0.5307570687366708 0.6791504621067536 2.101947737553122 8.18502384630996
1867 22404 0.010104422890831362 8.222370513701575 0.00027723212971536397 0.00027723212971536397 0.0006554554526855932 0.001345655677366852 0.002169439937659982 0.003912030625076816 0.010482069090200932 0.045813089065259424 0.0712882334385024 0.12395020796185738 0.1344560851395992 0.17136580877364843 0.2498099470962775 0.3506947725620583 0.4195472684505135 0.5348370262975933 0.6734343914151324 2.1250408944890786 8.222370513701575
1868 22416 0.010008809538781027 8.234219375971554 0.0002754745984452753 0.0002754745984452753 0.0006559965592658203 0.001345649276925428 0.0021979027947219548 0.003853557775291868 0.010543357137625291 0.0456742947621545 0.07162387037035346 0.1233502565433915 0.13272749779528112 0.1717505731894789 0.24715490350850794 0.34961078269122214 0.4212831372589031 0.5285135541147575 0.6809358337516539 2.1622488231800467 8.234219375971554
1869 22428 0.010141285611257107 8.176485271076103 0.0002730975571010329 0.0002730975571010329 0.0006548185581977897 0.0013315096134859051 0.0022064623822589616 0.003866546774395459 0.010542461919580476 0.04580535848793703 0.07162907035712042 0.12181971647954173 0.13319199093092732 0.16794722189518346 0.2466987602114477 0.34880713537444447 0.4191370804620031 0.5347427272323418 0.6834610084158227 2.1678548348014424 8.176485271076103
1870 22440 0.010874993611369854 8.195614244076868 0.00027452827836285995 0.00027452827836285995 0.0006615200679681363 0.0013315138506018913 0.0021926438480033734 0.003812064691036189 0.01052310922279826 0.0457150230583879 0.07173387922635167 0.12047437498346548 0.13314876889913657 0.16827854817663748 0.24673082693384313 0.3474064451607275 0.4189243996812136 0.5283222572366391 0.6905869814504296 2.174767594082842 8.195614244076868
1871 22452 0.011503386573505145 8.218403827218017 0.0002754336989686496 0.0002754336989686496 0.0006509542600936734 0.0013246229312597298 0.0021740717228080284 0.0038374093191487013 0.010468530928662933 0.04555868662621049 0.07129445394597987 0.12041790023795547 0.1357499251935243 0.1696992607093698 0.24575415179036902 0.34821061697269445 0.42153960258559264 0.5260182773117357 0.6934757394589791 2.267857647624691 8.218403827218017
1872 22464 0.011737380075978686 8.131457917874583 0.0002744195622272838 0.0002744195622272838 0.000644265721277272 0.001304146948538642 0.002176623645889395 0.0038544142838123074 0.010383611999876164 0.04564561534588725 0.07033878498435717 0.12059743446250457 0.13671878046089742 0.170303814030889 0.2466616538690177 0.34868130748537035 0.41944753810565927 0.5291426323094688 0.6974853530023459 2.292904526187024 8.131457917874583
1873 22476 0.012660900770219802 8.067356362477364 0.00027304846968624933 0.00027304846968624933 0.0006361192352964578 0.00129549215348571 0.0021760554062274303 0.0038923077144541896 0.010344423232374462 0.04549672014950336 0.07021586747538185 0.12016391306608117 0.13713180856432983 0.16898889410374537 0.24317981830032767 0.3495489456312468 0.41691049162531896 0.5306984784168555 0.697042351871276 2.328816358341422 8.067356362477364
1874 22488 0.012903462564692172 8.12434597520741 0.0002739488234191845 0.0002739488234191845 0.0006375511168495664 0.001289480707448623 0.0021722055374693494 0.003867894438153125 0.010274014987507992 0.045750190044307436 0.06994791668074565 0.11885505138380888 0.13733998127741412 0.1687815197869239 0.242285440515953 0.3492949803936352 0.4162709355440906 0.5319500057207965 0.7170080062359692 2.3417412479629034 8.12434597520741
1875 22500 0.01250757834339124 8.051001112408823 0.00026864087241934006 0.00026864087241934006 0.0006403982247832162 0.001273319623817773 0.0021851164897709404 0.003922694038339518 0.0102700113208455 0.045399530958320895 0.06994819586568521 0.11795875174137183 0.13689744365963102 0.16883351855225545 0.24237969174877985 0.3574424036675739 0.41574039331809887 0.5316899444300321 0.718553731344187 2.32967414385371 8.051001112408823
1876 22512 0.011940215470004161 8.118472229721046 0.00025959776524392213 0.00025959776524392213 0.0006389746296452448 0.0012775519304109061 0.002179065532616442 0.003928741656729209 0.010208941786831112 0.04515992572955276 0.06985564111146983 0.11731709618208686 0.13672733081914623 0.16939610361789764 0.2392390427252154 0.3573835459064193 0.41541450023820425 0.531598892338755 0.7244579941425711 2.3328911276990723 8.118472229721046
1877 22524 0.011681337515548286 8.177472156394733 0.00025920372053876836 0.00025920372053876836 0.0006361559775948441 0.0012885485045530786 0.002173437862457191 0.0038375619392192416 0.010287509925433634 0.04499998549065547 0.07000155675117198 0.11663517356731687 0.13313721409433904 0.1691127559831254 0.23911578927690894 0.3556255117854195 0.414976539991974 0.5327120812879209 0.7290807754081619 2.3510260051537153 8.177472156394733
1878 22536 0.012151764481325445 8.264348374688804 0.00025532884859273306 0.00025532884859273306 0.0006383374901787213 0.001265793584069837 0.002167153016001879 0.003837751494979565 0.010217780847942498 0.044781233718775904 0.06945784221121153 0.11761301573882679 0.13381552179260614 0.170456338657519 0.239323539047679 0.3575088661626007 0.4137756869952261 0.5329317779248123 0.7267048590519963 2.349487510305887 8.264348374688804
1879 22548 0.012723670643527162 8.51222926396055 0.0002533271370003055 0.0002533271370003055 0.0006385998884075021 0.0012656837316263833 0.002149845254040381 0.0038326759798550107 0.010201907581530572 0.04474162120656723 0.06960799109070856 0.11761832844245838 0.134045033464186 0.17411626153436102 0.2388464431596146 0.35711155266469696 0.40805383257341277 0.534115229571397 0.7263419868764966 2.3219261200826087 8.51222926396055
1880 22560 0.013047336320885913 8.659522300594862 0.0002522390205028331 0.0002522390205028331 0.0006348980916978643 0.001280197154597506 0.0021548137782749785 0.0038148198938358665 0.010174078909350983 0.04484531539028839 0.06898106879182232 0.11715214385337988 0.13374875021742685 0.17464103523976718 0.23803802633301677 0.35547551681079165 0.4095568005014671 0.5330238390431701 0.7280696187237855 2.311820126416165 8.659522300594862
1881 22572 0.013569076384294386 8.760430336393572 0.0002504753742658295 0.0002504753742658295 0.0006351333656276972 0.0012768247659292837 0.0021546869652457673 0.0037780166769289217 0.010139803237410693 0.04418310424527798 0.06851874026651306 0.11776966332046969 0.13318494846220666 0.17377893363581007 0.24038394977807573 0.3570969217715021 0.4083232776542562 0.5325992505828868 0.7283679355197413 2.2984860146192907 8.760430336393572
1882 22584 0.014186310158773665 8.782246896058721 0.00024963548016528005 0.00024963548016528005 0.000637083317340476 0.0012850235448578823 0.002120708003584383 0.0037705330425205283 0.010021219057631542 0.044228489714375006 0.06805663369308085 0.11784605722824862 0.13370552765407867 0.17398073765264482 0.2406961182961006 0.3567045447709295 0.4084742375289794 0.5286423736234784 0.7297494162686718 2.299436682137553 8.782246896058721
1883 22596 0.014628051597943486 8.977499789932773 0.0002483925020822254 0.0002483925020822254 0.0006326819112517217 0.0012880091902318545 0.0021087544218770763 0.0037308462507737853 0.0099829465002539 0.04438428722235771 0.06742676146743787 0.11828926274479547 0.13363553526451982 0.17294523081564706 0.2436669187474029 0.359264254429268 0.40771703095628886 0.5267709602509946 0.7180949146265013 2.2938673933473837 8.977499789932773
1884 22608 0.014263459494678608 9.118423598197978 0.0002472136290009158 0.0002472136290009158 0.000626143160792467 0.001289846095799416 0.002107805454240124 0.0037283934888741096 0.0098773087848798 0.043284772345678534 0.06722356653401494 0.11804542801626518 0.1324757049789436 0.1736393928543671 0.2463918469220374 0.3571489824322213 0.4064089856272649 0.5247093307761309 0.7302115695251389 2.277852680393694 9.118423598197978
1885 22620 0.014112865235600807 9.099408573959208 0.00024739982414271765 0.00024739982414271765 0.0006250576878769219 0.001278005786929998 0.002118621125223562 0.0037225051390060923 0.009923721137829905 0.04303425484589085 0.06697588645803401 0.11847070901815208 0.13359552900038965 0.173096102296144 0.2426939759555204 0.35529943444318757 0.40656070952244433 0.5195664041838246 0.7223216162230546 2.27847424394536 9.099408573959208
1886 22632 0.01411389312027942 9.09105538174434 0.00024850787770199493 0.00024850787770199493 0.0006216034747841244 0.0012746055791921216 0.0021094962963798592 0.003681173785708945 0.00983426461996716 0.04346554849694083 0.06612470813982287 0.11865717060053838 0.13413946338339772 0.17503067106980613 0.24409785740843437 0.3551640366737216 0.4027064110269204 0.515908532148706 0.720332617124882 2.2754409833364604 9.09105538174434
1887 22644 0.014441055821669985 9.07049126637419 0.00024557428076381164 0.00024557428076381164 0.0006249896435091913 0.0012746728276981946 0.002094356250536067 0.003637231575052082 0.00979648925069182 0.043340335336362175 0.06607803725130956 0.11830355560604959 0.13238694898422199 0.1754245603432337 0.24377128845237458 0.3550757523630882 0.40511698792644124 0.5170640346774863 0.7336962363406769 2.2617005857260226 9.07049126637419
1888 22656 0.014147801286104959 9.176097168689868 0.00023964766541296668 0.00023964766541296668 0.0006249195434981699 0.0012769609343270946 0.002100481634740247 0.0036193686234698417 0.00972111650822916 0.043521645326657886 0.06633141817736551 0.11756769415302723 0.13249189679902576 0.1749367324271403 0.24409464007646822 0.35277599209695104 0.4063631807107889 0.5137780564236272 0.7337847917940632 2.2441801901002787 9.176097168689868
1889 22668 0.013963116661451763 9.162567130586284 0.00023939162787405124 0.00023939162787405124 0.0006243767378264258 0.00129876410300518 0.002067906070873052 0.003628151363620792 0.009835734980607325 0.04323404897998032 0.066269298624163 0.11633506554679522 0.13176788053743946 0.17512463424249294 0.24345864261601563 0.3507556778046797 0.4023296677286326 0.5145651380656397 0.738439530804744 2.245822844597169 9.162567130586284
1890 22680 0.014010040976860268 9.27808181418826 0.00023837209005724038 0.00023837209005724038 0.0006195021379611736 0.0013090926353849686 0.0020505366362629264 0.003588076463255131 0.009833206844322132 0.0433030536419071 0.06725616042281626 0.11625468471874943 0.12936488538856503 0.17356729196724516 0.243403248321572 0.35033188058361237 0.4024378467230001 0.5138876666264685 0.7330037688434196 2.2570055267034945 9.27808181418826
1891 22692 0.014361569950257537 9.417813782977284 0.00023685720147015207 0.00023685720147015207 0.0006322625210867182 0.0013078198607925971 0.002054156220167129 0.0035641504573841166 0.009804402113463275 0.04297668681228903 0.06694965925878843 0.11642731194984204 0.12920195271900442 0.17151870533616093 0.24597202677539837 0.35240141808660685 0.3971764931726828 0.5157166692094537 0.7327013590869321 2.260502576894135 9.417813782977284
1892 22704 0.014543509345581143 9.597095734691713 0.00023698577301447017 0.00023698577301447017 0.0006343765182689939 0.0012882636506843085 0.002024898053400699 0.003578121488512511 0.009618816965783046 0.0423506768432274 0.06676953437318069 0.11669026171346436 0.130080417839524 0.17355013992487145 0.2441665949058361 0.35085028019971337 0.40104330351419315 0.5139896976237254 0.7279167476592653 2.279257413559482 9.597095734691713
1893 22716 0.013975221923530174 9.843646740681331 0.00023704641169879965 0.00023704641169879965 0.0006379421635465084 0.0012786541282088306 0.0020360202911444782 0.0035629288839165284 0.009534222073265644 0.04263617745396268 0.06694483599571042 0.1155142267771039 0.12891855280853437 0.17267061878155887 0.2450168280484064 0.350905936661371 0.39948407798254354 0.5188952123402384 0.7293545934648281 2.2606244548081773 9.843646740681331
1894 22728 0.01353058422221587 9.933876847605976 0.00023541723174416306 0.00023541723174416306 0.0006402547346955197 0.0012759469675589757 0.0020012905896994657 0.003544949071698021 0.009552844596316968 0.042848793698836034 0.06629507686438116 0.11568858927121492 0.12817648976824098 0.1709081908488134 0.24486339865065967 0.3480422139846732 0.39927116197588547 0.5179251868420365 0.7303978674449242 2.2158841320043146 9.933876847605976
1895 22740 0.013643616310529086 10.01242466776022 0.00023466532314024812 0.00023466532314024812 0.0006377963378699996 0.0012614976594874552 0.001996596063251562 0.0035224709340181196 0.009420493528975728 0.04242488395392449 0.0663776254013856 0.11520250089904223 0.12821868370211106 0.1701499876426745 0.24441588973612935 0.34427924589879033 0.4008951000052648 0.5180123621895351 0.7328725343847671 2.220407261214785 10.01242466776022
1896 22752 0.013918083411542053 10.06961085489985 0.0002329903596983897 0.0002329903596983897 0.0006443859874765215 0.0012541948836251565 0.0019852958157241217 0.0035354244443597488 0.009355030649415237 0.04116615768749301 0.06644233230952322 0.1145774372694446 0.12812795429206383 0.16990451282743266 0.24361753311694515 0.3495693986009304 0.40304690531445586 0.5163359107583412 0.7348126623669173 2.199001117982665 10.06961085489985
1897 22764 0.014314620650928317 10.116913865359763 0.00023256625590280038 0.00023256625590280038 0.0006448931806960154 0.0012476000690403635 0.0019809415349586594 0.0035345263317313374 0.009376534917984678 0.041014697155482165 0.06596463572867371 0.11518857390664466 0.12730465424864146 0.17066161856128473 0.242251217030151 0.3540295311873839 0.39872891036048896 0.5146065976857599 0.7354364376589827 2.164135927843668 10.116913865359763
1898 22776 0.01472718941439351 10.167678151876196 0.00023202753930898855 0.00023202753930898855 0.0006348172190509215 0.001246314238528808 0.001982396897705574 0.0034839422647629324 0.009409240514296797 0.04082710966196652 0.06547142581233037 0.11496372103456137 0.1273222011420897 0.17528886220648365 0.2424884984242528 0.35732944875116623 0.3988705633126377 0.5213807878023162 0.7327009016509536 2.16790309327724 10.167678151876196
1899 22788 0.015120050588513043 10.275331542820927 0.00023267368482681947 0.00023267368482681947 0.000630449045472982 0.0012357314951732716 0.0019851413721209375 0.003454658412480214 0.009352373329071033 0.040787295181741325 0.06536707089601475 0.1144405770087565 0.12695311478778484 0.1738676543544742 0.24199076323166427 0.3581903754948294 0.3940461984691361 0.5222978965570086 0.7316709376979654 2.1713191036524964 10.275331542820927
1900 22800 0.0158125529418914 10.372285190348062 0.00023331648209628673 0.00023331648209628673 0.000630490043253152 0.0012367814553254542 0.001988753162229476 0.0034448678121359066 0.00931735272982978 0.04029674899199005 0.06466377008547118 0.1143522194714611 0.12524366029522155 0.17569314144111384 0.2412478597493586 0.35808402448967985 0.38651321496236296 0.5214761328594677 0.7333066817452207 2.1704580420551247 10.372285190348062
1901 22812 0.01653709176604764 10.403266280382416 0.000233832254359904 0.000233832254359904 0.0006277739625780623 0.0012317197678837041 0.001993382558970481 0.0034178599080494877 0.009299563593926063 0.04004023540376528 0.0653012397815552 0.11507476885470465 0.12691748903527475 0.17541729386551763 0.2403158021204985 0.35842176664488573 0.3942624699865062 0.5234418837746636 0.7312755004906047 2.1553959976970756 10.403266280382416
1902 22824 0.01666417833932856 10.482427078328438 0.0002315888682122315 0.0002315888682122315 0.000627889116389904 0.001220912533157337 0.001995198745574103 0.003459727351424405 0.009197647709242484 0.03993556258311534 0.0653662556268313 0.1144560391466073 0.12678093478937857 0.17670993262884355 0.24068485071526644 0.35448699976810394 0.3951347491100135 0.5193243545728881 0.7283443005821708 2.167412894996381 10.482427078328438
1903 22836 0.01631474760605295 10.527298739535079 0.00023162801335456647 0.00023162801335456647 0.0006245215565917808 0.0012055060767351868 0.001996366668194532 0.0035137020453454206 0.009239779770225453 0.03943576080404498 0.06569451540926477 0.11485996370309635 0.12649233855587794 0.17698511791848193 0.24111037574253824 0.3528456619802729 0.39578553310382436 0.5126134589057257 0.7246216123809777 2.1663177449092244 10.527298739535079
1904 22848 0.016360087659306875 10.5503570502673 0.00022680557899864735 0.00022680557899864735 0.0006175902523175461 0.0011974883243449168 0.0019896661558690062 0.0034974803496292807 0.00922166395449225 0.03946323644579412 0.06571116486760481 0.11536062092021501 0.1262080378618838 0.17703014159928515 0.24134032301708538 0.3511603053385206 0.39313731204091534 0.5186298416447532 0.7198128828095814 2.1912297077004306 10.5503570502673
1905 22860 0.016897121707565476 10.618938246910664 0.00022536736297884913 0.00022536736297884913 0.0006107149696821952 0.0011849068767691927 0.001985255696206964 0.0034417143790401476 0.009192919882343806 0.039716864852538725 0.06584084113941541 0.11502540239300628 0.12750524100317825 0.1772815845914749 0.24080020442696146 0.34952970223378893 0.38975368523297105 0.517657082773598 0.7196419212401862 2.1956587612488123 10.618938246910664
