% # columns="iteration, evaluation, min 25%tile 75%tile max correlation, correlation matrix principal axes lengths  (sorted square roots of eigenvalues of correlation matrix)", seed=414859, Sat May  9 10:18:14 2026
1 12 -0.023285971444721595 -0.005002469822039767 0.008244912287048213 0.026317998875958655 0.9518256163625856 0.978714714609769 0.9830284825505954 0.9909069740172791 0.9912954033771391 0.9930781638892989 0.9939272677785849 0.9948146498420893 0.9957952583802784 0.997398478295394 0.999585780922083 1.0027140107605788 1.0033836616823575 1.0062326497334764 1.0120298308050824 1.02422441136405 1.0321751243046238 1.0452549865524026
2 24 -0.023285971444721595 -0.005002469822039767 0.008244912287048213 0.026317998875958655 0.9518256163625856 0.978714714609769 0.9830284825505954 0.9909069740172791 0.9912954033771391 0.9930781638892989 0.9939272677785849 0.9948146498420893 0.9957952583802784 0.997398478295394 0.999585780922083 1.0027140107605788 1.0033836616823575 1.0062326497334764 1.0120298308050824 1.02422441136405 1.0321751243046238 1.0452549865524026
3 36 -0.023285971444721595 -0.005002469822039767 0.008244912287048213 0.026317998875958655 0.9518256163625856 0.978714714609769 0.9830284825505954 0.9909069740172791 0.9912954033771391 0.9930781638892989 0.9939272677785849 0.9948146498420893 0.9957952583802784 0.997398478295394 0.999585780922083 1.0027140107605788 1.0033836616823575 1.0062326497334764 1.0120298308050824 1.02422441136405 1.0321751243046238 1.0452549865524026
4 48 -0.023285971444721595 -0.005002469822039767 0.008244912287048213 0.026317998875958655 0.9518256163625856 0.978714714609769 0.9830284825505954 0.9909069740172791 0.9912954033771391 0.9930781638892989 0.9939272677785849 0.9948146498420893 0.9957952583802784 0.997398478295394 0.999585780922083 1.0027140107605788 1.0033836616823575 1.0062326497334764 1.0120298308050824 1.02422441136405 1.0321751243046238 1.0452549865524026
5 60 -0.023285971444721595 -0.005002469822039767 0.008244912287048213 0.026317998875958655 0.9518256163625856 0.978714714609769 0.9830284825505954 0.9909069740172791 0.9912954033771391 0.9930781638892989 0.9939272677785849 0.9948146498420893 0.9957952583802784 0.997398478295394 0.999585780922083 1.0027140107605788 1.0033836616823575 1.0062326497334764 1.0120298308050824 1.02422441136405 1.0321751243046238 1.0452549865524026
6 72 -0.023285971444721595 -0.005002469822039767 0.008244912287048213 0.026317998875958655 0.9518256163625856 0.978714714609769 0.9830284825505954 0.9909069740172791 0.9912954033771391 0.9930781638892989 0.9939272677785849 0.9948146498420893 0.9957952583802784 0.997398478295394 0.999585780922083 1.0027140107605788 1.0033836616823575 1.0062326497334764 1.0120298308050824 1.02422441136405 1.0321751243046238 1.0452549865524026
7 84 -0.023285971444721595 -0.005002469822039767 0.008244912287048213 0.026317998875958655 0.9518256163625856 0.978714714609769 0.9830284825505954 0.9909069740172791 0.9912954033771391 0.9930781638892989 0.9939272677785849 0.9948146498420893 0.9957952583802784 0.997398478295394 0.999585780922083 1.0027140107605788 1.0033836616823575 1.0062326497334764 1.0120298308050824 1.02422441136405 1.0321751243046238 1.0452549865524026
8 96 -0.023285971444721595 -0.005002469822039767 0.008244912287048213 0.026317998875958655 0.9518256163625856 0.978714714609769 0.9830284825505954 0.9909069740172791 0.9912954033771391 0.9930781638892989 0.9939272677785849 0.9948146498420893 0.9957952583802784 0.997398478295394 0.999585780922083 1.0027140107605788 1.0033836616823575 1.0062326497334764 1.0120298308050824 1.02422441136405 1.0321751243046238 1.0452549865524026
9 108 -0.023285971444721595 -0.005002469822039767 0.008244912287048213 0.026317998875958655 0.9518256163625856 0.978714714609769 0.9830284825505954 0.9909069740172791 0.9912954033771391 0.9930781638892989 0.9939272677785849 0.9948146498420893 0.9957952583802784 0.997398478295394 0.999585780922083 1.0027140107605788 1.0033836616823575 1.0062326497334764 1.0120298308050824 1.02422441136405 1.0321751243046238 1.0452549865524026
10 120 -0.023285971444721595 -0.005002469822039767 0.008244912287048213 0.026317998875958655 0.9518256163625856 0.978714714609769 0.9830284825505954 0.9909069740172791 0.9912954033771391 0.9930781638892989 0.9939272677785849 0.9948146498420893 0.9957952583802784 0.997398478295394 0.999585780922083 1.0027140107605788 1.0033836616823575 1.0062326497334764 1.0120298308050824 1.02422441136405 1.0321751243046238 1.0452549865524026
11 132 -0.023285971444721595 -0.005002469822039767 0.008244912287048213 0.026317998875958655 0.9518256163625856 0.978714714609769 0.9830284825505954 0.9909069740172791 0.9912954033771391 0.9930781638892989 0.9939272677785849 0.9948146498420893 0.9957952583802784 0.997398478295394 0.999585780922083 1.0027140107605788 1.0033836616823575 1.0062326497334764 1.0120298308050824 1.02422441136405 1.0321751243046238 1.0452549865524026
12 144 -0.023285971444721595 -0.005002469822039767 0.008244912287048213 0.026317998875958655 0.9518256163625856 0.978714714609769 0.9830284825505954 0.9909069740172791 0.9912954033771391 0.9930781638892989 0.9939272677785849 0.9948146498420893 0.9957952583802784 0.997398478295394 0.999585780922083 1.0027140107605788 1.0033836616823575 1.0062326497334764 1.0120298308050824 1.02422441136405 1.0321751243046238 1.0452549865524026
13 156 -0.023285971444721595 -0.005002469822039767 0.008244912287048213 0.026317998875958655 0.9518256163625856 0.978714714609769 0.9830284825505954 0.9909069740172791 0.9912954033771391 0.9930781638892989 0.9939272677785849 0.9948146498420893 0.9957952583802784 0.997398478295394 0.999585780922083 1.0027140107605788 1.0033836616823575 1.0062326497334764 1.0120298308050824 1.02422441136405 1.0321751243046238 1.0452549865524026
14 168 -0.023285971444721595 -0.005002469822039767 0.008244912287048213 0.026317998875958655 0.9518256163625856 0.978714714609769 0.9830284825505954 0.9909069740172791 0.9912954033771391 0.9930781638892989 0.9939272677785849 0.9948146498420893 0.9957952583802784 0.997398478295394 0.999585780922083 1.0027140107605788 1.0033836616823575 1.0062326497334764 1.0120298308050824 1.02422441136405 1.0321751243046238 1.0452549865524026
15 180 -0.023285971444721595 -0.005002469822039767 0.008244912287048213 0.026317998875958655 0.9518256163625856 0.978714714609769 0.9830284825505954 0.9909069740172791 0.9912954033771391 0.9930781638892989 0.9939272677785849 0.9948146498420893 0.9957952583802784 0.997398478295394 0.999585780922083 1.0027140107605788 1.0033836616823575 1.0062326497334764 1.0120298308050824 1.02422441136405 1.0321751243046238 1.0452549865524026
16 192 -0.023285971444721595 -0.005002469822039767 0.008244912287048213 0.026317998875958655 0.9518256163625856 0.978714714609769 0.9830284825505954 0.9909069740172791 0.9912954033771391 0.9930781638892989 0.9939272677785849 0.9948146498420893 0.9957952583802784 0.997398478295394 0.999585780922083 1.0027140107605788 1.0033836616823575 1.0062326497334764 1.0120298308050824 1.02422441136405 1.0321751243046238 1.0452549865524026
17 204 -0.023285971444721595 -0.005002469822039767 0.008244912287048213 0.026317998875958655 0.9518256163625856 0.978714714609769 0.9830284825505954 0.9909069740172791 0.9912954033771391 0.9930781638892989 0.9939272677785849 0.9948146498420893 0.9957952583802784 0.997398478295394 0.999585780922083 1.0027140107605788 1.0033836616823575 1.0062326497334764 1.0120298308050824 1.02422441136405 1.0321751243046238 1.0452549865524026
18 216 -0.023285971444721595 -0.005002469822039767 0.008244912287048213 0.026317998875958655 0.9518256163625856 0.978714714609769 0.9830284825505954 0.9909069740172791 0.9912954033771391 0.9930781638892989 0.9939272677785849 0.9948146498420893 0.9957952583802784 0.997398478295394 0.999585780922083 1.0027140107605788 1.0033836616823575 1.0062326497334764 1.0120298308050824 1.02422441136405 1.0321751243046238 1.0452549865524026
19 228 -0.12615746662673177 -0.0220403688335392 0.04047310930312931 0.11630135800427649 0.7803553859044327 0.8608150280876228 0.8780393055509198 0.9007007190862036 0.9321297409037195 0.9333967065079296 0.9471446137517214 0.9705191816758825 0.9847159865767006 1.0103577207813557 1.0258771382384948 1.0447636786343297 1.054132727045301 1.0565069110292975 1.0829403433219598 1.1149538075945995 1.1433354080397085 1.1848201740174744
20 240 -0.12615746662673177 -0.0220403688335392 0.04047310930312931 0.11630135800427649 0.7803553859044327 0.8608150280876228 0.8780393055509198 0.9007007190862036 0.9321297409037195 0.9333967065079296 0.9471446137517214 0.9705191816758825 0.9847159865767006 1.0103577207813557 1.0258771382384948 1.0447636786343297 1.054132727045301 1.0565069110292975 1.0829403433219598 1.1149538075945995 1.1433354080397085 1.1848201740174744
21 252 -0.12615746662673177 -0.0220403688335392 0.04047310930312931 0.11630135800427649 0.7803553859044327 0.8608150280876228 0.8780393055509198 0.9007007190862036 0.9321297409037195 0.9333967065079296 0.9471446137517214 0.9705191816758825 0.9847159865767006 1.0103577207813557 1.0258771382384948 1.0447636786343297 1.054132727045301 1.0565069110292975 1.0829403433219598 1.1149538075945995 1.1433354080397085 1.1848201740174744
22 264 -0.12615746662673177 -0.0220403688335392 0.04047310930312931 0.11630135800427649 0.7803553859044327 0.8608150280876228 0.8780393055509198 0.9007007190862036 0.9321297409037195 0.9333967065079296 0.9471446137517214 0.9705191816758825 0.9847159865767006 1.0103577207813557 1.0258771382384948 1.0447636786343297 1.054132727045301 1.0565069110292975 1.0829403433219598 1.1149538075945995 1.1433354080397085 1.1848201740174744
23 276 -0.12615746662673177 -0.0220403688335392 0.04047310930312931 0.11630135800427649 0.7803553859044327 0.8608150280876228 0.8780393055509198 0.9007007190862036 0.9321297409037195 0.9333967065079296 0.9471446137517214 0.9705191816758825 0.9847159865767006 1.0103577207813557 1.0258771382384948 1.0447636786343297 1.054132727045301 1.0565069110292975 1.0829403433219598 1.1149538075945995 1.1433354080397085 1.1848201740174744
24 288 -0.12615746662673177 -0.0220403688335392 0.04047310930312931 0.11630135800427649 0.7803553859044327 0.8608150280876228 0.8780393055509198 0.9007007190862036 0.9321297409037195 0.9333967065079296 0.9471446137517214 0.9705191816758825 0.9847159865767006 1.0103577207813557 1.0258771382384948 1.0447636786343297 1.054132727045301 1.0565069110292975 1.0829403433219598 1.1149538075945995 1.1433354080397085 1.1848201740174744
25 300 -0.12615746662673177 -0.0220403688335392 0.04047310930312931 0.11630135800427649 0.7803553859044327 0.8608150280876228 0.8780393055509198 0.9007007190862036 0.9321297409037195 0.9333967065079296 0.9471446137517214 0.9705191816758825 0.9847159865767006 1.0103577207813557 1.0258771382384948 1.0447636786343297 1.054132727045301 1.0565069110292975 1.0829403433219598 1.1149538075945995 1.1433354080397085 1.1848201740174744
26 312 -0.12615746662673177 -0.0220403688335392 0.04047310930312931 0.11630135800427649 0.7803553859044327 0.8608150280876228 0.8780393055509198 0.9007007190862036 0.9321297409037195 0.9333967065079296 0.9471446137517214 0.9705191816758825 0.9847159865767006 1.0103577207813557 1.0258771382384948 1.0447636786343297 1.054132727045301 1.0565069110292975 1.0829403433219598 1.1149538075945995 1.1433354080397085 1.1848201740174744
27 324 -0.12615746662673177 -0.0220403688335392 0.04047310930312931 0.11630135800427649 0.7803553859044327 0.8608150280876228 0.8780393055509198 0.9007007190862036 0.9321297409037195 0.9333967065079296 0.9471446137517214 0.9705191816758825 0.9847159865767006 1.0103577207813557 1.0258771382384948 1.0447636786343297 1.054132727045301 1.0565069110292975 1.0829403433219598 1.1149538075945995 1.1433354080397085 1.1848201740174744
28 336 -0.12615746662673177 -0.0220403688335392 0.04047310930312931 0.11630135800427649 0.7803553859044327 0.8608150280876228 0.8780393055509198 0.9007007190862036 0.9321297409037195 0.9333967065079296 0.9471446137517214 0.9705191816758825 0.9847159865767006 1.0103577207813557 1.0258771382384948 1.0447636786343297 1.054132727045301 1.0565069110292975 1.0829403433219598 1.1149538075945995 1.1433354080397085 1.1848201740174744
29 348 -0.12615746662673177 -0.0220403688335392 0.04047310930312931 0.11630135800427649 0.7803553859044327 0.8608150280876228 0.8780393055509198 0.9007007190862036 0.9321297409037195 0.9333967065079296 0.9471446137517214 0.9705191816758825 0.9847159865767006 1.0103577207813557 1.0258771382384948 1.0447636786343297 1.054132727045301 1.0565069110292975 1.0829403433219598 1.1149538075945995 1.1433354080397085 1.1848201740174744
30 360 -0.12615746662673177 -0.0220403688335392 0.04047310930312931 0.11630135800427649 0.7803553859044327 0.8608150280876228 0.8780393055509198 0.9007007190862036 0.9321297409037195 0.9333967065079296 0.9471446137517214 0.9705191816758825 0.9847159865767006 1.0103577207813557 1.0258771382384948 1.0447636786343297 1.054132727045301 1.0565069110292975 1.0829403433219598 1.1149538075945995 1.1433354080397085 1.1848201740174744
31 372 -0.12615746662673177 -0.0220403688335392 0.04047310930312931 0.11630135800427649 0.7803553859044327 0.8608150280876228 0.8780393055509198 0.9007007190862036 0.9321297409037195 0.9333967065079296 0.9471446137517214 0.9705191816758825 0.9847159865767006 1.0103577207813557 1.0258771382384948 1.0447636786343297 1.054132727045301 1.0565069110292975 1.0829403433219598 1.1149538075945995 1.1433354080397085 1.1848201740174744
32 384 -0.12615746662673177 -0.0220403688335392 0.04047310930312931 0.11630135800427649 0.7803553859044327 0.8608150280876228 0.8780393055509198 0.9007007190862036 0.9321297409037195 0.9333967065079296 0.9471446137517214 0.9705191816758825 0.9847159865767006 1.0103577207813557 1.0258771382384948 1.0447636786343297 1.054132727045301 1.0565069110292975 1.0829403433219598 1.1149538075945995 1.1433354080397085 1.1848201740174744
33 396 -0.12615746662673177 -0.0220403688335392 0.04047310930312931 0.11630135800427649 0.7803553859044327 0.8608150280876228 0.8780393055509198 0.9007007190862036 0.9321297409037195 0.9333967065079296 0.9471446137517214 0.9705191816758825 0.9847159865767006 1.0103577207813557 1.0258771382384948 1.0447636786343297 1.054132727045301 1.0565069110292975 1.0829403433219598 1.1149538075945995 1.1433354080397085 1.1848201740174744
34 408 -0.12615746662673177 -0.0220403688335392 0.04047310930312931 0.11630135800427649 0.7803553859044327 0.8608150280876228 0.8780393055509198 0.9007007190862036 0.9321297409037195 0.9333967065079296 0.9471446137517214 0.9705191816758825 0.9847159865767006 1.0103577207813557 1.0258771382384948 1.0447636786343297 1.054132727045301 1.0565069110292975 1.0829403433219598 1.1149538075945995 1.1433354080397085 1.1848201740174744
35 420 -0.12615746662673177 -0.0220403688335392 0.04047310930312931 0.11630135800427649 0.7803553859044327 0.8608150280876228 0.8780393055509198 0.9007007190862036 0.9321297409037195 0.9333967065079296 0.9471446137517214 0.9705191816758825 0.9847159865767006 1.0103577207813557 1.0258771382384948 1.0447636786343297 1.054132727045301 1.0565069110292975 1.0829403433219598 1.1149538075945995 1.1433354080397085 1.1848201740174744
36 432 -0.12615746662673177 -0.0220403688335392 0.04047310930312931 0.11630135800427649 0.7803553859044327 0.8608150280876228 0.8780393055509198 0.9007007190862036 0.9321297409037195 0.9333967065079296 0.9471446137517214 0.9705191816758825 0.9847159865767006 1.0103577207813557 1.0258771382384948 1.0447636786343297 1.054132727045301 1.0565069110292975 1.0829403433219598 1.1149538075945995 1.1433354080397085 1.1848201740174744
37 444 -0.16249985482112067 -0.028266269323733415 0.053660246003302284 0.22753595973091043 0.6923029914638938 0.750961326991798 0.8138128739322045 0.859181691910193 0.8753512227973749 0.8967952259437801 0.9197882418525979 0.9626264572794874 0.9964298394353222 1.0145547032879392 1.0281564703204484 1.0471336837156489 1.0724868693263754 1.1081055757723706 1.121351682292926 1.1702688949265871 1.2202062969369467 1.2423247733583997
38 456 -0.16249985482112067 -0.028266269323733415 0.053660246003302284 0.22753595973091043 0.6923029914638938 0.750961326991798 0.8138128739322045 0.859181691910193 0.8753512227973749 0.8967952259437801 0.9197882418525979 0.9626264572794874 0.9964298394353222 1.0145547032879392 1.0281564703204484 1.0471336837156489 1.0724868693263754 1.1081055757723706 1.121351682292926 1.1702688949265871 1.2202062969369467 1.2423247733583997
39 468 -0.16249985482112067 -0.028266269323733415 0.053660246003302284 0.22753595973091043 0.6923029914638938 0.750961326991798 0.8138128739322045 0.859181691910193 0.8753512227973749 0.8967952259437801 0.9197882418525979 0.9626264572794874 0.9964298394353222 1.0145547032879392 1.0281564703204484 1.0471336837156489 1.0724868693263754 1.1081055757723706 1.121351682292926 1.1702688949265871 1.2202062969369467 1.2423247733583997
40 480 -0.16249985482112067 -0.028266269323733415 0.053660246003302284 0.22753595973091043 0.6923029914638938 0.750961326991798 0.8138128739322045 0.859181691910193 0.8753512227973749 0.8967952259437801 0.9197882418525979 0.9626264572794874 0.9964298394353222 1.0145547032879392 1.0281564703204484 1.0471336837156489 1.0724868693263754 1.1081055757723706 1.121351682292926 1.1702688949265871 1.2202062969369467 1.2423247733583997
41 492 -0.16249985482112067 -0.028266269323733415 0.053660246003302284 0.22753595973091043 0.6923029914638938 0.750961326991798 0.8138128739322045 0.859181691910193 0.8753512227973749 0.8967952259437801 0.9197882418525979 0.9626264572794874 0.9964298394353222 1.0145547032879392 1.0281564703204484 1.0471336837156489 1.0724868693263754 1.1081055757723706 1.121351682292926 1.1702688949265871 1.2202062969369467 1.2423247733583997
42 504 -0.16249985482112067 -0.028266269323733415 0.053660246003302284 0.22753595973091043 0.6923029914638938 0.750961326991798 0.8138128739322045 0.859181691910193 0.8753512227973749 0.8967952259437801 0.9197882418525979 0.9626264572794874 0.9964298394353222 1.0145547032879392 1.0281564703204484 1.0471336837156489 1.0724868693263754 1.1081055757723706 1.121351682292926 1.1702688949265871 1.2202062969369467 1.2423247733583997
43 516 -0.16249985482112067 -0.028266269323733415 0.053660246003302284 0.22753595973091043 0.6923029914638938 0.750961326991798 0.8138128739322045 0.859181691910193 0.8753512227973749 0.8967952259437801 0.9197882418525979 0.9626264572794874 0.9964298394353222 1.0145547032879392 1.0281564703204484 1.0471336837156489 1.0724868693263754 1.1081055757723706 1.121351682292926 1.1702688949265871 1.2202062969369467 1.2423247733583997
44 528 -0.16249985482112067 -0.028266269323733415 0.053660246003302284 0.22753595973091043 0.6923029914638938 0.750961326991798 0.8138128739322045 0.859181691910193 0.8753512227973749 0.8967952259437801 0.9197882418525979 0.9626264572794874 0.9964298394353222 1.0145547032879392 1.0281564703204484 1.0471336837156489 1.0724868693263754 1.1081055757723706 1.121351682292926 1.1702688949265871 1.2202062969369467 1.2423247733583997
45 540 -0.16249985482112067 -0.028266269323733415 0.053660246003302284 0.22753595973091043 0.6923029914638938 0.750961326991798 0.8138128739322045 0.859181691910193 0.8753512227973749 0.8967952259437801 0.9197882418525979 0.9626264572794874 0.9964298394353222 1.0145547032879392 1.0281564703204484 1.0471336837156489 1.0724868693263754 1.1081055757723706 1.121351682292926 1.1702688949265871 1.2202062969369467 1.2423247733583997
46 552 -0.16249985482112067 -0.028266269323733415 0.053660246003302284 0.22753595973091043 0.6923029914638938 0.750961326991798 0.8138128739322045 0.859181691910193 0.8753512227973749 0.8967952259437801 0.9197882418525979 0.9626264572794874 0.9964298394353222 1.0145547032879392 1.0281564703204484 1.0471336837156489 1.0724868693263754 1.1081055757723706 1.121351682292926 1.1702688949265871 1.2202062969369467 1.2423247733583997
47 564 -0.16249985482112067 -0.028266269323733415 0.053660246003302284 0.22753595973091043 0.6923029914638938 0.750961326991798 0.8138128739322045 0.859181691910193 0.8753512227973749 0.8967952259437801 0.9197882418525979 0.9626264572794874 0.9964298394353222 1.0145547032879392 1.0281564703204484 1.0471336837156489 1.0724868693263754 1.1081055757723706 1.121351682292926 1.1702688949265871 1.2202062969369467 1.2423247733583997
48 576 -0.16249985482112067 -0.028266269323733415 0.053660246003302284 0.22753595973091043 0.6923029914638938 0.750961326991798 0.8138128739322045 0.859181691910193 0.8753512227973749 0.8967952259437801 0.9197882418525979 0.9626264572794874 0.9964298394353222 1.0145547032879392 1.0281564703204484 1.0471336837156489 1.0724868693263754 1.1081055757723706 1.121351682292926 1.1702688949265871 1.2202062969369467 1.2423247733583997
49 588 -0.16249985482112067 -0.028266269323733415 0.053660246003302284 0.22753595973091043 0.6923029914638938 0.750961326991798 0.8138128739322045 0.859181691910193 0.8753512227973749 0.8967952259437801 0.9197882418525979 0.9626264572794874 0.9964298394353222 1.0145547032879392 1.0281564703204484 1.0471336837156489 1.0724868693263754 1.1081055757723706 1.121351682292926 1.1702688949265871 1.2202062969369467 1.2423247733583997
50 600 -0.16249985482112067 -0.028266269323733415 0.053660246003302284 0.22753595973091043 0.6923029914638938 0.750961326991798 0.8138128739322045 0.859181691910193 0.8753512227973749 0.8967952259437801 0.9197882418525979 0.9626264572794874 0.9964298394353222 1.0145547032879392 1.0281564703204484 1.0471336837156489 1.0724868693263754 1.1081055757723706 1.121351682292926 1.1702688949265871 1.2202062969369467 1.2423247733583997
51 612 -0.16249985482112067 -0.028266269323733415 0.053660246003302284 0.22753595973091043 0.6923029914638938 0.750961326991798 0.8138128739322045 0.859181691910193 0.8753512227973749 0.8967952259437801 0.9197882418525979 0.9626264572794874 0.9964298394353222 1.0145547032879392 1.0281564703204484 1.0471336837156489 1.0724868693263754 1.1081055757723706 1.121351682292926 1.1702688949265871 1.2202062969369467 1.2423247733583997
52 624 -0.16249985482112067 -0.028266269323733415 0.053660246003302284 0.22753595973091043 0.6923029914638938 0.750961326991798 0.8138128739322045 0.859181691910193 0.8753512227973749 0.8967952259437801 0.9197882418525979 0.9626264572794874 0.9964298394353222 1.0145547032879392 1.0281564703204484 1.0471336837156489 1.0724868693263754 1.1081055757723706 1.121351682292926 1.1702688949265871 1.2202062969369467 1.2423247733583997
53 636 -0.16249985482112067 -0.028266269323733415 0.053660246003302284 0.22753595973091043 0.6923029914638938 0.750961326991798 0.8138128739322045 0.859181691910193 0.8753512227973749 0.8967952259437801 0.9197882418525979 0.9626264572794874 0.9964298394353222 1.0145547032879392 1.0281564703204484 1.0471336837156489 1.0724868693263754 1.1081055757723706 1.121351682292926 1.1702688949265871 1.2202062969369467 1.2423247733583997
54 648 -0.16249985482112067 -0.028266269323733415 0.053660246003302284 0.22753595973091043 0.6923029914638938 0.750961326991798 0.8138128739322045 0.859181691910193 0.8753512227973749 0.8967952259437801 0.9197882418525979 0.9626264572794874 0.9964298394353222 1.0145547032879392 1.0281564703204484 1.0471336837156489 1.0724868693263754 1.1081055757723706 1.121351682292926 1.1702688949265871 1.2202062969369467 1.2423247733583997
55 660 -0.1997283055547467 -0.033373219501047 0.07558840838217046 0.39019420167860314 0.6925333280886685 0.7218245295045889 0.749986741282549 0.8090496787972613 0.8317287949746265 0.8614247879730563 0.8996798606921361 0.926846508967947 0.9559427968570512 1.001061583685606 1.0335516177311774 1.0778861221936298 1.0918378931114385 1.117982788144987 1.1509347807689765 1.1971525985655322 1.2676206672713768 1.3142794425488722
56 672 -0.1997283055547467 -0.033373219501047 0.07558840838217046 0.39019420167860314 0.6925333280886685 0.7218245295045889 0.749986741282549 0.8090496787972613 0.8317287949746265 0.8614247879730563 0.8996798606921361 0.926846508967947 0.9559427968570512 1.001061583685606 1.0335516177311774 1.0778861221936298 1.0918378931114385 1.117982788144987 1.1509347807689765 1.1971525985655322 1.2676206672713768 1.3142794425488722
57 684 -0.1997283055547467 -0.033373219501047 0.07558840838217046 0.39019420167860314 0.6925333280886685 0.7218245295045889 0.749986741282549 0.8090496787972613 0.8317287949746265 0.8614247879730563 0.8996798606921361 0.926846508967947 0.9559427968570512 1.001061583685606 1.0335516177311774 1.0778861221936298 1.0918378931114385 1.117982788144987 1.1509347807689765 1.1971525985655322 1.2676206672713768 1.3142794425488722
58 696 -0.1997283055547467 -0.033373219501047 0.07558840838217046 0.39019420167860314 0.6925333280886685 0.7218245295045889 0.749986741282549 0.8090496787972613 0.8317287949746265 0.8614247879730563 0.8996798606921361 0.926846508967947 0.9559427968570512 1.001061583685606 1.0335516177311774 1.0778861221936298 1.0918378931114385 1.117982788144987 1.1509347807689765 1.1971525985655322 1.2676206672713768 1.3142794425488722
59 708 -0.1997283055547467 -0.033373219501047 0.07558840838217046 0.39019420167860314 0.6925333280886685 0.7218245295045889 0.749986741282549 0.8090496787972613 0.8317287949746265 0.8614247879730563 0.8996798606921361 0.926846508967947 0.9559427968570512 1.001061583685606 1.0335516177311774 1.0778861221936298 1.0918378931114385 1.117982788144987 1.1509347807689765 1.1971525985655322 1.2676206672713768 1.3142794425488722
60 720 -0.1997283055547467 -0.033373219501047 0.07558840838217046 0.39019420167860314 0.6925333280886685 0.7218245295045889 0.749986741282549 0.8090496787972613 0.8317287949746265 0.8614247879730563 0.8996798606921361 0.926846508967947 0.9559427968570512 1.001061583685606 1.0335516177311774 1.0778861221936298 1.0918378931114385 1.117982788144987 1.1509347807689765 1.1971525985655322 1.2676206672713768 1.3142794425488722
61 732 -0.1997283055547467 -0.033373219501047 0.07558840838217046 0.39019420167860314 0.6925333280886685 0.7218245295045889 0.749986741282549 0.8090496787972613 0.8317287949746265 0.8614247879730563 0.8996798606921361 0.926846508967947 0.9559427968570512 1.001061583685606 1.0335516177311774 1.0778861221936298 1.0918378931114385 1.117982788144987 1.1509347807689765 1.1971525985655322 1.2676206672713768 1.3142794425488722
62 744 -0.1997283055547467 -0.033373219501047 0.07558840838217046 0.39019420167860314 0.6925333280886685 0.7218245295045889 0.749986741282549 0.8090496787972613 0.8317287949746265 0.8614247879730563 0.8996798606921361 0.926846508967947 0.9559427968570512 1.001061583685606 1.0335516177311774 1.0778861221936298 1.0918378931114385 1.117982788144987 1.1509347807689765 1.1971525985655322 1.2676206672713768 1.3142794425488722
63 756 -0.1997283055547467 -0.033373219501047 0.07558840838217046 0.39019420167860314 0.6925333280886685 0.7218245295045889 0.749986741282549 0.8090496787972613 0.8317287949746265 0.8614247879730563 0.8996798606921361 0.926846508967947 0.9559427968570512 1.001061583685606 1.0335516177311774 1.0778861221936298 1.0918378931114385 1.117982788144987 1.1509347807689765 1.1971525985655322 1.2676206672713768 1.3142794425488722
64 768 -0.1997283055547467 -0.033373219501047 0.07558840838217046 0.39019420167860314 0.6925333280886685 0.7218245295045889 0.749986741282549 0.8090496787972613 0.8317287949746265 0.8614247879730563 0.8996798606921361 0.926846508967947 0.9559427968570512 1.001061583685606 1.0335516177311774 1.0778861221936298 1.0918378931114385 1.117982788144987 1.1509347807689765 1.1971525985655322 1.2676206672713768 1.3142794425488722
65 780 -0.1997283055547467 -0.033373219501047 0.07558840838217046 0.39019420167860314 0.6925333280886685 0.7218245295045889 0.749986741282549 0.8090496787972613 0.8317287949746265 0.8614247879730563 0.8996798606921361 0.926846508967947 0.9559427968570512 1.001061583685606 1.0335516177311774 1.0778861221936298 1.0918378931114385 1.117982788144987 1.1509347807689765 1.1971525985655322 1.2676206672713768 1.3142794425488722
66 792 -0.1997283055547467 -0.033373219501047 0.07558840838217046 0.39019420167860314 0.6925333280886685 0.7218245295045889 0.749986741282549 0.8090496787972613 0.8317287949746265 0.8614247879730563 0.8996798606921361 0.926846508967947 0.9559427968570512 1.001061583685606 1.0335516177311774 1.0778861221936298 1.0918378931114385 1.117982788144987 1.1509347807689765 1.1971525985655322 1.2676206672713768 1.3142794425488722
67 804 -0.1997283055547467 -0.033373219501047 0.07558840838217046 0.39019420167860314 0.6925333280886685 0.7218245295045889 0.749986741282549 0.8090496787972613 0.8317287949746265 0.8614247879730563 0.8996798606921361 0.926846508967947 0.9559427968570512 1.001061583685606 1.0335516177311774 1.0778861221936298 1.0918378931114385 1.117982788144987 1.1509347807689765 1.1971525985655322 1.2676206672713768 1.3142794425488722
68 816 -0.1997283055547467 -0.033373219501047 0.07558840838217046 0.39019420167860314 0.6925333280886685 0.7218245295045889 0.749986741282549 0.8090496787972613 0.8317287949746265 0.8614247879730563 0.8996798606921361 0.926846508967947 0.9559427968570512 1.001061583685606 1.0335516177311774 1.0778861221936298 1.0918378931114385 1.117982788144987 1.1509347807689765 1.1971525985655322 1.2676206672713768 1.3142794425488722
69 828 -0.1997283055547467 -0.033373219501047 0.07558840838217046 0.39019420167860314 0.6925333280886685 0.7218245295045889 0.749986741282549 0.8090496787972613 0.8317287949746265 0.8614247879730563 0.8996798606921361 0.926846508967947 0.9559427968570512 1.001061583685606 1.0335516177311774 1.0778861221936298 1.0918378931114385 1.117982788144987 1.1509347807689765 1.1971525985655322 1.2676206672713768 1.3142794425488722
70 840 -0.1997283055547467 -0.033373219501047 0.07558840838217046 0.39019420167860314 0.6925333280886685 0.7218245295045889 0.749986741282549 0.8090496787972613 0.8317287949746265 0.8614247879730563 0.8996798606921361 0.926846508967947 0.9559427968570512 1.001061583685606 1.0335516177311774 1.0778861221936298 1.0918378931114385 1.117982788144987 1.1509347807689765 1.1971525985655322 1.2676206672713768 1.3142794425488722
71 852 -0.1997283055547467 -0.033373219501047 0.07558840838217046 0.39019420167860314 0.6925333280886685 0.7218245295045889 0.749986741282549 0.8090496787972613 0.8317287949746265 0.8614247879730563 0.8996798606921361 0.926846508967947 0.9559427968570512 1.001061583685606 1.0335516177311774 1.0778861221936298 1.0918378931114385 1.117982788144987 1.1509347807689765 1.1971525985655322 1.2676206672713768 1.3142794425488722
72 864 -0.1997283055547467 -0.033373219501047 0.07558840838217046 0.39019420167860314 0.6925333280886685 0.7218245295045889 0.749986741282549 0.8090496787972613 0.8317287949746265 0.8614247879730563 0.8996798606921361 0.926846508967947 0.9559427968570512 1.001061583685606 1.0335516177311774 1.0778861221936298 1.0918378931114385 1.117982788144987 1.1509347807689765 1.1971525985655322 1.2676206672713768 1.3142794425488722
73 876 -0.20420691861452084 -0.03460804836867831 0.09534060987904662 0.4484539177013446 0.6015257950946834 0.653296380683845 0.7240646355062451 0.7789776337274255 0.8346110974287247 0.8685312037303544 0.891171451211357 0.8970241299880121 0.9208010660332193 0.9723880779005887 0.9882768166793642 1.0672051641257612 1.0749583621679741 1.1916096990439728 1.225188217928211 1.2290342243885333 1.290394112347295 1.367225403900221
74 888 -0.20420691861452084 -0.03460804836867831 0.09534060987904662 0.4484539177013446 0.6015257950946834 0.653296380683845 0.7240646355062451 0.7789776337274255 0.8346110974287247 0.8685312037303544 0.891171451211357 0.8970241299880121 0.9208010660332193 0.9723880779005887 0.9882768166793642 1.0672051641257612 1.0749583621679741 1.1916096990439728 1.225188217928211 1.2290342243885333 1.290394112347295 1.367225403900221
75 900 -0.20420691861452084 -0.03460804836867831 0.09534060987904662 0.4484539177013446 0.6015257950946834 0.653296380683845 0.7240646355062451 0.7789776337274255 0.8346110974287247 0.8685312037303544 0.891171451211357 0.8970241299880121 0.9208010660332193 0.9723880779005887 0.9882768166793642 1.0672051641257612 1.0749583621679741 1.1916096990439728 1.225188217928211 1.2290342243885333 1.290394112347295 1.367225403900221
76 912 -0.20420691861452084 -0.03460804836867831 0.09534060987904662 0.4484539177013446 0.6015257950946834 0.653296380683845 0.7240646355062451 0.7789776337274255 0.8346110974287247 0.8685312037303544 0.891171451211357 0.8970241299880121 0.9208010660332193 0.9723880779005887 0.9882768166793642 1.0672051641257612 1.0749583621679741 1.1916096990439728 1.225188217928211 1.2290342243885333 1.290394112347295 1.367225403900221
77 924 -0.20420691861452084 -0.03460804836867831 0.09534060987904662 0.4484539177013446 0.6015257950946834 0.653296380683845 0.7240646355062451 0.7789776337274255 0.8346110974287247 0.8685312037303544 0.891171451211357 0.8970241299880121 0.9208010660332193 0.9723880779005887 0.9882768166793642 1.0672051641257612 1.0749583621679741 1.1916096990439728 1.225188217928211 1.2290342243885333 1.290394112347295 1.367225403900221
78 936 -0.20420691861452084 -0.03460804836867831 0.09534060987904662 0.4484539177013446 0.6015257950946834 0.653296380683845 0.7240646355062451 0.7789776337274255 0.8346110974287247 0.8685312037303544 0.891171451211357 0.8970241299880121 0.9208010660332193 0.9723880779005887 0.9882768166793642 1.0672051641257612 1.0749583621679741 1.1916096990439728 1.225188217928211 1.2290342243885333 1.290394112347295 1.367225403900221
79 948 -0.20420691861452084 -0.03460804836867831 0.09534060987904662 0.4484539177013446 0.6015257950946834 0.653296380683845 0.7240646355062451 0.7789776337274255 0.8346110974287247 0.8685312037303544 0.891171451211357 0.8970241299880121 0.9208010660332193 0.9723880779005887 0.9882768166793642 1.0672051641257612 1.0749583621679741 1.1916096990439728 1.225188217928211 1.2290342243885333 1.290394112347295 1.367225403900221
80 960 -0.20420691861452084 -0.03460804836867831 0.09534060987904662 0.4484539177013446 0.6015257950946834 0.653296380683845 0.7240646355062451 0.7789776337274255 0.8346110974287247 0.8685312037303544 0.891171451211357 0.8970241299880121 0.9208010660332193 0.9723880779005887 0.9882768166793642 1.0672051641257612 1.0749583621679741 1.1916096990439728 1.225188217928211 1.2290342243885333 1.290394112347295 1.367225403900221
81 972 -0.20420691861452084 -0.03460804836867831 0.09534060987904662 0.4484539177013446 0.6015257950946834 0.653296380683845 0.7240646355062451 0.7789776337274255 0.8346110974287247 0.8685312037303544 0.891171451211357 0.8970241299880121 0.9208010660332193 0.9723880779005887 0.9882768166793642 1.0672051641257612 1.0749583621679741 1.1916096990439728 1.225188217928211 1.2290342243885333 1.290394112347295 1.367225403900221
82 984 -0.20420691861452084 -0.03460804836867831 0.09534060987904662 0.4484539177013446 0.6015257950946834 0.653296380683845 0.7240646355062451 0.7789776337274255 0.8346110974287247 0.8685312037303544 0.891171451211357 0.8970241299880121 0.9208010660332193 0.9723880779005887 0.9882768166793642 1.0672051641257612 1.0749583621679741 1.1916096990439728 1.225188217928211 1.2290342243885333 1.290394112347295 1.367225403900221
83 996 -0.20420691861452084 -0.03460804836867831 0.09534060987904662 0.4484539177013446 0.6015257950946834 0.653296380683845 0.7240646355062451 0.7789776337274255 0.8346110974287247 0.8685312037303544 0.891171451211357 0.8970241299880121 0.9208010660332193 0.9723880779005887 0.9882768166793642 1.0672051641257612 1.0749583621679741 1.1916096990439728 1.225188217928211 1.2290342243885333 1.290394112347295 1.367225403900221
84 1008 -0.20420691861452084 -0.03460804836867831 0.09534060987904662 0.4484539177013446 0.6015257950946834 0.653296380683845 0.7240646355062451 0.7789776337274255 0.8346110974287247 0.8685312037303544 0.891171451211357 0.8970241299880121 0.9208010660332193 0.9723880779005887 0.9882768166793642 1.0672051641257612 1.0749583621679741 1.1916096990439728 1.225188217928211 1.2290342243885333 1.290394112347295 1.367225403900221
85 1020 -0.20420691861452084 -0.03460804836867831 0.09534060987904662 0.4484539177013446 0.6015257950946834 0.653296380683845 0.7240646355062451 0.7789776337274255 0.8346110974287247 0.8685312037303544 0.891171451211357 0.8970241299880121 0.9208010660332193 0.9723880779005887 0.9882768166793642 1.0672051641257612 1.0749583621679741 1.1916096990439728 1.225188217928211 1.2290342243885333 1.290394112347295 1.367225403900221
86 1032 -0.20420691861452084 -0.03460804836867831 0.09534060987904662 0.4484539177013446 0.6015257950946834 0.653296380683845 0.7240646355062451 0.7789776337274255 0.8346110974287247 0.8685312037303544 0.891171451211357 0.8970241299880121 0.9208010660332193 0.9723880779005887 0.9882768166793642 1.0672051641257612 1.0749583621679741 1.1916096990439728 1.225188217928211 1.2290342243885333 1.290394112347295 1.367225403900221
87 1044 -0.20420691861452084 -0.03460804836867831 0.09534060987904662 0.4484539177013446 0.6015257950946834 0.653296380683845 0.7240646355062451 0.7789776337274255 0.8346110974287247 0.8685312037303544 0.891171451211357 0.8970241299880121 0.9208010660332193 0.9723880779005887 0.9882768166793642 1.0672051641257612 1.0749583621679741 1.1916096990439728 1.225188217928211 1.2290342243885333 1.290394112347295 1.367225403900221
88 1056 -0.20420691861452084 -0.03460804836867831 0.09534060987904662 0.4484539177013446 0.6015257950946834 0.653296380683845 0.7240646355062451 0.7789776337274255 0.8346110974287247 0.8685312037303544 0.891171451211357 0.8970241299880121 0.9208010660332193 0.9723880779005887 0.9882768166793642 1.0672051641257612 1.0749583621679741 1.1916096990439728 1.225188217928211 1.2290342243885333 1.290394112347295 1.367225403900221
89 1068 -0.20420691861452084 -0.03460804836867831 0.09534060987904662 0.4484539177013446 0.6015257950946834 0.653296380683845 0.7240646355062451 0.7789776337274255 0.8346110974287247 0.8685312037303544 0.891171451211357 0.8970241299880121 0.9208010660332193 0.9723880779005887 0.9882768166793642 1.0672051641257612 1.0749583621679741 1.1916096990439728 1.225188217928211 1.2290342243885333 1.290394112347295 1.367225403900221
90 1080 -0.20420691861452084 -0.03460804836867831 0.09534060987904662 0.4484539177013446 0.6015257950946834 0.653296380683845 0.7240646355062451 0.7789776337274255 0.8346110974287247 0.8685312037303544 0.891171451211357 0.8970241299880121 0.9208010660332193 0.9723880779005887 0.9882768166793642 1.0672051641257612 1.0749583621679741 1.1916096990439728 1.225188217928211 1.2290342243885333 1.290394112347295 1.367225403900221
91 1092 -0.291763596754057 -0.04443734371264962 0.08916393754762006 0.41685633886425977 0.5249306804155965 0.5922267476616113 0.6942144772973994 0.7487923033288584 0.8170260794605784 0.8286789257850841 0.8648649658816449 0.904275465481862 0.9337806028252751 0.9570103629440364 0.9906805460407262 1.0549408953507298 1.1189625267001182 1.1526200017435617 1.2165137951259952 1.3037638194922105 1.3556764997354094 1.389535076784234
92 1104 -0.291763596754057 -0.04443734371264962 0.08916393754762006 0.41685633886425977 0.5249306804155965 0.5922267476616113 0.6942144772973994 0.7487923033288584 0.8170260794605784 0.8286789257850841 0.8648649658816449 0.904275465481862 0.9337806028252751 0.9570103629440364 0.9906805460407262 1.0549408953507298 1.1189625267001182 1.1526200017435617 1.2165137951259952 1.3037638194922105 1.3556764997354094 1.389535076784234
93 1116 -0.291763596754057 -0.04443734371264962 0.08916393754762006 0.41685633886425977 0.5249306804155965 0.5922267476616113 0.6942144772973994 0.7487923033288584 0.8170260794605784 0.8286789257850841 0.8648649658816449 0.904275465481862 0.9337806028252751 0.9570103629440364 0.9906805460407262 1.0549408953507298 1.1189625267001182 1.1526200017435617 1.2165137951259952 1.3037638194922105 1.3556764997354094 1.389535076784234
94 1128 -0.291763596754057 -0.04443734371264962 0.08916393754762006 0.41685633886425977 0.5249306804155965 0.5922267476616113 0.6942144772973994 0.7487923033288584 0.8170260794605784 0.8286789257850841 0.8648649658816449 0.904275465481862 0.9337806028252751 0.9570103629440364 0.9906805460407262 1.0549408953507298 1.1189625267001182 1.1526200017435617 1.2165137951259952 1.3037638194922105 1.3556764997354094 1.389535076784234
95 1140 -0.291763596754057 -0.04443734371264962 0.08916393754762006 0.41685633886425977 0.5249306804155965 0.5922267476616113 0.6942144772973994 0.7487923033288584 0.8170260794605784 0.8286789257850841 0.8648649658816449 0.904275465481862 0.9337806028252751 0.9570103629440364 0.9906805460407262 1.0549408953507298 1.1189625267001182 1.1526200017435617 1.2165137951259952 1.3037638194922105 1.3556764997354094 1.389535076784234
96 1152 -0.291763596754057 -0.04443734371264962 0.08916393754762006 0.41685633886425977 0.5249306804155965 0.5922267476616113 0.6942144772973994 0.7487923033288584 0.8170260794605784 0.8286789257850841 0.8648649658816449 0.904275465481862 0.9337806028252751 0.9570103629440364 0.9906805460407262 1.0549408953507298 1.1189625267001182 1.1526200017435617 1.2165137951259952 1.3037638194922105 1.3556764997354094 1.389535076784234
97 1164 -0.291763596754057 -0.04443734371264962 0.08916393754762006 0.41685633886425977 0.5249306804155965 0.5922267476616113 0.6942144772973994 0.7487923033288584 0.8170260794605784 0.8286789257850841 0.8648649658816449 0.904275465481862 0.9337806028252751 0.9570103629440364 0.9906805460407262 1.0549408953507298 1.1189625267001182 1.1526200017435617 1.2165137951259952 1.3037638194922105 1.3556764997354094 1.389535076784234
98 1176 -0.291763596754057 -0.04443734371264962 0.08916393754762006 0.41685633886425977 0.5249306804155965 0.5922267476616113 0.6942144772973994 0.7487923033288584 0.8170260794605784 0.8286789257850841 0.8648649658816449 0.904275465481862 0.9337806028252751 0.9570103629440364 0.9906805460407262 1.0549408953507298 1.1189625267001182 1.1526200017435617 1.2165137951259952 1.3037638194922105 1.3556764997354094 1.389535076784234
99 1188 -0.291763596754057 -0.04443734371264962 0.08916393754762006 0.41685633886425977 0.5249306804155965 0.5922267476616113 0.6942144772973994 0.7487923033288584 0.8170260794605784 0.8286789257850841 0.8648649658816449 0.904275465481862 0.9337806028252751 0.9570103629440364 0.9906805460407262 1.0549408953507298 1.1189625267001182 1.1526200017435617 1.2165137951259952 1.3037638194922105 1.3556764997354094 1.389535076784234
100 1200 -0.291763596754057 -0.04443734371264962 0.08916393754762006 0.41685633886425977 0.5249306804155965 0.5922267476616113 0.6942144772973994 0.7487923033288584 0.8170260794605784 0.8286789257850841 0.8648649658816449 0.904275465481862 0.9337806028252751 0.9570103629440364 0.9906805460407262 1.0549408953507298 1.1189625267001182 1.1526200017435617 1.2165137951259952 1.3037638194922105 1.3556764997354094 1.389535076784234
101 1212 -0.291763596754057 -0.04443734371264962 0.08916393754762006 0.41685633886425977 0.5249306804155965 0.5922267476616113 0.6942144772973994 0.7487923033288584 0.8170260794605784 0.8286789257850841 0.8648649658816449 0.904275465481862 0.9337806028252751 0.9570103629440364 0.9906805460407262 1.0549408953507298 1.1189625267001182 1.1526200017435617 1.2165137951259952 1.3037638194922105 1.3556764997354094 1.389535076784234
102 1224 -0.291763596754057 -0.04443734371264962 0.08916393754762006 0.41685633886425977 0.5249306804155965 0.5922267476616113 0.6942144772973994 0.7487923033288584 0.8170260794605784 0.8286789257850841 0.8648649658816449 0.904275465481862 0.9337806028252751 0.9570103629440364 0.9906805460407262 1.0549408953507298 1.1189625267001182 1.1526200017435617 1.2165137951259952 1.3037638194922105 1.3556764997354094 1.389535076784234
103 1236 -0.291763596754057 -0.04443734371264962 0.08916393754762006 0.41685633886425977 0.5249306804155965 0.5922267476616113 0.6942144772973994 0.7487923033288584 0.8170260794605784 0.8286789257850841 0.8648649658816449 0.904275465481862 0.9337806028252751 0.9570103629440364 0.9906805460407262 1.0549408953507298 1.1189625267001182 1.1526200017435617 1.2165137951259952 1.3037638194922105 1.3556764997354094 1.389535076784234
104 1248 -0.291763596754057 -0.04443734371264962 0.08916393754762006 0.41685633886425977 0.5249306804155965 0.5922267476616113 0.6942144772973994 0.7487923033288584 0.8170260794605784 0.8286789257850841 0.8648649658816449 0.904275465481862 0.9337806028252751 0.9570103629440364 0.9906805460407262 1.0549408953507298 1.1189625267001182 1.1526200017435617 1.2165137951259952 1.3037638194922105 1.3556764997354094 1.389535076784234
105 1260 -0.291763596754057 -0.04443734371264962 0.08916393754762006 0.41685633886425977 0.5249306804155965 0.5922267476616113 0.6942144772973994 0.7487923033288584 0.8170260794605784 0.8286789257850841 0.8648649658816449 0.904275465481862 0.9337806028252751 0.9570103629440364 0.9906805460407262 1.0549408953507298 1.1189625267001182 1.1526200017435617 1.2165137951259952 1.3037638194922105 1.3556764997354094 1.389535076784234
106 1272 -0.291763596754057 -0.04443734371264962 0.08916393754762006 0.41685633886425977 0.5249306804155965 0.5922267476616113 0.6942144772973994 0.7487923033288584 0.8170260794605784 0.8286789257850841 0.8648649658816449 0.904275465481862 0.9337806028252751 0.9570103629440364 0.9906805460407262 1.0549408953507298 1.1189625267001182 1.1526200017435617 1.2165137951259952 1.3037638194922105 1.3556764997354094 1.389535076784234
107 1284 -0.291763596754057 -0.04443734371264962 0.08916393754762006 0.41685633886425977 0.5249306804155965 0.5922267476616113 0.6942144772973994 0.7487923033288584 0.8170260794605784 0.8286789257850841 0.8648649658816449 0.904275465481862 0.9337806028252751 0.9570103629440364 0.9906805460407262 1.0549408953507298 1.1189625267001182 1.1526200017435617 1.2165137951259952 1.3037638194922105 1.3556764997354094 1.389535076784234
108 1296 -0.291763596754057 -0.04443734371264962 0.08916393754762006 0.41685633886425977 0.5249306804155965 0.5922267476616113 0.6942144772973994 0.7487923033288584 0.8170260794605784 0.8286789257850841 0.8648649658816449 0.904275465481862 0.9337806028252751 0.9570103629440364 0.9906805460407262 1.0549408953507298 1.1189625267001182 1.1526200017435617 1.2165137951259952 1.3037638194922105 1.3556764997354094 1.389535076784234
109 1308 -0.3653871325879016 -0.04627251710509235 0.10128949163882825 0.44468571754904174 0.47844500130085693 0.559435229909517 0.6591206191629356 0.6988348169102402 0.7272504211232002 0.8339834547907946 0.8497703947025748 0.889903829286248 0.8978055569799104 0.9452682051161494 1.006939758189985 1.0943125764762505 1.1051859086374543 1.1264070708457652 1.1777304935590243 1.3195070136085887 1.3969406619325697 1.5218403420416875
110 1320 -0.3653871325879016 -0.04627251710509235 0.10128949163882825 0.44468571754904174 0.47844500130085693 0.559435229909517 0.6591206191629356 0.6988348169102402 0.7272504211232002 0.8339834547907946 0.8497703947025748 0.889903829286248 0.8978055569799104 0.9452682051161494 1.006939758189985 1.0943125764762505 1.1051859086374543 1.1264070708457652 1.1777304935590243 1.3195070136085887 1.3969406619325697 1.5218403420416875
111 1332 -0.3653871325879016 -0.04627251710509235 0.10128949163882825 0.44468571754904174 0.47844500130085693 0.559435229909517 0.6591206191629356 0.6988348169102402 0.7272504211232002 0.8339834547907946 0.8497703947025748 0.889903829286248 0.8978055569799104 0.9452682051161494 1.006939758189985 1.0943125764762505 1.1051859086374543 1.1264070708457652 1.1777304935590243 1.3195070136085887 1.3969406619325697 1.5218403420416875
112 1344 -0.3653871325879016 -0.04627251710509235 0.10128949163882825 0.44468571754904174 0.47844500130085693 0.559435229909517 0.6591206191629356 0.6988348169102402 0.7272504211232002 0.8339834547907946 0.8497703947025748 0.889903829286248 0.8978055569799104 0.9452682051161494 1.006939758189985 1.0943125764762505 1.1051859086374543 1.1264070708457652 1.1777304935590243 1.3195070136085887 1.3969406619325697 1.5218403420416875
113 1356 -0.3653871325879016 -0.04627251710509235 0.10128949163882825 0.44468571754904174 0.47844500130085693 0.559435229909517 0.6591206191629356 0.6988348169102402 0.7272504211232002 0.8339834547907946 0.8497703947025748 0.889903829286248 0.8978055569799104 0.9452682051161494 1.006939758189985 1.0943125764762505 1.1051859086374543 1.1264070708457652 1.1777304935590243 1.3195070136085887 1.3969406619325697 1.5218403420416875
114 1368 -0.3653871325879016 -0.04627251710509235 0.10128949163882825 0.44468571754904174 0.47844500130085693 0.559435229909517 0.6591206191629356 0.6988348169102402 0.7272504211232002 0.8339834547907946 0.8497703947025748 0.889903829286248 0.8978055569799104 0.9452682051161494 1.006939758189985 1.0943125764762505 1.1051859086374543 1.1264070708457652 1.1777304935590243 1.3195070136085887 1.3969406619325697 1.5218403420416875
115 1380 -0.3653871325879016 -0.04627251710509235 0.10128949163882825 0.44468571754904174 0.47844500130085693 0.559435229909517 0.6591206191629356 0.6988348169102402 0.7272504211232002 0.8339834547907946 0.8497703947025748 0.889903829286248 0.8978055569799104 0.9452682051161494 1.006939758189985 1.0943125764762505 1.1051859086374543 1.1264070708457652 1.1777304935590243 1.3195070136085887 1.3969406619325697 1.5218403420416875
116 1392 -0.3653871325879016 -0.04627251710509235 0.10128949163882825 0.44468571754904174 0.47844500130085693 0.559435229909517 0.6591206191629356 0.6988348169102402 0.7272504211232002 0.8339834547907946 0.8497703947025748 0.889903829286248 0.8978055569799104 0.9452682051161494 1.006939758189985 1.0943125764762505 1.1051859086374543 1.1264070708457652 1.1777304935590243 1.3195070136085887 1.3969406619325697 1.5218403420416875
117 1404 -0.3653871325879016 -0.04627251710509235 0.10128949163882825 0.44468571754904174 0.47844500130085693 0.559435229909517 0.6591206191629356 0.6988348169102402 0.7272504211232002 0.8339834547907946 0.8497703947025748 0.889903829286248 0.8978055569799104 0.9452682051161494 1.006939758189985 1.0943125764762505 1.1051859086374543 1.1264070708457652 1.1777304935590243 1.3195070136085887 1.3969406619325697 1.5218403420416875
118 1416 -0.3653871325879016 -0.04627251710509235 0.10128949163882825 0.44468571754904174 0.47844500130085693 0.559435229909517 0.6591206191629356 0.6988348169102402 0.7272504211232002 0.8339834547907946 0.8497703947025748 0.889903829286248 0.8978055569799104 0.9452682051161494 1.006939758189985 1.0943125764762505 1.1051859086374543 1.1264070708457652 1.1777304935590243 1.3195070136085887 1.3969406619325697 1.5218403420416875
119 1428 -0.3653871325879016 -0.04627251710509235 0.10128949163882825 0.44468571754904174 0.47844500130085693 0.559435229909517 0.6591206191629356 0.6988348169102402 0.7272504211232002 0.8339834547907946 0.8497703947025748 0.889903829286248 0.8978055569799104 0.9452682051161494 1.006939758189985 1.0943125764762505 1.1051859086374543 1.1264070708457652 1.1777304935590243 1.3195070136085887 1.3969406619325697 1.5218403420416875
120 1440 -0.3653871325879016 -0.04627251710509235 0.10128949163882825 0.44468571754904174 0.47844500130085693 0.559435229909517 0.6591206191629356 0.6988348169102402 0.7272504211232002 0.8339834547907946 0.8497703947025748 0.889903829286248 0.8978055569799104 0.9452682051161494 1.006939758189985 1.0943125764762505 1.1051859086374543 1.1264070708457652 1.1777304935590243 1.3195070136085887 1.3969406619325697 1.5218403420416875
121 1452 -0.3653871325879016 -0.04627251710509235 0.10128949163882825 0.44468571754904174 0.47844500130085693 0.559435229909517 0.6591206191629356 0.6988348169102402 0.7272504211232002 0.8339834547907946 0.8497703947025748 0.889903829286248 0.8978055569799104 0.9452682051161494 1.006939758189985 1.0943125764762505 1.1051859086374543 1.1264070708457652 1.1777304935590243 1.3195070136085887 1.3969406619325697 1.5218403420416875
122 1464 -0.3653871325879016 -0.04627251710509235 0.10128949163882825 0.44468571754904174 0.47844500130085693 0.559435229909517 0.6591206191629356 0.6988348169102402 0.7272504211232002 0.8339834547907946 0.8497703947025748 0.889903829286248 0.8978055569799104 0.9452682051161494 1.006939758189985 1.0943125764762505 1.1051859086374543 1.1264070708457652 1.1777304935590243 1.3195070136085887 1.3969406619325697 1.5218403420416875
123 1476 -0.3653871325879016 -0.04627251710509235 0.10128949163882825 0.44468571754904174 0.47844500130085693 0.559435229909517 0.6591206191629356 0.6988348169102402 0.7272504211232002 0.8339834547907946 0.8497703947025748 0.889903829286248 0.8978055569799104 0.9452682051161494 1.006939758189985 1.0943125764762505 1.1051859086374543 1.1264070708457652 1.1777304935590243 1.3195070136085887 1.3969406619325697 1.5218403420416875
124 1488 -0.3653871325879016 -0.04627251710509235 0.10128949163882825 0.44468571754904174 0.47844500130085693 0.559435229909517 0.6591206191629356 0.6988348169102402 0.7272504211232002 0.8339834547907946 0.8497703947025748 0.889903829286248 0.8978055569799104 0.9452682051161494 1.006939758189985 1.0943125764762505 1.1051859086374543 1.1264070708457652 1.1777304935590243 1.3195070136085887 1.3969406619325697 1.5218403420416875
125 1500 -0.3653871325879016 -0.04627251710509235 0.10128949163882825 0.44468571754904174 0.47844500130085693 0.559435229909517 0.6591206191629356 0.6988348169102402 0.7272504211232002 0.8339834547907946 0.8497703947025748 0.889903829286248 0.8978055569799104 0.9452682051161494 1.006939758189985 1.0943125764762505 1.1051859086374543 1.1264070708457652 1.1777304935590243 1.3195070136085887 1.3969406619325697 1.5218403420416875
126 1512 -0.3653871325879016 -0.04627251710509235 0.10128949163882825 0.44468571754904174 0.47844500130085693 0.559435229909517 0.6591206191629356 0.6988348169102402 0.7272504211232002 0.8339834547907946 0.8497703947025748 0.889903829286248 0.8978055569799104 0.9452682051161494 1.006939758189985 1.0943125764762505 1.1051859086374543 1.1264070708457652 1.1777304935590243 1.3195070136085887 1.3969406619325697 1.5218403420416875
127 1524 -0.39838105980838956 -0.06153668327642 0.10906530873942702 0.5466024414652397 0.471599450292516 0.5465492103447877 0.6143294528069841 0.6609341134516706 0.6955987441175692 0.7977779344639345 0.8400368296660109 0.8532900864223942 0.9120079430898207 0.9248628933977594 1.0250432138943761 1.0540582031969112 1.1168441637113289 1.1361473204380892 1.2152966196839392 1.3139566406831447 1.4147551244580985 1.586996059434665
128 1536 -0.39838105980838956 -0.06153668327642 0.10906530873942702 0.5466024414652397 0.471599450292516 0.5465492103447877 0.6143294528069841 0.6609341134516706 0.6955987441175692 0.7977779344639345 0.8400368296660109 0.8532900864223942 0.9120079430898207 0.9248628933977594 1.0250432138943761 1.0540582031969112 1.1168441637113289 1.1361473204380892 1.2152966196839392 1.3139566406831447 1.4147551244580985 1.586996059434665
129 1548 -0.39838105980838956 -0.06153668327642 0.10906530873942702 0.5466024414652397 0.471599450292516 0.5465492103447877 0.6143294528069841 0.6609341134516706 0.6955987441175692 0.7977779344639345 0.8400368296660109 0.8532900864223942 0.9120079430898207 0.9248628933977594 1.0250432138943761 1.0540582031969112 1.1168441637113289 1.1361473204380892 1.2152966196839392 1.3139566406831447 1.4147551244580985 1.586996059434665
130 1560 -0.39838105980838956 -0.06153668327642 0.10906530873942702 0.5466024414652397 0.471599450292516 0.5465492103447877 0.6143294528069841 0.6609341134516706 0.6955987441175692 0.7977779344639345 0.8400368296660109 0.8532900864223942 0.9120079430898207 0.9248628933977594 1.0250432138943761 1.0540582031969112 1.1168441637113289 1.1361473204380892 1.2152966196839392 1.3139566406831447 1.4147551244580985 1.586996059434665
131 1572 -0.39838105980838956 -0.06153668327642 0.10906530873942702 0.5466024414652397 0.471599450292516 0.5465492103447877 0.6143294528069841 0.6609341134516706 0.6955987441175692 0.7977779344639345 0.8400368296660109 0.8532900864223942 0.9120079430898207 0.9248628933977594 1.0250432138943761 1.0540582031969112 1.1168441637113289 1.1361473204380892 1.2152966196839392 1.3139566406831447 1.4147551244580985 1.586996059434665
132 1584 -0.39838105980838956 -0.06153668327642 0.10906530873942702 0.5466024414652397 0.471599450292516 0.5465492103447877 0.6143294528069841 0.6609341134516706 0.6955987441175692 0.7977779344639345 0.8400368296660109 0.8532900864223942 0.9120079430898207 0.9248628933977594 1.0250432138943761 1.0540582031969112 1.1168441637113289 1.1361473204380892 1.2152966196839392 1.3139566406831447 1.4147551244580985 1.586996059434665
133 1596 -0.39838105980838956 -0.06153668327642 0.10906530873942702 0.5466024414652397 0.471599450292516 0.5465492103447877 0.6143294528069841 0.6609341134516706 0.6955987441175692 0.7977779344639345 0.8400368296660109 0.8532900864223942 0.9120079430898207 0.9248628933977594 1.0250432138943761 1.0540582031969112 1.1168441637113289 1.1361473204380892 1.2152966196839392 1.3139566406831447 1.4147551244580985 1.586996059434665
134 1608 -0.39838105980838956 -0.06153668327642 0.10906530873942702 0.5466024414652397 0.471599450292516 0.5465492103447877 0.6143294528069841 0.6609341134516706 0.6955987441175692 0.7977779344639345 0.8400368296660109 0.8532900864223942 0.9120079430898207 0.9248628933977594 1.0250432138943761 1.0540582031969112 1.1168441637113289 1.1361473204380892 1.2152966196839392 1.3139566406831447 1.4147551244580985 1.586996059434665
135 1620 -0.39838105980838956 -0.06153668327642 0.10906530873942702 0.5466024414652397 0.471599450292516 0.5465492103447877 0.6143294528069841 0.6609341134516706 0.6955987441175692 0.7977779344639345 0.8400368296660109 0.8532900864223942 0.9120079430898207 0.9248628933977594 1.0250432138943761 1.0540582031969112 1.1168441637113289 1.1361473204380892 1.2152966196839392 1.3139566406831447 1.4147551244580985 1.586996059434665
136 1632 -0.39838105980838956 -0.06153668327642 0.10906530873942702 0.5466024414652397 0.471599450292516 0.5465492103447877 0.6143294528069841 0.6609341134516706 0.6955987441175692 0.7977779344639345 0.8400368296660109 0.8532900864223942 0.9120079430898207 0.9248628933977594 1.0250432138943761 1.0540582031969112 1.1168441637113289 1.1361473204380892 1.2152966196839392 1.3139566406831447 1.4147551244580985 1.586996059434665
137 1644 -0.39838105980838956 -0.06153668327642 0.10906530873942702 0.5466024414652397 0.471599450292516 0.5465492103447877 0.6143294528069841 0.6609341134516706 0.6955987441175692 0.7977779344639345 0.8400368296660109 0.8532900864223942 0.9120079430898207 0.9248628933977594 1.0250432138943761 1.0540582031969112 1.1168441637113289 1.1361473204380892 1.2152966196839392 1.3139566406831447 1.4147551244580985 1.586996059434665
138 1656 -0.39838105980838956 -0.06153668327642 0.10906530873942702 0.5466024414652397 0.471599450292516 0.5465492103447877 0.6143294528069841 0.6609341134516706 0.6955987441175692 0.7977779344639345 0.8400368296660109 0.8532900864223942 0.9120079430898207 0.9248628933977594 1.0250432138943761 1.0540582031969112 1.1168441637113289 1.1361473204380892 1.2152966196839392 1.3139566406831447 1.4147551244580985 1.586996059434665
139 1668 -0.39838105980838956 -0.06153668327642 0.10906530873942702 0.5466024414652397 0.471599450292516 0.5465492103447877 0.6143294528069841 0.6609341134516706 0.6955987441175692 0.7977779344639345 0.8400368296660109 0.8532900864223942 0.9120079430898207 0.9248628933977594 1.0250432138943761 1.0540582031969112 1.1168441637113289 1.1361473204380892 1.2152966196839392 1.3139566406831447 1.4147551244580985 1.586996059434665
140 1680 -0.39838105980838956 -0.06153668327642 0.10906530873942702 0.5466024414652397 0.471599450292516 0.5465492103447877 0.6143294528069841 0.6609341134516706 0.6955987441175692 0.7977779344639345 0.8400368296660109 0.8532900864223942 0.9120079430898207 0.9248628933977594 1.0250432138943761 1.0540582031969112 1.1168441637113289 1.1361473204380892 1.2152966196839392 1.3139566406831447 1.4147551244580985 1.586996059434665
141 1692 -0.39838105980838956 -0.06153668327642 0.10906530873942702 0.5466024414652397 0.471599450292516 0.5465492103447877 0.6143294528069841 0.6609341134516706 0.6955987441175692 0.7977779344639345 0.8400368296660109 0.8532900864223942 0.9120079430898207 0.9248628933977594 1.0250432138943761 1.0540582031969112 1.1168441637113289 1.1361473204380892 1.2152966196839392 1.3139566406831447 1.4147551244580985 1.586996059434665
142 1704 -0.39838105980838956 -0.06153668327642 0.10906530873942702 0.5466024414652397 0.471599450292516 0.5465492103447877 0.6143294528069841 0.6609341134516706 0.6955987441175692 0.7977779344639345 0.8400368296660109 0.8532900864223942 0.9120079430898207 0.9248628933977594 1.0250432138943761 1.0540582031969112 1.1168441637113289 1.1361473204380892 1.2152966196839392 1.3139566406831447 1.4147551244580985 1.586996059434665
143 1716 -0.39838105980838956 -0.06153668327642 0.10906530873942702 0.5466024414652397 0.471599450292516 0.5465492103447877 0.6143294528069841 0.6609341134516706 0.6955987441175692 0.7977779344639345 0.8400368296660109 0.8532900864223942 0.9120079430898207 0.9248628933977594 1.0250432138943761 1.0540582031969112 1.1168441637113289 1.1361473204380892 1.2152966196839392 1.3139566406831447 1.4147551244580985 1.586996059434665
144 1728 -0.39838105980838956 -0.06153668327642 0.10906530873942702 0.5466024414652397 0.471599450292516 0.5465492103447877 0.6143294528069841 0.6609341134516706 0.6955987441175692 0.7977779344639345 0.8400368296660109 0.8532900864223942 0.9120079430898207 0.9248628933977594 1.0250432138943761 1.0540582031969112 1.1168441637113289 1.1361473204380892 1.2152966196839392 1.3139566406831447 1.4147551244580985 1.586996059434665
145 1740 -0.45584392844211585 -0.060103178710700894 0.09956590221112947 0.5767838074531731 0.43340712101740175 0.5302249476994506 0.5430731165647614 0.6376904665542955 0.7587143840817682 0.7797974437300462 0.7962771679831884 0.8437809927459419 0.9100859997391109 0.9538347828865862 1.0205377552203758 1.0621832322948441 1.122716793279694 1.1640237375576576 1.2237109868509917 1.2466347068994286 1.4428014305483017 1.6257958732065838
146 1752 -0.45584392844211585 -0.060103178710700894 0.09956590221112947 0.5767838074531731 0.43340712101740175 0.5302249476994506 0.5430731165647614 0.6376904665542955 0.7587143840817682 0.7797974437300462 0.7962771679831884 0.8437809927459419 0.9100859997391109 0.9538347828865862 1.0205377552203758 1.0621832322948441 1.122716793279694 1.1640237375576576 1.2237109868509917 1.2466347068994286 1.4428014305483017 1.6257958732065838
147 1764 -0.45584392844211585 -0.060103178710700894 0.09956590221112947 0.5767838074531731 0.43340712101740175 0.5302249476994506 0.5430731165647614 0.6376904665542955 0.7587143840817682 0.7797974437300462 0.7962771679831884 0.8437809927459419 0.9100859997391109 0.9538347828865862 1.0205377552203758 1.0621832322948441 1.122716793279694 1.1640237375576576 1.2237109868509917 1.2466347068994286 1.4428014305483017 1.6257958732065838
148 1776 -0.45584392844211585 -0.060103178710700894 0.09956590221112947 0.5767838074531731 0.43340712101740175 0.5302249476994506 0.5430731165647614 0.6376904665542955 0.7587143840817682 0.7797974437300462 0.7962771679831884 0.8437809927459419 0.9100859997391109 0.9538347828865862 1.0205377552203758 1.0621832322948441 1.122716793279694 1.1640237375576576 1.2237109868509917 1.2466347068994286 1.4428014305483017 1.6257958732065838
149 1788 -0.45584392844211585 -0.060103178710700894 0.09956590221112947 0.5767838074531731 0.43340712101740175 0.5302249476994506 0.5430731165647614 0.6376904665542955 0.7587143840817682 0.7797974437300462 0.7962771679831884 0.8437809927459419 0.9100859997391109 0.9538347828865862 1.0205377552203758 1.0621832322948441 1.122716793279694 1.1640237375576576 1.2237109868509917 1.2466347068994286 1.4428014305483017 1.6257958732065838
150 1800 -0.45584392844211585 -0.060103178710700894 0.09956590221112947 0.5767838074531731 0.43340712101740175 0.5302249476994506 0.5430731165647614 0.6376904665542955 0.7587143840817682 0.7797974437300462 0.7962771679831884 0.8437809927459419 0.9100859997391109 0.9538347828865862 1.0205377552203758 1.0621832322948441 1.122716793279694 1.1640237375576576 1.2237109868509917 1.2466347068994286 1.4428014305483017 1.6257958732065838
151 1812 -0.45584392844211585 -0.060103178710700894 0.09956590221112947 0.5767838074531731 0.43340712101740175 0.5302249476994506 0.5430731165647614 0.6376904665542955 0.7587143840817682 0.7797974437300462 0.7962771679831884 0.8437809927459419 0.9100859997391109 0.9538347828865862 1.0205377552203758 1.0621832322948441 1.122716793279694 1.1640237375576576 1.2237109868509917 1.2466347068994286 1.4428014305483017 1.6257958732065838
152 1824 -0.45584392844211585 -0.060103178710700894 0.09956590221112947 0.5767838074531731 0.43340712101740175 0.5302249476994506 0.5430731165647614 0.6376904665542955 0.7587143840817682 0.7797974437300462 0.7962771679831884 0.8437809927459419 0.9100859997391109 0.9538347828865862 1.0205377552203758 1.0621832322948441 1.122716793279694 1.1640237375576576 1.2237109868509917 1.2466347068994286 1.4428014305483017 1.6257958732065838
153 1836 -0.45584392844211585 -0.060103178710700894 0.09956590221112947 0.5767838074531731 0.43340712101740175 0.5302249476994506 0.5430731165647614 0.6376904665542955 0.7587143840817682 0.7797974437300462 0.7962771679831884 0.8437809927459419 0.9100859997391109 0.9538347828865862 1.0205377552203758 1.0621832322948441 1.122716793279694 1.1640237375576576 1.2237109868509917 1.2466347068994286 1.4428014305483017 1.6257958732065838
154 1848 -0.45584392844211585 -0.060103178710700894 0.09956590221112947 0.5767838074531731 0.43340712101740175 0.5302249476994506 0.5430731165647614 0.6376904665542955 0.7587143840817682 0.7797974437300462 0.7962771679831884 0.8437809927459419 0.9100859997391109 0.9538347828865862 1.0205377552203758 1.0621832322948441 1.122716793279694 1.1640237375576576 1.2237109868509917 1.2466347068994286 1.4428014305483017 1.6257958732065838
155 1860 -0.45584392844211585 -0.060103178710700894 0.09956590221112947 0.5767838074531731 0.43340712101740175 0.5302249476994506 0.5430731165647614 0.6376904665542955 0.7587143840817682 0.7797974437300462 0.7962771679831884 0.8437809927459419 0.9100859997391109 0.9538347828865862 1.0205377552203758 1.0621832322948441 1.122716793279694 1.1640237375576576 1.2237109868509917 1.2466347068994286 1.4428014305483017 1.6257958732065838
156 1872 -0.45584392844211585 -0.060103178710700894 0.09956590221112947 0.5767838074531731 0.43340712101740175 0.5302249476994506 0.5430731165647614 0.6376904665542955 0.7587143840817682 0.7797974437300462 0.7962771679831884 0.8437809927459419 0.9100859997391109 0.9538347828865862 1.0205377552203758 1.0621832322948441 1.122716793279694 1.1640237375576576 1.2237109868509917 1.2466347068994286 1.4428014305483017 1.6257958732065838
157 1884 -0.45584392844211585 -0.060103178710700894 0.09956590221112947 0.5767838074531731 0.43340712101740175 0.5302249476994506 0.5430731165647614 0.6376904665542955 0.7587143840817682 0.7797974437300462 0.7962771679831884 0.8437809927459419 0.9100859997391109 0.9538347828865862 1.0205377552203758 1.0621832322948441 1.122716793279694 1.1640237375576576 1.2237109868509917 1.2466347068994286 1.4428014305483017 1.6257958732065838
158 1896 -0.45584392844211585 -0.060103178710700894 0.09956590221112947 0.5767838074531731 0.43340712101740175 0.5302249476994506 0.5430731165647614 0.6376904665542955 0.7587143840817682 0.7797974437300462 0.7962771679831884 0.8437809927459419 0.9100859997391109 0.9538347828865862 1.0205377552203758 1.0621832322948441 1.122716793279694 1.1640237375576576 1.2237109868509917 1.2466347068994286 1.4428014305483017 1.6257958732065838
159 1908 -0.45584392844211585 -0.060103178710700894 0.09956590221112947 0.5767838074531731 0.43340712101740175 0.5302249476994506 0.5430731165647614 0.6376904665542955 0.7587143840817682 0.7797974437300462 0.7962771679831884 0.8437809927459419 0.9100859997391109 0.9538347828865862 1.0205377552203758 1.0621832322948441 1.122716793279694 1.1640237375576576 1.2237109868509917 1.2466347068994286 1.4428014305483017 1.6257958732065838
160 1920 -0.45584392844211585 -0.060103178710700894 0.09956590221112947 0.5767838074531731 0.43340712101740175 0.5302249476994506 0.5430731165647614 0.6376904665542955 0.7587143840817682 0.7797974437300462 0.7962771679831884 0.8437809927459419 0.9100859997391109 0.9538347828865862 1.0205377552203758 1.0621832322948441 1.122716793279694 1.1640237375576576 1.2237109868509917 1.2466347068994286 1.4428014305483017 1.6257958732065838
161 1932 -0.45584392844211585 -0.060103178710700894 0.09956590221112947 0.5767838074531731 0.43340712101740175 0.5302249476994506 0.5430731165647614 0.6376904665542955 0.7587143840817682 0.7797974437300462 0.7962771679831884 0.8437809927459419 0.9100859997391109 0.9538347828865862 1.0205377552203758 1.0621832322948441 1.122716793279694 1.1640237375576576 1.2237109868509917 1.2466347068994286 1.4428014305483017 1.6257958732065838
162 1944 -0.45584392844211585 -0.060103178710700894 0.09956590221112947 0.5767838074531731 0.43340712101740175 0.5302249476994506 0.5430731165647614 0.6376904665542955 0.7587143840817682 0.7797974437300462 0.7962771679831884 0.8437809927459419 0.9100859997391109 0.9538347828865862 1.0205377552203758 1.0621832322948441 1.122716793279694 1.1640237375576576 1.2237109868509917 1.2466347068994286 1.4428014305483017 1.6257958732065838
163 1956 -0.4794877333111949 -0.06137062042076294 0.10450805135120844 0.5494121468105744 0.4088328798371619 0.5193068616191261 0.5696764557365334 0.6112554973491078 0.6992131516532941 0.7853806760520012 0.8086782249893386 0.8501936567353197 0.8956880369137199 0.9351144174857084 1.0317830663599534 1.072012734106931 1.1340828163452707 1.1828955360755473 1.1949901118617612 1.2801131053177912 1.4596278450923836 1.6153718637821999
164 1968 -0.4794877333111949 -0.06137062042076294 0.10450805135120844 0.5494121468105744 0.4088328798371619 0.5193068616191261 0.5696764557365334 0.6112554973491078 0.6992131516532941 0.7853806760520012 0.8086782249893386 0.8501936567353197 0.8956880369137199 0.9351144174857084 1.0317830663599534 1.072012734106931 1.1340828163452707 1.1828955360755473 1.1949901118617612 1.2801131053177912 1.4596278450923836 1.6153718637821999
165 1980 -0.4794877333111949 -0.06137062042076294 0.10450805135120844 0.5494121468105744 0.4088328798371619 0.5193068616191261 0.5696764557365334 0.6112554973491078 0.6992131516532941 0.7853806760520012 0.8086782249893386 0.8501936567353197 0.8956880369137199 0.9351144174857084 1.0317830663599534 1.072012734106931 1.1340828163452707 1.1828955360755473 1.1949901118617612 1.2801131053177912 1.4596278450923836 1.6153718637821999
166 1992 -0.4794877333111949 -0.06137062042076294 0.10450805135120844 0.5494121468105744 0.4088328798371619 0.5193068616191261 0.5696764557365334 0.6112554973491078 0.6992131516532941 0.7853806760520012 0.8086782249893386 0.8501936567353197 0.8956880369137199 0.9351144174857084 1.0317830663599534 1.072012734106931 1.1340828163452707 1.1828955360755473 1.1949901118617612 1.2801131053177912 1.4596278450923836 1.6153718637821999
167 2004 -0.4794877333111949 -0.06137062042076294 0.10450805135120844 0.5494121468105744 0.4088328798371619 0.5193068616191261 0.5696764557365334 0.6112554973491078 0.6992131516532941 0.7853806760520012 0.8086782249893386 0.8501936567353197 0.8956880369137199 0.9351144174857084 1.0317830663599534 1.072012734106931 1.1340828163452707 1.1828955360755473 1.1949901118617612 1.2801131053177912 1.4596278450923836 1.6153718637821999
168 2016 -0.4794877333111949 -0.06137062042076294 0.10450805135120844 0.5494121468105744 0.4088328798371619 0.5193068616191261 0.5696764557365334 0.6112554973491078 0.6992131516532941 0.7853806760520012 0.8086782249893386 0.8501936567353197 0.8956880369137199 0.9351144174857084 1.0317830663599534 1.072012734106931 1.1340828163452707 1.1828955360755473 1.1949901118617612 1.2801131053177912 1.4596278450923836 1.6153718637821999
169 2028 -0.4794877333111949 -0.06137062042076294 0.10450805135120844 0.5494121468105744 0.4088328798371619 0.5193068616191261 0.5696764557365334 0.6112554973491078 0.6992131516532941 0.7853806760520012 0.8086782249893386 0.8501936567353197 0.8956880369137199 0.9351144174857084 1.0317830663599534 1.072012734106931 1.1340828163452707 1.1828955360755473 1.1949901118617612 1.2801131053177912 1.4596278450923836 1.6153718637821999
170 2040 -0.4794877333111949 -0.06137062042076294 0.10450805135120844 0.5494121468105744 0.4088328798371619 0.5193068616191261 0.5696764557365334 0.6112554973491078 0.6992131516532941 0.7853806760520012 0.8086782249893386 0.8501936567353197 0.8956880369137199 0.9351144174857084 1.0317830663599534 1.072012734106931 1.1340828163452707 1.1828955360755473 1.1949901118617612 1.2801131053177912 1.4596278450923836 1.6153718637821999
171 2052 -0.4794877333111949 -0.06137062042076294 0.10450805135120844 0.5494121468105744 0.4088328798371619 0.5193068616191261 0.5696764557365334 0.6112554973491078 0.6992131516532941 0.7853806760520012 0.8086782249893386 0.8501936567353197 0.8956880369137199 0.9351144174857084 1.0317830663599534 1.072012734106931 1.1340828163452707 1.1828955360755473 1.1949901118617612 1.2801131053177912 1.4596278450923836 1.6153718637821999
172 2064 -0.4794877333111949 -0.06137062042076294 0.10450805135120844 0.5494121468105744 0.4088328798371619 0.5193068616191261 0.5696764557365334 0.6112554973491078 0.6992131516532941 0.7853806760520012 0.8086782249893386 0.8501936567353197 0.8956880369137199 0.9351144174857084 1.0317830663599534 1.072012734106931 1.1340828163452707 1.1828955360755473 1.1949901118617612 1.2801131053177912 1.4596278450923836 1.6153718637821999
173 2076 -0.4794877333111949 -0.06137062042076294 0.10450805135120844 0.5494121468105744 0.4088328798371619 0.5193068616191261 0.5696764557365334 0.6112554973491078 0.6992131516532941 0.7853806760520012 0.8086782249893386 0.8501936567353197 0.8956880369137199 0.9351144174857084 1.0317830663599534 1.072012734106931 1.1340828163452707 1.1828955360755473 1.1949901118617612 1.2801131053177912 1.4596278450923836 1.6153718637821999
174 2088 -0.4794877333111949 -0.06137062042076294 0.10450805135120844 0.5494121468105744 0.4088328798371619 0.5193068616191261 0.5696764557365334 0.6112554973491078 0.6992131516532941 0.7853806760520012 0.8086782249893386 0.8501936567353197 0.8956880369137199 0.9351144174857084 1.0317830663599534 1.072012734106931 1.1340828163452707 1.1828955360755473 1.1949901118617612 1.2801131053177912 1.4596278450923836 1.6153718637821999
175 2100 -0.4794877333111949 -0.06137062042076294 0.10450805135120844 0.5494121468105744 0.4088328798371619 0.5193068616191261 0.5696764557365334 0.6112554973491078 0.6992131516532941 0.7853806760520012 0.8086782249893386 0.8501936567353197 0.8956880369137199 0.9351144174857084 1.0317830663599534 1.072012734106931 1.1340828163452707 1.1828955360755473 1.1949901118617612 1.2801131053177912 1.4596278450923836 1.6153718637821999
176 2112 -0.4794877333111949 -0.06137062042076294 0.10450805135120844 0.5494121468105744 0.4088328798371619 0.5193068616191261 0.5696764557365334 0.6112554973491078 0.6992131516532941 0.7853806760520012 0.8086782249893386 0.8501936567353197 0.8956880369137199 0.9351144174857084 1.0317830663599534 1.072012734106931 1.1340828163452707 1.1828955360755473 1.1949901118617612 1.2801131053177912 1.4596278450923836 1.6153718637821999
177 2124 -0.4794877333111949 -0.06137062042076294 0.10450805135120844 0.5494121468105744 0.4088328798371619 0.5193068616191261 0.5696764557365334 0.6112554973491078 0.6992131516532941 0.7853806760520012 0.8086782249893386 0.8501936567353197 0.8956880369137199 0.9351144174857084 1.0317830663599534 1.072012734106931 1.1340828163452707 1.1828955360755473 1.1949901118617612 1.2801131053177912 1.4596278450923836 1.6153718637821999
178 2136 -0.4794877333111949 -0.06137062042076294 0.10450805135120844 0.5494121468105744 0.4088328798371619 0.5193068616191261 0.5696764557365334 0.6112554973491078 0.6992131516532941 0.7853806760520012 0.8086782249893386 0.8501936567353197 0.8956880369137199 0.9351144174857084 1.0317830663599534 1.072012734106931 1.1340828163452707 1.1828955360755473 1.1949901118617612 1.2801131053177912 1.4596278450923836 1.6153718637821999
179 2148 -0.4794877333111949 -0.06137062042076294 0.10450805135120844 0.5494121468105744 0.4088328798371619 0.5193068616191261 0.5696764557365334 0.6112554973491078 0.6992131516532941 0.7853806760520012 0.8086782249893386 0.8501936567353197 0.8956880369137199 0.9351144174857084 1.0317830663599534 1.072012734106931 1.1340828163452707 1.1828955360755473 1.1949901118617612 1.2801131053177912 1.4596278450923836 1.6153718637821999
180 2160 -0.4794877333111949 -0.06137062042076294 0.10450805135120844 0.5494121468105744 0.4088328798371619 0.5193068616191261 0.5696764557365334 0.6112554973491078 0.6992131516532941 0.7853806760520012 0.8086782249893386 0.8501936567353197 0.8956880369137199 0.9351144174857084 1.0317830663599534 1.072012734106931 1.1340828163452707 1.1828955360755473 1.1949901118617612 1.2801131053177912 1.4596278450923836 1.6153718637821999
181 2172 -0.48337436281703106 -0.0826957916746355 0.10597961684562227 0.5352744863297265 0.38258783073648667 0.5132813484248855 0.5857157175521511 0.597094285401364 0.6725332914650323 0.7669531171269682 0.8050045999560907 0.8322929918080558 0.9169633855485992 0.935290155756039 0.964404062019469 1.0770549057328824 1.1157081183060655 1.1774671658070597 1.219934858379476 1.3226414590783533 1.4678336600042865 1.6371375982539191
182 2184 -0.48337436281703106 -0.0826957916746355 0.10597961684562227 0.5352744863297265 0.38258783073648667 0.5132813484248855 0.5857157175521511 0.597094285401364 0.6725332914650323 0.7669531171269682 0.8050045999560907 0.8322929918080558 0.9169633855485992 0.935290155756039 0.964404062019469 1.0770549057328824 1.1157081183060655 1.1774671658070597 1.219934858379476 1.3226414590783533 1.4678336600042865 1.6371375982539191
183 2196 -0.48337436281703106 -0.0826957916746355 0.10597961684562227 0.5352744863297265 0.38258783073648667 0.5132813484248855 0.5857157175521511 0.597094285401364 0.6725332914650323 0.7669531171269682 0.8050045999560907 0.8322929918080558 0.9169633855485992 0.935290155756039 0.964404062019469 1.0770549057328824 1.1157081183060655 1.1774671658070597 1.219934858379476 1.3226414590783533 1.4678336600042865 1.6371375982539191
184 2208 -0.48337436281703106 -0.0826957916746355 0.10597961684562227 0.5352744863297265 0.38258783073648667 0.5132813484248855 0.5857157175521511 0.597094285401364 0.6725332914650323 0.7669531171269682 0.8050045999560907 0.8322929918080558 0.9169633855485992 0.935290155756039 0.964404062019469 1.0770549057328824 1.1157081183060655 1.1774671658070597 1.219934858379476 1.3226414590783533 1.4678336600042865 1.6371375982539191
185 2220 -0.48337436281703106 -0.0826957916746355 0.10597961684562227 0.5352744863297265 0.38258783073648667 0.5132813484248855 0.5857157175521511 0.597094285401364 0.6725332914650323 0.7669531171269682 0.8050045999560907 0.8322929918080558 0.9169633855485992 0.935290155756039 0.964404062019469 1.0770549057328824 1.1157081183060655 1.1774671658070597 1.219934858379476 1.3226414590783533 1.4678336600042865 1.6371375982539191
186 2232 -0.48337436281703106 -0.0826957916746355 0.10597961684562227 0.5352744863297265 0.38258783073648667 0.5132813484248855 0.5857157175521511 0.597094285401364 0.6725332914650323 0.7669531171269682 0.8050045999560907 0.8322929918080558 0.9169633855485992 0.935290155756039 0.964404062019469 1.0770549057328824 1.1157081183060655 1.1774671658070597 1.219934858379476 1.3226414590783533 1.4678336600042865 1.6371375982539191
187 2244 -0.48337436281703106 -0.0826957916746355 0.10597961684562227 0.5352744863297265 0.38258783073648667 0.5132813484248855 0.5857157175521511 0.597094285401364 0.6725332914650323 0.7669531171269682 0.8050045999560907 0.8322929918080558 0.9169633855485992 0.935290155756039 0.964404062019469 1.0770549057328824 1.1157081183060655 1.1774671658070597 1.219934858379476 1.3226414590783533 1.4678336600042865 1.6371375982539191
188 2256 -0.48337436281703106 -0.0826957916746355 0.10597961684562227 0.5352744863297265 0.38258783073648667 0.5132813484248855 0.5857157175521511 0.597094285401364 0.6725332914650323 0.7669531171269682 0.8050045999560907 0.8322929918080558 0.9169633855485992 0.935290155756039 0.964404062019469 1.0770549057328824 1.1157081183060655 1.1774671658070597 1.219934858379476 1.3226414590783533 1.4678336600042865 1.6371375982539191
189 2268 -0.48337436281703106 -0.0826957916746355 0.10597961684562227 0.5352744863297265 0.38258783073648667 0.5132813484248855 0.5857157175521511 0.597094285401364 0.6725332914650323 0.7669531171269682 0.8050045999560907 0.8322929918080558 0.9169633855485992 0.935290155756039 0.964404062019469 1.0770549057328824 1.1157081183060655 1.1774671658070597 1.219934858379476 1.3226414590783533 1.4678336600042865 1.6371375982539191
190 2280 -0.48337436281703106 -0.0826957916746355 0.10597961684562227 0.5352744863297265 0.38258783073648667 0.5132813484248855 0.5857157175521511 0.597094285401364 0.6725332914650323 0.7669531171269682 0.8050045999560907 0.8322929918080558 0.9169633855485992 0.935290155756039 0.964404062019469 1.0770549057328824 1.1157081183060655 1.1774671658070597 1.219934858379476 1.3226414590783533 1.4678336600042865 1.6371375982539191
191 2292 -0.48337436281703106 -0.0826957916746355 0.10597961684562227 0.5352744863297265 0.38258783073648667 0.5132813484248855 0.5857157175521511 0.597094285401364 0.6725332914650323 0.7669531171269682 0.8050045999560907 0.8322929918080558 0.9169633855485992 0.935290155756039 0.964404062019469 1.0770549057328824 1.1157081183060655 1.1774671658070597 1.219934858379476 1.3226414590783533 1.4678336600042865 1.6371375982539191
192 2304 -0.48337436281703106 -0.0826957916746355 0.10597961684562227 0.5352744863297265 0.38258783073648667 0.5132813484248855 0.5857157175521511 0.597094285401364 0.6725332914650323 0.7669531171269682 0.8050045999560907 0.8322929918080558 0.9169633855485992 0.935290155756039 0.964404062019469 1.0770549057328824 1.1157081183060655 1.1774671658070597 1.219934858379476 1.3226414590783533 1.4678336600042865 1.6371375982539191
193 2316 -0.48337436281703106 -0.0826957916746355 0.10597961684562227 0.5352744863297265 0.38258783073648667 0.5132813484248855 0.5857157175521511 0.597094285401364 0.6725332914650323 0.7669531171269682 0.8050045999560907 0.8322929918080558 0.9169633855485992 0.935290155756039 0.964404062019469 1.0770549057328824 1.1157081183060655 1.1774671658070597 1.219934858379476 1.3226414590783533 1.4678336600042865 1.6371375982539191
194 2328 -0.48337436281703106 -0.0826957916746355 0.10597961684562227 0.5352744863297265 0.38258783073648667 0.5132813484248855 0.5857157175521511 0.597094285401364 0.6725332914650323 0.7669531171269682 0.8050045999560907 0.8322929918080558 0.9169633855485992 0.935290155756039 0.964404062019469 1.0770549057328824 1.1157081183060655 1.1774671658070597 1.219934858379476 1.3226414590783533 1.4678336600042865 1.6371375982539191
195 2340 -0.48337436281703106 -0.0826957916746355 0.10597961684562227 0.5352744863297265 0.38258783073648667 0.5132813484248855 0.5857157175521511 0.597094285401364 0.6725332914650323 0.7669531171269682 0.8050045999560907 0.8322929918080558 0.9169633855485992 0.935290155756039 0.964404062019469 1.0770549057328824 1.1157081183060655 1.1774671658070597 1.219934858379476 1.3226414590783533 1.4678336600042865 1.6371375982539191
196 2352 -0.48337436281703106 -0.0826957916746355 0.10597961684562227 0.5352744863297265 0.38258783073648667 0.5132813484248855 0.5857157175521511 0.597094285401364 0.6725332914650323 0.7669531171269682 0.8050045999560907 0.8322929918080558 0.9169633855485992 0.935290155756039 0.964404062019469 1.0770549057328824 1.1157081183060655 1.1774671658070597 1.219934858379476 1.3226414590783533 1.4678336600042865 1.6371375982539191
197 2364 -0.48337436281703106 -0.0826957916746355 0.10597961684562227 0.5352744863297265 0.38258783073648667 0.5132813484248855 0.5857157175521511 0.597094285401364 0.6725332914650323 0.7669531171269682 0.8050045999560907 0.8322929918080558 0.9169633855485992 0.935290155756039 0.964404062019469 1.0770549057328824 1.1157081183060655 1.1774671658070597 1.219934858379476 1.3226414590783533 1.4678336600042865 1.6371375982539191
198 2376 -0.48337436281703106 -0.0826957916746355 0.10597961684562227 0.5352744863297265 0.38258783073648667 0.5132813484248855 0.5857157175521511 0.597094285401364 0.6725332914650323 0.7669531171269682 0.8050045999560907 0.8322929918080558 0.9169633855485992 0.935290155756039 0.964404062019469 1.0770549057328824 1.1157081183060655 1.1774671658070597 1.219934858379476 1.3226414590783533 1.4678336600042865 1.6371375982539191
199 2388 -0.48156388286831897 -0.09417003307332421 0.12420003220384922 0.4732878808909481 0.4120479461248096 0.5142634052097227 0.5719305899144764 0.6114471760075494 0.6657994366108745 0.7211860648299472 0.7759786442304616 0.8264356061875746 0.857712618945846 0.9243349817990509 0.9710880025596539 1.084218567189248 1.1347190673266854 1.2040834775622946 1.2383542857378582 1.3395310151592394 1.4478366928693347 1.6571458714113672
200 2400 -0.48156388286831897 -0.09417003307332421 0.12420003220384922 0.4732878808909481 0.4120479461248096 0.5142634052097227 0.5719305899144764 0.6114471760075494 0.6657994366108745 0.7211860648299472 0.7759786442304616 0.8264356061875746 0.857712618945846 0.9243349817990509 0.9710880025596539 1.084218567189248 1.1347190673266854 1.2040834775622946 1.2383542857378582 1.3395310151592394 1.4478366928693347 1.6571458714113672
201 2412 -0.48156388286831897 -0.09417003307332421 0.12420003220384922 0.4732878808909481 0.4120479461248096 0.5142634052097227 0.5719305899144764 0.6114471760075494 0.6657994366108745 0.7211860648299472 0.7759786442304616 0.8264356061875746 0.857712618945846 0.9243349817990509 0.9710880025596539 1.084218567189248 1.1347190673266854 1.2040834775622946 1.2383542857378582 1.3395310151592394 1.4478366928693347 1.6571458714113672
202 2424 -0.48156388286831897 -0.09417003307332421 0.12420003220384922 0.4732878808909481 0.4120479461248096 0.5142634052097227 0.5719305899144764 0.6114471760075494 0.6657994366108745 0.7211860648299472 0.7759786442304616 0.8264356061875746 0.857712618945846 0.9243349817990509 0.9710880025596539 1.084218567189248 1.1347190673266854 1.2040834775622946 1.2383542857378582 1.3395310151592394 1.4478366928693347 1.6571458714113672
203 2436 -0.48156388286831897 -0.09417003307332421 0.12420003220384922 0.4732878808909481 0.4120479461248096 0.5142634052097227 0.5719305899144764 0.6114471760075494 0.6657994366108745 0.7211860648299472 0.7759786442304616 0.8264356061875746 0.857712618945846 0.9243349817990509 0.9710880025596539 1.084218567189248 1.1347190673266854 1.2040834775622946 1.2383542857378582 1.3395310151592394 1.4478366928693347 1.6571458714113672
204 2448 -0.48156388286831897 -0.09417003307332421 0.12420003220384922 0.4732878808909481 0.4120479461248096 0.5142634052097227 0.5719305899144764 0.6114471760075494 0.6657994366108745 0.7211860648299472 0.7759786442304616 0.8264356061875746 0.857712618945846 0.9243349817990509 0.9710880025596539 1.084218567189248 1.1347190673266854 1.2040834775622946 1.2383542857378582 1.3395310151592394 1.4478366928693347 1.6571458714113672
205 2460 -0.48156388286831897 -0.09417003307332421 0.12420003220384922 0.4732878808909481 0.4120479461248096 0.5142634052097227 0.5719305899144764 0.6114471760075494 0.6657994366108745 0.7211860648299472 0.7759786442304616 0.8264356061875746 0.857712618945846 0.9243349817990509 0.9710880025596539 1.084218567189248 1.1347190673266854 1.2040834775622946 1.2383542857378582 1.3395310151592394 1.4478366928693347 1.6571458714113672
206 2472 -0.48156388286831897 -0.09417003307332421 0.12420003220384922 0.4732878808909481 0.4120479461248096 0.5142634052097227 0.5719305899144764 0.6114471760075494 0.6657994366108745 0.7211860648299472 0.7759786442304616 0.8264356061875746 0.857712618945846 0.9243349817990509 0.9710880025596539 1.084218567189248 1.1347190673266854 1.2040834775622946 1.2383542857378582 1.3395310151592394 1.4478366928693347 1.6571458714113672
207 2484 -0.48156388286831897 -0.09417003307332421 0.12420003220384922 0.4732878808909481 0.4120479461248096 0.5142634052097227 0.5719305899144764 0.6114471760075494 0.6657994366108745 0.7211860648299472 0.7759786442304616 0.8264356061875746 0.857712618945846 0.9243349817990509 0.9710880025596539 1.084218567189248 1.1347190673266854 1.2040834775622946 1.2383542857378582 1.3395310151592394 1.4478366928693347 1.6571458714113672
208 2496 -0.48156388286831897 -0.09417003307332421 0.12420003220384922 0.4732878808909481 0.4120479461248096 0.5142634052097227 0.5719305899144764 0.6114471760075494 0.6657994366108745 0.7211860648299472 0.7759786442304616 0.8264356061875746 0.857712618945846 0.9243349817990509 0.9710880025596539 1.084218567189248 1.1347190673266854 1.2040834775622946 1.2383542857378582 1.3395310151592394 1.4478366928693347 1.6571458714113672
209 2508 -0.48156388286831897 -0.09417003307332421 0.12420003220384922 0.4732878808909481 0.4120479461248096 0.5142634052097227 0.5719305899144764 0.6114471760075494 0.6657994366108745 0.7211860648299472 0.7759786442304616 0.8264356061875746 0.857712618945846 0.9243349817990509 0.9710880025596539 1.084218567189248 1.1347190673266854 1.2040834775622946 1.2383542857378582 1.3395310151592394 1.4478366928693347 1.6571458714113672
210 2520 -0.48156388286831897 -0.09417003307332421 0.12420003220384922 0.4732878808909481 0.4120479461248096 0.5142634052097227 0.5719305899144764 0.6114471760075494 0.6657994366108745 0.7211860648299472 0.7759786442304616 0.8264356061875746 0.857712618945846 0.9243349817990509 0.9710880025596539 1.084218567189248 1.1347190673266854 1.2040834775622946 1.2383542857378582 1.3395310151592394 1.4478366928693347 1.6571458714113672
211 2532 -0.48156388286831897 -0.09417003307332421 0.12420003220384922 0.4732878808909481 0.4120479461248096 0.5142634052097227 0.5719305899144764 0.6114471760075494 0.6657994366108745 0.7211860648299472 0.7759786442304616 0.8264356061875746 0.857712618945846 0.9243349817990509 0.9710880025596539 1.084218567189248 1.1347190673266854 1.2040834775622946 1.2383542857378582 1.3395310151592394 1.4478366928693347 1.6571458714113672
212 2544 -0.48156388286831897 -0.09417003307332421 0.12420003220384922 0.4732878808909481 0.4120479461248096 0.5142634052097227 0.5719305899144764 0.6114471760075494 0.6657994366108745 0.7211860648299472 0.7759786442304616 0.8264356061875746 0.857712618945846 0.9243349817990509 0.9710880025596539 1.084218567189248 1.1347190673266854 1.2040834775622946 1.2383542857378582 1.3395310151592394 1.4478366928693347 1.6571458714113672
213 2556 -0.48156388286831897 -0.09417003307332421 0.12420003220384922 0.4732878808909481 0.4120479461248096 0.5142634052097227 0.5719305899144764 0.6114471760075494 0.6657994366108745 0.7211860648299472 0.7759786442304616 0.8264356061875746 0.857712618945846 0.9243349817990509 0.9710880025596539 1.084218567189248 1.1347190673266854 1.2040834775622946 1.2383542857378582 1.3395310151592394 1.4478366928693347 1.6571458714113672
214 2568 -0.48156388286831897 -0.09417003307332421 0.12420003220384922 0.4732878808909481 0.4120479461248096 0.5142634052097227 0.5719305899144764 0.6114471760075494 0.6657994366108745 0.7211860648299472 0.7759786442304616 0.8264356061875746 0.857712618945846 0.9243349817990509 0.9710880025596539 1.084218567189248 1.1347190673266854 1.2040834775622946 1.2383542857378582 1.3395310151592394 1.4478366928693347 1.6571458714113672
215 2580 -0.48156388286831897 -0.09417003307332421 0.12420003220384922 0.4732878808909481 0.4120479461248096 0.5142634052097227 0.5719305899144764 0.6114471760075494 0.6657994366108745 0.7211860648299472 0.7759786442304616 0.8264356061875746 0.857712618945846 0.9243349817990509 0.9710880025596539 1.084218567189248 1.1347190673266854 1.2040834775622946 1.2383542857378582 1.3395310151592394 1.4478366928693347 1.6571458714113672
216 2592 -0.48156388286831897 -0.09417003307332421 0.12420003220384922 0.4732878808909481 0.4120479461248096 0.5142634052097227 0.5719305899144764 0.6114471760075494 0.6657994366108745 0.7211860648299472 0.7759786442304616 0.8264356061875746 0.857712618945846 0.9243349817990509 0.9710880025596539 1.084218567189248 1.1347190673266854 1.2040834775622946 1.2383542857378582 1.3395310151592394 1.4478366928693347 1.6571458714113672
217 2604 -0.5014018528126497 -0.10276164584762805 0.121095395756868 0.5566573552211088 0.388781060468069 0.4741496138977736 0.5773430189938048 0.6168757008651253 0.6641896231516653 0.6927847244579973 0.7243913139226463 0.7977738943935807 0.866196025401606 0.912583011871892 0.9397762728380569 1.0765604613682112 1.1468539367634991 1.1602057810276971 1.2337438293916754 1.3536233834199893 1.516624550011563 1.6990290272992294
218 2616 -0.5014018528126497 -0.10276164584762805 0.121095395756868 0.5566573552211088 0.388781060468069 0.4741496138977736 0.5773430189938048 0.6168757008651253 0.6641896231516653 0.6927847244579973 0.7243913139226463 0.7977738943935807 0.866196025401606 0.912583011871892 0.9397762728380569 1.0765604613682112 1.1468539367634991 1.1602057810276971 1.2337438293916754 1.3536233834199893 1.516624550011563 1.6990290272992294
219 2628 -0.5014018528126497 -0.10276164584762805 0.121095395756868 0.5566573552211088 0.388781060468069 0.4741496138977736 0.5773430189938048 0.6168757008651253 0.6641896231516653 0.6927847244579973 0.7243913139226463 0.7977738943935807 0.866196025401606 0.912583011871892 0.9397762728380569 1.0765604613682112 1.1468539367634991 1.1602057810276971 1.2337438293916754 1.3536233834199893 1.516624550011563 1.6990290272992294
220 2640 -0.5014018528126497 -0.10276164584762805 0.121095395756868 0.5566573552211088 0.388781060468069 0.4741496138977736 0.5773430189938048 0.6168757008651253 0.6641896231516653 0.6927847244579973 0.7243913139226463 0.7977738943935807 0.866196025401606 0.912583011871892 0.9397762728380569 1.0765604613682112 1.1468539367634991 1.1602057810276971 1.2337438293916754 1.3536233834199893 1.516624550011563 1.6990290272992294
221 2652 -0.5014018528126497 -0.10276164584762805 0.121095395756868 0.5566573552211088 0.388781060468069 0.4741496138977736 0.5773430189938048 0.6168757008651253 0.6641896231516653 0.6927847244579973 0.7243913139226463 0.7977738943935807 0.866196025401606 0.912583011871892 0.9397762728380569 1.0765604613682112 1.1468539367634991 1.1602057810276971 1.2337438293916754 1.3536233834199893 1.516624550011563 1.6990290272992294
222 2664 -0.5014018528126497 -0.10276164584762805 0.121095395756868 0.5566573552211088 0.388781060468069 0.4741496138977736 0.5773430189938048 0.6168757008651253 0.6641896231516653 0.6927847244579973 0.7243913139226463 0.7977738943935807 0.866196025401606 0.912583011871892 0.9397762728380569 1.0765604613682112 1.1468539367634991 1.1602057810276971 1.2337438293916754 1.3536233834199893 1.516624550011563 1.6990290272992294
223 2676 -0.5014018528126497 -0.10276164584762805 0.121095395756868 0.5566573552211088 0.388781060468069 0.4741496138977736 0.5773430189938048 0.6168757008651253 0.6641896231516653 0.6927847244579973 0.7243913139226463 0.7977738943935807 0.866196025401606 0.912583011871892 0.9397762728380569 1.0765604613682112 1.1468539367634991 1.1602057810276971 1.2337438293916754 1.3536233834199893 1.516624550011563 1.6990290272992294
224 2688 -0.5014018528126497 -0.10276164584762805 0.121095395756868 0.5566573552211088 0.388781060468069 0.4741496138977736 0.5773430189938048 0.6168757008651253 0.6641896231516653 0.6927847244579973 0.7243913139226463 0.7977738943935807 0.866196025401606 0.912583011871892 0.9397762728380569 1.0765604613682112 1.1468539367634991 1.1602057810276971 1.2337438293916754 1.3536233834199893 1.516624550011563 1.6990290272992294
225 2700 -0.5014018528126497 -0.10276164584762805 0.121095395756868 0.5566573552211088 0.388781060468069 0.4741496138977736 0.5773430189938048 0.6168757008651253 0.6641896231516653 0.6927847244579973 0.7243913139226463 0.7977738943935807 0.866196025401606 0.912583011871892 0.9397762728380569 1.0765604613682112 1.1468539367634991 1.1602057810276971 1.2337438293916754 1.3536233834199893 1.516624550011563 1.6990290272992294
226 2712 -0.5014018528126497 -0.10276164584762805 0.121095395756868 0.5566573552211088 0.388781060468069 0.4741496138977736 0.5773430189938048 0.6168757008651253 0.6641896231516653 0.6927847244579973 0.7243913139226463 0.7977738943935807 0.866196025401606 0.912583011871892 0.9397762728380569 1.0765604613682112 1.1468539367634991 1.1602057810276971 1.2337438293916754 1.3536233834199893 1.516624550011563 1.6990290272992294
227 2724 -0.5014018528126497 -0.10276164584762805 0.121095395756868 0.5566573552211088 0.388781060468069 0.4741496138977736 0.5773430189938048 0.6168757008651253 0.6641896231516653 0.6927847244579973 0.7243913139226463 0.7977738943935807 0.866196025401606 0.912583011871892 0.9397762728380569 1.0765604613682112 1.1468539367634991 1.1602057810276971 1.2337438293916754 1.3536233834199893 1.516624550011563 1.6990290272992294
228 2736 -0.5014018528126497 -0.10276164584762805 0.121095395756868 0.5566573552211088 0.388781060468069 0.4741496138977736 0.5773430189938048 0.6168757008651253 0.6641896231516653 0.6927847244579973 0.7243913139226463 0.7977738943935807 0.866196025401606 0.912583011871892 0.9397762728380569 1.0765604613682112 1.1468539367634991 1.1602057810276971 1.2337438293916754 1.3536233834199893 1.516624550011563 1.6990290272992294
229 2748 -0.5014018528126497 -0.10276164584762805 0.121095395756868 0.5566573552211088 0.388781060468069 0.4741496138977736 0.5773430189938048 0.6168757008651253 0.6641896231516653 0.6927847244579973 0.7243913139226463 0.7977738943935807 0.866196025401606 0.912583011871892 0.9397762728380569 1.0765604613682112 1.1468539367634991 1.1602057810276971 1.2337438293916754 1.3536233834199893 1.516624550011563 1.6990290272992294
230 2760 -0.5014018528126497 -0.10276164584762805 0.121095395756868 0.5566573552211088 0.388781060468069 0.4741496138977736 0.5773430189938048 0.6168757008651253 0.6641896231516653 0.6927847244579973 0.7243913139226463 0.7977738943935807 0.866196025401606 0.912583011871892 0.9397762728380569 1.0765604613682112 1.1468539367634991 1.1602057810276971 1.2337438293916754 1.3536233834199893 1.516624550011563 1.6990290272992294
231 2772 -0.5014018528126497 -0.10276164584762805 0.121095395756868 0.5566573552211088 0.388781060468069 0.4741496138977736 0.5773430189938048 0.6168757008651253 0.6641896231516653 0.6927847244579973 0.7243913139226463 0.7977738943935807 0.866196025401606 0.912583011871892 0.9397762728380569 1.0765604613682112 1.1468539367634991 1.1602057810276971 1.2337438293916754 1.3536233834199893 1.516624550011563 1.6990290272992294
232 2784 -0.5014018528126497 -0.10276164584762805 0.121095395756868 0.5566573552211088 0.388781060468069 0.4741496138977736 0.5773430189938048 0.6168757008651253 0.6641896231516653 0.6927847244579973 0.7243913139226463 0.7977738943935807 0.866196025401606 0.912583011871892 0.9397762728380569 1.0765604613682112 1.1468539367634991 1.1602057810276971 1.2337438293916754 1.3536233834199893 1.516624550011563 1.6990290272992294
233 2796 -0.5014018528126497 -0.10276164584762805 0.121095395756868 0.5566573552211088 0.388781060468069 0.4741496138977736 0.5773430189938048 0.6168757008651253 0.6641896231516653 0.6927847244579973 0.7243913139226463 0.7977738943935807 0.866196025401606 0.912583011871892 0.9397762728380569 1.0765604613682112 1.1468539367634991 1.1602057810276971 1.2337438293916754 1.3536233834199893 1.516624550011563 1.6990290272992294
234 2808 -0.5014018528126497 -0.10276164584762805 0.121095395756868 0.5566573552211088 0.388781060468069 0.4741496138977736 0.5773430189938048 0.6168757008651253 0.6641896231516653 0.6927847244579973 0.7243913139226463 0.7977738943935807 0.866196025401606 0.912583011871892 0.9397762728380569 1.0765604613682112 1.1468539367634991 1.1602057810276971 1.2337438293916754 1.3536233834199893 1.516624550011563 1.6990290272992294
235 2820 -0.5179840584141623 -0.10659850738499876 0.10879908672075193 0.5013861545966357 0.37218893449355667 0.4196100926663475 0.5469452356358621 0.5794324619153536 0.6368533846806043 0.7104553633095608 0.7509997267609685 0.7924484893265522 0.8484206454185055 0.898025642928277 0.9627488630676116 1.0524474144576437 1.1183642453999862 1.1733539952465475 1.255450015678974 1.3964234225365764 1.5211805274695684 1.708732678260739
236 2832 -0.5179840584141623 -0.10659850738499876 0.10879908672075193 0.5013861545966357 0.37218893449355667 0.4196100926663475 0.5469452356358621 0.5794324619153536 0.6368533846806043 0.7104553633095608 0.7509997267609685 0.7924484893265522 0.8484206454185055 0.898025642928277 0.9627488630676116 1.0524474144576437 1.1183642453999862 1.1733539952465475 1.255450015678974 1.3964234225365764 1.5211805274695684 1.708732678260739
237 2844 -0.5179840584141623 -0.10659850738499876 0.10879908672075193 0.5013861545966357 0.37218893449355667 0.4196100926663475 0.5469452356358621 0.5794324619153536 0.6368533846806043 0.7104553633095608 0.7509997267609685 0.7924484893265522 0.8484206454185055 0.898025642928277 0.9627488630676116 1.0524474144576437 1.1183642453999862 1.1733539952465475 1.255450015678974 1.3964234225365764 1.5211805274695684 1.708732678260739
238 2856 -0.5179840584141623 -0.10659850738499876 0.10879908672075193 0.5013861545966357 0.37218893449355667 0.4196100926663475 0.5469452356358621 0.5794324619153536 0.6368533846806043 0.7104553633095608 0.7509997267609685 0.7924484893265522 0.8484206454185055 0.898025642928277 0.9627488630676116 1.0524474144576437 1.1183642453999862 1.1733539952465475 1.255450015678974 1.3964234225365764 1.5211805274695684 1.708732678260739
239 2868 -0.5179840584141623 -0.10659850738499876 0.10879908672075193 0.5013861545966357 0.37218893449355667 0.4196100926663475 0.5469452356358621 0.5794324619153536 0.6368533846806043 0.7104553633095608 0.7509997267609685 0.7924484893265522 0.8484206454185055 0.898025642928277 0.9627488630676116 1.0524474144576437 1.1183642453999862 1.1733539952465475 1.255450015678974 1.3964234225365764 1.5211805274695684 1.708732678260739
240 2880 -0.5179840584141623 -0.10659850738499876 0.10879908672075193 0.5013861545966357 0.37218893449355667 0.4196100926663475 0.5469452356358621 0.5794324619153536 0.6368533846806043 0.7104553633095608 0.7509997267609685 0.7924484893265522 0.8484206454185055 0.898025642928277 0.9627488630676116 1.0524474144576437 1.1183642453999862 1.1733539952465475 1.255450015678974 1.3964234225365764 1.5211805274695684 1.708732678260739
241 2892 -0.5179840584141623 -0.10659850738499876 0.10879908672075193 0.5013861545966357 0.37218893449355667 0.4196100926663475 0.5469452356358621 0.5794324619153536 0.6368533846806043 0.7104553633095608 0.7509997267609685 0.7924484893265522 0.8484206454185055 0.898025642928277 0.9627488630676116 1.0524474144576437 1.1183642453999862 1.1733539952465475 1.255450015678974 1.3964234225365764 1.5211805274695684 1.708732678260739
242 2904 -0.5179840584141623 -0.10659850738499876 0.10879908672075193 0.5013861545966357 0.37218893449355667 0.4196100926663475 0.5469452356358621 0.5794324619153536 0.6368533846806043 0.7104553633095608 0.7509997267609685 0.7924484893265522 0.8484206454185055 0.898025642928277 0.9627488630676116 1.0524474144576437 1.1183642453999862 1.1733539952465475 1.255450015678974 1.3964234225365764 1.5211805274695684 1.708732678260739
243 2916 -0.5179840584141623 -0.10659850738499876 0.10879908672075193 0.5013861545966357 0.37218893449355667 0.4196100926663475 0.5469452356358621 0.5794324619153536 0.6368533846806043 0.7104553633095608 0.7509997267609685 0.7924484893265522 0.8484206454185055 0.898025642928277 0.9627488630676116 1.0524474144576437 1.1183642453999862 1.1733539952465475 1.255450015678974 1.3964234225365764 1.5211805274695684 1.708732678260739
244 2928 -0.5179840584141623 -0.10659850738499876 0.10879908672075193 0.5013861545966357 0.37218893449355667 0.4196100926663475 0.5469452356358621 0.5794324619153536 0.6368533846806043 0.7104553633095608 0.7509997267609685 0.7924484893265522 0.8484206454185055 0.898025642928277 0.9627488630676116 1.0524474144576437 1.1183642453999862 1.1733539952465475 1.255450015678974 1.3964234225365764 1.5211805274695684 1.708732678260739
245 2940 -0.5179840584141623 -0.10659850738499876 0.10879908672075193 0.5013861545966357 0.37218893449355667 0.4196100926663475 0.5469452356358621 0.5794324619153536 0.6368533846806043 0.7104553633095608 0.7509997267609685 0.7924484893265522 0.8484206454185055 0.898025642928277 0.9627488630676116 1.0524474144576437 1.1183642453999862 1.1733539952465475 1.255450015678974 1.3964234225365764 1.5211805274695684 1.708732678260739
246 2952 -0.5179840584141623 -0.10659850738499876 0.10879908672075193 0.5013861545966357 0.37218893449355667 0.4196100926663475 0.5469452356358621 0.5794324619153536 0.6368533846806043 0.7104553633095608 0.7509997267609685 0.7924484893265522 0.8484206454185055 0.898025642928277 0.9627488630676116 1.0524474144576437 1.1183642453999862 1.1733539952465475 1.255450015678974 1.3964234225365764 1.5211805274695684 1.708732678260739
247 2964 -0.5179840584141623 -0.10659850738499876 0.10879908672075193 0.5013861545966357 0.37218893449355667 0.4196100926663475 0.5469452356358621 0.5794324619153536 0.6368533846806043 0.7104553633095608 0.7509997267609685 0.7924484893265522 0.8484206454185055 0.898025642928277 0.9627488630676116 1.0524474144576437 1.1183642453999862 1.1733539952465475 1.255450015678974 1.3964234225365764 1.5211805274695684 1.708732678260739
248 2976 -0.5179840584141623 -0.10659850738499876 0.10879908672075193 0.5013861545966357 0.37218893449355667 0.4196100926663475 0.5469452356358621 0.5794324619153536 0.6368533846806043 0.7104553633095608 0.7509997267609685 0.7924484893265522 0.8484206454185055 0.898025642928277 0.9627488630676116 1.0524474144576437 1.1183642453999862 1.1733539952465475 1.255450015678974 1.3964234225365764 1.5211805274695684 1.708732678260739
249 2988 -0.5179840584141623 -0.10659850738499876 0.10879908672075193 0.5013861545966357 0.37218893449355667 0.4196100926663475 0.5469452356358621 0.5794324619153536 0.6368533846806043 0.7104553633095608 0.7509997267609685 0.7924484893265522 0.8484206454185055 0.898025642928277 0.9627488630676116 1.0524474144576437 1.1183642453999862 1.1733539952465475 1.255450015678974 1.3964234225365764 1.5211805274695684 1.708732678260739
250 3000 -0.5179840584141623 -0.10659850738499876 0.10879908672075193 0.5013861545966357 0.37218893449355667 0.4196100926663475 0.5469452356358621 0.5794324619153536 0.6368533846806043 0.7104553633095608 0.7509997267609685 0.7924484893265522 0.8484206454185055 0.898025642928277 0.9627488630676116 1.0524474144576437 1.1183642453999862 1.1733539952465475 1.255450015678974 1.3964234225365764 1.5211805274695684 1.708732678260739
251 3012 -0.5179840584141623 -0.10659850738499876 0.10879908672075193 0.5013861545966357 0.37218893449355667 0.4196100926663475 0.5469452356358621 0.5794324619153536 0.6368533846806043 0.7104553633095608 0.7509997267609685 0.7924484893265522 0.8484206454185055 0.898025642928277 0.9627488630676116 1.0524474144576437 1.1183642453999862 1.1733539952465475 1.255450015678974 1.3964234225365764 1.5211805274695684 1.708732678260739
252 3024 -0.5179840584141623 -0.10659850738499876 0.10879908672075193 0.5013861545966357 0.37218893449355667 0.4196100926663475 0.5469452356358621 0.5794324619153536 0.6368533846806043 0.7104553633095608 0.7509997267609685 0.7924484893265522 0.8484206454185055 0.898025642928277 0.9627488630676116 1.0524474144576437 1.1183642453999862 1.1733539952465475 1.255450015678974 1.3964234225365764 1.5211805274695684 1.708732678260739
253 3036 -0.5089711078923569 -0.10806141688371856 0.12339925402136655 0.49719463444209866 0.35591389165066456 0.41883288433603805 0.5433698230847936 0.5714532260938351 0.6447517192519712 0.7137872327940599 0.7459791633065881 0.7957472225387331 0.8714291687909684 0.9060619980256112 0.9831260594869147 1.0371490172845654 1.1212931272302686 1.1464447672858418 1.2792854875356072 1.433075808193293 1.4608167764290587 1.7154445415386161
254 3048 -0.5089711078923569 -0.10806141688371856 0.12339925402136655 0.49719463444209866 0.35591389165066456 0.41883288433603805 0.5433698230847936 0.5714532260938351 0.6447517192519712 0.7137872327940599 0.7459791633065881 0.7957472225387331 0.8714291687909684 0.9060619980256112 0.9831260594869147 1.0371490172845654 1.1212931272302686 1.1464447672858418 1.2792854875356072 1.433075808193293 1.4608167764290587 1.7154445415386161
255 3060 -0.5089711078923569 -0.10806141688371856 0.12339925402136655 0.49719463444209866 0.35591389165066456 0.41883288433603805 0.5433698230847936 0.5714532260938351 0.6447517192519712 0.7137872327940599 0.7459791633065881 0.7957472225387331 0.8714291687909684 0.9060619980256112 0.9831260594869147 1.0371490172845654 1.1212931272302686 1.1464447672858418 1.2792854875356072 1.433075808193293 1.4608167764290587 1.7154445415386161
256 3072 -0.5089711078923569 -0.10806141688371856 0.12339925402136655 0.49719463444209866 0.35591389165066456 0.41883288433603805 0.5433698230847936 0.5714532260938351 0.6447517192519712 0.7137872327940599 0.7459791633065881 0.7957472225387331 0.8714291687909684 0.9060619980256112 0.9831260594869147 1.0371490172845654 1.1212931272302686 1.1464447672858418 1.2792854875356072 1.433075808193293 1.4608167764290587 1.7154445415386161
257 3084 -0.5089711078923569 -0.10806141688371856 0.12339925402136655 0.49719463444209866 0.35591389165066456 0.41883288433603805 0.5433698230847936 0.5714532260938351 0.6447517192519712 0.7137872327940599 0.7459791633065881 0.7957472225387331 0.8714291687909684 0.9060619980256112 0.9831260594869147 1.0371490172845654 1.1212931272302686 1.1464447672858418 1.2792854875356072 1.433075808193293 1.4608167764290587 1.7154445415386161
258 3096 -0.5089711078923569 -0.10806141688371856 0.12339925402136655 0.49719463444209866 0.35591389165066456 0.41883288433603805 0.5433698230847936 0.5714532260938351 0.6447517192519712 0.7137872327940599 0.7459791633065881 0.7957472225387331 0.8714291687909684 0.9060619980256112 0.9831260594869147 1.0371490172845654 1.1212931272302686 1.1464447672858418 1.2792854875356072 1.433075808193293 1.4608167764290587 1.7154445415386161
259 3108 -0.5089711078923569 -0.10806141688371856 0.12339925402136655 0.49719463444209866 0.35591389165066456 0.41883288433603805 0.5433698230847936 0.5714532260938351 0.6447517192519712 0.7137872327940599 0.7459791633065881 0.7957472225387331 0.8714291687909684 0.9060619980256112 0.9831260594869147 1.0371490172845654 1.1212931272302686 1.1464447672858418 1.2792854875356072 1.433075808193293 1.4608167764290587 1.7154445415386161
260 3120 -0.5089711078923569 -0.10806141688371856 0.12339925402136655 0.49719463444209866 0.35591389165066456 0.41883288433603805 0.5433698230847936 0.5714532260938351 0.6447517192519712 0.7137872327940599 0.7459791633065881 0.7957472225387331 0.8714291687909684 0.9060619980256112 0.9831260594869147 1.0371490172845654 1.1212931272302686 1.1464447672858418 1.2792854875356072 1.433075808193293 1.4608167764290587 1.7154445415386161
261 3132 -0.5089711078923569 -0.10806141688371856 0.12339925402136655 0.49719463444209866 0.35591389165066456 0.41883288433603805 0.5433698230847936 0.5714532260938351 0.6447517192519712 0.7137872327940599 0.7459791633065881 0.7957472225387331 0.8714291687909684 0.9060619980256112 0.9831260594869147 1.0371490172845654 1.1212931272302686 1.1464447672858418 1.2792854875356072 1.433075808193293 1.4608167764290587 1.7154445415386161
262 3144 -0.5089711078923569 -0.10806141688371856 0.12339925402136655 0.49719463444209866 0.35591389165066456 0.41883288433603805 0.5433698230847936 0.5714532260938351 0.6447517192519712 0.7137872327940599 0.7459791633065881 0.7957472225387331 0.8714291687909684 0.9060619980256112 0.9831260594869147 1.0371490172845654 1.1212931272302686 1.1464447672858418 1.2792854875356072 1.433075808193293 1.4608167764290587 1.7154445415386161
263 3156 -0.5089711078923569 -0.10806141688371856 0.12339925402136655 0.49719463444209866 0.35591389165066456 0.41883288433603805 0.5433698230847936 0.5714532260938351 0.6447517192519712 0.7137872327940599 0.7459791633065881 0.7957472225387331 0.8714291687909684 0.9060619980256112 0.9831260594869147 1.0371490172845654 1.1212931272302686 1.1464447672858418 1.2792854875356072 1.433075808193293 1.4608167764290587 1.7154445415386161
264 3168 -0.5089711078923569 -0.10806141688371856 0.12339925402136655 0.49719463444209866 0.35591389165066456 0.41883288433603805 0.5433698230847936 0.5714532260938351 0.6447517192519712 0.7137872327940599 0.7459791633065881 0.7957472225387331 0.8714291687909684 0.9060619980256112 0.9831260594869147 1.0371490172845654 1.1212931272302686 1.1464447672858418 1.2792854875356072 1.433075808193293 1.4608167764290587 1.7154445415386161
265 3180 -0.5089711078923569 -0.10806141688371856 0.12339925402136655 0.49719463444209866 0.35591389165066456 0.41883288433603805 0.5433698230847936 0.5714532260938351 0.6447517192519712 0.7137872327940599 0.7459791633065881 0.7957472225387331 0.8714291687909684 0.9060619980256112 0.9831260594869147 1.0371490172845654 1.1212931272302686 1.1464447672858418 1.2792854875356072 1.433075808193293 1.4608167764290587 1.7154445415386161
266 3192 -0.5089711078923569 -0.10806141688371856 0.12339925402136655 0.49719463444209866 0.35591389165066456 0.41883288433603805 0.5433698230847936 0.5714532260938351 0.6447517192519712 0.7137872327940599 0.7459791633065881 0.7957472225387331 0.8714291687909684 0.9060619980256112 0.9831260594869147 1.0371490172845654 1.1212931272302686 1.1464447672858418 1.2792854875356072 1.433075808193293 1.4608167764290587 1.7154445415386161
267 3204 -0.5089711078923569 -0.10806141688371856 0.12339925402136655 0.49719463444209866 0.35591389165066456 0.41883288433603805 0.5433698230847936 0.5714532260938351 0.6447517192519712 0.7137872327940599 0.7459791633065881 0.7957472225387331 0.8714291687909684 0.9060619980256112 0.9831260594869147 1.0371490172845654 1.1212931272302686 1.1464447672858418 1.2792854875356072 1.433075808193293 1.4608167764290587 1.7154445415386161
268 3216 -0.5089711078923569 -0.10806141688371856 0.12339925402136655 0.49719463444209866 0.35591389165066456 0.41883288433603805 0.5433698230847936 0.5714532260938351 0.6447517192519712 0.7137872327940599 0.7459791633065881 0.7957472225387331 0.8714291687909684 0.9060619980256112 0.9831260594869147 1.0371490172845654 1.1212931272302686 1.1464447672858418 1.2792854875356072 1.433075808193293 1.4608167764290587 1.7154445415386161
269 3228 -0.5089711078923569 -0.10806141688371856 0.12339925402136655 0.49719463444209866 0.35591389165066456 0.41883288433603805 0.5433698230847936 0.5714532260938351 0.6447517192519712 0.7137872327940599 0.7459791633065881 0.7957472225387331 0.8714291687909684 0.9060619980256112 0.9831260594869147 1.0371490172845654 1.1212931272302686 1.1464447672858418 1.2792854875356072 1.433075808193293 1.4608167764290587 1.7154445415386161
270 3240 -0.5089711078923569 -0.10806141688371856 0.12339925402136655 0.49719463444209866 0.35591389165066456 0.41883288433603805 0.5433698230847936 0.5714532260938351 0.6447517192519712 0.7137872327940599 0.7459791633065881 0.7957472225387331 0.8714291687909684 0.9060619980256112 0.9831260594869147 1.0371490172845654 1.1212931272302686 1.1464447672858418 1.2792854875356072 1.433075808193293 1.4608167764290587 1.7154445415386161
271 3252 -0.4903503768216555 -0.09589858977439238 0.10605178210735831 0.5101019178674062 0.3455498643826927 0.4062815192740173 0.4994448458968658 0.5556591846340384 0.6121584445666839 0.7066226202829852 0.7166157059724075 0.8072417740471138 0.8737660450956413 0.9650672484017375 0.9720717556815897 1.0533648263642712 1.1024156352894432 1.1612258337419583 1.2846639582113304 1.4127288170612264 1.5515279913436983 1.6587964520086758
272 3264 -0.4903503768216555 -0.09589858977439238 0.10605178210735831 0.5101019178674062 0.3455498643826927 0.4062815192740173 0.4994448458968658 0.5556591846340384 0.6121584445666839 0.7066226202829852 0.7166157059724075 0.8072417740471138 0.8737660450956413 0.9650672484017375 0.9720717556815897 1.0533648263642712 1.1024156352894432 1.1612258337419583 1.2846639582113304 1.4127288170612264 1.5515279913436983 1.6587964520086758
273 3276 -0.4903503768216555 -0.09589858977439238 0.10605178210735831 0.5101019178674062 0.3455498643826927 0.4062815192740173 0.4994448458968658 0.5556591846340384 0.6121584445666839 0.7066226202829852 0.7166157059724075 0.8072417740471138 0.8737660450956413 0.9650672484017375 0.9720717556815897 1.0533648263642712 1.1024156352894432 1.1612258337419583 1.2846639582113304 1.4127288170612264 1.5515279913436983 1.6587964520086758
274 3288 -0.4903503768216555 -0.09589858977439238 0.10605178210735831 0.5101019178674062 0.3455498643826927 0.4062815192740173 0.4994448458968658 0.5556591846340384 0.6121584445666839 0.7066226202829852 0.7166157059724075 0.8072417740471138 0.8737660450956413 0.9650672484017375 0.9720717556815897 1.0533648263642712 1.1024156352894432 1.1612258337419583 1.2846639582113304 1.4127288170612264 1.5515279913436983 1.6587964520086758
275 3300 -0.4903503768216555 -0.09589858977439238 0.10605178210735831 0.5101019178674062 0.3455498643826927 0.4062815192740173 0.4994448458968658 0.5556591846340384 0.6121584445666839 0.7066226202829852 0.7166157059724075 0.8072417740471138 0.8737660450956413 0.9650672484017375 0.9720717556815897 1.0533648263642712 1.1024156352894432 1.1612258337419583 1.2846639582113304 1.4127288170612264 1.5515279913436983 1.6587964520086758
276 3312 -0.4903503768216555 -0.09589858977439238 0.10605178210735831 0.5101019178674062 0.3455498643826927 0.4062815192740173 0.4994448458968658 0.5556591846340384 0.6121584445666839 0.7066226202829852 0.7166157059724075 0.8072417740471138 0.8737660450956413 0.9650672484017375 0.9720717556815897 1.0533648263642712 1.1024156352894432 1.1612258337419583 1.2846639582113304 1.4127288170612264 1.5515279913436983 1.6587964520086758
277 3324 -0.4903503768216555 -0.09589858977439238 0.10605178210735831 0.5101019178674062 0.3455498643826927 0.4062815192740173 0.4994448458968658 0.5556591846340384 0.6121584445666839 0.7066226202829852 0.7166157059724075 0.8072417740471138 0.8737660450956413 0.9650672484017375 0.9720717556815897 1.0533648263642712 1.1024156352894432 1.1612258337419583 1.2846639582113304 1.4127288170612264 1.5515279913436983 1.6587964520086758
278 3336 -0.4903503768216555 -0.09589858977439238 0.10605178210735831 0.5101019178674062 0.3455498643826927 0.4062815192740173 0.4994448458968658 0.5556591846340384 0.6121584445666839 0.7066226202829852 0.7166157059724075 0.8072417740471138 0.8737660450956413 0.9650672484017375 0.9720717556815897 1.0533648263642712 1.1024156352894432 1.1612258337419583 1.2846639582113304 1.4127288170612264 1.5515279913436983 1.6587964520086758
279 3348 -0.4903503768216555 -0.09589858977439238 0.10605178210735831 0.5101019178674062 0.3455498643826927 0.4062815192740173 0.4994448458968658 0.5556591846340384 0.6121584445666839 0.7066226202829852 0.7166157059724075 0.8072417740471138 0.8737660450956413 0.9650672484017375 0.9720717556815897 1.0533648263642712 1.1024156352894432 1.1612258337419583 1.2846639582113304 1.4127288170612264 1.5515279913436983 1.6587964520086758
280 3360 -0.4903503768216555 -0.09589858977439238 0.10605178210735831 0.5101019178674062 0.3455498643826927 0.4062815192740173 0.4994448458968658 0.5556591846340384 0.6121584445666839 0.7066226202829852 0.7166157059724075 0.8072417740471138 0.8737660450956413 0.9650672484017375 0.9720717556815897 1.0533648263642712 1.1024156352894432 1.1612258337419583 1.2846639582113304 1.4127288170612264 1.5515279913436983 1.6587964520086758
281 3372 -0.4903503768216555 -0.09589858977439238 0.10605178210735831 0.5101019178674062 0.3455498643826927 0.4062815192740173 0.4994448458968658 0.5556591846340384 0.6121584445666839 0.7066226202829852 0.7166157059724075 0.8072417740471138 0.8737660450956413 0.9650672484017375 0.9720717556815897 1.0533648263642712 1.1024156352894432 1.1612258337419583 1.2846639582113304 1.4127288170612264 1.5515279913436983 1.6587964520086758
282 3384 -0.4903503768216555 -0.09589858977439238 0.10605178210735831 0.5101019178674062 0.3455498643826927 0.4062815192740173 0.4994448458968658 0.5556591846340384 0.6121584445666839 0.7066226202829852 0.7166157059724075 0.8072417740471138 0.8737660450956413 0.9650672484017375 0.9720717556815897 1.0533648263642712 1.1024156352894432 1.1612258337419583 1.2846639582113304 1.4127288170612264 1.5515279913436983 1.6587964520086758
283 3396 -0.4903503768216555 -0.09589858977439238 0.10605178210735831 0.5101019178674062 0.3455498643826927 0.4062815192740173 0.4994448458968658 0.5556591846340384 0.6121584445666839 0.7066226202829852 0.7166157059724075 0.8072417740471138 0.8737660450956413 0.9650672484017375 0.9720717556815897 1.0533648263642712 1.1024156352894432 1.1612258337419583 1.2846639582113304 1.4127288170612264 1.5515279913436983 1.6587964520086758
284 3408 -0.4903503768216555 -0.09589858977439238 0.10605178210735831 0.5101019178674062 0.3455498643826927 0.4062815192740173 0.4994448458968658 0.5556591846340384 0.6121584445666839 0.7066226202829852 0.7166157059724075 0.8072417740471138 0.8737660450956413 0.9650672484017375 0.9720717556815897 1.0533648263642712 1.1024156352894432 1.1612258337419583 1.2846639582113304 1.4127288170612264 1.5515279913436983 1.6587964520086758
285 3420 -0.4903503768216555 -0.09589858977439238 0.10605178210735831 0.5101019178674062 0.3455498643826927 0.4062815192740173 0.4994448458968658 0.5556591846340384 0.6121584445666839 0.7066226202829852 0.7166157059724075 0.8072417740471138 0.8737660450956413 0.9650672484017375 0.9720717556815897 1.0533648263642712 1.1024156352894432 1.1612258337419583 1.2846639582113304 1.4127288170612264 1.5515279913436983 1.6587964520086758
286 3432 -0.4903503768216555 -0.09589858977439238 0.10605178210735831 0.5101019178674062 0.3455498643826927 0.4062815192740173 0.4994448458968658 0.5556591846340384 0.6121584445666839 0.7066226202829852 0.7166157059724075 0.8072417740471138 0.8737660450956413 0.9650672484017375 0.9720717556815897 1.0533648263642712 1.1024156352894432 1.1612258337419583 1.2846639582113304 1.4127288170612264 1.5515279913436983 1.6587964520086758
287 3444 -0.4903503768216555 -0.09589858977439238 0.10605178210735831 0.5101019178674062 0.3455498643826927 0.4062815192740173 0.4994448458968658 0.5556591846340384 0.6121584445666839 0.7066226202829852 0.7166157059724075 0.8072417740471138 0.8737660450956413 0.9650672484017375 0.9720717556815897 1.0533648263642712 1.1024156352894432 1.1612258337419583 1.2846639582113304 1.4127288170612264 1.5515279913436983 1.6587964520086758
288 3456 -0.4903503768216555 -0.09589858977439238 0.10605178210735831 0.5101019178674062 0.3455498643826927 0.4062815192740173 0.4994448458968658 0.5556591846340384 0.6121584445666839 0.7066226202829852 0.7166157059724075 0.8072417740471138 0.8737660450956413 0.9650672484017375 0.9720717556815897 1.0533648263642712 1.1024156352894432 1.1612258337419583 1.2846639582113304 1.4127288170612264 1.5515279913436983 1.6587964520086758
289 3468 -0.486139367479135 -0.10494260861457386 0.10278666714491541 0.5366259631067214 0.327721479177088 0.3861609619950749 0.4733284838825853 0.499721673211981 0.610748319569614 0.7033483804621511 0.7479714511209525 0.8191536927638886 0.887044145772903 0.9031285000839137 0.9652854297505332 1.0935471046314902 1.107992915158956 1.1300391466792123 1.253934676807528 1.4797079585607626 1.518305542306858 1.6940024429202072
290 3480 -0.486139367479135 -0.10494260861457386 0.10278666714491541 0.5366259631067214 0.327721479177088 0.3861609619950749 0.4733284838825853 0.499721673211981 0.610748319569614 0.7033483804621511 0.7479714511209525 0.8191536927638886 0.887044145772903 0.9031285000839137 0.9652854297505332 1.0935471046314902 1.107992915158956 1.1300391466792123 1.253934676807528 1.4797079585607626 1.518305542306858 1.6940024429202072
291 3492 -0.486139367479135 -0.10494260861457386 0.10278666714491541 0.5366259631067214 0.327721479177088 0.3861609619950749 0.4733284838825853 0.499721673211981 0.610748319569614 0.7033483804621511 0.7479714511209525 0.8191536927638886 0.887044145772903 0.9031285000839137 0.9652854297505332 1.0935471046314902 1.107992915158956 1.1300391466792123 1.253934676807528 1.4797079585607626 1.518305542306858 1.6940024429202072
292 3504 -0.486139367479135 -0.10494260861457386 0.10278666714491541 0.5366259631067214 0.327721479177088 0.3861609619950749 0.4733284838825853 0.499721673211981 0.610748319569614 0.7033483804621511 0.7479714511209525 0.8191536927638886 0.887044145772903 0.9031285000839137 0.9652854297505332 1.0935471046314902 1.107992915158956 1.1300391466792123 1.253934676807528 1.4797079585607626 1.518305542306858 1.6940024429202072
293 3516 -0.486139367479135 -0.10494260861457386 0.10278666714491541 0.5366259631067214 0.327721479177088 0.3861609619950749 0.4733284838825853 0.499721673211981 0.610748319569614 0.7033483804621511 0.7479714511209525 0.8191536927638886 0.887044145772903 0.9031285000839137 0.9652854297505332 1.0935471046314902 1.107992915158956 1.1300391466792123 1.253934676807528 1.4797079585607626 1.518305542306858 1.6940024429202072
294 3528 -0.486139367479135 -0.10494260861457386 0.10278666714491541 0.5366259631067214 0.327721479177088 0.3861609619950749 0.4733284838825853 0.499721673211981 0.610748319569614 0.7033483804621511 0.7479714511209525 0.8191536927638886 0.887044145772903 0.9031285000839137 0.9652854297505332 1.0935471046314902 1.107992915158956 1.1300391466792123 1.253934676807528 1.4797079585607626 1.518305542306858 1.6940024429202072
295 3540 -0.486139367479135 -0.10494260861457386 0.10278666714491541 0.5366259631067214 0.327721479177088 0.3861609619950749 0.4733284838825853 0.499721673211981 0.610748319569614 0.7033483804621511 0.7479714511209525 0.8191536927638886 0.887044145772903 0.9031285000839137 0.9652854297505332 1.0935471046314902 1.107992915158956 1.1300391466792123 1.253934676807528 1.4797079585607626 1.518305542306858 1.6940024429202072
296 3552 -0.486139367479135 -0.10494260861457386 0.10278666714491541 0.5366259631067214 0.327721479177088 0.3861609619950749 0.4733284838825853 0.499721673211981 0.610748319569614 0.7033483804621511 0.7479714511209525 0.8191536927638886 0.887044145772903 0.9031285000839137 0.9652854297505332 1.0935471046314902 1.107992915158956 1.1300391466792123 1.253934676807528 1.4797079585607626 1.518305542306858 1.6940024429202072
297 3564 -0.486139367479135 -0.10494260861457386 0.10278666714491541 0.5366259631067214 0.327721479177088 0.3861609619950749 0.4733284838825853 0.499721673211981 0.610748319569614 0.7033483804621511 0.7479714511209525 0.8191536927638886 0.887044145772903 0.9031285000839137 0.9652854297505332 1.0935471046314902 1.107992915158956 1.1300391466792123 1.253934676807528 1.4797079585607626 1.518305542306858 1.6940024429202072
298 3576 -0.486139367479135 -0.10494260861457386 0.10278666714491541 0.5366259631067214 0.327721479177088 0.3861609619950749 0.4733284838825853 0.499721673211981 0.610748319569614 0.7033483804621511 0.7479714511209525 0.8191536927638886 0.887044145772903 0.9031285000839137 0.9652854297505332 1.0935471046314902 1.107992915158956 1.1300391466792123 1.253934676807528 1.4797079585607626 1.518305542306858 1.6940024429202072
299 3588 -0.486139367479135 -0.10494260861457386 0.10278666714491541 0.5366259631067214 0.327721479177088 0.3861609619950749 0.4733284838825853 0.499721673211981 0.610748319569614 0.7033483804621511 0.7479714511209525 0.8191536927638886 0.887044145772903 0.9031285000839137 0.9652854297505332 1.0935471046314902 1.107992915158956 1.1300391466792123 1.253934676807528 1.4797079585607626 1.518305542306858 1.6940024429202072
300 3600 -0.486139367479135 -0.10494260861457386 0.10278666714491541 0.5366259631067214 0.327721479177088 0.3861609619950749 0.4733284838825853 0.499721673211981 0.610748319569614 0.7033483804621511 0.7479714511209525 0.8191536927638886 0.887044145772903 0.9031285000839137 0.9652854297505332 1.0935471046314902 1.107992915158956 1.1300391466792123 1.253934676807528 1.4797079585607626 1.518305542306858 1.6940024429202072
301 3612 -0.486139367479135 -0.10494260861457386 0.10278666714491541 0.5366259631067214 0.327721479177088 0.3861609619950749 0.4733284838825853 0.499721673211981 0.610748319569614 0.7033483804621511 0.7479714511209525 0.8191536927638886 0.887044145772903 0.9031285000839137 0.9652854297505332 1.0935471046314902 1.107992915158956 1.1300391466792123 1.253934676807528 1.4797079585607626 1.518305542306858 1.6940024429202072
302 3624 -0.486139367479135 -0.10494260861457386 0.10278666714491541 0.5366259631067214 0.327721479177088 0.3861609619950749 0.4733284838825853 0.499721673211981 0.610748319569614 0.7033483804621511 0.7479714511209525 0.8191536927638886 0.887044145772903 0.9031285000839137 0.9652854297505332 1.0935471046314902 1.107992915158956 1.1300391466792123 1.253934676807528 1.4797079585607626 1.518305542306858 1.6940024429202072
303 3636 -0.486139367479135 -0.10494260861457386 0.10278666714491541 0.5366259631067214 0.327721479177088 0.3861609619950749 0.4733284838825853 0.499721673211981 0.610748319569614 0.7033483804621511 0.7479714511209525 0.8191536927638886 0.887044145772903 0.9031285000839137 0.9652854297505332 1.0935471046314902 1.107992915158956 1.1300391466792123 1.253934676807528 1.4797079585607626 1.518305542306858 1.6940024429202072
304 3648 -0.486139367479135 -0.10494260861457386 0.10278666714491541 0.5366259631067214 0.327721479177088 0.3861609619950749 0.4733284838825853 0.499721673211981 0.610748319569614 0.7033483804621511 0.7479714511209525 0.8191536927638886 0.887044145772903 0.9031285000839137 0.9652854297505332 1.0935471046314902 1.107992915158956 1.1300391466792123 1.253934676807528 1.4797079585607626 1.518305542306858 1.6940024429202072
305 3660 -0.486139367479135 -0.10494260861457386 0.10278666714491541 0.5366259631067214 0.327721479177088 0.3861609619950749 0.4733284838825853 0.499721673211981 0.610748319569614 0.7033483804621511 0.7479714511209525 0.8191536927638886 0.887044145772903 0.9031285000839137 0.9652854297505332 1.0935471046314902 1.107992915158956 1.1300391466792123 1.253934676807528 1.4797079585607626 1.518305542306858 1.6940024429202072
306 3672 -0.486139367479135 -0.10494260861457386 0.10278666714491541 0.5366259631067214 0.327721479177088 0.3861609619950749 0.4733284838825853 0.499721673211981 0.610748319569614 0.7033483804621511 0.7479714511209525 0.8191536927638886 0.887044145772903 0.9031285000839137 0.9652854297505332 1.0935471046314902 1.107992915158956 1.1300391466792123 1.253934676807528 1.4797079585607626 1.518305542306858 1.6940024429202072
307 3684 -0.4738469859265074 -0.10385856809095327 0.09383902385269305 0.6044853551407212 0.3083587049160574 0.3456533049584388 0.4576467551551998 0.5097213257601296 0.6191918096732939 0.7259282805277457 0.7557092051431415 0.8166087624313219 0.8597804774261435 0.906498988457552 0.9413554481567284 1.0644721304020466 1.1406555441071864 1.1756913429677258 1.2969336847103328 1.4453422293335791 1.5143039710756374 1.6852711755345897
308 3696 -0.4738469859265074 -0.10385856809095327 0.09383902385269305 0.6044853551407212 0.3083587049160574 0.3456533049584388 0.4576467551551998 0.5097213257601296 0.6191918096732939 0.7259282805277457 0.7557092051431415 0.8166087624313219 0.8597804774261435 0.906498988457552 0.9413554481567284 1.0644721304020466 1.1406555441071864 1.1756913429677258 1.2969336847103328 1.4453422293335791 1.5143039710756374 1.6852711755345897
309 3708 -0.4738469859265074 -0.10385856809095327 0.09383902385269305 0.6044853551407212 0.3083587049160574 0.3456533049584388 0.4576467551551998 0.5097213257601296 0.6191918096732939 0.7259282805277457 0.7557092051431415 0.8166087624313219 0.8597804774261435 0.906498988457552 0.9413554481567284 1.0644721304020466 1.1406555441071864 1.1756913429677258 1.2969336847103328 1.4453422293335791 1.5143039710756374 1.6852711755345897
310 3720 -0.4738469859265074 -0.10385856809095327 0.09383902385269305 0.6044853551407212 0.3083587049160574 0.3456533049584388 0.4576467551551998 0.5097213257601296 0.6191918096732939 0.7259282805277457 0.7557092051431415 0.8166087624313219 0.8597804774261435 0.906498988457552 0.9413554481567284 1.0644721304020466 1.1406555441071864 1.1756913429677258 1.2969336847103328 1.4453422293335791 1.5143039710756374 1.6852711755345897
311 3732 -0.4738469859265074 -0.10385856809095327 0.09383902385269305 0.6044853551407212 0.3083587049160574 0.3456533049584388 0.4576467551551998 0.5097213257601296 0.6191918096732939 0.7259282805277457 0.7557092051431415 0.8166087624313219 0.8597804774261435 0.906498988457552 0.9413554481567284 1.0644721304020466 1.1406555441071864 1.1756913429677258 1.2969336847103328 1.4453422293335791 1.5143039710756374 1.6852711755345897
312 3744 -0.4738469859265074 -0.10385856809095327 0.09383902385269305 0.6044853551407212 0.3083587049160574 0.3456533049584388 0.4576467551551998 0.5097213257601296 0.6191918096732939 0.7259282805277457 0.7557092051431415 0.8166087624313219 0.8597804774261435 0.906498988457552 0.9413554481567284 1.0644721304020466 1.1406555441071864 1.1756913429677258 1.2969336847103328 1.4453422293335791 1.5143039710756374 1.6852711755345897
313 3756 -0.4738469859265074 -0.10385856809095327 0.09383902385269305 0.6044853551407212 0.3083587049160574 0.3456533049584388 0.4576467551551998 0.5097213257601296 0.6191918096732939 0.7259282805277457 0.7557092051431415 0.8166087624313219 0.8597804774261435 0.906498988457552 0.9413554481567284 1.0644721304020466 1.1406555441071864 1.1756913429677258 1.2969336847103328 1.4453422293335791 1.5143039710756374 1.6852711755345897
314 3768 -0.4738469859265074 -0.10385856809095327 0.09383902385269305 0.6044853551407212 0.3083587049160574 0.3456533049584388 0.4576467551551998 0.5097213257601296 0.6191918096732939 0.7259282805277457 0.7557092051431415 0.8166087624313219 0.8597804774261435 0.906498988457552 0.9413554481567284 1.0644721304020466 1.1406555441071864 1.1756913429677258 1.2969336847103328 1.4453422293335791 1.5143039710756374 1.6852711755345897
315 3780 -0.4738469859265074 -0.10385856809095327 0.09383902385269305 0.6044853551407212 0.3083587049160574 0.3456533049584388 0.4576467551551998 0.5097213257601296 0.6191918096732939 0.7259282805277457 0.7557092051431415 0.8166087624313219 0.8597804774261435 0.906498988457552 0.9413554481567284 1.0644721304020466 1.1406555441071864 1.1756913429677258 1.2969336847103328 1.4453422293335791 1.5143039710756374 1.6852711755345897
316 3792 -0.4738469859265074 -0.10385856809095327 0.09383902385269305 0.6044853551407212 0.3083587049160574 0.3456533049584388 0.4576467551551998 0.5097213257601296 0.6191918096732939 0.7259282805277457 0.7557092051431415 0.8166087624313219 0.8597804774261435 0.906498988457552 0.9413554481567284 1.0644721304020466 1.1406555441071864 1.1756913429677258 1.2969336847103328 1.4453422293335791 1.5143039710756374 1.6852711755345897
317 3804 -0.4738469859265074 -0.10385856809095327 0.09383902385269305 0.6044853551407212 0.3083587049160574 0.3456533049584388 0.4576467551551998 0.5097213257601296 0.6191918096732939 0.7259282805277457 0.7557092051431415 0.8166087624313219 0.8597804774261435 0.906498988457552 0.9413554481567284 1.0644721304020466 1.1406555441071864 1.1756913429677258 1.2969336847103328 1.4453422293335791 1.5143039710756374 1.6852711755345897
318 3816 -0.4738469859265074 -0.10385856809095327 0.09383902385269305 0.6044853551407212 0.3083587049160574 0.3456533049584388 0.4576467551551998 0.5097213257601296 0.6191918096732939 0.7259282805277457 0.7557092051431415 0.8166087624313219 0.8597804774261435 0.906498988457552 0.9413554481567284 1.0644721304020466 1.1406555441071864 1.1756913429677258 1.2969336847103328 1.4453422293335791 1.5143039710756374 1.6852711755345897
319 3828 -0.4738469859265074 -0.10385856809095327 0.09383902385269305 0.6044853551407212 0.3083587049160574 0.3456533049584388 0.4576467551551998 0.5097213257601296 0.6191918096732939 0.7259282805277457 0.7557092051431415 0.8166087624313219 0.8597804774261435 0.906498988457552 0.9413554481567284 1.0644721304020466 1.1406555441071864 1.1756913429677258 1.2969336847103328 1.4453422293335791 1.5143039710756374 1.6852711755345897
320 3840 -0.4738469859265074 -0.10385856809095327 0.09383902385269305 0.6044853551407212 0.3083587049160574 0.3456533049584388 0.4576467551551998 0.5097213257601296 0.6191918096732939 0.7259282805277457 0.7557092051431415 0.8166087624313219 0.8597804774261435 0.906498988457552 0.9413554481567284 1.0644721304020466 1.1406555441071864 1.1756913429677258 1.2969336847103328 1.4453422293335791 1.5143039710756374 1.6852711755345897
321 3852 -0.4738469859265074 -0.10385856809095327 0.09383902385269305 0.6044853551407212 0.3083587049160574 0.3456533049584388 0.4576467551551998 0.5097213257601296 0.6191918096732939 0.7259282805277457 0.7557092051431415 0.8166087624313219 0.8597804774261435 0.906498988457552 0.9413554481567284 1.0644721304020466 1.1406555441071864 1.1756913429677258 1.2969336847103328 1.4453422293335791 1.5143039710756374 1.6852711755345897
322 3864 -0.4738469859265074 -0.10385856809095327 0.09383902385269305 0.6044853551407212 0.3083587049160574 0.3456533049584388 0.4576467551551998 0.5097213257601296 0.6191918096732939 0.7259282805277457 0.7557092051431415 0.8166087624313219 0.8597804774261435 0.906498988457552 0.9413554481567284 1.0644721304020466 1.1406555441071864 1.1756913429677258 1.2969336847103328 1.4453422293335791 1.5143039710756374 1.6852711755345897
323 3876 -0.4738469859265074 -0.10385856809095327 0.09383902385269305 0.6044853551407212 0.3083587049160574 0.3456533049584388 0.4576467551551998 0.5097213257601296 0.6191918096732939 0.7259282805277457 0.7557092051431415 0.8166087624313219 0.8597804774261435 0.906498988457552 0.9413554481567284 1.0644721304020466 1.1406555441071864 1.1756913429677258 1.2969336847103328 1.4453422293335791 1.5143039710756374 1.6852711755345897
324 3888 -0.4738469859265074 -0.10385856809095327 0.09383902385269305 0.6044853551407212 0.3083587049160574 0.3456533049584388 0.4576467551551998 0.5097213257601296 0.6191918096732939 0.7259282805277457 0.7557092051431415 0.8166087624313219 0.8597804774261435 0.906498988457552 0.9413554481567284 1.0644721304020466 1.1406555441071864 1.1756913429677258 1.2969336847103328 1.4453422293335791 1.5143039710756374 1.6852711755345897
325 3900 -0.4837395772214669 -0.08895248139218682 0.10016679452178351 0.6342391800635382 0.2961228576975098 0.31318023979847825 0.449897333618233 0.47766693951196054 0.5856419206400435 0.6772927462307609 0.700988264627762 0.7821165870651997 0.8594293882886721 0.9110749005343218 1.0205713534007723 1.075630619528475 1.1176317232714779 1.202543619853845 1.3138074249489393 1.4300902101211082 1.475911517282558 1.751246753387244
326 3912 -0.4837395772214669 -0.08895248139218682 0.10016679452178351 0.6342391800635382 0.2961228576975098 0.31318023979847825 0.449897333618233 0.47766693951196054 0.5856419206400435 0.6772927462307609 0.700988264627762 0.7821165870651997 0.8594293882886721 0.9110749005343218 1.0205713534007723 1.075630619528475 1.1176317232714779 1.202543619853845 1.3138074249489393 1.4300902101211082 1.475911517282558 1.751246753387244
327 3924 -0.4837395772214669 -0.08895248139218682 0.10016679452178351 0.6342391800635382 0.2961228576975098 0.31318023979847825 0.449897333618233 0.47766693951196054 0.5856419206400435 0.6772927462307609 0.700988264627762 0.7821165870651997 0.8594293882886721 0.9110749005343218 1.0205713534007723 1.075630619528475 1.1176317232714779 1.202543619853845 1.3138074249489393 1.4300902101211082 1.475911517282558 1.751246753387244
328 3936 -0.4837395772214669 -0.08895248139218682 0.10016679452178351 0.6342391800635382 0.2961228576975098 0.31318023979847825 0.449897333618233 0.47766693951196054 0.5856419206400435 0.6772927462307609 0.700988264627762 0.7821165870651997 0.8594293882886721 0.9110749005343218 1.0205713534007723 1.075630619528475 1.1176317232714779 1.202543619853845 1.3138074249489393 1.4300902101211082 1.475911517282558 1.751246753387244
329 3948 -0.4837395772214669 -0.08895248139218682 0.10016679452178351 0.6342391800635382 0.2961228576975098 0.31318023979847825 0.449897333618233 0.47766693951196054 0.5856419206400435 0.6772927462307609 0.700988264627762 0.7821165870651997 0.8594293882886721 0.9110749005343218 1.0205713534007723 1.075630619528475 1.1176317232714779 1.202543619853845 1.3138074249489393 1.4300902101211082 1.475911517282558 1.751246753387244
330 3960 -0.4837395772214669 -0.08895248139218682 0.10016679452178351 0.6342391800635382 0.2961228576975098 0.31318023979847825 0.449897333618233 0.47766693951196054 0.5856419206400435 0.6772927462307609 0.700988264627762 0.7821165870651997 0.8594293882886721 0.9110749005343218 1.0205713534007723 1.075630619528475 1.1176317232714779 1.202543619853845 1.3138074249489393 1.4300902101211082 1.475911517282558 1.751246753387244
331 3972 -0.4837395772214669 -0.08895248139218682 0.10016679452178351 0.6342391800635382 0.2961228576975098 0.31318023979847825 0.449897333618233 0.47766693951196054 0.5856419206400435 0.6772927462307609 0.700988264627762 0.7821165870651997 0.8594293882886721 0.9110749005343218 1.0205713534007723 1.075630619528475 1.1176317232714779 1.202543619853845 1.3138074249489393 1.4300902101211082 1.475911517282558 1.751246753387244
332 3984 -0.4837395772214669 -0.08895248139218682 0.10016679452178351 0.6342391800635382 0.2961228576975098 0.31318023979847825 0.449897333618233 0.47766693951196054 0.5856419206400435 0.6772927462307609 0.700988264627762 0.7821165870651997 0.8594293882886721 0.9110749005343218 1.0205713534007723 1.075630619528475 1.1176317232714779 1.202543619853845 1.3138074249489393 1.4300902101211082 1.475911517282558 1.751246753387244
333 3996 -0.4837395772214669 -0.08895248139218682 0.10016679452178351 0.6342391800635382 0.2961228576975098 0.31318023979847825 0.449897333618233 0.47766693951196054 0.5856419206400435 0.6772927462307609 0.700988264627762 0.7821165870651997 0.8594293882886721 0.9110749005343218 1.0205713534007723 1.075630619528475 1.1176317232714779 1.202543619853845 1.3138074249489393 1.4300902101211082 1.475911517282558 1.751246753387244
334 4008 -0.4837395772214669 -0.08895248139218682 0.10016679452178351 0.6342391800635382 0.2961228576975098 0.31318023979847825 0.449897333618233 0.47766693951196054 0.5856419206400435 0.6772927462307609 0.700988264627762 0.7821165870651997 0.8594293882886721 0.9110749005343218 1.0205713534007723 1.075630619528475 1.1176317232714779 1.202543619853845 1.3138074249489393 1.4300902101211082 1.475911517282558 1.751246753387244
335 4020 -0.4837395772214669 -0.08895248139218682 0.10016679452178351 0.6342391800635382 0.2961228576975098 0.31318023979847825 0.449897333618233 0.47766693951196054 0.5856419206400435 0.6772927462307609 0.700988264627762 0.7821165870651997 0.8594293882886721 0.9110749005343218 1.0205713534007723 1.075630619528475 1.1176317232714779 1.202543619853845 1.3138074249489393 1.4300902101211082 1.475911517282558 1.751246753387244
336 4032 -0.4837395772214669 -0.08895248139218682 0.10016679452178351 0.6342391800635382 0.2961228576975098 0.31318023979847825 0.449897333618233 0.47766693951196054 0.5856419206400435 0.6772927462307609 0.700988264627762 0.7821165870651997 0.8594293882886721 0.9110749005343218 1.0205713534007723 1.075630619528475 1.1176317232714779 1.202543619853845 1.3138074249489393 1.4300902101211082 1.475911517282558 1.751246753387244
337 4044 -0.4837395772214669 -0.08895248139218682 0.10016679452178351 0.6342391800635382 0.2961228576975098 0.31318023979847825 0.449897333618233 0.47766693951196054 0.5856419206400435 0.6772927462307609 0.700988264627762 0.7821165870651997 0.8594293882886721 0.9110749005343218 1.0205713534007723 1.075630619528475 1.1176317232714779 1.202543619853845 1.3138074249489393 1.4300902101211082 1.475911517282558 1.751246753387244
338 4056 -0.4837395772214669 -0.08895248139218682 0.10016679452178351 0.6342391800635382 0.2961228576975098 0.31318023979847825 0.449897333618233 0.47766693951196054 0.5856419206400435 0.6772927462307609 0.700988264627762 0.7821165870651997 0.8594293882886721 0.9110749005343218 1.0205713534007723 1.075630619528475 1.1176317232714779 1.202543619853845 1.3138074249489393 1.4300902101211082 1.475911517282558 1.751246753387244
339 4068 -0.4837395772214669 -0.08895248139218682 0.10016679452178351 0.6342391800635382 0.2961228576975098 0.31318023979847825 0.449897333618233 0.47766693951196054 0.5856419206400435 0.6772927462307609 0.700988264627762 0.7821165870651997 0.8594293882886721 0.9110749005343218 1.0205713534007723 1.075630619528475 1.1176317232714779 1.202543619853845 1.3138074249489393 1.4300902101211082 1.475911517282558 1.751246753387244
340 4080 -0.4837395772214669 -0.08895248139218682 0.10016679452178351 0.6342391800635382 0.2961228576975098 0.31318023979847825 0.449897333618233 0.47766693951196054 0.5856419206400435 0.6772927462307609 0.700988264627762 0.7821165870651997 0.8594293882886721 0.9110749005343218 1.0205713534007723 1.075630619528475 1.1176317232714779 1.202543619853845 1.3138074249489393 1.4300902101211082 1.475911517282558 1.751246753387244
341 4092 -0.4837395772214669 -0.08895248139218682 0.10016679452178351 0.6342391800635382 0.2961228576975098 0.31318023979847825 0.449897333618233 0.47766693951196054 0.5856419206400435 0.6772927462307609 0.700988264627762 0.7821165870651997 0.8594293882886721 0.9110749005343218 1.0205713534007723 1.075630619528475 1.1176317232714779 1.202543619853845 1.3138074249489393 1.4300902101211082 1.475911517282558 1.751246753387244
342 4104 -0.4837395772214669 -0.08895248139218682 0.10016679452178351 0.6342391800635382 0.2961228576975098 0.31318023979847825 0.449897333618233 0.47766693951196054 0.5856419206400435 0.6772927462307609 0.700988264627762 0.7821165870651997 0.8594293882886721 0.9110749005343218 1.0205713534007723 1.075630619528475 1.1176317232714779 1.202543619853845 1.3138074249489393 1.4300902101211082 1.475911517282558 1.751246753387244
343 4116 -0.5570471106418398 -0.10080660023811011 0.12700878373999602 0.6237645741067527 0.2857103642640533 0.3178719253861819 0.45049348121423743 0.46886397631392956 0.5733631180552043 0.6949660623529276 0.7397902295995271 0.7987703547270157 0.8420253930968491 0.9090334233786463 1.0433870183890694 1.0574698047757705 1.0918002785275416 1.138078663855047 1.2843542257532716 1.3625722692560744 1.5280640080952699 1.8239669974070865
344 4128 -0.5570471106418398 -0.10080660023811011 0.12700878373999602 0.6237645741067527 0.2857103642640533 0.3178719253861819 0.45049348121423743 0.46886397631392956 0.5733631180552043 0.6949660623529276 0.7397902295995271 0.7987703547270157 0.8420253930968491 0.9090334233786463 1.0433870183890694 1.0574698047757705 1.0918002785275416 1.138078663855047 1.2843542257532716 1.3625722692560744 1.5280640080952699 1.8239669974070865
345 4140 -0.5570471106418398 -0.10080660023811011 0.12700878373999602 0.6237645741067527 0.2857103642640533 0.3178719253861819 0.45049348121423743 0.46886397631392956 0.5733631180552043 0.6949660623529276 0.7397902295995271 0.7987703547270157 0.8420253930968491 0.9090334233786463 1.0433870183890694 1.0574698047757705 1.0918002785275416 1.138078663855047 1.2843542257532716 1.3625722692560744 1.5280640080952699 1.8239669974070865
346 4152 -0.5570471106418398 -0.10080660023811011 0.12700878373999602 0.6237645741067527 0.2857103642640533 0.3178719253861819 0.45049348121423743 0.46886397631392956 0.5733631180552043 0.6949660623529276 0.7397902295995271 0.7987703547270157 0.8420253930968491 0.9090334233786463 1.0433870183890694 1.0574698047757705 1.0918002785275416 1.138078663855047 1.2843542257532716 1.3625722692560744 1.5280640080952699 1.8239669974070865
347 4164 -0.5570471106418398 -0.10080660023811011 0.12700878373999602 0.6237645741067527 0.2857103642640533 0.3178719253861819 0.45049348121423743 0.46886397631392956 0.5733631180552043 0.6949660623529276 0.7397902295995271 0.7987703547270157 0.8420253930968491 0.9090334233786463 1.0433870183890694 1.0574698047757705 1.0918002785275416 1.138078663855047 1.2843542257532716 1.3625722692560744 1.5280640080952699 1.8239669974070865
348 4176 -0.5570471106418398 -0.10080660023811011 0.12700878373999602 0.6237645741067527 0.2857103642640533 0.3178719253861819 0.45049348121423743 0.46886397631392956 0.5733631180552043 0.6949660623529276 0.7397902295995271 0.7987703547270157 0.8420253930968491 0.9090334233786463 1.0433870183890694 1.0574698047757705 1.0918002785275416 1.138078663855047 1.2843542257532716 1.3625722692560744 1.5280640080952699 1.8239669974070865
349 4188 -0.5570471106418398 -0.10080660023811011 0.12700878373999602 0.6237645741067527 0.2857103642640533 0.3178719253861819 0.45049348121423743 0.46886397631392956 0.5733631180552043 0.6949660623529276 0.7397902295995271 0.7987703547270157 0.8420253930968491 0.9090334233786463 1.0433870183890694 1.0574698047757705 1.0918002785275416 1.138078663855047 1.2843542257532716 1.3625722692560744 1.5280640080952699 1.8239669974070865
350 4200 -0.5570471106418398 -0.10080660023811011 0.12700878373999602 0.6237645741067527 0.2857103642640533 0.3178719253861819 0.45049348121423743 0.46886397631392956 0.5733631180552043 0.6949660623529276 0.7397902295995271 0.7987703547270157 0.8420253930968491 0.9090334233786463 1.0433870183890694 1.0574698047757705 1.0918002785275416 1.138078663855047 1.2843542257532716 1.3625722692560744 1.5280640080952699 1.8239669974070865
351 4212 -0.5570471106418398 -0.10080660023811011 0.12700878373999602 0.6237645741067527 0.2857103642640533 0.3178719253861819 0.45049348121423743 0.46886397631392956 0.5733631180552043 0.6949660623529276 0.7397902295995271 0.7987703547270157 0.8420253930968491 0.9090334233786463 1.0433870183890694 1.0574698047757705 1.0918002785275416 1.138078663855047 1.2843542257532716 1.3625722692560744 1.5280640080952699 1.8239669974070865
352 4224 -0.5570471106418398 -0.10080660023811011 0.12700878373999602 0.6237645741067527 0.2857103642640533 0.3178719253861819 0.45049348121423743 0.46886397631392956 0.5733631180552043 0.6949660623529276 0.7397902295995271 0.7987703547270157 0.8420253930968491 0.9090334233786463 1.0433870183890694 1.0574698047757705 1.0918002785275416 1.138078663855047 1.2843542257532716 1.3625722692560744 1.5280640080952699 1.8239669974070865
353 4236 -0.5570471106418398 -0.10080660023811011 0.12700878373999602 0.6237645741067527 0.2857103642640533 0.3178719253861819 0.45049348121423743 0.46886397631392956 0.5733631180552043 0.6949660623529276 0.7397902295995271 0.7987703547270157 0.8420253930968491 0.9090334233786463 1.0433870183890694 1.0574698047757705 1.0918002785275416 1.138078663855047 1.2843542257532716 1.3625722692560744 1.5280640080952699 1.8239669974070865
354 4248 -0.5570471106418398 -0.10080660023811011 0.12700878373999602 0.6237645741067527 0.2857103642640533 0.3178719253861819 0.45049348121423743 0.46886397631392956 0.5733631180552043 0.6949660623529276 0.7397902295995271 0.7987703547270157 0.8420253930968491 0.9090334233786463 1.0433870183890694 1.0574698047757705 1.0918002785275416 1.138078663855047 1.2843542257532716 1.3625722692560744 1.5280640080952699 1.8239669974070865
355 4260 -0.5570471106418398 -0.10080660023811011 0.12700878373999602 0.6237645741067527 0.2857103642640533 0.3178719253861819 0.45049348121423743 0.46886397631392956 0.5733631180552043 0.6949660623529276 0.7397902295995271 0.7987703547270157 0.8420253930968491 0.9090334233786463 1.0433870183890694 1.0574698047757705 1.0918002785275416 1.138078663855047 1.2843542257532716 1.3625722692560744 1.5280640080952699 1.8239669974070865
356 4272 -0.5570471106418398 -0.10080660023811011 0.12700878373999602 0.6237645741067527 0.2857103642640533 0.3178719253861819 0.45049348121423743 0.46886397631392956 0.5733631180552043 0.6949660623529276 0.7397902295995271 0.7987703547270157 0.8420253930968491 0.9090334233786463 1.0433870183890694 1.0574698047757705 1.0918002785275416 1.138078663855047 1.2843542257532716 1.3625722692560744 1.5280640080952699 1.8239669974070865
357 4284 -0.5570471106418398 -0.10080660023811011 0.12700878373999602 0.6237645741067527 0.2857103642640533 0.3178719253861819 0.45049348121423743 0.46886397631392956 0.5733631180552043 0.6949660623529276 0.7397902295995271 0.7987703547270157 0.8420253930968491 0.9090334233786463 1.0433870183890694 1.0574698047757705 1.0918002785275416 1.138078663855047 1.2843542257532716 1.3625722692560744 1.5280640080952699 1.8239669974070865
358 4296 -0.5570471106418398 -0.10080660023811011 0.12700878373999602 0.6237645741067527 0.2857103642640533 0.3178719253861819 0.45049348121423743 0.46886397631392956 0.5733631180552043 0.6949660623529276 0.7397902295995271 0.7987703547270157 0.8420253930968491 0.9090334233786463 1.0433870183890694 1.0574698047757705 1.0918002785275416 1.138078663855047 1.2843542257532716 1.3625722692560744 1.5280640080952699 1.8239669974070865
359 4308 -0.5570471106418398 -0.10080660023811011 0.12700878373999602 0.6237645741067527 0.2857103642640533 0.3178719253861819 0.45049348121423743 0.46886397631392956 0.5733631180552043 0.6949660623529276 0.7397902295995271 0.7987703547270157 0.8420253930968491 0.9090334233786463 1.0433870183890694 1.0574698047757705 1.0918002785275416 1.138078663855047 1.2843542257532716 1.3625722692560744 1.5280640080952699 1.8239669974070865
360 4320 -0.5570471106418398 -0.10080660023811011 0.12700878373999602 0.6237645741067527 0.2857103642640533 0.3178719253861819 0.45049348121423743 0.46886397631392956 0.5733631180552043 0.6949660623529276 0.7397902295995271 0.7987703547270157 0.8420253930968491 0.9090334233786463 1.0433870183890694 1.0574698047757705 1.0918002785275416 1.138078663855047 1.2843542257532716 1.3625722692560744 1.5280640080952699 1.8239669974070865
361 4332 -0.5519125908467369 -0.10800374978616042 0.11756859074907193 0.6445688147300304 0.26434782814678887 0.2866977565081486 0.4299801359888047 0.46910206901355533 0.5795055386624149 0.7103360430462536 0.7433860163173118 0.7817327227529404 0.8610709840542675 0.9420992417485983 1.002665072280822 1.0689227839093922 1.0786000881172106 1.1898601910984035 1.263275425071546 1.3476601597270532 1.5139658131274791 1.8381061372272531
362 4344 -0.5519125908467369 -0.10800374978616042 0.11756859074907193 0.6445688147300304 0.26434782814678887 0.2866977565081486 0.4299801359888047 0.46910206901355533 0.5795055386624149 0.7103360430462536 0.7433860163173118 0.7817327227529404 0.8610709840542675 0.9420992417485983 1.002665072280822 1.0689227839093922 1.0786000881172106 1.1898601910984035 1.263275425071546 1.3476601597270532 1.5139658131274791 1.8381061372272531
363 4356 -0.5519125908467369 -0.10800374978616042 0.11756859074907193 0.6445688147300304 0.26434782814678887 0.2866977565081486 0.4299801359888047 0.46910206901355533 0.5795055386624149 0.7103360430462536 0.7433860163173118 0.7817327227529404 0.8610709840542675 0.9420992417485983 1.002665072280822 1.0689227839093922 1.0786000881172106 1.1898601910984035 1.263275425071546 1.3476601597270532 1.5139658131274791 1.8381061372272531
364 4368 -0.5519125908467369 -0.10800374978616042 0.11756859074907193 0.6445688147300304 0.26434782814678887 0.2866977565081486 0.4299801359888047 0.46910206901355533 0.5795055386624149 0.7103360430462536 0.7433860163173118 0.7817327227529404 0.8610709840542675 0.9420992417485983 1.002665072280822 1.0689227839093922 1.0786000881172106 1.1898601910984035 1.263275425071546 1.3476601597270532 1.5139658131274791 1.8381061372272531
365 4380 -0.5519125908467369 -0.10800374978616042 0.11756859074907193 0.6445688147300304 0.26434782814678887 0.2866977565081486 0.4299801359888047 0.46910206901355533 0.5795055386624149 0.7103360430462536 0.7433860163173118 0.7817327227529404 0.8610709840542675 0.9420992417485983 1.002665072280822 1.0689227839093922 1.0786000881172106 1.1898601910984035 1.263275425071546 1.3476601597270532 1.5139658131274791 1.8381061372272531
366 4392 -0.5519125908467369 -0.10800374978616042 0.11756859074907193 0.6445688147300304 0.26434782814678887 0.2866977565081486 0.4299801359888047 0.46910206901355533 0.5795055386624149 0.7103360430462536 0.7433860163173118 0.7817327227529404 0.8610709840542675 0.9420992417485983 1.002665072280822 1.0689227839093922 1.0786000881172106 1.1898601910984035 1.263275425071546 1.3476601597270532 1.5139658131274791 1.8381061372272531
367 4404 -0.5519125908467369 -0.10800374978616042 0.11756859074907193 0.6445688147300304 0.26434782814678887 0.2866977565081486 0.4299801359888047 0.46910206901355533 0.5795055386624149 0.7103360430462536 0.7433860163173118 0.7817327227529404 0.8610709840542675 0.9420992417485983 1.002665072280822 1.0689227839093922 1.0786000881172106 1.1898601910984035 1.263275425071546 1.3476601597270532 1.5139658131274791 1.8381061372272531
368 4416 -0.5519125908467369 -0.10800374978616042 0.11756859074907193 0.6445688147300304 0.26434782814678887 0.2866977565081486 0.4299801359888047 0.46910206901355533 0.5795055386624149 0.7103360430462536 0.7433860163173118 0.7817327227529404 0.8610709840542675 0.9420992417485983 1.002665072280822 1.0689227839093922 1.0786000881172106 1.1898601910984035 1.263275425071546 1.3476601597270532 1.5139658131274791 1.8381061372272531
369 4428 -0.5519125908467369 -0.10800374978616042 0.11756859074907193 0.6445688147300304 0.26434782814678887 0.2866977565081486 0.4299801359888047 0.46910206901355533 0.5795055386624149 0.7103360430462536 0.7433860163173118 0.7817327227529404 0.8610709840542675 0.9420992417485983 1.002665072280822 1.0689227839093922 1.0786000881172106 1.1898601910984035 1.263275425071546 1.3476601597270532 1.5139658131274791 1.8381061372272531
370 4440 -0.5519125908467369 -0.10800374978616042 0.11756859074907193 0.6445688147300304 0.26434782814678887 0.2866977565081486 0.4299801359888047 0.46910206901355533 0.5795055386624149 0.7103360430462536 0.7433860163173118 0.7817327227529404 0.8610709840542675 0.9420992417485983 1.002665072280822 1.0689227839093922 1.0786000881172106 1.1898601910984035 1.263275425071546 1.3476601597270532 1.5139658131274791 1.8381061372272531
371 4452 -0.5519125908467369 -0.10800374978616042 0.11756859074907193 0.6445688147300304 0.26434782814678887 0.2866977565081486 0.4299801359888047 0.46910206901355533 0.5795055386624149 0.7103360430462536 0.7433860163173118 0.7817327227529404 0.8610709840542675 0.9420992417485983 1.002665072280822 1.0689227839093922 1.0786000881172106 1.1898601910984035 1.263275425071546 1.3476601597270532 1.5139658131274791 1.8381061372272531
372 4464 -0.5519125908467369 -0.10800374978616042 0.11756859074907193 0.6445688147300304 0.26434782814678887 0.2866977565081486 0.4299801359888047 0.46910206901355533 0.5795055386624149 0.7103360430462536 0.7433860163173118 0.7817327227529404 0.8610709840542675 0.9420992417485983 1.002665072280822 1.0689227839093922 1.0786000881172106 1.1898601910984035 1.263275425071546 1.3476601597270532 1.5139658131274791 1.8381061372272531
373 4476 -0.5519125908467369 -0.10800374978616042 0.11756859074907193 0.6445688147300304 0.26434782814678887 0.2866977565081486 0.4299801359888047 0.46910206901355533 0.5795055386624149 0.7103360430462536 0.7433860163173118 0.7817327227529404 0.8610709840542675 0.9420992417485983 1.002665072280822 1.0689227839093922 1.0786000881172106 1.1898601910984035 1.263275425071546 1.3476601597270532 1.5139658131274791 1.8381061372272531
374 4488 -0.5519125908467369 -0.10800374978616042 0.11756859074907193 0.6445688147300304 0.26434782814678887 0.2866977565081486 0.4299801359888047 0.46910206901355533 0.5795055386624149 0.7103360430462536 0.7433860163173118 0.7817327227529404 0.8610709840542675 0.9420992417485983 1.002665072280822 1.0689227839093922 1.0786000881172106 1.1898601910984035 1.263275425071546 1.3476601597270532 1.5139658131274791 1.8381061372272531
375 4500 -0.5519125908467369 -0.10800374978616042 0.11756859074907193 0.6445688147300304 0.26434782814678887 0.2866977565081486 0.4299801359888047 0.46910206901355533 0.5795055386624149 0.7103360430462536 0.7433860163173118 0.7817327227529404 0.8610709840542675 0.9420992417485983 1.002665072280822 1.0689227839093922 1.0786000881172106 1.1898601910984035 1.263275425071546 1.3476601597270532 1.5139658131274791 1.8381061372272531
376 4512 -0.5519125908467369 -0.10800374978616042 0.11756859074907193 0.6445688147300304 0.26434782814678887 0.2866977565081486 0.4299801359888047 0.46910206901355533 0.5795055386624149 0.7103360430462536 0.7433860163173118 0.7817327227529404 0.8610709840542675 0.9420992417485983 1.002665072280822 1.0689227839093922 1.0786000881172106 1.1898601910984035 1.263275425071546 1.3476601597270532 1.5139658131274791 1.8381061372272531
377 4524 -0.5519125908467369 -0.10800374978616042 0.11756859074907193 0.6445688147300304 0.26434782814678887 0.2866977565081486 0.4299801359888047 0.46910206901355533 0.5795055386624149 0.7103360430462536 0.7433860163173118 0.7817327227529404 0.8610709840542675 0.9420992417485983 1.002665072280822 1.0689227839093922 1.0786000881172106 1.1898601910984035 1.263275425071546 1.3476601597270532 1.5139658131274791 1.8381061372272531
378 4536 -0.5519125908467369 -0.10800374978616042 0.11756859074907193 0.6445688147300304 0.26434782814678887 0.2866977565081486 0.4299801359888047 0.46910206901355533 0.5795055386624149 0.7103360430462536 0.7433860163173118 0.7817327227529404 0.8610709840542675 0.9420992417485983 1.002665072280822 1.0689227839093922 1.0786000881172106 1.1898601910984035 1.263275425071546 1.3476601597270532 1.5139658131274791 1.8381061372272531
379 4548 -0.6371393278591133 -0.12099004484219913 0.11716152190527576 0.6570248164990062 0.22803063236437346 0.27481024885222965 0.39561618013263194 0.43709642256014475 0.6076179144580827 0.6926252442835368 0.739313032405244 0.8063820120617538 0.8449557116529365 0.932839799493088 0.9687807793570987 1.0766877021431593 1.1519649483839671 1.2263318693891174 1.2334974954068918 1.3405435294289991 1.549766755608486 1.801653400065394
380 4560 -0.6371393278591133 -0.12099004484219913 0.11716152190527576 0.6570248164990062 0.22803063236437346 0.27481024885222965 0.39561618013263194 0.43709642256014475 0.6076179144580827 0.6926252442835368 0.739313032405244 0.8063820120617538 0.8449557116529365 0.932839799493088 0.9687807793570987 1.0766877021431593 1.1519649483839671 1.2263318693891174 1.2334974954068918 1.3405435294289991 1.549766755608486 1.801653400065394
381 4572 -0.6371393278591133 -0.12099004484219913 0.11716152190527576 0.6570248164990062 0.22803063236437346 0.27481024885222965 0.39561618013263194 0.43709642256014475 0.6076179144580827 0.6926252442835368 0.739313032405244 0.8063820120617538 0.8449557116529365 0.932839799493088 0.9687807793570987 1.0766877021431593 1.1519649483839671 1.2263318693891174 1.2334974954068918 1.3405435294289991 1.549766755608486 1.801653400065394
382 4584 -0.6371393278591133 -0.12099004484219913 0.11716152190527576 0.6570248164990062 0.22803063236437346 0.27481024885222965 0.39561618013263194 0.43709642256014475 0.6076179144580827 0.6926252442835368 0.739313032405244 0.8063820120617538 0.8449557116529365 0.932839799493088 0.9687807793570987 1.0766877021431593 1.1519649483839671 1.2263318693891174 1.2334974954068918 1.3405435294289991 1.549766755608486 1.801653400065394
383 4596 -0.6371393278591133 -0.12099004484219913 0.11716152190527576 0.6570248164990062 0.22803063236437346 0.27481024885222965 0.39561618013263194 0.43709642256014475 0.6076179144580827 0.6926252442835368 0.739313032405244 0.8063820120617538 0.8449557116529365 0.932839799493088 0.9687807793570987 1.0766877021431593 1.1519649483839671 1.2263318693891174 1.2334974954068918 1.3405435294289991 1.549766755608486 1.801653400065394
384 4608 -0.6371393278591133 -0.12099004484219913 0.11716152190527576 0.6570248164990062 0.22803063236437346 0.27481024885222965 0.39561618013263194 0.43709642256014475 0.6076179144580827 0.6926252442835368 0.739313032405244 0.8063820120617538 0.8449557116529365 0.932839799493088 0.9687807793570987 1.0766877021431593 1.1519649483839671 1.2263318693891174 1.2334974954068918 1.3405435294289991 1.549766755608486 1.801653400065394
385 4620 -0.6371393278591133 -0.12099004484219913 0.11716152190527576 0.6570248164990062 0.22803063236437346 0.27481024885222965 0.39561618013263194 0.43709642256014475 0.6076179144580827 0.6926252442835368 0.739313032405244 0.8063820120617538 0.8449557116529365 0.932839799493088 0.9687807793570987 1.0766877021431593 1.1519649483839671 1.2263318693891174 1.2334974954068918 1.3405435294289991 1.549766755608486 1.801653400065394
386 4632 -0.6371393278591133 -0.12099004484219913 0.11716152190527576 0.6570248164990062 0.22803063236437346 0.27481024885222965 0.39561618013263194 0.43709642256014475 0.6076179144580827 0.6926252442835368 0.739313032405244 0.8063820120617538 0.8449557116529365 0.932839799493088 0.9687807793570987 1.0766877021431593 1.1519649483839671 1.2263318693891174 1.2334974954068918 1.3405435294289991 1.549766755608486 1.801653400065394
387 4644 -0.6371393278591133 -0.12099004484219913 0.11716152190527576 0.6570248164990062 0.22803063236437346 0.27481024885222965 0.39561618013263194 0.43709642256014475 0.6076179144580827 0.6926252442835368 0.739313032405244 0.8063820120617538 0.8449557116529365 0.932839799493088 0.9687807793570987 1.0766877021431593 1.1519649483839671 1.2263318693891174 1.2334974954068918 1.3405435294289991 1.549766755608486 1.801653400065394
388 4656 -0.6371393278591133 -0.12099004484219913 0.11716152190527576 0.6570248164990062 0.22803063236437346 0.27481024885222965 0.39561618013263194 0.43709642256014475 0.6076179144580827 0.6926252442835368 0.739313032405244 0.8063820120617538 0.8449557116529365 0.932839799493088 0.9687807793570987 1.0766877021431593 1.1519649483839671 1.2263318693891174 1.2334974954068918 1.3405435294289991 1.549766755608486 1.801653400065394
389 4668 -0.6371393278591133 -0.12099004484219913 0.11716152190527576 0.6570248164990062 0.22803063236437346 0.27481024885222965 0.39561618013263194 0.43709642256014475 0.6076179144580827 0.6926252442835368 0.739313032405244 0.8063820120617538 0.8449557116529365 0.932839799493088 0.9687807793570987 1.0766877021431593 1.1519649483839671 1.2263318693891174 1.2334974954068918 1.3405435294289991 1.549766755608486 1.801653400065394
390 4680 -0.6371393278591133 -0.12099004484219913 0.11716152190527576 0.6570248164990062 0.22803063236437346 0.27481024885222965 0.39561618013263194 0.43709642256014475 0.6076179144580827 0.6926252442835368 0.739313032405244 0.8063820120617538 0.8449557116529365 0.932839799493088 0.9687807793570987 1.0766877021431593 1.1519649483839671 1.2263318693891174 1.2334974954068918 1.3405435294289991 1.549766755608486 1.801653400065394
391 4692 -0.6371393278591133 -0.12099004484219913 0.11716152190527576 0.6570248164990062 0.22803063236437346 0.27481024885222965 0.39561618013263194 0.43709642256014475 0.6076179144580827 0.6926252442835368 0.739313032405244 0.8063820120617538 0.8449557116529365 0.932839799493088 0.9687807793570987 1.0766877021431593 1.1519649483839671 1.2263318693891174 1.2334974954068918 1.3405435294289991 1.549766755608486 1.801653400065394
392 4704 -0.6371393278591133 -0.12099004484219913 0.11716152190527576 0.6570248164990062 0.22803063236437346 0.27481024885222965 0.39561618013263194 0.43709642256014475 0.6076179144580827 0.6926252442835368 0.739313032405244 0.8063820120617538 0.8449557116529365 0.932839799493088 0.9687807793570987 1.0766877021431593 1.1519649483839671 1.2263318693891174 1.2334974954068918 1.3405435294289991 1.549766755608486 1.801653400065394
393 4716 -0.6371393278591133 -0.12099004484219913 0.11716152190527576 0.6570248164990062 0.22803063236437346 0.27481024885222965 0.39561618013263194 0.43709642256014475 0.6076179144580827 0.6926252442835368 0.739313032405244 0.8063820120617538 0.8449557116529365 0.932839799493088 0.9687807793570987 1.0766877021431593 1.1519649483839671 1.2263318693891174 1.2334974954068918 1.3405435294289991 1.549766755608486 1.801653400065394
394 4728 -0.6371393278591133 -0.12099004484219913 0.11716152190527576 0.6570248164990062 0.22803063236437346 0.27481024885222965 0.39561618013263194 0.43709642256014475 0.6076179144580827 0.6926252442835368 0.739313032405244 0.8063820120617538 0.8449557116529365 0.932839799493088 0.9687807793570987 1.0766877021431593 1.1519649483839671 1.2263318693891174 1.2334974954068918 1.3405435294289991 1.549766755608486 1.801653400065394
395 4740 -0.6371393278591133 -0.12099004484219913 0.11716152190527576 0.6570248164990062 0.22803063236437346 0.27481024885222965 0.39561618013263194 0.43709642256014475 0.6076179144580827 0.6926252442835368 0.739313032405244 0.8063820120617538 0.8449557116529365 0.932839799493088 0.9687807793570987 1.0766877021431593 1.1519649483839671 1.2263318693891174 1.2334974954068918 1.3405435294289991 1.549766755608486 1.801653400065394
396 4752 -0.6371393278591133 -0.12099004484219913 0.11716152190527576 0.6570248164990062 0.22803063236437346 0.27481024885222965 0.39561618013263194 0.43709642256014475 0.6076179144580827 0.6926252442835368 0.739313032405244 0.8063820120617538 0.8449557116529365 0.932839799493088 0.9687807793570987 1.0766877021431593 1.1519649483839671 1.2263318693891174 1.2334974954068918 1.3405435294289991 1.549766755608486 1.801653400065394
397 4764 -0.6766503044504562 -0.10619955219463237 0.11108651291020938 0.6883943049530119 0.22348876231223277 0.2698583304863926 0.37715168526326776 0.41000251343062516 0.5921577904479052 0.628796737324359 0.7539665814289477 0.791594366175958 0.8591696164936599 0.9602936003908361 1.0378851238784186 1.1173400142610384 1.1315320324765004 1.254329892754016 1.273186501897557 1.2942868251543205 1.5799051347979216 1.7302540828807929
398 4776 -0.6766503044504562 -0.10619955219463237 0.11108651291020938 0.6883943049530119 0.22348876231223277 0.2698583304863926 0.37715168526326776 0.41000251343062516 0.5921577904479052 0.628796737324359 0.7539665814289477 0.791594366175958 0.8591696164936599 0.9602936003908361 1.0378851238784186 1.1173400142610384 1.1315320324765004 1.254329892754016 1.273186501897557 1.2942868251543205 1.5799051347979216 1.7302540828807929
399 4788 -0.6766503044504562 -0.10619955219463237 0.11108651291020938 0.6883943049530119 0.22348876231223277 0.2698583304863926 0.37715168526326776 0.41000251343062516 0.5921577904479052 0.628796737324359 0.7539665814289477 0.791594366175958 0.8591696164936599 0.9602936003908361 1.0378851238784186 1.1173400142610384 1.1315320324765004 1.254329892754016 1.273186501897557 1.2942868251543205 1.5799051347979216 1.7302540828807929
400 4800 -0.6766503044504562 -0.10619955219463237 0.11108651291020938 0.6883943049530119 0.22348876231223277 0.2698583304863926 0.37715168526326776 0.41000251343062516 0.5921577904479052 0.628796737324359 0.7539665814289477 0.791594366175958 0.8591696164936599 0.9602936003908361 1.0378851238784186 1.1173400142610384 1.1315320324765004 1.254329892754016 1.273186501897557 1.2942868251543205 1.5799051347979216 1.7302540828807929
401 4812 -0.6766503044504562 -0.10619955219463237 0.11108651291020938 0.6883943049530119 0.22348876231223277 0.2698583304863926 0.37715168526326776 0.41000251343062516 0.5921577904479052 0.628796737324359 0.7539665814289477 0.791594366175958 0.8591696164936599 0.9602936003908361 1.0378851238784186 1.1173400142610384 1.1315320324765004 1.254329892754016 1.273186501897557 1.2942868251543205 1.5799051347979216 1.7302540828807929
402 4824 -0.6766503044504562 -0.10619955219463237 0.11108651291020938 0.6883943049530119 0.22348876231223277 0.2698583304863926 0.37715168526326776 0.41000251343062516 0.5921577904479052 0.628796737324359 0.7539665814289477 0.791594366175958 0.8591696164936599 0.9602936003908361 1.0378851238784186 1.1173400142610384 1.1315320324765004 1.254329892754016 1.273186501897557 1.2942868251543205 1.5799051347979216 1.7302540828807929
403 4836 -0.6766503044504562 -0.10619955219463237 0.11108651291020938 0.6883943049530119 0.22348876231223277 0.2698583304863926 0.37715168526326776 0.41000251343062516 0.5921577904479052 0.628796737324359 0.7539665814289477 0.791594366175958 0.8591696164936599 0.9602936003908361 1.0378851238784186 1.1173400142610384 1.1315320324765004 1.254329892754016 1.273186501897557 1.2942868251543205 1.5799051347979216 1.7302540828807929
404 4848 -0.6766503044504562 -0.10619955219463237 0.11108651291020938 0.6883943049530119 0.22348876231223277 0.2698583304863926 0.37715168526326776 0.41000251343062516 0.5921577904479052 0.628796737324359 0.7539665814289477 0.791594366175958 0.8591696164936599 0.9602936003908361 1.0378851238784186 1.1173400142610384 1.1315320324765004 1.254329892754016 1.273186501897557 1.2942868251543205 1.5799051347979216 1.7302540828807929
405 4860 -0.6766503044504562 -0.10619955219463237 0.11108651291020938 0.6883943049530119 0.22348876231223277 0.2698583304863926 0.37715168526326776 0.41000251343062516 0.5921577904479052 0.628796737324359 0.7539665814289477 0.791594366175958 0.8591696164936599 0.9602936003908361 1.0378851238784186 1.1173400142610384 1.1315320324765004 1.254329892754016 1.273186501897557 1.2942868251543205 1.5799051347979216 1.7302540828807929
406 4872 -0.6766503044504562 -0.10619955219463237 0.11108651291020938 0.6883943049530119 0.22348876231223277 0.2698583304863926 0.37715168526326776 0.41000251343062516 0.5921577904479052 0.628796737324359 0.7539665814289477 0.791594366175958 0.8591696164936599 0.9602936003908361 1.0378851238784186 1.1173400142610384 1.1315320324765004 1.254329892754016 1.273186501897557 1.2942868251543205 1.5799051347979216 1.7302540828807929
407 4884 -0.6766503044504562 -0.10619955219463237 0.11108651291020938 0.6883943049530119 0.22348876231223277 0.2698583304863926 0.37715168526326776 0.41000251343062516 0.5921577904479052 0.628796737324359 0.7539665814289477 0.791594366175958 0.8591696164936599 0.9602936003908361 1.0378851238784186 1.1173400142610384 1.1315320324765004 1.254329892754016 1.273186501897557 1.2942868251543205 1.5799051347979216 1.7302540828807929
408 4896 -0.6766503044504562 -0.10619955219463237 0.11108651291020938 0.6883943049530119 0.22348876231223277 0.2698583304863926 0.37715168526326776 0.41000251343062516 0.5921577904479052 0.628796737324359 0.7539665814289477 0.791594366175958 0.8591696164936599 0.9602936003908361 1.0378851238784186 1.1173400142610384 1.1315320324765004 1.254329892754016 1.273186501897557 1.2942868251543205 1.5799051347979216 1.7302540828807929
409 4908 -0.6766503044504562 -0.10619955219463237 0.11108651291020938 0.6883943049530119 0.22348876231223277 0.2698583304863926 0.37715168526326776 0.41000251343062516 0.5921577904479052 0.628796737324359 0.7539665814289477 0.791594366175958 0.8591696164936599 0.9602936003908361 1.0378851238784186 1.1173400142610384 1.1315320324765004 1.254329892754016 1.273186501897557 1.2942868251543205 1.5799051347979216 1.7302540828807929
410 4920 -0.6766503044504562 -0.10619955219463237 0.11108651291020938 0.6883943049530119 0.22348876231223277 0.2698583304863926 0.37715168526326776 0.41000251343062516 0.5921577904479052 0.628796737324359 0.7539665814289477 0.791594366175958 0.8591696164936599 0.9602936003908361 1.0378851238784186 1.1173400142610384 1.1315320324765004 1.254329892754016 1.273186501897557 1.2942868251543205 1.5799051347979216 1.7302540828807929
411 4932 -0.6766503044504562 -0.10619955219463237 0.11108651291020938 0.6883943049530119 0.22348876231223277 0.2698583304863926 0.37715168526326776 0.41000251343062516 0.5921577904479052 0.628796737324359 0.7539665814289477 0.791594366175958 0.8591696164936599 0.9602936003908361 1.0378851238784186 1.1173400142610384 1.1315320324765004 1.254329892754016 1.273186501897557 1.2942868251543205 1.5799051347979216 1.7302540828807929
412 4944 -0.6766503044504562 -0.10619955219463237 0.11108651291020938 0.6883943049530119 0.22348876231223277 0.2698583304863926 0.37715168526326776 0.41000251343062516 0.5921577904479052 0.628796737324359 0.7539665814289477 0.791594366175958 0.8591696164936599 0.9602936003908361 1.0378851238784186 1.1173400142610384 1.1315320324765004 1.254329892754016 1.273186501897557 1.2942868251543205 1.5799051347979216 1.7302540828807929
413 4956 -0.6766503044504562 -0.10619955219463237 0.11108651291020938 0.6883943049530119 0.22348876231223277 0.2698583304863926 0.37715168526326776 0.41000251343062516 0.5921577904479052 0.628796737324359 0.7539665814289477 0.791594366175958 0.8591696164936599 0.9602936003908361 1.0378851238784186 1.1173400142610384 1.1315320324765004 1.254329892754016 1.273186501897557 1.2942868251543205 1.5799051347979216 1.7302540828807929
414 4968 -0.6766503044504562 -0.10619955219463237 0.11108651291020938 0.6883943049530119 0.22348876231223277 0.2698583304863926 0.37715168526326776 0.41000251343062516 0.5921577904479052 0.628796737324359 0.7539665814289477 0.791594366175958 0.8591696164936599 0.9602936003908361 1.0378851238784186 1.1173400142610384 1.1315320324765004 1.254329892754016 1.273186501897557 1.2942868251543205 1.5799051347979216 1.7302540828807929
415 4980 -0.7405804886932683 -0.10938648523015773 0.12365684555071356 0.7034857784672499 0.20756002632814213 0.2365125070508858 0.3565420180838243 0.41201392158363553 0.5814822171730509 0.6223446801355607 0.7290228648397362 0.7872269550471396 0.8461739144157042 0.9261950344751536 1.0009861872423966 1.1005656729475755 1.1656097521654027 1.2250263882425547 1.2668425520043072 1.3130402568871429 1.6344452864808654 1.7551895367437718
416 4992 -0.7405804886932683 -0.10938648523015773 0.12365684555071356 0.7034857784672499 0.20756002632814213 0.2365125070508858 0.3565420180838243 0.41201392158363553 0.5814822171730509 0.6223446801355607 0.7290228648397362 0.7872269550471396 0.8461739144157042 0.9261950344751536 1.0009861872423966 1.1005656729475755 1.1656097521654027 1.2250263882425547 1.2668425520043072 1.3130402568871429 1.6344452864808654 1.7551895367437718
417 5004 -0.7405804886932683 -0.10938648523015773 0.12365684555071356 0.7034857784672499 0.20756002632814213 0.2365125070508858 0.3565420180838243 0.41201392158363553 0.5814822171730509 0.6223446801355607 0.7290228648397362 0.7872269550471396 0.8461739144157042 0.9261950344751536 1.0009861872423966 1.1005656729475755 1.1656097521654027 1.2250263882425547 1.2668425520043072 1.3130402568871429 1.6344452864808654 1.7551895367437718
418 5016 -0.7405804886932683 -0.10938648523015773 0.12365684555071356 0.7034857784672499 0.20756002632814213 0.2365125070508858 0.3565420180838243 0.41201392158363553 0.5814822171730509 0.6223446801355607 0.7290228648397362 0.7872269550471396 0.8461739144157042 0.9261950344751536 1.0009861872423966 1.1005656729475755 1.1656097521654027 1.2250263882425547 1.2668425520043072 1.3130402568871429 1.6344452864808654 1.7551895367437718
419 5028 -0.7405804886932683 -0.10938648523015773 0.12365684555071356 0.7034857784672499 0.20756002632814213 0.2365125070508858 0.3565420180838243 0.41201392158363553 0.5814822171730509 0.6223446801355607 0.7290228648397362 0.7872269550471396 0.8461739144157042 0.9261950344751536 1.0009861872423966 1.1005656729475755 1.1656097521654027 1.2250263882425547 1.2668425520043072 1.3130402568871429 1.6344452864808654 1.7551895367437718
420 5040 -0.7405804886932683 -0.10938648523015773 0.12365684555071356 0.7034857784672499 0.20756002632814213 0.2365125070508858 0.3565420180838243 0.41201392158363553 0.5814822171730509 0.6223446801355607 0.7290228648397362 0.7872269550471396 0.8461739144157042 0.9261950344751536 1.0009861872423966 1.1005656729475755 1.1656097521654027 1.2250263882425547 1.2668425520043072 1.3130402568871429 1.6344452864808654 1.7551895367437718
421 5052 -0.7405804886932683 -0.10938648523015773 0.12365684555071356 0.7034857784672499 0.20756002632814213 0.2365125070508858 0.3565420180838243 0.41201392158363553 0.5814822171730509 0.6223446801355607 0.7290228648397362 0.7872269550471396 0.8461739144157042 0.9261950344751536 1.0009861872423966 1.1005656729475755 1.1656097521654027 1.2250263882425547 1.2668425520043072 1.3130402568871429 1.6344452864808654 1.7551895367437718
422 5064 -0.7405804886932683 -0.10938648523015773 0.12365684555071356 0.7034857784672499 0.20756002632814213 0.2365125070508858 0.3565420180838243 0.41201392158363553 0.5814822171730509 0.6223446801355607 0.7290228648397362 0.7872269550471396 0.8461739144157042 0.9261950344751536 1.0009861872423966 1.1005656729475755 1.1656097521654027 1.2250263882425547 1.2668425520043072 1.3130402568871429 1.6344452864808654 1.7551895367437718
423 5076 -0.7405804886932683 -0.10938648523015773 0.12365684555071356 0.7034857784672499 0.20756002632814213 0.2365125070508858 0.3565420180838243 0.41201392158363553 0.5814822171730509 0.6223446801355607 0.7290228648397362 0.7872269550471396 0.8461739144157042 0.9261950344751536 1.0009861872423966 1.1005656729475755 1.1656097521654027 1.2250263882425547 1.2668425520043072 1.3130402568871429 1.6344452864808654 1.7551895367437718
424 5088 -0.7405804886932683 -0.10938648523015773 0.12365684555071356 0.7034857784672499 0.20756002632814213 0.2365125070508858 0.3565420180838243 0.41201392158363553 0.5814822171730509 0.6223446801355607 0.7290228648397362 0.7872269550471396 0.8461739144157042 0.9261950344751536 1.0009861872423966 1.1005656729475755 1.1656097521654027 1.2250263882425547 1.2668425520043072 1.3130402568871429 1.6344452864808654 1.7551895367437718
425 5100 -0.7405804886932683 -0.10938648523015773 0.12365684555071356 0.7034857784672499 0.20756002632814213 0.2365125070508858 0.3565420180838243 0.41201392158363553 0.5814822171730509 0.6223446801355607 0.7290228648397362 0.7872269550471396 0.8461739144157042 0.9261950344751536 1.0009861872423966 1.1005656729475755 1.1656097521654027 1.2250263882425547 1.2668425520043072 1.3130402568871429 1.6344452864808654 1.7551895367437718
426 5112 -0.7405804886932683 -0.10938648523015773 0.12365684555071356 0.7034857784672499 0.20756002632814213 0.2365125070508858 0.3565420180838243 0.41201392158363553 0.5814822171730509 0.6223446801355607 0.7290228648397362 0.7872269550471396 0.8461739144157042 0.9261950344751536 1.0009861872423966 1.1005656729475755 1.1656097521654027 1.2250263882425547 1.2668425520043072 1.3130402568871429 1.6344452864808654 1.7551895367437718
427 5124 -0.7405804886932683 -0.10938648523015773 0.12365684555071356 0.7034857784672499 0.20756002632814213 0.2365125070508858 0.3565420180838243 0.41201392158363553 0.5814822171730509 0.6223446801355607 0.7290228648397362 0.7872269550471396 0.8461739144157042 0.9261950344751536 1.0009861872423966 1.1005656729475755 1.1656097521654027 1.2250263882425547 1.2668425520043072 1.3130402568871429 1.6344452864808654 1.7551895367437718
428 5136 -0.7405804886932683 -0.10938648523015773 0.12365684555071356 0.7034857784672499 0.20756002632814213 0.2365125070508858 0.3565420180838243 0.41201392158363553 0.5814822171730509 0.6223446801355607 0.7290228648397362 0.7872269550471396 0.8461739144157042 0.9261950344751536 1.0009861872423966 1.1005656729475755 1.1656097521654027 1.2250263882425547 1.2668425520043072 1.3130402568871429 1.6344452864808654 1.7551895367437718
429 5148 -0.7405804886932683 -0.10938648523015773 0.12365684555071356 0.7034857784672499 0.20756002632814213 0.2365125070508858 0.3565420180838243 0.41201392158363553 0.5814822171730509 0.6223446801355607 0.7290228648397362 0.7872269550471396 0.8461739144157042 0.9261950344751536 1.0009861872423966 1.1005656729475755 1.1656097521654027 1.2250263882425547 1.2668425520043072 1.3130402568871429 1.6344452864808654 1.7551895367437718
430 5160 -0.7405804886932683 -0.10938648523015773 0.12365684555071356 0.7034857784672499 0.20756002632814213 0.2365125070508858 0.3565420180838243 0.41201392158363553 0.5814822171730509 0.6223446801355607 0.7290228648397362 0.7872269550471396 0.8461739144157042 0.9261950344751536 1.0009861872423966 1.1005656729475755 1.1656097521654027 1.2250263882425547 1.2668425520043072 1.3130402568871429 1.6344452864808654 1.7551895367437718
431 5172 -0.7405804886932683 -0.10938648523015773 0.12365684555071356 0.7034857784672499 0.20756002632814213 0.2365125070508858 0.3565420180838243 0.41201392158363553 0.5814822171730509 0.6223446801355607 0.7290228648397362 0.7872269550471396 0.8461739144157042 0.9261950344751536 1.0009861872423966 1.1005656729475755 1.1656097521654027 1.2250263882425547 1.2668425520043072 1.3130402568871429 1.6344452864808654 1.7551895367437718
432 5184 -0.7405804886932683 -0.10938648523015773 0.12365684555071356 0.7034857784672499 0.20756002632814213 0.2365125070508858 0.3565420180838243 0.41201392158363553 0.5814822171730509 0.6223446801355607 0.7290228648397362 0.7872269550471396 0.8461739144157042 0.9261950344751536 1.0009861872423966 1.1005656729475755 1.1656097521654027 1.2250263882425547 1.2668425520043072 1.3130402568871429 1.6344452864808654 1.7551895367437718
433 5196 -0.7564416579357678 -0.09257395398527624 0.1264543716773151 0.7189785076583686 0.17749895883341893 0.21454874463722395 0.334033087759027 0.3533145545442393 0.5719506773917061 0.6261595965811902 0.747475273146583 0.7937538324310848 0.862100777713441 0.922726884951658 1.0124040026009862 1.116725135775316 1.1484338376788217 1.1957736986675815 1.2546538257489745 1.321473326893574 1.6722051748891715 1.7452544627808801
434 5208 -0.7564416579357678 -0.09257395398527624 0.1264543716773151 0.7189785076583686 0.17749895883341893 0.21454874463722395 0.334033087759027 0.3533145545442393 0.5719506773917061 0.6261595965811902 0.747475273146583 0.7937538324310848 0.862100777713441 0.922726884951658 1.0124040026009862 1.116725135775316 1.1484338376788217 1.1957736986675815 1.2546538257489745 1.321473326893574 1.6722051748891715 1.7452544627808801
435 5220 -0.7564416579357678 -0.09257395398527624 0.1264543716773151 0.7189785076583686 0.17749895883341893 0.21454874463722395 0.334033087759027 0.3533145545442393 0.5719506773917061 0.6261595965811902 0.747475273146583 0.7937538324310848 0.862100777713441 0.922726884951658 1.0124040026009862 1.116725135775316 1.1484338376788217 1.1957736986675815 1.2546538257489745 1.321473326893574 1.6722051748891715 1.7452544627808801
436 5232 -0.7564416579357678 -0.09257395398527624 0.1264543716773151 0.7189785076583686 0.17749895883341893 0.21454874463722395 0.334033087759027 0.3533145545442393 0.5719506773917061 0.6261595965811902 0.747475273146583 0.7937538324310848 0.862100777713441 0.922726884951658 1.0124040026009862 1.116725135775316 1.1484338376788217 1.1957736986675815 1.2546538257489745 1.321473326893574 1.6722051748891715 1.7452544627808801
437 5244 -0.7564416579357678 -0.09257395398527624 0.1264543716773151 0.7189785076583686 0.17749895883341893 0.21454874463722395 0.334033087759027 0.3533145545442393 0.5719506773917061 0.6261595965811902 0.747475273146583 0.7937538324310848 0.862100777713441 0.922726884951658 1.0124040026009862 1.116725135775316 1.1484338376788217 1.1957736986675815 1.2546538257489745 1.321473326893574 1.6722051748891715 1.7452544627808801
438 5256 -0.7564416579357678 -0.09257395398527624 0.1264543716773151 0.7189785076583686 0.17749895883341893 0.21454874463722395 0.334033087759027 0.3533145545442393 0.5719506773917061 0.6261595965811902 0.747475273146583 0.7937538324310848 0.862100777713441 0.922726884951658 1.0124040026009862 1.116725135775316 1.1484338376788217 1.1957736986675815 1.2546538257489745 1.321473326893574 1.6722051748891715 1.7452544627808801
439 5268 -0.7564416579357678 -0.09257395398527624 0.1264543716773151 0.7189785076583686 0.17749895883341893 0.21454874463722395 0.334033087759027 0.3533145545442393 0.5719506773917061 0.6261595965811902 0.747475273146583 0.7937538324310848 0.862100777713441 0.922726884951658 1.0124040026009862 1.116725135775316 1.1484338376788217 1.1957736986675815 1.2546538257489745 1.321473326893574 1.6722051748891715 1.7452544627808801
440 5280 -0.7564416579357678 -0.09257395398527624 0.1264543716773151 0.7189785076583686 0.17749895883341893 0.21454874463722395 0.334033087759027 0.3533145545442393 0.5719506773917061 0.6261595965811902 0.747475273146583 0.7937538324310848 0.862100777713441 0.922726884951658 1.0124040026009862 1.116725135775316 1.1484338376788217 1.1957736986675815 1.2546538257489745 1.321473326893574 1.6722051748891715 1.7452544627808801
441 5292 -0.7564416579357678 -0.09257395398527624 0.1264543716773151 0.7189785076583686 0.17749895883341893 0.21454874463722395 0.334033087759027 0.3533145545442393 0.5719506773917061 0.6261595965811902 0.747475273146583 0.7937538324310848 0.862100777713441 0.922726884951658 1.0124040026009862 1.116725135775316 1.1484338376788217 1.1957736986675815 1.2546538257489745 1.321473326893574 1.6722051748891715 1.7452544627808801
442 5304 -0.7564416579357678 -0.09257395398527624 0.1264543716773151 0.7189785076583686 0.17749895883341893 0.21454874463722395 0.334033087759027 0.3533145545442393 0.5719506773917061 0.6261595965811902 0.747475273146583 0.7937538324310848 0.862100777713441 0.922726884951658 1.0124040026009862 1.116725135775316 1.1484338376788217 1.1957736986675815 1.2546538257489745 1.321473326893574 1.6722051748891715 1.7452544627808801
443 5316 -0.7564416579357678 -0.09257395398527624 0.1264543716773151 0.7189785076583686 0.17749895883341893 0.21454874463722395 0.334033087759027 0.3533145545442393 0.5719506773917061 0.6261595965811902 0.747475273146583 0.7937538324310848 0.862100777713441 0.922726884951658 1.0124040026009862 1.116725135775316 1.1484338376788217 1.1957736986675815 1.2546538257489745 1.321473326893574 1.6722051748891715 1.7452544627808801
444 5328 -0.7564416579357678 -0.09257395398527624 0.1264543716773151 0.7189785076583686 0.17749895883341893 0.21454874463722395 0.334033087759027 0.3533145545442393 0.5719506773917061 0.6261595965811902 0.747475273146583 0.7937538324310848 0.862100777713441 0.922726884951658 1.0124040026009862 1.116725135775316 1.1484338376788217 1.1957736986675815 1.2546538257489745 1.321473326893574 1.6722051748891715 1.7452544627808801
445 5340 -0.7564416579357678 -0.09257395398527624 0.1264543716773151 0.7189785076583686 0.17749895883341893 0.21454874463722395 0.334033087759027 0.3533145545442393 0.5719506773917061 0.6261595965811902 0.747475273146583 0.7937538324310848 0.862100777713441 0.922726884951658 1.0124040026009862 1.116725135775316 1.1484338376788217 1.1957736986675815 1.2546538257489745 1.321473326893574 1.6722051748891715 1.7452544627808801
446 5352 -0.7564416579357678 -0.09257395398527624 0.1264543716773151 0.7189785076583686 0.17749895883341893 0.21454874463722395 0.334033087759027 0.3533145545442393 0.5719506773917061 0.6261595965811902 0.747475273146583 0.7937538324310848 0.862100777713441 0.922726884951658 1.0124040026009862 1.116725135775316 1.1484338376788217 1.1957736986675815 1.2546538257489745 1.321473326893574 1.6722051748891715 1.7452544627808801
447 5364 -0.7564416579357678 -0.09257395398527624 0.1264543716773151 0.7189785076583686 0.17749895883341893 0.21454874463722395 0.334033087759027 0.3533145545442393 0.5719506773917061 0.6261595965811902 0.747475273146583 0.7937538324310848 0.862100777713441 0.922726884951658 1.0124040026009862 1.116725135775316 1.1484338376788217 1.1957736986675815 1.2546538257489745 1.321473326893574 1.6722051748891715 1.7452544627808801
448 5376 -0.7564416579357678 -0.09257395398527624 0.1264543716773151 0.7189785076583686 0.17749895883341893 0.21454874463722395 0.334033087759027 0.3533145545442393 0.5719506773917061 0.6261595965811902 0.747475273146583 0.7937538324310848 0.862100777713441 0.922726884951658 1.0124040026009862 1.116725135775316 1.1484338376788217 1.1957736986675815 1.2546538257489745 1.321473326893574 1.6722051748891715 1.7452544627808801
449 5388 -0.7564416579357678 -0.09257395398527624 0.1264543716773151 0.7189785076583686 0.17749895883341893 0.21454874463722395 0.334033087759027 0.3533145545442393 0.5719506773917061 0.6261595965811902 0.747475273146583 0.7937538324310848 0.862100777713441 0.922726884951658 1.0124040026009862 1.116725135775316 1.1484338376788217 1.1957736986675815 1.2546538257489745 1.321473326893574 1.6722051748891715 1.7452544627808801
450 5400 -0.7564416579357678 -0.09257395398527624 0.1264543716773151 0.7189785076583686 0.17749895883341893 0.21454874463722395 0.334033087759027 0.3533145545442393 0.5719506773917061 0.6261595965811902 0.747475273146583 0.7937538324310848 0.862100777713441 0.922726884951658 1.0124040026009862 1.116725135775316 1.1484338376788217 1.1957736986675815 1.2546538257489745 1.321473326893574 1.6722051748891715 1.7452544627808801
451 5412 -0.7385928255151092 -0.10070310317084238 0.12336977958366162 0.729739934128963 0.172001477839237 0.20539535102636208 0.3103763789400786 0.3569406833017079 0.5494611685444196 0.6059895318566315 0.7459041115045306 0.7977464086214439 0.8565960015084677 0.9171311965245892 1.0258904037441046 1.0827350559743243 1.1711803679941757 1.189854597474419 1.2145797823384439 1.3751009988962073 1.6809401537710373 1.7503851697974722
452 5424 -0.7385928255151092 -0.10070310317084238 0.12336977958366162 0.729739934128963 0.172001477839237 0.20539535102636208 0.3103763789400786 0.3569406833017079 0.5494611685444196 0.6059895318566315 0.7459041115045306 0.7977464086214439 0.8565960015084677 0.9171311965245892 1.0258904037441046 1.0827350559743243 1.1711803679941757 1.189854597474419 1.2145797823384439 1.3751009988962073 1.6809401537710373 1.7503851697974722
453 5436 -0.7385928255151092 -0.10070310317084238 0.12336977958366162 0.729739934128963 0.172001477839237 0.20539535102636208 0.3103763789400786 0.3569406833017079 0.5494611685444196 0.6059895318566315 0.7459041115045306 0.7977464086214439 0.8565960015084677 0.9171311965245892 1.0258904037441046 1.0827350559743243 1.1711803679941757 1.189854597474419 1.2145797823384439 1.3751009988962073 1.6809401537710373 1.7503851697974722
454 5448 -0.7385928255151092 -0.10070310317084238 0.12336977958366162 0.729739934128963 0.172001477839237 0.20539535102636208 0.3103763789400786 0.3569406833017079 0.5494611685444196 0.6059895318566315 0.7459041115045306 0.7977464086214439 0.8565960015084677 0.9171311965245892 1.0258904037441046 1.0827350559743243 1.1711803679941757 1.189854597474419 1.2145797823384439 1.3751009988962073 1.6809401537710373 1.7503851697974722
455 5460 -0.7385928255151092 -0.10070310317084238 0.12336977958366162 0.729739934128963 0.172001477839237 0.20539535102636208 0.3103763789400786 0.3569406833017079 0.5494611685444196 0.6059895318566315 0.7459041115045306 0.7977464086214439 0.8565960015084677 0.9171311965245892 1.0258904037441046 1.0827350559743243 1.1711803679941757 1.189854597474419 1.2145797823384439 1.3751009988962073 1.6809401537710373 1.7503851697974722
456 5472 -0.7385928255151092 -0.10070310317084238 0.12336977958366162 0.729739934128963 0.172001477839237 0.20539535102636208 0.3103763789400786 0.3569406833017079 0.5494611685444196 0.6059895318566315 0.7459041115045306 0.7977464086214439 0.8565960015084677 0.9171311965245892 1.0258904037441046 1.0827350559743243 1.1711803679941757 1.189854597474419 1.2145797823384439 1.3751009988962073 1.6809401537710373 1.7503851697974722
457 5484 -0.7385928255151092 -0.10070310317084238 0.12336977958366162 0.729739934128963 0.172001477839237 0.20539535102636208 0.3103763789400786 0.3569406833017079 0.5494611685444196 0.6059895318566315 0.7459041115045306 0.7977464086214439 0.8565960015084677 0.9171311965245892 1.0258904037441046 1.0827350559743243 1.1711803679941757 1.189854597474419 1.2145797823384439 1.3751009988962073 1.6809401537710373 1.7503851697974722
458 5496 -0.7385928255151092 -0.10070310317084238 0.12336977958366162 0.729739934128963 0.172001477839237 0.20539535102636208 0.3103763789400786 0.3569406833017079 0.5494611685444196 0.6059895318566315 0.7459041115045306 0.7977464086214439 0.8565960015084677 0.9171311965245892 1.0258904037441046 1.0827350559743243 1.1711803679941757 1.189854597474419 1.2145797823384439 1.3751009988962073 1.6809401537710373 1.7503851697974722
459 5508 -0.7385928255151092 -0.10070310317084238 0.12336977958366162 0.729739934128963 0.172001477839237 0.20539535102636208 0.3103763789400786 0.3569406833017079 0.5494611685444196 0.6059895318566315 0.7459041115045306 0.7977464086214439 0.8565960015084677 0.9171311965245892 1.0258904037441046 1.0827350559743243 1.1711803679941757 1.189854597474419 1.2145797823384439 1.3751009988962073 1.6809401537710373 1.7503851697974722
460 5520 -0.7385928255151092 -0.10070310317084238 0.12336977958366162 0.729739934128963 0.172001477839237 0.20539535102636208 0.3103763789400786 0.3569406833017079 0.5494611685444196 0.6059895318566315 0.7459041115045306 0.7977464086214439 0.8565960015084677 0.9171311965245892 1.0258904037441046 1.0827350559743243 1.1711803679941757 1.189854597474419 1.2145797823384439 1.3751009988962073 1.6809401537710373 1.7503851697974722
461 5532 -0.7385928255151092 -0.10070310317084238 0.12336977958366162 0.729739934128963 0.172001477839237 0.20539535102636208 0.3103763789400786 0.3569406833017079 0.5494611685444196 0.6059895318566315 0.7459041115045306 0.7977464086214439 0.8565960015084677 0.9171311965245892 1.0258904037441046 1.0827350559743243 1.1711803679941757 1.189854597474419 1.2145797823384439 1.3751009988962073 1.6809401537710373 1.7503851697974722
462 5544 -0.7385928255151092 -0.10070310317084238 0.12336977958366162 0.729739934128963 0.172001477839237 0.20539535102636208 0.3103763789400786 0.3569406833017079 0.5494611685444196 0.6059895318566315 0.7459041115045306 0.7977464086214439 0.8565960015084677 0.9171311965245892 1.0258904037441046 1.0827350559743243 1.1711803679941757 1.189854597474419 1.2145797823384439 1.3751009988962073 1.6809401537710373 1.7503851697974722
463 5556 -0.7385928255151092 -0.10070310317084238 0.12336977958366162 0.729739934128963 0.172001477839237 0.20539535102636208 0.3103763789400786 0.3569406833017079 0.5494611685444196 0.6059895318566315 0.7459041115045306 0.7977464086214439 0.8565960015084677 0.9171311965245892 1.0258904037441046 1.0827350559743243 1.1711803679941757 1.189854597474419 1.2145797823384439 1.3751009988962073 1.6809401537710373 1.7503851697974722
464 5568 -0.7385928255151092 -0.10070310317084238 0.12336977958366162 0.729739934128963 0.172001477839237 0.20539535102636208 0.3103763789400786 0.3569406833017079 0.5494611685444196 0.6059895318566315 0.7459041115045306 0.7977464086214439 0.8565960015084677 0.9171311965245892 1.0258904037441046 1.0827350559743243 1.1711803679941757 1.189854597474419 1.2145797823384439 1.3751009988962073 1.6809401537710373 1.7503851697974722
465 5580 -0.7385928255151092 -0.10070310317084238 0.12336977958366162 0.729739934128963 0.172001477839237 0.20539535102636208 0.3103763789400786 0.3569406833017079 0.5494611685444196 0.6059895318566315 0.7459041115045306 0.7977464086214439 0.8565960015084677 0.9171311965245892 1.0258904037441046 1.0827350559743243 1.1711803679941757 1.189854597474419 1.2145797823384439 1.3751009988962073 1.6809401537710373 1.7503851697974722
466 5592 -0.7385928255151092 -0.10070310317084238 0.12336977958366162 0.729739934128963 0.172001477839237 0.20539535102636208 0.3103763789400786 0.3569406833017079 0.5494611685444196 0.6059895318566315 0.7459041115045306 0.7977464086214439 0.8565960015084677 0.9171311965245892 1.0258904037441046 1.0827350559743243 1.1711803679941757 1.189854597474419 1.2145797823384439 1.3751009988962073 1.6809401537710373 1.7503851697974722
467 5604 -0.7385928255151092 -0.10070310317084238 0.12336977958366162 0.729739934128963 0.172001477839237 0.20539535102636208 0.3103763789400786 0.3569406833017079 0.5494611685444196 0.6059895318566315 0.7459041115045306 0.7977464086214439 0.8565960015084677 0.9171311965245892 1.0258904037441046 1.0827350559743243 1.1711803679941757 1.189854597474419 1.2145797823384439 1.3751009988962073 1.6809401537710373 1.7503851697974722
468 5616 -0.7385928255151092 -0.10070310317084238 0.12336977958366162 0.729739934128963 0.172001477839237 0.20539535102636208 0.3103763789400786 0.3569406833017079 0.5494611685444196 0.6059895318566315 0.7459041115045306 0.7977464086214439 0.8565960015084677 0.9171311965245892 1.0258904037441046 1.0827350559743243 1.1711803679941757 1.189854597474419 1.2145797823384439 1.3751009988962073 1.6809401537710373 1.7503851697974722
469 5628 -0.7670451858638643 -0.1051149039076541 0.1162484589256706 0.7546607998213242 0.15456777427763432 0.18470155229778457 0.3185361403116239 0.3363398398829807 0.5151745172309216 0.5788613945777527 0.7450128814302683 0.7731417182014162 0.8429350008382515 0.898700625675039 0.996553509061453 1.0527473675022112 1.1391402987910144 1.1764435910758697 1.2398190062285521 1.3797043345926572 1.7063536061419853 1.8222213460117176
470 5640 -0.7670451858638643 -0.1051149039076541 0.1162484589256706 0.7546607998213242 0.15456777427763432 0.18470155229778457 0.3185361403116239 0.3363398398829807 0.5151745172309216 0.5788613945777527 0.7450128814302683 0.7731417182014162 0.8429350008382515 0.898700625675039 0.996553509061453 1.0527473675022112 1.1391402987910144 1.1764435910758697 1.2398190062285521 1.3797043345926572 1.7063536061419853 1.8222213460117176
471 5652 -0.7670451858638643 -0.1051149039076541 0.1162484589256706 0.7546607998213242 0.15456777427763432 0.18470155229778457 0.3185361403116239 0.3363398398829807 0.5151745172309216 0.5788613945777527 0.7450128814302683 0.7731417182014162 0.8429350008382515 0.898700625675039 0.996553509061453 1.0527473675022112 1.1391402987910144 1.1764435910758697 1.2398190062285521 1.3797043345926572 1.7063536061419853 1.8222213460117176
472 5664 -0.7670451858638643 -0.1051149039076541 0.1162484589256706 0.7546607998213242 0.15456777427763432 0.18470155229778457 0.3185361403116239 0.3363398398829807 0.5151745172309216 0.5788613945777527 0.7450128814302683 0.7731417182014162 0.8429350008382515 0.898700625675039 0.996553509061453 1.0527473675022112 1.1391402987910144 1.1764435910758697 1.2398190062285521 1.3797043345926572 1.7063536061419853 1.8222213460117176
473 5676 -0.7670451858638643 -0.1051149039076541 0.1162484589256706 0.7546607998213242 0.15456777427763432 0.18470155229778457 0.3185361403116239 0.3363398398829807 0.5151745172309216 0.5788613945777527 0.7450128814302683 0.7731417182014162 0.8429350008382515 0.898700625675039 0.996553509061453 1.0527473675022112 1.1391402987910144 1.1764435910758697 1.2398190062285521 1.3797043345926572 1.7063536061419853 1.8222213460117176
474 5688 -0.7670451858638643 -0.1051149039076541 0.1162484589256706 0.7546607998213242 0.15456777427763432 0.18470155229778457 0.3185361403116239 0.3363398398829807 0.5151745172309216 0.5788613945777527 0.7450128814302683 0.7731417182014162 0.8429350008382515 0.898700625675039 0.996553509061453 1.0527473675022112 1.1391402987910144 1.1764435910758697 1.2398190062285521 1.3797043345926572 1.7063536061419853 1.8222213460117176
475 5700 -0.7670451858638643 -0.1051149039076541 0.1162484589256706 0.7546607998213242 0.15456777427763432 0.18470155229778457 0.3185361403116239 0.3363398398829807 0.5151745172309216 0.5788613945777527 0.7450128814302683 0.7731417182014162 0.8429350008382515 0.898700625675039 0.996553509061453 1.0527473675022112 1.1391402987910144 1.1764435910758697 1.2398190062285521 1.3797043345926572 1.7063536061419853 1.8222213460117176
476 5712 -0.7670451858638643 -0.1051149039076541 0.1162484589256706 0.7546607998213242 0.15456777427763432 0.18470155229778457 0.3185361403116239 0.3363398398829807 0.5151745172309216 0.5788613945777527 0.7450128814302683 0.7731417182014162 0.8429350008382515 0.898700625675039 0.996553509061453 1.0527473675022112 1.1391402987910144 1.1764435910758697 1.2398190062285521 1.3797043345926572 1.7063536061419853 1.8222213460117176
477 5724 -0.7670451858638643 -0.1051149039076541 0.1162484589256706 0.7546607998213242 0.15456777427763432 0.18470155229778457 0.3185361403116239 0.3363398398829807 0.5151745172309216 0.5788613945777527 0.7450128814302683 0.7731417182014162 0.8429350008382515 0.898700625675039 0.996553509061453 1.0527473675022112 1.1391402987910144 1.1764435910758697 1.2398190062285521 1.3797043345926572 1.7063536061419853 1.8222213460117176
478 5736 -0.7670451858638643 -0.1051149039076541 0.1162484589256706 0.7546607998213242 0.15456777427763432 0.18470155229778457 0.3185361403116239 0.3363398398829807 0.5151745172309216 0.5788613945777527 0.7450128814302683 0.7731417182014162 0.8429350008382515 0.898700625675039 0.996553509061453 1.0527473675022112 1.1391402987910144 1.1764435910758697 1.2398190062285521 1.3797043345926572 1.7063536061419853 1.8222213460117176
479 5748 -0.7670451858638643 -0.1051149039076541 0.1162484589256706 0.7546607998213242 0.15456777427763432 0.18470155229778457 0.3185361403116239 0.3363398398829807 0.5151745172309216 0.5788613945777527 0.7450128814302683 0.7731417182014162 0.8429350008382515 0.898700625675039 0.996553509061453 1.0527473675022112 1.1391402987910144 1.1764435910758697 1.2398190062285521 1.3797043345926572 1.7063536061419853 1.8222213460117176
480 5760 -0.7670451858638643 -0.1051149039076541 0.1162484589256706 0.7546607998213242 0.15456777427763432 0.18470155229778457 0.3185361403116239 0.3363398398829807 0.5151745172309216 0.5788613945777527 0.7450128814302683 0.7731417182014162 0.8429350008382515 0.898700625675039 0.996553509061453 1.0527473675022112 1.1391402987910144 1.1764435910758697 1.2398190062285521 1.3797043345926572 1.7063536061419853 1.8222213460117176
481 5772 -0.7670451858638643 -0.1051149039076541 0.1162484589256706 0.7546607998213242 0.15456777427763432 0.18470155229778457 0.3185361403116239 0.3363398398829807 0.5151745172309216 0.5788613945777527 0.7450128814302683 0.7731417182014162 0.8429350008382515 0.898700625675039 0.996553509061453 1.0527473675022112 1.1391402987910144 1.1764435910758697 1.2398190062285521 1.3797043345926572 1.7063536061419853 1.8222213460117176
482 5784 -0.7670451858638643 -0.1051149039076541 0.1162484589256706 0.7546607998213242 0.15456777427763432 0.18470155229778457 0.3185361403116239 0.3363398398829807 0.5151745172309216 0.5788613945777527 0.7450128814302683 0.7731417182014162 0.8429350008382515 0.898700625675039 0.996553509061453 1.0527473675022112 1.1391402987910144 1.1764435910758697 1.2398190062285521 1.3797043345926572 1.7063536061419853 1.8222213460117176
483 5796 -0.7670451858638643 -0.1051149039076541 0.1162484589256706 0.7546607998213242 0.15456777427763432 0.18470155229778457 0.3185361403116239 0.3363398398829807 0.5151745172309216 0.5788613945777527 0.7450128814302683 0.7731417182014162 0.8429350008382515 0.898700625675039 0.996553509061453 1.0527473675022112 1.1391402987910144 1.1764435910758697 1.2398190062285521 1.3797043345926572 1.7063536061419853 1.8222213460117176
484 5808 -0.7670451858638643 -0.1051149039076541 0.1162484589256706 0.7546607998213242 0.15456777427763432 0.18470155229778457 0.3185361403116239 0.3363398398829807 0.5151745172309216 0.5788613945777527 0.7450128814302683 0.7731417182014162 0.8429350008382515 0.898700625675039 0.996553509061453 1.0527473675022112 1.1391402987910144 1.1764435910758697 1.2398190062285521 1.3797043345926572 1.7063536061419853 1.8222213460117176
485 5820 -0.7670451858638643 -0.1051149039076541 0.1162484589256706 0.7546607998213242 0.15456777427763432 0.18470155229778457 0.3185361403116239 0.3363398398829807 0.5151745172309216 0.5788613945777527 0.7450128814302683 0.7731417182014162 0.8429350008382515 0.898700625675039 0.996553509061453 1.0527473675022112 1.1391402987910144 1.1764435910758697 1.2398190062285521 1.3797043345926572 1.7063536061419853 1.8222213460117176
486 5832 -0.7670451858638643 -0.1051149039076541 0.1162484589256706 0.7546607998213242 0.15456777427763432 0.18470155229778457 0.3185361403116239 0.3363398398829807 0.5151745172309216 0.5788613945777527 0.7450128814302683 0.7731417182014162 0.8429350008382515 0.898700625675039 0.996553509061453 1.0527473675022112 1.1391402987910144 1.1764435910758697 1.2398190062285521 1.3797043345926572 1.7063536061419853 1.8222213460117176
487 5844 -0.7649299875539165 -0.09986418996388456 0.13953623024436093 0.7690791762044196 0.14278748325221055 0.17901715784376535 0.3003704559743377 0.32277849292224736 0.47957191527160303 0.5733324714112504 0.7298323957980029 0.7574995614512487 0.8127358494682463 0.884257586596768 0.980552441728769 1.0557757278631992 1.1213957288618397 1.2077203942436947 1.271898776162887 1.3731562383294957 1.7473595265904731 1.8156906818220886
488 5856 -0.7649299875539165 -0.09986418996388456 0.13953623024436093 0.7690791762044196 0.14278748325221055 0.17901715784376535 0.3003704559743377 0.32277849292224736 0.47957191527160303 0.5733324714112504 0.7298323957980029 0.7574995614512487 0.8127358494682463 0.884257586596768 0.980552441728769 1.0557757278631992 1.1213957288618397 1.2077203942436947 1.271898776162887 1.3731562383294957 1.7473595265904731 1.8156906818220886
489 5868 -0.7649299875539165 -0.09986418996388456 0.13953623024436093 0.7690791762044196 0.14278748325221055 0.17901715784376535 0.3003704559743377 0.32277849292224736 0.47957191527160303 0.5733324714112504 0.7298323957980029 0.7574995614512487 0.8127358494682463 0.884257586596768 0.980552441728769 1.0557757278631992 1.1213957288618397 1.2077203942436947 1.271898776162887 1.3731562383294957 1.7473595265904731 1.8156906818220886
490 5880 -0.7649299875539165 -0.09986418996388456 0.13953623024436093 0.7690791762044196 0.14278748325221055 0.17901715784376535 0.3003704559743377 0.32277849292224736 0.47957191527160303 0.5733324714112504 0.7298323957980029 0.7574995614512487 0.8127358494682463 0.884257586596768 0.980552441728769 1.0557757278631992 1.1213957288618397 1.2077203942436947 1.271898776162887 1.3731562383294957 1.7473595265904731 1.8156906818220886
491 5892 -0.7649299875539165 -0.09986418996388456 0.13953623024436093 0.7690791762044196 0.14278748325221055 0.17901715784376535 0.3003704559743377 0.32277849292224736 0.47957191527160303 0.5733324714112504 0.7298323957980029 0.7574995614512487 0.8127358494682463 0.884257586596768 0.980552441728769 1.0557757278631992 1.1213957288618397 1.2077203942436947 1.271898776162887 1.3731562383294957 1.7473595265904731 1.8156906818220886
492 5904 -0.7649299875539165 -0.09986418996388456 0.13953623024436093 0.7690791762044196 0.14278748325221055 0.17901715784376535 0.3003704559743377 0.32277849292224736 0.47957191527160303 0.5733324714112504 0.7298323957980029 0.7574995614512487 0.8127358494682463 0.884257586596768 0.980552441728769 1.0557757278631992 1.1213957288618397 1.2077203942436947 1.271898776162887 1.3731562383294957 1.7473595265904731 1.8156906818220886
493 5916 -0.7649299875539165 -0.09986418996388456 0.13953623024436093 0.7690791762044196 0.14278748325221055 0.17901715784376535 0.3003704559743377 0.32277849292224736 0.47957191527160303 0.5733324714112504 0.7298323957980029 0.7574995614512487 0.8127358494682463 0.884257586596768 0.980552441728769 1.0557757278631992 1.1213957288618397 1.2077203942436947 1.271898776162887 1.3731562383294957 1.7473595265904731 1.8156906818220886
494 5928 -0.7649299875539165 -0.09986418996388456 0.13953623024436093 0.7690791762044196 0.14278748325221055 0.17901715784376535 0.3003704559743377 0.32277849292224736 0.47957191527160303 0.5733324714112504 0.7298323957980029 0.7574995614512487 0.8127358494682463 0.884257586596768 0.980552441728769 1.0557757278631992 1.1213957288618397 1.2077203942436947 1.271898776162887 1.3731562383294957 1.7473595265904731 1.8156906818220886
495 5940 -0.7649299875539165 -0.09986418996388456 0.13953623024436093 0.7690791762044196 0.14278748325221055 0.17901715784376535 0.3003704559743377 0.32277849292224736 0.47957191527160303 0.5733324714112504 0.7298323957980029 0.7574995614512487 0.8127358494682463 0.884257586596768 0.980552441728769 1.0557757278631992 1.1213957288618397 1.2077203942436947 1.271898776162887 1.3731562383294957 1.7473595265904731 1.8156906818220886
496 5952 -0.7649299875539165 -0.09986418996388456 0.13953623024436093 0.7690791762044196 0.14278748325221055 0.17901715784376535 0.3003704559743377 0.32277849292224736 0.47957191527160303 0.5733324714112504 0.7298323957980029 0.7574995614512487 0.8127358494682463 0.884257586596768 0.980552441728769 1.0557757278631992 1.1213957288618397 1.2077203942436947 1.271898776162887 1.3731562383294957 1.7473595265904731 1.8156906818220886
497 5964 -0.7649299875539165 -0.09986418996388456 0.13953623024436093 0.7690791762044196 0.14278748325221055 0.17901715784376535 0.3003704559743377 0.32277849292224736 0.47957191527160303 0.5733324714112504 0.7298323957980029 0.7574995614512487 0.8127358494682463 0.884257586596768 0.980552441728769 1.0557757278631992 1.1213957288618397 1.2077203942436947 1.271898776162887 1.3731562383294957 1.7473595265904731 1.8156906818220886
498 5976 -0.7649299875539165 -0.09986418996388456 0.13953623024436093 0.7690791762044196 0.14278748325221055 0.17901715784376535 0.3003704559743377 0.32277849292224736 0.47957191527160303 0.5733324714112504 0.7298323957980029 0.7574995614512487 0.8127358494682463 0.884257586596768 0.980552441728769 1.0557757278631992 1.1213957288618397 1.2077203942436947 1.271898776162887 1.3731562383294957 1.7473595265904731 1.8156906818220886
499 5988 -0.7649299875539165 -0.09986418996388456 0.13953623024436093 0.7690791762044196 0.14278748325221055 0.17901715784376535 0.3003704559743377 0.32277849292224736 0.47957191527160303 0.5733324714112504 0.7298323957980029 0.7574995614512487 0.8127358494682463 0.884257586596768 0.980552441728769 1.0557757278631992 1.1213957288618397 1.2077203942436947 1.271898776162887 1.3731562383294957 1.7473595265904731 1.8156906818220886
500 6000 -0.7649299875539165 -0.09986418996388456 0.13953623024436093 0.7690791762044196 0.14278748325221055 0.17901715784376535 0.3003704559743377 0.32277849292224736 0.47957191527160303 0.5733324714112504 0.7298323957980029 0.7574995614512487 0.8127358494682463 0.884257586596768 0.980552441728769 1.0557757278631992 1.1213957288618397 1.2077203942436947 1.271898776162887 1.3731562383294957 1.7473595265904731 1.8156906818220886
501 6012 -0.7649299875539165 -0.09986418996388456 0.13953623024436093 0.7690791762044196 0.14278748325221055 0.17901715784376535 0.3003704559743377 0.32277849292224736 0.47957191527160303 0.5733324714112504 0.7298323957980029 0.7574995614512487 0.8127358494682463 0.884257586596768 0.980552441728769 1.0557757278631992 1.1213957288618397 1.2077203942436947 1.271898776162887 1.3731562383294957 1.7473595265904731 1.8156906818220886
502 6024 -0.7649299875539165 -0.09986418996388456 0.13953623024436093 0.7690791762044196 0.14278748325221055 0.17901715784376535 0.3003704559743377 0.32277849292224736 0.47957191527160303 0.5733324714112504 0.7298323957980029 0.7574995614512487 0.8127358494682463 0.884257586596768 0.980552441728769 1.0557757278631992 1.1213957288618397 1.2077203942436947 1.271898776162887 1.3731562383294957 1.7473595265904731 1.8156906818220886
503 6036 -0.7649299875539165 -0.09986418996388456 0.13953623024436093 0.7690791762044196 0.14278748325221055 0.17901715784376535 0.3003704559743377 0.32277849292224736 0.47957191527160303 0.5733324714112504 0.7298323957980029 0.7574995614512487 0.8127358494682463 0.884257586596768 0.980552441728769 1.0557757278631992 1.1213957288618397 1.2077203942436947 1.271898776162887 1.3731562383294957 1.7473595265904731 1.8156906818220886
504 6048 -0.7649299875539165 -0.09986418996388456 0.13953623024436093 0.7690791762044196 0.14278748325221055 0.17901715784376535 0.3003704559743377 0.32277849292224736 0.47957191527160303 0.5733324714112504 0.7298323957980029 0.7574995614512487 0.8127358494682463 0.884257586596768 0.980552441728769 1.0557757278631992 1.1213957288618397 1.2077203942436947 1.271898776162887 1.3731562383294957 1.7473595265904731 1.8156906818220886
505 6060 -0.7903455448381588 -0.09984554983865357 0.1169919468071564 0.7940897840730883 0.1208669916292786 0.1551465732773423 0.28447769961208735 0.30983803164337764 0.4666066927832258 0.5603641795047529 0.7005706456111026 0.7419619419726909 0.7854066523375862 0.8998899467704599 0.9915281747937242 1.0415342605807398 1.1302985003282544 1.2292934793964805 1.2845306598102328 1.3799492431343805 1.7046269632102862 1.8622568395883188
506 6072 -0.7903455448381588 -0.09984554983865357 0.1169919468071564 0.7940897840730883 0.1208669916292786 0.1551465732773423 0.28447769961208735 0.30983803164337764 0.4666066927832258 0.5603641795047529 0.7005706456111026 0.7419619419726909 0.7854066523375862 0.8998899467704599 0.9915281747937242 1.0415342605807398 1.1302985003282544 1.2292934793964805 1.2845306598102328 1.3799492431343805 1.7046269632102862 1.8622568395883188
507 6084 -0.7903455448381588 -0.09984554983865357 0.1169919468071564 0.7940897840730883 0.1208669916292786 0.1551465732773423 0.28447769961208735 0.30983803164337764 0.4666066927832258 0.5603641795047529 0.7005706456111026 0.7419619419726909 0.7854066523375862 0.8998899467704599 0.9915281747937242 1.0415342605807398 1.1302985003282544 1.2292934793964805 1.2845306598102328 1.3799492431343805 1.7046269632102862 1.8622568395883188
508 6096 -0.7903455448381588 -0.09984554983865357 0.1169919468071564 0.7940897840730883 0.1208669916292786 0.1551465732773423 0.28447769961208735 0.30983803164337764 0.4666066927832258 0.5603641795047529 0.7005706456111026 0.7419619419726909 0.7854066523375862 0.8998899467704599 0.9915281747937242 1.0415342605807398 1.1302985003282544 1.2292934793964805 1.2845306598102328 1.3799492431343805 1.7046269632102862 1.8622568395883188
509 6108 -0.7903455448381588 -0.09984554983865357 0.1169919468071564 0.7940897840730883 0.1208669916292786 0.1551465732773423 0.28447769961208735 0.30983803164337764 0.4666066927832258 0.5603641795047529 0.7005706456111026 0.7419619419726909 0.7854066523375862 0.8998899467704599 0.9915281747937242 1.0415342605807398 1.1302985003282544 1.2292934793964805 1.2845306598102328 1.3799492431343805 1.7046269632102862 1.8622568395883188
510 6120 -0.7903455448381588 -0.09984554983865357 0.1169919468071564 0.7940897840730883 0.1208669916292786 0.1551465732773423 0.28447769961208735 0.30983803164337764 0.4666066927832258 0.5603641795047529 0.7005706456111026 0.7419619419726909 0.7854066523375862 0.8998899467704599 0.9915281747937242 1.0415342605807398 1.1302985003282544 1.2292934793964805 1.2845306598102328 1.3799492431343805 1.7046269632102862 1.8622568395883188
511 6132 -0.7903455448381588 -0.09984554983865357 0.1169919468071564 0.7940897840730883 0.1208669916292786 0.1551465732773423 0.28447769961208735 0.30983803164337764 0.4666066927832258 0.5603641795047529 0.7005706456111026 0.7419619419726909 0.7854066523375862 0.8998899467704599 0.9915281747937242 1.0415342605807398 1.1302985003282544 1.2292934793964805 1.2845306598102328 1.3799492431343805 1.7046269632102862 1.8622568395883188
512 6144 -0.7903455448381588 -0.09984554983865357 0.1169919468071564 0.7940897840730883 0.1208669916292786 0.1551465732773423 0.28447769961208735 0.30983803164337764 0.4666066927832258 0.5603641795047529 0.7005706456111026 0.7419619419726909 0.7854066523375862 0.8998899467704599 0.9915281747937242 1.0415342605807398 1.1302985003282544 1.2292934793964805 1.2845306598102328 1.3799492431343805 1.7046269632102862 1.8622568395883188
513 6156 -0.7903455448381588 -0.09984554983865357 0.1169919468071564 0.7940897840730883 0.1208669916292786 0.1551465732773423 0.28447769961208735 0.30983803164337764 0.4666066927832258 0.5603641795047529 0.7005706456111026 0.7419619419726909 0.7854066523375862 0.8998899467704599 0.9915281747937242 1.0415342605807398 1.1302985003282544 1.2292934793964805 1.2845306598102328 1.3799492431343805 1.7046269632102862 1.8622568395883188
514 6168 -0.7903455448381588 -0.09984554983865357 0.1169919468071564 0.7940897840730883 0.1208669916292786 0.1551465732773423 0.28447769961208735 0.30983803164337764 0.4666066927832258 0.5603641795047529 0.7005706456111026 0.7419619419726909 0.7854066523375862 0.8998899467704599 0.9915281747937242 1.0415342605807398 1.1302985003282544 1.2292934793964805 1.2845306598102328 1.3799492431343805 1.7046269632102862 1.8622568395883188
515 6180 -0.7903455448381588 -0.09984554983865357 0.1169919468071564 0.7940897840730883 0.1208669916292786 0.1551465732773423 0.28447769961208735 0.30983803164337764 0.4666066927832258 0.5603641795047529 0.7005706456111026 0.7419619419726909 0.7854066523375862 0.8998899467704599 0.9915281747937242 1.0415342605807398 1.1302985003282544 1.2292934793964805 1.2845306598102328 1.3799492431343805 1.7046269632102862 1.8622568395883188
516 6192 -0.7903455448381588 -0.09984554983865357 0.1169919468071564 0.7940897840730883 0.1208669916292786 0.1551465732773423 0.28447769961208735 0.30983803164337764 0.4666066927832258 0.5603641795047529 0.7005706456111026 0.7419619419726909 0.7854066523375862 0.8998899467704599 0.9915281747937242 1.0415342605807398 1.1302985003282544 1.2292934793964805 1.2845306598102328 1.3799492431343805 1.7046269632102862 1.8622568395883188
517 6204 -0.7903455448381588 -0.09984554983865357 0.1169919468071564 0.7940897840730883 0.1208669916292786 0.1551465732773423 0.28447769961208735 0.30983803164337764 0.4666066927832258 0.5603641795047529 0.7005706456111026 0.7419619419726909 0.7854066523375862 0.8998899467704599 0.9915281747937242 1.0415342605807398 1.1302985003282544 1.2292934793964805 1.2845306598102328 1.3799492431343805 1.7046269632102862 1.8622568395883188
518 6216 -0.7903455448381588 -0.09984554983865357 0.1169919468071564 0.7940897840730883 0.1208669916292786 0.1551465732773423 0.28447769961208735 0.30983803164337764 0.4666066927832258 0.5603641795047529 0.7005706456111026 0.7419619419726909 0.7854066523375862 0.8998899467704599 0.9915281747937242 1.0415342605807398 1.1302985003282544 1.2292934793964805 1.2845306598102328 1.3799492431343805 1.7046269632102862 1.8622568395883188
519 6228 -0.7903455448381588 -0.09984554983865357 0.1169919468071564 0.7940897840730883 0.1208669916292786 0.1551465732773423 0.28447769961208735 0.30983803164337764 0.4666066927832258 0.5603641795047529 0.7005706456111026 0.7419619419726909 0.7854066523375862 0.8998899467704599 0.9915281747937242 1.0415342605807398 1.1302985003282544 1.2292934793964805 1.2845306598102328 1.3799492431343805 1.7046269632102862 1.8622568395883188
520 6240 -0.7903455448381588 -0.09984554983865357 0.1169919468071564 0.7940897840730883 0.1208669916292786 0.1551465732773423 0.28447769961208735 0.30983803164337764 0.4666066927832258 0.5603641795047529 0.7005706456111026 0.7419619419726909 0.7854066523375862 0.8998899467704599 0.9915281747937242 1.0415342605807398 1.1302985003282544 1.2292934793964805 1.2845306598102328 1.3799492431343805 1.7046269632102862 1.8622568395883188
521 6252 -0.7903455448381588 -0.09984554983865357 0.1169919468071564 0.7940897840730883 0.1208669916292786 0.1551465732773423 0.28447769961208735 0.30983803164337764 0.4666066927832258 0.5603641795047529 0.7005706456111026 0.7419619419726909 0.7854066523375862 0.8998899467704599 0.9915281747937242 1.0415342605807398 1.1302985003282544 1.2292934793964805 1.2845306598102328 1.3799492431343805 1.7046269632102862 1.8622568395883188
522 6264 -0.7903455448381588 -0.09984554983865357 0.1169919468071564 0.7940897840730883 0.1208669916292786 0.1551465732773423 0.28447769961208735 0.30983803164337764 0.4666066927832258 0.5603641795047529 0.7005706456111026 0.7419619419726909 0.7854066523375862 0.8998899467704599 0.9915281747937242 1.0415342605807398 1.1302985003282544 1.2292934793964805 1.2845306598102328 1.3799492431343805 1.7046269632102862 1.8622568395883188
523 6276 -0.8245569333689382 -0.09257192504677124 0.1195934177925323 0.7947436142167005 0.1082397288109236 0.1431875023273926 0.2724985373301947 0.3118606891695541 0.43916814331837145 0.5661080405861632 0.6903405790560009 0.7187712660115462 0.7675633996368413 0.8960708601103853 0.9595906124316702 1.0359500816345963 1.1084944555853524 1.241569829151934 1.3519831803489193 1.3992817151482408 1.7251267275080995 1.8361510835011905
524 6288 -0.8245569333689382 -0.09257192504677124 0.1195934177925323 0.7947436142167005 0.1082397288109236 0.1431875023273926 0.2724985373301947 0.3118606891695541 0.43916814331837145 0.5661080405861632 0.6903405790560009 0.7187712660115462 0.7675633996368413 0.8960708601103853 0.9595906124316702 1.0359500816345963 1.1084944555853524 1.241569829151934 1.3519831803489193 1.3992817151482408 1.7251267275080995 1.8361510835011905
525 6300 -0.8245569333689382 -0.09257192504677124 0.1195934177925323 0.7947436142167005 0.1082397288109236 0.1431875023273926 0.2724985373301947 0.3118606891695541 0.43916814331837145 0.5661080405861632 0.6903405790560009 0.7187712660115462 0.7675633996368413 0.8960708601103853 0.9595906124316702 1.0359500816345963 1.1084944555853524 1.241569829151934 1.3519831803489193 1.3992817151482408 1.7251267275080995 1.8361510835011905
526 6312 -0.8245569333689382 -0.09257192504677124 0.1195934177925323 0.7947436142167005 0.1082397288109236 0.1431875023273926 0.2724985373301947 0.3118606891695541 0.43916814331837145 0.5661080405861632 0.6903405790560009 0.7187712660115462 0.7675633996368413 0.8960708601103853 0.9595906124316702 1.0359500816345963 1.1084944555853524 1.241569829151934 1.3519831803489193 1.3992817151482408 1.7251267275080995 1.8361510835011905
527 6324 -0.8245569333689382 -0.09257192504677124 0.1195934177925323 0.7947436142167005 0.1082397288109236 0.1431875023273926 0.2724985373301947 0.3118606891695541 0.43916814331837145 0.5661080405861632 0.6903405790560009 0.7187712660115462 0.7675633996368413 0.8960708601103853 0.9595906124316702 1.0359500816345963 1.1084944555853524 1.241569829151934 1.3519831803489193 1.3992817151482408 1.7251267275080995 1.8361510835011905
528 6336 -0.8245569333689382 -0.09257192504677124 0.1195934177925323 0.7947436142167005 0.1082397288109236 0.1431875023273926 0.2724985373301947 0.3118606891695541 0.43916814331837145 0.5661080405861632 0.6903405790560009 0.7187712660115462 0.7675633996368413 0.8960708601103853 0.9595906124316702 1.0359500816345963 1.1084944555853524 1.241569829151934 1.3519831803489193 1.3992817151482408 1.7251267275080995 1.8361510835011905
529 6348 -0.8245569333689382 -0.09257192504677124 0.1195934177925323 0.7947436142167005 0.1082397288109236 0.1431875023273926 0.2724985373301947 0.3118606891695541 0.43916814331837145 0.5661080405861632 0.6903405790560009 0.7187712660115462 0.7675633996368413 0.8960708601103853 0.9595906124316702 1.0359500816345963 1.1084944555853524 1.241569829151934 1.3519831803489193 1.3992817151482408 1.7251267275080995 1.8361510835011905
530 6360 -0.8245569333689382 -0.09257192504677124 0.1195934177925323 0.7947436142167005 0.1082397288109236 0.1431875023273926 0.2724985373301947 0.3118606891695541 0.43916814331837145 0.5661080405861632 0.6903405790560009 0.7187712660115462 0.7675633996368413 0.8960708601103853 0.9595906124316702 1.0359500816345963 1.1084944555853524 1.241569829151934 1.3519831803489193 1.3992817151482408 1.7251267275080995 1.8361510835011905
531 6372 -0.8245569333689382 -0.09257192504677124 0.1195934177925323 0.7947436142167005 0.1082397288109236 0.1431875023273926 0.2724985373301947 0.3118606891695541 0.43916814331837145 0.5661080405861632 0.6903405790560009 0.7187712660115462 0.7675633996368413 0.8960708601103853 0.9595906124316702 1.0359500816345963 1.1084944555853524 1.241569829151934 1.3519831803489193 1.3992817151482408 1.7251267275080995 1.8361510835011905
532 6384 -0.8245569333689382 -0.09257192504677124 0.1195934177925323 0.7947436142167005 0.1082397288109236 0.1431875023273926 0.2724985373301947 0.3118606891695541 0.43916814331837145 0.5661080405861632 0.6903405790560009 0.7187712660115462 0.7675633996368413 0.8960708601103853 0.9595906124316702 1.0359500816345963 1.1084944555853524 1.241569829151934 1.3519831803489193 1.3992817151482408 1.7251267275080995 1.8361510835011905
533 6396 -0.8245569333689382 -0.09257192504677124 0.1195934177925323 0.7947436142167005 0.1082397288109236 0.1431875023273926 0.2724985373301947 0.3118606891695541 0.43916814331837145 0.5661080405861632 0.6903405790560009 0.7187712660115462 0.7675633996368413 0.8960708601103853 0.9595906124316702 1.0359500816345963 1.1084944555853524 1.241569829151934 1.3519831803489193 1.3992817151482408 1.7251267275080995 1.8361510835011905
534 6408 -0.8245569333689382 -0.09257192504677124 0.1195934177925323 0.7947436142167005 0.1082397288109236 0.1431875023273926 0.2724985373301947 0.3118606891695541 0.43916814331837145 0.5661080405861632 0.6903405790560009 0.7187712660115462 0.7675633996368413 0.8960708601103853 0.9595906124316702 1.0359500816345963 1.1084944555853524 1.241569829151934 1.3519831803489193 1.3992817151482408 1.7251267275080995 1.8361510835011905
535 6420 -0.8245569333689382 -0.09257192504677124 0.1195934177925323 0.7947436142167005 0.1082397288109236 0.1431875023273926 0.2724985373301947 0.3118606891695541 0.43916814331837145 0.5661080405861632 0.6903405790560009 0.7187712660115462 0.7675633996368413 0.8960708601103853 0.9595906124316702 1.0359500816345963 1.1084944555853524 1.241569829151934 1.3519831803489193 1.3992817151482408 1.7251267275080995 1.8361510835011905
536 6432 -0.8245569333689382 -0.09257192504677124 0.1195934177925323 0.7947436142167005 0.1082397288109236 0.1431875023273926 0.2724985373301947 0.3118606891695541 0.43916814331837145 0.5661080405861632 0.6903405790560009 0.7187712660115462 0.7675633996368413 0.8960708601103853 0.9595906124316702 1.0359500816345963 1.1084944555853524 1.241569829151934 1.3519831803489193 1.3992817151482408 1.7251267275080995 1.8361510835011905
537 6444 -0.8245569333689382 -0.09257192504677124 0.1195934177925323 0.7947436142167005 0.1082397288109236 0.1431875023273926 0.2724985373301947 0.3118606891695541 0.43916814331837145 0.5661080405861632 0.6903405790560009 0.7187712660115462 0.7675633996368413 0.8960708601103853 0.9595906124316702 1.0359500816345963 1.1084944555853524 1.241569829151934 1.3519831803489193 1.3992817151482408 1.7251267275080995 1.8361510835011905
538 6456 -0.8245569333689382 -0.09257192504677124 0.1195934177925323 0.7947436142167005 0.1082397288109236 0.1431875023273926 0.2724985373301947 0.3118606891695541 0.43916814331837145 0.5661080405861632 0.6903405790560009 0.7187712660115462 0.7675633996368413 0.8960708601103853 0.9595906124316702 1.0359500816345963 1.1084944555853524 1.241569829151934 1.3519831803489193 1.3992817151482408 1.7251267275080995 1.8361510835011905
539 6468 -0.8245569333689382 -0.09257192504677124 0.1195934177925323 0.7947436142167005 0.1082397288109236 0.1431875023273926 0.2724985373301947 0.3118606891695541 0.43916814331837145 0.5661080405861632 0.6903405790560009 0.7187712660115462 0.7675633996368413 0.8960708601103853 0.9595906124316702 1.0359500816345963 1.1084944555853524 1.241569829151934 1.3519831803489193 1.3992817151482408 1.7251267275080995 1.8361510835011905
540 6480 -0.8245569333689382 -0.09257192504677124 0.1195934177925323 0.7947436142167005 0.1082397288109236 0.1431875023273926 0.2724985373301947 0.3118606891695541 0.43916814331837145 0.5661080405861632 0.6903405790560009 0.7187712660115462 0.7675633996368413 0.8960708601103853 0.9595906124316702 1.0359500816345963 1.1084944555853524 1.241569829151934 1.3519831803489193 1.3992817151482408 1.7251267275080995 1.8361510835011905
541 6492 -0.825614123703607 -0.09933483927843681 0.12631790860911946 0.796154814989267 0.1018524407182809 0.1325169362091771 0.2679718444643801 0.3139403821985302 0.43218187922872936 0.5636798557046271 0.6391837097159754 0.7153296014081785 0.7725644888623269 0.8327485947730445 0.9547102772890872 1.0805972249351885 1.124148418518854 1.2010044772928545 1.3528441247103964 1.3845745310709703 1.7365473034837635 1.881087306582504
542 6504 -0.825614123703607 -0.09933483927843681 0.12631790860911946 0.796154814989267 0.1018524407182809 0.1325169362091771 0.2679718444643801 0.3139403821985302 0.43218187922872936 0.5636798557046271 0.6391837097159754 0.7153296014081785 0.7725644888623269 0.8327485947730445 0.9547102772890872 1.0805972249351885 1.124148418518854 1.2010044772928545 1.3528441247103964 1.3845745310709703 1.7365473034837635 1.881087306582504
543 6516 -0.825614123703607 -0.09933483927843681 0.12631790860911946 0.796154814989267 0.1018524407182809 0.1325169362091771 0.2679718444643801 0.3139403821985302 0.43218187922872936 0.5636798557046271 0.6391837097159754 0.7153296014081785 0.7725644888623269 0.8327485947730445 0.9547102772890872 1.0805972249351885 1.124148418518854 1.2010044772928545 1.3528441247103964 1.3845745310709703 1.7365473034837635 1.881087306582504
544 6528 -0.825614123703607 -0.09933483927843681 0.12631790860911946 0.796154814989267 0.1018524407182809 0.1325169362091771 0.2679718444643801 0.3139403821985302 0.43218187922872936 0.5636798557046271 0.6391837097159754 0.7153296014081785 0.7725644888623269 0.8327485947730445 0.9547102772890872 1.0805972249351885 1.124148418518854 1.2010044772928545 1.3528441247103964 1.3845745310709703 1.7365473034837635 1.881087306582504
545 6540 -0.825614123703607 -0.09933483927843681 0.12631790860911946 0.796154814989267 0.1018524407182809 0.1325169362091771 0.2679718444643801 0.3139403821985302 0.43218187922872936 0.5636798557046271 0.6391837097159754 0.7153296014081785 0.7725644888623269 0.8327485947730445 0.9547102772890872 1.0805972249351885 1.124148418518854 1.2010044772928545 1.3528441247103964 1.3845745310709703 1.7365473034837635 1.881087306582504
546 6552 -0.825614123703607 -0.09933483927843681 0.12631790860911946 0.796154814989267 0.1018524407182809 0.1325169362091771 0.2679718444643801 0.3139403821985302 0.43218187922872936 0.5636798557046271 0.6391837097159754 0.7153296014081785 0.7725644888623269 0.8327485947730445 0.9547102772890872 1.0805972249351885 1.124148418518854 1.2010044772928545 1.3528441247103964 1.3845745310709703 1.7365473034837635 1.881087306582504
547 6564 -0.825614123703607 -0.09933483927843681 0.12631790860911946 0.796154814989267 0.1018524407182809 0.1325169362091771 0.2679718444643801 0.3139403821985302 0.43218187922872936 0.5636798557046271 0.6391837097159754 0.7153296014081785 0.7725644888623269 0.8327485947730445 0.9547102772890872 1.0805972249351885 1.124148418518854 1.2010044772928545 1.3528441247103964 1.3845745310709703 1.7365473034837635 1.881087306582504
548 6576 -0.825614123703607 -0.09933483927843681 0.12631790860911946 0.796154814989267 0.1018524407182809 0.1325169362091771 0.2679718444643801 0.3139403821985302 0.43218187922872936 0.5636798557046271 0.6391837097159754 0.7153296014081785 0.7725644888623269 0.8327485947730445 0.9547102772890872 1.0805972249351885 1.124148418518854 1.2010044772928545 1.3528441247103964 1.3845745310709703 1.7365473034837635 1.881087306582504
549 6588 -0.825614123703607 -0.09933483927843681 0.12631790860911946 0.796154814989267 0.1018524407182809 0.1325169362091771 0.2679718444643801 0.3139403821985302 0.43218187922872936 0.5636798557046271 0.6391837097159754 0.7153296014081785 0.7725644888623269 0.8327485947730445 0.9547102772890872 1.0805972249351885 1.124148418518854 1.2010044772928545 1.3528441247103964 1.3845745310709703 1.7365473034837635 1.881087306582504
550 6600 -0.825614123703607 -0.09933483927843681 0.12631790860911946 0.796154814989267 0.1018524407182809 0.1325169362091771 0.2679718444643801 0.3139403821985302 0.43218187922872936 0.5636798557046271 0.6391837097159754 0.7153296014081785 0.7725644888623269 0.8327485947730445 0.9547102772890872 1.0805972249351885 1.124148418518854 1.2010044772928545 1.3528441247103964 1.3845745310709703 1.7365473034837635 1.881087306582504
551 6612 -0.825614123703607 -0.09933483927843681 0.12631790860911946 0.796154814989267 0.1018524407182809 0.1325169362091771 0.2679718444643801 0.3139403821985302 0.43218187922872936 0.5636798557046271 0.6391837097159754 0.7153296014081785 0.7725644888623269 0.8327485947730445 0.9547102772890872 1.0805972249351885 1.124148418518854 1.2010044772928545 1.3528441247103964 1.3845745310709703 1.7365473034837635 1.881087306582504
552 6624 -0.825614123703607 -0.09933483927843681 0.12631790860911946 0.796154814989267 0.1018524407182809 0.1325169362091771 0.2679718444643801 0.3139403821985302 0.43218187922872936 0.5636798557046271 0.6391837097159754 0.7153296014081785 0.7725644888623269 0.8327485947730445 0.9547102772890872 1.0805972249351885 1.124148418518854 1.2010044772928545 1.3528441247103964 1.3845745310709703 1.7365473034837635 1.881087306582504
553 6636 -0.825614123703607 -0.09933483927843681 0.12631790860911946 0.796154814989267 0.1018524407182809 0.1325169362091771 0.2679718444643801 0.3139403821985302 0.43218187922872936 0.5636798557046271 0.6391837097159754 0.7153296014081785 0.7725644888623269 0.8327485947730445 0.9547102772890872 1.0805972249351885 1.124148418518854 1.2010044772928545 1.3528441247103964 1.3845745310709703 1.7365473034837635 1.881087306582504
554 6648 -0.825614123703607 -0.09933483927843681 0.12631790860911946 0.796154814989267 0.1018524407182809 0.1325169362091771 0.2679718444643801 0.3139403821985302 0.43218187922872936 0.5636798557046271 0.6391837097159754 0.7153296014081785 0.7725644888623269 0.8327485947730445 0.9547102772890872 1.0805972249351885 1.124148418518854 1.2010044772928545 1.3528441247103964 1.3845745310709703 1.7365473034837635 1.881087306582504
555 6660 -0.825614123703607 -0.09933483927843681 0.12631790860911946 0.796154814989267 0.1018524407182809 0.1325169362091771 0.2679718444643801 0.3139403821985302 0.43218187922872936 0.5636798557046271 0.6391837097159754 0.7153296014081785 0.7725644888623269 0.8327485947730445 0.9547102772890872 1.0805972249351885 1.124148418518854 1.2010044772928545 1.3528441247103964 1.3845745310709703 1.7365473034837635 1.881087306582504
556 6672 -0.825614123703607 -0.09933483927843681 0.12631790860911946 0.796154814989267 0.1018524407182809 0.1325169362091771 0.2679718444643801 0.3139403821985302 0.43218187922872936 0.5636798557046271 0.6391837097159754 0.7153296014081785 0.7725644888623269 0.8327485947730445 0.9547102772890872 1.0805972249351885 1.124148418518854 1.2010044772928545 1.3528441247103964 1.3845745310709703 1.7365473034837635 1.881087306582504
557 6684 -0.825614123703607 -0.09933483927843681 0.12631790860911946 0.796154814989267 0.1018524407182809 0.1325169362091771 0.2679718444643801 0.3139403821985302 0.43218187922872936 0.5636798557046271 0.6391837097159754 0.7153296014081785 0.7725644888623269 0.8327485947730445 0.9547102772890872 1.0805972249351885 1.124148418518854 1.2010044772928545 1.3528441247103964 1.3845745310709703 1.7365473034837635 1.881087306582504
558 6696 -0.825614123703607 -0.09933483927843681 0.12631790860911946 0.796154814989267 0.1018524407182809 0.1325169362091771 0.2679718444643801 0.3139403821985302 0.43218187922872936 0.5636798557046271 0.6391837097159754 0.7153296014081785 0.7725644888623269 0.8327485947730445 0.9547102772890872 1.0805972249351885 1.124148418518854 1.2010044772928545 1.3528441247103964 1.3845745310709703 1.7365473034837635 1.881087306582504
559 6708 -0.837588991174296 -0.1132319055759527 0.13126353097623453 0.8278703472382567 0.09147730061488778 0.11730496251804429 0.267891914814232 0.2947833713661667 0.3995016142875553 0.5553620462074537 0.5775926001004695 0.7038581914869353 0.7197076117910395 0.8264887592301938 0.9430381542265928 1.0577349447206907 1.1474458605899278 1.1985361002934134 1.3821111608270673 1.4441243356478661 1.703286906794375 1.9138781850284645
560 6720 -0.837588991174296 -0.1132319055759527 0.13126353097623453 0.8278703472382567 0.09147730061488778 0.11730496251804429 0.267891914814232 0.2947833713661667 0.3995016142875553 0.5553620462074537 0.5775926001004695 0.7038581914869353 0.7197076117910395 0.8264887592301938 0.9430381542265928 1.0577349447206907 1.1474458605899278 1.1985361002934134 1.3821111608270673 1.4441243356478661 1.703286906794375 1.9138781850284645
561 6732 -0.837588991174296 -0.1132319055759527 0.13126353097623453 0.8278703472382567 0.09147730061488778 0.11730496251804429 0.267891914814232 0.2947833713661667 0.3995016142875553 0.5553620462074537 0.5775926001004695 0.7038581914869353 0.7197076117910395 0.8264887592301938 0.9430381542265928 1.0577349447206907 1.1474458605899278 1.1985361002934134 1.3821111608270673 1.4441243356478661 1.703286906794375 1.9138781850284645
562 6744 -0.837588991174296 -0.1132319055759527 0.13126353097623453 0.8278703472382567 0.09147730061488778 0.11730496251804429 0.267891914814232 0.2947833713661667 0.3995016142875553 0.5553620462074537 0.5775926001004695 0.7038581914869353 0.7197076117910395 0.8264887592301938 0.9430381542265928 1.0577349447206907 1.1474458605899278 1.1985361002934134 1.3821111608270673 1.4441243356478661 1.703286906794375 1.9138781850284645
563 6756 -0.837588991174296 -0.1132319055759527 0.13126353097623453 0.8278703472382567 0.09147730061488778 0.11730496251804429 0.267891914814232 0.2947833713661667 0.3995016142875553 0.5553620462074537 0.5775926001004695 0.7038581914869353 0.7197076117910395 0.8264887592301938 0.9430381542265928 1.0577349447206907 1.1474458605899278 1.1985361002934134 1.3821111608270673 1.4441243356478661 1.703286906794375 1.9138781850284645
564 6768 -0.837588991174296 -0.1132319055759527 0.13126353097623453 0.8278703472382567 0.09147730061488778 0.11730496251804429 0.267891914814232 0.2947833713661667 0.3995016142875553 0.5553620462074537 0.5775926001004695 0.7038581914869353 0.7197076117910395 0.8264887592301938 0.9430381542265928 1.0577349447206907 1.1474458605899278 1.1985361002934134 1.3821111608270673 1.4441243356478661 1.703286906794375 1.9138781850284645
565 6780 -0.837588991174296 -0.1132319055759527 0.13126353097623453 0.8278703472382567 0.09147730061488778 0.11730496251804429 0.267891914814232 0.2947833713661667 0.3995016142875553 0.5553620462074537 0.5775926001004695 0.7038581914869353 0.7197076117910395 0.8264887592301938 0.9430381542265928 1.0577349447206907 1.1474458605899278 1.1985361002934134 1.3821111608270673 1.4441243356478661 1.703286906794375 1.9138781850284645
566 6792 -0.837588991174296 -0.1132319055759527 0.13126353097623453 0.8278703472382567 0.09147730061488778 0.11730496251804429 0.267891914814232 0.2947833713661667 0.3995016142875553 0.5553620462074537 0.5775926001004695 0.7038581914869353 0.7197076117910395 0.8264887592301938 0.9430381542265928 1.0577349447206907 1.1474458605899278 1.1985361002934134 1.3821111608270673 1.4441243356478661 1.703286906794375 1.9138781850284645
567 6804 -0.837588991174296 -0.1132319055759527 0.13126353097623453 0.8278703472382567 0.09147730061488778 0.11730496251804429 0.267891914814232 0.2947833713661667 0.3995016142875553 0.5553620462074537 0.5775926001004695 0.7038581914869353 0.7197076117910395 0.8264887592301938 0.9430381542265928 1.0577349447206907 1.1474458605899278 1.1985361002934134 1.3821111608270673 1.4441243356478661 1.703286906794375 1.9138781850284645
568 6816 -0.837588991174296 -0.1132319055759527 0.13126353097623453 0.8278703472382567 0.09147730061488778 0.11730496251804429 0.267891914814232 0.2947833713661667 0.3995016142875553 0.5553620462074537 0.5775926001004695 0.7038581914869353 0.7197076117910395 0.8264887592301938 0.9430381542265928 1.0577349447206907 1.1474458605899278 1.1985361002934134 1.3821111608270673 1.4441243356478661 1.703286906794375 1.9138781850284645
569 6828 -0.837588991174296 -0.1132319055759527 0.13126353097623453 0.8278703472382567 0.09147730061488778 0.11730496251804429 0.267891914814232 0.2947833713661667 0.3995016142875553 0.5553620462074537 0.5775926001004695 0.7038581914869353 0.7197076117910395 0.8264887592301938 0.9430381542265928 1.0577349447206907 1.1474458605899278 1.1985361002934134 1.3821111608270673 1.4441243356478661 1.703286906794375 1.9138781850284645
570 6840 -0.837588991174296 -0.1132319055759527 0.13126353097623453 0.8278703472382567 0.09147730061488778 0.11730496251804429 0.267891914814232 0.2947833713661667 0.3995016142875553 0.5553620462074537 0.5775926001004695 0.7038581914869353 0.7197076117910395 0.8264887592301938 0.9430381542265928 1.0577349447206907 1.1474458605899278 1.1985361002934134 1.3821111608270673 1.4441243356478661 1.703286906794375 1.9138781850284645
571 6852 -0.837588991174296 -0.1132319055759527 0.13126353097623453 0.8278703472382567 0.09147730061488778 0.11730496251804429 0.267891914814232 0.2947833713661667 0.3995016142875553 0.5553620462074537 0.5775926001004695 0.7038581914869353 0.7197076117910395 0.8264887592301938 0.9430381542265928 1.0577349447206907 1.1474458605899278 1.1985361002934134 1.3821111608270673 1.4441243356478661 1.703286906794375 1.9138781850284645
572 6864 -0.837588991174296 -0.1132319055759527 0.13126353097623453 0.8278703472382567 0.09147730061488778 0.11730496251804429 0.267891914814232 0.2947833713661667 0.3995016142875553 0.5553620462074537 0.5775926001004695 0.7038581914869353 0.7197076117910395 0.8264887592301938 0.9430381542265928 1.0577349447206907 1.1474458605899278 1.1985361002934134 1.3821111608270673 1.4441243356478661 1.703286906794375 1.9138781850284645
573 6876 -0.837588991174296 -0.1132319055759527 0.13126353097623453 0.8278703472382567 0.09147730061488778 0.11730496251804429 0.267891914814232 0.2947833713661667 0.3995016142875553 0.5553620462074537 0.5775926001004695 0.7038581914869353 0.7197076117910395 0.8264887592301938 0.9430381542265928 1.0577349447206907 1.1474458605899278 1.1985361002934134 1.3821111608270673 1.4441243356478661 1.703286906794375 1.9138781850284645
574 6888 -0.837588991174296 -0.1132319055759527 0.13126353097623453 0.8278703472382567 0.09147730061488778 0.11730496251804429 0.267891914814232 0.2947833713661667 0.3995016142875553 0.5553620462074537 0.5775926001004695 0.7038581914869353 0.7197076117910395 0.8264887592301938 0.9430381542265928 1.0577349447206907 1.1474458605899278 1.1985361002934134 1.3821111608270673 1.4441243356478661 1.703286906794375 1.9138781850284645
575 6900 -0.837588991174296 -0.1132319055759527 0.13126353097623453 0.8278703472382567 0.09147730061488778 0.11730496251804429 0.267891914814232 0.2947833713661667 0.3995016142875553 0.5553620462074537 0.5775926001004695 0.7038581914869353 0.7197076117910395 0.8264887592301938 0.9430381542265928 1.0577349447206907 1.1474458605899278 1.1985361002934134 1.3821111608270673 1.4441243356478661 1.703286906794375 1.9138781850284645
576 6912 -0.837588991174296 -0.1132319055759527 0.13126353097623453 0.8278703472382567 0.09147730061488778 0.11730496251804429 0.267891914814232 0.2947833713661667 0.3995016142875553 0.5553620462074537 0.5775926001004695 0.7038581914869353 0.7197076117910395 0.8264887592301938 0.9430381542265928 1.0577349447206907 1.1474458605899278 1.1985361002934134 1.3821111608270673 1.4441243356478661 1.703286906794375 1.9138781850284645
577 6924 -0.8308704009932164 -0.09720539160011511 0.12553888661193124 0.8493735861299443 0.0785801968297145 0.10164134773811032 0.28095629163241553 0.2950499911316151 0.41371986084621193 0.4775315067734526 0.5505538512092357 0.7256511452710694 0.7271160813374998 0.8534005720625939 0.9397637968165844 1.0772226196290187 1.118158004061319 1.189962141960968 1.3506431325238941 1.5125645588363763 1.6670082357602043 1.9315218531982257
578 6936 -0.8308704009932164 -0.09720539160011511 0.12553888661193124 0.8493735861299443 0.0785801968297145 0.10164134773811032 0.28095629163241553 0.2950499911316151 0.41371986084621193 0.4775315067734526 0.5505538512092357 0.7256511452710694 0.7271160813374998 0.8534005720625939 0.9397637968165844 1.0772226196290187 1.118158004061319 1.189962141960968 1.3506431325238941 1.5125645588363763 1.6670082357602043 1.9315218531982257
579 6948 -0.8308704009932164 -0.09720539160011511 0.12553888661193124 0.8493735861299443 0.0785801968297145 0.10164134773811032 0.28095629163241553 0.2950499911316151 0.41371986084621193 0.4775315067734526 0.5505538512092357 0.7256511452710694 0.7271160813374998 0.8534005720625939 0.9397637968165844 1.0772226196290187 1.118158004061319 1.189962141960968 1.3506431325238941 1.5125645588363763 1.6670082357602043 1.9315218531982257
580 6960 -0.8308704009932164 -0.09720539160011511 0.12553888661193124 0.8493735861299443 0.0785801968297145 0.10164134773811032 0.28095629163241553 0.2950499911316151 0.41371986084621193 0.4775315067734526 0.5505538512092357 0.7256511452710694 0.7271160813374998 0.8534005720625939 0.9397637968165844 1.0772226196290187 1.118158004061319 1.189962141960968 1.3506431325238941 1.5125645588363763 1.6670082357602043 1.9315218531982257
581 6972 -0.8308704009932164 -0.09720539160011511 0.12553888661193124 0.8493735861299443 0.0785801968297145 0.10164134773811032 0.28095629163241553 0.2950499911316151 0.41371986084621193 0.4775315067734526 0.5505538512092357 0.7256511452710694 0.7271160813374998 0.8534005720625939 0.9397637968165844 1.0772226196290187 1.118158004061319 1.189962141960968 1.3506431325238941 1.5125645588363763 1.6670082357602043 1.9315218531982257
582 6984 -0.8308704009932164 -0.09720539160011511 0.12553888661193124 0.8493735861299443 0.0785801968297145 0.10164134773811032 0.28095629163241553 0.2950499911316151 0.41371986084621193 0.4775315067734526 0.5505538512092357 0.7256511452710694 0.7271160813374998 0.8534005720625939 0.9397637968165844 1.0772226196290187 1.118158004061319 1.189962141960968 1.3506431325238941 1.5125645588363763 1.6670082357602043 1.9315218531982257
583 6996 -0.8308704009932164 -0.09720539160011511 0.12553888661193124 0.8493735861299443 0.0785801968297145 0.10164134773811032 0.28095629163241553 0.2950499911316151 0.41371986084621193 0.4775315067734526 0.5505538512092357 0.7256511452710694 0.7271160813374998 0.8534005720625939 0.9397637968165844 1.0772226196290187 1.118158004061319 1.189962141960968 1.3506431325238941 1.5125645588363763 1.6670082357602043 1.9315218531982257
584 7008 -0.8308704009932164 -0.09720539160011511 0.12553888661193124 0.8493735861299443 0.0785801968297145 0.10164134773811032 0.28095629163241553 0.2950499911316151 0.41371986084621193 0.4775315067734526 0.5505538512092357 0.7256511452710694 0.7271160813374998 0.8534005720625939 0.9397637968165844 1.0772226196290187 1.118158004061319 1.189962141960968 1.3506431325238941 1.5125645588363763 1.6670082357602043 1.9315218531982257
585 7020 -0.8308704009932164 -0.09720539160011511 0.12553888661193124 0.8493735861299443 0.0785801968297145 0.10164134773811032 0.28095629163241553 0.2950499911316151 0.41371986084621193 0.4775315067734526 0.5505538512092357 0.7256511452710694 0.7271160813374998 0.8534005720625939 0.9397637968165844 1.0772226196290187 1.118158004061319 1.189962141960968 1.3506431325238941 1.5125645588363763 1.6670082357602043 1.9315218531982257
586 7032 -0.8308704009932164 -0.09720539160011511 0.12553888661193124 0.8493735861299443 0.0785801968297145 0.10164134773811032 0.28095629163241553 0.2950499911316151 0.41371986084621193 0.4775315067734526 0.5505538512092357 0.7256511452710694 0.7271160813374998 0.8534005720625939 0.9397637968165844 1.0772226196290187 1.118158004061319 1.189962141960968 1.3506431325238941 1.5125645588363763 1.6670082357602043 1.9315218531982257
587 7044 -0.8308704009932164 -0.09720539160011511 0.12553888661193124 0.8493735861299443 0.0785801968297145 0.10164134773811032 0.28095629163241553 0.2950499911316151 0.41371986084621193 0.4775315067734526 0.5505538512092357 0.7256511452710694 0.7271160813374998 0.8534005720625939 0.9397637968165844 1.0772226196290187 1.118158004061319 1.189962141960968 1.3506431325238941 1.5125645588363763 1.6670082357602043 1.9315218531982257
588 7056 -0.8308704009932164 -0.09720539160011511 0.12553888661193124 0.8493735861299443 0.0785801968297145 0.10164134773811032 0.28095629163241553 0.2950499911316151 0.41371986084621193 0.4775315067734526 0.5505538512092357 0.7256511452710694 0.7271160813374998 0.8534005720625939 0.9397637968165844 1.0772226196290187 1.118158004061319 1.189962141960968 1.3506431325238941 1.5125645588363763 1.6670082357602043 1.9315218531982257
589 7068 -0.8308704009932164 -0.09720539160011511 0.12553888661193124 0.8493735861299443 0.0785801968297145 0.10164134773811032 0.28095629163241553 0.2950499911316151 0.41371986084621193 0.4775315067734526 0.5505538512092357 0.7256511452710694 0.7271160813374998 0.8534005720625939 0.9397637968165844 1.0772226196290187 1.118158004061319 1.189962141960968 1.3506431325238941 1.5125645588363763 1.6670082357602043 1.9315218531982257
590 7080 -0.8308704009932164 -0.09720539160011511 0.12553888661193124 0.8493735861299443 0.0785801968297145 0.10164134773811032 0.28095629163241553 0.2950499911316151 0.41371986084621193 0.4775315067734526 0.5505538512092357 0.7256511452710694 0.7271160813374998 0.8534005720625939 0.9397637968165844 1.0772226196290187 1.118158004061319 1.189962141960968 1.3506431325238941 1.5125645588363763 1.6670082357602043 1.9315218531982257
591 7092 -0.8308704009932164 -0.09720539160011511 0.12553888661193124 0.8493735861299443 0.0785801968297145 0.10164134773811032 0.28095629163241553 0.2950499911316151 0.41371986084621193 0.4775315067734526 0.5505538512092357 0.7256511452710694 0.7271160813374998 0.8534005720625939 0.9397637968165844 1.0772226196290187 1.118158004061319 1.189962141960968 1.3506431325238941 1.5125645588363763 1.6670082357602043 1.9315218531982257
592 7104 -0.8308704009932164 -0.09720539160011511 0.12553888661193124 0.8493735861299443 0.0785801968297145 0.10164134773811032 0.28095629163241553 0.2950499911316151 0.41371986084621193 0.4775315067734526 0.5505538512092357 0.7256511452710694 0.7271160813374998 0.8534005720625939 0.9397637968165844 1.0772226196290187 1.118158004061319 1.189962141960968 1.3506431325238941 1.5125645588363763 1.6670082357602043 1.9315218531982257
593 7116 -0.8308704009932164 -0.09720539160011511 0.12553888661193124 0.8493735861299443 0.0785801968297145 0.10164134773811032 0.28095629163241553 0.2950499911316151 0.41371986084621193 0.4775315067734526 0.5505538512092357 0.7256511452710694 0.7271160813374998 0.8534005720625939 0.9397637968165844 1.0772226196290187 1.118158004061319 1.189962141960968 1.3506431325238941 1.5125645588363763 1.6670082357602043 1.9315218531982257
594 7128 -0.8308704009932164 -0.09720539160011511 0.12553888661193124 0.8493735861299443 0.0785801968297145 0.10164134773811032 0.28095629163241553 0.2950499911316151 0.41371986084621193 0.4775315067734526 0.5505538512092357 0.7256511452710694 0.7271160813374998 0.8534005720625939 0.9397637968165844 1.0772226196290187 1.118158004061319 1.189962141960968 1.3506431325238941 1.5125645588363763 1.6670082357602043 1.9315218531982257
595 7140 -0.8356239531034093 -0.0956367432923417 0.12088195197105502 0.8515421250253628 0.07489269177522281 0.09664798153270106 0.27640076779444916 0.319675026000803 0.40759378747127095 0.438684752673814 0.5731382407086503 0.7178195235750777 0.7385915648970698 0.838481553397096 0.9349093811202994 1.0835390018811375 1.1242086902222406 1.2040935308282603 1.3113309060333485 1.543467395683708 1.7327694481006983 1.867991856188388
596 7152 -0.8356239531034093 -0.0956367432923417 0.12088195197105502 0.8515421250253628 0.07489269177522281 0.09664798153270106 0.27640076779444916 0.319675026000803 0.40759378747127095 0.438684752673814 0.5731382407086503 0.7178195235750777 0.7385915648970698 0.838481553397096 0.9349093811202994 1.0835390018811375 1.1242086902222406 1.2040935308282603 1.3113309060333485 1.543467395683708 1.7327694481006983 1.867991856188388
597 7164 -0.8356239531034093 -0.0956367432923417 0.12088195197105502 0.8515421250253628 0.07489269177522281 0.09664798153270106 0.27640076779444916 0.319675026000803 0.40759378747127095 0.438684752673814 0.5731382407086503 0.7178195235750777 0.7385915648970698 0.838481553397096 0.9349093811202994 1.0835390018811375 1.1242086902222406 1.2040935308282603 1.3113309060333485 1.543467395683708 1.7327694481006983 1.867991856188388
598 7176 -0.8356239531034093 -0.0956367432923417 0.12088195197105502 0.8515421250253628 0.07489269177522281 0.09664798153270106 0.27640076779444916 0.319675026000803 0.40759378747127095 0.438684752673814 0.5731382407086503 0.7178195235750777 0.7385915648970698 0.838481553397096 0.9349093811202994 1.0835390018811375 1.1242086902222406 1.2040935308282603 1.3113309060333485 1.543467395683708 1.7327694481006983 1.867991856188388
599 7188 -0.8356239531034093 -0.0956367432923417 0.12088195197105502 0.8515421250253628 0.07489269177522281 0.09664798153270106 0.27640076779444916 0.319675026000803 0.40759378747127095 0.438684752673814 0.5731382407086503 0.7178195235750777 0.7385915648970698 0.838481553397096 0.9349093811202994 1.0835390018811375 1.1242086902222406 1.2040935308282603 1.3113309060333485 1.543467395683708 1.7327694481006983 1.867991856188388
600 7200 -0.8356239531034093 -0.0956367432923417 0.12088195197105502 0.8515421250253628 0.07489269177522281 0.09664798153270106 0.27640076779444916 0.319675026000803 0.40759378747127095 0.438684752673814 0.5731382407086503 0.7178195235750777 0.7385915648970698 0.838481553397096 0.9349093811202994 1.0835390018811375 1.1242086902222406 1.2040935308282603 1.3113309060333485 1.543467395683708 1.7327694481006983 1.867991856188388
601 7212 -0.8356239531034093 -0.0956367432923417 0.12088195197105502 0.8515421250253628 0.07489269177522281 0.09664798153270106 0.27640076779444916 0.319675026000803 0.40759378747127095 0.438684752673814 0.5731382407086503 0.7178195235750777 0.7385915648970698 0.838481553397096 0.9349093811202994 1.0835390018811375 1.1242086902222406 1.2040935308282603 1.3113309060333485 1.543467395683708 1.7327694481006983 1.867991856188388
602 7224 -0.8356239531034093 -0.0956367432923417 0.12088195197105502 0.8515421250253628 0.07489269177522281 0.09664798153270106 0.27640076779444916 0.319675026000803 0.40759378747127095 0.438684752673814 0.5731382407086503 0.7178195235750777 0.7385915648970698 0.838481553397096 0.9349093811202994 1.0835390018811375 1.1242086902222406 1.2040935308282603 1.3113309060333485 1.543467395683708 1.7327694481006983 1.867991856188388
603 7236 -0.8356239531034093 -0.0956367432923417 0.12088195197105502 0.8515421250253628 0.07489269177522281 0.09664798153270106 0.27640076779444916 0.319675026000803 0.40759378747127095 0.438684752673814 0.5731382407086503 0.7178195235750777 0.7385915648970698 0.838481553397096 0.9349093811202994 1.0835390018811375 1.1242086902222406 1.2040935308282603 1.3113309060333485 1.543467395683708 1.7327694481006983 1.867991856188388
604 7248 -0.8356239531034093 -0.0956367432923417 0.12088195197105502 0.8515421250253628 0.07489269177522281 0.09664798153270106 0.27640076779444916 0.319675026000803 0.40759378747127095 0.438684752673814 0.5731382407086503 0.7178195235750777 0.7385915648970698 0.838481553397096 0.9349093811202994 1.0835390018811375 1.1242086902222406 1.2040935308282603 1.3113309060333485 1.543467395683708 1.7327694481006983 1.867991856188388
605 7260 -0.8356239531034093 -0.0956367432923417 0.12088195197105502 0.8515421250253628 0.07489269177522281 0.09664798153270106 0.27640076779444916 0.319675026000803 0.40759378747127095 0.438684752673814 0.5731382407086503 0.7178195235750777 0.7385915648970698 0.838481553397096 0.9349093811202994 1.0835390018811375 1.1242086902222406 1.2040935308282603 1.3113309060333485 1.543467395683708 1.7327694481006983 1.867991856188388
606 7272 -0.8356239531034093 -0.0956367432923417 0.12088195197105502 0.8515421250253628 0.07489269177522281 0.09664798153270106 0.27640076779444916 0.319675026000803 0.40759378747127095 0.438684752673814 0.5731382407086503 0.7178195235750777 0.7385915648970698 0.838481553397096 0.9349093811202994 1.0835390018811375 1.1242086902222406 1.2040935308282603 1.3113309060333485 1.543467395683708 1.7327694481006983 1.867991856188388
607 7284 -0.8356239531034093 -0.0956367432923417 0.12088195197105502 0.8515421250253628 0.07489269177522281 0.09664798153270106 0.27640076779444916 0.319675026000803 0.40759378747127095 0.438684752673814 0.5731382407086503 0.7178195235750777 0.7385915648970698 0.838481553397096 0.9349093811202994 1.0835390018811375 1.1242086902222406 1.2040935308282603 1.3113309060333485 1.543467395683708 1.7327694481006983 1.867991856188388
608 7296 -0.8356239531034093 -0.0956367432923417 0.12088195197105502 0.8515421250253628 0.07489269177522281 0.09664798153270106 0.27640076779444916 0.319675026000803 0.40759378747127095 0.438684752673814 0.5731382407086503 0.7178195235750777 0.7385915648970698 0.838481553397096 0.9349093811202994 1.0835390018811375 1.1242086902222406 1.2040935308282603 1.3113309060333485 1.543467395683708 1.7327694481006983 1.867991856188388
609 7308 -0.8356239531034093 -0.0956367432923417 0.12088195197105502 0.8515421250253628 0.07489269177522281 0.09664798153270106 0.27640076779444916 0.319675026000803 0.40759378747127095 0.438684752673814 0.5731382407086503 0.7178195235750777 0.7385915648970698 0.838481553397096 0.9349093811202994 1.0835390018811375 1.1242086902222406 1.2040935308282603 1.3113309060333485 1.543467395683708 1.7327694481006983 1.867991856188388
610 7320 -0.8356239531034093 -0.0956367432923417 0.12088195197105502 0.8515421250253628 0.07489269177522281 0.09664798153270106 0.27640076779444916 0.319675026000803 0.40759378747127095 0.438684752673814 0.5731382407086503 0.7178195235750777 0.7385915648970698 0.838481553397096 0.9349093811202994 1.0835390018811375 1.1242086902222406 1.2040935308282603 1.3113309060333485 1.543467395683708 1.7327694481006983 1.867991856188388
611 7332 -0.8356239531034093 -0.0956367432923417 0.12088195197105502 0.8515421250253628 0.07489269177522281 0.09664798153270106 0.27640076779444916 0.319675026000803 0.40759378747127095 0.438684752673814 0.5731382407086503 0.7178195235750777 0.7385915648970698 0.838481553397096 0.9349093811202994 1.0835390018811375 1.1242086902222406 1.2040935308282603 1.3113309060333485 1.543467395683708 1.7327694481006983 1.867991856188388
612 7344 -0.8356239531034093 -0.0956367432923417 0.12088195197105502 0.8515421250253628 0.07489269177522281 0.09664798153270106 0.27640076779444916 0.319675026000803 0.40759378747127095 0.438684752673814 0.5731382407086503 0.7178195235750777 0.7385915648970698 0.838481553397096 0.9349093811202994 1.0835390018811375 1.1242086902222406 1.2040935308282603 1.3113309060333485 1.543467395683708 1.7327694481006983 1.867991856188388
613 7356 -0.8536171600936826 -0.09337186695029168 0.1213425399737714 0.8740879473688536 0.06601198131518692 0.09198923615263523 0.26641521508552296 0.3172515371523758 0.3891852363588449 0.406896407973759 0.5685526976981298 0.6643822550161773 0.7420231091494698 0.8273886629678122 0.9241323178815708 1.078396583403149 1.1289767702645894 1.1973723816624395 1.3488345044576284 1.5000950661646066 1.7667658138287303 1.8927093398206702
614 7368 -0.8536171600936826 -0.09337186695029168 0.1213425399737714 0.8740879473688536 0.06601198131518692 0.09198923615263523 0.26641521508552296 0.3172515371523758 0.3891852363588449 0.406896407973759 0.5685526976981298 0.6643822550161773 0.7420231091494698 0.8273886629678122 0.9241323178815708 1.078396583403149 1.1289767702645894 1.1973723816624395 1.3488345044576284 1.5000950661646066 1.7667658138287303 1.8927093398206702
615 7380 -0.8536171600936826 -0.09337186695029168 0.1213425399737714 0.8740879473688536 0.06601198131518692 0.09198923615263523 0.26641521508552296 0.3172515371523758 0.3891852363588449 0.406896407973759 0.5685526976981298 0.6643822550161773 0.7420231091494698 0.8273886629678122 0.9241323178815708 1.078396583403149 1.1289767702645894 1.1973723816624395 1.3488345044576284 1.5000950661646066 1.7667658138287303 1.8927093398206702
616 7392 -0.8536171600936826 -0.09337186695029168 0.1213425399737714 0.8740879473688536 0.06601198131518692 0.09198923615263523 0.26641521508552296 0.3172515371523758 0.3891852363588449 0.406896407973759 0.5685526976981298 0.6643822550161773 0.7420231091494698 0.8273886629678122 0.9241323178815708 1.078396583403149 1.1289767702645894 1.1973723816624395 1.3488345044576284 1.5000950661646066 1.7667658138287303 1.8927093398206702
617 7404 -0.8536171600936826 -0.09337186695029168 0.1213425399737714 0.8740879473688536 0.06601198131518692 0.09198923615263523 0.26641521508552296 0.3172515371523758 0.3891852363588449 0.406896407973759 0.5685526976981298 0.6643822550161773 0.7420231091494698 0.8273886629678122 0.9241323178815708 1.078396583403149 1.1289767702645894 1.1973723816624395 1.3488345044576284 1.5000950661646066 1.7667658138287303 1.8927093398206702
618 7416 -0.8536171600936826 -0.09337186695029168 0.1213425399737714 0.8740879473688536 0.06601198131518692 0.09198923615263523 0.26641521508552296 0.3172515371523758 0.3891852363588449 0.406896407973759 0.5685526976981298 0.6643822550161773 0.7420231091494698 0.8273886629678122 0.9241323178815708 1.078396583403149 1.1289767702645894 1.1973723816624395 1.3488345044576284 1.5000950661646066 1.7667658138287303 1.8927093398206702
619 7428 -0.8536171600936826 -0.09337186695029168 0.1213425399737714 0.8740879473688536 0.06601198131518692 0.09198923615263523 0.26641521508552296 0.3172515371523758 0.3891852363588449 0.406896407973759 0.5685526976981298 0.6643822550161773 0.7420231091494698 0.8273886629678122 0.9241323178815708 1.078396583403149 1.1289767702645894 1.1973723816624395 1.3488345044576284 1.5000950661646066 1.7667658138287303 1.8927093398206702
620 7440 -0.8536171600936826 -0.09337186695029168 0.1213425399737714 0.8740879473688536 0.06601198131518692 0.09198923615263523 0.26641521508552296 0.3172515371523758 0.3891852363588449 0.406896407973759 0.5685526976981298 0.6643822550161773 0.7420231091494698 0.8273886629678122 0.9241323178815708 1.078396583403149 1.1289767702645894 1.1973723816624395 1.3488345044576284 1.5000950661646066 1.7667658138287303 1.8927093398206702
621 7452 -0.8536171600936826 -0.09337186695029168 0.1213425399737714 0.8740879473688536 0.06601198131518692 0.09198923615263523 0.26641521508552296 0.3172515371523758 0.3891852363588449 0.406896407973759 0.5685526976981298 0.6643822550161773 0.7420231091494698 0.8273886629678122 0.9241323178815708 1.078396583403149 1.1289767702645894 1.1973723816624395 1.3488345044576284 1.5000950661646066 1.7667658138287303 1.8927093398206702
622 7464 -0.8536171600936826 -0.09337186695029168 0.1213425399737714 0.8740879473688536 0.06601198131518692 0.09198923615263523 0.26641521508552296 0.3172515371523758 0.3891852363588449 0.406896407973759 0.5685526976981298 0.6643822550161773 0.7420231091494698 0.8273886629678122 0.9241323178815708 1.078396583403149 1.1289767702645894 1.1973723816624395 1.3488345044576284 1.5000950661646066 1.7667658138287303 1.8927093398206702
623 7476 -0.8536171600936826 -0.09337186695029168 0.1213425399737714 0.8740879473688536 0.06601198131518692 0.09198923615263523 0.26641521508552296 0.3172515371523758 0.3891852363588449 0.406896407973759 0.5685526976981298 0.6643822550161773 0.7420231091494698 0.8273886629678122 0.9241323178815708 1.078396583403149 1.1289767702645894 1.1973723816624395 1.3488345044576284 1.5000950661646066 1.7667658138287303 1.8927093398206702
624 7488 -0.8536171600936826 -0.09337186695029168 0.1213425399737714 0.8740879473688536 0.06601198131518692 0.09198923615263523 0.26641521508552296 0.3172515371523758 0.3891852363588449 0.406896407973759 0.5685526976981298 0.6643822550161773 0.7420231091494698 0.8273886629678122 0.9241323178815708 1.078396583403149 1.1289767702645894 1.1973723816624395 1.3488345044576284 1.5000950661646066 1.7667658138287303 1.8927093398206702
625 7500 -0.8536171600936826 -0.09337186695029168 0.1213425399737714 0.8740879473688536 0.06601198131518692 0.09198923615263523 0.26641521508552296 0.3172515371523758 0.3891852363588449 0.406896407973759 0.5685526976981298 0.6643822550161773 0.7420231091494698 0.8273886629678122 0.9241323178815708 1.078396583403149 1.1289767702645894 1.1973723816624395 1.3488345044576284 1.5000950661646066 1.7667658138287303 1.8927093398206702
626 7512 -0.8536171600936826 -0.09337186695029168 0.1213425399737714 0.8740879473688536 0.06601198131518692 0.09198923615263523 0.26641521508552296 0.3172515371523758 0.3891852363588449 0.406896407973759 0.5685526976981298 0.6643822550161773 0.7420231091494698 0.8273886629678122 0.9241323178815708 1.078396583403149 1.1289767702645894 1.1973723816624395 1.3488345044576284 1.5000950661646066 1.7667658138287303 1.8927093398206702
627 7524 -0.8536171600936826 -0.09337186695029168 0.1213425399737714 0.8740879473688536 0.06601198131518692 0.09198923615263523 0.26641521508552296 0.3172515371523758 0.3891852363588449 0.406896407973759 0.5685526976981298 0.6643822550161773 0.7420231091494698 0.8273886629678122 0.9241323178815708 1.078396583403149 1.1289767702645894 1.1973723816624395 1.3488345044576284 1.5000950661646066 1.7667658138287303 1.8927093398206702
628 7536 -0.8536171600936826 -0.09337186695029168 0.1213425399737714 0.8740879473688536 0.06601198131518692 0.09198923615263523 0.26641521508552296 0.3172515371523758 0.3891852363588449 0.406896407973759 0.5685526976981298 0.6643822550161773 0.7420231091494698 0.8273886629678122 0.9241323178815708 1.078396583403149 1.1289767702645894 1.1973723816624395 1.3488345044576284 1.5000950661646066 1.7667658138287303 1.8927093398206702
629 7548 -0.8536171600936826 -0.09337186695029168 0.1213425399737714 0.8740879473688536 0.06601198131518692 0.09198923615263523 0.26641521508552296 0.3172515371523758 0.3891852363588449 0.406896407973759 0.5685526976981298 0.6643822550161773 0.7420231091494698 0.8273886629678122 0.9241323178815708 1.078396583403149 1.1289767702645894 1.1973723816624395 1.3488345044576284 1.5000950661646066 1.7667658138287303 1.8927093398206702
630 7560 -0.8536171600936826 -0.09337186695029168 0.1213425399737714 0.8740879473688536 0.06601198131518692 0.09198923615263523 0.26641521508552296 0.3172515371523758 0.3891852363588449 0.406896407973759 0.5685526976981298 0.6643822550161773 0.7420231091494698 0.8273886629678122 0.9241323178815708 1.078396583403149 1.1289767702645894 1.1973723816624395 1.3488345044576284 1.5000950661646066 1.7667658138287303 1.8927093398206702
631 7572 -0.8637477921681189 -0.11090746485213511 0.1332470173925113 0.8825779017124074 0.051786563409055665 0.08558695777822393 0.2548251964881297 0.2973178124741778 0.3722658378627286 0.3756835854041424 0.5461625647524999 0.6762836424464072 0.7452873990180686 0.8475883738069824 0.8852040729683115 1.0445855481817217 1.144334522387519 1.1770511538140302 1.3349910752798422 1.4784800234202977 1.8188323835928846 1.9187170334870045
632 7584 -0.8637477921681189 -0.11090746485213511 0.1332470173925113 0.8825779017124074 0.051786563409055665 0.08558695777822393 0.2548251964881297 0.2973178124741778 0.3722658378627286 0.3756835854041424 0.5461625647524999 0.6762836424464072 0.7452873990180686 0.8475883738069824 0.8852040729683115 1.0445855481817217 1.144334522387519 1.1770511538140302 1.3349910752798422 1.4784800234202977 1.8188323835928846 1.9187170334870045
633 7596 -0.8637477921681189 -0.11090746485213511 0.1332470173925113 0.8825779017124074 0.051786563409055665 0.08558695777822393 0.2548251964881297 0.2973178124741778 0.3722658378627286 0.3756835854041424 0.5461625647524999 0.6762836424464072 0.7452873990180686 0.8475883738069824 0.8852040729683115 1.0445855481817217 1.144334522387519 1.1770511538140302 1.3349910752798422 1.4784800234202977 1.8188323835928846 1.9187170334870045
634 7608 -0.8637477921681189 -0.11090746485213511 0.1332470173925113 0.8825779017124074 0.051786563409055665 0.08558695777822393 0.2548251964881297 0.2973178124741778 0.3722658378627286 0.3756835854041424 0.5461625647524999 0.6762836424464072 0.7452873990180686 0.8475883738069824 0.8852040729683115 1.0445855481817217 1.144334522387519 1.1770511538140302 1.3349910752798422 1.4784800234202977 1.8188323835928846 1.9187170334870045
635 7620 -0.8637477921681189 -0.11090746485213511 0.1332470173925113 0.8825779017124074 0.051786563409055665 0.08558695777822393 0.2548251964881297 0.2973178124741778 0.3722658378627286 0.3756835854041424 0.5461625647524999 0.6762836424464072 0.7452873990180686 0.8475883738069824 0.8852040729683115 1.0445855481817217 1.144334522387519 1.1770511538140302 1.3349910752798422 1.4784800234202977 1.8188323835928846 1.9187170334870045
636 7632 -0.8637477921681189 -0.11090746485213511 0.1332470173925113 0.8825779017124074 0.051786563409055665 0.08558695777822393 0.2548251964881297 0.2973178124741778 0.3722658378627286 0.3756835854041424 0.5461625647524999 0.6762836424464072 0.7452873990180686 0.8475883738069824 0.8852040729683115 1.0445855481817217 1.144334522387519 1.1770511538140302 1.3349910752798422 1.4784800234202977 1.8188323835928846 1.9187170334870045
637 7644 -0.8637477921681189 -0.11090746485213511 0.1332470173925113 0.8825779017124074 0.051786563409055665 0.08558695777822393 0.2548251964881297 0.2973178124741778 0.3722658378627286 0.3756835854041424 0.5461625647524999 0.6762836424464072 0.7452873990180686 0.8475883738069824 0.8852040729683115 1.0445855481817217 1.144334522387519 1.1770511538140302 1.3349910752798422 1.4784800234202977 1.8188323835928846 1.9187170334870045
638 7656 -0.8637477921681189 -0.11090746485213511 0.1332470173925113 0.8825779017124074 0.051786563409055665 0.08558695777822393 0.2548251964881297 0.2973178124741778 0.3722658378627286 0.3756835854041424 0.5461625647524999 0.6762836424464072 0.7452873990180686 0.8475883738069824 0.8852040729683115 1.0445855481817217 1.144334522387519 1.1770511538140302 1.3349910752798422 1.4784800234202977 1.8188323835928846 1.9187170334870045
639 7668 -0.8637477921681189 -0.11090746485213511 0.1332470173925113 0.8825779017124074 0.051786563409055665 0.08558695777822393 0.2548251964881297 0.2973178124741778 0.3722658378627286 0.3756835854041424 0.5461625647524999 0.6762836424464072 0.7452873990180686 0.8475883738069824 0.8852040729683115 1.0445855481817217 1.144334522387519 1.1770511538140302 1.3349910752798422 1.4784800234202977 1.8188323835928846 1.9187170334870045
640 7680 -0.8637477921681189 -0.11090746485213511 0.1332470173925113 0.8825779017124074 0.051786563409055665 0.08558695777822393 0.2548251964881297 0.2973178124741778 0.3722658378627286 0.3756835854041424 0.5461625647524999 0.6762836424464072 0.7452873990180686 0.8475883738069824 0.8852040729683115 1.0445855481817217 1.144334522387519 1.1770511538140302 1.3349910752798422 1.4784800234202977 1.8188323835928846 1.9187170334870045
641 7692 -0.8637477921681189 -0.11090746485213511 0.1332470173925113 0.8825779017124074 0.051786563409055665 0.08558695777822393 0.2548251964881297 0.2973178124741778 0.3722658378627286 0.3756835854041424 0.5461625647524999 0.6762836424464072 0.7452873990180686 0.8475883738069824 0.8852040729683115 1.0445855481817217 1.144334522387519 1.1770511538140302 1.3349910752798422 1.4784800234202977 1.8188323835928846 1.9187170334870045
642 7704 -0.8637477921681189 -0.11090746485213511 0.1332470173925113 0.8825779017124074 0.051786563409055665 0.08558695777822393 0.2548251964881297 0.2973178124741778 0.3722658378627286 0.3756835854041424 0.5461625647524999 0.6762836424464072 0.7452873990180686 0.8475883738069824 0.8852040729683115 1.0445855481817217 1.144334522387519 1.1770511538140302 1.3349910752798422 1.4784800234202977 1.8188323835928846 1.9187170334870045
643 7716 -0.8637477921681189 -0.11090746485213511 0.1332470173925113 0.8825779017124074 0.051786563409055665 0.08558695777822393 0.2548251964881297 0.2973178124741778 0.3722658378627286 0.3756835854041424 0.5461625647524999 0.6762836424464072 0.7452873990180686 0.8475883738069824 0.8852040729683115 1.0445855481817217 1.144334522387519 1.1770511538140302 1.3349910752798422 1.4784800234202977 1.8188323835928846 1.9187170334870045
644 7728 -0.8637477921681189 -0.11090746485213511 0.1332470173925113 0.8825779017124074 0.051786563409055665 0.08558695777822393 0.2548251964881297 0.2973178124741778 0.3722658378627286 0.3756835854041424 0.5461625647524999 0.6762836424464072 0.7452873990180686 0.8475883738069824 0.8852040729683115 1.0445855481817217 1.144334522387519 1.1770511538140302 1.3349910752798422 1.4784800234202977 1.8188323835928846 1.9187170334870045
645 7740 -0.8637477921681189 -0.11090746485213511 0.1332470173925113 0.8825779017124074 0.051786563409055665 0.08558695777822393 0.2548251964881297 0.2973178124741778 0.3722658378627286 0.3756835854041424 0.5461625647524999 0.6762836424464072 0.7452873990180686 0.8475883738069824 0.8852040729683115 1.0445855481817217 1.144334522387519 1.1770511538140302 1.3349910752798422 1.4784800234202977 1.8188323835928846 1.9187170334870045
646 7752 -0.8637477921681189 -0.11090746485213511 0.1332470173925113 0.8825779017124074 0.051786563409055665 0.08558695777822393 0.2548251964881297 0.2973178124741778 0.3722658378627286 0.3756835854041424 0.5461625647524999 0.6762836424464072 0.7452873990180686 0.8475883738069824 0.8852040729683115 1.0445855481817217 1.144334522387519 1.1770511538140302 1.3349910752798422 1.4784800234202977 1.8188323835928846 1.9187170334870045
647 7764 -0.8637477921681189 -0.11090746485213511 0.1332470173925113 0.8825779017124074 0.051786563409055665 0.08558695777822393 0.2548251964881297 0.2973178124741778 0.3722658378627286 0.3756835854041424 0.5461625647524999 0.6762836424464072 0.7452873990180686 0.8475883738069824 0.8852040729683115 1.0445855481817217 1.144334522387519 1.1770511538140302 1.3349910752798422 1.4784800234202977 1.8188323835928846 1.9187170334870045
648 7776 -0.8637477921681189 -0.11090746485213511 0.1332470173925113 0.8825779017124074 0.051786563409055665 0.08558695777822393 0.2548251964881297 0.2973178124741778 0.3722658378627286 0.3756835854041424 0.5461625647524999 0.6762836424464072 0.7452873990180686 0.8475883738069824 0.8852040729683115 1.0445855481817217 1.144334522387519 1.1770511538140302 1.3349910752798422 1.4784800234202977 1.8188323835928846 1.9187170334870045
649 7788 -0.8812207861853076 -0.11209800607784959 0.12487822411372979 0.8938952692080597 0.046058967501411564 0.08132444870783094 0.2208895338610805 0.28033950321062545 0.3684521877618676 0.37661114124011896 0.5362173327240757 0.6622461273970234 0.7450805866318204 0.8387004136176177 0.8448461909569384 1.0536807577725598 1.0999733167355503 1.2004083919756936 1.364809075689927 1.4986596937380767 1.796740290973784 1.9467246584324251
650 7800 -0.8812207861853076 -0.11209800607784959 0.12487822411372979 0.8938952692080597 0.046058967501411564 0.08132444870783094 0.2208895338610805 0.28033950321062545 0.3684521877618676 0.37661114124011896 0.5362173327240757 0.6622461273970234 0.7450805866318204 0.8387004136176177 0.8448461909569384 1.0536807577725598 1.0999733167355503 1.2004083919756936 1.364809075689927 1.4986596937380767 1.796740290973784 1.9467246584324251
651 7812 -0.8812207861853076 -0.11209800607784959 0.12487822411372979 0.8938952692080597 0.046058967501411564 0.08132444870783094 0.2208895338610805 0.28033950321062545 0.3684521877618676 0.37661114124011896 0.5362173327240757 0.6622461273970234 0.7450805866318204 0.8387004136176177 0.8448461909569384 1.0536807577725598 1.0999733167355503 1.2004083919756936 1.364809075689927 1.4986596937380767 1.796740290973784 1.9467246584324251
652 7824 -0.8812207861853076 -0.11209800607784959 0.12487822411372979 0.8938952692080597 0.046058967501411564 0.08132444870783094 0.2208895338610805 0.28033950321062545 0.3684521877618676 0.37661114124011896 0.5362173327240757 0.6622461273970234 0.7450805866318204 0.8387004136176177 0.8448461909569384 1.0536807577725598 1.0999733167355503 1.2004083919756936 1.364809075689927 1.4986596937380767 1.796740290973784 1.9467246584324251
653 7836 -0.8812207861853076 -0.11209800607784959 0.12487822411372979 0.8938952692080597 0.046058967501411564 0.08132444870783094 0.2208895338610805 0.28033950321062545 0.3684521877618676 0.37661114124011896 0.5362173327240757 0.6622461273970234 0.7450805866318204 0.8387004136176177 0.8448461909569384 1.0536807577725598 1.0999733167355503 1.2004083919756936 1.364809075689927 1.4986596937380767 1.796740290973784 1.9467246584324251
654 7848 -0.8812207861853076 -0.11209800607784959 0.12487822411372979 0.8938952692080597 0.046058967501411564 0.08132444870783094 0.2208895338610805 0.28033950321062545 0.3684521877618676 0.37661114124011896 0.5362173327240757 0.6622461273970234 0.7450805866318204 0.8387004136176177 0.8448461909569384 1.0536807577725598 1.0999733167355503 1.2004083919756936 1.364809075689927 1.4986596937380767 1.796740290973784 1.9467246584324251
655 7860 -0.8812207861853076 -0.11209800607784959 0.12487822411372979 0.8938952692080597 0.046058967501411564 0.08132444870783094 0.2208895338610805 0.28033950321062545 0.3684521877618676 0.37661114124011896 0.5362173327240757 0.6622461273970234 0.7450805866318204 0.8387004136176177 0.8448461909569384 1.0536807577725598 1.0999733167355503 1.2004083919756936 1.364809075689927 1.4986596937380767 1.796740290973784 1.9467246584324251
656 7872 -0.8812207861853076 -0.11209800607784959 0.12487822411372979 0.8938952692080597 0.046058967501411564 0.08132444870783094 0.2208895338610805 0.28033950321062545 0.3684521877618676 0.37661114124011896 0.5362173327240757 0.6622461273970234 0.7450805866318204 0.8387004136176177 0.8448461909569384 1.0536807577725598 1.0999733167355503 1.2004083919756936 1.364809075689927 1.4986596937380767 1.796740290973784 1.9467246584324251
657 7884 -0.8812207861853076 -0.11209800607784959 0.12487822411372979 0.8938952692080597 0.046058967501411564 0.08132444870783094 0.2208895338610805 0.28033950321062545 0.3684521877618676 0.37661114124011896 0.5362173327240757 0.6622461273970234 0.7450805866318204 0.8387004136176177 0.8448461909569384 1.0536807577725598 1.0999733167355503 1.2004083919756936 1.364809075689927 1.4986596937380767 1.796740290973784 1.9467246584324251
658 7896 -0.8812207861853076 -0.11209800607784959 0.12487822411372979 0.8938952692080597 0.046058967501411564 0.08132444870783094 0.2208895338610805 0.28033950321062545 0.3684521877618676 0.37661114124011896 0.5362173327240757 0.6622461273970234 0.7450805866318204 0.8387004136176177 0.8448461909569384 1.0536807577725598 1.0999733167355503 1.2004083919756936 1.364809075689927 1.4986596937380767 1.796740290973784 1.9467246584324251
659 7908 -0.8812207861853076 -0.11209800607784959 0.12487822411372979 0.8938952692080597 0.046058967501411564 0.08132444870783094 0.2208895338610805 0.28033950321062545 0.3684521877618676 0.37661114124011896 0.5362173327240757 0.6622461273970234 0.7450805866318204 0.8387004136176177 0.8448461909569384 1.0536807577725598 1.0999733167355503 1.2004083919756936 1.364809075689927 1.4986596937380767 1.796740290973784 1.9467246584324251
660 7920 -0.8812207861853076 -0.11209800607784959 0.12487822411372979 0.8938952692080597 0.046058967501411564 0.08132444870783094 0.2208895338610805 0.28033950321062545 0.3684521877618676 0.37661114124011896 0.5362173327240757 0.6622461273970234 0.7450805866318204 0.8387004136176177 0.8448461909569384 1.0536807577725598 1.0999733167355503 1.2004083919756936 1.364809075689927 1.4986596937380767 1.796740290973784 1.9467246584324251
661 7932 -0.8812207861853076 -0.11209800607784959 0.12487822411372979 0.8938952692080597 0.046058967501411564 0.08132444870783094 0.2208895338610805 0.28033950321062545 0.3684521877618676 0.37661114124011896 0.5362173327240757 0.6622461273970234 0.7450805866318204 0.8387004136176177 0.8448461909569384 1.0536807577725598 1.0999733167355503 1.2004083919756936 1.364809075689927 1.4986596937380767 1.796740290973784 1.9467246584324251
662 7944 -0.8812207861853076 -0.11209800607784959 0.12487822411372979 0.8938952692080597 0.046058967501411564 0.08132444870783094 0.2208895338610805 0.28033950321062545 0.3684521877618676 0.37661114124011896 0.5362173327240757 0.6622461273970234 0.7450805866318204 0.8387004136176177 0.8448461909569384 1.0536807577725598 1.0999733167355503 1.2004083919756936 1.364809075689927 1.4986596937380767 1.796740290973784 1.9467246584324251
663 7956 -0.8812207861853076 -0.11209800607784959 0.12487822411372979 0.8938952692080597 0.046058967501411564 0.08132444870783094 0.2208895338610805 0.28033950321062545 0.3684521877618676 0.37661114124011896 0.5362173327240757 0.6622461273970234 0.7450805866318204 0.8387004136176177 0.8448461909569384 1.0536807577725598 1.0999733167355503 1.2004083919756936 1.364809075689927 1.4986596937380767 1.796740290973784 1.9467246584324251
664 7968 -0.8812207861853076 -0.11209800607784959 0.12487822411372979 0.8938952692080597 0.046058967501411564 0.08132444870783094 0.2208895338610805 0.28033950321062545 0.3684521877618676 0.37661114124011896 0.5362173327240757 0.6622461273970234 0.7450805866318204 0.8387004136176177 0.8448461909569384 1.0536807577725598 1.0999733167355503 1.2004083919756936 1.364809075689927 1.4986596937380767 1.796740290973784 1.9467246584324251
665 7980 -0.8812207861853076 -0.11209800607784959 0.12487822411372979 0.8938952692080597 0.046058967501411564 0.08132444870783094 0.2208895338610805 0.28033950321062545 0.3684521877618676 0.37661114124011896 0.5362173327240757 0.6622461273970234 0.7450805866318204 0.8387004136176177 0.8448461909569384 1.0536807577725598 1.0999733167355503 1.2004083919756936 1.364809075689927 1.4986596937380767 1.796740290973784 1.9467246584324251
666 7992 -0.8812207861853076 -0.11209800607784959 0.12487822411372979 0.8938952692080597 0.046058967501411564 0.08132444870783094 0.2208895338610805 0.28033950321062545 0.3684521877618676 0.37661114124011896 0.5362173327240757 0.6622461273970234 0.7450805866318204 0.8387004136176177 0.8448461909569384 1.0536807577725598 1.0999733167355503 1.2004083919756936 1.364809075689927 1.4986596937380767 1.796740290973784 1.9467246584324251
667 8004 -0.885494545649986 -0.12922904154556514 0.12320004100782768 0.8708160077647105 0.033758129509212864 0.07685065837078559 0.18541507003928887 0.2861494627425158 0.34141073847049347 0.348519409858615 0.5475989779314133 0.6429424718938591 0.75856075352255 0.7991513303427668 0.8525425734418252 1.0224073252658816 1.0863843929650912 1.1959903664254605 1.3522562957128308 1.4825728855724631 1.782675303799822 2.0307756716972207
668 8016 -0.885494545649986 -0.12922904154556514 0.12320004100782768 0.8708160077647105 0.033758129509212864 0.07685065837078559 0.18541507003928887 0.2861494627425158 0.34141073847049347 0.348519409858615 0.5475989779314133 0.6429424718938591 0.75856075352255 0.7991513303427668 0.8525425734418252 1.0224073252658816 1.0863843929650912 1.1959903664254605 1.3522562957128308 1.4825728855724631 1.782675303799822 2.0307756716972207
669 8028 -0.885494545649986 -0.12922904154556514 0.12320004100782768 0.8708160077647105 0.033758129509212864 0.07685065837078559 0.18541507003928887 0.2861494627425158 0.34141073847049347 0.348519409858615 0.5475989779314133 0.6429424718938591 0.75856075352255 0.7991513303427668 0.8525425734418252 1.0224073252658816 1.0863843929650912 1.1959903664254605 1.3522562957128308 1.4825728855724631 1.782675303799822 2.0307756716972207
670 8040 -0.885494545649986 -0.12922904154556514 0.12320004100782768 0.8708160077647105 0.033758129509212864 0.07685065837078559 0.18541507003928887 0.2861494627425158 0.34141073847049347 0.348519409858615 0.5475989779314133 0.6429424718938591 0.75856075352255 0.7991513303427668 0.8525425734418252 1.0224073252658816 1.0863843929650912 1.1959903664254605 1.3522562957128308 1.4825728855724631 1.782675303799822 2.0307756716972207
671 8052 -0.885494545649986 -0.12922904154556514 0.12320004100782768 0.8708160077647105 0.033758129509212864 0.07685065837078559 0.18541507003928887 0.2861494627425158 0.34141073847049347 0.348519409858615 0.5475989779314133 0.6429424718938591 0.75856075352255 0.7991513303427668 0.8525425734418252 1.0224073252658816 1.0863843929650912 1.1959903664254605 1.3522562957128308 1.4825728855724631 1.782675303799822 2.0307756716972207
672 8064 -0.885494545649986 -0.12922904154556514 0.12320004100782768 0.8708160077647105 0.033758129509212864 0.07685065837078559 0.18541507003928887 0.2861494627425158 0.34141073847049347 0.348519409858615 0.5475989779314133 0.6429424718938591 0.75856075352255 0.7991513303427668 0.8525425734418252 1.0224073252658816 1.0863843929650912 1.1959903664254605 1.3522562957128308 1.4825728855724631 1.782675303799822 2.0307756716972207
673 8076 -0.885494545649986 -0.12922904154556514 0.12320004100782768 0.8708160077647105 0.033758129509212864 0.07685065837078559 0.18541507003928887 0.2861494627425158 0.34141073847049347 0.348519409858615 0.5475989779314133 0.6429424718938591 0.75856075352255 0.7991513303427668 0.8525425734418252 1.0224073252658816 1.0863843929650912 1.1959903664254605 1.3522562957128308 1.4825728855724631 1.782675303799822 2.0307756716972207
674 8088 -0.885494545649986 -0.12922904154556514 0.12320004100782768 0.8708160077647105 0.033758129509212864 0.07685065837078559 0.18541507003928887 0.2861494627425158 0.34141073847049347 0.348519409858615 0.5475989779314133 0.6429424718938591 0.75856075352255 0.7991513303427668 0.8525425734418252 1.0224073252658816 1.0863843929650912 1.1959903664254605 1.3522562957128308 1.4825728855724631 1.782675303799822 2.0307756716972207
675 8100 -0.885494545649986 -0.12922904154556514 0.12320004100782768 0.8708160077647105 0.033758129509212864 0.07685065837078559 0.18541507003928887 0.2861494627425158 0.34141073847049347 0.348519409858615 0.5475989779314133 0.6429424718938591 0.75856075352255 0.7991513303427668 0.8525425734418252 1.0224073252658816 1.0863843929650912 1.1959903664254605 1.3522562957128308 1.4825728855724631 1.782675303799822 2.0307756716972207
676 8112 -0.885494545649986 -0.12922904154556514 0.12320004100782768 0.8708160077647105 0.033758129509212864 0.07685065837078559 0.18541507003928887 0.2861494627425158 0.34141073847049347 0.348519409858615 0.5475989779314133 0.6429424718938591 0.75856075352255 0.7991513303427668 0.8525425734418252 1.0224073252658816 1.0863843929650912 1.1959903664254605 1.3522562957128308 1.4825728855724631 1.782675303799822 2.0307756716972207
677 8124 -0.885494545649986 -0.12922904154556514 0.12320004100782768 0.8708160077647105 0.033758129509212864 0.07685065837078559 0.18541507003928887 0.2861494627425158 0.34141073847049347 0.348519409858615 0.5475989779314133 0.6429424718938591 0.75856075352255 0.7991513303427668 0.8525425734418252 1.0224073252658816 1.0863843929650912 1.1959903664254605 1.3522562957128308 1.4825728855724631 1.782675303799822 2.0307756716972207
678 8136 -0.885494545649986 -0.12922904154556514 0.12320004100782768 0.8708160077647105 0.033758129509212864 0.07685065837078559 0.18541507003928887 0.2861494627425158 0.34141073847049347 0.348519409858615 0.5475989779314133 0.6429424718938591 0.75856075352255 0.7991513303427668 0.8525425734418252 1.0224073252658816 1.0863843929650912 1.1959903664254605 1.3522562957128308 1.4825728855724631 1.782675303799822 2.0307756716972207
679 8148 -0.885494545649986 -0.12922904154556514 0.12320004100782768 0.8708160077647105 0.033758129509212864 0.07685065837078559 0.18541507003928887 0.2861494627425158 0.34141073847049347 0.348519409858615 0.5475989779314133 0.6429424718938591 0.75856075352255 0.7991513303427668 0.8525425734418252 1.0224073252658816 1.0863843929650912 1.1959903664254605 1.3522562957128308 1.4825728855724631 1.782675303799822 2.0307756716972207
680 8160 -0.885494545649986 -0.12922904154556514 0.12320004100782768 0.8708160077647105 0.033758129509212864 0.07685065837078559 0.18541507003928887 0.2861494627425158 0.34141073847049347 0.348519409858615 0.5475989779314133 0.6429424718938591 0.75856075352255 0.7991513303427668 0.8525425734418252 1.0224073252658816 1.0863843929650912 1.1959903664254605 1.3522562957128308 1.4825728855724631 1.782675303799822 2.0307756716972207
681 8172 -0.885494545649986 -0.12922904154556514 0.12320004100782768 0.8708160077647105 0.033758129509212864 0.07685065837078559 0.18541507003928887 0.2861494627425158 0.34141073847049347 0.348519409858615 0.5475989779314133 0.6429424718938591 0.75856075352255 0.7991513303427668 0.8525425734418252 1.0224073252658816 1.0863843929650912 1.1959903664254605 1.3522562957128308 1.4825728855724631 1.782675303799822 2.0307756716972207
682 8184 -0.885494545649986 -0.12922904154556514 0.12320004100782768 0.8708160077647105 0.033758129509212864 0.07685065837078559 0.18541507003928887 0.2861494627425158 0.34141073847049347 0.348519409858615 0.5475989779314133 0.6429424718938591 0.75856075352255 0.7991513303427668 0.8525425734418252 1.0224073252658816 1.0863843929650912 1.1959903664254605 1.3522562957128308 1.4825728855724631 1.782675303799822 2.0307756716972207
683 8196 -0.885494545649986 -0.12922904154556514 0.12320004100782768 0.8708160077647105 0.033758129509212864 0.07685065837078559 0.18541507003928887 0.2861494627425158 0.34141073847049347 0.348519409858615 0.5475989779314133 0.6429424718938591 0.75856075352255 0.7991513303427668 0.8525425734418252 1.0224073252658816 1.0863843929650912 1.1959903664254605 1.3522562957128308 1.4825728855724631 1.782675303799822 2.0307756716972207
684 8208 -0.885494545649986 -0.12922904154556514 0.12320004100782768 0.8708160077647105 0.033758129509212864 0.07685065837078559 0.18541507003928887 0.2861494627425158 0.34141073847049347 0.348519409858615 0.5475989779314133 0.6429424718938591 0.75856075352255 0.7991513303427668 0.8525425734418252 1.0224073252658816 1.0863843929650912 1.1959903664254605 1.3522562957128308 1.4825728855724631 1.782675303799822 2.0307756716972207
685 8220 -0.8612782748839851 -0.1273355685686976 0.10799924425583261 0.8516635908679232 0.028542646434895087 0.07733218349697561 0.15866640739548224 0.30864933765852404 0.3253387609836924 0.36410717813876053 0.5419641093584747 0.6378024853490593 0.7486289384540178 0.7697892160490444 0.8898439042825762 1.0227887128038593 1.0973876611118842 1.2092523359744067 1.4031973307183103 1.4759433628465273 1.7129232714513225 2.048135962749326
686 8232 -0.8612782748839851 -0.1273355685686976 0.10799924425583261 0.8516635908679232 0.028542646434895087 0.07733218349697561 0.15866640739548224 0.30864933765852404 0.3253387609836924 0.36410717813876053 0.5419641093584747 0.6378024853490593 0.7486289384540178 0.7697892160490444 0.8898439042825762 1.0227887128038593 1.0973876611118842 1.2092523359744067 1.4031973307183103 1.4759433628465273 1.7129232714513225 2.048135962749326
687 8244 -0.8612782748839851 -0.1273355685686976 0.10799924425583261 0.8516635908679232 0.028542646434895087 0.07733218349697561 0.15866640739548224 0.30864933765852404 0.3253387609836924 0.36410717813876053 0.5419641093584747 0.6378024853490593 0.7486289384540178 0.7697892160490444 0.8898439042825762 1.0227887128038593 1.0973876611118842 1.2092523359744067 1.4031973307183103 1.4759433628465273 1.7129232714513225 2.048135962749326
688 8256 -0.8612782748839851 -0.1273355685686976 0.10799924425583261 0.8516635908679232 0.028542646434895087 0.07733218349697561 0.15866640739548224 0.30864933765852404 0.3253387609836924 0.36410717813876053 0.5419641093584747 0.6378024853490593 0.7486289384540178 0.7697892160490444 0.8898439042825762 1.0227887128038593 1.0973876611118842 1.2092523359744067 1.4031973307183103 1.4759433628465273 1.7129232714513225 2.048135962749326
689 8268 -0.8612782748839851 -0.1273355685686976 0.10799924425583261 0.8516635908679232 0.028542646434895087 0.07733218349697561 0.15866640739548224 0.30864933765852404 0.3253387609836924 0.36410717813876053 0.5419641093584747 0.6378024853490593 0.7486289384540178 0.7697892160490444 0.8898439042825762 1.0227887128038593 1.0973876611118842 1.2092523359744067 1.4031973307183103 1.4759433628465273 1.7129232714513225 2.048135962749326
690 8280 -0.8612782748839851 -0.1273355685686976 0.10799924425583261 0.8516635908679232 0.028542646434895087 0.07733218349697561 0.15866640739548224 0.30864933765852404 0.3253387609836924 0.36410717813876053 0.5419641093584747 0.6378024853490593 0.7486289384540178 0.7697892160490444 0.8898439042825762 1.0227887128038593 1.0973876611118842 1.2092523359744067 1.4031973307183103 1.4759433628465273 1.7129232714513225 2.048135962749326
691 8292 -0.8612782748839851 -0.1273355685686976 0.10799924425583261 0.8516635908679232 0.028542646434895087 0.07733218349697561 0.15866640739548224 0.30864933765852404 0.3253387609836924 0.36410717813876053 0.5419641093584747 0.6378024853490593 0.7486289384540178 0.7697892160490444 0.8898439042825762 1.0227887128038593 1.0973876611118842 1.2092523359744067 1.4031973307183103 1.4759433628465273 1.7129232714513225 2.048135962749326
692 8304 -0.8612782748839851 -0.1273355685686976 0.10799924425583261 0.8516635908679232 0.028542646434895087 0.07733218349697561 0.15866640739548224 0.30864933765852404 0.3253387609836924 0.36410717813876053 0.5419641093584747 0.6378024853490593 0.7486289384540178 0.7697892160490444 0.8898439042825762 1.0227887128038593 1.0973876611118842 1.2092523359744067 1.4031973307183103 1.4759433628465273 1.7129232714513225 2.048135962749326
693 8316 -0.8612782748839851 -0.1273355685686976 0.10799924425583261 0.8516635908679232 0.028542646434895087 0.07733218349697561 0.15866640739548224 0.30864933765852404 0.3253387609836924 0.36410717813876053 0.5419641093584747 0.6378024853490593 0.7486289384540178 0.7697892160490444 0.8898439042825762 1.0227887128038593 1.0973876611118842 1.2092523359744067 1.4031973307183103 1.4759433628465273 1.7129232714513225 2.048135962749326
694 8328 -0.8612782748839851 -0.1273355685686976 0.10799924425583261 0.8516635908679232 0.028542646434895087 0.07733218349697561 0.15866640739548224 0.30864933765852404 0.3253387609836924 0.36410717813876053 0.5419641093584747 0.6378024853490593 0.7486289384540178 0.7697892160490444 0.8898439042825762 1.0227887128038593 1.0973876611118842 1.2092523359744067 1.4031973307183103 1.4759433628465273 1.7129232714513225 2.048135962749326
695 8340 -0.8612782748839851 -0.1273355685686976 0.10799924425583261 0.8516635908679232 0.028542646434895087 0.07733218349697561 0.15866640739548224 0.30864933765852404 0.3253387609836924 0.36410717813876053 0.5419641093584747 0.6378024853490593 0.7486289384540178 0.7697892160490444 0.8898439042825762 1.0227887128038593 1.0973876611118842 1.2092523359744067 1.4031973307183103 1.4759433628465273 1.7129232714513225 2.048135962749326
696 8352 -0.8612782748839851 -0.1273355685686976 0.10799924425583261 0.8516635908679232 0.028542646434895087 0.07733218349697561 0.15866640739548224 0.30864933765852404 0.3253387609836924 0.36410717813876053 0.5419641093584747 0.6378024853490593 0.7486289384540178 0.7697892160490444 0.8898439042825762 1.0227887128038593 1.0973876611118842 1.2092523359744067 1.4031973307183103 1.4759433628465273 1.7129232714513225 2.048135962749326
697 8364 -0.8612782748839851 -0.1273355685686976 0.10799924425583261 0.8516635908679232 0.028542646434895087 0.07733218349697561 0.15866640739548224 0.30864933765852404 0.3253387609836924 0.36410717813876053 0.5419641093584747 0.6378024853490593 0.7486289384540178 0.7697892160490444 0.8898439042825762 1.0227887128038593 1.0973876611118842 1.2092523359744067 1.4031973307183103 1.4759433628465273 1.7129232714513225 2.048135962749326
698 8376 -0.8612782748839851 -0.1273355685686976 0.10799924425583261 0.8516635908679232 0.028542646434895087 0.07733218349697561 0.15866640739548224 0.30864933765852404 0.3253387609836924 0.36410717813876053 0.5419641093584747 0.6378024853490593 0.7486289384540178 0.7697892160490444 0.8898439042825762 1.0227887128038593 1.0973876611118842 1.2092523359744067 1.4031973307183103 1.4759433628465273 1.7129232714513225 2.048135962749326
699 8388 -0.8612782748839851 -0.1273355685686976 0.10799924425583261 0.8516635908679232 0.028542646434895087 0.07733218349697561 0.15866640739548224 0.30864933765852404 0.3253387609836924 0.36410717813876053 0.5419641093584747 0.6378024853490593 0.7486289384540178 0.7697892160490444 0.8898439042825762 1.0227887128038593 1.0973876611118842 1.2092523359744067 1.4031973307183103 1.4759433628465273 1.7129232714513225 2.048135962749326
700 8400 -0.8612782748839851 -0.1273355685686976 0.10799924425583261 0.8516635908679232 0.028542646434895087 0.07733218349697561 0.15866640739548224 0.30864933765852404 0.3253387609836924 0.36410717813876053 0.5419641093584747 0.6378024853490593 0.7486289384540178 0.7697892160490444 0.8898439042825762 1.0227887128038593 1.0973876611118842 1.2092523359744067 1.4031973307183103 1.4759433628465273 1.7129232714513225 2.048135962749326
701 8412 -0.8612782748839851 -0.1273355685686976 0.10799924425583261 0.8516635908679232 0.028542646434895087 0.07733218349697561 0.15866640739548224 0.30864933765852404 0.3253387609836924 0.36410717813876053 0.5419641093584747 0.6378024853490593 0.7486289384540178 0.7697892160490444 0.8898439042825762 1.0227887128038593 1.0973876611118842 1.2092523359744067 1.4031973307183103 1.4759433628465273 1.7129232714513225 2.048135962749326
702 8424 -0.8612782748839851 -0.1273355685686976 0.10799924425583261 0.8516635908679232 0.028542646434895087 0.07733218349697561 0.15866640739548224 0.30864933765852404 0.3253387609836924 0.36410717813876053 0.5419641093584747 0.6378024853490593 0.7486289384540178 0.7697892160490444 0.8898439042825762 1.0227887128038593 1.0973876611118842 1.2092523359744067 1.4031973307183103 1.4759433628465273 1.7129232714513225 2.048135962749326
703 8436 -0.8830833555699346 -0.14300936103721162 0.1150115140281362 0.8704067517657302 0.026702381729320854 0.07570763001262057 0.15523489607627083 0.27183390704559507 0.30577798757076546 0.36781427330221705 0.5417473890901663 0.6203368511851937 0.7108034710164819 0.7586122465888125 0.8935730705412736 0.9952346726626088 1.1085727067164541 1.2181549681233566 1.3848289950788477 1.5138343622352535 1.708878454845998 2.06790301097849
704 8448 -0.8830833555699346 -0.14300936103721162 0.1150115140281362 0.8704067517657302 0.026702381729320854 0.07570763001262057 0.15523489607627083 0.27183390704559507 0.30577798757076546 0.36781427330221705 0.5417473890901663 0.6203368511851937 0.7108034710164819 0.7586122465888125 0.8935730705412736 0.9952346726626088 1.1085727067164541 1.2181549681233566 1.3848289950788477 1.5138343622352535 1.708878454845998 2.06790301097849
705 8460 -0.8830833555699346 -0.14300936103721162 0.1150115140281362 0.8704067517657302 0.026702381729320854 0.07570763001262057 0.15523489607627083 0.27183390704559507 0.30577798757076546 0.36781427330221705 0.5417473890901663 0.6203368511851937 0.7108034710164819 0.7586122465888125 0.8935730705412736 0.9952346726626088 1.1085727067164541 1.2181549681233566 1.3848289950788477 1.5138343622352535 1.708878454845998 2.06790301097849
706 8472 -0.8830833555699346 -0.14300936103721162 0.1150115140281362 0.8704067517657302 0.026702381729320854 0.07570763001262057 0.15523489607627083 0.27183390704559507 0.30577798757076546 0.36781427330221705 0.5417473890901663 0.6203368511851937 0.7108034710164819 0.7586122465888125 0.8935730705412736 0.9952346726626088 1.1085727067164541 1.2181549681233566 1.3848289950788477 1.5138343622352535 1.708878454845998 2.06790301097849
707 8484 -0.8830833555699346 -0.14300936103721162 0.1150115140281362 0.8704067517657302 0.026702381729320854 0.07570763001262057 0.15523489607627083 0.27183390704559507 0.30577798757076546 0.36781427330221705 0.5417473890901663 0.6203368511851937 0.7108034710164819 0.7586122465888125 0.8935730705412736 0.9952346726626088 1.1085727067164541 1.2181549681233566 1.3848289950788477 1.5138343622352535 1.708878454845998 2.06790301097849
708 8496 -0.8830833555699346 -0.14300936103721162 0.1150115140281362 0.8704067517657302 0.026702381729320854 0.07570763001262057 0.15523489607627083 0.27183390704559507 0.30577798757076546 0.36781427330221705 0.5417473890901663 0.6203368511851937 0.7108034710164819 0.7586122465888125 0.8935730705412736 0.9952346726626088 1.1085727067164541 1.2181549681233566 1.3848289950788477 1.5138343622352535 1.708878454845998 2.06790301097849
709 8508 -0.8830833555699346 -0.14300936103721162 0.1150115140281362 0.8704067517657302 0.026702381729320854 0.07570763001262057 0.15523489607627083 0.27183390704559507 0.30577798757076546 0.36781427330221705 0.5417473890901663 0.6203368511851937 0.7108034710164819 0.7586122465888125 0.8935730705412736 0.9952346726626088 1.1085727067164541 1.2181549681233566 1.3848289950788477 1.5138343622352535 1.708878454845998 2.06790301097849
710 8520 -0.8830833555699346 -0.14300936103721162 0.1150115140281362 0.8704067517657302 0.026702381729320854 0.07570763001262057 0.15523489607627083 0.27183390704559507 0.30577798757076546 0.36781427330221705 0.5417473890901663 0.6203368511851937 0.7108034710164819 0.7586122465888125 0.8935730705412736 0.9952346726626088 1.1085727067164541 1.2181549681233566 1.3848289950788477 1.5138343622352535 1.708878454845998 2.06790301097849
711 8532 -0.8830833555699346 -0.14300936103721162 0.1150115140281362 0.8704067517657302 0.026702381729320854 0.07570763001262057 0.15523489607627083 0.27183390704559507 0.30577798757076546 0.36781427330221705 0.5417473890901663 0.6203368511851937 0.7108034710164819 0.7586122465888125 0.8935730705412736 0.9952346726626088 1.1085727067164541 1.2181549681233566 1.3848289950788477 1.5138343622352535 1.708878454845998 2.06790301097849
712 8544 -0.8830833555699346 -0.14300936103721162 0.1150115140281362 0.8704067517657302 0.026702381729320854 0.07570763001262057 0.15523489607627083 0.27183390704559507 0.30577798757076546 0.36781427330221705 0.5417473890901663 0.6203368511851937 0.7108034710164819 0.7586122465888125 0.8935730705412736 0.9952346726626088 1.1085727067164541 1.2181549681233566 1.3848289950788477 1.5138343622352535 1.708878454845998 2.06790301097849
713 8556 -0.8830833555699346 -0.14300936103721162 0.1150115140281362 0.8704067517657302 0.026702381729320854 0.07570763001262057 0.15523489607627083 0.27183390704559507 0.30577798757076546 0.36781427330221705 0.5417473890901663 0.6203368511851937 0.7108034710164819 0.7586122465888125 0.8935730705412736 0.9952346726626088 1.1085727067164541 1.2181549681233566 1.3848289950788477 1.5138343622352535 1.708878454845998 2.06790301097849
714 8568 -0.8830833555699346 -0.14300936103721162 0.1150115140281362 0.8704067517657302 0.026702381729320854 0.07570763001262057 0.15523489607627083 0.27183390704559507 0.30577798757076546 0.36781427330221705 0.5417473890901663 0.6203368511851937 0.7108034710164819 0.7586122465888125 0.8935730705412736 0.9952346726626088 1.1085727067164541 1.2181549681233566 1.3848289950788477 1.5138343622352535 1.708878454845998 2.06790301097849
715 8580 -0.8830833555699346 -0.14300936103721162 0.1150115140281362 0.8704067517657302 0.026702381729320854 0.07570763001262057 0.15523489607627083 0.27183390704559507 0.30577798757076546 0.36781427330221705 0.5417473890901663 0.6203368511851937 0.7108034710164819 0.7586122465888125 0.8935730705412736 0.9952346726626088 1.1085727067164541 1.2181549681233566 1.3848289950788477 1.5138343622352535 1.708878454845998 2.06790301097849
716 8592 -0.8830833555699346 -0.14300936103721162 0.1150115140281362 0.8704067517657302 0.026702381729320854 0.07570763001262057 0.15523489607627083 0.27183390704559507 0.30577798757076546 0.36781427330221705 0.5417473890901663 0.6203368511851937 0.7108034710164819 0.7586122465888125 0.8935730705412736 0.9952346726626088 1.1085727067164541 1.2181549681233566 1.3848289950788477 1.5138343622352535 1.708878454845998 2.06790301097849
717 8604 -0.8830833555699346 -0.14300936103721162 0.1150115140281362 0.8704067517657302 0.026702381729320854 0.07570763001262057 0.15523489607627083 0.27183390704559507 0.30577798757076546 0.36781427330221705 0.5417473890901663 0.6203368511851937 0.7108034710164819 0.7586122465888125 0.8935730705412736 0.9952346726626088 1.1085727067164541 1.2181549681233566 1.3848289950788477 1.5138343622352535 1.708878454845998 2.06790301097849
718 8616 -0.8830833555699346 -0.14300936103721162 0.1150115140281362 0.8704067517657302 0.026702381729320854 0.07570763001262057 0.15523489607627083 0.27183390704559507 0.30577798757076546 0.36781427330221705 0.5417473890901663 0.6203368511851937 0.7108034710164819 0.7586122465888125 0.8935730705412736 0.9952346726626088 1.1085727067164541 1.2181549681233566 1.3848289950788477 1.5138343622352535 1.708878454845998 2.06790301097849
719 8628 -0.8830833555699346 -0.14300936103721162 0.1150115140281362 0.8704067517657302 0.026702381729320854 0.07570763001262057 0.15523489607627083 0.27183390704559507 0.30577798757076546 0.36781427330221705 0.5417473890901663 0.6203368511851937 0.7108034710164819 0.7586122465888125 0.8935730705412736 0.9952346726626088 1.1085727067164541 1.2181549681233566 1.3848289950788477 1.5138343622352535 1.708878454845998 2.06790301097849
720 8640 -0.8830833555699346 -0.14300936103721162 0.1150115140281362 0.8704067517657302 0.026702381729320854 0.07570763001262057 0.15523489607627083 0.27183390704559507 0.30577798757076546 0.36781427330221705 0.5417473890901663 0.6203368511851937 0.7108034710164819 0.7586122465888125 0.8935730705412736 0.9952346726626088 1.1085727067164541 1.2181549681233566 1.3848289950788477 1.5138343622352535 1.708878454845998 2.06790301097849
721 8652 -0.9022690962230855 -0.14714357404728803 0.10357367695960903 0.8899072132569342 0.025102605959083084 0.07216965454504157 0.16319773904855647 0.2598348654477224 0.3093242493958906 0.3506127464223102 0.5366151542781756 0.5910298887236635 0.72087137326368 0.7734238821449455 0.9203875686254945 1.0079563492100518 1.079816957351266 1.2667245224939812 1.3850144414121681 1.525370394887342 1.7053628728402195 2.0345327306072134
722 8664 -0.9022690962230855 -0.14714357404728803 0.10357367695960903 0.8899072132569342 0.025102605959083084 0.07216965454504157 0.16319773904855647 0.2598348654477224 0.3093242493958906 0.3506127464223102 0.5366151542781756 0.5910298887236635 0.72087137326368 0.7734238821449455 0.9203875686254945 1.0079563492100518 1.079816957351266 1.2667245224939812 1.3850144414121681 1.525370394887342 1.7053628728402195 2.0345327306072134
723 8676 -0.9022690962230855 -0.14714357404728803 0.10357367695960903 0.8899072132569342 0.025102605959083084 0.07216965454504157 0.16319773904855647 0.2598348654477224 0.3093242493958906 0.3506127464223102 0.5366151542781756 0.5910298887236635 0.72087137326368 0.7734238821449455 0.9203875686254945 1.0079563492100518 1.079816957351266 1.2667245224939812 1.3850144414121681 1.525370394887342 1.7053628728402195 2.0345327306072134
724 8688 -0.9022690962230855 -0.14714357404728803 0.10357367695960903 0.8899072132569342 0.025102605959083084 0.07216965454504157 0.16319773904855647 0.2598348654477224 0.3093242493958906 0.3506127464223102 0.5366151542781756 0.5910298887236635 0.72087137326368 0.7734238821449455 0.9203875686254945 1.0079563492100518 1.079816957351266 1.2667245224939812 1.3850144414121681 1.525370394887342 1.7053628728402195 2.0345327306072134
725 8700 -0.9022690962230855 -0.14714357404728803 0.10357367695960903 0.8899072132569342 0.025102605959083084 0.07216965454504157 0.16319773904855647 0.2598348654477224 0.3093242493958906 0.3506127464223102 0.5366151542781756 0.5910298887236635 0.72087137326368 0.7734238821449455 0.9203875686254945 1.0079563492100518 1.079816957351266 1.2667245224939812 1.3850144414121681 1.525370394887342 1.7053628728402195 2.0345327306072134
726 8712 -0.9022690962230855 -0.14714357404728803 0.10357367695960903 0.8899072132569342 0.025102605959083084 0.07216965454504157 0.16319773904855647 0.2598348654477224 0.3093242493958906 0.3506127464223102 0.5366151542781756 0.5910298887236635 0.72087137326368 0.7734238821449455 0.9203875686254945 1.0079563492100518 1.079816957351266 1.2667245224939812 1.3850144414121681 1.525370394887342 1.7053628728402195 2.0345327306072134
727 8724 -0.9022690962230855 -0.14714357404728803 0.10357367695960903 0.8899072132569342 0.025102605959083084 0.07216965454504157 0.16319773904855647 0.2598348654477224 0.3093242493958906 0.3506127464223102 0.5366151542781756 0.5910298887236635 0.72087137326368 0.7734238821449455 0.9203875686254945 1.0079563492100518 1.079816957351266 1.2667245224939812 1.3850144414121681 1.525370394887342 1.7053628728402195 2.0345327306072134
728 8736 -0.9022690962230855 -0.14714357404728803 0.10357367695960903 0.8899072132569342 0.025102605959083084 0.07216965454504157 0.16319773904855647 0.2598348654477224 0.3093242493958906 0.3506127464223102 0.5366151542781756 0.5910298887236635 0.72087137326368 0.7734238821449455 0.9203875686254945 1.0079563492100518 1.079816957351266 1.2667245224939812 1.3850144414121681 1.525370394887342 1.7053628728402195 2.0345327306072134
729 8748 -0.9022690962230855 -0.14714357404728803 0.10357367695960903 0.8899072132569342 0.025102605959083084 0.07216965454504157 0.16319773904855647 0.2598348654477224 0.3093242493958906 0.3506127464223102 0.5366151542781756 0.5910298887236635 0.72087137326368 0.7734238821449455 0.9203875686254945 1.0079563492100518 1.079816957351266 1.2667245224939812 1.3850144414121681 1.525370394887342 1.7053628728402195 2.0345327306072134
730 8760 -0.9022690962230855 -0.14714357404728803 0.10357367695960903 0.8899072132569342 0.025102605959083084 0.07216965454504157 0.16319773904855647 0.2598348654477224 0.3093242493958906 0.3506127464223102 0.5366151542781756 0.5910298887236635 0.72087137326368 0.7734238821449455 0.9203875686254945 1.0079563492100518 1.079816957351266 1.2667245224939812 1.3850144414121681 1.525370394887342 1.7053628728402195 2.0345327306072134
731 8772 -0.9022690962230855 -0.14714357404728803 0.10357367695960903 0.8899072132569342 0.025102605959083084 0.07216965454504157 0.16319773904855647 0.2598348654477224 0.3093242493958906 0.3506127464223102 0.5366151542781756 0.5910298887236635 0.72087137326368 0.7734238821449455 0.9203875686254945 1.0079563492100518 1.079816957351266 1.2667245224939812 1.3850144414121681 1.525370394887342 1.7053628728402195 2.0345327306072134
732 8784 -0.9022690962230855 -0.14714357404728803 0.10357367695960903 0.8899072132569342 0.025102605959083084 0.07216965454504157 0.16319773904855647 0.2598348654477224 0.3093242493958906 0.3506127464223102 0.5366151542781756 0.5910298887236635 0.72087137326368 0.7734238821449455 0.9203875686254945 1.0079563492100518 1.079816957351266 1.2667245224939812 1.3850144414121681 1.525370394887342 1.7053628728402195 2.0345327306072134
733 8796 -0.9022690962230855 -0.14714357404728803 0.10357367695960903 0.8899072132569342 0.025102605959083084 0.07216965454504157 0.16319773904855647 0.2598348654477224 0.3093242493958906 0.3506127464223102 0.5366151542781756 0.5910298887236635 0.72087137326368 0.7734238821449455 0.9203875686254945 1.0079563492100518 1.079816957351266 1.2667245224939812 1.3850144414121681 1.525370394887342 1.7053628728402195 2.0345327306072134
734 8808 -0.9022690962230855 -0.14714357404728803 0.10357367695960903 0.8899072132569342 0.025102605959083084 0.07216965454504157 0.16319773904855647 0.2598348654477224 0.3093242493958906 0.3506127464223102 0.5366151542781756 0.5910298887236635 0.72087137326368 0.7734238821449455 0.9203875686254945 1.0079563492100518 1.079816957351266 1.2667245224939812 1.3850144414121681 1.525370394887342 1.7053628728402195 2.0345327306072134
735 8820 -0.9022690962230855 -0.14714357404728803 0.10357367695960903 0.8899072132569342 0.025102605959083084 0.07216965454504157 0.16319773904855647 0.2598348654477224 0.3093242493958906 0.3506127464223102 0.5366151542781756 0.5910298887236635 0.72087137326368 0.7734238821449455 0.9203875686254945 1.0079563492100518 1.079816957351266 1.2667245224939812 1.3850144414121681 1.525370394887342 1.7053628728402195 2.0345327306072134
736 8832 -0.9022690962230855 -0.14714357404728803 0.10357367695960903 0.8899072132569342 0.025102605959083084 0.07216965454504157 0.16319773904855647 0.2598348654477224 0.3093242493958906 0.3506127464223102 0.5366151542781756 0.5910298887236635 0.72087137326368 0.7734238821449455 0.9203875686254945 1.0079563492100518 1.079816957351266 1.2667245224939812 1.3850144414121681 1.525370394887342 1.7053628728402195 2.0345327306072134
737 8844 -0.9022690962230855 -0.14714357404728803 0.10357367695960903 0.8899072132569342 0.025102605959083084 0.07216965454504157 0.16319773904855647 0.2598348654477224 0.3093242493958906 0.3506127464223102 0.5366151542781756 0.5910298887236635 0.72087137326368 0.7734238821449455 0.9203875686254945 1.0079563492100518 1.079816957351266 1.2667245224939812 1.3850144414121681 1.525370394887342 1.7053628728402195 2.0345327306072134
738 8856 -0.9022690962230855 -0.14714357404728803 0.10357367695960903 0.8899072132569342 0.025102605959083084 0.07216965454504157 0.16319773904855647 0.2598348654477224 0.3093242493958906 0.3506127464223102 0.5366151542781756 0.5910298887236635 0.72087137326368 0.7734238821449455 0.9203875686254945 1.0079563492100518 1.079816957351266 1.2667245224939812 1.3850144414121681 1.525370394887342 1.7053628728402195 2.0345327306072134
739 8868 -0.903820037385715 -0.13898885288364626 0.11479588639914665 0.8889788644037153 0.02332138020449712 0.06675201616404736 0.14777290545381874 0.24849942283532414 0.28663498874788385 0.3338693762107919 0.5019168516246068 0.5872773756099949 0.7119286209704162 0.747000814252169 0.9017554029600092 0.9998366335915077 1.043756197870662 1.2424816157738767 1.3830649655659175 1.6034155015829297 1.7055507571746729 2.0536256397462886
740 8880 -0.903820037385715 -0.13898885288364626 0.11479588639914665 0.8889788644037153 0.02332138020449712 0.06675201616404736 0.14777290545381874 0.24849942283532414 0.28663498874788385 0.3338693762107919 0.5019168516246068 0.5872773756099949 0.7119286209704162 0.747000814252169 0.9017554029600092 0.9998366335915077 1.043756197870662 1.2424816157738767 1.3830649655659175 1.6034155015829297 1.7055507571746729 2.0536256397462886
741 8892 -0.903820037385715 -0.13898885288364626 0.11479588639914665 0.8889788644037153 0.02332138020449712 0.06675201616404736 0.14777290545381874 0.24849942283532414 0.28663498874788385 0.3338693762107919 0.5019168516246068 0.5872773756099949 0.7119286209704162 0.747000814252169 0.9017554029600092 0.9998366335915077 1.043756197870662 1.2424816157738767 1.3830649655659175 1.6034155015829297 1.7055507571746729 2.0536256397462886
742 8904 -0.903820037385715 -0.13898885288364626 0.11479588639914665 0.8889788644037153 0.02332138020449712 0.06675201616404736 0.14777290545381874 0.24849942283532414 0.28663498874788385 0.3338693762107919 0.5019168516246068 0.5872773756099949 0.7119286209704162 0.747000814252169 0.9017554029600092 0.9998366335915077 1.043756197870662 1.2424816157738767 1.3830649655659175 1.6034155015829297 1.7055507571746729 2.0536256397462886
743 8916 -0.903820037385715 -0.13898885288364626 0.11479588639914665 0.8889788644037153 0.02332138020449712 0.06675201616404736 0.14777290545381874 0.24849942283532414 0.28663498874788385 0.3338693762107919 0.5019168516246068 0.5872773756099949 0.7119286209704162 0.747000814252169 0.9017554029600092 0.9998366335915077 1.043756197870662 1.2424816157738767 1.3830649655659175 1.6034155015829297 1.7055507571746729 2.0536256397462886
744 8928 -0.903820037385715 -0.13898885288364626 0.11479588639914665 0.8889788644037153 0.02332138020449712 0.06675201616404736 0.14777290545381874 0.24849942283532414 0.28663498874788385 0.3338693762107919 0.5019168516246068 0.5872773756099949 0.7119286209704162 0.747000814252169 0.9017554029600092 0.9998366335915077 1.043756197870662 1.2424816157738767 1.3830649655659175 1.6034155015829297 1.7055507571746729 2.0536256397462886
745 8940 -0.903820037385715 -0.13898885288364626 0.11479588639914665 0.8889788644037153 0.02332138020449712 0.06675201616404736 0.14777290545381874 0.24849942283532414 0.28663498874788385 0.3338693762107919 0.5019168516246068 0.5872773756099949 0.7119286209704162 0.747000814252169 0.9017554029600092 0.9998366335915077 1.043756197870662 1.2424816157738767 1.3830649655659175 1.6034155015829297 1.7055507571746729 2.0536256397462886
746 8952 -0.903820037385715 -0.13898885288364626 0.11479588639914665 0.8889788644037153 0.02332138020449712 0.06675201616404736 0.14777290545381874 0.24849942283532414 0.28663498874788385 0.3338693762107919 0.5019168516246068 0.5872773756099949 0.7119286209704162 0.747000814252169 0.9017554029600092 0.9998366335915077 1.043756197870662 1.2424816157738767 1.3830649655659175 1.6034155015829297 1.7055507571746729 2.0536256397462886
747 8964 -0.903820037385715 -0.13898885288364626 0.11479588639914665 0.8889788644037153 0.02332138020449712 0.06675201616404736 0.14777290545381874 0.24849942283532414 0.28663498874788385 0.3338693762107919 0.5019168516246068 0.5872773756099949 0.7119286209704162 0.747000814252169 0.9017554029600092 0.9998366335915077 1.043756197870662 1.2424816157738767 1.3830649655659175 1.6034155015829297 1.7055507571746729 2.0536256397462886
748 8976 -0.903820037385715 -0.13898885288364626 0.11479588639914665 0.8889788644037153 0.02332138020449712 0.06675201616404736 0.14777290545381874 0.24849942283532414 0.28663498874788385 0.3338693762107919 0.5019168516246068 0.5872773756099949 0.7119286209704162 0.747000814252169 0.9017554029600092 0.9998366335915077 1.043756197870662 1.2424816157738767 1.3830649655659175 1.6034155015829297 1.7055507571746729 2.0536256397462886
749 8988 -0.903820037385715 -0.13898885288364626 0.11479588639914665 0.8889788644037153 0.02332138020449712 0.06675201616404736 0.14777290545381874 0.24849942283532414 0.28663498874788385 0.3338693762107919 0.5019168516246068 0.5872773756099949 0.7119286209704162 0.747000814252169 0.9017554029600092 0.9998366335915077 1.043756197870662 1.2424816157738767 1.3830649655659175 1.6034155015829297 1.7055507571746729 2.0536256397462886
750 9000 -0.903820037385715 -0.13898885288364626 0.11479588639914665 0.8889788644037153 0.02332138020449712 0.06675201616404736 0.14777290545381874 0.24849942283532414 0.28663498874788385 0.3338693762107919 0.5019168516246068 0.5872773756099949 0.7119286209704162 0.747000814252169 0.9017554029600092 0.9998366335915077 1.043756197870662 1.2424816157738767 1.3830649655659175 1.6034155015829297 1.7055507571746729 2.0536256397462886
751 9012 -0.903820037385715 -0.13898885288364626 0.11479588639914665 0.8889788644037153 0.02332138020449712 0.06675201616404736 0.14777290545381874 0.24849942283532414 0.28663498874788385 0.3338693762107919 0.5019168516246068 0.5872773756099949 0.7119286209704162 0.747000814252169 0.9017554029600092 0.9998366335915077 1.043756197870662 1.2424816157738767 1.3830649655659175 1.6034155015829297 1.7055507571746729 2.0536256397462886
752 9024 -0.903820037385715 -0.13898885288364626 0.11479588639914665 0.8889788644037153 0.02332138020449712 0.06675201616404736 0.14777290545381874 0.24849942283532414 0.28663498874788385 0.3338693762107919 0.5019168516246068 0.5872773756099949 0.7119286209704162 0.747000814252169 0.9017554029600092 0.9998366335915077 1.043756197870662 1.2424816157738767 1.3830649655659175 1.6034155015829297 1.7055507571746729 2.0536256397462886
753 9036 -0.903820037385715 -0.13898885288364626 0.11479588639914665 0.8889788644037153 0.02332138020449712 0.06675201616404736 0.14777290545381874 0.24849942283532414 0.28663498874788385 0.3338693762107919 0.5019168516246068 0.5872773756099949 0.7119286209704162 0.747000814252169 0.9017554029600092 0.9998366335915077 1.043756197870662 1.2424816157738767 1.3830649655659175 1.6034155015829297 1.7055507571746729 2.0536256397462886
754 9048 -0.903820037385715 -0.13898885288364626 0.11479588639914665 0.8889788644037153 0.02332138020449712 0.06675201616404736 0.14777290545381874 0.24849942283532414 0.28663498874788385 0.3338693762107919 0.5019168516246068 0.5872773756099949 0.7119286209704162 0.747000814252169 0.9017554029600092 0.9998366335915077 1.043756197870662 1.2424816157738767 1.3830649655659175 1.6034155015829297 1.7055507571746729 2.0536256397462886
755 9060 -0.903820037385715 -0.13898885288364626 0.11479588639914665 0.8889788644037153 0.02332138020449712 0.06675201616404736 0.14777290545381874 0.24849942283532414 0.28663498874788385 0.3338693762107919 0.5019168516246068 0.5872773756099949 0.7119286209704162 0.747000814252169 0.9017554029600092 0.9998366335915077 1.043756197870662 1.2424816157738767 1.3830649655659175 1.6034155015829297 1.7055507571746729 2.0536256397462886
756 9072 -0.903820037385715 -0.13898885288364626 0.11479588639914665 0.8889788644037153 0.02332138020449712 0.06675201616404736 0.14777290545381874 0.24849942283532414 0.28663498874788385 0.3338693762107919 0.5019168516246068 0.5872773756099949 0.7119286209704162 0.747000814252169 0.9017554029600092 0.9998366335915077 1.043756197870662 1.2424816157738767 1.3830649655659175 1.6034155015829297 1.7055507571746729 2.0536256397462886
757 9084 -0.8935817878976047 -0.1395827220162509 0.11548069986861394 0.8887202659163738 0.021130738826600486 0.06428038895200469 0.15062174558644573 0.24803626939990858 0.3195387320645556 0.3321920003598688 0.49419035100725395 0.5897542154926909 0.673336825616763 0.7503566208827225 0.8304146481787832 0.9916773348808602 1.044311697336574 1.2607378686519823 1.4320513650901914 1.6411567164455083 1.6919968366283211 2.032295580008021
758 9096 -0.8935817878976047 -0.1395827220162509 0.11548069986861394 0.8887202659163738 0.021130738826600486 0.06428038895200469 0.15062174558644573 0.24803626939990858 0.3195387320645556 0.3321920003598688 0.49419035100725395 0.5897542154926909 0.673336825616763 0.7503566208827225 0.8304146481787832 0.9916773348808602 1.044311697336574 1.2607378686519823 1.4320513650901914 1.6411567164455083 1.6919968366283211 2.032295580008021
759 9108 -0.8935817878976047 -0.1395827220162509 0.11548069986861394 0.8887202659163738 0.021130738826600486 0.06428038895200469 0.15062174558644573 0.24803626939990858 0.3195387320645556 0.3321920003598688 0.49419035100725395 0.5897542154926909 0.673336825616763 0.7503566208827225 0.8304146481787832 0.9916773348808602 1.044311697336574 1.2607378686519823 1.4320513650901914 1.6411567164455083 1.6919968366283211 2.032295580008021
760 9120 -0.8935817878976047 -0.1395827220162509 0.11548069986861394 0.8887202659163738 0.021130738826600486 0.06428038895200469 0.15062174558644573 0.24803626939990858 0.3195387320645556 0.3321920003598688 0.49419035100725395 0.5897542154926909 0.673336825616763 0.7503566208827225 0.8304146481787832 0.9916773348808602 1.044311697336574 1.2607378686519823 1.4320513650901914 1.6411567164455083 1.6919968366283211 2.032295580008021
761 9132 -0.8935817878976047 -0.1395827220162509 0.11548069986861394 0.8887202659163738 0.021130738826600486 0.06428038895200469 0.15062174558644573 0.24803626939990858 0.3195387320645556 0.3321920003598688 0.49419035100725395 0.5897542154926909 0.673336825616763 0.7503566208827225 0.8304146481787832 0.9916773348808602 1.044311697336574 1.2607378686519823 1.4320513650901914 1.6411567164455083 1.6919968366283211 2.032295580008021
762 9144 -0.8935817878976047 -0.1395827220162509 0.11548069986861394 0.8887202659163738 0.021130738826600486 0.06428038895200469 0.15062174558644573 0.24803626939990858 0.3195387320645556 0.3321920003598688 0.49419035100725395 0.5897542154926909 0.673336825616763 0.7503566208827225 0.8304146481787832 0.9916773348808602 1.044311697336574 1.2607378686519823 1.4320513650901914 1.6411567164455083 1.6919968366283211 2.032295580008021
763 9156 -0.8935817878976047 -0.1395827220162509 0.11548069986861394 0.8887202659163738 0.021130738826600486 0.06428038895200469 0.15062174558644573 0.24803626939990858 0.3195387320645556 0.3321920003598688 0.49419035100725395 0.5897542154926909 0.673336825616763 0.7503566208827225 0.8304146481787832 0.9916773348808602 1.044311697336574 1.2607378686519823 1.4320513650901914 1.6411567164455083 1.6919968366283211 2.032295580008021
764 9168 -0.8935817878976047 -0.1395827220162509 0.11548069986861394 0.8887202659163738 0.021130738826600486 0.06428038895200469 0.15062174558644573 0.24803626939990858 0.3195387320645556 0.3321920003598688 0.49419035100725395 0.5897542154926909 0.673336825616763 0.7503566208827225 0.8304146481787832 0.9916773348808602 1.044311697336574 1.2607378686519823 1.4320513650901914 1.6411567164455083 1.6919968366283211 2.032295580008021
765 9180 -0.8935817878976047 -0.1395827220162509 0.11548069986861394 0.8887202659163738 0.021130738826600486 0.06428038895200469 0.15062174558644573 0.24803626939990858 0.3195387320645556 0.3321920003598688 0.49419035100725395 0.5897542154926909 0.673336825616763 0.7503566208827225 0.8304146481787832 0.9916773348808602 1.044311697336574 1.2607378686519823 1.4320513650901914 1.6411567164455083 1.6919968366283211 2.032295580008021
766 9192 -0.8935817878976047 -0.1395827220162509 0.11548069986861394 0.8887202659163738 0.021130738826600486 0.06428038895200469 0.15062174558644573 0.24803626939990858 0.3195387320645556 0.3321920003598688 0.49419035100725395 0.5897542154926909 0.673336825616763 0.7503566208827225 0.8304146481787832 0.9916773348808602 1.044311697336574 1.2607378686519823 1.4320513650901914 1.6411567164455083 1.6919968366283211 2.032295580008021
767 9204 -0.8935817878976047 -0.1395827220162509 0.11548069986861394 0.8887202659163738 0.021130738826600486 0.06428038895200469 0.15062174558644573 0.24803626939990858 0.3195387320645556 0.3321920003598688 0.49419035100725395 0.5897542154926909 0.673336825616763 0.7503566208827225 0.8304146481787832 0.9916773348808602 1.044311697336574 1.2607378686519823 1.4320513650901914 1.6411567164455083 1.6919968366283211 2.032295580008021
768 9216 -0.8935817878976047 -0.1395827220162509 0.11548069986861394 0.8887202659163738 0.021130738826600486 0.06428038895200469 0.15062174558644573 0.24803626939990858 0.3195387320645556 0.3321920003598688 0.49419035100725395 0.5897542154926909 0.673336825616763 0.7503566208827225 0.8304146481787832 0.9916773348808602 1.044311697336574 1.2607378686519823 1.4320513650901914 1.6411567164455083 1.6919968366283211 2.032295580008021
769 9228 -0.8935817878976047 -0.1395827220162509 0.11548069986861394 0.8887202659163738 0.021130738826600486 0.06428038895200469 0.15062174558644573 0.24803626939990858 0.3195387320645556 0.3321920003598688 0.49419035100725395 0.5897542154926909 0.673336825616763 0.7503566208827225 0.8304146481787832 0.9916773348808602 1.044311697336574 1.2607378686519823 1.4320513650901914 1.6411567164455083 1.6919968366283211 2.032295580008021
770 9240 -0.8935817878976047 -0.1395827220162509 0.11548069986861394 0.8887202659163738 0.021130738826600486 0.06428038895200469 0.15062174558644573 0.24803626939990858 0.3195387320645556 0.3321920003598688 0.49419035100725395 0.5897542154926909 0.673336825616763 0.7503566208827225 0.8304146481787832 0.9916773348808602 1.044311697336574 1.2607378686519823 1.4320513650901914 1.6411567164455083 1.6919968366283211 2.032295580008021
771 9252 -0.8935817878976047 -0.1395827220162509 0.11548069986861394 0.8887202659163738 0.021130738826600486 0.06428038895200469 0.15062174558644573 0.24803626939990858 0.3195387320645556 0.3321920003598688 0.49419035100725395 0.5897542154926909 0.673336825616763 0.7503566208827225 0.8304146481787832 0.9916773348808602 1.044311697336574 1.2607378686519823 1.4320513650901914 1.6411567164455083 1.6919968366283211 2.032295580008021
772 9264 -0.8935817878976047 -0.1395827220162509 0.11548069986861394 0.8887202659163738 0.021130738826600486 0.06428038895200469 0.15062174558644573 0.24803626939990858 0.3195387320645556 0.3321920003598688 0.49419035100725395 0.5897542154926909 0.673336825616763 0.7503566208827225 0.8304146481787832 0.9916773348808602 1.044311697336574 1.2607378686519823 1.4320513650901914 1.6411567164455083 1.6919968366283211 2.032295580008021
773 9276 -0.8935817878976047 -0.1395827220162509 0.11548069986861394 0.8887202659163738 0.021130738826600486 0.06428038895200469 0.15062174558644573 0.24803626939990858 0.3195387320645556 0.3321920003598688 0.49419035100725395 0.5897542154926909 0.673336825616763 0.7503566208827225 0.8304146481787832 0.9916773348808602 1.044311697336574 1.2607378686519823 1.4320513650901914 1.6411567164455083 1.6919968366283211 2.032295580008021
774 9288 -0.8935817878976047 -0.1395827220162509 0.11548069986861394 0.8887202659163738 0.021130738826600486 0.06428038895200469 0.15062174558644573 0.24803626939990858 0.3195387320645556 0.3321920003598688 0.49419035100725395 0.5897542154926909 0.673336825616763 0.7503566208827225 0.8304146481787832 0.9916773348808602 1.044311697336574 1.2607378686519823 1.4320513650901914 1.6411567164455083 1.6919968366283211 2.032295580008021
775 9300 -0.9041151406065118 -0.12155165190007672 0.1146873954735395 0.894396978942922 0.017508026015961 0.06217143338885799 0.14473969837720144 0.2465448480738345 0.29865507121992607 0.3455176478499224 0.48863356506089 0.5696134693263191 0.6626472277006491 0.7383897814365448 0.8842242429834687 0.9614690352251297 1.0188177693903204 1.179979334191625 1.5351046220746478 1.6177941396740756 1.683288699282437 2.0528255750971542
776 9312 -0.9041151406065118 -0.12155165190007672 0.1146873954735395 0.894396978942922 0.017508026015961 0.06217143338885799 0.14473969837720144 0.2465448480738345 0.29865507121992607 0.3455176478499224 0.48863356506089 0.5696134693263191 0.6626472277006491 0.7383897814365448 0.8842242429834687 0.9614690352251297 1.0188177693903204 1.179979334191625 1.5351046220746478 1.6177941396740756 1.683288699282437 2.0528255750971542
777 9324 -0.9041151406065118 -0.12155165190007672 0.1146873954735395 0.894396978942922 0.017508026015961 0.06217143338885799 0.14473969837720144 0.2465448480738345 0.29865507121992607 0.3455176478499224 0.48863356506089 0.5696134693263191 0.6626472277006491 0.7383897814365448 0.8842242429834687 0.9614690352251297 1.0188177693903204 1.179979334191625 1.5351046220746478 1.6177941396740756 1.683288699282437 2.0528255750971542
778 9336 -0.9041151406065118 -0.12155165190007672 0.1146873954735395 0.894396978942922 0.017508026015961 0.06217143338885799 0.14473969837720144 0.2465448480738345 0.29865507121992607 0.3455176478499224 0.48863356506089 0.5696134693263191 0.6626472277006491 0.7383897814365448 0.8842242429834687 0.9614690352251297 1.0188177693903204 1.179979334191625 1.5351046220746478 1.6177941396740756 1.683288699282437 2.0528255750971542
779 9348 -0.9041151406065118 -0.12155165190007672 0.1146873954735395 0.894396978942922 0.017508026015961 0.06217143338885799 0.14473969837720144 0.2465448480738345 0.29865507121992607 0.3455176478499224 0.48863356506089 0.5696134693263191 0.6626472277006491 0.7383897814365448 0.8842242429834687 0.9614690352251297 1.0188177693903204 1.179979334191625 1.5351046220746478 1.6177941396740756 1.683288699282437 2.0528255750971542
780 9360 -0.9041151406065118 -0.12155165190007672 0.1146873954735395 0.894396978942922 0.017508026015961 0.06217143338885799 0.14473969837720144 0.2465448480738345 0.29865507121992607 0.3455176478499224 0.48863356506089 0.5696134693263191 0.6626472277006491 0.7383897814365448 0.8842242429834687 0.9614690352251297 1.0188177693903204 1.179979334191625 1.5351046220746478 1.6177941396740756 1.683288699282437 2.0528255750971542
781 9372 -0.9041151406065118 -0.12155165190007672 0.1146873954735395 0.894396978942922 0.017508026015961 0.06217143338885799 0.14473969837720144 0.2465448480738345 0.29865507121992607 0.3455176478499224 0.48863356506089 0.5696134693263191 0.6626472277006491 0.7383897814365448 0.8842242429834687 0.9614690352251297 1.0188177693903204 1.179979334191625 1.5351046220746478 1.6177941396740756 1.683288699282437 2.0528255750971542
782 9384 -0.9041151406065118 -0.12155165190007672 0.1146873954735395 0.894396978942922 0.017508026015961 0.06217143338885799 0.14473969837720144 0.2465448480738345 0.29865507121992607 0.3455176478499224 0.48863356506089 0.5696134693263191 0.6626472277006491 0.7383897814365448 0.8842242429834687 0.9614690352251297 1.0188177693903204 1.179979334191625 1.5351046220746478 1.6177941396740756 1.683288699282437 2.0528255750971542
783 9396 -0.9041151406065118 -0.12155165190007672 0.1146873954735395 0.894396978942922 0.017508026015961 0.06217143338885799 0.14473969837720144 0.2465448480738345 0.29865507121992607 0.3455176478499224 0.48863356506089 0.5696134693263191 0.6626472277006491 0.7383897814365448 0.8842242429834687 0.9614690352251297 1.0188177693903204 1.179979334191625 1.5351046220746478 1.6177941396740756 1.683288699282437 2.0528255750971542
784 9408 -0.9041151406065118 -0.12155165190007672 0.1146873954735395 0.894396978942922 0.017508026015961 0.06217143338885799 0.14473969837720144 0.2465448480738345 0.29865507121992607 0.3455176478499224 0.48863356506089 0.5696134693263191 0.6626472277006491 0.7383897814365448 0.8842242429834687 0.9614690352251297 1.0188177693903204 1.179979334191625 1.5351046220746478 1.6177941396740756 1.683288699282437 2.0528255750971542
785 9420 -0.9041151406065118 -0.12155165190007672 0.1146873954735395 0.894396978942922 0.017508026015961 0.06217143338885799 0.14473969837720144 0.2465448480738345 0.29865507121992607 0.3455176478499224 0.48863356506089 0.5696134693263191 0.6626472277006491 0.7383897814365448 0.8842242429834687 0.9614690352251297 1.0188177693903204 1.179979334191625 1.5351046220746478 1.6177941396740756 1.683288699282437 2.0528255750971542
786 9432 -0.9041151406065118 -0.12155165190007672 0.1146873954735395 0.894396978942922 0.017508026015961 0.06217143338885799 0.14473969837720144 0.2465448480738345 0.29865507121992607 0.3455176478499224 0.48863356506089 0.5696134693263191 0.6626472277006491 0.7383897814365448 0.8842242429834687 0.9614690352251297 1.0188177693903204 1.179979334191625 1.5351046220746478 1.6177941396740756 1.683288699282437 2.0528255750971542
787 9444 -0.9041151406065118 -0.12155165190007672 0.1146873954735395 0.894396978942922 0.017508026015961 0.06217143338885799 0.14473969837720144 0.2465448480738345 0.29865507121992607 0.3455176478499224 0.48863356506089 0.5696134693263191 0.6626472277006491 0.7383897814365448 0.8842242429834687 0.9614690352251297 1.0188177693903204 1.179979334191625 1.5351046220746478 1.6177941396740756 1.683288699282437 2.0528255750971542
788 9456 -0.9041151406065118 -0.12155165190007672 0.1146873954735395 0.894396978942922 0.017508026015961 0.06217143338885799 0.14473969837720144 0.2465448480738345 0.29865507121992607 0.3455176478499224 0.48863356506089 0.5696134693263191 0.6626472277006491 0.7383897814365448 0.8842242429834687 0.9614690352251297 1.0188177693903204 1.179979334191625 1.5351046220746478 1.6177941396740756 1.683288699282437 2.0528255750971542
789 9468 -0.9041151406065118 -0.12155165190007672 0.1146873954735395 0.894396978942922 0.017508026015961 0.06217143338885799 0.14473969837720144 0.2465448480738345 0.29865507121992607 0.3455176478499224 0.48863356506089 0.5696134693263191 0.6626472277006491 0.7383897814365448 0.8842242429834687 0.9614690352251297 1.0188177693903204 1.179979334191625 1.5351046220746478 1.6177941396740756 1.683288699282437 2.0528255750971542
790 9480 -0.9041151406065118 -0.12155165190007672 0.1146873954735395 0.894396978942922 0.017508026015961 0.06217143338885799 0.14473969837720144 0.2465448480738345 0.29865507121992607 0.3455176478499224 0.48863356506089 0.5696134693263191 0.6626472277006491 0.7383897814365448 0.8842242429834687 0.9614690352251297 1.0188177693903204 1.179979334191625 1.5351046220746478 1.6177941396740756 1.683288699282437 2.0528255750971542
791 9492 -0.9041151406065118 -0.12155165190007672 0.1146873954735395 0.894396978942922 0.017508026015961 0.06217143338885799 0.14473969837720144 0.2465448480738345 0.29865507121992607 0.3455176478499224 0.48863356506089 0.5696134693263191 0.6626472277006491 0.7383897814365448 0.8842242429834687 0.9614690352251297 1.0188177693903204 1.179979334191625 1.5351046220746478 1.6177941396740756 1.683288699282437 2.0528255750971542
792 9504 -0.9041151406065118 -0.12155165190007672 0.1146873954735395 0.894396978942922 0.017508026015961 0.06217143338885799 0.14473969837720144 0.2465448480738345 0.29865507121992607 0.3455176478499224 0.48863356506089 0.5696134693263191 0.6626472277006491 0.7383897814365448 0.8842242429834687 0.9614690352251297 1.0188177693903204 1.179979334191625 1.5351046220746478 1.6177941396740756 1.683288699282437 2.0528255750971542
793 9516 -0.8929825947447512 -0.11522455744344651 0.12212209398049584 0.8893367528773579 0.016866846970065234 0.06049333230319107 0.1475383485260326 0.26222952566736635 0.29286798874533587 0.34263053202596355 0.4750620632905022 0.5494131115769197 0.6258241472563598 0.7789644821627603 0.833296892034353 0.9433273613209485 1.0022168981299178 1.1945464563686907 1.5324194256765136 1.627940259707392 1.7490355325682676 2.025616531039254
794 9528 -0.8929825947447512 -0.11522455744344651 0.12212209398049584 0.8893367528773579 0.016866846970065234 0.06049333230319107 0.1475383485260326 0.26222952566736635 0.29286798874533587 0.34263053202596355 0.4750620632905022 0.5494131115769197 0.6258241472563598 0.7789644821627603 0.833296892034353 0.9433273613209485 1.0022168981299178 1.1945464563686907 1.5324194256765136 1.627940259707392 1.7490355325682676 2.025616531039254
795 9540 -0.8929825947447512 -0.11522455744344651 0.12212209398049584 0.8893367528773579 0.016866846970065234 0.06049333230319107 0.1475383485260326 0.26222952566736635 0.29286798874533587 0.34263053202596355 0.4750620632905022 0.5494131115769197 0.6258241472563598 0.7789644821627603 0.833296892034353 0.9433273613209485 1.0022168981299178 1.1945464563686907 1.5324194256765136 1.627940259707392 1.7490355325682676 2.025616531039254
796 9552 -0.8929825947447512 -0.11522455744344651 0.12212209398049584 0.8893367528773579 0.016866846970065234 0.06049333230319107 0.1475383485260326 0.26222952566736635 0.29286798874533587 0.34263053202596355 0.4750620632905022 0.5494131115769197 0.6258241472563598 0.7789644821627603 0.833296892034353 0.9433273613209485 1.0022168981299178 1.1945464563686907 1.5324194256765136 1.627940259707392 1.7490355325682676 2.025616531039254
797 9564 -0.8929825947447512 -0.11522455744344651 0.12212209398049584 0.8893367528773579 0.016866846970065234 0.06049333230319107 0.1475383485260326 0.26222952566736635 0.29286798874533587 0.34263053202596355 0.4750620632905022 0.5494131115769197 0.6258241472563598 0.7789644821627603 0.833296892034353 0.9433273613209485 1.0022168981299178 1.1945464563686907 1.5324194256765136 1.627940259707392 1.7490355325682676 2.025616531039254
798 9576 -0.8929825947447512 -0.11522455744344651 0.12212209398049584 0.8893367528773579 0.016866846970065234 0.06049333230319107 0.1475383485260326 0.26222952566736635 0.29286798874533587 0.34263053202596355 0.4750620632905022 0.5494131115769197 0.6258241472563598 0.7789644821627603 0.833296892034353 0.9433273613209485 1.0022168981299178 1.1945464563686907 1.5324194256765136 1.627940259707392 1.7490355325682676 2.025616531039254
799 9588 -0.8929825947447512 -0.11522455744344651 0.12212209398049584 0.8893367528773579 0.016866846970065234 0.06049333230319107 0.1475383485260326 0.26222952566736635 0.29286798874533587 0.34263053202596355 0.4750620632905022 0.5494131115769197 0.6258241472563598 0.7789644821627603 0.833296892034353 0.9433273613209485 1.0022168981299178 1.1945464563686907 1.5324194256765136 1.627940259707392 1.7490355325682676 2.025616531039254
800 9600 -0.8929825947447512 -0.11522455744344651 0.12212209398049584 0.8893367528773579 0.016866846970065234 0.06049333230319107 0.1475383485260326 0.26222952566736635 0.29286798874533587 0.34263053202596355 0.4750620632905022 0.5494131115769197 0.6258241472563598 0.7789644821627603 0.833296892034353 0.9433273613209485 1.0022168981299178 1.1945464563686907 1.5324194256765136 1.627940259707392 1.7490355325682676 2.025616531039254
801 9612 -0.8929825947447512 -0.11522455744344651 0.12212209398049584 0.8893367528773579 0.016866846970065234 0.06049333230319107 0.1475383485260326 0.26222952566736635 0.29286798874533587 0.34263053202596355 0.4750620632905022 0.5494131115769197 0.6258241472563598 0.7789644821627603 0.833296892034353 0.9433273613209485 1.0022168981299178 1.1945464563686907 1.5324194256765136 1.627940259707392 1.7490355325682676 2.025616531039254
802 9624 -0.8929825947447512 -0.11522455744344651 0.12212209398049584 0.8893367528773579 0.016866846970065234 0.06049333230319107 0.1475383485260326 0.26222952566736635 0.29286798874533587 0.34263053202596355 0.4750620632905022 0.5494131115769197 0.6258241472563598 0.7789644821627603 0.833296892034353 0.9433273613209485 1.0022168981299178 1.1945464563686907 1.5324194256765136 1.627940259707392 1.7490355325682676 2.025616531039254
803 9636 -0.8929825947447512 -0.11522455744344651 0.12212209398049584 0.8893367528773579 0.016866846970065234 0.06049333230319107 0.1475383485260326 0.26222952566736635 0.29286798874533587 0.34263053202596355 0.4750620632905022 0.5494131115769197 0.6258241472563598 0.7789644821627603 0.833296892034353 0.9433273613209485 1.0022168981299178 1.1945464563686907 1.5324194256765136 1.627940259707392 1.7490355325682676 2.025616531039254
804 9648 -0.8929825947447512 -0.11522455744344651 0.12212209398049584 0.8893367528773579 0.016866846970065234 0.06049333230319107 0.1475383485260326 0.26222952566736635 0.29286798874533587 0.34263053202596355 0.4750620632905022 0.5494131115769197 0.6258241472563598 0.7789644821627603 0.833296892034353 0.9433273613209485 1.0022168981299178 1.1945464563686907 1.5324194256765136 1.627940259707392 1.7490355325682676 2.025616531039254
805 9660 -0.8929825947447512 -0.11522455744344651 0.12212209398049584 0.8893367528773579 0.016866846970065234 0.06049333230319107 0.1475383485260326 0.26222952566736635 0.29286798874533587 0.34263053202596355 0.4750620632905022 0.5494131115769197 0.6258241472563598 0.7789644821627603 0.833296892034353 0.9433273613209485 1.0022168981299178 1.1945464563686907 1.5324194256765136 1.627940259707392 1.7490355325682676 2.025616531039254
806 9672 -0.8929825947447512 -0.11522455744344651 0.12212209398049584 0.8893367528773579 0.016866846970065234 0.06049333230319107 0.1475383485260326 0.26222952566736635 0.29286798874533587 0.34263053202596355 0.4750620632905022 0.5494131115769197 0.6258241472563598 0.7789644821627603 0.833296892034353 0.9433273613209485 1.0022168981299178 1.1945464563686907 1.5324194256765136 1.627940259707392 1.7490355325682676 2.025616531039254
807 9684 -0.8929825947447512 -0.11522455744344651 0.12212209398049584 0.8893367528773579 0.016866846970065234 0.06049333230319107 0.1475383485260326 0.26222952566736635 0.29286798874533587 0.34263053202596355 0.4750620632905022 0.5494131115769197 0.6258241472563598 0.7789644821627603 0.833296892034353 0.9433273613209485 1.0022168981299178 1.1945464563686907 1.5324194256765136 1.627940259707392 1.7490355325682676 2.025616531039254
808 9696 -0.8929825947447512 -0.11522455744344651 0.12212209398049584 0.8893367528773579 0.016866846970065234 0.06049333230319107 0.1475383485260326 0.26222952566736635 0.29286798874533587 0.34263053202596355 0.4750620632905022 0.5494131115769197 0.6258241472563598 0.7789644821627603 0.833296892034353 0.9433273613209485 1.0022168981299178 1.1945464563686907 1.5324194256765136 1.627940259707392 1.7490355325682676 2.025616531039254
809 9708 -0.8929825947447512 -0.11522455744344651 0.12212209398049584 0.8893367528773579 0.016866846970065234 0.06049333230319107 0.1475383485260326 0.26222952566736635 0.29286798874533587 0.34263053202596355 0.4750620632905022 0.5494131115769197 0.6258241472563598 0.7789644821627603 0.833296892034353 0.9433273613209485 1.0022168981299178 1.1945464563686907 1.5324194256765136 1.627940259707392 1.7490355325682676 2.025616531039254
810 9720 -0.8929825947447512 -0.11522455744344651 0.12212209398049584 0.8893367528773579 0.016866846970065234 0.06049333230319107 0.1475383485260326 0.26222952566736635 0.29286798874533587 0.34263053202596355 0.4750620632905022 0.5494131115769197 0.6258241472563598 0.7789644821627603 0.833296892034353 0.9433273613209485 1.0022168981299178 1.1945464563686907 1.5324194256765136 1.627940259707392 1.7490355325682676 2.025616531039254
811 9732 -0.9093799997606038 -0.13077297872305987 0.11652991224403167 0.8843368908905828 0.015107843648322749 0.06223014066337496 0.14885589935622873 0.24987111157889202 0.26460023864722854 0.3152368830122898 0.44434199618399944 0.5725598143279724 0.645951472132037 0.741779260809461 0.8246905599556024 0.9362806534645259 1.0160302815277276 1.2042461436660754 1.4645158056080514 1.631885525689929 1.7863916810611595 2.0520353712492367
812 9744 -0.9093799997606038 -0.13077297872305987 0.11652991224403167 0.8843368908905828 0.015107843648322749 0.06223014066337496 0.14885589935622873 0.24987111157889202 0.26460023864722854 0.3152368830122898 0.44434199618399944 0.5725598143279724 0.645951472132037 0.741779260809461 0.8246905599556024 0.9362806534645259 1.0160302815277276 1.2042461436660754 1.4645158056080514 1.631885525689929 1.7863916810611595 2.0520353712492367
813 9756 -0.9093799997606038 -0.13077297872305987 0.11652991224403167 0.8843368908905828 0.015107843648322749 0.06223014066337496 0.14885589935622873 0.24987111157889202 0.26460023864722854 0.3152368830122898 0.44434199618399944 0.5725598143279724 0.645951472132037 0.741779260809461 0.8246905599556024 0.9362806534645259 1.0160302815277276 1.2042461436660754 1.4645158056080514 1.631885525689929 1.7863916810611595 2.0520353712492367
814 9768 -0.9093799997606038 -0.13077297872305987 0.11652991224403167 0.8843368908905828 0.015107843648322749 0.06223014066337496 0.14885589935622873 0.24987111157889202 0.26460023864722854 0.3152368830122898 0.44434199618399944 0.5725598143279724 0.645951472132037 0.741779260809461 0.8246905599556024 0.9362806534645259 1.0160302815277276 1.2042461436660754 1.4645158056080514 1.631885525689929 1.7863916810611595 2.0520353712492367
815 9780 -0.9093799997606038 -0.13077297872305987 0.11652991224403167 0.8843368908905828 0.015107843648322749 0.06223014066337496 0.14885589935622873 0.24987111157889202 0.26460023864722854 0.3152368830122898 0.44434199618399944 0.5725598143279724 0.645951472132037 0.741779260809461 0.8246905599556024 0.9362806534645259 1.0160302815277276 1.2042461436660754 1.4645158056080514 1.631885525689929 1.7863916810611595 2.0520353712492367
816 9792 -0.9093799997606038 -0.13077297872305987 0.11652991224403167 0.8843368908905828 0.015107843648322749 0.06223014066337496 0.14885589935622873 0.24987111157889202 0.26460023864722854 0.3152368830122898 0.44434199618399944 0.5725598143279724 0.645951472132037 0.741779260809461 0.8246905599556024 0.9362806534645259 1.0160302815277276 1.2042461436660754 1.4645158056080514 1.631885525689929 1.7863916810611595 2.0520353712492367
817 9804 -0.9093799997606038 -0.13077297872305987 0.11652991224403167 0.8843368908905828 0.015107843648322749 0.06223014066337496 0.14885589935622873 0.24987111157889202 0.26460023864722854 0.3152368830122898 0.44434199618399944 0.5725598143279724 0.645951472132037 0.741779260809461 0.8246905599556024 0.9362806534645259 1.0160302815277276 1.2042461436660754 1.4645158056080514 1.631885525689929 1.7863916810611595 2.0520353712492367
818 9816 -0.9093799997606038 -0.13077297872305987 0.11652991224403167 0.8843368908905828 0.015107843648322749 0.06223014066337496 0.14885589935622873 0.24987111157889202 0.26460023864722854 0.3152368830122898 0.44434199618399944 0.5725598143279724 0.645951472132037 0.741779260809461 0.8246905599556024 0.9362806534645259 1.0160302815277276 1.2042461436660754 1.4645158056080514 1.631885525689929 1.7863916810611595 2.0520353712492367
819 9828 -0.9093799997606038 -0.13077297872305987 0.11652991224403167 0.8843368908905828 0.015107843648322749 0.06223014066337496 0.14885589935622873 0.24987111157889202 0.26460023864722854 0.3152368830122898 0.44434199618399944 0.5725598143279724 0.645951472132037 0.741779260809461 0.8246905599556024 0.9362806534645259 1.0160302815277276 1.2042461436660754 1.4645158056080514 1.631885525689929 1.7863916810611595 2.0520353712492367
820 9840 -0.9093799997606038 -0.13077297872305987 0.11652991224403167 0.8843368908905828 0.015107843648322749 0.06223014066337496 0.14885589935622873 0.24987111157889202 0.26460023864722854 0.3152368830122898 0.44434199618399944 0.5725598143279724 0.645951472132037 0.741779260809461 0.8246905599556024 0.9362806534645259 1.0160302815277276 1.2042461436660754 1.4645158056080514 1.631885525689929 1.7863916810611595 2.0520353712492367
821 9852 -0.9093799997606038 -0.13077297872305987 0.11652991224403167 0.8843368908905828 0.015107843648322749 0.06223014066337496 0.14885589935622873 0.24987111157889202 0.26460023864722854 0.3152368830122898 0.44434199618399944 0.5725598143279724 0.645951472132037 0.741779260809461 0.8246905599556024 0.9362806534645259 1.0160302815277276 1.2042461436660754 1.4645158056080514 1.631885525689929 1.7863916810611595 2.0520353712492367
822 9864 -0.9093799997606038 -0.13077297872305987 0.11652991224403167 0.8843368908905828 0.015107843648322749 0.06223014066337496 0.14885589935622873 0.24987111157889202 0.26460023864722854 0.3152368830122898 0.44434199618399944 0.5725598143279724 0.645951472132037 0.741779260809461 0.8246905599556024 0.9362806534645259 1.0160302815277276 1.2042461436660754 1.4645158056080514 1.631885525689929 1.7863916810611595 2.0520353712492367
823 9876 -0.9093799997606038 -0.13077297872305987 0.11652991224403167 0.8843368908905828 0.015107843648322749 0.06223014066337496 0.14885589935622873 0.24987111157889202 0.26460023864722854 0.3152368830122898 0.44434199618399944 0.5725598143279724 0.645951472132037 0.741779260809461 0.8246905599556024 0.9362806534645259 1.0160302815277276 1.2042461436660754 1.4645158056080514 1.631885525689929 1.7863916810611595 2.0520353712492367
824 9888 -0.9093799997606038 -0.13077297872305987 0.11652991224403167 0.8843368908905828 0.015107843648322749 0.06223014066337496 0.14885589935622873 0.24987111157889202 0.26460023864722854 0.3152368830122898 0.44434199618399944 0.5725598143279724 0.645951472132037 0.741779260809461 0.8246905599556024 0.9362806534645259 1.0160302815277276 1.2042461436660754 1.4645158056080514 1.631885525689929 1.7863916810611595 2.0520353712492367
825 9900 -0.9093799997606038 -0.13077297872305987 0.11652991224403167 0.8843368908905828 0.015107843648322749 0.06223014066337496 0.14885589935622873 0.24987111157889202 0.26460023864722854 0.3152368830122898 0.44434199618399944 0.5725598143279724 0.645951472132037 0.741779260809461 0.8246905599556024 0.9362806534645259 1.0160302815277276 1.2042461436660754 1.4645158056080514 1.631885525689929 1.7863916810611595 2.0520353712492367
826 9912 -0.9093799997606038 -0.13077297872305987 0.11652991224403167 0.8843368908905828 0.015107843648322749 0.06223014066337496 0.14885589935622873 0.24987111157889202 0.26460023864722854 0.3152368830122898 0.44434199618399944 0.5725598143279724 0.645951472132037 0.741779260809461 0.8246905599556024 0.9362806534645259 1.0160302815277276 1.2042461436660754 1.4645158056080514 1.631885525689929 1.7863916810611595 2.0520353712492367
827 9924 -0.9093799997606038 -0.13077297872305987 0.11652991224403167 0.8843368908905828 0.015107843648322749 0.06223014066337496 0.14885589935622873 0.24987111157889202 0.26460023864722854 0.3152368830122898 0.44434199618399944 0.5725598143279724 0.645951472132037 0.741779260809461 0.8246905599556024 0.9362806534645259 1.0160302815277276 1.2042461436660754 1.4645158056080514 1.631885525689929 1.7863916810611595 2.0520353712492367
828 9936 -0.9093799997606038 -0.13077297872305987 0.11652991224403167 0.8843368908905828 0.015107843648322749 0.06223014066337496 0.14885589935622873 0.24987111157889202 0.26460023864722854 0.3152368830122898 0.44434199618399944 0.5725598143279724 0.645951472132037 0.741779260809461 0.8246905599556024 0.9362806534645259 1.0160302815277276 1.2042461436660754 1.4645158056080514 1.631885525689929 1.7863916810611595 2.0520353712492367
829 9948 -0.9033208816097797 -0.14687539681889364 0.1435052803437089 0.9065830627845264 0.013657348125400145 0.06132401634918432 0.1490136042973616 0.25337395970392207 0.2563273818187917 0.30898386033170405 0.4494978210005768 0.5277872193155715 0.6038443676870764 0.733476407194913 0.8273583228806999 0.9059274417703642 0.960496101081307 1.24390372679161 1.418169595959009 1.644938388939691 1.8246666545139565 2.084164124763544
830 9960 -0.9033208816097797 -0.14687539681889364 0.1435052803437089 0.9065830627845264 0.013657348125400145 0.06132401634918432 0.1490136042973616 0.25337395970392207 0.2563273818187917 0.30898386033170405 0.4494978210005768 0.5277872193155715 0.6038443676870764 0.733476407194913 0.8273583228806999 0.9059274417703642 0.960496101081307 1.24390372679161 1.418169595959009 1.644938388939691 1.8246666545139565 2.084164124763544
831 9972 -0.9033208816097797 -0.14687539681889364 0.1435052803437089 0.9065830627845264 0.013657348125400145 0.06132401634918432 0.1490136042973616 0.25337395970392207 0.2563273818187917 0.30898386033170405 0.4494978210005768 0.5277872193155715 0.6038443676870764 0.733476407194913 0.8273583228806999 0.9059274417703642 0.960496101081307 1.24390372679161 1.418169595959009 1.644938388939691 1.8246666545139565 2.084164124763544
832 9984 -0.9033208816097797 -0.14687539681889364 0.1435052803437089 0.9065830627845264 0.013657348125400145 0.06132401634918432 0.1490136042973616 0.25337395970392207 0.2563273818187917 0.30898386033170405 0.4494978210005768 0.5277872193155715 0.6038443676870764 0.733476407194913 0.8273583228806999 0.9059274417703642 0.960496101081307 1.24390372679161 1.418169595959009 1.644938388939691 1.8246666545139565 2.084164124763544
833 9996 -0.9033208816097797 -0.14687539681889364 0.1435052803437089 0.9065830627845264 0.013657348125400145 0.06132401634918432 0.1490136042973616 0.25337395970392207 0.2563273818187917 0.30898386033170405 0.4494978210005768 0.5277872193155715 0.6038443676870764 0.733476407194913 0.8273583228806999 0.9059274417703642 0.960496101081307 1.24390372679161 1.418169595959009 1.644938388939691 1.8246666545139565 2.084164124763544
834 10008 -0.9033208816097797 -0.14687539681889364 0.1435052803437089 0.9065830627845264 0.013657348125400145 0.06132401634918432 0.1490136042973616 0.25337395970392207 0.2563273818187917 0.30898386033170405 0.4494978210005768 0.5277872193155715 0.6038443676870764 0.733476407194913 0.8273583228806999 0.9059274417703642 0.960496101081307 1.24390372679161 1.418169595959009 1.644938388939691 1.8246666545139565 2.084164124763544
835 10020 -0.9033208816097797 -0.14687539681889364 0.1435052803437089 0.9065830627845264 0.013657348125400145 0.06132401634918432 0.1490136042973616 0.25337395970392207 0.2563273818187917 0.30898386033170405 0.4494978210005768 0.5277872193155715 0.6038443676870764 0.733476407194913 0.8273583228806999 0.9059274417703642 0.960496101081307 1.24390372679161 1.418169595959009 1.644938388939691 1.8246666545139565 2.084164124763544
836 10032 -0.9033208816097797 -0.14687539681889364 0.1435052803437089 0.9065830627845264 0.013657348125400145 0.06132401634918432 0.1490136042973616 0.25337395970392207 0.2563273818187917 0.30898386033170405 0.4494978210005768 0.5277872193155715 0.6038443676870764 0.733476407194913 0.8273583228806999 0.9059274417703642 0.960496101081307 1.24390372679161 1.418169595959009 1.644938388939691 1.8246666545139565 2.084164124763544
837 10044 -0.9033208816097797 -0.14687539681889364 0.1435052803437089 0.9065830627845264 0.013657348125400145 0.06132401634918432 0.1490136042973616 0.25337395970392207 0.2563273818187917 0.30898386033170405 0.4494978210005768 0.5277872193155715 0.6038443676870764 0.733476407194913 0.8273583228806999 0.9059274417703642 0.960496101081307 1.24390372679161 1.418169595959009 1.644938388939691 1.8246666545139565 2.084164124763544
838 10056 -0.9033208816097797 -0.14687539681889364 0.1435052803437089 0.9065830627845264 0.013657348125400145 0.06132401634918432 0.1490136042973616 0.25337395970392207 0.2563273818187917 0.30898386033170405 0.4494978210005768 0.5277872193155715 0.6038443676870764 0.733476407194913 0.8273583228806999 0.9059274417703642 0.960496101081307 1.24390372679161 1.418169595959009 1.644938388939691 1.8246666545139565 2.084164124763544
839 10068 -0.9033208816097797 -0.14687539681889364 0.1435052803437089 0.9065830627845264 0.013657348125400145 0.06132401634918432 0.1490136042973616 0.25337395970392207 0.2563273818187917 0.30898386033170405 0.4494978210005768 0.5277872193155715 0.6038443676870764 0.733476407194913 0.8273583228806999 0.9059274417703642 0.960496101081307 1.24390372679161 1.418169595959009 1.644938388939691 1.8246666545139565 2.084164124763544
840 10080 -0.9033208816097797 -0.14687539681889364 0.1435052803437089 0.9065830627845264 0.013657348125400145 0.06132401634918432 0.1490136042973616 0.25337395970392207 0.2563273818187917 0.30898386033170405 0.4494978210005768 0.5277872193155715 0.6038443676870764 0.733476407194913 0.8273583228806999 0.9059274417703642 0.960496101081307 1.24390372679161 1.418169595959009 1.644938388939691 1.8246666545139565 2.084164124763544
841 10092 -0.9033208816097797 -0.14687539681889364 0.1435052803437089 0.9065830627845264 0.013657348125400145 0.06132401634918432 0.1490136042973616 0.25337395970392207 0.2563273818187917 0.30898386033170405 0.4494978210005768 0.5277872193155715 0.6038443676870764 0.733476407194913 0.8273583228806999 0.9059274417703642 0.960496101081307 1.24390372679161 1.418169595959009 1.644938388939691 1.8246666545139565 2.084164124763544
842 10104 -0.9033208816097797 -0.14687539681889364 0.1435052803437089 0.9065830627845264 0.013657348125400145 0.06132401634918432 0.1490136042973616 0.25337395970392207 0.2563273818187917 0.30898386033170405 0.4494978210005768 0.5277872193155715 0.6038443676870764 0.733476407194913 0.8273583228806999 0.9059274417703642 0.960496101081307 1.24390372679161 1.418169595959009 1.644938388939691 1.8246666545139565 2.084164124763544
843 10116 -0.9033208816097797 -0.14687539681889364 0.1435052803437089 0.9065830627845264 0.013657348125400145 0.06132401634918432 0.1490136042973616 0.25337395970392207 0.2563273818187917 0.30898386033170405 0.4494978210005768 0.5277872193155715 0.6038443676870764 0.733476407194913 0.8273583228806999 0.9059274417703642 0.960496101081307 1.24390372679161 1.418169595959009 1.644938388939691 1.8246666545139565 2.084164124763544
844 10128 -0.9033208816097797 -0.14687539681889364 0.1435052803437089 0.9065830627845264 0.013657348125400145 0.06132401634918432 0.1490136042973616 0.25337395970392207 0.2563273818187917 0.30898386033170405 0.4494978210005768 0.5277872193155715 0.6038443676870764 0.733476407194913 0.8273583228806999 0.9059274417703642 0.960496101081307 1.24390372679161 1.418169595959009 1.644938388939691 1.8246666545139565 2.084164124763544
845 10140 -0.9033208816097797 -0.14687539681889364 0.1435052803437089 0.9065830627845264 0.013657348125400145 0.06132401634918432 0.1490136042973616 0.25337395970392207 0.2563273818187917 0.30898386033170405 0.4494978210005768 0.5277872193155715 0.6038443676870764 0.733476407194913 0.8273583228806999 0.9059274417703642 0.960496101081307 1.24390372679161 1.418169595959009 1.644938388939691 1.8246666545139565 2.084164124763544
846 10152 -0.9033208816097797 -0.14687539681889364 0.1435052803437089 0.9065830627845264 0.013657348125400145 0.06132401634918432 0.1490136042973616 0.25337395970392207 0.2563273818187917 0.30898386033170405 0.4494978210005768 0.5277872193155715 0.6038443676870764 0.733476407194913 0.8273583228806999 0.9059274417703642 0.960496101081307 1.24390372679161 1.418169595959009 1.644938388939691 1.8246666545139565 2.084164124763544
847 10164 -0.9135664112149775 -0.14966040008593684 0.14673176398602322 0.9270203546883394 0.01235390024554416 0.05891723790383195 0.14676362109700683 0.23395076563723133 0.2623921568351843 0.311264072346294 0.4394182162975332 0.5141748173610009 0.610384469407288 0.7385045810192179 0.8407296894065571 0.9429066425031026 0.9729038600591129 1.2220530833704397 1.4344235120054822 1.6319964383084653 1.7441500065039646 2.1401048772781075
848 10176 -0.9135664112149775 -0.14966040008593684 0.14673176398602322 0.9270203546883394 0.01235390024554416 0.05891723790383195 0.14676362109700683 0.23395076563723133 0.2623921568351843 0.311264072346294 0.4394182162975332 0.5141748173610009 0.610384469407288 0.7385045810192179 0.8407296894065571 0.9429066425031026 0.9729038600591129 1.2220530833704397 1.4344235120054822 1.6319964383084653 1.7441500065039646 2.1401048772781075
849 10188 -0.9135664112149775 -0.14966040008593684 0.14673176398602322 0.9270203546883394 0.01235390024554416 0.05891723790383195 0.14676362109700683 0.23395076563723133 0.2623921568351843 0.311264072346294 0.4394182162975332 0.5141748173610009 0.610384469407288 0.7385045810192179 0.8407296894065571 0.9429066425031026 0.9729038600591129 1.2220530833704397 1.4344235120054822 1.6319964383084653 1.7441500065039646 2.1401048772781075
850 10200 -0.9135664112149775 -0.14966040008593684 0.14673176398602322 0.9270203546883394 0.01235390024554416 0.05891723790383195 0.14676362109700683 0.23395076563723133 0.2623921568351843 0.311264072346294 0.4394182162975332 0.5141748173610009 0.610384469407288 0.7385045810192179 0.8407296894065571 0.9429066425031026 0.9729038600591129 1.2220530833704397 1.4344235120054822 1.6319964383084653 1.7441500065039646 2.1401048772781075
851 10212 -0.9135664112149775 -0.14966040008593684 0.14673176398602322 0.9270203546883394 0.01235390024554416 0.05891723790383195 0.14676362109700683 0.23395076563723133 0.2623921568351843 0.311264072346294 0.4394182162975332 0.5141748173610009 0.610384469407288 0.7385045810192179 0.8407296894065571 0.9429066425031026 0.9729038600591129 1.2220530833704397 1.4344235120054822 1.6319964383084653 1.7441500065039646 2.1401048772781075
852 10224 -0.9135664112149775 -0.14966040008593684 0.14673176398602322 0.9270203546883394 0.01235390024554416 0.05891723790383195 0.14676362109700683 0.23395076563723133 0.2623921568351843 0.311264072346294 0.4394182162975332 0.5141748173610009 0.610384469407288 0.7385045810192179 0.8407296894065571 0.9429066425031026 0.9729038600591129 1.2220530833704397 1.4344235120054822 1.6319964383084653 1.7441500065039646 2.1401048772781075
853 10236 -0.9135664112149775 -0.14966040008593684 0.14673176398602322 0.9270203546883394 0.01235390024554416 0.05891723790383195 0.14676362109700683 0.23395076563723133 0.2623921568351843 0.311264072346294 0.4394182162975332 0.5141748173610009 0.610384469407288 0.7385045810192179 0.8407296894065571 0.9429066425031026 0.9729038600591129 1.2220530833704397 1.4344235120054822 1.6319964383084653 1.7441500065039646 2.1401048772781075
854 10248 -0.9135664112149775 -0.14966040008593684 0.14673176398602322 0.9270203546883394 0.01235390024554416 0.05891723790383195 0.14676362109700683 0.23395076563723133 0.2623921568351843 0.311264072346294 0.4394182162975332 0.5141748173610009 0.610384469407288 0.7385045810192179 0.8407296894065571 0.9429066425031026 0.9729038600591129 1.2220530833704397 1.4344235120054822 1.6319964383084653 1.7441500065039646 2.1401048772781075
855 10260 -0.9135664112149775 -0.14966040008593684 0.14673176398602322 0.9270203546883394 0.01235390024554416 0.05891723790383195 0.14676362109700683 0.23395076563723133 0.2623921568351843 0.311264072346294 0.4394182162975332 0.5141748173610009 0.610384469407288 0.7385045810192179 0.8407296894065571 0.9429066425031026 0.9729038600591129 1.2220530833704397 1.4344235120054822 1.6319964383084653 1.7441500065039646 2.1401048772781075
856 10272 -0.9135664112149775 -0.14966040008593684 0.14673176398602322 0.9270203546883394 0.01235390024554416 0.05891723790383195 0.14676362109700683 0.23395076563723133 0.2623921568351843 0.311264072346294 0.4394182162975332 0.5141748173610009 0.610384469407288 0.7385045810192179 0.8407296894065571 0.9429066425031026 0.9729038600591129 1.2220530833704397 1.4344235120054822 1.6319964383084653 1.7441500065039646 2.1401048772781075
857 10284 -0.9135664112149775 -0.14966040008593684 0.14673176398602322 0.9270203546883394 0.01235390024554416 0.05891723790383195 0.14676362109700683 0.23395076563723133 0.2623921568351843 0.311264072346294 0.4394182162975332 0.5141748173610009 0.610384469407288 0.7385045810192179 0.8407296894065571 0.9429066425031026 0.9729038600591129 1.2220530833704397 1.4344235120054822 1.6319964383084653 1.7441500065039646 2.1401048772781075
858 10296 -0.9135664112149775 -0.14966040008593684 0.14673176398602322 0.9270203546883394 0.01235390024554416 0.05891723790383195 0.14676362109700683 0.23395076563723133 0.2623921568351843 0.311264072346294 0.4394182162975332 0.5141748173610009 0.610384469407288 0.7385045810192179 0.8407296894065571 0.9429066425031026 0.9729038600591129 1.2220530833704397 1.4344235120054822 1.6319964383084653 1.7441500065039646 2.1401048772781075
859 10308 -0.9135664112149775 -0.14966040008593684 0.14673176398602322 0.9270203546883394 0.01235390024554416 0.05891723790383195 0.14676362109700683 0.23395076563723133 0.2623921568351843 0.311264072346294 0.4394182162975332 0.5141748173610009 0.610384469407288 0.7385045810192179 0.8407296894065571 0.9429066425031026 0.9729038600591129 1.2220530833704397 1.4344235120054822 1.6319964383084653 1.7441500065039646 2.1401048772781075
860 10320 -0.9135664112149775 -0.14966040008593684 0.14673176398602322 0.9270203546883394 0.01235390024554416 0.05891723790383195 0.14676362109700683 0.23395076563723133 0.2623921568351843 0.311264072346294 0.4394182162975332 0.5141748173610009 0.610384469407288 0.7385045810192179 0.8407296894065571 0.9429066425031026 0.9729038600591129 1.2220530833704397 1.4344235120054822 1.6319964383084653 1.7441500065039646 2.1401048772781075
861 10332 -0.9135664112149775 -0.14966040008593684 0.14673176398602322 0.9270203546883394 0.01235390024554416 0.05891723790383195 0.14676362109700683 0.23395076563723133 0.2623921568351843 0.311264072346294 0.4394182162975332 0.5141748173610009 0.610384469407288 0.7385045810192179 0.8407296894065571 0.9429066425031026 0.9729038600591129 1.2220530833704397 1.4344235120054822 1.6319964383084653 1.7441500065039646 2.1401048772781075
862 10344 -0.9135664112149775 -0.14966040008593684 0.14673176398602322 0.9270203546883394 0.01235390024554416 0.05891723790383195 0.14676362109700683 0.23395076563723133 0.2623921568351843 0.311264072346294 0.4394182162975332 0.5141748173610009 0.610384469407288 0.7385045810192179 0.8407296894065571 0.9429066425031026 0.9729038600591129 1.2220530833704397 1.4344235120054822 1.6319964383084653 1.7441500065039646 2.1401048772781075
863 10356 -0.9135664112149775 -0.14966040008593684 0.14673176398602322 0.9270203546883394 0.01235390024554416 0.05891723790383195 0.14676362109700683 0.23395076563723133 0.2623921568351843 0.311264072346294 0.4394182162975332 0.5141748173610009 0.610384469407288 0.7385045810192179 0.8407296894065571 0.9429066425031026 0.9729038600591129 1.2220530833704397 1.4344235120054822 1.6319964383084653 1.7441500065039646 2.1401048772781075
864 10368 -0.9135664112149775 -0.14966040008593684 0.14673176398602322 0.9270203546883394 0.01235390024554416 0.05891723790383195 0.14676362109700683 0.23395076563723133 0.2623921568351843 0.311264072346294 0.4394182162975332 0.5141748173610009 0.610384469407288 0.7385045810192179 0.8407296894065571 0.9429066425031026 0.9729038600591129 1.2220530833704397 1.4344235120054822 1.6319964383084653 1.7441500065039646 2.1401048772781075
865 10380 -0.9211027348392578 -0.16585464520216753 0.1531243350860057 0.9343713955983254 0.011543067141797465 0.05607434547224173 0.14454560475224387 0.2205526135561816 0.25925210585893405 0.31431382294665444 0.43526533593321903 0.5074791824574784 0.620044021348814 0.7277755619964665 0.841722661742826 0.9715663111498113 1.0056785208989654 1.2301261453024255 1.3063881125263628 1.6344068589645715 1.7716562328433014 2.1694097281498306
866 10392 -0.9211027348392578 -0.16585464520216753 0.1531243350860057 0.9343713955983254 0.011543067141797465 0.05607434547224173 0.14454560475224387 0.2205526135561816 0.25925210585893405 0.31431382294665444 0.43526533593321903 0.5074791824574784 0.620044021348814 0.7277755619964665 0.841722661742826 0.9715663111498113 1.0056785208989654 1.2301261453024255 1.3063881125263628 1.6344068589645715 1.7716562328433014 2.1694097281498306
867 10404 -0.9211027348392578 -0.16585464520216753 0.1531243350860057 0.9343713955983254 0.011543067141797465 0.05607434547224173 0.14454560475224387 0.2205526135561816 0.25925210585893405 0.31431382294665444 0.43526533593321903 0.5074791824574784 0.620044021348814 0.7277755619964665 0.841722661742826 0.9715663111498113 1.0056785208989654 1.2301261453024255 1.3063881125263628 1.6344068589645715 1.7716562328433014 2.1694097281498306
868 10416 -0.9211027348392578 -0.16585464520216753 0.1531243350860057 0.9343713955983254 0.011543067141797465 0.05607434547224173 0.14454560475224387 0.2205526135561816 0.25925210585893405 0.31431382294665444 0.43526533593321903 0.5074791824574784 0.620044021348814 0.7277755619964665 0.841722661742826 0.9715663111498113 1.0056785208989654 1.2301261453024255 1.3063881125263628 1.6344068589645715 1.7716562328433014 2.1694097281498306
869 10428 -0.9211027348392578 -0.16585464520216753 0.1531243350860057 0.9343713955983254 0.011543067141797465 0.05607434547224173 0.14454560475224387 0.2205526135561816 0.25925210585893405 0.31431382294665444 0.43526533593321903 0.5074791824574784 0.620044021348814 0.7277755619964665 0.841722661742826 0.9715663111498113 1.0056785208989654 1.2301261453024255 1.3063881125263628 1.6344068589645715 1.7716562328433014 2.1694097281498306
870 10440 -0.9211027348392578 -0.16585464520216753 0.1531243350860057 0.9343713955983254 0.011543067141797465 0.05607434547224173 0.14454560475224387 0.2205526135561816 0.25925210585893405 0.31431382294665444 0.43526533593321903 0.5074791824574784 0.620044021348814 0.7277755619964665 0.841722661742826 0.9715663111498113 1.0056785208989654 1.2301261453024255 1.3063881125263628 1.6344068589645715 1.7716562328433014 2.1694097281498306
871 10452 -0.9211027348392578 -0.16585464520216753 0.1531243350860057 0.9343713955983254 0.011543067141797465 0.05607434547224173 0.14454560475224387 0.2205526135561816 0.25925210585893405 0.31431382294665444 0.43526533593321903 0.5074791824574784 0.620044021348814 0.7277755619964665 0.841722661742826 0.9715663111498113 1.0056785208989654 1.2301261453024255 1.3063881125263628 1.6344068589645715 1.7716562328433014 2.1694097281498306
872 10464 -0.9211027348392578 -0.16585464520216753 0.1531243350860057 0.9343713955983254 0.011543067141797465 0.05607434547224173 0.14454560475224387 0.2205526135561816 0.25925210585893405 0.31431382294665444 0.43526533593321903 0.5074791824574784 0.620044021348814 0.7277755619964665 0.841722661742826 0.9715663111498113 1.0056785208989654 1.2301261453024255 1.3063881125263628 1.6344068589645715 1.7716562328433014 2.1694097281498306
873 10476 -0.9211027348392578 -0.16585464520216753 0.1531243350860057 0.9343713955983254 0.011543067141797465 0.05607434547224173 0.14454560475224387 0.2205526135561816 0.25925210585893405 0.31431382294665444 0.43526533593321903 0.5074791824574784 0.620044021348814 0.7277755619964665 0.841722661742826 0.9715663111498113 1.0056785208989654 1.2301261453024255 1.3063881125263628 1.6344068589645715 1.7716562328433014 2.1694097281498306
874 10488 -0.9211027348392578 -0.16585464520216753 0.1531243350860057 0.9343713955983254 0.011543067141797465 0.05607434547224173 0.14454560475224387 0.2205526135561816 0.25925210585893405 0.31431382294665444 0.43526533593321903 0.5074791824574784 0.620044021348814 0.7277755619964665 0.841722661742826 0.9715663111498113 1.0056785208989654 1.2301261453024255 1.3063881125263628 1.6344068589645715 1.7716562328433014 2.1694097281498306
875 10500 -0.9211027348392578 -0.16585464520216753 0.1531243350860057 0.9343713955983254 0.011543067141797465 0.05607434547224173 0.14454560475224387 0.2205526135561816 0.25925210585893405 0.31431382294665444 0.43526533593321903 0.5074791824574784 0.620044021348814 0.7277755619964665 0.841722661742826 0.9715663111498113 1.0056785208989654 1.2301261453024255 1.3063881125263628 1.6344068589645715 1.7716562328433014 2.1694097281498306
876 10512 -0.9211027348392578 -0.16585464520216753 0.1531243350860057 0.9343713955983254 0.011543067141797465 0.05607434547224173 0.14454560475224387 0.2205526135561816 0.25925210585893405 0.31431382294665444 0.43526533593321903 0.5074791824574784 0.620044021348814 0.7277755619964665 0.841722661742826 0.9715663111498113 1.0056785208989654 1.2301261453024255 1.3063881125263628 1.6344068589645715 1.7716562328433014 2.1694097281498306
877 10524 -0.9211027348392578 -0.16585464520216753 0.1531243350860057 0.9343713955983254 0.011543067141797465 0.05607434547224173 0.14454560475224387 0.2205526135561816 0.25925210585893405 0.31431382294665444 0.43526533593321903 0.5074791824574784 0.620044021348814 0.7277755619964665 0.841722661742826 0.9715663111498113 1.0056785208989654 1.2301261453024255 1.3063881125263628 1.6344068589645715 1.7716562328433014 2.1694097281498306
878 10536 -0.9211027348392578 -0.16585464520216753 0.1531243350860057 0.9343713955983254 0.011543067141797465 0.05607434547224173 0.14454560475224387 0.2205526135561816 0.25925210585893405 0.31431382294665444 0.43526533593321903 0.5074791824574784 0.620044021348814 0.7277755619964665 0.841722661742826 0.9715663111498113 1.0056785208989654 1.2301261453024255 1.3063881125263628 1.6344068589645715 1.7716562328433014 2.1694097281498306
879 10548 -0.9211027348392578 -0.16585464520216753 0.1531243350860057 0.9343713955983254 0.011543067141797465 0.05607434547224173 0.14454560475224387 0.2205526135561816 0.25925210585893405 0.31431382294665444 0.43526533593321903 0.5074791824574784 0.620044021348814 0.7277755619964665 0.841722661742826 0.9715663111498113 1.0056785208989654 1.2301261453024255 1.3063881125263628 1.6344068589645715 1.7716562328433014 2.1694097281498306
880 10560 -0.9211027348392578 -0.16585464520216753 0.1531243350860057 0.9343713955983254 0.011543067141797465 0.05607434547224173 0.14454560475224387 0.2205526135561816 0.25925210585893405 0.31431382294665444 0.43526533593321903 0.5074791824574784 0.620044021348814 0.7277755619964665 0.841722661742826 0.9715663111498113 1.0056785208989654 1.2301261453024255 1.3063881125263628 1.6344068589645715 1.7716562328433014 2.1694097281498306
881 10572 -0.9211027348392578 -0.16585464520216753 0.1531243350860057 0.9343713955983254 0.011543067141797465 0.05607434547224173 0.14454560475224387 0.2205526135561816 0.25925210585893405 0.31431382294665444 0.43526533593321903 0.5074791824574784 0.620044021348814 0.7277755619964665 0.841722661742826 0.9715663111498113 1.0056785208989654 1.2301261453024255 1.3063881125263628 1.6344068589645715 1.7716562328433014 2.1694097281498306
882 10584 -0.9211027348392578 -0.16585464520216753 0.1531243350860057 0.9343713955983254 0.011543067141797465 0.05607434547224173 0.14454560475224387 0.2205526135561816 0.25925210585893405 0.31431382294665444 0.43526533593321903 0.5074791824574784 0.620044021348814 0.7277755619964665 0.841722661742826 0.9715663111498113 1.0056785208989654 1.2301261453024255 1.3063881125263628 1.6344068589645715 1.7716562328433014 2.1694097281498306
883 10596 -0.9178080193511855 -0.16676975237157837 0.14192439274541044 0.9290110254321293 0.01017793500209478 0.05603745115312376 0.1494926982360933 0.21286598088293562 0.24898054654929058 0.317468003364265 0.41365187297602407 0.4493888913682904 0.6086593406166216 0.6914799878134663 0.8361579955521001 0.936811565373599 1.0261300264688022 1.1806111009968314 1.2862045976404266 1.6987535095519157 1.7790424756235086 2.1945410846771014
884 10608 -0.9178080193511855 -0.16676975237157837 0.14192439274541044 0.9290110254321293 0.01017793500209478 0.05603745115312376 0.1494926982360933 0.21286598088293562 0.24898054654929058 0.317468003364265 0.41365187297602407 0.4493888913682904 0.6086593406166216 0.6914799878134663 0.8361579955521001 0.936811565373599 1.0261300264688022 1.1806111009968314 1.2862045976404266 1.6987535095519157 1.7790424756235086 2.1945410846771014
885 10620 -0.9178080193511855 -0.16676975237157837 0.14192439274541044 0.9290110254321293 0.01017793500209478 0.05603745115312376 0.1494926982360933 0.21286598088293562 0.24898054654929058 0.317468003364265 0.41365187297602407 0.4493888913682904 0.6086593406166216 0.6914799878134663 0.8361579955521001 0.936811565373599 1.0261300264688022 1.1806111009968314 1.2862045976404266 1.6987535095519157 1.7790424756235086 2.1945410846771014
886 10632 -0.9178080193511855 -0.16676975237157837 0.14192439274541044 0.9290110254321293 0.01017793500209478 0.05603745115312376 0.1494926982360933 0.21286598088293562 0.24898054654929058 0.317468003364265 0.41365187297602407 0.4493888913682904 0.6086593406166216 0.6914799878134663 0.8361579955521001 0.936811565373599 1.0261300264688022 1.1806111009968314 1.2862045976404266 1.6987535095519157 1.7790424756235086 2.1945410846771014
887 10644 -0.9178080193511855 -0.16676975237157837 0.14192439274541044 0.9290110254321293 0.01017793500209478 0.05603745115312376 0.1494926982360933 0.21286598088293562 0.24898054654929058 0.317468003364265 0.41365187297602407 0.4493888913682904 0.6086593406166216 0.6914799878134663 0.8361579955521001 0.936811565373599 1.0261300264688022 1.1806111009968314 1.2862045976404266 1.6987535095519157 1.7790424756235086 2.1945410846771014
888 10656 -0.9178080193511855 -0.16676975237157837 0.14192439274541044 0.9290110254321293 0.01017793500209478 0.05603745115312376 0.1494926982360933 0.21286598088293562 0.24898054654929058 0.317468003364265 0.41365187297602407 0.4493888913682904 0.6086593406166216 0.6914799878134663 0.8361579955521001 0.936811565373599 1.0261300264688022 1.1806111009968314 1.2862045976404266 1.6987535095519157 1.7790424756235086 2.1945410846771014
889 10668 -0.9178080193511855 -0.16676975237157837 0.14192439274541044 0.9290110254321293 0.01017793500209478 0.05603745115312376 0.1494926982360933 0.21286598088293562 0.24898054654929058 0.317468003364265 0.41365187297602407 0.4493888913682904 0.6086593406166216 0.6914799878134663 0.8361579955521001 0.936811565373599 1.0261300264688022 1.1806111009968314 1.2862045976404266 1.6987535095519157 1.7790424756235086 2.1945410846771014
890 10680 -0.9178080193511855 -0.16676975237157837 0.14192439274541044 0.9290110254321293 0.01017793500209478 0.05603745115312376 0.1494926982360933 0.21286598088293562 0.24898054654929058 0.317468003364265 0.41365187297602407 0.4493888913682904 0.6086593406166216 0.6914799878134663 0.8361579955521001 0.936811565373599 1.0261300264688022 1.1806111009968314 1.2862045976404266 1.6987535095519157 1.7790424756235086 2.1945410846771014
891 10692 -0.9178080193511855 -0.16676975237157837 0.14192439274541044 0.9290110254321293 0.01017793500209478 0.05603745115312376 0.1494926982360933 0.21286598088293562 0.24898054654929058 0.317468003364265 0.41365187297602407 0.4493888913682904 0.6086593406166216 0.6914799878134663 0.8361579955521001 0.936811565373599 1.0261300264688022 1.1806111009968314 1.2862045976404266 1.6987535095519157 1.7790424756235086 2.1945410846771014
892 10704 -0.9178080193511855 -0.16676975237157837 0.14192439274541044 0.9290110254321293 0.01017793500209478 0.05603745115312376 0.1494926982360933 0.21286598088293562 0.24898054654929058 0.317468003364265 0.41365187297602407 0.4493888913682904 0.6086593406166216 0.6914799878134663 0.8361579955521001 0.936811565373599 1.0261300264688022 1.1806111009968314 1.2862045976404266 1.6987535095519157 1.7790424756235086 2.1945410846771014
893 10716 -0.9178080193511855 -0.16676975237157837 0.14192439274541044 0.9290110254321293 0.01017793500209478 0.05603745115312376 0.1494926982360933 0.21286598088293562 0.24898054654929058 0.317468003364265 0.41365187297602407 0.4493888913682904 0.6086593406166216 0.6914799878134663 0.8361579955521001 0.936811565373599 1.0261300264688022 1.1806111009968314 1.2862045976404266 1.6987535095519157 1.7790424756235086 2.1945410846771014
894 10728 -0.9178080193511855 -0.16676975237157837 0.14192439274541044 0.9290110254321293 0.01017793500209478 0.05603745115312376 0.1494926982360933 0.21286598088293562 0.24898054654929058 0.317468003364265 0.41365187297602407 0.4493888913682904 0.6086593406166216 0.6914799878134663 0.8361579955521001 0.936811565373599 1.0261300264688022 1.1806111009968314 1.2862045976404266 1.6987535095519157 1.7790424756235086 2.1945410846771014
895 10740 -0.9178080193511855 -0.16676975237157837 0.14192439274541044 0.9290110254321293 0.01017793500209478 0.05603745115312376 0.1494926982360933 0.21286598088293562 0.24898054654929058 0.317468003364265 0.41365187297602407 0.4493888913682904 0.6086593406166216 0.6914799878134663 0.8361579955521001 0.936811565373599 1.0261300264688022 1.1806111009968314 1.2862045976404266 1.6987535095519157 1.7790424756235086 2.1945410846771014
896 10752 -0.9178080193511855 -0.16676975237157837 0.14192439274541044 0.9290110254321293 0.01017793500209478 0.05603745115312376 0.1494926982360933 0.21286598088293562 0.24898054654929058 0.317468003364265 0.41365187297602407 0.4493888913682904 0.6086593406166216 0.6914799878134663 0.8361579955521001 0.936811565373599 1.0261300264688022 1.1806111009968314 1.2862045976404266 1.6987535095519157 1.7790424756235086 2.1945410846771014
897 10764 -0.9178080193511855 -0.16676975237157837 0.14192439274541044 0.9290110254321293 0.01017793500209478 0.05603745115312376 0.1494926982360933 0.21286598088293562 0.24898054654929058 0.317468003364265 0.41365187297602407 0.4493888913682904 0.6086593406166216 0.6914799878134663 0.8361579955521001 0.936811565373599 1.0261300264688022 1.1806111009968314 1.2862045976404266 1.6987535095519157 1.7790424756235086 2.1945410846771014
898 10776 -0.9178080193511855 -0.16676975237157837 0.14192439274541044 0.9290110254321293 0.01017793500209478 0.05603745115312376 0.1494926982360933 0.21286598088293562 0.24898054654929058 0.317468003364265 0.41365187297602407 0.4493888913682904 0.6086593406166216 0.6914799878134663 0.8361579955521001 0.936811565373599 1.0261300264688022 1.1806111009968314 1.2862045976404266 1.6987535095519157 1.7790424756235086 2.1945410846771014
899 10788 -0.9178080193511855 -0.16676975237157837 0.14192439274541044 0.9290110254321293 0.01017793500209478 0.05603745115312376 0.1494926982360933 0.21286598088293562 0.24898054654929058 0.317468003364265 0.41365187297602407 0.4493888913682904 0.6086593406166216 0.6914799878134663 0.8361579955521001 0.936811565373599 1.0261300264688022 1.1806111009968314 1.2862045976404266 1.6987535095519157 1.7790424756235086 2.1945410846771014
900 10800 -0.9178080193511855 -0.16676975237157837 0.14192439274541044 0.9290110254321293 0.01017793500209478 0.05603745115312376 0.1494926982360933 0.21286598088293562 0.24898054654929058 0.317468003364265 0.41365187297602407 0.4493888913682904 0.6086593406166216 0.6914799878134663 0.8361579955521001 0.936811565373599 1.0261300264688022 1.1806111009968314 1.2862045976404266 1.6987535095519157 1.7790424756235086 2.1945410846771014
901 10812 -0.9135144621091218 -0.17957968792078877 0.13543265735966153 0.9263486077579559 0.009227374938123395 0.056227770636026374 0.15512298809425953 0.2111177699110332 0.2441312385031705 0.305657185684017 0.38810241678052176 0.4522487945535649 0.5952569552050714 0.6638141766077242 0.8660005233855512 0.8894870747282821 1.04753163833465 1.2165656162475877 1.3063559784297014 1.6514355370117082 1.8505401434695417 2.1559586749452397
902 10824 -0.9135144621091218 -0.17957968792078877 0.13543265735966153 0.9263486077579559 0.009227374938123395 0.056227770636026374 0.15512298809425953 0.2111177699110332 0.2441312385031705 0.305657185684017 0.38810241678052176 0.4522487945535649 0.5952569552050714 0.6638141766077242 0.8660005233855512 0.8894870747282821 1.04753163833465 1.2165656162475877 1.3063559784297014 1.6514355370117082 1.8505401434695417 2.1559586749452397
903 10836 -0.9135144621091218 -0.17957968792078877 0.13543265735966153 0.9263486077579559 0.009227374938123395 0.056227770636026374 0.15512298809425953 0.2111177699110332 0.2441312385031705 0.305657185684017 0.38810241678052176 0.4522487945535649 0.5952569552050714 0.6638141766077242 0.8660005233855512 0.8894870747282821 1.04753163833465 1.2165656162475877 1.3063559784297014 1.6514355370117082 1.8505401434695417 2.1559586749452397
904 10848 -0.9135144621091218 -0.17957968792078877 0.13543265735966153 0.9263486077579559 0.009227374938123395 0.056227770636026374 0.15512298809425953 0.2111177699110332 0.2441312385031705 0.305657185684017 0.38810241678052176 0.4522487945535649 0.5952569552050714 0.6638141766077242 0.8660005233855512 0.8894870747282821 1.04753163833465 1.2165656162475877 1.3063559784297014 1.6514355370117082 1.8505401434695417 2.1559586749452397
905 10860 -0.9135144621091218 -0.17957968792078877 0.13543265735966153 0.9263486077579559 0.009227374938123395 0.056227770636026374 0.15512298809425953 0.2111177699110332 0.2441312385031705 0.305657185684017 0.38810241678052176 0.4522487945535649 0.5952569552050714 0.6638141766077242 0.8660005233855512 0.8894870747282821 1.04753163833465 1.2165656162475877 1.3063559784297014 1.6514355370117082 1.8505401434695417 2.1559586749452397
906 10872 -0.9135144621091218 -0.17957968792078877 0.13543265735966153 0.9263486077579559 0.009227374938123395 0.056227770636026374 0.15512298809425953 0.2111177699110332 0.2441312385031705 0.305657185684017 0.38810241678052176 0.4522487945535649 0.5952569552050714 0.6638141766077242 0.8660005233855512 0.8894870747282821 1.04753163833465 1.2165656162475877 1.3063559784297014 1.6514355370117082 1.8505401434695417 2.1559586749452397
907 10884 -0.9135144621091218 -0.17957968792078877 0.13543265735966153 0.9263486077579559 0.009227374938123395 0.056227770636026374 0.15512298809425953 0.2111177699110332 0.2441312385031705 0.305657185684017 0.38810241678052176 0.4522487945535649 0.5952569552050714 0.6638141766077242 0.8660005233855512 0.8894870747282821 1.04753163833465 1.2165656162475877 1.3063559784297014 1.6514355370117082 1.8505401434695417 2.1559586749452397
908 10896 -0.9135144621091218 -0.17957968792078877 0.13543265735966153 0.9263486077579559 0.009227374938123395 0.056227770636026374 0.15512298809425953 0.2111177699110332 0.2441312385031705 0.305657185684017 0.38810241678052176 0.4522487945535649 0.5952569552050714 0.6638141766077242 0.8660005233855512 0.8894870747282821 1.04753163833465 1.2165656162475877 1.3063559784297014 1.6514355370117082 1.8505401434695417 2.1559586749452397
909 10908 -0.9135144621091218 -0.17957968792078877 0.13543265735966153 0.9263486077579559 0.009227374938123395 0.056227770636026374 0.15512298809425953 0.2111177699110332 0.2441312385031705 0.305657185684017 0.38810241678052176 0.4522487945535649 0.5952569552050714 0.6638141766077242 0.8660005233855512 0.8894870747282821 1.04753163833465 1.2165656162475877 1.3063559784297014 1.6514355370117082 1.8505401434695417 2.1559586749452397
910 10920 -0.9135144621091218 -0.17957968792078877 0.13543265735966153 0.9263486077579559 0.009227374938123395 0.056227770636026374 0.15512298809425953 0.2111177699110332 0.2441312385031705 0.305657185684017 0.38810241678052176 0.4522487945535649 0.5952569552050714 0.6638141766077242 0.8660005233855512 0.8894870747282821 1.04753163833465 1.2165656162475877 1.3063559784297014 1.6514355370117082 1.8505401434695417 2.1559586749452397
911 10932 -0.9135144621091218 -0.17957968792078877 0.13543265735966153 0.9263486077579559 0.009227374938123395 0.056227770636026374 0.15512298809425953 0.2111177699110332 0.2441312385031705 0.305657185684017 0.38810241678052176 0.4522487945535649 0.5952569552050714 0.6638141766077242 0.8660005233855512 0.8894870747282821 1.04753163833465 1.2165656162475877 1.3063559784297014 1.6514355370117082 1.8505401434695417 2.1559586749452397
912 10944 -0.9135144621091218 -0.17957968792078877 0.13543265735966153 0.9263486077579559 0.009227374938123395 0.056227770636026374 0.15512298809425953 0.2111177699110332 0.2441312385031705 0.305657185684017 0.38810241678052176 0.4522487945535649 0.5952569552050714 0.6638141766077242 0.8660005233855512 0.8894870747282821 1.04753163833465 1.2165656162475877 1.3063559784297014 1.6514355370117082 1.8505401434695417 2.1559586749452397
913 10956 -0.9135144621091218 -0.17957968792078877 0.13543265735966153 0.9263486077579559 0.009227374938123395 0.056227770636026374 0.15512298809425953 0.2111177699110332 0.2441312385031705 0.305657185684017 0.38810241678052176 0.4522487945535649 0.5952569552050714 0.6638141766077242 0.8660005233855512 0.8894870747282821 1.04753163833465 1.2165656162475877 1.3063559784297014 1.6514355370117082 1.8505401434695417 2.1559586749452397
914 10968 -0.9135144621091218 -0.17957968792078877 0.13543265735966153 0.9263486077579559 0.009227374938123395 0.056227770636026374 0.15512298809425953 0.2111177699110332 0.2441312385031705 0.305657185684017 0.38810241678052176 0.4522487945535649 0.5952569552050714 0.6638141766077242 0.8660005233855512 0.8894870747282821 1.04753163833465 1.2165656162475877 1.3063559784297014 1.6514355370117082 1.8505401434695417 2.1559586749452397
915 10980 -0.9135144621091218 -0.17957968792078877 0.13543265735966153 0.9263486077579559 0.009227374938123395 0.056227770636026374 0.15512298809425953 0.2111177699110332 0.2441312385031705 0.305657185684017 0.38810241678052176 0.4522487945535649 0.5952569552050714 0.6638141766077242 0.8660005233855512 0.8894870747282821 1.04753163833465 1.2165656162475877 1.3063559784297014 1.6514355370117082 1.8505401434695417 2.1559586749452397
916 10992 -0.9135144621091218 -0.17957968792078877 0.13543265735966153 0.9263486077579559 0.009227374938123395 0.056227770636026374 0.15512298809425953 0.2111177699110332 0.2441312385031705 0.305657185684017 0.38810241678052176 0.4522487945535649 0.5952569552050714 0.6638141766077242 0.8660005233855512 0.8894870747282821 1.04753163833465 1.2165656162475877 1.3063559784297014 1.6514355370117082 1.8505401434695417 2.1559586749452397
917 11004 -0.9135144621091218 -0.17957968792078877 0.13543265735966153 0.9263486077579559 0.009227374938123395 0.056227770636026374 0.15512298809425953 0.2111177699110332 0.2441312385031705 0.305657185684017 0.38810241678052176 0.4522487945535649 0.5952569552050714 0.6638141766077242 0.8660005233855512 0.8894870747282821 1.04753163833465 1.2165656162475877 1.3063559784297014 1.6514355370117082 1.8505401434695417 2.1559586749452397
918 11016 -0.9135144621091218 -0.17957968792078877 0.13543265735966153 0.9263486077579559 0.009227374938123395 0.056227770636026374 0.15512298809425953 0.2111177699110332 0.2441312385031705 0.305657185684017 0.38810241678052176 0.4522487945535649 0.5952569552050714 0.6638141766077242 0.8660005233855512 0.8894870747282821 1.04753163833465 1.2165656162475877 1.3063559784297014 1.6514355370117082 1.8505401434695417 2.1559586749452397
919 11028 -0.9127085799791804 -0.16083848005473883 0.12037447235288203 0.9257176286941123 0.007517101821209232 0.05217482102384508 0.1525804777591536 0.1858571737905686 0.23813437105505617 0.2915854097224406 0.38411467439870944 0.4501312844914218 0.6051752262896017 0.6690243351972026 0.8676603846598921 0.9018858993776223 1.058626058061101 1.2093626939196067 1.3977855638630752 1.638028994285559 1.793502245445409 2.1518831149121844
920 11040 -0.9127085799791804 -0.16083848005473883 0.12037447235288203 0.9257176286941123 0.007517101821209232 0.05217482102384508 0.1525804777591536 0.1858571737905686 0.23813437105505617 0.2915854097224406 0.38411467439870944 0.4501312844914218 0.6051752262896017 0.6690243351972026 0.8676603846598921 0.9018858993776223 1.058626058061101 1.2093626939196067 1.3977855638630752 1.638028994285559 1.793502245445409 2.1518831149121844
921 11052 -0.9127085799791804 -0.16083848005473883 0.12037447235288203 0.9257176286941123 0.007517101821209232 0.05217482102384508 0.1525804777591536 0.1858571737905686 0.23813437105505617 0.2915854097224406 0.38411467439870944 0.4501312844914218 0.6051752262896017 0.6690243351972026 0.8676603846598921 0.9018858993776223 1.058626058061101 1.2093626939196067 1.3977855638630752 1.638028994285559 1.793502245445409 2.1518831149121844
922 11064 -0.9127085799791804 -0.16083848005473883 0.12037447235288203 0.9257176286941123 0.007517101821209232 0.05217482102384508 0.1525804777591536 0.1858571737905686 0.23813437105505617 0.2915854097224406 0.38411467439870944 0.4501312844914218 0.6051752262896017 0.6690243351972026 0.8676603846598921 0.9018858993776223 1.058626058061101 1.2093626939196067 1.3977855638630752 1.638028994285559 1.793502245445409 2.1518831149121844
923 11076 -0.9127085799791804 -0.16083848005473883 0.12037447235288203 0.9257176286941123 0.007517101821209232 0.05217482102384508 0.1525804777591536 0.1858571737905686 0.23813437105505617 0.2915854097224406 0.38411467439870944 0.4501312844914218 0.6051752262896017 0.6690243351972026 0.8676603846598921 0.9018858993776223 1.058626058061101 1.2093626939196067 1.3977855638630752 1.638028994285559 1.793502245445409 2.1518831149121844
924 11088 -0.9127085799791804 -0.16083848005473883 0.12037447235288203 0.9257176286941123 0.007517101821209232 0.05217482102384508 0.1525804777591536 0.1858571737905686 0.23813437105505617 0.2915854097224406 0.38411467439870944 0.4501312844914218 0.6051752262896017 0.6690243351972026 0.8676603846598921 0.9018858993776223 1.058626058061101 1.2093626939196067 1.3977855638630752 1.638028994285559 1.793502245445409 2.1518831149121844
925 11100 -0.9127085799791804 -0.16083848005473883 0.12037447235288203 0.9257176286941123 0.007517101821209232 0.05217482102384508 0.1525804777591536 0.1858571737905686 0.23813437105505617 0.2915854097224406 0.38411467439870944 0.4501312844914218 0.6051752262896017 0.6690243351972026 0.8676603846598921 0.9018858993776223 1.058626058061101 1.2093626939196067 1.3977855638630752 1.638028994285559 1.793502245445409 2.1518831149121844
926 11112 -0.9127085799791804 -0.16083848005473883 0.12037447235288203 0.9257176286941123 0.007517101821209232 0.05217482102384508 0.1525804777591536 0.1858571737905686 0.23813437105505617 0.2915854097224406 0.38411467439870944 0.4501312844914218 0.6051752262896017 0.6690243351972026 0.8676603846598921 0.9018858993776223 1.058626058061101 1.2093626939196067 1.3977855638630752 1.638028994285559 1.793502245445409 2.1518831149121844
927 11124 -0.9127085799791804 -0.16083848005473883 0.12037447235288203 0.9257176286941123 0.007517101821209232 0.05217482102384508 0.1525804777591536 0.1858571737905686 0.23813437105505617 0.2915854097224406 0.38411467439870944 0.4501312844914218 0.6051752262896017 0.6690243351972026 0.8676603846598921 0.9018858993776223 1.058626058061101 1.2093626939196067 1.3977855638630752 1.638028994285559 1.793502245445409 2.1518831149121844
928 11136 -0.9127085799791804 -0.16083848005473883 0.12037447235288203 0.9257176286941123 0.007517101821209232 0.05217482102384508 0.1525804777591536 0.1858571737905686 0.23813437105505617 0.2915854097224406 0.38411467439870944 0.4501312844914218 0.6051752262896017 0.6690243351972026 0.8676603846598921 0.9018858993776223 1.058626058061101 1.2093626939196067 1.3977855638630752 1.638028994285559 1.793502245445409 2.1518831149121844
929 11148 -0.9127085799791804 -0.16083848005473883 0.12037447235288203 0.9257176286941123 0.007517101821209232 0.05217482102384508 0.1525804777591536 0.1858571737905686 0.23813437105505617 0.2915854097224406 0.38411467439870944 0.4501312844914218 0.6051752262896017 0.6690243351972026 0.8676603846598921 0.9018858993776223 1.058626058061101 1.2093626939196067 1.3977855638630752 1.638028994285559 1.793502245445409 2.1518831149121844
930 11160 -0.9127085799791804 -0.16083848005473883 0.12037447235288203 0.9257176286941123 0.007517101821209232 0.05217482102384508 0.1525804777591536 0.1858571737905686 0.23813437105505617 0.2915854097224406 0.38411467439870944 0.4501312844914218 0.6051752262896017 0.6690243351972026 0.8676603846598921 0.9018858993776223 1.058626058061101 1.2093626939196067 1.3977855638630752 1.638028994285559 1.793502245445409 2.1518831149121844
931 11172 -0.9127085799791804 -0.16083848005473883 0.12037447235288203 0.9257176286941123 0.007517101821209232 0.05217482102384508 0.1525804777591536 0.1858571737905686 0.23813437105505617 0.2915854097224406 0.38411467439870944 0.4501312844914218 0.6051752262896017 0.6690243351972026 0.8676603846598921 0.9018858993776223 1.058626058061101 1.2093626939196067 1.3977855638630752 1.638028994285559 1.793502245445409 2.1518831149121844
932 11184 -0.9127085799791804 -0.16083848005473883 0.12037447235288203 0.9257176286941123 0.007517101821209232 0.05217482102384508 0.1525804777591536 0.1858571737905686 0.23813437105505617 0.2915854097224406 0.38411467439870944 0.4501312844914218 0.6051752262896017 0.6690243351972026 0.8676603846598921 0.9018858993776223 1.058626058061101 1.2093626939196067 1.3977855638630752 1.638028994285559 1.793502245445409 2.1518831149121844
933 11196 -0.9127085799791804 -0.16083848005473883 0.12037447235288203 0.9257176286941123 0.007517101821209232 0.05217482102384508 0.1525804777591536 0.1858571737905686 0.23813437105505617 0.2915854097224406 0.38411467439870944 0.4501312844914218 0.6051752262896017 0.6690243351972026 0.8676603846598921 0.9018858993776223 1.058626058061101 1.2093626939196067 1.3977855638630752 1.638028994285559 1.793502245445409 2.1518831149121844
934 11208 -0.9127085799791804 -0.16083848005473883 0.12037447235288203 0.9257176286941123 0.007517101821209232 0.05217482102384508 0.1525804777591536 0.1858571737905686 0.23813437105505617 0.2915854097224406 0.38411467439870944 0.4501312844914218 0.6051752262896017 0.6690243351972026 0.8676603846598921 0.9018858993776223 1.058626058061101 1.2093626939196067 1.3977855638630752 1.638028994285559 1.793502245445409 2.1518831149121844
935 11220 -0.9127085799791804 -0.16083848005473883 0.12037447235288203 0.9257176286941123 0.007517101821209232 0.05217482102384508 0.1525804777591536 0.1858571737905686 0.23813437105505617 0.2915854097224406 0.38411467439870944 0.4501312844914218 0.6051752262896017 0.6690243351972026 0.8676603846598921 0.9018858993776223 1.058626058061101 1.2093626939196067 1.3977855638630752 1.638028994285559 1.793502245445409 2.1518831149121844
936 11232 -0.9127085799791804 -0.16083848005473883 0.12037447235288203 0.9257176286941123 0.007517101821209232 0.05217482102384508 0.1525804777591536 0.1858571737905686 0.23813437105505617 0.2915854097224406 0.38411467439870944 0.4501312844914218 0.6051752262896017 0.6690243351972026 0.8676603846598921 0.9018858993776223 1.058626058061101 1.2093626939196067 1.3977855638630752 1.638028994285559 1.793502245445409 2.1518831149121844
937 11244 -0.904809131018437 -0.15476470480714272 0.11321550461404117 0.9062037748391135 0.005985700864438391 0.048767047802715555 0.15035121713906038 0.16194040781261354 0.23781130498680264 0.26635545954378476 0.3765327973660125 0.4418407082572756 0.6264322683223688 0.6351956192047417 0.8653716389640437 0.8947410237286428 1.1265850935327286 1.2384831977212298 1.3892983502938108 1.6158443622494854 1.8456538252221353 2.0948413222618756
938 11256 -0.904809131018437 -0.15476470480714272 0.11321550461404117 0.9062037748391135 0.005985700864438391 0.048767047802715555 0.15035121713906038 0.16194040781261354 0.23781130498680264 0.26635545954378476 0.3765327973660125 0.4418407082572756 0.6264322683223688 0.6351956192047417 0.8653716389640437 0.8947410237286428 1.1265850935327286 1.2384831977212298 1.3892983502938108 1.6158443622494854 1.8456538252221353 2.0948413222618756
939 11268 -0.904809131018437 -0.15476470480714272 0.11321550461404117 0.9062037748391135 0.005985700864438391 0.048767047802715555 0.15035121713906038 0.16194040781261354 0.23781130498680264 0.26635545954378476 0.3765327973660125 0.4418407082572756 0.6264322683223688 0.6351956192047417 0.8653716389640437 0.8947410237286428 1.1265850935327286 1.2384831977212298 1.3892983502938108 1.6158443622494854 1.8456538252221353 2.0948413222618756
940 11280 -0.904809131018437 -0.15476470480714272 0.11321550461404117 0.9062037748391135 0.005985700864438391 0.048767047802715555 0.15035121713906038 0.16194040781261354 0.23781130498680264 0.26635545954378476 0.3765327973660125 0.4418407082572756 0.6264322683223688 0.6351956192047417 0.8653716389640437 0.8947410237286428 1.1265850935327286 1.2384831977212298 1.3892983502938108 1.6158443622494854 1.8456538252221353 2.0948413222618756
941 11292 -0.904809131018437 -0.15476470480714272 0.11321550461404117 0.9062037748391135 0.005985700864438391 0.048767047802715555 0.15035121713906038 0.16194040781261354 0.23781130498680264 0.26635545954378476 0.3765327973660125 0.4418407082572756 0.6264322683223688 0.6351956192047417 0.8653716389640437 0.8947410237286428 1.1265850935327286 1.2384831977212298 1.3892983502938108 1.6158443622494854 1.8456538252221353 2.0948413222618756
942 11304 -0.904809131018437 -0.15476470480714272 0.11321550461404117 0.9062037748391135 0.005985700864438391 0.048767047802715555 0.15035121713906038 0.16194040781261354 0.23781130498680264 0.26635545954378476 0.3765327973660125 0.4418407082572756 0.6264322683223688 0.6351956192047417 0.8653716389640437 0.8947410237286428 1.1265850935327286 1.2384831977212298 1.3892983502938108 1.6158443622494854 1.8456538252221353 2.0948413222618756
943 11316 -0.904809131018437 -0.15476470480714272 0.11321550461404117 0.9062037748391135 0.005985700864438391 0.048767047802715555 0.15035121713906038 0.16194040781261354 0.23781130498680264 0.26635545954378476 0.3765327973660125 0.4418407082572756 0.6264322683223688 0.6351956192047417 0.8653716389640437 0.8947410237286428 1.1265850935327286 1.2384831977212298 1.3892983502938108 1.6158443622494854 1.8456538252221353 2.0948413222618756
944 11328 -0.904809131018437 -0.15476470480714272 0.11321550461404117 0.9062037748391135 0.005985700864438391 0.048767047802715555 0.15035121713906038 0.16194040781261354 0.23781130498680264 0.26635545954378476 0.3765327973660125 0.4418407082572756 0.6264322683223688 0.6351956192047417 0.8653716389640437 0.8947410237286428 1.1265850935327286 1.2384831977212298 1.3892983502938108 1.6158443622494854 1.8456538252221353 2.0948413222618756
945 11340 -0.904809131018437 -0.15476470480714272 0.11321550461404117 0.9062037748391135 0.005985700864438391 0.048767047802715555 0.15035121713906038 0.16194040781261354 0.23781130498680264 0.26635545954378476 0.3765327973660125 0.4418407082572756 0.6264322683223688 0.6351956192047417 0.8653716389640437 0.8947410237286428 1.1265850935327286 1.2384831977212298 1.3892983502938108 1.6158443622494854 1.8456538252221353 2.0948413222618756
946 11352 -0.904809131018437 -0.15476470480714272 0.11321550461404117 0.9062037748391135 0.005985700864438391 0.048767047802715555 0.15035121713906038 0.16194040781261354 0.23781130498680264 0.26635545954378476 0.3765327973660125 0.4418407082572756 0.6264322683223688 0.6351956192047417 0.8653716389640437 0.8947410237286428 1.1265850935327286 1.2384831977212298 1.3892983502938108 1.6158443622494854 1.8456538252221353 2.0948413222618756
947 11364 -0.904809131018437 -0.15476470480714272 0.11321550461404117 0.9062037748391135 0.005985700864438391 0.048767047802715555 0.15035121713906038 0.16194040781261354 0.23781130498680264 0.26635545954378476 0.3765327973660125 0.4418407082572756 0.6264322683223688 0.6351956192047417 0.8653716389640437 0.8947410237286428 1.1265850935327286 1.2384831977212298 1.3892983502938108 1.6158443622494854 1.8456538252221353 2.0948413222618756
948 11376 -0.904809131018437 -0.15476470480714272 0.11321550461404117 0.9062037748391135 0.005985700864438391 0.048767047802715555 0.15035121713906038 0.16194040781261354 0.23781130498680264 0.26635545954378476 0.3765327973660125 0.4418407082572756 0.6264322683223688 0.6351956192047417 0.8653716389640437 0.8947410237286428 1.1265850935327286 1.2384831977212298 1.3892983502938108 1.6158443622494854 1.8456538252221353 2.0948413222618756
949 11388 -0.904809131018437 -0.15476470480714272 0.11321550461404117 0.9062037748391135 0.005985700864438391 0.048767047802715555 0.15035121713906038 0.16194040781261354 0.23781130498680264 0.26635545954378476 0.3765327973660125 0.4418407082572756 0.6264322683223688 0.6351956192047417 0.8653716389640437 0.8947410237286428 1.1265850935327286 1.2384831977212298 1.3892983502938108 1.6158443622494854 1.8456538252221353 2.0948413222618756
950 11400 -0.904809131018437 -0.15476470480714272 0.11321550461404117 0.9062037748391135 0.005985700864438391 0.048767047802715555 0.15035121713906038 0.16194040781261354 0.23781130498680264 0.26635545954378476 0.3765327973660125 0.4418407082572756 0.6264322683223688 0.6351956192047417 0.8653716389640437 0.8947410237286428 1.1265850935327286 1.2384831977212298 1.3892983502938108 1.6158443622494854 1.8456538252221353 2.0948413222618756
951 11412 -0.904809131018437 -0.15476470480714272 0.11321550461404117 0.9062037748391135 0.005985700864438391 0.048767047802715555 0.15035121713906038 0.16194040781261354 0.23781130498680264 0.26635545954378476 0.3765327973660125 0.4418407082572756 0.6264322683223688 0.6351956192047417 0.8653716389640437 0.8947410237286428 1.1265850935327286 1.2384831977212298 1.3892983502938108 1.6158443622494854 1.8456538252221353 2.0948413222618756
952 11424 -0.904809131018437 -0.15476470480714272 0.11321550461404117 0.9062037748391135 0.005985700864438391 0.048767047802715555 0.15035121713906038 0.16194040781261354 0.23781130498680264 0.26635545954378476 0.3765327973660125 0.4418407082572756 0.6264322683223688 0.6351956192047417 0.8653716389640437 0.8947410237286428 1.1265850935327286 1.2384831977212298 1.3892983502938108 1.6158443622494854 1.8456538252221353 2.0948413222618756
953 11436 -0.904809131018437 -0.15476470480714272 0.11321550461404117 0.9062037748391135 0.005985700864438391 0.048767047802715555 0.15035121713906038 0.16194040781261354 0.23781130498680264 0.26635545954378476 0.3765327973660125 0.4418407082572756 0.6264322683223688 0.6351956192047417 0.8653716389640437 0.8947410237286428 1.1265850935327286 1.2384831977212298 1.3892983502938108 1.6158443622494854 1.8456538252221353 2.0948413222618756
954 11448 -0.904809131018437 -0.15476470480714272 0.11321550461404117 0.9062037748391135 0.005985700864438391 0.048767047802715555 0.15035121713906038 0.16194040781261354 0.23781130498680264 0.26635545954378476 0.3765327973660125 0.4418407082572756 0.6264322683223688 0.6351956192047417 0.8653716389640437 0.8947410237286428 1.1265850935327286 1.2384831977212298 1.3892983502938108 1.6158443622494854 1.8456538252221353 2.0948413222618756
955 11460 -0.9194532733429255 -0.1416851906408738 0.11554735152460693 0.9132540442104441 0.004767204677492635 0.04727422661236217 0.15147214202660164 0.16023045783813053 0.24492853808764015 0.26071262383263694 0.3595559588558103 0.3998934484071843 0.6101749301577513 0.6326988291411112 0.8665522319105119 0.9154805146993725 1.133475897380811 1.2259660279519113 1.3856767459761417 1.6022655055432058 1.8436103252299425 2.1204517816894732
956 11472 -0.9194532733429255 -0.1416851906408738 0.11554735152460693 0.9132540442104441 0.004767204677492635 0.04727422661236217 0.15147214202660164 0.16023045783813053 0.24492853808764015 0.26071262383263694 0.3595559588558103 0.3998934484071843 0.6101749301577513 0.6326988291411112 0.8665522319105119 0.9154805146993725 1.133475897380811 1.2259660279519113 1.3856767459761417 1.6022655055432058 1.8436103252299425 2.1204517816894732
957 11484 -0.9194532733429255 -0.1416851906408738 0.11554735152460693 0.9132540442104441 0.004767204677492635 0.04727422661236217 0.15147214202660164 0.16023045783813053 0.24492853808764015 0.26071262383263694 0.3595559588558103 0.3998934484071843 0.6101749301577513 0.6326988291411112 0.8665522319105119 0.9154805146993725 1.133475897380811 1.2259660279519113 1.3856767459761417 1.6022655055432058 1.8436103252299425 2.1204517816894732
958 11496 -0.9194532733429255 -0.1416851906408738 0.11554735152460693 0.9132540442104441 0.004767204677492635 0.04727422661236217 0.15147214202660164 0.16023045783813053 0.24492853808764015 0.26071262383263694 0.3595559588558103 0.3998934484071843 0.6101749301577513 0.6326988291411112 0.8665522319105119 0.9154805146993725 1.133475897380811 1.2259660279519113 1.3856767459761417 1.6022655055432058 1.8436103252299425 2.1204517816894732
959 11508 -0.9194532733429255 -0.1416851906408738 0.11554735152460693 0.9132540442104441 0.004767204677492635 0.04727422661236217 0.15147214202660164 0.16023045783813053 0.24492853808764015 0.26071262383263694 0.3595559588558103 0.3998934484071843 0.6101749301577513 0.6326988291411112 0.8665522319105119 0.9154805146993725 1.133475897380811 1.2259660279519113 1.3856767459761417 1.6022655055432058 1.8436103252299425 2.1204517816894732
960 11520 -0.9194532733429255 -0.1416851906408738 0.11554735152460693 0.9132540442104441 0.004767204677492635 0.04727422661236217 0.15147214202660164 0.16023045783813053 0.24492853808764015 0.26071262383263694 0.3595559588558103 0.3998934484071843 0.6101749301577513 0.6326988291411112 0.8665522319105119 0.9154805146993725 1.133475897380811 1.2259660279519113 1.3856767459761417 1.6022655055432058 1.8436103252299425 2.1204517816894732
961 11532 -0.9194532733429255 -0.1416851906408738 0.11554735152460693 0.9132540442104441 0.004767204677492635 0.04727422661236217 0.15147214202660164 0.16023045783813053 0.24492853808764015 0.26071262383263694 0.3595559588558103 0.3998934484071843 0.6101749301577513 0.6326988291411112 0.8665522319105119 0.9154805146993725 1.133475897380811 1.2259660279519113 1.3856767459761417 1.6022655055432058 1.8436103252299425 2.1204517816894732
962 11544 -0.9194532733429255 -0.1416851906408738 0.11554735152460693 0.9132540442104441 0.004767204677492635 0.04727422661236217 0.15147214202660164 0.16023045783813053 0.24492853808764015 0.26071262383263694 0.3595559588558103 0.3998934484071843 0.6101749301577513 0.6326988291411112 0.8665522319105119 0.9154805146993725 1.133475897380811 1.2259660279519113 1.3856767459761417 1.6022655055432058 1.8436103252299425 2.1204517816894732
963 11556 -0.9194532733429255 -0.1416851906408738 0.11554735152460693 0.9132540442104441 0.004767204677492635 0.04727422661236217 0.15147214202660164 0.16023045783813053 0.24492853808764015 0.26071262383263694 0.3595559588558103 0.3998934484071843 0.6101749301577513 0.6326988291411112 0.8665522319105119 0.9154805146993725 1.133475897380811 1.2259660279519113 1.3856767459761417 1.6022655055432058 1.8436103252299425 2.1204517816894732
964 11568 -0.9194532733429255 -0.1416851906408738 0.11554735152460693 0.9132540442104441 0.004767204677492635 0.04727422661236217 0.15147214202660164 0.16023045783813053 0.24492853808764015 0.26071262383263694 0.3595559588558103 0.3998934484071843 0.6101749301577513 0.6326988291411112 0.8665522319105119 0.9154805146993725 1.133475897380811 1.2259660279519113 1.3856767459761417 1.6022655055432058 1.8436103252299425 2.1204517816894732
965 11580 -0.9194532733429255 -0.1416851906408738 0.11554735152460693 0.9132540442104441 0.004767204677492635 0.04727422661236217 0.15147214202660164 0.16023045783813053 0.24492853808764015 0.26071262383263694 0.3595559588558103 0.3998934484071843 0.6101749301577513 0.6326988291411112 0.8665522319105119 0.9154805146993725 1.133475897380811 1.2259660279519113 1.3856767459761417 1.6022655055432058 1.8436103252299425 2.1204517816894732
966 11592 -0.9194532733429255 -0.1416851906408738 0.11554735152460693 0.9132540442104441 0.004767204677492635 0.04727422661236217 0.15147214202660164 0.16023045783813053 0.24492853808764015 0.26071262383263694 0.3595559588558103 0.3998934484071843 0.6101749301577513 0.6326988291411112 0.8665522319105119 0.9154805146993725 1.133475897380811 1.2259660279519113 1.3856767459761417 1.6022655055432058 1.8436103252299425 2.1204517816894732
967 11604 -0.9194532733429255 -0.1416851906408738 0.11554735152460693 0.9132540442104441 0.004767204677492635 0.04727422661236217 0.15147214202660164 0.16023045783813053 0.24492853808764015 0.26071262383263694 0.3595559588558103 0.3998934484071843 0.6101749301577513 0.6326988291411112 0.8665522319105119 0.9154805146993725 1.133475897380811 1.2259660279519113 1.3856767459761417 1.6022655055432058 1.8436103252299425 2.1204517816894732
968 11616 -0.9194532733429255 -0.1416851906408738 0.11554735152460693 0.9132540442104441 0.004767204677492635 0.04727422661236217 0.15147214202660164 0.16023045783813053 0.24492853808764015 0.26071262383263694 0.3595559588558103 0.3998934484071843 0.6101749301577513 0.6326988291411112 0.8665522319105119 0.9154805146993725 1.133475897380811 1.2259660279519113 1.3856767459761417 1.6022655055432058 1.8436103252299425 2.1204517816894732
969 11628 -0.9194532733429255 -0.1416851906408738 0.11554735152460693 0.9132540442104441 0.004767204677492635 0.04727422661236217 0.15147214202660164 0.16023045783813053 0.24492853808764015 0.26071262383263694 0.3595559588558103 0.3998934484071843 0.6101749301577513 0.6326988291411112 0.8665522319105119 0.9154805146993725 1.133475897380811 1.2259660279519113 1.3856767459761417 1.6022655055432058 1.8436103252299425 2.1204517816894732
970 11640 -0.9194532733429255 -0.1416851906408738 0.11554735152460693 0.9132540442104441 0.004767204677492635 0.04727422661236217 0.15147214202660164 0.16023045783813053 0.24492853808764015 0.26071262383263694 0.3595559588558103 0.3998934484071843 0.6101749301577513 0.6326988291411112 0.8665522319105119 0.9154805146993725 1.133475897380811 1.2259660279519113 1.3856767459761417 1.6022655055432058 1.8436103252299425 2.1204517816894732
971 11652 -0.9194532733429255 -0.1416851906408738 0.11554735152460693 0.9132540442104441 0.004767204677492635 0.04727422661236217 0.15147214202660164 0.16023045783813053 0.24492853808764015 0.26071262383263694 0.3595559588558103 0.3998934484071843 0.6101749301577513 0.6326988291411112 0.8665522319105119 0.9154805146993725 1.133475897380811 1.2259660279519113 1.3856767459761417 1.6022655055432058 1.8436103252299425 2.1204517816894732
972 11664 -0.9194532733429255 -0.1416851906408738 0.11554735152460693 0.9132540442104441 0.004767204677492635 0.04727422661236217 0.15147214202660164 0.16023045783813053 0.24492853808764015 0.26071262383263694 0.3595559588558103 0.3998934484071843 0.6101749301577513 0.6326988291411112 0.8665522319105119 0.9154805146993725 1.133475897380811 1.2259660279519113 1.3856767459761417 1.6022655055432058 1.8436103252299425 2.1204517816894732
973 11676 -0.9219862516201109 -0.1262592793129984 0.10192959485287442 0.9086185619274556 0.0026465045489490083 0.045905360680990284 0.14360534946578518 0.15723071457085183 0.24021183415660763 0.25662193279920487 0.31058928889865467 0.3906695399597118 0.6192286409906148 0.634364235576353 0.8666799178681215 0.932932112033466 1.1514133736793157 1.1839142372472888 1.4209992587756752 1.5665391702601987 1.8396213625127906 2.1418781390224915
974 11688 -0.9219862516201109 -0.1262592793129984 0.10192959485287442 0.9086185619274556 0.0026465045489490083 0.045905360680990284 0.14360534946578518 0.15723071457085183 0.24021183415660763 0.25662193279920487 0.31058928889865467 0.3906695399597118 0.6192286409906148 0.634364235576353 0.8666799178681215 0.932932112033466 1.1514133736793157 1.1839142372472888 1.4209992587756752 1.5665391702601987 1.8396213625127906 2.1418781390224915
975 11700 -0.9219862516201109 -0.1262592793129984 0.10192959485287442 0.9086185619274556 0.0026465045489490083 0.045905360680990284 0.14360534946578518 0.15723071457085183 0.24021183415660763 0.25662193279920487 0.31058928889865467 0.3906695399597118 0.6192286409906148 0.634364235576353 0.8666799178681215 0.932932112033466 1.1514133736793157 1.1839142372472888 1.4209992587756752 1.5665391702601987 1.8396213625127906 2.1418781390224915
976 11712 -0.9219862516201109 -0.1262592793129984 0.10192959485287442 0.9086185619274556 0.0026465045489490083 0.045905360680990284 0.14360534946578518 0.15723071457085183 0.24021183415660763 0.25662193279920487 0.31058928889865467 0.3906695399597118 0.6192286409906148 0.634364235576353 0.8666799178681215 0.932932112033466 1.1514133736793157 1.1839142372472888 1.4209992587756752 1.5665391702601987 1.8396213625127906 2.1418781390224915
977 11724 -0.9219862516201109 -0.1262592793129984 0.10192959485287442 0.9086185619274556 0.0026465045489490083 0.045905360680990284 0.14360534946578518 0.15723071457085183 0.24021183415660763 0.25662193279920487 0.31058928889865467 0.3906695399597118 0.6192286409906148 0.634364235576353 0.8666799178681215 0.932932112033466 1.1514133736793157 1.1839142372472888 1.4209992587756752 1.5665391702601987 1.8396213625127906 2.1418781390224915
978 11736 -0.9219862516201109 -0.1262592793129984 0.10192959485287442 0.9086185619274556 0.0026465045489490083 0.045905360680990284 0.14360534946578518 0.15723071457085183 0.24021183415660763 0.25662193279920487 0.31058928889865467 0.3906695399597118 0.6192286409906148 0.634364235576353 0.8666799178681215 0.932932112033466 1.1514133736793157 1.1839142372472888 1.4209992587756752 1.5665391702601987 1.8396213625127906 2.1418781390224915
979 11748 -0.9219862516201109 -0.1262592793129984 0.10192959485287442 0.9086185619274556 0.0026465045489490083 0.045905360680990284 0.14360534946578518 0.15723071457085183 0.24021183415660763 0.25662193279920487 0.31058928889865467 0.3906695399597118 0.6192286409906148 0.634364235576353 0.8666799178681215 0.932932112033466 1.1514133736793157 1.1839142372472888 1.4209992587756752 1.5665391702601987 1.8396213625127906 2.1418781390224915
980 11760 -0.9219862516201109 -0.1262592793129984 0.10192959485287442 0.9086185619274556 0.0026465045489490083 0.045905360680990284 0.14360534946578518 0.15723071457085183 0.24021183415660763 0.25662193279920487 0.31058928889865467 0.3906695399597118 0.6192286409906148 0.634364235576353 0.8666799178681215 0.932932112033466 1.1514133736793157 1.1839142372472888 1.4209992587756752 1.5665391702601987 1.8396213625127906 2.1418781390224915
981 11772 -0.9219862516201109 -0.1262592793129984 0.10192959485287442 0.9086185619274556 0.0026465045489490083 0.045905360680990284 0.14360534946578518 0.15723071457085183 0.24021183415660763 0.25662193279920487 0.31058928889865467 0.3906695399597118 0.6192286409906148 0.634364235576353 0.8666799178681215 0.932932112033466 1.1514133736793157 1.1839142372472888 1.4209992587756752 1.5665391702601987 1.8396213625127906 2.1418781390224915
982 11784 -0.9219862516201109 -0.1262592793129984 0.10192959485287442 0.9086185619274556 0.0026465045489490083 0.045905360680990284 0.14360534946578518 0.15723071457085183 0.24021183415660763 0.25662193279920487 0.31058928889865467 0.3906695399597118 0.6192286409906148 0.634364235576353 0.8666799178681215 0.932932112033466 1.1514133736793157 1.1839142372472888 1.4209992587756752 1.5665391702601987 1.8396213625127906 2.1418781390224915
983 11796 -0.9219862516201109 -0.1262592793129984 0.10192959485287442 0.9086185619274556 0.0026465045489490083 0.045905360680990284 0.14360534946578518 0.15723071457085183 0.24021183415660763 0.25662193279920487 0.31058928889865467 0.3906695399597118 0.6192286409906148 0.634364235576353 0.8666799178681215 0.932932112033466 1.1514133736793157 1.1839142372472888 1.4209992587756752 1.5665391702601987 1.8396213625127906 2.1418781390224915
984 11808 -0.9219862516201109 -0.1262592793129984 0.10192959485287442 0.9086185619274556 0.0026465045489490083 0.045905360680990284 0.14360534946578518 0.15723071457085183 0.24021183415660763 0.25662193279920487 0.31058928889865467 0.3906695399597118 0.6192286409906148 0.634364235576353 0.8666799178681215 0.932932112033466 1.1514133736793157 1.1839142372472888 1.4209992587756752 1.5665391702601987 1.8396213625127906 2.1418781390224915
985 11820 -0.9219862516201109 -0.1262592793129984 0.10192959485287442 0.9086185619274556 0.0026465045489490083 0.045905360680990284 0.14360534946578518 0.15723071457085183 0.24021183415660763 0.25662193279920487 0.31058928889865467 0.3906695399597118 0.6192286409906148 0.634364235576353 0.8666799178681215 0.932932112033466 1.1514133736793157 1.1839142372472888 1.4209992587756752 1.5665391702601987 1.8396213625127906 2.1418781390224915
986 11832 -0.9219862516201109 -0.1262592793129984 0.10192959485287442 0.9086185619274556 0.0026465045489490083 0.045905360680990284 0.14360534946578518 0.15723071457085183 0.24021183415660763 0.25662193279920487 0.31058928889865467 0.3906695399597118 0.6192286409906148 0.634364235576353 0.8666799178681215 0.932932112033466 1.1514133736793157 1.1839142372472888 1.4209992587756752 1.5665391702601987 1.8396213625127906 2.1418781390224915
987 11844 -0.9219862516201109 -0.1262592793129984 0.10192959485287442 0.9086185619274556 0.0026465045489490083 0.045905360680990284 0.14360534946578518 0.15723071457085183 0.24021183415660763 0.25662193279920487 0.31058928889865467 0.3906695399597118 0.6192286409906148 0.634364235576353 0.8666799178681215 0.932932112033466 1.1514133736793157 1.1839142372472888 1.4209992587756752 1.5665391702601987 1.8396213625127906 2.1418781390224915
988 11856 -0.9219862516201109 -0.1262592793129984 0.10192959485287442 0.9086185619274556 0.0026465045489490083 0.045905360680990284 0.14360534946578518 0.15723071457085183 0.24021183415660763 0.25662193279920487 0.31058928889865467 0.3906695399597118 0.6192286409906148 0.634364235576353 0.8666799178681215 0.932932112033466 1.1514133736793157 1.1839142372472888 1.4209992587756752 1.5665391702601987 1.8396213625127906 2.1418781390224915
989 11868 -0.9219862516201109 -0.1262592793129984 0.10192959485287442 0.9086185619274556 0.0026465045489490083 0.045905360680990284 0.14360534946578518 0.15723071457085183 0.24021183415660763 0.25662193279920487 0.31058928889865467 0.3906695399597118 0.6192286409906148 0.634364235576353 0.8666799178681215 0.932932112033466 1.1514133736793157 1.1839142372472888 1.4209992587756752 1.5665391702601987 1.8396213625127906 2.1418781390224915
990 11880 -0.9219862516201109 -0.1262592793129984 0.10192959485287442 0.9086185619274556 0.0026465045489490083 0.045905360680990284 0.14360534946578518 0.15723071457085183 0.24021183415660763 0.25662193279920487 0.31058928889865467 0.3906695399597118 0.6192286409906148 0.634364235576353 0.8666799178681215 0.932932112033466 1.1514133736793157 1.1839142372472888 1.4209992587756752 1.5665391702601987 1.8396213625127906 2.1418781390224915
991 11892 -0.9214294867586895 -0.137517801519344 0.12329036684807881 0.8912855395838091 0.0017703411132844802 0.04499394404980757 0.12412846436747318 0.15270936935259533 0.22820336526704754 0.2609319593539673 0.2952895559421914 0.37405439727209455 0.5480634625091745 0.6268556414662374 0.816644423391257 0.9223819905134987 1.1388547167132583 1.2308126215795916 1.449547515726073 1.5763043649317334 1.8328056322462618 2.154985287541247
992 11904 -0.9214294867586895 -0.137517801519344 0.12329036684807881 0.8912855395838091 0.0017703411132844802 0.04499394404980757 0.12412846436747318 0.15270936935259533 0.22820336526704754 0.2609319593539673 0.2952895559421914 0.37405439727209455 0.5480634625091745 0.6268556414662374 0.816644423391257 0.9223819905134987 1.1388547167132583 1.2308126215795916 1.449547515726073 1.5763043649317334 1.8328056322462618 2.154985287541247
993 11916 -0.9214294867586895 -0.137517801519344 0.12329036684807881 0.8912855395838091 0.0017703411132844802 0.04499394404980757 0.12412846436747318 0.15270936935259533 0.22820336526704754 0.2609319593539673 0.2952895559421914 0.37405439727209455 0.5480634625091745 0.6268556414662374 0.816644423391257 0.9223819905134987 1.1388547167132583 1.2308126215795916 1.449547515726073 1.5763043649317334 1.8328056322462618 2.154985287541247
994 11928 -0.9214294867586895 -0.137517801519344 0.12329036684807881 0.8912855395838091 0.0017703411132844802 0.04499394404980757 0.12412846436747318 0.15270936935259533 0.22820336526704754 0.2609319593539673 0.2952895559421914 0.37405439727209455 0.5480634625091745 0.6268556414662374 0.816644423391257 0.9223819905134987 1.1388547167132583 1.2308126215795916 1.449547515726073 1.5763043649317334 1.8328056322462618 2.154985287541247
995 11940 -0.9214294867586895 -0.137517801519344 0.12329036684807881 0.8912855395838091 0.0017703411132844802 0.04499394404980757 0.12412846436747318 0.15270936935259533 0.22820336526704754 0.2609319593539673 0.2952895559421914 0.37405439727209455 0.5480634625091745 0.6268556414662374 0.816644423391257 0.9223819905134987 1.1388547167132583 1.2308126215795916 1.449547515726073 1.5763043649317334 1.8328056322462618 2.154985287541247
996 11952 -0.9214294867586895 -0.137517801519344 0.12329036684807881 0.8912855395838091 0.0017703411132844802 0.04499394404980757 0.12412846436747318 0.15270936935259533 0.22820336526704754 0.2609319593539673 0.2952895559421914 0.37405439727209455 0.5480634625091745 0.6268556414662374 0.816644423391257 0.9223819905134987 1.1388547167132583 1.2308126215795916 1.449547515726073 1.5763043649317334 1.8328056322462618 2.154985287541247
997 11964 -0.9214294867586895 -0.137517801519344 0.12329036684807881 0.8912855395838091 0.0017703411132844802 0.04499394404980757 0.12412846436747318 0.15270936935259533 0.22820336526704754 0.2609319593539673 0.2952895559421914 0.37405439727209455 0.5480634625091745 0.6268556414662374 0.816644423391257 0.9223819905134987 1.1388547167132583 1.2308126215795916 1.449547515726073 1.5763043649317334 1.8328056322462618 2.154985287541247
998 11976 -0.9214294867586895 -0.137517801519344 0.12329036684807881 0.8912855395838091 0.0017703411132844802 0.04499394404980757 0.12412846436747318 0.15270936935259533 0.22820336526704754 0.2609319593539673 0.2952895559421914 0.37405439727209455 0.5480634625091745 0.6268556414662374 0.816644423391257 0.9223819905134987 1.1388547167132583 1.2308126215795916 1.449547515726073 1.5763043649317334 1.8328056322462618 2.154985287541247
999 11988 -0.9214294867586895 -0.137517801519344 0.12329036684807881 0.8912855395838091 0.0017703411132844802 0.04499394404980757 0.12412846436747318 0.15270936935259533 0.22820336526704754 0.2609319593539673 0.2952895559421914 0.37405439727209455 0.5480634625091745 0.6268556414662374 0.816644423391257 0.9223819905134987 1.1388547167132583 1.2308126215795916 1.449547515726073 1.5763043649317334 1.8328056322462618 2.154985287541247
1000 12000 -0.9214294867586895 -0.137517801519344 0.12329036684807881 0.8912855395838091 0.0017703411132844802 0.04499394404980757 0.12412846436747318 0.15270936935259533 0.22820336526704754 0.2609319593539673 0.2952895559421914 0.37405439727209455 0.5480634625091745 0.6268556414662374 0.816644423391257 0.9223819905134987 1.1388547167132583 1.2308126215795916 1.449547515726073 1.5763043649317334 1.8328056322462618 2.154985287541247
1001 12012 -0.9214294867586895 -0.137517801519344 0.12329036684807881 0.8912855395838091 0.0017703411132844802 0.04499394404980757 0.12412846436747318 0.15270936935259533 0.22820336526704754 0.2609319593539673 0.2952895559421914 0.37405439727209455 0.5480634625091745 0.6268556414662374 0.816644423391257 0.9223819905134987 1.1388547167132583 1.2308126215795916 1.449547515726073 1.5763043649317334 1.8328056322462618 2.154985287541247
1002 12024 -0.9214294867586895 -0.137517801519344 0.12329036684807881 0.8912855395838091 0.0017703411132844802 0.04499394404980757 0.12412846436747318 0.15270936935259533 0.22820336526704754 0.2609319593539673 0.2952895559421914 0.37405439727209455 0.5480634625091745 0.6268556414662374 0.816644423391257 0.9223819905134987 1.1388547167132583 1.2308126215795916 1.449547515726073 1.5763043649317334 1.8328056322462618 2.154985287541247
1003 12036 -0.9214294867586895 -0.137517801519344 0.12329036684807881 0.8912855395838091 0.0017703411132844802 0.04499394404980757 0.12412846436747318 0.15270936935259533 0.22820336526704754 0.2609319593539673 0.2952895559421914 0.37405439727209455 0.5480634625091745 0.6268556414662374 0.816644423391257 0.9223819905134987 1.1388547167132583 1.2308126215795916 1.449547515726073 1.5763043649317334 1.8328056322462618 2.154985287541247
1004 12048 -0.9214294867586895 -0.137517801519344 0.12329036684807881 0.8912855395838091 0.0017703411132844802 0.04499394404980757 0.12412846436747318 0.15270936935259533 0.22820336526704754 0.2609319593539673 0.2952895559421914 0.37405439727209455 0.5480634625091745 0.6268556414662374 0.816644423391257 0.9223819905134987 1.1388547167132583 1.2308126215795916 1.449547515726073 1.5763043649317334 1.8328056322462618 2.154985287541247
1005 12060 -0.9214294867586895 -0.137517801519344 0.12329036684807881 0.8912855395838091 0.0017703411132844802 0.04499394404980757 0.12412846436747318 0.15270936935259533 0.22820336526704754 0.2609319593539673 0.2952895559421914 0.37405439727209455 0.5480634625091745 0.6268556414662374 0.816644423391257 0.9223819905134987 1.1388547167132583 1.2308126215795916 1.449547515726073 1.5763043649317334 1.8328056322462618 2.154985287541247
1006 12072 -0.9214294867586895 -0.137517801519344 0.12329036684807881 0.8912855395838091 0.0017703411132844802 0.04499394404980757 0.12412846436747318 0.15270936935259533 0.22820336526704754 0.2609319593539673 0.2952895559421914 0.37405439727209455 0.5480634625091745 0.6268556414662374 0.816644423391257 0.9223819905134987 1.1388547167132583 1.2308126215795916 1.449547515726073 1.5763043649317334 1.8328056322462618 2.154985287541247
1007 12084 -0.9214294867586895 -0.137517801519344 0.12329036684807881 0.8912855395838091 0.0017703411132844802 0.04499394404980757 0.12412846436747318 0.15270936935259533 0.22820336526704754 0.2609319593539673 0.2952895559421914 0.37405439727209455 0.5480634625091745 0.6268556414662374 0.816644423391257 0.9223819905134987 1.1388547167132583 1.2308126215795916 1.449547515726073 1.5763043649317334 1.8328056322462618 2.154985287541247
1008 12096 -0.9214294867586895 -0.137517801519344 0.12329036684807881 0.8912855395838091 0.0017703411132844802 0.04499394404980757 0.12412846436747318 0.15270936935259533 0.22820336526704754 0.2609319593539673 0.2952895559421914 0.37405439727209455 0.5480634625091745 0.6268556414662374 0.816644423391257 0.9223819905134987 1.1388547167132583 1.2308126215795916 1.449547515726073 1.5763043649317334 1.8328056322462618 2.154985287541247
1009 12108 -0.9216722066234426 -0.13748207356007738 0.11760868227649288 0.8902304869557387 0.0013462570831113347 0.04604669296743027 0.12147020294488828 0.15409821328042872 0.22242731260025175 0.25841296239373956 0.280340938258437 0.3972824182767664 0.5466978430250694 0.6278316561446142 0.7957115757721669 0.903845452638813 1.1490108531275782 1.2269229003092366 1.5134366251343596 1.5553237309201546 1.8311199228011388 2.139034411624003
1010 12120 -0.9216722066234426 -0.13748207356007738 0.11760868227649288 0.8902304869557387 0.0013462570831113347 0.04604669296743027 0.12147020294488828 0.15409821328042872 0.22242731260025175 0.25841296239373956 0.280340938258437 0.3972824182767664 0.5466978430250694 0.6278316561446142 0.7957115757721669 0.903845452638813 1.1490108531275782 1.2269229003092366 1.5134366251343596 1.5553237309201546 1.8311199228011388 2.139034411624003
1011 12132 -0.9216722066234426 -0.13748207356007738 0.11760868227649288 0.8902304869557387 0.0013462570831113347 0.04604669296743027 0.12147020294488828 0.15409821328042872 0.22242731260025175 0.25841296239373956 0.280340938258437 0.3972824182767664 0.5466978430250694 0.6278316561446142 0.7957115757721669 0.903845452638813 1.1490108531275782 1.2269229003092366 1.5134366251343596 1.5553237309201546 1.8311199228011388 2.139034411624003
1012 12144 -0.9216722066234426 -0.13748207356007738 0.11760868227649288 0.8902304869557387 0.0013462570831113347 0.04604669296743027 0.12147020294488828 0.15409821328042872 0.22242731260025175 0.25841296239373956 0.280340938258437 0.3972824182767664 0.5466978430250694 0.6278316561446142 0.7957115757721669 0.903845452638813 1.1490108531275782 1.2269229003092366 1.5134366251343596 1.5553237309201546 1.8311199228011388 2.139034411624003
1013 12156 -0.9216722066234426 -0.13748207356007738 0.11760868227649288 0.8902304869557387 0.0013462570831113347 0.04604669296743027 0.12147020294488828 0.15409821328042872 0.22242731260025175 0.25841296239373956 0.280340938258437 0.3972824182767664 0.5466978430250694 0.6278316561446142 0.7957115757721669 0.903845452638813 1.1490108531275782 1.2269229003092366 1.5134366251343596 1.5553237309201546 1.8311199228011388 2.139034411624003
1014 12168 -0.9216722066234426 -0.13748207356007738 0.11760868227649288 0.8902304869557387 0.0013462570831113347 0.04604669296743027 0.12147020294488828 0.15409821328042872 0.22242731260025175 0.25841296239373956 0.280340938258437 0.3972824182767664 0.5466978430250694 0.6278316561446142 0.7957115757721669 0.903845452638813 1.1490108531275782 1.2269229003092366 1.5134366251343596 1.5553237309201546 1.8311199228011388 2.139034411624003
1015 12180 -0.9216722066234426 -0.13748207356007738 0.11760868227649288 0.8902304869557387 0.0013462570831113347 0.04604669296743027 0.12147020294488828 0.15409821328042872 0.22242731260025175 0.25841296239373956 0.280340938258437 0.3972824182767664 0.5466978430250694 0.6278316561446142 0.7957115757721669 0.903845452638813 1.1490108531275782 1.2269229003092366 1.5134366251343596 1.5553237309201546 1.8311199228011388 2.139034411624003
1016 12192 -0.9216722066234426 -0.13748207356007738 0.11760868227649288 0.8902304869557387 0.0013462570831113347 0.04604669296743027 0.12147020294488828 0.15409821328042872 0.22242731260025175 0.25841296239373956 0.280340938258437 0.3972824182767664 0.5466978430250694 0.6278316561446142 0.7957115757721669 0.903845452638813 1.1490108531275782 1.2269229003092366 1.5134366251343596 1.5553237309201546 1.8311199228011388 2.139034411624003
1017 12204 -0.9216722066234426 -0.13748207356007738 0.11760868227649288 0.8902304869557387 0.0013462570831113347 0.04604669296743027 0.12147020294488828 0.15409821328042872 0.22242731260025175 0.25841296239373956 0.280340938258437 0.3972824182767664 0.5466978430250694 0.6278316561446142 0.7957115757721669 0.903845452638813 1.1490108531275782 1.2269229003092366 1.5134366251343596 1.5553237309201546 1.8311199228011388 2.139034411624003
1018 12216 -0.9216722066234426 -0.13748207356007738 0.11760868227649288 0.8902304869557387 0.0013462570831113347 0.04604669296743027 0.12147020294488828 0.15409821328042872 0.22242731260025175 0.25841296239373956 0.280340938258437 0.3972824182767664 0.5466978430250694 0.6278316561446142 0.7957115757721669 0.903845452638813 1.1490108531275782 1.2269229003092366 1.5134366251343596 1.5553237309201546 1.8311199228011388 2.139034411624003
1019 12228 -0.9216722066234426 -0.13748207356007738 0.11760868227649288 0.8902304869557387 0.0013462570831113347 0.04604669296743027 0.12147020294488828 0.15409821328042872 0.22242731260025175 0.25841296239373956 0.280340938258437 0.3972824182767664 0.5466978430250694 0.6278316561446142 0.7957115757721669 0.903845452638813 1.1490108531275782 1.2269229003092366 1.5134366251343596 1.5553237309201546 1.8311199228011388 2.139034411624003
1020 12240 -0.9216722066234426 -0.13748207356007738 0.11760868227649288 0.8902304869557387 0.0013462570831113347 0.04604669296743027 0.12147020294488828 0.15409821328042872 0.22242731260025175 0.25841296239373956 0.280340938258437 0.3972824182767664 0.5466978430250694 0.6278316561446142 0.7957115757721669 0.903845452638813 1.1490108531275782 1.2269229003092366 1.5134366251343596 1.5553237309201546 1.8311199228011388 2.139034411624003
1021 12252 -0.9216722066234426 -0.13748207356007738 0.11760868227649288 0.8902304869557387 0.0013462570831113347 0.04604669296743027 0.12147020294488828 0.15409821328042872 0.22242731260025175 0.25841296239373956 0.280340938258437 0.3972824182767664 0.5466978430250694 0.6278316561446142 0.7957115757721669 0.903845452638813 1.1490108531275782 1.2269229003092366 1.5134366251343596 1.5553237309201546 1.8311199228011388 2.139034411624003
1022 12264 -0.9216722066234426 -0.13748207356007738 0.11760868227649288 0.8902304869557387 0.0013462570831113347 0.04604669296743027 0.12147020294488828 0.15409821328042872 0.22242731260025175 0.25841296239373956 0.280340938258437 0.3972824182767664 0.5466978430250694 0.6278316561446142 0.7957115757721669 0.903845452638813 1.1490108531275782 1.2269229003092366 1.5134366251343596 1.5553237309201546 1.8311199228011388 2.139034411624003
1023 12276 -0.9216722066234426 -0.13748207356007738 0.11760868227649288 0.8902304869557387 0.0013462570831113347 0.04604669296743027 0.12147020294488828 0.15409821328042872 0.22242731260025175 0.25841296239373956 0.280340938258437 0.3972824182767664 0.5466978430250694 0.6278316561446142 0.7957115757721669 0.903845452638813 1.1490108531275782 1.2269229003092366 1.5134366251343596 1.5553237309201546 1.8311199228011388 2.139034411624003
1024 12288 -0.9216722066234426 -0.13748207356007738 0.11760868227649288 0.8902304869557387 0.0013462570831113347 0.04604669296743027 0.12147020294488828 0.15409821328042872 0.22242731260025175 0.25841296239373956 0.280340938258437 0.3972824182767664 0.5466978430250694 0.6278316561446142 0.7957115757721669 0.903845452638813 1.1490108531275782 1.2269229003092366 1.5134366251343596 1.5553237309201546 1.8311199228011388 2.139034411624003
1025 12300 -0.9216722066234426 -0.13748207356007738 0.11760868227649288 0.8902304869557387 0.0013462570831113347 0.04604669296743027 0.12147020294488828 0.15409821328042872 0.22242731260025175 0.25841296239373956 0.280340938258437 0.3972824182767664 0.5466978430250694 0.6278316561446142 0.7957115757721669 0.903845452638813 1.1490108531275782 1.2269229003092366 1.5134366251343596 1.5553237309201546 1.8311199228011388 2.139034411624003
1026 12312 -0.9216722066234426 -0.13748207356007738 0.11760868227649288 0.8902304869557387 0.0013462570831113347 0.04604669296743027 0.12147020294488828 0.15409821328042872 0.22242731260025175 0.25841296239373956 0.280340938258437 0.3972824182767664 0.5466978430250694 0.6278316561446142 0.7957115757721669 0.903845452638813 1.1490108531275782 1.2269229003092366 1.5134366251343596 1.5553237309201546 1.8311199228011388 2.139034411624003
1027 12324 -0.9262159738978373 -0.1436095057053637 0.1491283230729843 0.8989111664614715 0.0013218219423053084 0.04799148043854655 0.10310106760036972 0.15609393641848032 0.23213706437261528 0.248322355883189 0.2924719010062596 0.38759593522918806 0.5481148640113623 0.6150569664804024 0.7814773539378178 0.9165161072620657 1.143356811697498 1.2655576563973743 1.4859899674143078 1.5679704728104398 1.7734879411514521 2.1819913478167132
1028 12336 -0.9262159738978373 -0.1436095057053637 0.1491283230729843 0.8989111664614715 0.0013218219423053084 0.04799148043854655 0.10310106760036972 0.15609393641848032 0.23213706437261528 0.248322355883189 0.2924719010062596 0.38759593522918806 0.5481148640113623 0.6150569664804024 0.7814773539378178 0.9165161072620657 1.143356811697498 1.2655576563973743 1.4859899674143078 1.5679704728104398 1.7734879411514521 2.1819913478167132
1029 12348 -0.9262159738978373 -0.1436095057053637 0.1491283230729843 0.8989111664614715 0.0013218219423053084 0.04799148043854655 0.10310106760036972 0.15609393641848032 0.23213706437261528 0.248322355883189 0.2924719010062596 0.38759593522918806 0.5481148640113623 0.6150569664804024 0.7814773539378178 0.9165161072620657 1.143356811697498 1.2655576563973743 1.4859899674143078 1.5679704728104398 1.7734879411514521 2.1819913478167132
1030 12360 -0.9262159738978373 -0.1436095057053637 0.1491283230729843 0.8989111664614715 0.0013218219423053084 0.04799148043854655 0.10310106760036972 0.15609393641848032 0.23213706437261528 0.248322355883189 0.2924719010062596 0.38759593522918806 0.5481148640113623 0.6150569664804024 0.7814773539378178 0.9165161072620657 1.143356811697498 1.2655576563973743 1.4859899674143078 1.5679704728104398 1.7734879411514521 2.1819913478167132
1031 12372 -0.9262159738978373 -0.1436095057053637 0.1491283230729843 0.8989111664614715 0.0013218219423053084 0.04799148043854655 0.10310106760036972 0.15609393641848032 0.23213706437261528 0.248322355883189 0.2924719010062596 0.38759593522918806 0.5481148640113623 0.6150569664804024 0.7814773539378178 0.9165161072620657 1.143356811697498 1.2655576563973743 1.4859899674143078 1.5679704728104398 1.7734879411514521 2.1819913478167132
1032 12384 -0.9262159738978373 -0.1436095057053637 0.1491283230729843 0.8989111664614715 0.0013218219423053084 0.04799148043854655 0.10310106760036972 0.15609393641848032 0.23213706437261528 0.248322355883189 0.2924719010062596 0.38759593522918806 0.5481148640113623 0.6150569664804024 0.7814773539378178 0.9165161072620657 1.143356811697498 1.2655576563973743 1.4859899674143078 1.5679704728104398 1.7734879411514521 2.1819913478167132
1033 12396 -0.9262159738978373 -0.1436095057053637 0.1491283230729843 0.8989111664614715 0.0013218219423053084 0.04799148043854655 0.10310106760036972 0.15609393641848032 0.23213706437261528 0.248322355883189 0.2924719010062596 0.38759593522918806 0.5481148640113623 0.6150569664804024 0.7814773539378178 0.9165161072620657 1.143356811697498 1.2655576563973743 1.4859899674143078 1.5679704728104398 1.7734879411514521 2.1819913478167132
1034 12408 -0.9262159738978373 -0.1436095057053637 0.1491283230729843 0.8989111664614715 0.0013218219423053084 0.04799148043854655 0.10310106760036972 0.15609393641848032 0.23213706437261528 0.248322355883189 0.2924719010062596 0.38759593522918806 0.5481148640113623 0.6150569664804024 0.7814773539378178 0.9165161072620657 1.143356811697498 1.2655576563973743 1.4859899674143078 1.5679704728104398 1.7734879411514521 2.1819913478167132
1035 12420 -0.9262159738978373 -0.1436095057053637 0.1491283230729843 0.8989111664614715 0.0013218219423053084 0.04799148043854655 0.10310106760036972 0.15609393641848032 0.23213706437261528 0.248322355883189 0.2924719010062596 0.38759593522918806 0.5481148640113623 0.6150569664804024 0.7814773539378178 0.9165161072620657 1.143356811697498 1.2655576563973743 1.4859899674143078 1.5679704728104398 1.7734879411514521 2.1819913478167132
1036 12432 -0.9262159738978373 -0.1436095057053637 0.1491283230729843 0.8989111664614715 0.0013218219423053084 0.04799148043854655 0.10310106760036972 0.15609393641848032 0.23213706437261528 0.248322355883189 0.2924719010062596 0.38759593522918806 0.5481148640113623 0.6150569664804024 0.7814773539378178 0.9165161072620657 1.143356811697498 1.2655576563973743 1.4859899674143078 1.5679704728104398 1.7734879411514521 2.1819913478167132
1037 12444 -0.9262159738978373 -0.1436095057053637 0.1491283230729843 0.8989111664614715 0.0013218219423053084 0.04799148043854655 0.10310106760036972 0.15609393641848032 0.23213706437261528 0.248322355883189 0.2924719010062596 0.38759593522918806 0.5481148640113623 0.6150569664804024 0.7814773539378178 0.9165161072620657 1.143356811697498 1.2655576563973743 1.4859899674143078 1.5679704728104398 1.7734879411514521 2.1819913478167132
1038 12456 -0.9262159738978373 -0.1436095057053637 0.1491283230729843 0.8989111664614715 0.0013218219423053084 0.04799148043854655 0.10310106760036972 0.15609393641848032 0.23213706437261528 0.248322355883189 0.2924719010062596 0.38759593522918806 0.5481148640113623 0.6150569664804024 0.7814773539378178 0.9165161072620657 1.143356811697498 1.2655576563973743 1.4859899674143078 1.5679704728104398 1.7734879411514521 2.1819913478167132
1039 12468 -0.9262159738978373 -0.1436095057053637 0.1491283230729843 0.8989111664614715 0.0013218219423053084 0.04799148043854655 0.10310106760036972 0.15609393641848032 0.23213706437261528 0.248322355883189 0.2924719010062596 0.38759593522918806 0.5481148640113623 0.6150569664804024 0.7814773539378178 0.9165161072620657 1.143356811697498 1.2655576563973743 1.4859899674143078 1.5679704728104398 1.7734879411514521 2.1819913478167132
1040 12480 -0.9262159738978373 -0.1436095057053637 0.1491283230729843 0.8989111664614715 0.0013218219423053084 0.04799148043854655 0.10310106760036972 0.15609393641848032 0.23213706437261528 0.248322355883189 0.2924719010062596 0.38759593522918806 0.5481148640113623 0.6150569664804024 0.7814773539378178 0.9165161072620657 1.143356811697498 1.2655576563973743 1.4859899674143078 1.5679704728104398 1.7734879411514521 2.1819913478167132
1041 12492 -0.9262159738978373 -0.1436095057053637 0.1491283230729843 0.8989111664614715 0.0013218219423053084 0.04799148043854655 0.10310106760036972 0.15609393641848032 0.23213706437261528 0.248322355883189 0.2924719010062596 0.38759593522918806 0.5481148640113623 0.6150569664804024 0.7814773539378178 0.9165161072620657 1.143356811697498 1.2655576563973743 1.4859899674143078 1.5679704728104398 1.7734879411514521 2.1819913478167132
1042 12504 -0.9262159738978373 -0.1436095057053637 0.1491283230729843 0.8989111664614715 0.0013218219423053084 0.04799148043854655 0.10310106760036972 0.15609393641848032 0.23213706437261528 0.248322355883189 0.2924719010062596 0.38759593522918806 0.5481148640113623 0.6150569664804024 0.7814773539378178 0.9165161072620657 1.143356811697498 1.2655576563973743 1.4859899674143078 1.5679704728104398 1.7734879411514521 2.1819913478167132
1043 12516 -0.9262159738978373 -0.1436095057053637 0.1491283230729843 0.8989111664614715 0.0013218219423053084 0.04799148043854655 0.10310106760036972 0.15609393641848032 0.23213706437261528 0.248322355883189 0.2924719010062596 0.38759593522918806 0.5481148640113623 0.6150569664804024 0.7814773539378178 0.9165161072620657 1.143356811697498 1.2655576563973743 1.4859899674143078 1.5679704728104398 1.7734879411514521 2.1819913478167132
1044 12528 -0.9262159738978373 -0.1436095057053637 0.1491283230729843 0.8989111664614715 0.0013218219423053084 0.04799148043854655 0.10310106760036972 0.15609393641848032 0.23213706437261528 0.248322355883189 0.2924719010062596 0.38759593522918806 0.5481148640113623 0.6150569664804024 0.7814773539378178 0.9165161072620657 1.143356811697498 1.2655576563973743 1.4859899674143078 1.5679704728104398 1.7734879411514521 2.1819913478167132
1045 12540 -0.9339732010252509 -0.17317189100034458 0.18811531537661313 0.9049472555045981 0.0012685034580676318 0.04520502066376017 0.09255275037405822 0.15500690045266427 0.20240955205877825 0.2427594270302277 0.2961784247448362 0.38765821537798345 0.5437902078929548 0.6093873301468056 0.7557158421912047 0.9523258247856713 1.1010130045913935 1.2324224973951003 1.4691687465185723 1.5571119480339712 1.7204123412871395 2.2821919097423944
1046 12552 -0.9339732010252509 -0.17317189100034458 0.18811531537661313 0.9049472555045981 0.0012685034580676318 0.04520502066376017 0.09255275037405822 0.15500690045266427 0.20240955205877825 0.2427594270302277 0.2961784247448362 0.38765821537798345 0.5437902078929548 0.6093873301468056 0.7557158421912047 0.9523258247856713 1.1010130045913935 1.2324224973951003 1.4691687465185723 1.5571119480339712 1.7204123412871395 2.2821919097423944
1047 12564 -0.9339732010252509 -0.17317189100034458 0.18811531537661313 0.9049472555045981 0.0012685034580676318 0.04520502066376017 0.09255275037405822 0.15500690045266427 0.20240955205877825 0.2427594270302277 0.2961784247448362 0.38765821537798345 0.5437902078929548 0.6093873301468056 0.7557158421912047 0.9523258247856713 1.1010130045913935 1.2324224973951003 1.4691687465185723 1.5571119480339712 1.7204123412871395 2.2821919097423944
1048 12576 -0.9339732010252509 -0.17317189100034458 0.18811531537661313 0.9049472555045981 0.0012685034580676318 0.04520502066376017 0.09255275037405822 0.15500690045266427 0.20240955205877825 0.2427594270302277 0.2961784247448362 0.38765821537798345 0.5437902078929548 0.6093873301468056 0.7557158421912047 0.9523258247856713 1.1010130045913935 1.2324224973951003 1.4691687465185723 1.5571119480339712 1.7204123412871395 2.2821919097423944
1049 12588 -0.9339732010252509 -0.17317189100034458 0.18811531537661313 0.9049472555045981 0.0012685034580676318 0.04520502066376017 0.09255275037405822 0.15500690045266427 0.20240955205877825 0.2427594270302277 0.2961784247448362 0.38765821537798345 0.5437902078929548 0.6093873301468056 0.7557158421912047 0.9523258247856713 1.1010130045913935 1.2324224973951003 1.4691687465185723 1.5571119480339712 1.7204123412871395 2.2821919097423944
1050 12600 -0.9339732010252509 -0.17317189100034458 0.18811531537661313 0.9049472555045981 0.0012685034580676318 0.04520502066376017 0.09255275037405822 0.15500690045266427 0.20240955205877825 0.2427594270302277 0.2961784247448362 0.38765821537798345 0.5437902078929548 0.6093873301468056 0.7557158421912047 0.9523258247856713 1.1010130045913935 1.2324224973951003 1.4691687465185723 1.5571119480339712 1.7204123412871395 2.2821919097423944
1051 12612 -0.9339732010252509 -0.17317189100034458 0.18811531537661313 0.9049472555045981 0.0012685034580676318 0.04520502066376017 0.09255275037405822 0.15500690045266427 0.20240955205877825 0.2427594270302277 0.2961784247448362 0.38765821537798345 0.5437902078929548 0.6093873301468056 0.7557158421912047 0.9523258247856713 1.1010130045913935 1.2324224973951003 1.4691687465185723 1.5571119480339712 1.7204123412871395 2.2821919097423944
1052 12624 -0.9339732010252509 -0.17317189100034458 0.18811531537661313 0.9049472555045981 0.0012685034580676318 0.04520502066376017 0.09255275037405822 0.15500690045266427 0.20240955205877825 0.2427594270302277 0.2961784247448362 0.38765821537798345 0.5437902078929548 0.6093873301468056 0.7557158421912047 0.9523258247856713 1.1010130045913935 1.2324224973951003 1.4691687465185723 1.5571119480339712 1.7204123412871395 2.2821919097423944
1053 12636 -0.9339732010252509 -0.17317189100034458 0.18811531537661313 0.9049472555045981 0.0012685034580676318 0.04520502066376017 0.09255275037405822 0.15500690045266427 0.20240955205877825 0.2427594270302277 0.2961784247448362 0.38765821537798345 0.5437902078929548 0.6093873301468056 0.7557158421912047 0.9523258247856713 1.1010130045913935 1.2324224973951003 1.4691687465185723 1.5571119480339712 1.7204123412871395 2.2821919097423944
1054 12648 -0.9339732010252509 -0.17317189100034458 0.18811531537661313 0.9049472555045981 0.0012685034580676318 0.04520502066376017 0.09255275037405822 0.15500690045266427 0.20240955205877825 0.2427594270302277 0.2961784247448362 0.38765821537798345 0.5437902078929548 0.6093873301468056 0.7557158421912047 0.9523258247856713 1.1010130045913935 1.2324224973951003 1.4691687465185723 1.5571119480339712 1.7204123412871395 2.2821919097423944
1055 12660 -0.9339732010252509 -0.17317189100034458 0.18811531537661313 0.9049472555045981 0.0012685034580676318 0.04520502066376017 0.09255275037405822 0.15500690045266427 0.20240955205877825 0.2427594270302277 0.2961784247448362 0.38765821537798345 0.5437902078929548 0.6093873301468056 0.7557158421912047 0.9523258247856713 1.1010130045913935 1.2324224973951003 1.4691687465185723 1.5571119480339712 1.7204123412871395 2.2821919097423944
1056 12672 -0.9339732010252509 -0.17317189100034458 0.18811531537661313 0.9049472555045981 0.0012685034580676318 0.04520502066376017 0.09255275037405822 0.15500690045266427 0.20240955205877825 0.2427594270302277 0.2961784247448362 0.38765821537798345 0.5437902078929548 0.6093873301468056 0.7557158421912047 0.9523258247856713 1.1010130045913935 1.2324224973951003 1.4691687465185723 1.5571119480339712 1.7204123412871395 2.2821919097423944
1057 12684 -0.9339732010252509 -0.17317189100034458 0.18811531537661313 0.9049472555045981 0.0012685034580676318 0.04520502066376017 0.09255275037405822 0.15500690045266427 0.20240955205877825 0.2427594270302277 0.2961784247448362 0.38765821537798345 0.5437902078929548 0.6093873301468056 0.7557158421912047 0.9523258247856713 1.1010130045913935 1.2324224973951003 1.4691687465185723 1.5571119480339712 1.7204123412871395 2.2821919097423944
1058 12696 -0.9339732010252509 -0.17317189100034458 0.18811531537661313 0.9049472555045981 0.0012685034580676318 0.04520502066376017 0.09255275037405822 0.15500690045266427 0.20240955205877825 0.2427594270302277 0.2961784247448362 0.38765821537798345 0.5437902078929548 0.6093873301468056 0.7557158421912047 0.9523258247856713 1.1010130045913935 1.2324224973951003 1.4691687465185723 1.5571119480339712 1.7204123412871395 2.2821919097423944
1059 12708 -0.9339732010252509 -0.17317189100034458 0.18811531537661313 0.9049472555045981 0.0012685034580676318 0.04520502066376017 0.09255275037405822 0.15500690045266427 0.20240955205877825 0.2427594270302277 0.2961784247448362 0.38765821537798345 0.5437902078929548 0.6093873301468056 0.7557158421912047 0.9523258247856713 1.1010130045913935 1.2324224973951003 1.4691687465185723 1.5571119480339712 1.7204123412871395 2.2821919097423944
1060 12720 -0.9339732010252509 -0.17317189100034458 0.18811531537661313 0.9049472555045981 0.0012685034580676318 0.04520502066376017 0.09255275037405822 0.15500690045266427 0.20240955205877825 0.2427594270302277 0.2961784247448362 0.38765821537798345 0.5437902078929548 0.6093873301468056 0.7557158421912047 0.9523258247856713 1.1010130045913935 1.2324224973951003 1.4691687465185723 1.5571119480339712 1.7204123412871395 2.2821919097423944
1061 12732 -0.9339732010252509 -0.17317189100034458 0.18811531537661313 0.9049472555045981 0.0012685034580676318 0.04520502066376017 0.09255275037405822 0.15500690045266427 0.20240955205877825 0.2427594270302277 0.2961784247448362 0.38765821537798345 0.5437902078929548 0.6093873301468056 0.7557158421912047 0.9523258247856713 1.1010130045913935 1.2324224973951003 1.4691687465185723 1.5571119480339712 1.7204123412871395 2.2821919097423944
1062 12744 -0.9339732010252509 -0.17317189100034458 0.18811531537661313 0.9049472555045981 0.0012685034580676318 0.04520502066376017 0.09255275037405822 0.15500690045266427 0.20240955205877825 0.2427594270302277 0.2961784247448362 0.38765821537798345 0.5437902078929548 0.6093873301468056 0.7557158421912047 0.9523258247856713 1.1010130045913935 1.2324224973951003 1.4691687465185723 1.5571119480339712 1.7204123412871395 2.2821919097423944
1063 12756 -0.9331818216010221 -0.15515912720196845 0.16838393403574126 0.9099242768962792 0.0012535718964749086 0.03671865814530884 0.07506790742207627 0.15995518891335933 0.18141461842890877 0.23886038448030997 0.2864871512834719 0.3964693808729884 0.5045247607644239 0.5991612969463455 0.7928482870205836 0.949314936666518 1.0768830106873446 1.2164034414419962 1.500837700565317 1.5508887300761331 1.7455981899567021 2.269505918277249
1064 12768 -0.9331818216010221 -0.15515912720196845 0.16838393403574126 0.9099242768962792 0.0012535718964749086 0.03671865814530884 0.07506790742207627 0.15995518891335933 0.18141461842890877 0.23886038448030997 0.2864871512834719 0.3964693808729884 0.5045247607644239 0.5991612969463455 0.7928482870205836 0.949314936666518 1.0768830106873446 1.2164034414419962 1.500837700565317 1.5508887300761331 1.7455981899567021 2.269505918277249
1065 12780 -0.9331818216010221 -0.15515912720196845 0.16838393403574126 0.9099242768962792 0.0012535718964749086 0.03671865814530884 0.07506790742207627 0.15995518891335933 0.18141461842890877 0.23886038448030997 0.2864871512834719 0.3964693808729884 0.5045247607644239 0.5991612969463455 0.7928482870205836 0.949314936666518 1.0768830106873446 1.2164034414419962 1.500837700565317 1.5508887300761331 1.7455981899567021 2.269505918277249
1066 12792 -0.9331818216010221 -0.15515912720196845 0.16838393403574126 0.9099242768962792 0.0012535718964749086 0.03671865814530884 0.07506790742207627 0.15995518891335933 0.18141461842890877 0.23886038448030997 0.2864871512834719 0.3964693808729884 0.5045247607644239 0.5991612969463455 0.7928482870205836 0.949314936666518 1.0768830106873446 1.2164034414419962 1.500837700565317 1.5508887300761331 1.7455981899567021 2.269505918277249
1067 12804 -0.9331818216010221 -0.15515912720196845 0.16838393403574126 0.9099242768962792 0.0012535718964749086 0.03671865814530884 0.07506790742207627 0.15995518891335933 0.18141461842890877 0.23886038448030997 0.2864871512834719 0.3964693808729884 0.5045247607644239 0.5991612969463455 0.7928482870205836 0.949314936666518 1.0768830106873446 1.2164034414419962 1.500837700565317 1.5508887300761331 1.7455981899567021 2.269505918277249
1068 12816 -0.9331818216010221 -0.15515912720196845 0.16838393403574126 0.9099242768962792 0.0012535718964749086 0.03671865814530884 0.07506790742207627 0.15995518891335933 0.18141461842890877 0.23886038448030997 0.2864871512834719 0.3964693808729884 0.5045247607644239 0.5991612969463455 0.7928482870205836 0.949314936666518 1.0768830106873446 1.2164034414419962 1.500837700565317 1.5508887300761331 1.7455981899567021 2.269505918277249
1069 12828 -0.9331818216010221 -0.15515912720196845 0.16838393403574126 0.9099242768962792 0.0012535718964749086 0.03671865814530884 0.07506790742207627 0.15995518891335933 0.18141461842890877 0.23886038448030997 0.2864871512834719 0.3964693808729884 0.5045247607644239 0.5991612969463455 0.7928482870205836 0.949314936666518 1.0768830106873446 1.2164034414419962 1.500837700565317 1.5508887300761331 1.7455981899567021 2.269505918277249
1070 12840 -0.9331818216010221 -0.15515912720196845 0.16838393403574126 0.9099242768962792 0.0012535718964749086 0.03671865814530884 0.07506790742207627 0.15995518891335933 0.18141461842890877 0.23886038448030997 0.2864871512834719 0.3964693808729884 0.5045247607644239 0.5991612969463455 0.7928482870205836 0.949314936666518 1.0768830106873446 1.2164034414419962 1.500837700565317 1.5508887300761331 1.7455981899567021 2.269505918277249
1071 12852 -0.9331818216010221 -0.15515912720196845 0.16838393403574126 0.9099242768962792 0.0012535718964749086 0.03671865814530884 0.07506790742207627 0.15995518891335933 0.18141461842890877 0.23886038448030997 0.2864871512834719 0.3964693808729884 0.5045247607644239 0.5991612969463455 0.7928482870205836 0.949314936666518 1.0768830106873446 1.2164034414419962 1.500837700565317 1.5508887300761331 1.7455981899567021 2.269505918277249
1072 12864 -0.9331818216010221 -0.15515912720196845 0.16838393403574126 0.9099242768962792 0.0012535718964749086 0.03671865814530884 0.07506790742207627 0.15995518891335933 0.18141461842890877 0.23886038448030997 0.2864871512834719 0.3964693808729884 0.5045247607644239 0.5991612969463455 0.7928482870205836 0.949314936666518 1.0768830106873446 1.2164034414419962 1.500837700565317 1.5508887300761331 1.7455981899567021 2.269505918277249
1073 12876 -0.9331818216010221 -0.15515912720196845 0.16838393403574126 0.9099242768962792 0.0012535718964749086 0.03671865814530884 0.07506790742207627 0.15995518891335933 0.18141461842890877 0.23886038448030997 0.2864871512834719 0.3964693808729884 0.5045247607644239 0.5991612969463455 0.7928482870205836 0.949314936666518 1.0768830106873446 1.2164034414419962 1.500837700565317 1.5508887300761331 1.7455981899567021 2.269505918277249
1074 12888 -0.9331818216010221 -0.15515912720196845 0.16838393403574126 0.9099242768962792 0.0012535718964749086 0.03671865814530884 0.07506790742207627 0.15995518891335933 0.18141461842890877 0.23886038448030997 0.2864871512834719 0.3964693808729884 0.5045247607644239 0.5991612969463455 0.7928482870205836 0.949314936666518 1.0768830106873446 1.2164034414419962 1.500837700565317 1.5508887300761331 1.7455981899567021 2.269505918277249
1075 12900 -0.9331818216010221 -0.15515912720196845 0.16838393403574126 0.9099242768962792 0.0012535718964749086 0.03671865814530884 0.07506790742207627 0.15995518891335933 0.18141461842890877 0.23886038448030997 0.2864871512834719 0.3964693808729884 0.5045247607644239 0.5991612969463455 0.7928482870205836 0.949314936666518 1.0768830106873446 1.2164034414419962 1.500837700565317 1.5508887300761331 1.7455981899567021 2.269505918277249
1076 12912 -0.9331818216010221 -0.15515912720196845 0.16838393403574126 0.9099242768962792 0.0012535718964749086 0.03671865814530884 0.07506790742207627 0.15995518891335933 0.18141461842890877 0.23886038448030997 0.2864871512834719 0.3964693808729884 0.5045247607644239 0.5991612969463455 0.7928482870205836 0.949314936666518 1.0768830106873446 1.2164034414419962 1.500837700565317 1.5508887300761331 1.7455981899567021 2.269505918277249
1077 12924 -0.9331818216010221 -0.15515912720196845 0.16838393403574126 0.9099242768962792 0.0012535718964749086 0.03671865814530884 0.07506790742207627 0.15995518891335933 0.18141461842890877 0.23886038448030997 0.2864871512834719 0.3964693808729884 0.5045247607644239 0.5991612969463455 0.7928482870205836 0.949314936666518 1.0768830106873446 1.2164034414419962 1.500837700565317 1.5508887300761331 1.7455981899567021 2.269505918277249
1078 12936 -0.9331818216010221 -0.15515912720196845 0.16838393403574126 0.9099242768962792 0.0012535718964749086 0.03671865814530884 0.07506790742207627 0.15995518891335933 0.18141461842890877 0.23886038448030997 0.2864871512834719 0.3964693808729884 0.5045247607644239 0.5991612969463455 0.7928482870205836 0.949314936666518 1.0768830106873446 1.2164034414419962 1.500837700565317 1.5508887300761331 1.7455981899567021 2.269505918277249
1079 12948 -0.9331818216010221 -0.15515912720196845 0.16838393403574126 0.9099242768962792 0.0012535718964749086 0.03671865814530884 0.07506790742207627 0.15995518891335933 0.18141461842890877 0.23886038448030997 0.2864871512834719 0.3964693808729884 0.5045247607644239 0.5991612969463455 0.7928482870205836 0.949314936666518 1.0768830106873446 1.2164034414419962 1.500837700565317 1.5508887300761331 1.7455981899567021 2.269505918277249
1080 12960 -0.9331818216010221 -0.15515912720196845 0.16838393403574126 0.9099242768962792 0.0012535718964749086 0.03671865814530884 0.07506790742207627 0.15995518891335933 0.18141461842890877 0.23886038448030997 0.2864871512834719 0.3964693808729884 0.5045247607644239 0.5991612969463455 0.7928482870205836 0.949314936666518 1.0768830106873446 1.2164034414419962 1.500837700565317 1.5508887300761331 1.7455981899567021 2.269505918277249
1081 12972 -0.9352784051444889 -0.17773880897361255 0.19471057397381003 0.9229636580868741 0.0012353522392440925 0.02452683530234172 0.06561002896525113 0.15257722184833697 0.17699797505277257 0.22574463621298368 0.2548422273653589 0.3905332455452528 0.5128444488779127 0.6096890192607932 0.7655188937562276 0.8899379622436625 1.0537348819289385 1.200594003307773 1.453163876167755 1.5898363304196332 1.7319544032060832 2.33850589378777
1082 12984 -0.9352784051444889 -0.17773880897361255 0.19471057397381003 0.9229636580868741 0.0012353522392440925 0.02452683530234172 0.06561002896525113 0.15257722184833697 0.17699797505277257 0.22574463621298368 0.2548422273653589 0.3905332455452528 0.5128444488779127 0.6096890192607932 0.7655188937562276 0.8899379622436625 1.0537348819289385 1.200594003307773 1.453163876167755 1.5898363304196332 1.7319544032060832 2.33850589378777
1083 12996 -0.9352784051444889 -0.17773880897361255 0.19471057397381003 0.9229636580868741 0.0012353522392440925 0.02452683530234172 0.06561002896525113 0.15257722184833697 0.17699797505277257 0.22574463621298368 0.2548422273653589 0.3905332455452528 0.5128444488779127 0.6096890192607932 0.7655188937562276 0.8899379622436625 1.0537348819289385 1.200594003307773 1.453163876167755 1.5898363304196332 1.7319544032060832 2.33850589378777
1084 13008 -0.9352784051444889 -0.17773880897361255 0.19471057397381003 0.9229636580868741 0.0012353522392440925 0.02452683530234172 0.06561002896525113 0.15257722184833697 0.17699797505277257 0.22574463621298368 0.2548422273653589 0.3905332455452528 0.5128444488779127 0.6096890192607932 0.7655188937562276 0.8899379622436625 1.0537348819289385 1.200594003307773 1.453163876167755 1.5898363304196332 1.7319544032060832 2.33850589378777
1085 13020 -0.9352784051444889 -0.17773880897361255 0.19471057397381003 0.9229636580868741 0.0012353522392440925 0.02452683530234172 0.06561002896525113 0.15257722184833697 0.17699797505277257 0.22574463621298368 0.2548422273653589 0.3905332455452528 0.5128444488779127 0.6096890192607932 0.7655188937562276 0.8899379622436625 1.0537348819289385 1.200594003307773 1.453163876167755 1.5898363304196332 1.7319544032060832 2.33850589378777
1086 13032 -0.9352784051444889 -0.17773880897361255 0.19471057397381003 0.9229636580868741 0.0012353522392440925 0.02452683530234172 0.06561002896525113 0.15257722184833697 0.17699797505277257 0.22574463621298368 0.2548422273653589 0.3905332455452528 0.5128444488779127 0.6096890192607932 0.7655188937562276 0.8899379622436625 1.0537348819289385 1.200594003307773 1.453163876167755 1.5898363304196332 1.7319544032060832 2.33850589378777
1087 13044 -0.9352784051444889 -0.17773880897361255 0.19471057397381003 0.9229636580868741 0.0012353522392440925 0.02452683530234172 0.06561002896525113 0.15257722184833697 0.17699797505277257 0.22574463621298368 0.2548422273653589 0.3905332455452528 0.5128444488779127 0.6096890192607932 0.7655188937562276 0.8899379622436625 1.0537348819289385 1.200594003307773 1.453163876167755 1.5898363304196332 1.7319544032060832 2.33850589378777
1088 13056 -0.9352784051444889 -0.17773880897361255 0.19471057397381003 0.9229636580868741 0.0012353522392440925 0.02452683530234172 0.06561002896525113 0.15257722184833697 0.17699797505277257 0.22574463621298368 0.2548422273653589 0.3905332455452528 0.5128444488779127 0.6096890192607932 0.7655188937562276 0.8899379622436625 1.0537348819289385 1.200594003307773 1.453163876167755 1.5898363304196332 1.7319544032060832 2.33850589378777
1089 13068 -0.9352784051444889 -0.17773880897361255 0.19471057397381003 0.9229636580868741 0.0012353522392440925 0.02452683530234172 0.06561002896525113 0.15257722184833697 0.17699797505277257 0.22574463621298368 0.2548422273653589 0.3905332455452528 0.5128444488779127 0.6096890192607932 0.7655188937562276 0.8899379622436625 1.0537348819289385 1.200594003307773 1.453163876167755 1.5898363304196332 1.7319544032060832 2.33850589378777
1090 13080 -0.9352784051444889 -0.17773880897361255 0.19471057397381003 0.9229636580868741 0.0012353522392440925 0.02452683530234172 0.06561002896525113 0.15257722184833697 0.17699797505277257 0.22574463621298368 0.2548422273653589 0.3905332455452528 0.5128444488779127 0.6096890192607932 0.7655188937562276 0.8899379622436625 1.0537348819289385 1.200594003307773 1.453163876167755 1.5898363304196332 1.7319544032060832 2.33850589378777
1091 13092 -0.9352784051444889 -0.17773880897361255 0.19471057397381003 0.9229636580868741 0.0012353522392440925 0.02452683530234172 0.06561002896525113 0.15257722184833697 0.17699797505277257 0.22574463621298368 0.2548422273653589 0.3905332455452528 0.5128444488779127 0.6096890192607932 0.7655188937562276 0.8899379622436625 1.0537348819289385 1.200594003307773 1.453163876167755 1.5898363304196332 1.7319544032060832 2.33850589378777
1092 13104 -0.9352784051444889 -0.17773880897361255 0.19471057397381003 0.9229636580868741 0.0012353522392440925 0.02452683530234172 0.06561002896525113 0.15257722184833697 0.17699797505277257 0.22574463621298368 0.2548422273653589 0.3905332455452528 0.5128444488779127 0.6096890192607932 0.7655188937562276 0.8899379622436625 1.0537348819289385 1.200594003307773 1.453163876167755 1.5898363304196332 1.7319544032060832 2.33850589378777
1093 13116 -0.9352784051444889 -0.17773880897361255 0.19471057397381003 0.9229636580868741 0.0012353522392440925 0.02452683530234172 0.06561002896525113 0.15257722184833697 0.17699797505277257 0.22574463621298368 0.2548422273653589 0.3905332455452528 0.5128444488779127 0.6096890192607932 0.7655188937562276 0.8899379622436625 1.0537348819289385 1.200594003307773 1.453163876167755 1.5898363304196332 1.7319544032060832 2.33850589378777
1094 13128 -0.9352784051444889 -0.17773880897361255 0.19471057397381003 0.9229636580868741 0.0012353522392440925 0.02452683530234172 0.06561002896525113 0.15257722184833697 0.17699797505277257 0.22574463621298368 0.2548422273653589 0.3905332455452528 0.5128444488779127 0.6096890192607932 0.7655188937562276 0.8899379622436625 1.0537348819289385 1.200594003307773 1.453163876167755 1.5898363304196332 1.7319544032060832 2.33850589378777
1095 13140 -0.9352784051444889 -0.17773880897361255 0.19471057397381003 0.9229636580868741 0.0012353522392440925 0.02452683530234172 0.06561002896525113 0.15257722184833697 0.17699797505277257 0.22574463621298368 0.2548422273653589 0.3905332455452528 0.5128444488779127 0.6096890192607932 0.7655188937562276 0.8899379622436625 1.0537348819289385 1.200594003307773 1.453163876167755 1.5898363304196332 1.7319544032060832 2.33850589378777
1096 13152 -0.9352784051444889 -0.17773880897361255 0.19471057397381003 0.9229636580868741 0.0012353522392440925 0.02452683530234172 0.06561002896525113 0.15257722184833697 0.17699797505277257 0.22574463621298368 0.2548422273653589 0.3905332455452528 0.5128444488779127 0.6096890192607932 0.7655188937562276 0.8899379622436625 1.0537348819289385 1.200594003307773 1.453163876167755 1.5898363304196332 1.7319544032060832 2.33850589378777
1097 13164 -0.9352784051444889 -0.17773880897361255 0.19471057397381003 0.9229636580868741 0.0012353522392440925 0.02452683530234172 0.06561002896525113 0.15257722184833697 0.17699797505277257 0.22574463621298368 0.2548422273653589 0.3905332455452528 0.5128444488779127 0.6096890192607932 0.7655188937562276 0.8899379622436625 1.0537348819289385 1.200594003307773 1.453163876167755 1.5898363304196332 1.7319544032060832 2.33850589378777
1098 13176 -0.9352784051444889 -0.17773880897361255 0.19471057397381003 0.9229636580868741 0.0012353522392440925 0.02452683530234172 0.06561002896525113 0.15257722184833697 0.17699797505277257 0.22574463621298368 0.2548422273653589 0.3905332455452528 0.5128444488779127 0.6096890192607932 0.7655188937562276 0.8899379622436625 1.0537348819289385 1.200594003307773 1.453163876167755 1.5898363304196332 1.7319544032060832 2.33850589378777
1099 13188 -0.9349107002015118 -0.196198941843496 0.2079244177094267 0.9332212472909873 0.0012136531619093601 0.015038447786021493 0.0624987793186286 0.15120943604125509 0.16706695962598098 0.21532458669228324 0.24217288834090905 0.4016460724755926 0.5189762079765877 0.5753251840678256 0.7387701465797516 0.8740465534366825 0.9987925112021199 1.2244393418718396 1.4369581409734737 1.5492930607193625 1.7271366883317087 2.4132317689755114
1100 13200 -0.9349107002015118 -0.196198941843496 0.2079244177094267 0.9332212472909873 0.0012136531619093601 0.015038447786021493 0.0624987793186286 0.15120943604125509 0.16706695962598098 0.21532458669228324 0.24217288834090905 0.4016460724755926 0.5189762079765877 0.5753251840678256 0.7387701465797516 0.8740465534366825 0.9987925112021199 1.2244393418718396 1.4369581409734737 1.5492930607193625 1.7271366883317087 2.4132317689755114
1101 13212 -0.9349107002015118 -0.196198941843496 0.2079244177094267 0.9332212472909873 0.0012136531619093601 0.015038447786021493 0.0624987793186286 0.15120943604125509 0.16706695962598098 0.21532458669228324 0.24217288834090905 0.4016460724755926 0.5189762079765877 0.5753251840678256 0.7387701465797516 0.8740465534366825 0.9987925112021199 1.2244393418718396 1.4369581409734737 1.5492930607193625 1.7271366883317087 2.4132317689755114
1102 13224 -0.9349107002015118 -0.196198941843496 0.2079244177094267 0.9332212472909873 0.0012136531619093601 0.015038447786021493 0.0624987793186286 0.15120943604125509 0.16706695962598098 0.21532458669228324 0.24217288834090905 0.4016460724755926 0.5189762079765877 0.5753251840678256 0.7387701465797516 0.8740465534366825 0.9987925112021199 1.2244393418718396 1.4369581409734737 1.5492930607193625 1.7271366883317087 2.4132317689755114
1103 13236 -0.9349107002015118 -0.196198941843496 0.2079244177094267 0.9332212472909873 0.0012136531619093601 0.015038447786021493 0.0624987793186286 0.15120943604125509 0.16706695962598098 0.21532458669228324 0.24217288834090905 0.4016460724755926 0.5189762079765877 0.5753251840678256 0.7387701465797516 0.8740465534366825 0.9987925112021199 1.2244393418718396 1.4369581409734737 1.5492930607193625 1.7271366883317087 2.4132317689755114
1104 13248 -0.9349107002015118 -0.196198941843496 0.2079244177094267 0.9332212472909873 0.0012136531619093601 0.015038447786021493 0.0624987793186286 0.15120943604125509 0.16706695962598098 0.21532458669228324 0.24217288834090905 0.4016460724755926 0.5189762079765877 0.5753251840678256 0.7387701465797516 0.8740465534366825 0.9987925112021199 1.2244393418718396 1.4369581409734737 1.5492930607193625 1.7271366883317087 2.4132317689755114
1105 13260 -0.9349107002015118 -0.196198941843496 0.2079244177094267 0.9332212472909873 0.0012136531619093601 0.015038447786021493 0.0624987793186286 0.15120943604125509 0.16706695962598098 0.21532458669228324 0.24217288834090905 0.4016460724755926 0.5189762079765877 0.5753251840678256 0.7387701465797516 0.8740465534366825 0.9987925112021199 1.2244393418718396 1.4369581409734737 1.5492930607193625 1.7271366883317087 2.4132317689755114
1106 13272 -0.9349107002015118 -0.196198941843496 0.2079244177094267 0.9332212472909873 0.0012136531619093601 0.015038447786021493 0.0624987793186286 0.15120943604125509 0.16706695962598098 0.21532458669228324 0.24217288834090905 0.4016460724755926 0.5189762079765877 0.5753251840678256 0.7387701465797516 0.8740465534366825 0.9987925112021199 1.2244393418718396 1.4369581409734737 1.5492930607193625 1.7271366883317087 2.4132317689755114
1107 13284 -0.9349107002015118 -0.196198941843496 0.2079244177094267 0.9332212472909873 0.0012136531619093601 0.015038447786021493 0.0624987793186286 0.15120943604125509 0.16706695962598098 0.21532458669228324 0.24217288834090905 0.4016460724755926 0.5189762079765877 0.5753251840678256 0.7387701465797516 0.8740465534366825 0.9987925112021199 1.2244393418718396 1.4369581409734737 1.5492930607193625 1.7271366883317087 2.4132317689755114
1108 13296 -0.9349107002015118 -0.196198941843496 0.2079244177094267 0.9332212472909873 0.0012136531619093601 0.015038447786021493 0.0624987793186286 0.15120943604125509 0.16706695962598098 0.21532458669228324 0.24217288834090905 0.4016460724755926 0.5189762079765877 0.5753251840678256 0.7387701465797516 0.8740465534366825 0.9987925112021199 1.2244393418718396 1.4369581409734737 1.5492930607193625 1.7271366883317087 2.4132317689755114
1109 13308 -0.9349107002015118 -0.196198941843496 0.2079244177094267 0.9332212472909873 0.0012136531619093601 0.015038447786021493 0.0624987793186286 0.15120943604125509 0.16706695962598098 0.21532458669228324 0.24217288834090905 0.4016460724755926 0.5189762079765877 0.5753251840678256 0.7387701465797516 0.8740465534366825 0.9987925112021199 1.2244393418718396 1.4369581409734737 1.5492930607193625 1.7271366883317087 2.4132317689755114
1110 13320 -0.9349107002015118 -0.196198941843496 0.2079244177094267 0.9332212472909873 0.0012136531619093601 0.015038447786021493 0.0624987793186286 0.15120943604125509 0.16706695962598098 0.21532458669228324 0.24217288834090905 0.4016460724755926 0.5189762079765877 0.5753251840678256 0.7387701465797516 0.8740465534366825 0.9987925112021199 1.2244393418718396 1.4369581409734737 1.5492930607193625 1.7271366883317087 2.4132317689755114
1111 13332 -0.9349107002015118 -0.196198941843496 0.2079244177094267 0.9332212472909873 0.0012136531619093601 0.015038447786021493 0.0624987793186286 0.15120943604125509 0.16706695962598098 0.21532458669228324 0.24217288834090905 0.4016460724755926 0.5189762079765877 0.5753251840678256 0.7387701465797516 0.8740465534366825 0.9987925112021199 1.2244393418718396 1.4369581409734737 1.5492930607193625 1.7271366883317087 2.4132317689755114
1112 13344 -0.9349107002015118 -0.196198941843496 0.2079244177094267 0.9332212472909873 0.0012136531619093601 0.015038447786021493 0.0624987793186286 0.15120943604125509 0.16706695962598098 0.21532458669228324 0.24217288834090905 0.4016460724755926 0.5189762079765877 0.5753251840678256 0.7387701465797516 0.8740465534366825 0.9987925112021199 1.2244393418718396 1.4369581409734737 1.5492930607193625 1.7271366883317087 2.4132317689755114
1113 13356 -0.9349107002015118 -0.196198941843496 0.2079244177094267 0.9332212472909873 0.0012136531619093601 0.015038447786021493 0.0624987793186286 0.15120943604125509 0.16706695962598098 0.21532458669228324 0.24217288834090905 0.4016460724755926 0.5189762079765877 0.5753251840678256 0.7387701465797516 0.8740465534366825 0.9987925112021199 1.2244393418718396 1.4369581409734737 1.5492930607193625 1.7271366883317087 2.4132317689755114
1114 13368 -0.9349107002015118 -0.196198941843496 0.2079244177094267 0.9332212472909873 0.0012136531619093601 0.015038447786021493 0.0624987793186286 0.15120943604125509 0.16706695962598098 0.21532458669228324 0.24217288834090905 0.4016460724755926 0.5189762079765877 0.5753251840678256 0.7387701465797516 0.8740465534366825 0.9987925112021199 1.2244393418718396 1.4369581409734737 1.5492930607193625 1.7271366883317087 2.4132317689755114
1115 13380 -0.9349107002015118 -0.196198941843496 0.2079244177094267 0.9332212472909873 0.0012136531619093601 0.015038447786021493 0.0624987793186286 0.15120943604125509 0.16706695962598098 0.21532458669228324 0.24217288834090905 0.4016460724755926 0.5189762079765877 0.5753251840678256 0.7387701465797516 0.8740465534366825 0.9987925112021199 1.2244393418718396 1.4369581409734737 1.5492930607193625 1.7271366883317087 2.4132317689755114
1116 13392 -0.9349107002015118 -0.196198941843496 0.2079244177094267 0.9332212472909873 0.0012136531619093601 0.015038447786021493 0.0624987793186286 0.15120943604125509 0.16706695962598098 0.21532458669228324 0.24217288834090905 0.4016460724755926 0.5189762079765877 0.5753251840678256 0.7387701465797516 0.8740465534366825 0.9987925112021199 1.2244393418718396 1.4369581409734737 1.5492930607193625 1.7271366883317087 2.4132317689755114
1117 13404 -0.9368402605602683 -0.20646178584181157 0.19949128667624622 0.9306175273967182 0.0014217294304104688 0.010446205452589017 0.05881331066237059 0.14489853244372167 0.175463829929212 0.2197922100189605 0.24059899705098955 0.40435521343201875 0.5216281915941379 0.5655042461676977 0.7271324340161018 0.8860858201846549 0.9984141607006329 1.2205515932702293 1.443566086313064 1.5195040696812265 1.7708476497702381 2.3987355643904995
1118 13416 -0.9368402605602683 -0.20646178584181157 0.19949128667624622 0.9306175273967182 0.0014217294304104688 0.010446205452589017 0.05881331066237059 0.14489853244372167 0.175463829929212 0.2197922100189605 0.24059899705098955 0.40435521343201875 0.5216281915941379 0.5655042461676977 0.7271324340161018 0.8860858201846549 0.9984141607006329 1.2205515932702293 1.443566086313064 1.5195040696812265 1.7708476497702381 2.3987355643904995
1119 13428 -0.9368402605602683 -0.20646178584181157 0.19949128667624622 0.9306175273967182 0.0014217294304104688 0.010446205452589017 0.05881331066237059 0.14489853244372167 0.175463829929212 0.2197922100189605 0.24059899705098955 0.40435521343201875 0.5216281915941379 0.5655042461676977 0.7271324340161018 0.8860858201846549 0.9984141607006329 1.2205515932702293 1.443566086313064 1.5195040696812265 1.7708476497702381 2.3987355643904995
1120 13440 -0.9368402605602683 -0.20646178584181157 0.19949128667624622 0.9306175273967182 0.0014217294304104688 0.010446205452589017 0.05881331066237059 0.14489853244372167 0.175463829929212 0.2197922100189605 0.24059899705098955 0.40435521343201875 0.5216281915941379 0.5655042461676977 0.7271324340161018 0.8860858201846549 0.9984141607006329 1.2205515932702293 1.443566086313064 1.5195040696812265 1.7708476497702381 2.3987355643904995
1121 13452 -0.9368402605602683 -0.20646178584181157 0.19949128667624622 0.9306175273967182 0.0014217294304104688 0.010446205452589017 0.05881331066237059 0.14489853244372167 0.175463829929212 0.2197922100189605 0.24059899705098955 0.40435521343201875 0.5216281915941379 0.5655042461676977 0.7271324340161018 0.8860858201846549 0.9984141607006329 1.2205515932702293 1.443566086313064 1.5195040696812265 1.7708476497702381 2.3987355643904995
1122 13464 -0.9368402605602683 -0.20646178584181157 0.19949128667624622 0.9306175273967182 0.0014217294304104688 0.010446205452589017 0.05881331066237059 0.14489853244372167 0.175463829929212 0.2197922100189605 0.24059899705098955 0.40435521343201875 0.5216281915941379 0.5655042461676977 0.7271324340161018 0.8860858201846549 0.9984141607006329 1.2205515932702293 1.443566086313064 1.5195040696812265 1.7708476497702381 2.3987355643904995
1123 13476 -0.9368402605602683 -0.20646178584181157 0.19949128667624622 0.9306175273967182 0.0014217294304104688 0.010446205452589017 0.05881331066237059 0.14489853244372167 0.175463829929212 0.2197922100189605 0.24059899705098955 0.40435521343201875 0.5216281915941379 0.5655042461676977 0.7271324340161018 0.8860858201846549 0.9984141607006329 1.2205515932702293 1.443566086313064 1.5195040696812265 1.7708476497702381 2.3987355643904995
1124 13488 -0.9368402605602683 -0.20646178584181157 0.19949128667624622 0.9306175273967182 0.0014217294304104688 0.010446205452589017 0.05881331066237059 0.14489853244372167 0.175463829929212 0.2197922100189605 0.24059899705098955 0.40435521343201875 0.5216281915941379 0.5655042461676977 0.7271324340161018 0.8860858201846549 0.9984141607006329 1.2205515932702293 1.443566086313064 1.5195040696812265 1.7708476497702381 2.3987355643904995
1125 13500 -0.9368402605602683 -0.20646178584181157 0.19949128667624622 0.9306175273967182 0.0014217294304104688 0.010446205452589017 0.05881331066237059 0.14489853244372167 0.175463829929212 0.2197922100189605 0.24059899705098955 0.40435521343201875 0.5216281915941379 0.5655042461676977 0.7271324340161018 0.8860858201846549 0.9984141607006329 1.2205515932702293 1.443566086313064 1.5195040696812265 1.7708476497702381 2.3987355643904995
1126 13512 -0.9368402605602683 -0.20646178584181157 0.19949128667624622 0.9306175273967182 0.0014217294304104688 0.010446205452589017 0.05881331066237059 0.14489853244372167 0.175463829929212 0.2197922100189605 0.24059899705098955 0.40435521343201875 0.5216281915941379 0.5655042461676977 0.7271324340161018 0.8860858201846549 0.9984141607006329 1.2205515932702293 1.443566086313064 1.5195040696812265 1.7708476497702381 2.3987355643904995
1127 13524 -0.9368402605602683 -0.20646178584181157 0.19949128667624622 0.9306175273967182 0.0014217294304104688 0.010446205452589017 0.05881331066237059 0.14489853244372167 0.175463829929212 0.2197922100189605 0.24059899705098955 0.40435521343201875 0.5216281915941379 0.5655042461676977 0.7271324340161018 0.8860858201846549 0.9984141607006329 1.2205515932702293 1.443566086313064 1.5195040696812265 1.7708476497702381 2.3987355643904995
1128 13536 -0.9368402605602683 -0.20646178584181157 0.19949128667624622 0.9306175273967182 0.0014217294304104688 0.010446205452589017 0.05881331066237059 0.14489853244372167 0.175463829929212 0.2197922100189605 0.24059899705098955 0.40435521343201875 0.5216281915941379 0.5655042461676977 0.7271324340161018 0.8860858201846549 0.9984141607006329 1.2205515932702293 1.443566086313064 1.5195040696812265 1.7708476497702381 2.3987355643904995
1129 13548 -0.9368402605602683 -0.20646178584181157 0.19949128667624622 0.9306175273967182 0.0014217294304104688 0.010446205452589017 0.05881331066237059 0.14489853244372167 0.175463829929212 0.2197922100189605 0.24059899705098955 0.40435521343201875 0.5216281915941379 0.5655042461676977 0.7271324340161018 0.8860858201846549 0.9984141607006329 1.2205515932702293 1.443566086313064 1.5195040696812265 1.7708476497702381 2.3987355643904995
1130 13560 -0.9368402605602683 -0.20646178584181157 0.19949128667624622 0.9306175273967182 0.0014217294304104688 0.010446205452589017 0.05881331066237059 0.14489853244372167 0.175463829929212 0.2197922100189605 0.24059899705098955 0.40435521343201875 0.5216281915941379 0.5655042461676977 0.7271324340161018 0.8860858201846549 0.9984141607006329 1.2205515932702293 1.443566086313064 1.5195040696812265 1.7708476497702381 2.3987355643904995
1131 13572 -0.9368402605602683 -0.20646178584181157 0.19949128667624622 0.9306175273967182 0.0014217294304104688 0.010446205452589017 0.05881331066237059 0.14489853244372167 0.175463829929212 0.2197922100189605 0.24059899705098955 0.40435521343201875 0.5216281915941379 0.5655042461676977 0.7271324340161018 0.8860858201846549 0.9984141607006329 1.2205515932702293 1.443566086313064 1.5195040696812265 1.7708476497702381 2.3987355643904995
1132 13584 -0.9368402605602683 -0.20646178584181157 0.19949128667624622 0.9306175273967182 0.0014217294304104688 0.010446205452589017 0.05881331066237059 0.14489853244372167 0.175463829929212 0.2197922100189605 0.24059899705098955 0.40435521343201875 0.5216281915941379 0.5655042461676977 0.7271324340161018 0.8860858201846549 0.9984141607006329 1.2205515932702293 1.443566086313064 1.5195040696812265 1.7708476497702381 2.3987355643904995
1133 13596 -0.9368402605602683 -0.20646178584181157 0.19949128667624622 0.9306175273967182 0.0014217294304104688 0.010446205452589017 0.05881331066237059 0.14489853244372167 0.175463829929212 0.2197922100189605 0.24059899705098955 0.40435521343201875 0.5216281915941379 0.5655042461676977 0.7271324340161018 0.8860858201846549 0.9984141607006329 1.2205515932702293 1.443566086313064 1.5195040696812265 1.7708476497702381 2.3987355643904995
1134 13608 -0.9368402605602683 -0.20646178584181157 0.19949128667624622 0.9306175273967182 0.0014217294304104688 0.010446205452589017 0.05881331066237059 0.14489853244372167 0.175463829929212 0.2197922100189605 0.24059899705098955 0.40435521343201875 0.5216281915941379 0.5655042461676977 0.7271324340161018 0.8860858201846549 0.9984141607006329 1.2205515932702293 1.443566086313064 1.5195040696812265 1.7708476497702381 2.3987355643904995
1135 13620 -0.9286208155375484 -0.18118083160236123 0.19286689715679117 0.9411952233877164 0.0017016553513793506 0.008110958532422484 0.06326261230925731 0.1464433782989287 0.17565174511917228 0.21846353323760212 0.25118438703119444 0.40723994583200573 0.515447281826495 0.5583650478319556 0.737507912488928 0.8654523179005535 0.9642662886806335 1.2608133004994089 1.417650216468183 1.5631264687050659 1.801453904106581 2.361946294076528
1136 13632 -0.9286208155375484 -0.18118083160236123 0.19286689715679117 0.9411952233877164 0.0017016553513793506 0.008110958532422484 0.06326261230925731 0.1464433782989287 0.17565174511917228 0.21846353323760212 0.25118438703119444 0.40723994583200573 0.515447281826495 0.5583650478319556 0.737507912488928 0.8654523179005535 0.9642662886806335 1.2608133004994089 1.417650216468183 1.5631264687050659 1.801453904106581 2.361946294076528
1137 13644 -0.9286208155375484 -0.18118083160236123 0.19286689715679117 0.9411952233877164 0.0017016553513793506 0.008110958532422484 0.06326261230925731 0.1464433782989287 0.17565174511917228 0.21846353323760212 0.25118438703119444 0.40723994583200573 0.515447281826495 0.5583650478319556 0.737507912488928 0.8654523179005535 0.9642662886806335 1.2608133004994089 1.417650216468183 1.5631264687050659 1.801453904106581 2.361946294076528
1138 13656 -0.9286208155375484 -0.18118083160236123 0.19286689715679117 0.9411952233877164 0.0017016553513793506 0.008110958532422484 0.06326261230925731 0.1464433782989287 0.17565174511917228 0.21846353323760212 0.25118438703119444 0.40723994583200573 0.515447281826495 0.5583650478319556 0.737507912488928 0.8654523179005535 0.9642662886806335 1.2608133004994089 1.417650216468183 1.5631264687050659 1.801453904106581 2.361946294076528
1139 13668 -0.9286208155375484 -0.18118083160236123 0.19286689715679117 0.9411952233877164 0.0017016553513793506 0.008110958532422484 0.06326261230925731 0.1464433782989287 0.17565174511917228 0.21846353323760212 0.25118438703119444 0.40723994583200573 0.515447281826495 0.5583650478319556 0.737507912488928 0.8654523179005535 0.9642662886806335 1.2608133004994089 1.417650216468183 1.5631264687050659 1.801453904106581 2.361946294076528
1140 13680 -0.9286208155375484 -0.18118083160236123 0.19286689715679117 0.9411952233877164 0.0017016553513793506 0.008110958532422484 0.06326261230925731 0.1464433782989287 0.17565174511917228 0.21846353323760212 0.25118438703119444 0.40723994583200573 0.515447281826495 0.5583650478319556 0.737507912488928 0.8654523179005535 0.9642662886806335 1.2608133004994089 1.417650216468183 1.5631264687050659 1.801453904106581 2.361946294076528
1141 13692 -0.9286208155375484 -0.18118083160236123 0.19286689715679117 0.9411952233877164 0.0017016553513793506 0.008110958532422484 0.06326261230925731 0.1464433782989287 0.17565174511917228 0.21846353323760212 0.25118438703119444 0.40723994583200573 0.515447281826495 0.5583650478319556 0.737507912488928 0.8654523179005535 0.9642662886806335 1.2608133004994089 1.417650216468183 1.5631264687050659 1.801453904106581 2.361946294076528
1142 13704 -0.9286208155375484 -0.18118083160236123 0.19286689715679117 0.9411952233877164 0.0017016553513793506 0.008110958532422484 0.06326261230925731 0.1464433782989287 0.17565174511917228 0.21846353323760212 0.25118438703119444 0.40723994583200573 0.515447281826495 0.5583650478319556 0.737507912488928 0.8654523179005535 0.9642662886806335 1.2608133004994089 1.417650216468183 1.5631264687050659 1.801453904106581 2.361946294076528
1143 13716 -0.9286208155375484 -0.18118083160236123 0.19286689715679117 0.9411952233877164 0.0017016553513793506 0.008110958532422484 0.06326261230925731 0.1464433782989287 0.17565174511917228 0.21846353323760212 0.25118438703119444 0.40723994583200573 0.515447281826495 0.5583650478319556 0.737507912488928 0.8654523179005535 0.9642662886806335 1.2608133004994089 1.417650216468183 1.5631264687050659 1.801453904106581 2.361946294076528
1144 13728 -0.9286208155375484 -0.18118083160236123 0.19286689715679117 0.9411952233877164 0.0017016553513793506 0.008110958532422484 0.06326261230925731 0.1464433782989287 0.17565174511917228 0.21846353323760212 0.25118438703119444 0.40723994583200573 0.515447281826495 0.5583650478319556 0.737507912488928 0.8654523179005535 0.9642662886806335 1.2608133004994089 1.417650216468183 1.5631264687050659 1.801453904106581 2.361946294076528
1145 13740 -0.9286208155375484 -0.18118083160236123 0.19286689715679117 0.9411952233877164 0.0017016553513793506 0.008110958532422484 0.06326261230925731 0.1464433782989287 0.17565174511917228 0.21846353323760212 0.25118438703119444 0.40723994583200573 0.515447281826495 0.5583650478319556 0.737507912488928 0.8654523179005535 0.9642662886806335 1.2608133004994089 1.417650216468183 1.5631264687050659 1.801453904106581 2.361946294076528
1146 13752 -0.9286208155375484 -0.18118083160236123 0.19286689715679117 0.9411952233877164 0.0017016553513793506 0.008110958532422484 0.06326261230925731 0.1464433782989287 0.17565174511917228 0.21846353323760212 0.25118438703119444 0.40723994583200573 0.515447281826495 0.5583650478319556 0.737507912488928 0.8654523179005535 0.9642662886806335 1.2608133004994089 1.417650216468183 1.5631264687050659 1.801453904106581 2.361946294076528
1147 13764 -0.9286208155375484 -0.18118083160236123 0.19286689715679117 0.9411952233877164 0.0017016553513793506 0.008110958532422484 0.06326261230925731 0.1464433782989287 0.17565174511917228 0.21846353323760212 0.25118438703119444 0.40723994583200573 0.515447281826495 0.5583650478319556 0.737507912488928 0.8654523179005535 0.9642662886806335 1.2608133004994089 1.417650216468183 1.5631264687050659 1.801453904106581 2.361946294076528
1148 13776 -0.9286208155375484 -0.18118083160236123 0.19286689715679117 0.9411952233877164 0.0017016553513793506 0.008110958532422484 0.06326261230925731 0.1464433782989287 0.17565174511917228 0.21846353323760212 0.25118438703119444 0.40723994583200573 0.515447281826495 0.5583650478319556 0.737507912488928 0.8654523179005535 0.9642662886806335 1.2608133004994089 1.417650216468183 1.5631264687050659 1.801453904106581 2.361946294076528
1149 13788 -0.9286208155375484 -0.18118083160236123 0.19286689715679117 0.9411952233877164 0.0017016553513793506 0.008110958532422484 0.06326261230925731 0.1464433782989287 0.17565174511917228 0.21846353323760212 0.25118438703119444 0.40723994583200573 0.515447281826495 0.5583650478319556 0.737507912488928 0.8654523179005535 0.9642662886806335 1.2608133004994089 1.417650216468183 1.5631264687050659 1.801453904106581 2.361946294076528
1150 13800 -0.9286208155375484 -0.18118083160236123 0.19286689715679117 0.9411952233877164 0.0017016553513793506 0.008110958532422484 0.06326261230925731 0.1464433782989287 0.17565174511917228 0.21846353323760212 0.25118438703119444 0.40723994583200573 0.515447281826495 0.5583650478319556 0.737507912488928 0.8654523179005535 0.9642662886806335 1.2608133004994089 1.417650216468183 1.5631264687050659 1.801453904106581 2.361946294076528
1151 13812 -0.9286208155375484 -0.18118083160236123 0.19286689715679117 0.9411952233877164 0.0017016553513793506 0.008110958532422484 0.06326261230925731 0.1464433782989287 0.17565174511917228 0.21846353323760212 0.25118438703119444 0.40723994583200573 0.515447281826495 0.5583650478319556 0.737507912488928 0.8654523179005535 0.9642662886806335 1.2608133004994089 1.417650216468183 1.5631264687050659 1.801453904106581 2.361946294076528
1152 13824 -0.9286208155375484 -0.18118083160236123 0.19286689715679117 0.9411952233877164 0.0017016553513793506 0.008110958532422484 0.06326261230925731 0.1464433782989287 0.17565174511917228 0.21846353323760212 0.25118438703119444 0.40723994583200573 0.515447281826495 0.5583650478319556 0.737507912488928 0.8654523179005535 0.9642662886806335 1.2608133004994089 1.417650216468183 1.5631264687050659 1.801453904106581 2.361946294076528
1153 13836 -0.9188393586768893 -0.2179449414044673 0.19312960634034315 0.9395274856095279 0.0020346672827571124 0.007500150882854586 0.06850150728595492 0.13578928944296387 0.17112626406045267 0.2213282291009598 0.2433783691439785 0.38887371600433046 0.4873132182975567 0.543682902186423 0.6741854440722419 0.8838353139308638 0.9504068284983357 1.2828215866831443 1.4314913213131324 1.4708613612722818 1.8113211833355283 2.4242394176773923
1154 13848 -0.9188393586768893 -0.2179449414044673 0.19312960634034315 0.9395274856095279 0.0020346672827571124 0.007500150882854586 0.06850150728595492 0.13578928944296387 0.17112626406045267 0.2213282291009598 0.2433783691439785 0.38887371600433046 0.4873132182975567 0.543682902186423 0.6741854440722419 0.8838353139308638 0.9504068284983357 1.2828215866831443 1.4314913213131324 1.4708613612722818 1.8113211833355283 2.4242394176773923
1155 13860 -0.9188393586768893 -0.2179449414044673 0.19312960634034315 0.9395274856095279 0.0020346672827571124 0.007500150882854586 0.06850150728595492 0.13578928944296387 0.17112626406045267 0.2213282291009598 0.2433783691439785 0.38887371600433046 0.4873132182975567 0.543682902186423 0.6741854440722419 0.8838353139308638 0.9504068284983357 1.2828215866831443 1.4314913213131324 1.4708613612722818 1.8113211833355283 2.4242394176773923
1156 13872 -0.9188393586768893 -0.2179449414044673 0.19312960634034315 0.9395274856095279 0.0020346672827571124 0.007500150882854586 0.06850150728595492 0.13578928944296387 0.17112626406045267 0.2213282291009598 0.2433783691439785 0.38887371600433046 0.4873132182975567 0.543682902186423 0.6741854440722419 0.8838353139308638 0.9504068284983357 1.2828215866831443 1.4314913213131324 1.4708613612722818 1.8113211833355283 2.4242394176773923
1157 13884 -0.9188393586768893 -0.2179449414044673 0.19312960634034315 0.9395274856095279 0.0020346672827571124 0.007500150882854586 0.06850150728595492 0.13578928944296387 0.17112626406045267 0.2213282291009598 0.2433783691439785 0.38887371600433046 0.4873132182975567 0.543682902186423 0.6741854440722419 0.8838353139308638 0.9504068284983357 1.2828215866831443 1.4314913213131324 1.4708613612722818 1.8113211833355283 2.4242394176773923
1158 13896 -0.9188393586768893 -0.2179449414044673 0.19312960634034315 0.9395274856095279 0.0020346672827571124 0.007500150882854586 0.06850150728595492 0.13578928944296387 0.17112626406045267 0.2213282291009598 0.2433783691439785 0.38887371600433046 0.4873132182975567 0.543682902186423 0.6741854440722419 0.8838353139308638 0.9504068284983357 1.2828215866831443 1.4314913213131324 1.4708613612722818 1.8113211833355283 2.4242394176773923
1159 13908 -0.9188393586768893 -0.2179449414044673 0.19312960634034315 0.9395274856095279 0.0020346672827571124 0.007500150882854586 0.06850150728595492 0.13578928944296387 0.17112626406045267 0.2213282291009598 0.2433783691439785 0.38887371600433046 0.4873132182975567 0.543682902186423 0.6741854440722419 0.8838353139308638 0.9504068284983357 1.2828215866831443 1.4314913213131324 1.4708613612722818 1.8113211833355283 2.4242394176773923
1160 13920 -0.9188393586768893 -0.2179449414044673 0.19312960634034315 0.9395274856095279 0.0020346672827571124 0.007500150882854586 0.06850150728595492 0.13578928944296387 0.17112626406045267 0.2213282291009598 0.2433783691439785 0.38887371600433046 0.4873132182975567 0.543682902186423 0.6741854440722419 0.8838353139308638 0.9504068284983357 1.2828215866831443 1.4314913213131324 1.4708613612722818 1.8113211833355283 2.4242394176773923
1161 13932 -0.9188393586768893 -0.2179449414044673 0.19312960634034315 0.9395274856095279 0.0020346672827571124 0.007500150882854586 0.06850150728595492 0.13578928944296387 0.17112626406045267 0.2213282291009598 0.2433783691439785 0.38887371600433046 0.4873132182975567 0.543682902186423 0.6741854440722419 0.8838353139308638 0.9504068284983357 1.2828215866831443 1.4314913213131324 1.4708613612722818 1.8113211833355283 2.4242394176773923
1162 13944 -0.9188393586768893 -0.2179449414044673 0.19312960634034315 0.9395274856095279 0.0020346672827571124 0.007500150882854586 0.06850150728595492 0.13578928944296387 0.17112626406045267 0.2213282291009598 0.2433783691439785 0.38887371600433046 0.4873132182975567 0.543682902186423 0.6741854440722419 0.8838353139308638 0.9504068284983357 1.2828215866831443 1.4314913213131324 1.4708613612722818 1.8113211833355283 2.4242394176773923
1163 13956 -0.9188393586768893 -0.2179449414044673 0.19312960634034315 0.9395274856095279 0.0020346672827571124 0.007500150882854586 0.06850150728595492 0.13578928944296387 0.17112626406045267 0.2213282291009598 0.2433783691439785 0.38887371600433046 0.4873132182975567 0.543682902186423 0.6741854440722419 0.8838353139308638 0.9504068284983357 1.2828215866831443 1.4314913213131324 1.4708613612722818 1.8113211833355283 2.4242394176773923
1164 13968 -0.9188393586768893 -0.2179449414044673 0.19312960634034315 0.9395274856095279 0.0020346672827571124 0.007500150882854586 0.06850150728595492 0.13578928944296387 0.17112626406045267 0.2213282291009598 0.2433783691439785 0.38887371600433046 0.4873132182975567 0.543682902186423 0.6741854440722419 0.8838353139308638 0.9504068284983357 1.2828215866831443 1.4314913213131324 1.4708613612722818 1.8113211833355283 2.4242394176773923
1165 13980 -0.9188393586768893 -0.2179449414044673 0.19312960634034315 0.9395274856095279 0.0020346672827571124 0.007500150882854586 0.06850150728595492 0.13578928944296387 0.17112626406045267 0.2213282291009598 0.2433783691439785 0.38887371600433046 0.4873132182975567 0.543682902186423 0.6741854440722419 0.8838353139308638 0.9504068284983357 1.2828215866831443 1.4314913213131324 1.4708613612722818 1.8113211833355283 2.4242394176773923
1166 13992 -0.9188393586768893 -0.2179449414044673 0.19312960634034315 0.9395274856095279 0.0020346672827571124 0.007500150882854586 0.06850150728595492 0.13578928944296387 0.17112626406045267 0.2213282291009598 0.2433783691439785 0.38887371600433046 0.4873132182975567 0.543682902186423 0.6741854440722419 0.8838353139308638 0.9504068284983357 1.2828215866831443 1.4314913213131324 1.4708613612722818 1.8113211833355283 2.4242394176773923
1167 14004 -0.9188393586768893 -0.2179449414044673 0.19312960634034315 0.9395274856095279 0.0020346672827571124 0.007500150882854586 0.06850150728595492 0.13578928944296387 0.17112626406045267 0.2213282291009598 0.2433783691439785 0.38887371600433046 0.4873132182975567 0.543682902186423 0.6741854440722419 0.8838353139308638 0.9504068284983357 1.2828215866831443 1.4314913213131324 1.4708613612722818 1.8113211833355283 2.4242394176773923
1168 14016 -0.9188393586768893 -0.2179449414044673 0.19312960634034315 0.9395274856095279 0.0020346672827571124 0.007500150882854586 0.06850150728595492 0.13578928944296387 0.17112626406045267 0.2213282291009598 0.2433783691439785 0.38887371600433046 0.4873132182975567 0.543682902186423 0.6741854440722419 0.8838353139308638 0.9504068284983357 1.2828215866831443 1.4314913213131324 1.4708613612722818 1.8113211833355283 2.4242394176773923
1169 14028 -0.9188393586768893 -0.2179449414044673 0.19312960634034315 0.9395274856095279 0.0020346672827571124 0.007500150882854586 0.06850150728595492 0.13578928944296387 0.17112626406045267 0.2213282291009598 0.2433783691439785 0.38887371600433046 0.4873132182975567 0.543682902186423 0.6741854440722419 0.8838353139308638 0.9504068284983357 1.2828215866831443 1.4314913213131324 1.4708613612722818 1.8113211833355283 2.4242394176773923
1170 14040 -0.9188393586768893 -0.2179449414044673 0.19312960634034315 0.9395274856095279 0.0020346672827571124 0.007500150882854586 0.06850150728595492 0.13578928944296387 0.17112626406045267 0.2213282291009598 0.2433783691439785 0.38887371600433046 0.4873132182975567 0.543682902186423 0.6741854440722419 0.8838353139308638 0.9504068284983357 1.2828215866831443 1.4314913213131324 1.4708613612722818 1.8113211833355283 2.4242394176773923
1171 14052 -0.914776663361331 -0.25005108288930705 0.21310483066584385 0.9432867226691067 0.002447649523110107 0.008063081816077887 0.07192411715684621 0.14494555967686149 0.1735154877934362 0.22083013904640758 0.23779986011374143 0.3890357543475459 0.4890414750801809 0.5550868159997727 0.713487540895565 0.876009178654265 0.9183467325418408 1.2560652494058333 1.402896028575782 1.4293074013284788 1.786940694695252 2.4975951338945945
1172 14064 -0.914776663361331 -0.25005108288930705 0.21310483066584385 0.9432867226691067 0.002447649523110107 0.008063081816077887 0.07192411715684621 0.14494555967686149 0.1735154877934362 0.22083013904640758 0.23779986011374143 0.3890357543475459 0.4890414750801809 0.5550868159997727 0.713487540895565 0.876009178654265 0.9183467325418408 1.2560652494058333 1.402896028575782 1.4293074013284788 1.786940694695252 2.4975951338945945
1173 14076 -0.914776663361331 -0.25005108288930705 0.21310483066584385 0.9432867226691067 0.002447649523110107 0.008063081816077887 0.07192411715684621 0.14494555967686149 0.1735154877934362 0.22083013904640758 0.23779986011374143 0.3890357543475459 0.4890414750801809 0.5550868159997727 0.713487540895565 0.876009178654265 0.9183467325418408 1.2560652494058333 1.402896028575782 1.4293074013284788 1.786940694695252 2.4975951338945945
1174 14088 -0.914776663361331 -0.25005108288930705 0.21310483066584385 0.9432867226691067 0.002447649523110107 0.008063081816077887 0.07192411715684621 0.14494555967686149 0.1735154877934362 0.22083013904640758 0.23779986011374143 0.3890357543475459 0.4890414750801809 0.5550868159997727 0.713487540895565 0.876009178654265 0.9183467325418408 1.2560652494058333 1.402896028575782 1.4293074013284788 1.786940694695252 2.4975951338945945
1175 14100 -0.914776663361331 -0.25005108288930705 0.21310483066584385 0.9432867226691067 0.002447649523110107 0.008063081816077887 0.07192411715684621 0.14494555967686149 0.1735154877934362 0.22083013904640758 0.23779986011374143 0.3890357543475459 0.4890414750801809 0.5550868159997727 0.713487540895565 0.876009178654265 0.9183467325418408 1.2560652494058333 1.402896028575782 1.4293074013284788 1.786940694695252 2.4975951338945945
1176 14112 -0.914776663361331 -0.25005108288930705 0.21310483066584385 0.9432867226691067 0.002447649523110107 0.008063081816077887 0.07192411715684621 0.14494555967686149 0.1735154877934362 0.22083013904640758 0.23779986011374143 0.3890357543475459 0.4890414750801809 0.5550868159997727 0.713487540895565 0.876009178654265 0.9183467325418408 1.2560652494058333 1.402896028575782 1.4293074013284788 1.786940694695252 2.4975951338945945
1177 14124 -0.914776663361331 -0.25005108288930705 0.21310483066584385 0.9432867226691067 0.002447649523110107 0.008063081816077887 0.07192411715684621 0.14494555967686149 0.1735154877934362 0.22083013904640758 0.23779986011374143 0.3890357543475459 0.4890414750801809 0.5550868159997727 0.713487540895565 0.876009178654265 0.9183467325418408 1.2560652494058333 1.402896028575782 1.4293074013284788 1.786940694695252 2.4975951338945945
1178 14136 -0.914776663361331 -0.25005108288930705 0.21310483066584385 0.9432867226691067 0.002447649523110107 0.008063081816077887 0.07192411715684621 0.14494555967686149 0.1735154877934362 0.22083013904640758 0.23779986011374143 0.3890357543475459 0.4890414750801809 0.5550868159997727 0.713487540895565 0.876009178654265 0.9183467325418408 1.2560652494058333 1.402896028575782 1.4293074013284788 1.786940694695252 2.4975951338945945
1179 14148 -0.914776663361331 -0.25005108288930705 0.21310483066584385 0.9432867226691067 0.002447649523110107 0.008063081816077887 0.07192411715684621 0.14494555967686149 0.1735154877934362 0.22083013904640758 0.23779986011374143 0.3890357543475459 0.4890414750801809 0.5550868159997727 0.713487540895565 0.876009178654265 0.9183467325418408 1.2560652494058333 1.402896028575782 1.4293074013284788 1.786940694695252 2.4975951338945945
1180 14160 -0.914776663361331 -0.25005108288930705 0.21310483066584385 0.9432867226691067 0.002447649523110107 0.008063081816077887 0.07192411715684621 0.14494555967686149 0.1735154877934362 0.22083013904640758 0.23779986011374143 0.3890357543475459 0.4890414750801809 0.5550868159997727 0.713487540895565 0.876009178654265 0.9183467325418408 1.2560652494058333 1.402896028575782 1.4293074013284788 1.786940694695252 2.4975951338945945
1181 14172 -0.914776663361331 -0.25005108288930705 0.21310483066584385 0.9432867226691067 0.002447649523110107 0.008063081816077887 0.07192411715684621 0.14494555967686149 0.1735154877934362 0.22083013904640758 0.23779986011374143 0.3890357543475459 0.4890414750801809 0.5550868159997727 0.713487540895565 0.876009178654265 0.9183467325418408 1.2560652494058333 1.402896028575782 1.4293074013284788 1.786940694695252 2.4975951338945945
1182 14184 -0.914776663361331 -0.25005108288930705 0.21310483066584385 0.9432867226691067 0.002447649523110107 0.008063081816077887 0.07192411715684621 0.14494555967686149 0.1735154877934362 0.22083013904640758 0.23779986011374143 0.3890357543475459 0.4890414750801809 0.5550868159997727 0.713487540895565 0.876009178654265 0.9183467325418408 1.2560652494058333 1.402896028575782 1.4293074013284788 1.786940694695252 2.4975951338945945
1183 14196 -0.914776663361331 -0.25005108288930705 0.21310483066584385 0.9432867226691067 0.002447649523110107 0.008063081816077887 0.07192411715684621 0.14494555967686149 0.1735154877934362 0.22083013904640758 0.23779986011374143 0.3890357543475459 0.4890414750801809 0.5550868159997727 0.713487540895565 0.876009178654265 0.9183467325418408 1.2560652494058333 1.402896028575782 1.4293074013284788 1.786940694695252 2.4975951338945945
1184 14208 -0.914776663361331 -0.25005108288930705 0.21310483066584385 0.9432867226691067 0.002447649523110107 0.008063081816077887 0.07192411715684621 0.14494555967686149 0.1735154877934362 0.22083013904640758 0.23779986011374143 0.3890357543475459 0.4890414750801809 0.5550868159997727 0.713487540895565 0.876009178654265 0.9183467325418408 1.2560652494058333 1.402896028575782 1.4293074013284788 1.786940694695252 2.4975951338945945
1185 14220 -0.914776663361331 -0.25005108288930705 0.21310483066584385 0.9432867226691067 0.002447649523110107 0.008063081816077887 0.07192411715684621 0.14494555967686149 0.1735154877934362 0.22083013904640758 0.23779986011374143 0.3890357543475459 0.4890414750801809 0.5550868159997727 0.713487540895565 0.876009178654265 0.9183467325418408 1.2560652494058333 1.402896028575782 1.4293074013284788 1.786940694695252 2.4975951338945945
1186 14232 -0.914776663361331 -0.25005108288930705 0.21310483066584385 0.9432867226691067 0.002447649523110107 0.008063081816077887 0.07192411715684621 0.14494555967686149 0.1735154877934362 0.22083013904640758 0.23779986011374143 0.3890357543475459 0.4890414750801809 0.5550868159997727 0.713487540895565 0.876009178654265 0.9183467325418408 1.2560652494058333 1.402896028575782 1.4293074013284788 1.786940694695252 2.4975951338945945
1187 14244 -0.914776663361331 -0.25005108288930705 0.21310483066584385 0.9432867226691067 0.002447649523110107 0.008063081816077887 0.07192411715684621 0.14494555967686149 0.1735154877934362 0.22083013904640758 0.23779986011374143 0.3890357543475459 0.4890414750801809 0.5550868159997727 0.713487540895565 0.876009178654265 0.9183467325418408 1.2560652494058333 1.402896028575782 1.4293074013284788 1.786940694695252 2.4975951338945945
1188 14256 -0.914776663361331 -0.25005108288930705 0.21310483066584385 0.9432867226691067 0.002447649523110107 0.008063081816077887 0.07192411715684621 0.14494555967686149 0.1735154877934362 0.22083013904640758 0.23779986011374143 0.3890357543475459 0.4890414750801809 0.5550868159997727 0.713487540895565 0.876009178654265 0.9183467325418408 1.2560652494058333 1.402896028575782 1.4293074013284788 1.786940694695252 2.4975951338945945
1189 14268 -0.9165560504930811 -0.21178723442022085 0.23697163334336668 0.9509851970979446 0.0029508515412092684 0.009051897793071277 0.07682593788661969 0.15139626066503284 0.18212889530829388 0.22694615351571532 0.2456634149845046 0.38846887491019677 0.46952419288677477 0.5583773912655613 0.749313957600464 0.8232660979987888 0.9218075112676268 1.180995534561032 1.380949072572862 1.4583674245162133 1.7925031289022098 2.5322465488810946
1190 14280 -0.9165560504930811 -0.21178723442022085 0.23697163334336668 0.9509851970979446 0.0029508515412092684 0.009051897793071277 0.07682593788661969 0.15139626066503284 0.18212889530829388 0.22694615351571532 0.2456634149845046 0.38846887491019677 0.46952419288677477 0.5583773912655613 0.749313957600464 0.8232660979987888 0.9218075112676268 1.180995534561032 1.380949072572862 1.4583674245162133 1.7925031289022098 2.5322465488810946
1191 14292 -0.9165560504930811 -0.21178723442022085 0.23697163334336668 0.9509851970979446 0.0029508515412092684 0.009051897793071277 0.07682593788661969 0.15139626066503284 0.18212889530829388 0.22694615351571532 0.2456634149845046 0.38846887491019677 0.46952419288677477 0.5583773912655613 0.749313957600464 0.8232660979987888 0.9218075112676268 1.180995534561032 1.380949072572862 1.4583674245162133 1.7925031289022098 2.5322465488810946
1192 14304 -0.9165560504930811 -0.21178723442022085 0.23697163334336668 0.9509851970979446 0.0029508515412092684 0.009051897793071277 0.07682593788661969 0.15139626066503284 0.18212889530829388 0.22694615351571532 0.2456634149845046 0.38846887491019677 0.46952419288677477 0.5583773912655613 0.749313957600464 0.8232660979987888 0.9218075112676268 1.180995534561032 1.380949072572862 1.4583674245162133 1.7925031289022098 2.5322465488810946
1193 14316 -0.9165560504930811 -0.21178723442022085 0.23697163334336668 0.9509851970979446 0.0029508515412092684 0.009051897793071277 0.07682593788661969 0.15139626066503284 0.18212889530829388 0.22694615351571532 0.2456634149845046 0.38846887491019677 0.46952419288677477 0.5583773912655613 0.749313957600464 0.8232660979987888 0.9218075112676268 1.180995534561032 1.380949072572862 1.4583674245162133 1.7925031289022098 2.5322465488810946
1194 14328 -0.9165560504930811 -0.21178723442022085 0.23697163334336668 0.9509851970979446 0.0029508515412092684 0.009051897793071277 0.07682593788661969 0.15139626066503284 0.18212889530829388 0.22694615351571532 0.2456634149845046 0.38846887491019677 0.46952419288677477 0.5583773912655613 0.749313957600464 0.8232660979987888 0.9218075112676268 1.180995534561032 1.380949072572862 1.4583674245162133 1.7925031289022098 2.5322465488810946
1195 14340 -0.9165560504930811 -0.21178723442022085 0.23697163334336668 0.9509851970979446 0.0029508515412092684 0.009051897793071277 0.07682593788661969 0.15139626066503284 0.18212889530829388 0.22694615351571532 0.2456634149845046 0.38846887491019677 0.46952419288677477 0.5583773912655613 0.749313957600464 0.8232660979987888 0.9218075112676268 1.180995534561032 1.380949072572862 1.4583674245162133 1.7925031289022098 2.5322465488810946
1196 14352 -0.9165560504930811 -0.21178723442022085 0.23697163334336668 0.9509851970979446 0.0029508515412092684 0.009051897793071277 0.07682593788661969 0.15139626066503284 0.18212889530829388 0.22694615351571532 0.2456634149845046 0.38846887491019677 0.46952419288677477 0.5583773912655613 0.749313957600464 0.8232660979987888 0.9218075112676268 1.180995534561032 1.380949072572862 1.4583674245162133 1.7925031289022098 2.5322465488810946
1197 14364 -0.9165560504930811 -0.21178723442022085 0.23697163334336668 0.9509851970979446 0.0029508515412092684 0.009051897793071277 0.07682593788661969 0.15139626066503284 0.18212889530829388 0.22694615351571532 0.2456634149845046 0.38846887491019677 0.46952419288677477 0.5583773912655613 0.749313957600464 0.8232660979987888 0.9218075112676268 1.180995534561032 1.380949072572862 1.4583674245162133 1.7925031289022098 2.5322465488810946
1198 14376 -0.9165560504930811 -0.21178723442022085 0.23697163334336668 0.9509851970979446 0.0029508515412092684 0.009051897793071277 0.07682593788661969 0.15139626066503284 0.18212889530829388 0.22694615351571532 0.2456634149845046 0.38846887491019677 0.46952419288677477 0.5583773912655613 0.749313957600464 0.8232660979987888 0.9218075112676268 1.180995534561032 1.380949072572862 1.4583674245162133 1.7925031289022098 2.5322465488810946
1199 14388 -0.9165560504930811 -0.21178723442022085 0.23697163334336668 0.9509851970979446 0.0029508515412092684 0.009051897793071277 0.07682593788661969 0.15139626066503284 0.18212889530829388 0.22694615351571532 0.2456634149845046 0.38846887491019677 0.46952419288677477 0.5583773912655613 0.749313957600464 0.8232660979987888 0.9218075112676268 1.180995534561032 1.380949072572862 1.4583674245162133 1.7925031289022098 2.5322465488810946
1200 14400 -0.9165560504930811 -0.21178723442022085 0.23697163334336668 0.9509851970979446 0.0029508515412092684 0.009051897793071277 0.07682593788661969 0.15139626066503284 0.18212889530829388 0.22694615351571532 0.2456634149845046 0.38846887491019677 0.46952419288677477 0.5583773912655613 0.749313957600464 0.8232660979987888 0.9218075112676268 1.180995534561032 1.380949072572862 1.4583674245162133 1.7925031289022098 2.5322465488810946
1201 14412 -0.9165560504930811 -0.21178723442022085 0.23697163334336668 0.9509851970979446 0.0029508515412092684 0.009051897793071277 0.07682593788661969 0.15139626066503284 0.18212889530829388 0.22694615351571532 0.2456634149845046 0.38846887491019677 0.46952419288677477 0.5583773912655613 0.749313957600464 0.8232660979987888 0.9218075112676268 1.180995534561032 1.380949072572862 1.4583674245162133 1.7925031289022098 2.5322465488810946
1202 14424 -0.9165560504930811 -0.21178723442022085 0.23697163334336668 0.9509851970979446 0.0029508515412092684 0.009051897793071277 0.07682593788661969 0.15139626066503284 0.18212889530829388 0.22694615351571532 0.2456634149845046 0.38846887491019677 0.46952419288677477 0.5583773912655613 0.749313957600464 0.8232660979987888 0.9218075112676268 1.180995534561032 1.380949072572862 1.4583674245162133 1.7925031289022098 2.5322465488810946
1203 14436 -0.9165560504930811 -0.21178723442022085 0.23697163334336668 0.9509851970979446 0.0029508515412092684 0.009051897793071277 0.07682593788661969 0.15139626066503284 0.18212889530829388 0.22694615351571532 0.2456634149845046 0.38846887491019677 0.46952419288677477 0.5583773912655613 0.749313957600464 0.8232660979987888 0.9218075112676268 1.180995534561032 1.380949072572862 1.4583674245162133 1.7925031289022098 2.5322465488810946
1204 14448 -0.9165560504930811 -0.21178723442022085 0.23697163334336668 0.9509851970979446 0.0029508515412092684 0.009051897793071277 0.07682593788661969 0.15139626066503284 0.18212889530829388 0.22694615351571532 0.2456634149845046 0.38846887491019677 0.46952419288677477 0.5583773912655613 0.749313957600464 0.8232660979987888 0.9218075112676268 1.180995534561032 1.380949072572862 1.4583674245162133 1.7925031289022098 2.5322465488810946
1205 14460 -0.9165560504930811 -0.21178723442022085 0.23697163334336668 0.9509851970979446 0.0029508515412092684 0.009051897793071277 0.07682593788661969 0.15139626066503284 0.18212889530829388 0.22694615351571532 0.2456634149845046 0.38846887491019677 0.46952419288677477 0.5583773912655613 0.749313957600464 0.8232660979987888 0.9218075112676268 1.180995534561032 1.380949072572862 1.4583674245162133 1.7925031289022098 2.5322465488810946
1206 14472 -0.9165560504930811 -0.21178723442022085 0.23697163334336668 0.9509851970979446 0.0029508515412092684 0.009051897793071277 0.07682593788661969 0.15139626066503284 0.18212889530829388 0.22694615351571532 0.2456634149845046 0.38846887491019677 0.46952419288677477 0.5583773912655613 0.749313957600464 0.8232660979987888 0.9218075112676268 1.180995534561032 1.380949072572862 1.4583674245162133 1.7925031289022098 2.5322465488810946
1207 14484 -0.916363765469981 -0.21773235375190478 0.20030936440492542 0.9584335389346836 0.003410453285810658 0.009769009118315661 0.07827783117560265 0.1389186289793456 0.1856265239373308 0.2209745240679865 0.2378409663603084 0.37987058203057844 0.487857074837296 0.6046110248472116 0.6852980568500155 0.8005070673305275 0.9364868076263941 1.2128279644981796 1.3532118700266738 1.4206533137790247 1.9317312638586563 2.4591305577902967
1208 14496 -0.916363765469981 -0.21773235375190478 0.20030936440492542 0.9584335389346836 0.003410453285810658 0.009769009118315661 0.07827783117560265 0.1389186289793456 0.1856265239373308 0.2209745240679865 0.2378409663603084 0.37987058203057844 0.487857074837296 0.6046110248472116 0.6852980568500155 0.8005070673305275 0.9364868076263941 1.2128279644981796 1.3532118700266738 1.4206533137790247 1.9317312638586563 2.4591305577902967
1209 14508 -0.916363765469981 -0.21773235375190478 0.20030936440492542 0.9584335389346836 0.003410453285810658 0.009769009118315661 0.07827783117560265 0.1389186289793456 0.1856265239373308 0.2209745240679865 0.2378409663603084 0.37987058203057844 0.487857074837296 0.6046110248472116 0.6852980568500155 0.8005070673305275 0.9364868076263941 1.2128279644981796 1.3532118700266738 1.4206533137790247 1.9317312638586563 2.4591305577902967
1210 14520 -0.916363765469981 -0.21773235375190478 0.20030936440492542 0.9584335389346836 0.003410453285810658 0.009769009118315661 0.07827783117560265 0.1389186289793456 0.1856265239373308 0.2209745240679865 0.2378409663603084 0.37987058203057844 0.487857074837296 0.6046110248472116 0.6852980568500155 0.8005070673305275 0.9364868076263941 1.2128279644981796 1.3532118700266738 1.4206533137790247 1.9317312638586563 2.4591305577902967
1211 14532 -0.916363765469981 -0.21773235375190478 0.20030936440492542 0.9584335389346836 0.003410453285810658 0.009769009118315661 0.07827783117560265 0.1389186289793456 0.1856265239373308 0.2209745240679865 0.2378409663603084 0.37987058203057844 0.487857074837296 0.6046110248472116 0.6852980568500155 0.8005070673305275 0.9364868076263941 1.2128279644981796 1.3532118700266738 1.4206533137790247 1.9317312638586563 2.4591305577902967
1212 14544 -0.916363765469981 -0.21773235375190478 0.20030936440492542 0.9584335389346836 0.003410453285810658 0.009769009118315661 0.07827783117560265 0.1389186289793456 0.1856265239373308 0.2209745240679865 0.2378409663603084 0.37987058203057844 0.487857074837296 0.6046110248472116 0.6852980568500155 0.8005070673305275 0.9364868076263941 1.2128279644981796 1.3532118700266738 1.4206533137790247 1.9317312638586563 2.4591305577902967
1213 14556 -0.916363765469981 -0.21773235375190478 0.20030936440492542 0.9584335389346836 0.003410453285810658 0.009769009118315661 0.07827783117560265 0.1389186289793456 0.1856265239373308 0.2209745240679865 0.2378409663603084 0.37987058203057844 0.487857074837296 0.6046110248472116 0.6852980568500155 0.8005070673305275 0.9364868076263941 1.2128279644981796 1.3532118700266738 1.4206533137790247 1.9317312638586563 2.4591305577902967
1214 14568 -0.916363765469981 -0.21773235375190478 0.20030936440492542 0.9584335389346836 0.003410453285810658 0.009769009118315661 0.07827783117560265 0.1389186289793456 0.1856265239373308 0.2209745240679865 0.2378409663603084 0.37987058203057844 0.487857074837296 0.6046110248472116 0.6852980568500155 0.8005070673305275 0.9364868076263941 1.2128279644981796 1.3532118700266738 1.4206533137790247 1.9317312638586563 2.4591305577902967
1215 14580 -0.916363765469981 -0.21773235375190478 0.20030936440492542 0.9584335389346836 0.003410453285810658 0.009769009118315661 0.07827783117560265 0.1389186289793456 0.1856265239373308 0.2209745240679865 0.2378409663603084 0.37987058203057844 0.487857074837296 0.6046110248472116 0.6852980568500155 0.8005070673305275 0.9364868076263941 1.2128279644981796 1.3532118700266738 1.4206533137790247 1.9317312638586563 2.4591305577902967
1216 14592 -0.916363765469981 -0.21773235375190478 0.20030936440492542 0.9584335389346836 0.003410453285810658 0.009769009118315661 0.07827783117560265 0.1389186289793456 0.1856265239373308 0.2209745240679865 0.2378409663603084 0.37987058203057844 0.487857074837296 0.6046110248472116 0.6852980568500155 0.8005070673305275 0.9364868076263941 1.2128279644981796 1.3532118700266738 1.4206533137790247 1.9317312638586563 2.4591305577902967
1217 14604 -0.916363765469981 -0.21773235375190478 0.20030936440492542 0.9584335389346836 0.003410453285810658 0.009769009118315661 0.07827783117560265 0.1389186289793456 0.1856265239373308 0.2209745240679865 0.2378409663603084 0.37987058203057844 0.487857074837296 0.6046110248472116 0.6852980568500155 0.8005070673305275 0.9364868076263941 1.2128279644981796 1.3532118700266738 1.4206533137790247 1.9317312638586563 2.4591305577902967
1218 14616 -0.916363765469981 -0.21773235375190478 0.20030936440492542 0.9584335389346836 0.003410453285810658 0.009769009118315661 0.07827783117560265 0.1389186289793456 0.1856265239373308 0.2209745240679865 0.2378409663603084 0.37987058203057844 0.487857074837296 0.6046110248472116 0.6852980568500155 0.8005070673305275 0.9364868076263941 1.2128279644981796 1.3532118700266738 1.4206533137790247 1.9317312638586563 2.4591305577902967
1219 14628 -0.916363765469981 -0.21773235375190478 0.20030936440492542 0.9584335389346836 0.003410453285810658 0.009769009118315661 0.07827783117560265 0.1389186289793456 0.1856265239373308 0.2209745240679865 0.2378409663603084 0.37987058203057844 0.487857074837296 0.6046110248472116 0.6852980568500155 0.8005070673305275 0.9364868076263941 1.2128279644981796 1.3532118700266738 1.4206533137790247 1.9317312638586563 2.4591305577902967
1220 14640 -0.916363765469981 -0.21773235375190478 0.20030936440492542 0.9584335389346836 0.003410453285810658 0.009769009118315661 0.07827783117560265 0.1389186289793456 0.1856265239373308 0.2209745240679865 0.2378409663603084 0.37987058203057844 0.487857074837296 0.6046110248472116 0.6852980568500155 0.8005070673305275 0.9364868076263941 1.2128279644981796 1.3532118700266738 1.4206533137790247 1.9317312638586563 2.4591305577902967
1221 14652 -0.916363765469981 -0.21773235375190478 0.20030936440492542 0.9584335389346836 0.003410453285810658 0.009769009118315661 0.07827783117560265 0.1389186289793456 0.1856265239373308 0.2209745240679865 0.2378409663603084 0.37987058203057844 0.487857074837296 0.6046110248472116 0.6852980568500155 0.8005070673305275 0.9364868076263941 1.2128279644981796 1.3532118700266738 1.4206533137790247 1.9317312638586563 2.4591305577902967
1222 14664 -0.916363765469981 -0.21773235375190478 0.20030936440492542 0.9584335389346836 0.003410453285810658 0.009769009118315661 0.07827783117560265 0.1389186289793456 0.1856265239373308 0.2209745240679865 0.2378409663603084 0.37987058203057844 0.487857074837296 0.6046110248472116 0.6852980568500155 0.8005070673305275 0.9364868076263941 1.2128279644981796 1.3532118700266738 1.4206533137790247 1.9317312638586563 2.4591305577902967
1223 14676 -0.916363765469981 -0.21773235375190478 0.20030936440492542 0.9584335389346836 0.003410453285810658 0.009769009118315661 0.07827783117560265 0.1389186289793456 0.1856265239373308 0.2209745240679865 0.2378409663603084 0.37987058203057844 0.487857074837296 0.6046110248472116 0.6852980568500155 0.8005070673305275 0.9364868076263941 1.2128279644981796 1.3532118700266738 1.4206533137790247 1.9317312638586563 2.4591305577902967
1224 14688 -0.916363765469981 -0.21773235375190478 0.20030936440492542 0.9584335389346836 0.003410453285810658 0.009769009118315661 0.07827783117560265 0.1389186289793456 0.1856265239373308 0.2209745240679865 0.2378409663603084 0.37987058203057844 0.487857074837296 0.6046110248472116 0.6852980568500155 0.8005070673305275 0.9364868076263941 1.2128279644981796 1.3532118700266738 1.4206533137790247 1.9317312638586563 2.4591305577902967
1225 14700 -0.9249621674643622 -0.200032782702165 0.21155671033383144 0.9681581655893203 0.0036316742660392333 0.010255227247014404 0.08132126991170001 0.13092492734712657 0.18221927152896858 0.2238274692346081 0.2453292413673188 0.3692350876845797 0.490210155790652 0.5314792627389456 0.6469240645701254 0.821062790738399 0.9191579811521234 1.200965024591122 1.3036995508826779 1.4299938882118266 1.9376076231842536 2.5089571119545107
1226 14712 -0.9249621674643622 -0.200032782702165 0.21155671033383144 0.9681581655893203 0.0036316742660392333 0.010255227247014404 0.08132126991170001 0.13092492734712657 0.18221927152896858 0.2238274692346081 0.2453292413673188 0.3692350876845797 0.490210155790652 0.5314792627389456 0.6469240645701254 0.821062790738399 0.9191579811521234 1.200965024591122 1.3036995508826779 1.4299938882118266 1.9376076231842536 2.5089571119545107
1227 14724 -0.9249621674643622 -0.200032782702165 0.21155671033383144 0.9681581655893203 0.0036316742660392333 0.010255227247014404 0.08132126991170001 0.13092492734712657 0.18221927152896858 0.2238274692346081 0.2453292413673188 0.3692350876845797 0.490210155790652 0.5314792627389456 0.6469240645701254 0.821062790738399 0.9191579811521234 1.200965024591122 1.3036995508826779 1.4299938882118266 1.9376076231842536 2.5089571119545107
1228 14736 -0.9249621674643622 -0.200032782702165 0.21155671033383144 0.9681581655893203 0.0036316742660392333 0.010255227247014404 0.08132126991170001 0.13092492734712657 0.18221927152896858 0.2238274692346081 0.2453292413673188 0.3692350876845797 0.490210155790652 0.5314792627389456 0.6469240645701254 0.821062790738399 0.9191579811521234 1.200965024591122 1.3036995508826779 1.4299938882118266 1.9376076231842536 2.5089571119545107
1229 14748 -0.9249621674643622 -0.200032782702165 0.21155671033383144 0.9681581655893203 0.0036316742660392333 0.010255227247014404 0.08132126991170001 0.13092492734712657 0.18221927152896858 0.2238274692346081 0.2453292413673188 0.3692350876845797 0.490210155790652 0.5314792627389456 0.6469240645701254 0.821062790738399 0.9191579811521234 1.200965024591122 1.3036995508826779 1.4299938882118266 1.9376076231842536 2.5089571119545107
1230 14760 -0.9249621674643622 -0.200032782702165 0.21155671033383144 0.9681581655893203 0.0036316742660392333 0.010255227247014404 0.08132126991170001 0.13092492734712657 0.18221927152896858 0.2238274692346081 0.2453292413673188 0.3692350876845797 0.490210155790652 0.5314792627389456 0.6469240645701254 0.821062790738399 0.9191579811521234 1.200965024591122 1.3036995508826779 1.4299938882118266 1.9376076231842536 2.5089571119545107
1231 14772 -0.9249621674643622 -0.200032782702165 0.21155671033383144 0.9681581655893203 0.0036316742660392333 0.010255227247014404 0.08132126991170001 0.13092492734712657 0.18221927152896858 0.2238274692346081 0.2453292413673188 0.3692350876845797 0.490210155790652 0.5314792627389456 0.6469240645701254 0.821062790738399 0.9191579811521234 1.200965024591122 1.3036995508826779 1.4299938882118266 1.9376076231842536 2.5089571119545107
1232 14784 -0.9249621674643622 -0.200032782702165 0.21155671033383144 0.9681581655893203 0.0036316742660392333 0.010255227247014404 0.08132126991170001 0.13092492734712657 0.18221927152896858 0.2238274692346081 0.2453292413673188 0.3692350876845797 0.490210155790652 0.5314792627389456 0.6469240645701254 0.821062790738399 0.9191579811521234 1.200965024591122 1.3036995508826779 1.4299938882118266 1.9376076231842536 2.5089571119545107
1233 14796 -0.9249621674643622 -0.200032782702165 0.21155671033383144 0.9681581655893203 0.0036316742660392333 0.010255227247014404 0.08132126991170001 0.13092492734712657 0.18221927152896858 0.2238274692346081 0.2453292413673188 0.3692350876845797 0.490210155790652 0.5314792627389456 0.6469240645701254 0.821062790738399 0.9191579811521234 1.200965024591122 1.3036995508826779 1.4299938882118266 1.9376076231842536 2.5089571119545107
1234 14808 -0.9249621674643622 -0.200032782702165 0.21155671033383144 0.9681581655893203 0.0036316742660392333 0.010255227247014404 0.08132126991170001 0.13092492734712657 0.18221927152896858 0.2238274692346081 0.2453292413673188 0.3692350876845797 0.490210155790652 0.5314792627389456 0.6469240645701254 0.821062790738399 0.9191579811521234 1.200965024591122 1.3036995508826779 1.4299938882118266 1.9376076231842536 2.5089571119545107
1235 14820 -0.9249621674643622 -0.200032782702165 0.21155671033383144 0.9681581655893203 0.0036316742660392333 0.010255227247014404 0.08132126991170001 0.13092492734712657 0.18221927152896858 0.2238274692346081 0.2453292413673188 0.3692350876845797 0.490210155790652 0.5314792627389456 0.6469240645701254 0.821062790738399 0.9191579811521234 1.200965024591122 1.3036995508826779 1.4299938882118266 1.9376076231842536 2.5089571119545107
1236 14832 -0.9249621674643622 -0.200032782702165 0.21155671033383144 0.9681581655893203 0.0036316742660392333 0.010255227247014404 0.08132126991170001 0.13092492734712657 0.18221927152896858 0.2238274692346081 0.2453292413673188 0.3692350876845797 0.490210155790652 0.5314792627389456 0.6469240645701254 0.821062790738399 0.9191579811521234 1.200965024591122 1.3036995508826779 1.4299938882118266 1.9376076231842536 2.5089571119545107
1237 14844 -0.9249621674643622 -0.200032782702165 0.21155671033383144 0.9681581655893203 0.0036316742660392333 0.010255227247014404 0.08132126991170001 0.13092492734712657 0.18221927152896858 0.2238274692346081 0.2453292413673188 0.3692350876845797 0.490210155790652 0.5314792627389456 0.6469240645701254 0.821062790738399 0.9191579811521234 1.200965024591122 1.3036995508826779 1.4299938882118266 1.9376076231842536 2.5089571119545107
1238 14856 -0.9249621674643622 -0.200032782702165 0.21155671033383144 0.9681581655893203 0.0036316742660392333 0.010255227247014404 0.08132126991170001 0.13092492734712657 0.18221927152896858 0.2238274692346081 0.2453292413673188 0.3692350876845797 0.490210155790652 0.5314792627389456 0.6469240645701254 0.821062790738399 0.9191579811521234 1.200965024591122 1.3036995508826779 1.4299938882118266 1.9376076231842536 2.5089571119545107
1239 14868 -0.9249621674643622 -0.200032782702165 0.21155671033383144 0.9681581655893203 0.0036316742660392333 0.010255227247014404 0.08132126991170001 0.13092492734712657 0.18221927152896858 0.2238274692346081 0.2453292413673188 0.3692350876845797 0.490210155790652 0.5314792627389456 0.6469240645701254 0.821062790738399 0.9191579811521234 1.200965024591122 1.3036995508826779 1.4299938882118266 1.9376076231842536 2.5089571119545107
1240 14880 -0.9249621674643622 -0.200032782702165 0.21155671033383144 0.9681581655893203 0.0036316742660392333 0.010255227247014404 0.08132126991170001 0.13092492734712657 0.18221927152896858 0.2238274692346081 0.2453292413673188 0.3692350876845797 0.490210155790652 0.5314792627389456 0.6469240645701254 0.821062790738399 0.9191579811521234 1.200965024591122 1.3036995508826779 1.4299938882118266 1.9376076231842536 2.5089571119545107
1241 14892 -0.9249621674643622 -0.200032782702165 0.21155671033383144 0.9681581655893203 0.0036316742660392333 0.010255227247014404 0.08132126991170001 0.13092492734712657 0.18221927152896858 0.2238274692346081 0.2453292413673188 0.3692350876845797 0.490210155790652 0.5314792627389456 0.6469240645701254 0.821062790738399 0.9191579811521234 1.200965024591122 1.3036995508826779 1.4299938882118266 1.9376076231842536 2.5089571119545107
1242 14904 -0.9249621674643622 -0.200032782702165 0.21155671033383144 0.9681581655893203 0.0036316742660392333 0.010255227247014404 0.08132126991170001 0.13092492734712657 0.18221927152896858 0.2238274692346081 0.2453292413673188 0.3692350876845797 0.490210155790652 0.5314792627389456 0.6469240645701254 0.821062790738399 0.9191579811521234 1.200965024591122 1.3036995508826779 1.4299938882118266 1.9376076231842536 2.5089571119545107
1243 14916 -0.9276955913927476 -0.2189829941865452 0.23540960597012034 0.9695369132935991 0.004151530859988391 0.011145554690353452 0.08444954279822536 0.12587399251815767 0.1824238747692175 0.20954419064825258 0.23625590702226157 0.36854947868037174 0.4884378846224221 0.5198138659491861 0.6655056823281967 0.8244898954076602 0.8994412204776835 1.2044556079035802 1.2890368884954897 1.4438527469081006 1.9384714290352465 2.5125453557731654
1244 14928 -0.9276955913927476 -0.2189829941865452 0.23540960597012034 0.9695369132935991 0.004151530859988391 0.011145554690353452 0.08444954279822536 0.12587399251815767 0.1824238747692175 0.20954419064825258 0.23625590702226157 0.36854947868037174 0.4884378846224221 0.5198138659491861 0.6655056823281967 0.8244898954076602 0.8994412204776835 1.2044556079035802 1.2890368884954897 1.4438527469081006 1.9384714290352465 2.5125453557731654
1245 14940 -0.9276955913927476 -0.2189829941865452 0.23540960597012034 0.9695369132935991 0.004151530859988391 0.011145554690353452 0.08444954279822536 0.12587399251815767 0.1824238747692175 0.20954419064825258 0.23625590702226157 0.36854947868037174 0.4884378846224221 0.5198138659491861 0.6655056823281967 0.8244898954076602 0.8994412204776835 1.2044556079035802 1.2890368884954897 1.4438527469081006 1.9384714290352465 2.5125453557731654
1246 14952 -0.9276955913927476 -0.2189829941865452 0.23540960597012034 0.9695369132935991 0.004151530859988391 0.011145554690353452 0.08444954279822536 0.12587399251815767 0.1824238747692175 0.20954419064825258 0.23625590702226157 0.36854947868037174 0.4884378846224221 0.5198138659491861 0.6655056823281967 0.8244898954076602 0.8994412204776835 1.2044556079035802 1.2890368884954897 1.4438527469081006 1.9384714290352465 2.5125453557731654
1247 14964 -0.9276955913927476 -0.2189829941865452 0.23540960597012034 0.9695369132935991 0.004151530859988391 0.011145554690353452 0.08444954279822536 0.12587399251815767 0.1824238747692175 0.20954419064825258 0.23625590702226157 0.36854947868037174 0.4884378846224221 0.5198138659491861 0.6655056823281967 0.8244898954076602 0.8994412204776835 1.2044556079035802 1.2890368884954897 1.4438527469081006 1.9384714290352465 2.5125453557731654
1248 14976 -0.9276955913927476 -0.2189829941865452 0.23540960597012034 0.9695369132935991 0.004151530859988391 0.011145554690353452 0.08444954279822536 0.12587399251815767 0.1824238747692175 0.20954419064825258 0.23625590702226157 0.36854947868037174 0.4884378846224221 0.5198138659491861 0.6655056823281967 0.8244898954076602 0.8994412204776835 1.2044556079035802 1.2890368884954897 1.4438527469081006 1.9384714290352465 2.5125453557731654
1249 14988 -0.9276955913927476 -0.2189829941865452 0.23540960597012034 0.9695369132935991 0.004151530859988391 0.011145554690353452 0.08444954279822536 0.12587399251815767 0.1824238747692175 0.20954419064825258 0.23625590702226157 0.36854947868037174 0.4884378846224221 0.5198138659491861 0.6655056823281967 0.8244898954076602 0.8994412204776835 1.2044556079035802 1.2890368884954897 1.4438527469081006 1.9384714290352465 2.5125453557731654
1250 15000 -0.9276955913927476 -0.2189829941865452 0.23540960597012034 0.9695369132935991 0.004151530859988391 0.011145554690353452 0.08444954279822536 0.12587399251815767 0.1824238747692175 0.20954419064825258 0.23625590702226157 0.36854947868037174 0.4884378846224221 0.5198138659491861 0.6655056823281967 0.8244898954076602 0.8994412204776835 1.2044556079035802 1.2890368884954897 1.4438527469081006 1.9384714290352465 2.5125453557731654
1251 15012 -0.9276955913927476 -0.2189829941865452 0.23540960597012034 0.9695369132935991 0.004151530859988391 0.011145554690353452 0.08444954279822536 0.12587399251815767 0.1824238747692175 0.20954419064825258 0.23625590702226157 0.36854947868037174 0.4884378846224221 0.5198138659491861 0.6655056823281967 0.8244898954076602 0.8994412204776835 1.2044556079035802 1.2890368884954897 1.4438527469081006 1.9384714290352465 2.5125453557731654
1252 15024 -0.9276955913927476 -0.2189829941865452 0.23540960597012034 0.9695369132935991 0.004151530859988391 0.011145554690353452 0.08444954279822536 0.12587399251815767 0.1824238747692175 0.20954419064825258 0.23625590702226157 0.36854947868037174 0.4884378846224221 0.5198138659491861 0.6655056823281967 0.8244898954076602 0.8994412204776835 1.2044556079035802 1.2890368884954897 1.4438527469081006 1.9384714290352465 2.5125453557731654
1253 15036 -0.9276955913927476 -0.2189829941865452 0.23540960597012034 0.9695369132935991 0.004151530859988391 0.011145554690353452 0.08444954279822536 0.12587399251815767 0.1824238747692175 0.20954419064825258 0.23625590702226157 0.36854947868037174 0.4884378846224221 0.5198138659491861 0.6655056823281967 0.8244898954076602 0.8994412204776835 1.2044556079035802 1.2890368884954897 1.4438527469081006 1.9384714290352465 2.5125453557731654
1254 15048 -0.9276955913927476 -0.2189829941865452 0.23540960597012034 0.9695369132935991 0.004151530859988391 0.011145554690353452 0.08444954279822536 0.12587399251815767 0.1824238747692175 0.20954419064825258 0.23625590702226157 0.36854947868037174 0.4884378846224221 0.5198138659491861 0.6655056823281967 0.8244898954076602 0.8994412204776835 1.2044556079035802 1.2890368884954897 1.4438527469081006 1.9384714290352465 2.5125453557731654
1255 15060 -0.9276955913927476 -0.2189829941865452 0.23540960597012034 0.9695369132935991 0.004151530859988391 0.011145554690353452 0.08444954279822536 0.12587399251815767 0.1824238747692175 0.20954419064825258 0.23625590702226157 0.36854947868037174 0.4884378846224221 0.5198138659491861 0.6655056823281967 0.8244898954076602 0.8994412204776835 1.2044556079035802 1.2890368884954897 1.4438527469081006 1.9384714290352465 2.5125453557731654
1256 15072 -0.9276955913927476 -0.2189829941865452 0.23540960597012034 0.9695369132935991 0.004151530859988391 0.011145554690353452 0.08444954279822536 0.12587399251815767 0.1824238747692175 0.20954419064825258 0.23625590702226157 0.36854947868037174 0.4884378846224221 0.5198138659491861 0.6655056823281967 0.8244898954076602 0.8994412204776835 1.2044556079035802 1.2890368884954897 1.4438527469081006 1.9384714290352465 2.5125453557731654
1257 15084 -0.9276955913927476 -0.2189829941865452 0.23540960597012034 0.9695369132935991 0.004151530859988391 0.011145554690353452 0.08444954279822536 0.12587399251815767 0.1824238747692175 0.20954419064825258 0.23625590702226157 0.36854947868037174 0.4884378846224221 0.5198138659491861 0.6655056823281967 0.8244898954076602 0.8994412204776835 1.2044556079035802 1.2890368884954897 1.4438527469081006 1.9384714290352465 2.5125453557731654
1258 15096 -0.9276955913927476 -0.2189829941865452 0.23540960597012034 0.9695369132935991 0.004151530859988391 0.011145554690353452 0.08444954279822536 0.12587399251815767 0.1824238747692175 0.20954419064825258 0.23625590702226157 0.36854947868037174 0.4884378846224221 0.5198138659491861 0.6655056823281967 0.8244898954076602 0.8994412204776835 1.2044556079035802 1.2890368884954897 1.4438527469081006 1.9384714290352465 2.5125453557731654
1259 15108 -0.9276955913927476 -0.2189829941865452 0.23540960597012034 0.9695369132935991 0.004151530859988391 0.011145554690353452 0.08444954279822536 0.12587399251815767 0.1824238747692175 0.20954419064825258 0.23625590702226157 0.36854947868037174 0.4884378846224221 0.5198138659491861 0.6655056823281967 0.8244898954076602 0.8994412204776835 1.2044556079035802 1.2890368884954897 1.4438527469081006 1.9384714290352465 2.5125453557731654
1260 15120 -0.9276955913927476 -0.2189829941865452 0.23540960597012034 0.9695369132935991 0.004151530859988391 0.011145554690353452 0.08444954279822536 0.12587399251815767 0.1824238747692175 0.20954419064825258 0.23625590702226157 0.36854947868037174 0.4884378846224221 0.5198138659491861 0.6655056823281967 0.8244898954076602 0.8994412204776835 1.2044556079035802 1.2890368884954897 1.4438527469081006 1.9384714290352465 2.5125453557731654
1261 15132 -0.9369785438103548 -0.23124032776250666 0.24376471773367264 0.9780134208123167 0.004550968186165013 0.012439821696120913 0.08576822726465207 0.12650354964282653 0.17787151053155456 0.2141651196465244 0.23546990278004468 0.360317405120075 0.44792316640834096 0.5101515587398668 0.668852757475173 0.783784082997195 0.8343918107050396 1.1588009501611911 1.2756587538086168 1.4774626776092172 1.9675158909376147 2.543769822463876
1262 15144 -0.9369785438103548 -0.23124032776250666 0.24376471773367264 0.9780134208123167 0.004550968186165013 0.012439821696120913 0.08576822726465207 0.12650354964282653 0.17787151053155456 0.2141651196465244 0.23546990278004468 0.360317405120075 0.44792316640834096 0.5101515587398668 0.668852757475173 0.783784082997195 0.8343918107050396 1.1588009501611911 1.2756587538086168 1.4774626776092172 1.9675158909376147 2.543769822463876
1263 15156 -0.9369785438103548 -0.23124032776250666 0.24376471773367264 0.9780134208123167 0.004550968186165013 0.012439821696120913 0.08576822726465207 0.12650354964282653 0.17787151053155456 0.2141651196465244 0.23546990278004468 0.360317405120075 0.44792316640834096 0.5101515587398668 0.668852757475173 0.783784082997195 0.8343918107050396 1.1588009501611911 1.2756587538086168 1.4774626776092172 1.9675158909376147 2.543769822463876
1264 15168 -0.9369785438103548 -0.23124032776250666 0.24376471773367264 0.9780134208123167 0.004550968186165013 0.012439821696120913 0.08576822726465207 0.12650354964282653 0.17787151053155456 0.2141651196465244 0.23546990278004468 0.360317405120075 0.44792316640834096 0.5101515587398668 0.668852757475173 0.783784082997195 0.8343918107050396 1.1588009501611911 1.2756587538086168 1.4774626776092172 1.9675158909376147 2.543769822463876
1265 15180 -0.9369785438103548 -0.23124032776250666 0.24376471773367264 0.9780134208123167 0.004550968186165013 0.012439821696120913 0.08576822726465207 0.12650354964282653 0.17787151053155456 0.2141651196465244 0.23546990278004468 0.360317405120075 0.44792316640834096 0.5101515587398668 0.668852757475173 0.783784082997195 0.8343918107050396 1.1588009501611911 1.2756587538086168 1.4774626776092172 1.9675158909376147 2.543769822463876
1266 15192 -0.9369785438103548 -0.23124032776250666 0.24376471773367264 0.9780134208123167 0.004550968186165013 0.012439821696120913 0.08576822726465207 0.12650354964282653 0.17787151053155456 0.2141651196465244 0.23546990278004468 0.360317405120075 0.44792316640834096 0.5101515587398668 0.668852757475173 0.783784082997195 0.8343918107050396 1.1588009501611911 1.2756587538086168 1.4774626776092172 1.9675158909376147 2.543769822463876
1267 15204 -0.9369785438103548 -0.23124032776250666 0.24376471773367264 0.9780134208123167 0.004550968186165013 0.012439821696120913 0.08576822726465207 0.12650354964282653 0.17787151053155456 0.2141651196465244 0.23546990278004468 0.360317405120075 0.44792316640834096 0.5101515587398668 0.668852757475173 0.783784082997195 0.8343918107050396 1.1588009501611911 1.2756587538086168 1.4774626776092172 1.9675158909376147 2.543769822463876
1268 15216 -0.9369785438103548 -0.23124032776250666 0.24376471773367264 0.9780134208123167 0.004550968186165013 0.012439821696120913 0.08576822726465207 0.12650354964282653 0.17787151053155456 0.2141651196465244 0.23546990278004468 0.360317405120075 0.44792316640834096 0.5101515587398668 0.668852757475173 0.783784082997195 0.8343918107050396 1.1588009501611911 1.2756587538086168 1.4774626776092172 1.9675158909376147 2.543769822463876
1269 15228 -0.9369785438103548 -0.23124032776250666 0.24376471773367264 0.9780134208123167 0.004550968186165013 0.012439821696120913 0.08576822726465207 0.12650354964282653 0.17787151053155456 0.2141651196465244 0.23546990278004468 0.360317405120075 0.44792316640834096 0.5101515587398668 0.668852757475173 0.783784082997195 0.8343918107050396 1.1588009501611911 1.2756587538086168 1.4774626776092172 1.9675158909376147 2.543769822463876
1270 15240 -0.9369785438103548 -0.23124032776250666 0.24376471773367264 0.9780134208123167 0.004550968186165013 0.012439821696120913 0.08576822726465207 0.12650354964282653 0.17787151053155456 0.2141651196465244 0.23546990278004468 0.360317405120075 0.44792316640834096 0.5101515587398668 0.668852757475173 0.783784082997195 0.8343918107050396 1.1588009501611911 1.2756587538086168 1.4774626776092172 1.9675158909376147 2.543769822463876
1271 15252 -0.9369785438103548 -0.23124032776250666 0.24376471773367264 0.9780134208123167 0.004550968186165013 0.012439821696120913 0.08576822726465207 0.12650354964282653 0.17787151053155456 0.2141651196465244 0.23546990278004468 0.360317405120075 0.44792316640834096 0.5101515587398668 0.668852757475173 0.783784082997195 0.8343918107050396 1.1588009501611911 1.2756587538086168 1.4774626776092172 1.9675158909376147 2.543769822463876
1272 15264 -0.9369785438103548 -0.23124032776250666 0.24376471773367264 0.9780134208123167 0.004550968186165013 0.012439821696120913 0.08576822726465207 0.12650354964282653 0.17787151053155456 0.2141651196465244 0.23546990278004468 0.360317405120075 0.44792316640834096 0.5101515587398668 0.668852757475173 0.783784082997195 0.8343918107050396 1.1588009501611911 1.2756587538086168 1.4774626776092172 1.9675158909376147 2.543769822463876
1273 15276 -0.9369785438103548 -0.23124032776250666 0.24376471773367264 0.9780134208123167 0.004550968186165013 0.012439821696120913 0.08576822726465207 0.12650354964282653 0.17787151053155456 0.2141651196465244 0.23546990278004468 0.360317405120075 0.44792316640834096 0.5101515587398668 0.668852757475173 0.783784082997195 0.8343918107050396 1.1588009501611911 1.2756587538086168 1.4774626776092172 1.9675158909376147 2.543769822463876
1274 15288 -0.9369785438103548 -0.23124032776250666 0.24376471773367264 0.9780134208123167 0.004550968186165013 0.012439821696120913 0.08576822726465207 0.12650354964282653 0.17787151053155456 0.2141651196465244 0.23546990278004468 0.360317405120075 0.44792316640834096 0.5101515587398668 0.668852757475173 0.783784082997195 0.8343918107050396 1.1588009501611911 1.2756587538086168 1.4774626776092172 1.9675158909376147 2.543769822463876
1275 15300 -0.9369785438103548 -0.23124032776250666 0.24376471773367264 0.9780134208123167 0.004550968186165013 0.012439821696120913 0.08576822726465207 0.12650354964282653 0.17787151053155456 0.2141651196465244 0.23546990278004468 0.360317405120075 0.44792316640834096 0.5101515587398668 0.668852757475173 0.783784082997195 0.8343918107050396 1.1588009501611911 1.2756587538086168 1.4774626776092172 1.9675158909376147 2.543769822463876
1276 15312 -0.9369785438103548 -0.23124032776250666 0.24376471773367264 0.9780134208123167 0.004550968186165013 0.012439821696120913 0.08576822726465207 0.12650354964282653 0.17787151053155456 0.2141651196465244 0.23546990278004468 0.360317405120075 0.44792316640834096 0.5101515587398668 0.668852757475173 0.783784082997195 0.8343918107050396 1.1588009501611911 1.2756587538086168 1.4774626776092172 1.9675158909376147 2.543769822463876
1277 15324 -0.9369785438103548 -0.23124032776250666 0.24376471773367264 0.9780134208123167 0.004550968186165013 0.012439821696120913 0.08576822726465207 0.12650354964282653 0.17787151053155456 0.2141651196465244 0.23546990278004468 0.360317405120075 0.44792316640834096 0.5101515587398668 0.668852757475173 0.783784082997195 0.8343918107050396 1.1588009501611911 1.2756587538086168 1.4774626776092172 1.9675158909376147 2.543769822463876
1278 15336 -0.9369785438103548 -0.23124032776250666 0.24376471773367264 0.9780134208123167 0.004550968186165013 0.012439821696120913 0.08576822726465207 0.12650354964282653 0.17787151053155456 0.2141651196465244 0.23546990278004468 0.360317405120075 0.44792316640834096 0.5101515587398668 0.668852757475173 0.783784082997195 0.8343918107050396 1.1588009501611911 1.2756587538086168 1.4774626776092172 1.9675158909376147 2.543769822463876
1279 15348 -0.945254363497508 -0.22648324579824355 0.21813587052536768 0.9779474261692176 0.005438005218770985 0.014189503866471758 0.09433903638190624 0.1340218715836316 0.18671635459826788 0.2211289801197138 0.23444422214377675 0.36625837141603135 0.3964163317582759 0.5197473605116911 0.6774496472640827 0.8191413767909369 0.8376314837528922 1.222806826591466 1.2572402535234086 1.5116467434182337 1.9047144016474755 2.5401327310287316
1280 15360 -0.945254363497508 -0.22648324579824355 0.21813587052536768 0.9779474261692176 0.005438005218770985 0.014189503866471758 0.09433903638190624 0.1340218715836316 0.18671635459826788 0.2211289801197138 0.23444422214377675 0.36625837141603135 0.3964163317582759 0.5197473605116911 0.6774496472640827 0.8191413767909369 0.8376314837528922 1.222806826591466 1.2572402535234086 1.5116467434182337 1.9047144016474755 2.5401327310287316
1281 15372 -0.945254363497508 -0.22648324579824355 0.21813587052536768 0.9779474261692176 0.005438005218770985 0.014189503866471758 0.09433903638190624 0.1340218715836316 0.18671635459826788 0.2211289801197138 0.23444422214377675 0.36625837141603135 0.3964163317582759 0.5197473605116911 0.6774496472640827 0.8191413767909369 0.8376314837528922 1.222806826591466 1.2572402535234086 1.5116467434182337 1.9047144016474755 2.5401327310287316
1282 15384 -0.945254363497508 -0.22648324579824355 0.21813587052536768 0.9779474261692176 0.005438005218770985 0.014189503866471758 0.09433903638190624 0.1340218715836316 0.18671635459826788 0.2211289801197138 0.23444422214377675 0.36625837141603135 0.3964163317582759 0.5197473605116911 0.6774496472640827 0.8191413767909369 0.8376314837528922 1.222806826591466 1.2572402535234086 1.5116467434182337 1.9047144016474755 2.5401327310287316
1283 15396 -0.945254363497508 -0.22648324579824355 0.21813587052536768 0.9779474261692176 0.005438005218770985 0.014189503866471758 0.09433903638190624 0.1340218715836316 0.18671635459826788 0.2211289801197138 0.23444422214377675 0.36625837141603135 0.3964163317582759 0.5197473605116911 0.6774496472640827 0.8191413767909369 0.8376314837528922 1.222806826591466 1.2572402535234086 1.5116467434182337 1.9047144016474755 2.5401327310287316
1284 15408 -0.945254363497508 -0.22648324579824355 0.21813587052536768 0.9779474261692176 0.005438005218770985 0.014189503866471758 0.09433903638190624 0.1340218715836316 0.18671635459826788 0.2211289801197138 0.23444422214377675 0.36625837141603135 0.3964163317582759 0.5197473605116911 0.6774496472640827 0.8191413767909369 0.8376314837528922 1.222806826591466 1.2572402535234086 1.5116467434182337 1.9047144016474755 2.5401327310287316
1285 15420 -0.945254363497508 -0.22648324579824355 0.21813587052536768 0.9779474261692176 0.005438005218770985 0.014189503866471758 0.09433903638190624 0.1340218715836316 0.18671635459826788 0.2211289801197138 0.23444422214377675 0.36625837141603135 0.3964163317582759 0.5197473605116911 0.6774496472640827 0.8191413767909369 0.8376314837528922 1.222806826591466 1.2572402535234086 1.5116467434182337 1.9047144016474755 2.5401327310287316
1286 15432 -0.945254363497508 -0.22648324579824355 0.21813587052536768 0.9779474261692176 0.005438005218770985 0.014189503866471758 0.09433903638190624 0.1340218715836316 0.18671635459826788 0.2211289801197138 0.23444422214377675 0.36625837141603135 0.3964163317582759 0.5197473605116911 0.6774496472640827 0.8191413767909369 0.8376314837528922 1.222806826591466 1.2572402535234086 1.5116467434182337 1.9047144016474755 2.5401327310287316
1287 15444 -0.945254363497508 -0.22648324579824355 0.21813587052536768 0.9779474261692176 0.005438005218770985 0.014189503866471758 0.09433903638190624 0.1340218715836316 0.18671635459826788 0.2211289801197138 0.23444422214377675 0.36625837141603135 0.3964163317582759 0.5197473605116911 0.6774496472640827 0.8191413767909369 0.8376314837528922 1.222806826591466 1.2572402535234086 1.5116467434182337 1.9047144016474755 2.5401327310287316
1288 15456 -0.945254363497508 -0.22648324579824355 0.21813587052536768 0.9779474261692176 0.005438005218770985 0.014189503866471758 0.09433903638190624 0.1340218715836316 0.18671635459826788 0.2211289801197138 0.23444422214377675 0.36625837141603135 0.3964163317582759 0.5197473605116911 0.6774496472640827 0.8191413767909369 0.8376314837528922 1.222806826591466 1.2572402535234086 1.5116467434182337 1.9047144016474755 2.5401327310287316
1289 15468 -0.945254363497508 -0.22648324579824355 0.21813587052536768 0.9779474261692176 0.005438005218770985 0.014189503866471758 0.09433903638190624 0.1340218715836316 0.18671635459826788 0.2211289801197138 0.23444422214377675 0.36625837141603135 0.3964163317582759 0.5197473605116911 0.6774496472640827 0.8191413767909369 0.8376314837528922 1.222806826591466 1.2572402535234086 1.5116467434182337 1.9047144016474755 2.5401327310287316
1290 15480 -0.945254363497508 -0.22648324579824355 0.21813587052536768 0.9779474261692176 0.005438005218770985 0.014189503866471758 0.09433903638190624 0.1340218715836316 0.18671635459826788 0.2211289801197138 0.23444422214377675 0.36625837141603135 0.3964163317582759 0.5197473605116911 0.6774496472640827 0.8191413767909369 0.8376314837528922 1.222806826591466 1.2572402535234086 1.5116467434182337 1.9047144016474755 2.5401327310287316
1291 15492 -0.945254363497508 -0.22648324579824355 0.21813587052536768 0.9779474261692176 0.005438005218770985 0.014189503866471758 0.09433903638190624 0.1340218715836316 0.18671635459826788 0.2211289801197138 0.23444422214377675 0.36625837141603135 0.3964163317582759 0.5197473605116911 0.6774496472640827 0.8191413767909369 0.8376314837528922 1.222806826591466 1.2572402535234086 1.5116467434182337 1.9047144016474755 2.5401327310287316
1292 15504 -0.945254363497508 -0.22648324579824355 0.21813587052536768 0.9779474261692176 0.005438005218770985 0.014189503866471758 0.09433903638190624 0.1340218715836316 0.18671635459826788 0.2211289801197138 0.23444422214377675 0.36625837141603135 0.3964163317582759 0.5197473605116911 0.6774496472640827 0.8191413767909369 0.8376314837528922 1.222806826591466 1.2572402535234086 1.5116467434182337 1.9047144016474755 2.5401327310287316
1293 15516 -0.945254363497508 -0.22648324579824355 0.21813587052536768 0.9779474261692176 0.005438005218770985 0.014189503866471758 0.09433903638190624 0.1340218715836316 0.18671635459826788 0.2211289801197138 0.23444422214377675 0.36625837141603135 0.3964163317582759 0.5197473605116911 0.6774496472640827 0.8191413767909369 0.8376314837528922 1.222806826591466 1.2572402535234086 1.5116467434182337 1.9047144016474755 2.5401327310287316
1294 15528 -0.945254363497508 -0.22648324579824355 0.21813587052536768 0.9779474261692176 0.005438005218770985 0.014189503866471758 0.09433903638190624 0.1340218715836316 0.18671635459826788 0.2211289801197138 0.23444422214377675 0.36625837141603135 0.3964163317582759 0.5197473605116911 0.6774496472640827 0.8191413767909369 0.8376314837528922 1.222806826591466 1.2572402535234086 1.5116467434182337 1.9047144016474755 2.5401327310287316
1295 15540 -0.945254363497508 -0.22648324579824355 0.21813587052536768 0.9779474261692176 0.005438005218770985 0.014189503866471758 0.09433903638190624 0.1340218715836316 0.18671635459826788 0.2211289801197138 0.23444422214377675 0.36625837141603135 0.3964163317582759 0.5197473605116911 0.6774496472640827 0.8191413767909369 0.8376314837528922 1.222806826591466 1.2572402535234086 1.5116467434182337 1.9047144016474755 2.5401327310287316
1296 15552 -0.945254363497508 -0.22648324579824355 0.21813587052536768 0.9779474261692176 0.005438005218770985 0.014189503866471758 0.09433903638190624 0.1340218715836316 0.18671635459826788 0.2211289801197138 0.23444422214377675 0.36625837141603135 0.3964163317582759 0.5197473605116911 0.6774496472640827 0.8191413767909369 0.8376314837528922 1.222806826591466 1.2572402535234086 1.5116467434182337 1.9047144016474755 2.5401327310287316
1297 15564 -0.9469414672500356 -0.2680473261082025 0.24806279297148848 0.9766370170085101 0.0062294328588163635 0.013928444122812854 0.09494903798548823 0.12935336136148173 0.18365859719568178 0.2051931403694159 0.21556630648991207 0.31700140869038707 0.36168074874292894 0.4906901007291076 0.668967824948435 0.7809216089655532 0.8576481910012906 1.2009280706482666 1.2895516281456665 1.4553857999002044 1.9519524862271969 2.5599377948877566
1298 15576 -0.9469414672500356 -0.2680473261082025 0.24806279297148848 0.9766370170085101 0.0062294328588163635 0.013928444122812854 0.09494903798548823 0.12935336136148173 0.18365859719568178 0.2051931403694159 0.21556630648991207 0.31700140869038707 0.36168074874292894 0.4906901007291076 0.668967824948435 0.7809216089655532 0.8576481910012906 1.2009280706482666 1.2895516281456665 1.4553857999002044 1.9519524862271969 2.5599377948877566
1299 15588 -0.9469414672500356 -0.2680473261082025 0.24806279297148848 0.9766370170085101 0.0062294328588163635 0.013928444122812854 0.09494903798548823 0.12935336136148173 0.18365859719568178 0.2051931403694159 0.21556630648991207 0.31700140869038707 0.36168074874292894 0.4906901007291076 0.668967824948435 0.7809216089655532 0.8576481910012906 1.2009280706482666 1.2895516281456665 1.4553857999002044 1.9519524862271969 2.5599377948877566
1300 15600 -0.9469414672500356 -0.2680473261082025 0.24806279297148848 0.9766370170085101 0.0062294328588163635 0.013928444122812854 0.09494903798548823 0.12935336136148173 0.18365859719568178 0.2051931403694159 0.21556630648991207 0.31700140869038707 0.36168074874292894 0.4906901007291076 0.668967824948435 0.7809216089655532 0.8576481910012906 1.2009280706482666 1.2895516281456665 1.4553857999002044 1.9519524862271969 2.5599377948877566
1301 15612 -0.9469414672500356 -0.2680473261082025 0.24806279297148848 0.9766370170085101 0.0062294328588163635 0.013928444122812854 0.09494903798548823 0.12935336136148173 0.18365859719568178 0.2051931403694159 0.21556630648991207 0.31700140869038707 0.36168074874292894 0.4906901007291076 0.668967824948435 0.7809216089655532 0.8576481910012906 1.2009280706482666 1.2895516281456665 1.4553857999002044 1.9519524862271969 2.5599377948877566
1302 15624 -0.9469414672500356 -0.2680473261082025 0.24806279297148848 0.9766370170085101 0.0062294328588163635 0.013928444122812854 0.09494903798548823 0.12935336136148173 0.18365859719568178 0.2051931403694159 0.21556630648991207 0.31700140869038707 0.36168074874292894 0.4906901007291076 0.668967824948435 0.7809216089655532 0.8576481910012906 1.2009280706482666 1.2895516281456665 1.4553857999002044 1.9519524862271969 2.5599377948877566
1303 15636 -0.9469414672500356 -0.2680473261082025 0.24806279297148848 0.9766370170085101 0.0062294328588163635 0.013928444122812854 0.09494903798548823 0.12935336136148173 0.18365859719568178 0.2051931403694159 0.21556630648991207 0.31700140869038707 0.36168074874292894 0.4906901007291076 0.668967824948435 0.7809216089655532 0.8576481910012906 1.2009280706482666 1.2895516281456665 1.4553857999002044 1.9519524862271969 2.5599377948877566
1304 15648 -0.9469414672500356 -0.2680473261082025 0.24806279297148848 0.9766370170085101 0.0062294328588163635 0.013928444122812854 0.09494903798548823 0.12935336136148173 0.18365859719568178 0.2051931403694159 0.21556630648991207 0.31700140869038707 0.36168074874292894 0.4906901007291076 0.668967824948435 0.7809216089655532 0.8576481910012906 1.2009280706482666 1.2895516281456665 1.4553857999002044 1.9519524862271969 2.5599377948877566
1305 15660 -0.9469414672500356 -0.2680473261082025 0.24806279297148848 0.9766370170085101 0.0062294328588163635 0.013928444122812854 0.09494903798548823 0.12935336136148173 0.18365859719568178 0.2051931403694159 0.21556630648991207 0.31700140869038707 0.36168074874292894 0.4906901007291076 0.668967824948435 0.7809216089655532 0.8576481910012906 1.2009280706482666 1.2895516281456665 1.4553857999002044 1.9519524862271969 2.5599377948877566
1306 15672 -0.9469414672500356 -0.2680473261082025 0.24806279297148848 0.9766370170085101 0.0062294328588163635 0.013928444122812854 0.09494903798548823 0.12935336136148173 0.18365859719568178 0.2051931403694159 0.21556630648991207 0.31700140869038707 0.36168074874292894 0.4906901007291076 0.668967824948435 0.7809216089655532 0.8576481910012906 1.2009280706482666 1.2895516281456665 1.4553857999002044 1.9519524862271969 2.5599377948877566
1307 15684 -0.9469414672500356 -0.2680473261082025 0.24806279297148848 0.9766370170085101 0.0062294328588163635 0.013928444122812854 0.09494903798548823 0.12935336136148173 0.18365859719568178 0.2051931403694159 0.21556630648991207 0.31700140869038707 0.36168074874292894 0.4906901007291076 0.668967824948435 0.7809216089655532 0.8576481910012906 1.2009280706482666 1.2895516281456665 1.4553857999002044 1.9519524862271969 2.5599377948877566
1308 15696 -0.9469414672500356 -0.2680473261082025 0.24806279297148848 0.9766370170085101 0.0062294328588163635 0.013928444122812854 0.09494903798548823 0.12935336136148173 0.18365859719568178 0.2051931403694159 0.21556630648991207 0.31700140869038707 0.36168074874292894 0.4906901007291076 0.668967824948435 0.7809216089655532 0.8576481910012906 1.2009280706482666 1.2895516281456665 1.4553857999002044 1.9519524862271969 2.5599377948877566
1309 15708 -0.9469414672500356 -0.2680473261082025 0.24806279297148848 0.9766370170085101 0.0062294328588163635 0.013928444122812854 0.09494903798548823 0.12935336136148173 0.18365859719568178 0.2051931403694159 0.21556630648991207 0.31700140869038707 0.36168074874292894 0.4906901007291076 0.668967824948435 0.7809216089655532 0.8576481910012906 1.2009280706482666 1.2895516281456665 1.4553857999002044 1.9519524862271969 2.5599377948877566
1310 15720 -0.9469414672500356 -0.2680473261082025 0.24806279297148848 0.9766370170085101 0.0062294328588163635 0.013928444122812854 0.09494903798548823 0.12935336136148173 0.18365859719568178 0.2051931403694159 0.21556630648991207 0.31700140869038707 0.36168074874292894 0.4906901007291076 0.668967824948435 0.7809216089655532 0.8576481910012906 1.2009280706482666 1.2895516281456665 1.4553857999002044 1.9519524862271969 2.5599377948877566
1311 15732 -0.9469414672500356 -0.2680473261082025 0.24806279297148848 0.9766370170085101 0.0062294328588163635 0.013928444122812854 0.09494903798548823 0.12935336136148173 0.18365859719568178 0.2051931403694159 0.21556630648991207 0.31700140869038707 0.36168074874292894 0.4906901007291076 0.668967824948435 0.7809216089655532 0.8576481910012906 1.2009280706482666 1.2895516281456665 1.4553857999002044 1.9519524862271969 2.5599377948877566
1312 15744 -0.9469414672500356 -0.2680473261082025 0.24806279297148848 0.9766370170085101 0.0062294328588163635 0.013928444122812854 0.09494903798548823 0.12935336136148173 0.18365859719568178 0.2051931403694159 0.21556630648991207 0.31700140869038707 0.36168074874292894 0.4906901007291076 0.668967824948435 0.7809216089655532 0.8576481910012906 1.2009280706482666 1.2895516281456665 1.4553857999002044 1.9519524862271969 2.5599377948877566
1313 15756 -0.9469414672500356 -0.2680473261082025 0.24806279297148848 0.9766370170085101 0.0062294328588163635 0.013928444122812854 0.09494903798548823 0.12935336136148173 0.18365859719568178 0.2051931403694159 0.21556630648991207 0.31700140869038707 0.36168074874292894 0.4906901007291076 0.668967824948435 0.7809216089655532 0.8576481910012906 1.2009280706482666 1.2895516281456665 1.4553857999002044 1.9519524862271969 2.5599377948877566
1314 15768 -0.9469414672500356 -0.2680473261082025 0.24806279297148848 0.9766370170085101 0.0062294328588163635 0.013928444122812854 0.09494903798548823 0.12935336136148173 0.18365859719568178 0.2051931403694159 0.21556630648991207 0.31700140869038707 0.36168074874292894 0.4906901007291076 0.668967824948435 0.7809216089655532 0.8576481910012906 1.2009280706482666 1.2895516281456665 1.4553857999002044 1.9519524862271969 2.5599377948877566
1315 15780 -0.950455273174241 -0.2652617039401351 0.25207411743398356 0.9773900325174423 0.006678785820913221 0.015263831965343283 0.09624656203944668 0.13307570700441984 0.1795720960136414 0.19476932165508037 0.22264861251932236 0.3024599449047852 0.3493694510380922 0.5087277128674901 0.6900767377276679 0.7873555941843116 0.8727535641141069 1.1401275020452664 1.2789900212828167 1.4597372770858692 1.909768196893826 2.6094183485177274
1316 15792 -0.950455273174241 -0.2652617039401351 0.25207411743398356 0.9773900325174423 0.006678785820913221 0.015263831965343283 0.09624656203944668 0.13307570700441984 0.1795720960136414 0.19476932165508037 0.22264861251932236 0.3024599449047852 0.3493694510380922 0.5087277128674901 0.6900767377276679 0.7873555941843116 0.8727535641141069 1.1401275020452664 1.2789900212828167 1.4597372770858692 1.909768196893826 2.6094183485177274
1317 15804 -0.950455273174241 -0.2652617039401351 0.25207411743398356 0.9773900325174423 0.006678785820913221 0.015263831965343283 0.09624656203944668 0.13307570700441984 0.1795720960136414 0.19476932165508037 0.22264861251932236 0.3024599449047852 0.3493694510380922 0.5087277128674901 0.6900767377276679 0.7873555941843116 0.8727535641141069 1.1401275020452664 1.2789900212828167 1.4597372770858692 1.909768196893826 2.6094183485177274
1318 15816 -0.950455273174241 -0.2652617039401351 0.25207411743398356 0.9773900325174423 0.006678785820913221 0.015263831965343283 0.09624656203944668 0.13307570700441984 0.1795720960136414 0.19476932165508037 0.22264861251932236 0.3024599449047852 0.3493694510380922 0.5087277128674901 0.6900767377276679 0.7873555941843116 0.8727535641141069 1.1401275020452664 1.2789900212828167 1.4597372770858692 1.909768196893826 2.6094183485177274
1319 15828 -0.950455273174241 -0.2652617039401351 0.25207411743398356 0.9773900325174423 0.006678785820913221 0.015263831965343283 0.09624656203944668 0.13307570700441984 0.1795720960136414 0.19476932165508037 0.22264861251932236 0.3024599449047852 0.3493694510380922 0.5087277128674901 0.6900767377276679 0.7873555941843116 0.8727535641141069 1.1401275020452664 1.2789900212828167 1.4597372770858692 1.909768196893826 2.6094183485177274
1320 15840 -0.950455273174241 -0.2652617039401351 0.25207411743398356 0.9773900325174423 0.006678785820913221 0.015263831965343283 0.09624656203944668 0.13307570700441984 0.1795720960136414 0.19476932165508037 0.22264861251932236 0.3024599449047852 0.3493694510380922 0.5087277128674901 0.6900767377276679 0.7873555941843116 0.8727535641141069 1.1401275020452664 1.2789900212828167 1.4597372770858692 1.909768196893826 2.6094183485177274
1321 15852 -0.950455273174241 -0.2652617039401351 0.25207411743398356 0.9773900325174423 0.006678785820913221 0.015263831965343283 0.09624656203944668 0.13307570700441984 0.1795720960136414 0.19476932165508037 0.22264861251932236 0.3024599449047852 0.3493694510380922 0.5087277128674901 0.6900767377276679 0.7873555941843116 0.8727535641141069 1.1401275020452664 1.2789900212828167 1.4597372770858692 1.909768196893826 2.6094183485177274
1322 15864 -0.950455273174241 -0.2652617039401351 0.25207411743398356 0.9773900325174423 0.006678785820913221 0.015263831965343283 0.09624656203944668 0.13307570700441984 0.1795720960136414 0.19476932165508037 0.22264861251932236 0.3024599449047852 0.3493694510380922 0.5087277128674901 0.6900767377276679 0.7873555941843116 0.8727535641141069 1.1401275020452664 1.2789900212828167 1.4597372770858692 1.909768196893826 2.6094183485177274
1323 15876 -0.950455273174241 -0.2652617039401351 0.25207411743398356 0.9773900325174423 0.006678785820913221 0.015263831965343283 0.09624656203944668 0.13307570700441984 0.1795720960136414 0.19476932165508037 0.22264861251932236 0.3024599449047852 0.3493694510380922 0.5087277128674901 0.6900767377276679 0.7873555941843116 0.8727535641141069 1.1401275020452664 1.2789900212828167 1.4597372770858692 1.909768196893826 2.6094183485177274
1324 15888 -0.950455273174241 -0.2652617039401351 0.25207411743398356 0.9773900325174423 0.006678785820913221 0.015263831965343283 0.09624656203944668 0.13307570700441984 0.1795720960136414 0.19476932165508037 0.22264861251932236 0.3024599449047852 0.3493694510380922 0.5087277128674901 0.6900767377276679 0.7873555941843116 0.8727535641141069 1.1401275020452664 1.2789900212828167 1.4597372770858692 1.909768196893826 2.6094183485177274
1325 15900 -0.950455273174241 -0.2652617039401351 0.25207411743398356 0.9773900325174423 0.006678785820913221 0.015263831965343283 0.09624656203944668 0.13307570700441984 0.1795720960136414 0.19476932165508037 0.22264861251932236 0.3024599449047852 0.3493694510380922 0.5087277128674901 0.6900767377276679 0.7873555941843116 0.8727535641141069 1.1401275020452664 1.2789900212828167 1.4597372770858692 1.909768196893826 2.6094183485177274
1326 15912 -0.950455273174241 -0.2652617039401351 0.25207411743398356 0.9773900325174423 0.006678785820913221 0.015263831965343283 0.09624656203944668 0.13307570700441984 0.1795720960136414 0.19476932165508037 0.22264861251932236 0.3024599449047852 0.3493694510380922 0.5087277128674901 0.6900767377276679 0.7873555941843116 0.8727535641141069 1.1401275020452664 1.2789900212828167 1.4597372770858692 1.909768196893826 2.6094183485177274
1327 15924 -0.950455273174241 -0.2652617039401351 0.25207411743398356 0.9773900325174423 0.006678785820913221 0.015263831965343283 0.09624656203944668 0.13307570700441984 0.1795720960136414 0.19476932165508037 0.22264861251932236 0.3024599449047852 0.3493694510380922 0.5087277128674901 0.6900767377276679 0.7873555941843116 0.8727535641141069 1.1401275020452664 1.2789900212828167 1.4597372770858692 1.909768196893826 2.6094183485177274
1328 15936 -0.950455273174241 -0.2652617039401351 0.25207411743398356 0.9773900325174423 0.006678785820913221 0.015263831965343283 0.09624656203944668 0.13307570700441984 0.1795720960136414 0.19476932165508037 0.22264861251932236 0.3024599449047852 0.3493694510380922 0.5087277128674901 0.6900767377276679 0.7873555941843116 0.8727535641141069 1.1401275020452664 1.2789900212828167 1.4597372770858692 1.909768196893826 2.6094183485177274
1329 15948 -0.950455273174241 -0.2652617039401351 0.25207411743398356 0.9773900325174423 0.006678785820913221 0.015263831965343283 0.09624656203944668 0.13307570700441984 0.1795720960136414 0.19476932165508037 0.22264861251932236 0.3024599449047852 0.3493694510380922 0.5087277128674901 0.6900767377276679 0.7873555941843116 0.8727535641141069 1.1401275020452664 1.2789900212828167 1.4597372770858692 1.909768196893826 2.6094183485177274
1330 15960 -0.950455273174241 -0.2652617039401351 0.25207411743398356 0.9773900325174423 0.006678785820913221 0.015263831965343283 0.09624656203944668 0.13307570700441984 0.1795720960136414 0.19476932165508037 0.22264861251932236 0.3024599449047852 0.3493694510380922 0.5087277128674901 0.6900767377276679 0.7873555941843116 0.8727535641141069 1.1401275020452664 1.2789900212828167 1.4597372770858692 1.909768196893826 2.6094183485177274
1331 15972 -0.950455273174241 -0.2652617039401351 0.25207411743398356 0.9773900325174423 0.006678785820913221 0.015263831965343283 0.09624656203944668 0.13307570700441984 0.1795720960136414 0.19476932165508037 0.22264861251932236 0.3024599449047852 0.3493694510380922 0.5087277128674901 0.6900767377276679 0.7873555941843116 0.8727535641141069 1.1401275020452664 1.2789900212828167 1.4597372770858692 1.909768196893826 2.6094183485177274
1332 15984 -0.950455273174241 -0.2652617039401351 0.25207411743398356 0.9773900325174423 0.006678785820913221 0.015263831965343283 0.09624656203944668 0.13307570700441984 0.1795720960136414 0.19476932165508037 0.22264861251932236 0.3024599449047852 0.3493694510380922 0.5087277128674901 0.6900767377276679 0.7873555941843116 0.8727535641141069 1.1401275020452664 1.2789900212828167 1.4597372770858692 1.909768196893826 2.6094183485177274
1333 15996 -0.9484236384459637 -0.3080318007773976 0.27514268520739427 0.9767591349374176 0.0068894683588040335 0.016969098053000828 0.09492815620718904 0.12279767182352196 0.18108998734289805 0.1899108398971287 0.22434442519461692 0.31484153245878593 0.3256046272932902 0.5134745989618368 0.6720579989160812 0.7326214223954474 0.887812596484513 1.1161270553366418 1.285992639794082 1.5075752846229944 1.8448835512349384 2.652372817662536
1334 16008 -0.9484236384459637 -0.3080318007773976 0.27514268520739427 0.9767591349374176 0.0068894683588040335 0.016969098053000828 0.09492815620718904 0.12279767182352196 0.18108998734289805 0.1899108398971287 0.22434442519461692 0.31484153245878593 0.3256046272932902 0.5134745989618368 0.6720579989160812 0.7326214223954474 0.887812596484513 1.1161270553366418 1.285992639794082 1.5075752846229944 1.8448835512349384 2.652372817662536
1335 16020 -0.9484236384459637 -0.3080318007773976 0.27514268520739427 0.9767591349374176 0.0068894683588040335 0.016969098053000828 0.09492815620718904 0.12279767182352196 0.18108998734289805 0.1899108398971287 0.22434442519461692 0.31484153245878593 0.3256046272932902 0.5134745989618368 0.6720579989160812 0.7326214223954474 0.887812596484513 1.1161270553366418 1.285992639794082 1.5075752846229944 1.8448835512349384 2.652372817662536
1336 16032 -0.9484236384459637 -0.3080318007773976 0.27514268520739427 0.9767591349374176 0.0068894683588040335 0.016969098053000828 0.09492815620718904 0.12279767182352196 0.18108998734289805 0.1899108398971287 0.22434442519461692 0.31484153245878593 0.3256046272932902 0.5134745989618368 0.6720579989160812 0.7326214223954474 0.887812596484513 1.1161270553366418 1.285992639794082 1.5075752846229944 1.8448835512349384 2.652372817662536
1337 16044 -0.9484236384459637 -0.3080318007773976 0.27514268520739427 0.9767591349374176 0.0068894683588040335 0.016969098053000828 0.09492815620718904 0.12279767182352196 0.18108998734289805 0.1899108398971287 0.22434442519461692 0.31484153245878593 0.3256046272932902 0.5134745989618368 0.6720579989160812 0.7326214223954474 0.887812596484513 1.1161270553366418 1.285992639794082 1.5075752846229944 1.8448835512349384 2.652372817662536
1338 16056 -0.9484236384459637 -0.3080318007773976 0.27514268520739427 0.9767591349374176 0.0068894683588040335 0.016969098053000828 0.09492815620718904 0.12279767182352196 0.18108998734289805 0.1899108398971287 0.22434442519461692 0.31484153245878593 0.3256046272932902 0.5134745989618368 0.6720579989160812 0.7326214223954474 0.887812596484513 1.1161270553366418 1.285992639794082 1.5075752846229944 1.8448835512349384 2.652372817662536
1339 16068 -0.9484236384459637 -0.3080318007773976 0.27514268520739427 0.9767591349374176 0.0068894683588040335 0.016969098053000828 0.09492815620718904 0.12279767182352196 0.18108998734289805 0.1899108398971287 0.22434442519461692 0.31484153245878593 0.3256046272932902 0.5134745989618368 0.6720579989160812 0.7326214223954474 0.887812596484513 1.1161270553366418 1.285992639794082 1.5075752846229944 1.8448835512349384 2.652372817662536
1340 16080 -0.9484236384459637 -0.3080318007773976 0.27514268520739427 0.9767591349374176 0.0068894683588040335 0.016969098053000828 0.09492815620718904 0.12279767182352196 0.18108998734289805 0.1899108398971287 0.22434442519461692 0.31484153245878593 0.3256046272932902 0.5134745989618368 0.6720579989160812 0.7326214223954474 0.887812596484513 1.1161270553366418 1.285992639794082 1.5075752846229944 1.8448835512349384 2.652372817662536
1341 16092 -0.9484236384459637 -0.3080318007773976 0.27514268520739427 0.9767591349374176 0.0068894683588040335 0.016969098053000828 0.09492815620718904 0.12279767182352196 0.18108998734289805 0.1899108398971287 0.22434442519461692 0.31484153245878593 0.3256046272932902 0.5134745989618368 0.6720579989160812 0.7326214223954474 0.887812596484513 1.1161270553366418 1.285992639794082 1.5075752846229944 1.8448835512349384 2.652372817662536
1342 16104 -0.9484236384459637 -0.3080318007773976 0.27514268520739427 0.9767591349374176 0.0068894683588040335 0.016969098053000828 0.09492815620718904 0.12279767182352196 0.18108998734289805 0.1899108398971287 0.22434442519461692 0.31484153245878593 0.3256046272932902 0.5134745989618368 0.6720579989160812 0.7326214223954474 0.887812596484513 1.1161270553366418 1.285992639794082 1.5075752846229944 1.8448835512349384 2.652372817662536
1343 16116 -0.9484236384459637 -0.3080318007773976 0.27514268520739427 0.9767591349374176 0.0068894683588040335 0.016969098053000828 0.09492815620718904 0.12279767182352196 0.18108998734289805 0.1899108398971287 0.22434442519461692 0.31484153245878593 0.3256046272932902 0.5134745989618368 0.6720579989160812 0.7326214223954474 0.887812596484513 1.1161270553366418 1.285992639794082 1.5075752846229944 1.8448835512349384 2.652372817662536
1344 16128 -0.9484236384459637 -0.3080318007773976 0.27514268520739427 0.9767591349374176 0.0068894683588040335 0.016969098053000828 0.09492815620718904 0.12279767182352196 0.18108998734289805 0.1899108398971287 0.22434442519461692 0.31484153245878593 0.3256046272932902 0.5134745989618368 0.6720579989160812 0.7326214223954474 0.887812596484513 1.1161270553366418 1.285992639794082 1.5075752846229944 1.8448835512349384 2.652372817662536
1345 16140 -0.9484236384459637 -0.3080318007773976 0.27514268520739427 0.9767591349374176 0.0068894683588040335 0.016969098053000828 0.09492815620718904 0.12279767182352196 0.18108998734289805 0.1899108398971287 0.22434442519461692 0.31484153245878593 0.3256046272932902 0.5134745989618368 0.6720579989160812 0.7326214223954474 0.887812596484513 1.1161270553366418 1.285992639794082 1.5075752846229944 1.8448835512349384 2.652372817662536
1346 16152 -0.9484236384459637 -0.3080318007773976 0.27514268520739427 0.9767591349374176 0.0068894683588040335 0.016969098053000828 0.09492815620718904 0.12279767182352196 0.18108998734289805 0.1899108398971287 0.22434442519461692 0.31484153245878593 0.3256046272932902 0.5134745989618368 0.6720579989160812 0.7326214223954474 0.887812596484513 1.1161270553366418 1.285992639794082 1.5075752846229944 1.8448835512349384 2.652372817662536
1347 16164 -0.9484236384459637 -0.3080318007773976 0.27514268520739427 0.9767591349374176 0.0068894683588040335 0.016969098053000828 0.09492815620718904 0.12279767182352196 0.18108998734289805 0.1899108398971287 0.22434442519461692 0.31484153245878593 0.3256046272932902 0.5134745989618368 0.6720579989160812 0.7326214223954474 0.887812596484513 1.1161270553366418 1.285992639794082 1.5075752846229944 1.8448835512349384 2.652372817662536
1348 16176 -0.9484236384459637 -0.3080318007773976 0.27514268520739427 0.9767591349374176 0.0068894683588040335 0.016969098053000828 0.09492815620718904 0.12279767182352196 0.18108998734289805 0.1899108398971287 0.22434442519461692 0.31484153245878593 0.3256046272932902 0.5134745989618368 0.6720579989160812 0.7326214223954474 0.887812596484513 1.1161270553366418 1.285992639794082 1.5075752846229944 1.8448835512349384 2.652372817662536
1349 16188 -0.9484236384459637 -0.3080318007773976 0.27514268520739427 0.9767591349374176 0.0068894683588040335 0.016969098053000828 0.09492815620718904 0.12279767182352196 0.18108998734289805 0.1899108398971287 0.22434442519461692 0.31484153245878593 0.3256046272932902 0.5134745989618368 0.6720579989160812 0.7326214223954474 0.887812596484513 1.1161270553366418 1.285992639794082 1.5075752846229944 1.8448835512349384 2.652372817662536
1350 16200 -0.9484236384459637 -0.3080318007773976 0.27514268520739427 0.9767591349374176 0.0068894683588040335 0.016969098053000828 0.09492815620718904 0.12279767182352196 0.18108998734289805 0.1899108398971287 0.22434442519461692 0.31484153245878593 0.3256046272932902 0.5134745989618368 0.6720579989160812 0.7326214223954474 0.887812596484513 1.1161270553366418 1.285992639794082 1.5075752846229944 1.8448835512349384 2.652372817662536
1351 16212 -0.9510880571728804 -0.296659375625875 0.3102444794693085 0.9761740103648662 0.007422880779365703 0.01781703065922062 0.09881472536386025 0.11817492514604912 0.181388254984628 0.1947665584650822 0.22771684132365183 0.3292600660902005 0.3452855149844286 0.5468447712607585 0.6641848177076696 0.7226234765516587 0.8952166579465883 1.1163833009157618 1.2753899104653845 1.4947683452714806 1.8378443674184222 2.660236679248202
1352 16224 -0.9510880571728804 -0.296659375625875 0.3102444794693085 0.9761740103648662 0.007422880779365703 0.01781703065922062 0.09881472536386025 0.11817492514604912 0.181388254984628 0.1947665584650822 0.22771684132365183 0.3292600660902005 0.3452855149844286 0.5468447712607585 0.6641848177076696 0.7226234765516587 0.8952166579465883 1.1163833009157618 1.2753899104653845 1.4947683452714806 1.8378443674184222 2.660236679248202
1353 16236 -0.9510880571728804 -0.296659375625875 0.3102444794693085 0.9761740103648662 0.007422880779365703 0.01781703065922062 0.09881472536386025 0.11817492514604912 0.181388254984628 0.1947665584650822 0.22771684132365183 0.3292600660902005 0.3452855149844286 0.5468447712607585 0.6641848177076696 0.7226234765516587 0.8952166579465883 1.1163833009157618 1.2753899104653845 1.4947683452714806 1.8378443674184222 2.660236679248202
1354 16248 -0.9510880571728804 -0.296659375625875 0.3102444794693085 0.9761740103648662 0.007422880779365703 0.01781703065922062 0.09881472536386025 0.11817492514604912 0.181388254984628 0.1947665584650822 0.22771684132365183 0.3292600660902005 0.3452855149844286 0.5468447712607585 0.6641848177076696 0.7226234765516587 0.8952166579465883 1.1163833009157618 1.2753899104653845 1.4947683452714806 1.8378443674184222 2.660236679248202
1355 16260 -0.9510880571728804 -0.296659375625875 0.3102444794693085 0.9761740103648662 0.007422880779365703 0.01781703065922062 0.09881472536386025 0.11817492514604912 0.181388254984628 0.1947665584650822 0.22771684132365183 0.3292600660902005 0.3452855149844286 0.5468447712607585 0.6641848177076696 0.7226234765516587 0.8952166579465883 1.1163833009157618 1.2753899104653845 1.4947683452714806 1.8378443674184222 2.660236679248202
1356 16272 -0.9510880571728804 -0.296659375625875 0.3102444794693085 0.9761740103648662 0.007422880779365703 0.01781703065922062 0.09881472536386025 0.11817492514604912 0.181388254984628 0.1947665584650822 0.22771684132365183 0.3292600660902005 0.3452855149844286 0.5468447712607585 0.6641848177076696 0.7226234765516587 0.8952166579465883 1.1163833009157618 1.2753899104653845 1.4947683452714806 1.8378443674184222 2.660236679248202
1357 16284 -0.9510880571728804 -0.296659375625875 0.3102444794693085 0.9761740103648662 0.007422880779365703 0.01781703065922062 0.09881472536386025 0.11817492514604912 0.181388254984628 0.1947665584650822 0.22771684132365183 0.3292600660902005 0.3452855149844286 0.5468447712607585 0.6641848177076696 0.7226234765516587 0.8952166579465883 1.1163833009157618 1.2753899104653845 1.4947683452714806 1.8378443674184222 2.660236679248202
1358 16296 -0.9510880571728804 -0.296659375625875 0.3102444794693085 0.9761740103648662 0.007422880779365703 0.01781703065922062 0.09881472536386025 0.11817492514604912 0.181388254984628 0.1947665584650822 0.22771684132365183 0.3292600660902005 0.3452855149844286 0.5468447712607585 0.6641848177076696 0.7226234765516587 0.8952166579465883 1.1163833009157618 1.2753899104653845 1.4947683452714806 1.8378443674184222 2.660236679248202
1359 16308 -0.9510880571728804 -0.296659375625875 0.3102444794693085 0.9761740103648662 0.007422880779365703 0.01781703065922062 0.09881472536386025 0.11817492514604912 0.181388254984628 0.1947665584650822 0.22771684132365183 0.3292600660902005 0.3452855149844286 0.5468447712607585 0.6641848177076696 0.7226234765516587 0.8952166579465883 1.1163833009157618 1.2753899104653845 1.4947683452714806 1.8378443674184222 2.660236679248202
1360 16320 -0.9510880571728804 -0.296659375625875 0.3102444794693085 0.9761740103648662 0.007422880779365703 0.01781703065922062 0.09881472536386025 0.11817492514604912 0.181388254984628 0.1947665584650822 0.22771684132365183 0.3292600660902005 0.3452855149844286 0.5468447712607585 0.6641848177076696 0.7226234765516587 0.8952166579465883 1.1163833009157618 1.2753899104653845 1.4947683452714806 1.8378443674184222 2.660236679248202
1361 16332 -0.9510880571728804 -0.296659375625875 0.3102444794693085 0.9761740103648662 0.007422880779365703 0.01781703065922062 0.09881472536386025 0.11817492514604912 0.181388254984628 0.1947665584650822 0.22771684132365183 0.3292600660902005 0.3452855149844286 0.5468447712607585 0.6641848177076696 0.7226234765516587 0.8952166579465883 1.1163833009157618 1.2753899104653845 1.4947683452714806 1.8378443674184222 2.660236679248202
1362 16344 -0.9510880571728804 -0.296659375625875 0.3102444794693085 0.9761740103648662 0.007422880779365703 0.01781703065922062 0.09881472536386025 0.11817492514604912 0.181388254984628 0.1947665584650822 0.22771684132365183 0.3292600660902005 0.3452855149844286 0.5468447712607585 0.6641848177076696 0.7226234765516587 0.8952166579465883 1.1163833009157618 1.2753899104653845 1.4947683452714806 1.8378443674184222 2.660236679248202
1363 16356 -0.9510880571728804 -0.296659375625875 0.3102444794693085 0.9761740103648662 0.007422880779365703 0.01781703065922062 0.09881472536386025 0.11817492514604912 0.181388254984628 0.1947665584650822 0.22771684132365183 0.3292600660902005 0.3452855149844286 0.5468447712607585 0.6641848177076696 0.7226234765516587 0.8952166579465883 1.1163833009157618 1.2753899104653845 1.4947683452714806 1.8378443674184222 2.660236679248202
1364 16368 -0.9510880571728804 -0.296659375625875 0.3102444794693085 0.9761740103648662 0.007422880779365703 0.01781703065922062 0.09881472536386025 0.11817492514604912 0.181388254984628 0.1947665584650822 0.22771684132365183 0.3292600660902005 0.3452855149844286 0.5468447712607585 0.6641848177076696 0.7226234765516587 0.8952166579465883 1.1163833009157618 1.2753899104653845 1.4947683452714806 1.8378443674184222 2.660236679248202
1365 16380 -0.9510880571728804 -0.296659375625875 0.3102444794693085 0.9761740103648662 0.007422880779365703 0.01781703065922062 0.09881472536386025 0.11817492514604912 0.181388254984628 0.1947665584650822 0.22771684132365183 0.3292600660902005 0.3452855149844286 0.5468447712607585 0.6641848177076696 0.7226234765516587 0.8952166579465883 1.1163833009157618 1.2753899104653845 1.4947683452714806 1.8378443674184222 2.660236679248202
1366 16392 -0.9510880571728804 -0.296659375625875 0.3102444794693085 0.9761740103648662 0.007422880779365703 0.01781703065922062 0.09881472536386025 0.11817492514604912 0.181388254984628 0.1947665584650822 0.22771684132365183 0.3292600660902005 0.3452855149844286 0.5468447712607585 0.6641848177076696 0.7226234765516587 0.8952166579465883 1.1163833009157618 1.2753899104653845 1.4947683452714806 1.8378443674184222 2.660236679248202
1367 16404 -0.9510880571728804 -0.296659375625875 0.3102444794693085 0.9761740103648662 0.007422880779365703 0.01781703065922062 0.09881472536386025 0.11817492514604912 0.181388254984628 0.1947665584650822 0.22771684132365183 0.3292600660902005 0.3452855149844286 0.5468447712607585 0.6641848177076696 0.7226234765516587 0.8952166579465883 1.1163833009157618 1.2753899104653845 1.4947683452714806 1.8378443674184222 2.660236679248202
1368 16416 -0.9510880571728804 -0.296659375625875 0.3102444794693085 0.9761740103648662 0.007422880779365703 0.01781703065922062 0.09881472536386025 0.11817492514604912 0.181388254984628 0.1947665584650822 0.22771684132365183 0.3292600660902005 0.3452855149844286 0.5468447712607585 0.6641848177076696 0.7226234765516587 0.8952166579465883 1.1163833009157618 1.2753899104653845 1.4947683452714806 1.8378443674184222 2.660236679248202
1369 16428 -0.954971317783424 -0.28076536037199257 0.2994091854388641 0.9732485142206868 0.007584402552884804 0.019013818897519914 0.10200373677958488 0.12158224721879408 0.17319050261545396 0.19541184885593835 0.23246975087737018 0.3306335581474693 0.36789239470466434 0.5341833714192792 0.6369901320977686 0.7123142740866056 0.9124300764705224 1.1337246980319056 1.2542746126126618 1.5135247903289537 1.8536581595040935 2.6440757792394862
1370 16440 -0.954971317783424 -0.28076536037199257 0.2994091854388641 0.9732485142206868 0.007584402552884804 0.019013818897519914 0.10200373677958488 0.12158224721879408 0.17319050261545396 0.19541184885593835 0.23246975087737018 0.3306335581474693 0.36789239470466434 0.5341833714192792 0.6369901320977686 0.7123142740866056 0.9124300764705224 1.1337246980319056 1.2542746126126618 1.5135247903289537 1.8536581595040935 2.6440757792394862
1371 16452 -0.954971317783424 -0.28076536037199257 0.2994091854388641 0.9732485142206868 0.007584402552884804 0.019013818897519914 0.10200373677958488 0.12158224721879408 0.17319050261545396 0.19541184885593835 0.23246975087737018 0.3306335581474693 0.36789239470466434 0.5341833714192792 0.6369901320977686 0.7123142740866056 0.9124300764705224 1.1337246980319056 1.2542746126126618 1.5135247903289537 1.8536581595040935 2.6440757792394862
1372 16464 -0.954971317783424 -0.28076536037199257 0.2994091854388641 0.9732485142206868 0.007584402552884804 0.019013818897519914 0.10200373677958488 0.12158224721879408 0.17319050261545396 0.19541184885593835 0.23246975087737018 0.3306335581474693 0.36789239470466434 0.5341833714192792 0.6369901320977686 0.7123142740866056 0.9124300764705224 1.1337246980319056 1.2542746126126618 1.5135247903289537 1.8536581595040935 2.6440757792394862
1373 16476 -0.954971317783424 -0.28076536037199257 0.2994091854388641 0.9732485142206868 0.007584402552884804 0.019013818897519914 0.10200373677958488 0.12158224721879408 0.17319050261545396 0.19541184885593835 0.23246975087737018 0.3306335581474693 0.36789239470466434 0.5341833714192792 0.6369901320977686 0.7123142740866056 0.9124300764705224 1.1337246980319056 1.2542746126126618 1.5135247903289537 1.8536581595040935 2.6440757792394862
1374 16488 -0.954971317783424 -0.28076536037199257 0.2994091854388641 0.9732485142206868 0.007584402552884804 0.019013818897519914 0.10200373677958488 0.12158224721879408 0.17319050261545396 0.19541184885593835 0.23246975087737018 0.3306335581474693 0.36789239470466434 0.5341833714192792 0.6369901320977686 0.7123142740866056 0.9124300764705224 1.1337246980319056 1.2542746126126618 1.5135247903289537 1.8536581595040935 2.6440757792394862
1375 16500 -0.954971317783424 -0.28076536037199257 0.2994091854388641 0.9732485142206868 0.007584402552884804 0.019013818897519914 0.10200373677958488 0.12158224721879408 0.17319050261545396 0.19541184885593835 0.23246975087737018 0.3306335581474693 0.36789239470466434 0.5341833714192792 0.6369901320977686 0.7123142740866056 0.9124300764705224 1.1337246980319056 1.2542746126126618 1.5135247903289537 1.8536581595040935 2.6440757792394862
1376 16512 -0.954971317783424 -0.28076536037199257 0.2994091854388641 0.9732485142206868 0.007584402552884804 0.019013818897519914 0.10200373677958488 0.12158224721879408 0.17319050261545396 0.19541184885593835 0.23246975087737018 0.3306335581474693 0.36789239470466434 0.5341833714192792 0.6369901320977686 0.7123142740866056 0.9124300764705224 1.1337246980319056 1.2542746126126618 1.5135247903289537 1.8536581595040935 2.6440757792394862
1377 16524 -0.954971317783424 -0.28076536037199257 0.2994091854388641 0.9732485142206868 0.007584402552884804 0.019013818897519914 0.10200373677958488 0.12158224721879408 0.17319050261545396 0.19541184885593835 0.23246975087737018 0.3306335581474693 0.36789239470466434 0.5341833714192792 0.6369901320977686 0.7123142740866056 0.9124300764705224 1.1337246980319056 1.2542746126126618 1.5135247903289537 1.8536581595040935 2.6440757792394862
1378 16536 -0.954971317783424 -0.28076536037199257 0.2994091854388641 0.9732485142206868 0.007584402552884804 0.019013818897519914 0.10200373677958488 0.12158224721879408 0.17319050261545396 0.19541184885593835 0.23246975087737018 0.3306335581474693 0.36789239470466434 0.5341833714192792 0.6369901320977686 0.7123142740866056 0.9124300764705224 1.1337246980319056 1.2542746126126618 1.5135247903289537 1.8536581595040935 2.6440757792394862
1379 16548 -0.954971317783424 -0.28076536037199257 0.2994091854388641 0.9732485142206868 0.007584402552884804 0.019013818897519914 0.10200373677958488 0.12158224721879408 0.17319050261545396 0.19541184885593835 0.23246975087737018 0.3306335581474693 0.36789239470466434 0.5341833714192792 0.6369901320977686 0.7123142740866056 0.9124300764705224 1.1337246980319056 1.2542746126126618 1.5135247903289537 1.8536581595040935 2.6440757792394862
1380 16560 -0.954971317783424 -0.28076536037199257 0.2994091854388641 0.9732485142206868 0.007584402552884804 0.019013818897519914 0.10200373677958488 0.12158224721879408 0.17319050261545396 0.19541184885593835 0.23246975087737018 0.3306335581474693 0.36789239470466434 0.5341833714192792 0.6369901320977686 0.7123142740866056 0.9124300764705224 1.1337246980319056 1.2542746126126618 1.5135247903289537 1.8536581595040935 2.6440757792394862
1381 16572 -0.954971317783424 -0.28076536037199257 0.2994091854388641 0.9732485142206868 0.007584402552884804 0.019013818897519914 0.10200373677958488 0.12158224721879408 0.17319050261545396 0.19541184885593835 0.23246975087737018 0.3306335581474693 0.36789239470466434 0.5341833714192792 0.6369901320977686 0.7123142740866056 0.9124300764705224 1.1337246980319056 1.2542746126126618 1.5135247903289537 1.8536581595040935 2.6440757792394862
1382 16584 -0.954971317783424 -0.28076536037199257 0.2994091854388641 0.9732485142206868 0.007584402552884804 0.019013818897519914 0.10200373677958488 0.12158224721879408 0.17319050261545396 0.19541184885593835 0.23246975087737018 0.3306335581474693 0.36789239470466434 0.5341833714192792 0.6369901320977686 0.7123142740866056 0.9124300764705224 1.1337246980319056 1.2542746126126618 1.5135247903289537 1.8536581595040935 2.6440757792394862
1383 16596 -0.954971317783424 -0.28076536037199257 0.2994091854388641 0.9732485142206868 0.007584402552884804 0.019013818897519914 0.10200373677958488 0.12158224721879408 0.17319050261545396 0.19541184885593835 0.23246975087737018 0.3306335581474693 0.36789239470466434 0.5341833714192792 0.6369901320977686 0.7123142740866056 0.9124300764705224 1.1337246980319056 1.2542746126126618 1.5135247903289537 1.8536581595040935 2.6440757792394862
1384 16608 -0.954971317783424 -0.28076536037199257 0.2994091854388641 0.9732485142206868 0.007584402552884804 0.019013818897519914 0.10200373677958488 0.12158224721879408 0.17319050261545396 0.19541184885593835 0.23246975087737018 0.3306335581474693 0.36789239470466434 0.5341833714192792 0.6369901320977686 0.7123142740866056 0.9124300764705224 1.1337246980319056 1.2542746126126618 1.5135247903289537 1.8536581595040935 2.6440757792394862
1385 16620 -0.954971317783424 -0.28076536037199257 0.2994091854388641 0.9732485142206868 0.007584402552884804 0.019013818897519914 0.10200373677958488 0.12158224721879408 0.17319050261545396 0.19541184885593835 0.23246975087737018 0.3306335581474693 0.36789239470466434 0.5341833714192792 0.6369901320977686 0.7123142740866056 0.9124300764705224 1.1337246980319056 1.2542746126126618 1.5135247903289537 1.8536581595040935 2.6440757792394862
1386 16632 -0.954971317783424 -0.28076536037199257 0.2994091854388641 0.9732485142206868 0.007584402552884804 0.019013818897519914 0.10200373677958488 0.12158224721879408 0.17319050261545396 0.19541184885593835 0.23246975087737018 0.3306335581474693 0.36789239470466434 0.5341833714192792 0.6369901320977686 0.7123142740866056 0.9124300764705224 1.1337246980319056 1.2542746126126618 1.5135247903289537 1.8536581595040935 2.6440757792394862
1387 16644 -0.9505229427835415 -0.24014675148079373 0.27019186420991503 0.970322281126556 0.00807791978443614 0.0192162049986655 0.10284411037890243 0.13054039979599058 0.18593895951012546 0.21030284527825435 0.2356055843209292 0.34874186128966506 0.43231669113932214 0.5641912419529819 0.603126681397712 0.7366487035539572 0.8786078457603689 1.1656917681672005 1.373909630380946 1.5518301349108625 1.9138968067558286 2.492949911230234
1388 16656 -0.9505229427835415 -0.24014675148079373 0.27019186420991503 0.970322281126556 0.00807791978443614 0.0192162049986655 0.10284411037890243 0.13054039979599058 0.18593895951012546 0.21030284527825435 0.2356055843209292 0.34874186128966506 0.43231669113932214 0.5641912419529819 0.603126681397712 0.7366487035539572 0.8786078457603689 1.1656917681672005 1.373909630380946 1.5518301349108625 1.9138968067558286 2.492949911230234
1389 16668 -0.9505229427835415 -0.24014675148079373 0.27019186420991503 0.970322281126556 0.00807791978443614 0.0192162049986655 0.10284411037890243 0.13054039979599058 0.18593895951012546 0.21030284527825435 0.2356055843209292 0.34874186128966506 0.43231669113932214 0.5641912419529819 0.603126681397712 0.7366487035539572 0.8786078457603689 1.1656917681672005 1.373909630380946 1.5518301349108625 1.9138968067558286 2.492949911230234
1390 16680 -0.9505229427835415 -0.24014675148079373 0.27019186420991503 0.970322281126556 0.00807791978443614 0.0192162049986655 0.10284411037890243 0.13054039979599058 0.18593895951012546 0.21030284527825435 0.2356055843209292 0.34874186128966506 0.43231669113932214 0.5641912419529819 0.603126681397712 0.7366487035539572 0.8786078457603689 1.1656917681672005 1.373909630380946 1.5518301349108625 1.9138968067558286 2.492949911230234
1391 16692 -0.9505229427835415 -0.24014675148079373 0.27019186420991503 0.970322281126556 0.00807791978443614 0.0192162049986655 0.10284411037890243 0.13054039979599058 0.18593895951012546 0.21030284527825435 0.2356055843209292 0.34874186128966506 0.43231669113932214 0.5641912419529819 0.603126681397712 0.7366487035539572 0.8786078457603689 1.1656917681672005 1.373909630380946 1.5518301349108625 1.9138968067558286 2.492949911230234
1392 16704 -0.9505229427835415 -0.24014675148079373 0.27019186420991503 0.970322281126556 0.00807791978443614 0.0192162049986655 0.10284411037890243 0.13054039979599058 0.18593895951012546 0.21030284527825435 0.2356055843209292 0.34874186128966506 0.43231669113932214 0.5641912419529819 0.603126681397712 0.7366487035539572 0.8786078457603689 1.1656917681672005 1.373909630380946 1.5518301349108625 1.9138968067558286 2.492949911230234
1393 16716 -0.9505229427835415 -0.24014675148079373 0.27019186420991503 0.970322281126556 0.00807791978443614 0.0192162049986655 0.10284411037890243 0.13054039979599058 0.18593895951012546 0.21030284527825435 0.2356055843209292 0.34874186128966506 0.43231669113932214 0.5641912419529819 0.603126681397712 0.7366487035539572 0.8786078457603689 1.1656917681672005 1.373909630380946 1.5518301349108625 1.9138968067558286 2.492949911230234
1394 16728 -0.9505229427835415 -0.24014675148079373 0.27019186420991503 0.970322281126556 0.00807791978443614 0.0192162049986655 0.10284411037890243 0.13054039979599058 0.18593895951012546 0.21030284527825435 0.2356055843209292 0.34874186128966506 0.43231669113932214 0.5641912419529819 0.603126681397712 0.7366487035539572 0.8786078457603689 1.1656917681672005 1.373909630380946 1.5518301349108625 1.9138968067558286 2.492949911230234
1395 16740 -0.9505229427835415 -0.24014675148079373 0.27019186420991503 0.970322281126556 0.00807791978443614 0.0192162049986655 0.10284411037890243 0.13054039979599058 0.18593895951012546 0.21030284527825435 0.2356055843209292 0.34874186128966506 0.43231669113932214 0.5641912419529819 0.603126681397712 0.7366487035539572 0.8786078457603689 1.1656917681672005 1.373909630380946 1.5518301349108625 1.9138968067558286 2.492949911230234
1396 16752 -0.9505229427835415 -0.24014675148079373 0.27019186420991503 0.970322281126556 0.00807791978443614 0.0192162049986655 0.10284411037890243 0.13054039979599058 0.18593895951012546 0.21030284527825435 0.2356055843209292 0.34874186128966506 0.43231669113932214 0.5641912419529819 0.603126681397712 0.7366487035539572 0.8786078457603689 1.1656917681672005 1.373909630380946 1.5518301349108625 1.9138968067558286 2.492949911230234
1397 16764 -0.9505229427835415 -0.24014675148079373 0.27019186420991503 0.970322281126556 0.00807791978443614 0.0192162049986655 0.10284411037890243 0.13054039979599058 0.18593895951012546 0.21030284527825435 0.2356055843209292 0.34874186128966506 0.43231669113932214 0.5641912419529819 0.603126681397712 0.7366487035539572 0.8786078457603689 1.1656917681672005 1.373909630380946 1.5518301349108625 1.9138968067558286 2.492949911230234
1398 16776 -0.9505229427835415 -0.24014675148079373 0.27019186420991503 0.970322281126556 0.00807791978443614 0.0192162049986655 0.10284411037890243 0.13054039979599058 0.18593895951012546 0.21030284527825435 0.2356055843209292 0.34874186128966506 0.43231669113932214 0.5641912419529819 0.603126681397712 0.7366487035539572 0.8786078457603689 1.1656917681672005 1.373909630380946 1.5518301349108625 1.9138968067558286 2.492949911230234
1399 16788 -0.9505229427835415 -0.24014675148079373 0.27019186420991503 0.970322281126556 0.00807791978443614 0.0192162049986655 0.10284411037890243 0.13054039979599058 0.18593895951012546 0.21030284527825435 0.2356055843209292 0.34874186128966506 0.43231669113932214 0.5641912419529819 0.603126681397712 0.7366487035539572 0.8786078457603689 1.1656917681672005 1.373909630380946 1.5518301349108625 1.9138968067558286 2.492949911230234
1400 16800 -0.9505229427835415 -0.24014675148079373 0.27019186420991503 0.970322281126556 0.00807791978443614 0.0192162049986655 0.10284411037890243 0.13054039979599058 0.18593895951012546 0.21030284527825435 0.2356055843209292 0.34874186128966506 0.43231669113932214 0.5641912419529819 0.603126681397712 0.7366487035539572 0.8786078457603689 1.1656917681672005 1.373909630380946 1.5518301349108625 1.9138968067558286 2.492949911230234
1401 16812 -0.9505229427835415 -0.24014675148079373 0.27019186420991503 0.970322281126556 0.00807791978443614 0.0192162049986655 0.10284411037890243 0.13054039979599058 0.18593895951012546 0.21030284527825435 0.2356055843209292 0.34874186128966506 0.43231669113932214 0.5641912419529819 0.603126681397712 0.7366487035539572 0.8786078457603689 1.1656917681672005 1.373909630380946 1.5518301349108625 1.9138968067558286 2.492949911230234
1402 16824 -0.9505229427835415 -0.24014675148079373 0.27019186420991503 0.970322281126556 0.00807791978443614 0.0192162049986655 0.10284411037890243 0.13054039979599058 0.18593895951012546 0.21030284527825435 0.2356055843209292 0.34874186128966506 0.43231669113932214 0.5641912419529819 0.603126681397712 0.7366487035539572 0.8786078457603689 1.1656917681672005 1.373909630380946 1.5518301349108625 1.9138968067558286 2.492949911230234
1403 16836 -0.9505229427835415 -0.24014675148079373 0.27019186420991503 0.970322281126556 0.00807791978443614 0.0192162049986655 0.10284411037890243 0.13054039979599058 0.18593895951012546 0.21030284527825435 0.2356055843209292 0.34874186128966506 0.43231669113932214 0.5641912419529819 0.603126681397712 0.7366487035539572 0.8786078457603689 1.1656917681672005 1.373909630380946 1.5518301349108625 1.9138968067558286 2.492949911230234
1404 16848 -0.9505229427835415 -0.24014675148079373 0.27019186420991503 0.970322281126556 0.00807791978443614 0.0192162049986655 0.10284411037890243 0.13054039979599058 0.18593895951012546 0.21030284527825435 0.2356055843209292 0.34874186128966506 0.43231669113932214 0.5641912419529819 0.603126681397712 0.7366487035539572 0.8786078457603689 1.1656917681672005 1.373909630380946 1.5518301349108625 1.9138968067558286 2.492949911230234
1405 16860 -0.9547806562503987 -0.23626814910334865 0.2387677809403071 0.9699637624141358 0.007915491918765559 0.018925301102404115 0.09677259843425587 0.13820607682796124 0.17843408412963108 0.21744978179382124 0.2335621072056017 0.32324240643554086 0.4468118602943625 0.5714864127064634 0.6485019048944972 0.731104473004293 0.8763390969162893 1.1532556943644157 1.4069366848773373 1.5381956334043234 1.9160640335709678 2.4772687217513463
1406 16872 -0.9547806562503987 -0.23626814910334865 0.2387677809403071 0.9699637624141358 0.007915491918765559 0.018925301102404115 0.09677259843425587 0.13820607682796124 0.17843408412963108 0.21744978179382124 0.2335621072056017 0.32324240643554086 0.4468118602943625 0.5714864127064634 0.6485019048944972 0.731104473004293 0.8763390969162893 1.1532556943644157 1.4069366848773373 1.5381956334043234 1.9160640335709678 2.4772687217513463
1407 16884 -0.9547806562503987 -0.23626814910334865 0.2387677809403071 0.9699637624141358 0.007915491918765559 0.018925301102404115 0.09677259843425587 0.13820607682796124 0.17843408412963108 0.21744978179382124 0.2335621072056017 0.32324240643554086 0.4468118602943625 0.5714864127064634 0.6485019048944972 0.731104473004293 0.8763390969162893 1.1532556943644157 1.4069366848773373 1.5381956334043234 1.9160640335709678 2.4772687217513463
1408 16896 -0.9547806562503987 -0.23626814910334865 0.2387677809403071 0.9699637624141358 0.007915491918765559 0.018925301102404115 0.09677259843425587 0.13820607682796124 0.17843408412963108 0.21744978179382124 0.2335621072056017 0.32324240643554086 0.4468118602943625 0.5714864127064634 0.6485019048944972 0.731104473004293 0.8763390969162893 1.1532556943644157 1.4069366848773373 1.5381956334043234 1.9160640335709678 2.4772687217513463
1409 16908 -0.9547806562503987 -0.23626814910334865 0.2387677809403071 0.9699637624141358 0.007915491918765559 0.018925301102404115 0.09677259843425587 0.13820607682796124 0.17843408412963108 0.21744978179382124 0.2335621072056017 0.32324240643554086 0.4468118602943625 0.5714864127064634 0.6485019048944972 0.731104473004293 0.8763390969162893 1.1532556943644157 1.4069366848773373 1.5381956334043234 1.9160640335709678 2.4772687217513463
1410 16920 -0.9547806562503987 -0.23626814910334865 0.2387677809403071 0.9699637624141358 0.007915491918765559 0.018925301102404115 0.09677259843425587 0.13820607682796124 0.17843408412963108 0.21744978179382124 0.2335621072056017 0.32324240643554086 0.4468118602943625 0.5714864127064634 0.6485019048944972 0.731104473004293 0.8763390969162893 1.1532556943644157 1.4069366848773373 1.5381956334043234 1.9160640335709678 2.4772687217513463
1411 16932 -0.9547806562503987 -0.23626814910334865 0.2387677809403071 0.9699637624141358 0.007915491918765559 0.018925301102404115 0.09677259843425587 0.13820607682796124 0.17843408412963108 0.21744978179382124 0.2335621072056017 0.32324240643554086 0.4468118602943625 0.5714864127064634 0.6485019048944972 0.731104473004293 0.8763390969162893 1.1532556943644157 1.4069366848773373 1.5381956334043234 1.9160640335709678 2.4772687217513463
1412 16944 -0.9547806562503987 -0.23626814910334865 0.2387677809403071 0.9699637624141358 0.007915491918765559 0.018925301102404115 0.09677259843425587 0.13820607682796124 0.17843408412963108 0.21744978179382124 0.2335621072056017 0.32324240643554086 0.4468118602943625 0.5714864127064634 0.6485019048944972 0.731104473004293 0.8763390969162893 1.1532556943644157 1.4069366848773373 1.5381956334043234 1.9160640335709678 2.4772687217513463
1413 16956 -0.9547806562503987 -0.23626814910334865 0.2387677809403071 0.9699637624141358 0.007915491918765559 0.018925301102404115 0.09677259843425587 0.13820607682796124 0.17843408412963108 0.21744978179382124 0.2335621072056017 0.32324240643554086 0.4468118602943625 0.5714864127064634 0.6485019048944972 0.731104473004293 0.8763390969162893 1.1532556943644157 1.4069366848773373 1.5381956334043234 1.9160640335709678 2.4772687217513463
1414 16968 -0.9547806562503987 -0.23626814910334865 0.2387677809403071 0.9699637624141358 0.007915491918765559 0.018925301102404115 0.09677259843425587 0.13820607682796124 0.17843408412963108 0.21744978179382124 0.2335621072056017 0.32324240643554086 0.4468118602943625 0.5714864127064634 0.6485019048944972 0.731104473004293 0.8763390969162893 1.1532556943644157 1.4069366848773373 1.5381956334043234 1.9160640335709678 2.4772687217513463
1415 16980 -0.9547806562503987 -0.23626814910334865 0.2387677809403071 0.9699637624141358 0.007915491918765559 0.018925301102404115 0.09677259843425587 0.13820607682796124 0.17843408412963108 0.21744978179382124 0.2335621072056017 0.32324240643554086 0.4468118602943625 0.5714864127064634 0.6485019048944972 0.731104473004293 0.8763390969162893 1.1532556943644157 1.4069366848773373 1.5381956334043234 1.9160640335709678 2.4772687217513463
1416 16992 -0.9547806562503987 -0.23626814910334865 0.2387677809403071 0.9699637624141358 0.007915491918765559 0.018925301102404115 0.09677259843425587 0.13820607682796124 0.17843408412963108 0.21744978179382124 0.2335621072056017 0.32324240643554086 0.4468118602943625 0.5714864127064634 0.6485019048944972 0.731104473004293 0.8763390969162893 1.1532556943644157 1.4069366848773373 1.5381956334043234 1.9160640335709678 2.4772687217513463
1417 17004 -0.9547806562503987 -0.23626814910334865 0.2387677809403071 0.9699637624141358 0.007915491918765559 0.018925301102404115 0.09677259843425587 0.13820607682796124 0.17843408412963108 0.21744978179382124 0.2335621072056017 0.32324240643554086 0.4468118602943625 0.5714864127064634 0.6485019048944972 0.731104473004293 0.8763390969162893 1.1532556943644157 1.4069366848773373 1.5381956334043234 1.9160640335709678 2.4772687217513463
1418 17016 -0.9547806562503987 -0.23626814910334865 0.2387677809403071 0.9699637624141358 0.007915491918765559 0.018925301102404115 0.09677259843425587 0.13820607682796124 0.17843408412963108 0.21744978179382124 0.2335621072056017 0.32324240643554086 0.4468118602943625 0.5714864127064634 0.6485019048944972 0.731104473004293 0.8763390969162893 1.1532556943644157 1.4069366848773373 1.5381956334043234 1.9160640335709678 2.4772687217513463
1419 17028 -0.9547806562503987 -0.23626814910334865 0.2387677809403071 0.9699637624141358 0.007915491918765559 0.018925301102404115 0.09677259843425587 0.13820607682796124 0.17843408412963108 0.21744978179382124 0.2335621072056017 0.32324240643554086 0.4468118602943625 0.5714864127064634 0.6485019048944972 0.731104473004293 0.8763390969162893 1.1532556943644157 1.4069366848773373 1.5381956334043234 1.9160640335709678 2.4772687217513463
1420 17040 -0.9547806562503987 -0.23626814910334865 0.2387677809403071 0.9699637624141358 0.007915491918765559 0.018925301102404115 0.09677259843425587 0.13820607682796124 0.17843408412963108 0.21744978179382124 0.2335621072056017 0.32324240643554086 0.4468118602943625 0.5714864127064634 0.6485019048944972 0.731104473004293 0.8763390969162893 1.1532556943644157 1.4069366848773373 1.5381956334043234 1.9160640335709678 2.4772687217513463
1421 17052 -0.9547806562503987 -0.23626814910334865 0.2387677809403071 0.9699637624141358 0.007915491918765559 0.018925301102404115 0.09677259843425587 0.13820607682796124 0.17843408412963108 0.21744978179382124 0.2335621072056017 0.32324240643554086 0.4468118602943625 0.5714864127064634 0.6485019048944972 0.731104473004293 0.8763390969162893 1.1532556943644157 1.4069366848773373 1.5381956334043234 1.9160640335709678 2.4772687217513463
1422 17064 -0.9547806562503987 -0.23626814910334865 0.2387677809403071 0.9699637624141358 0.007915491918765559 0.018925301102404115 0.09677259843425587 0.13820607682796124 0.17843408412963108 0.21744978179382124 0.2335621072056017 0.32324240643554086 0.4468118602943625 0.5714864127064634 0.6485019048944972 0.731104473004293 0.8763390969162893 1.1532556943644157 1.4069366848773373 1.5381956334043234 1.9160640335709678 2.4772687217513463
1423 17076 -0.9500055335264554 -0.24061516397316687 0.2921903488350727 0.9621932164843949 0.008437611106144955 0.020342157004445482 0.08838314455156807 0.13514344548335733 0.18344560405162635 0.22201307008996984 0.26260513969288873 0.32593259013384923 0.4558997099655978 0.595436103342491 0.6607364908373441 0.7059410569863267 0.8933585834994207 1.17223023548793 1.4665924284297311 1.5147277809470754 1.888898443314057 2.456124114798768
1424 17088 -0.9500055335264554 -0.24061516397316687 0.2921903488350727 0.9621932164843949 0.008437611106144955 0.020342157004445482 0.08838314455156807 0.13514344548335733 0.18344560405162635 0.22201307008996984 0.26260513969288873 0.32593259013384923 0.4558997099655978 0.595436103342491 0.6607364908373441 0.7059410569863267 0.8933585834994207 1.17223023548793 1.4665924284297311 1.5147277809470754 1.888898443314057 2.456124114798768
1425 17100 -0.9500055335264554 -0.24061516397316687 0.2921903488350727 0.9621932164843949 0.008437611106144955 0.020342157004445482 0.08838314455156807 0.13514344548335733 0.18344560405162635 0.22201307008996984 0.26260513969288873 0.32593259013384923 0.4558997099655978 0.595436103342491 0.6607364908373441 0.7059410569863267 0.8933585834994207 1.17223023548793 1.4665924284297311 1.5147277809470754 1.888898443314057 2.456124114798768
1426 17112 -0.9500055335264554 -0.24061516397316687 0.2921903488350727 0.9621932164843949 0.008437611106144955 0.020342157004445482 0.08838314455156807 0.13514344548335733 0.18344560405162635 0.22201307008996984 0.26260513969288873 0.32593259013384923 0.4558997099655978 0.595436103342491 0.6607364908373441 0.7059410569863267 0.8933585834994207 1.17223023548793 1.4665924284297311 1.5147277809470754 1.888898443314057 2.456124114798768
1427 17124 -0.9500055335264554 -0.24061516397316687 0.2921903488350727 0.9621932164843949 0.008437611106144955 0.020342157004445482 0.08838314455156807 0.13514344548335733 0.18344560405162635 0.22201307008996984 0.26260513969288873 0.32593259013384923 0.4558997099655978 0.595436103342491 0.6607364908373441 0.7059410569863267 0.8933585834994207 1.17223023548793 1.4665924284297311 1.5147277809470754 1.888898443314057 2.456124114798768
1428 17136 -0.9500055335264554 -0.24061516397316687 0.2921903488350727 0.9621932164843949 0.008437611106144955 0.020342157004445482 0.08838314455156807 0.13514344548335733 0.18344560405162635 0.22201307008996984 0.26260513969288873 0.32593259013384923 0.4558997099655978 0.595436103342491 0.6607364908373441 0.7059410569863267 0.8933585834994207 1.17223023548793 1.4665924284297311 1.5147277809470754 1.888898443314057 2.456124114798768
1429 17148 -0.9500055335264554 -0.24061516397316687 0.2921903488350727 0.9621932164843949 0.008437611106144955 0.020342157004445482 0.08838314455156807 0.13514344548335733 0.18344560405162635 0.22201307008996984 0.26260513969288873 0.32593259013384923 0.4558997099655978 0.595436103342491 0.6607364908373441 0.7059410569863267 0.8933585834994207 1.17223023548793 1.4665924284297311 1.5147277809470754 1.888898443314057 2.456124114798768
1430 17160 -0.9500055335264554 -0.24061516397316687 0.2921903488350727 0.9621932164843949 0.008437611106144955 0.020342157004445482 0.08838314455156807 0.13514344548335733 0.18344560405162635 0.22201307008996984 0.26260513969288873 0.32593259013384923 0.4558997099655978 0.595436103342491 0.6607364908373441 0.7059410569863267 0.8933585834994207 1.17223023548793 1.4665924284297311 1.5147277809470754 1.888898443314057 2.456124114798768
1431 17172 -0.9500055335264554 -0.24061516397316687 0.2921903488350727 0.9621932164843949 0.008437611106144955 0.020342157004445482 0.08838314455156807 0.13514344548335733 0.18344560405162635 0.22201307008996984 0.26260513969288873 0.32593259013384923 0.4558997099655978 0.595436103342491 0.6607364908373441 0.7059410569863267 0.8933585834994207 1.17223023548793 1.4665924284297311 1.5147277809470754 1.888898443314057 2.456124114798768
1432 17184 -0.9500055335264554 -0.24061516397316687 0.2921903488350727 0.9621932164843949 0.008437611106144955 0.020342157004445482 0.08838314455156807 0.13514344548335733 0.18344560405162635 0.22201307008996984 0.26260513969288873 0.32593259013384923 0.4558997099655978 0.595436103342491 0.6607364908373441 0.7059410569863267 0.8933585834994207 1.17223023548793 1.4665924284297311 1.5147277809470754 1.888898443314057 2.456124114798768
1433 17196 -0.9500055335264554 -0.24061516397316687 0.2921903488350727 0.9621932164843949 0.008437611106144955 0.020342157004445482 0.08838314455156807 0.13514344548335733 0.18344560405162635 0.22201307008996984 0.26260513969288873 0.32593259013384923 0.4558997099655978 0.595436103342491 0.6607364908373441 0.7059410569863267 0.8933585834994207 1.17223023548793 1.4665924284297311 1.5147277809470754 1.888898443314057 2.456124114798768
1434 17208 -0.9500055335264554 -0.24061516397316687 0.2921903488350727 0.9621932164843949 0.008437611106144955 0.020342157004445482 0.08838314455156807 0.13514344548335733 0.18344560405162635 0.22201307008996984 0.26260513969288873 0.32593259013384923 0.4558997099655978 0.595436103342491 0.6607364908373441 0.7059410569863267 0.8933585834994207 1.17223023548793 1.4665924284297311 1.5147277809470754 1.888898443314057 2.456124114798768
1435 17220 -0.9500055335264554 -0.24061516397316687 0.2921903488350727 0.9621932164843949 0.008437611106144955 0.020342157004445482 0.08838314455156807 0.13514344548335733 0.18344560405162635 0.22201307008996984 0.26260513969288873 0.32593259013384923 0.4558997099655978 0.595436103342491 0.6607364908373441 0.7059410569863267 0.8933585834994207 1.17223023548793 1.4665924284297311 1.5147277809470754 1.888898443314057 2.456124114798768
1436 17232 -0.9500055335264554 -0.24061516397316687 0.2921903488350727 0.9621932164843949 0.008437611106144955 0.020342157004445482 0.08838314455156807 0.13514344548335733 0.18344560405162635 0.22201307008996984 0.26260513969288873 0.32593259013384923 0.4558997099655978 0.595436103342491 0.6607364908373441 0.7059410569863267 0.8933585834994207 1.17223023548793 1.4665924284297311 1.5147277809470754 1.888898443314057 2.456124114798768
1437 17244 -0.9500055335264554 -0.24061516397316687 0.2921903488350727 0.9621932164843949 0.008437611106144955 0.020342157004445482 0.08838314455156807 0.13514344548335733 0.18344560405162635 0.22201307008996984 0.26260513969288873 0.32593259013384923 0.4558997099655978 0.595436103342491 0.6607364908373441 0.7059410569863267 0.8933585834994207 1.17223023548793 1.4665924284297311 1.5147277809470754 1.888898443314057 2.456124114798768
1438 17256 -0.9500055335264554 -0.24061516397316687 0.2921903488350727 0.9621932164843949 0.008437611106144955 0.020342157004445482 0.08838314455156807 0.13514344548335733 0.18344560405162635 0.22201307008996984 0.26260513969288873 0.32593259013384923 0.4558997099655978 0.595436103342491 0.6607364908373441 0.7059410569863267 0.8933585834994207 1.17223023548793 1.4665924284297311 1.5147277809470754 1.888898443314057 2.456124114798768
1439 17268 -0.9500055335264554 -0.24061516397316687 0.2921903488350727 0.9621932164843949 0.008437611106144955 0.020342157004445482 0.08838314455156807 0.13514344548335733 0.18344560405162635 0.22201307008996984 0.26260513969288873 0.32593259013384923 0.4558997099655978 0.595436103342491 0.6607364908373441 0.7059410569863267 0.8933585834994207 1.17223023548793 1.4665924284297311 1.5147277809470754 1.888898443314057 2.456124114798768
1440 17280 -0.9500055335264554 -0.24061516397316687 0.2921903488350727 0.9621932164843949 0.008437611106144955 0.020342157004445482 0.08838314455156807 0.13514344548335733 0.18344560405162635 0.22201307008996984 0.26260513969288873 0.32593259013384923 0.4558997099655978 0.595436103342491 0.6607364908373441 0.7059410569863267 0.8933585834994207 1.17223023548793 1.4665924284297311 1.5147277809470754 1.888898443314057 2.456124114798768
1441 17292 -0.9477831783993509 -0.2198987743114661 0.26525924671827333 0.9523974996528335 0.009167862520546367 0.020542823857759948 0.08489964493595509 0.1375598505075783 0.18673290988636948 0.20157816771690953 0.25255073600558897 0.3383645762072708 0.4102670616518281 0.5901283525007813 0.6459376786716945 0.7052635544785308 0.9707656618963225 1.180001471535774 1.4686515586473805 1.561455541022675 1.9073268569544317 2.3917815938047022
1442 17304 -0.9477831783993509 -0.2198987743114661 0.26525924671827333 0.9523974996528335 0.009167862520546367 0.020542823857759948 0.08489964493595509 0.1375598505075783 0.18673290988636948 0.20157816771690953 0.25255073600558897 0.3383645762072708 0.4102670616518281 0.5901283525007813 0.6459376786716945 0.7052635544785308 0.9707656618963225 1.180001471535774 1.4686515586473805 1.561455541022675 1.9073268569544317 2.3917815938047022
1443 17316 -0.9477831783993509 -0.2198987743114661 0.26525924671827333 0.9523974996528335 0.009167862520546367 0.020542823857759948 0.08489964493595509 0.1375598505075783 0.18673290988636948 0.20157816771690953 0.25255073600558897 0.3383645762072708 0.4102670616518281 0.5901283525007813 0.6459376786716945 0.7052635544785308 0.9707656618963225 1.180001471535774 1.4686515586473805 1.561455541022675 1.9073268569544317 2.3917815938047022
1444 17328 -0.9477831783993509 -0.2198987743114661 0.26525924671827333 0.9523974996528335 0.009167862520546367 0.020542823857759948 0.08489964493595509 0.1375598505075783 0.18673290988636948 0.20157816771690953 0.25255073600558897 0.3383645762072708 0.4102670616518281 0.5901283525007813 0.6459376786716945 0.7052635544785308 0.9707656618963225 1.180001471535774 1.4686515586473805 1.561455541022675 1.9073268569544317 2.3917815938047022
1445 17340 -0.9477831783993509 -0.2198987743114661 0.26525924671827333 0.9523974996528335 0.009167862520546367 0.020542823857759948 0.08489964493595509 0.1375598505075783 0.18673290988636948 0.20157816771690953 0.25255073600558897 0.3383645762072708 0.4102670616518281 0.5901283525007813 0.6459376786716945 0.7052635544785308 0.9707656618963225 1.180001471535774 1.4686515586473805 1.561455541022675 1.9073268569544317 2.3917815938047022
1446 17352 -0.9477831783993509 -0.2198987743114661 0.26525924671827333 0.9523974996528335 0.009167862520546367 0.020542823857759948 0.08489964493595509 0.1375598505075783 0.18673290988636948 0.20157816771690953 0.25255073600558897 0.3383645762072708 0.4102670616518281 0.5901283525007813 0.6459376786716945 0.7052635544785308 0.9707656618963225 1.180001471535774 1.4686515586473805 1.561455541022675 1.9073268569544317 2.3917815938047022
1447 17364 -0.9477831783993509 -0.2198987743114661 0.26525924671827333 0.9523974996528335 0.009167862520546367 0.020542823857759948 0.08489964493595509 0.1375598505075783 0.18673290988636948 0.20157816771690953 0.25255073600558897 0.3383645762072708 0.4102670616518281 0.5901283525007813 0.6459376786716945 0.7052635544785308 0.9707656618963225 1.180001471535774 1.4686515586473805 1.561455541022675 1.9073268569544317 2.3917815938047022
1448 17376 -0.9477831783993509 -0.2198987743114661 0.26525924671827333 0.9523974996528335 0.009167862520546367 0.020542823857759948 0.08489964493595509 0.1375598505075783 0.18673290988636948 0.20157816771690953 0.25255073600558897 0.3383645762072708 0.4102670616518281 0.5901283525007813 0.6459376786716945 0.7052635544785308 0.9707656618963225 1.180001471535774 1.4686515586473805 1.561455541022675 1.9073268569544317 2.3917815938047022
1449 17388 -0.9477831783993509 -0.2198987743114661 0.26525924671827333 0.9523974996528335 0.009167862520546367 0.020542823857759948 0.08489964493595509 0.1375598505075783 0.18673290988636948 0.20157816771690953 0.25255073600558897 0.3383645762072708 0.4102670616518281 0.5901283525007813 0.6459376786716945 0.7052635544785308 0.9707656618963225 1.180001471535774 1.4686515586473805 1.561455541022675 1.9073268569544317 2.3917815938047022
1450 17400 -0.9477831783993509 -0.2198987743114661 0.26525924671827333 0.9523974996528335 0.009167862520546367 0.020542823857759948 0.08489964493595509 0.1375598505075783 0.18673290988636948 0.20157816771690953 0.25255073600558897 0.3383645762072708 0.4102670616518281 0.5901283525007813 0.6459376786716945 0.7052635544785308 0.9707656618963225 1.180001471535774 1.4686515586473805 1.561455541022675 1.9073268569544317 2.3917815938047022
1451 17412 -0.9477831783993509 -0.2198987743114661 0.26525924671827333 0.9523974996528335 0.009167862520546367 0.020542823857759948 0.08489964493595509 0.1375598505075783 0.18673290988636948 0.20157816771690953 0.25255073600558897 0.3383645762072708 0.4102670616518281 0.5901283525007813 0.6459376786716945 0.7052635544785308 0.9707656618963225 1.180001471535774 1.4686515586473805 1.561455541022675 1.9073268569544317 2.3917815938047022
1452 17424 -0.9477831783993509 -0.2198987743114661 0.26525924671827333 0.9523974996528335 0.009167862520546367 0.020542823857759948 0.08489964493595509 0.1375598505075783 0.18673290988636948 0.20157816771690953 0.25255073600558897 0.3383645762072708 0.4102670616518281 0.5901283525007813 0.6459376786716945 0.7052635544785308 0.9707656618963225 1.180001471535774 1.4686515586473805 1.561455541022675 1.9073268569544317 2.3917815938047022
1453 17436 -0.9477831783993509 -0.2198987743114661 0.26525924671827333 0.9523974996528335 0.009167862520546367 0.020542823857759948 0.08489964493595509 0.1375598505075783 0.18673290988636948 0.20157816771690953 0.25255073600558897 0.3383645762072708 0.4102670616518281 0.5901283525007813 0.6459376786716945 0.7052635544785308 0.9707656618963225 1.180001471535774 1.4686515586473805 1.561455541022675 1.9073268569544317 2.3917815938047022
1454 17448 -0.9477831783993509 -0.2198987743114661 0.26525924671827333 0.9523974996528335 0.009167862520546367 0.020542823857759948 0.08489964493595509 0.1375598505075783 0.18673290988636948 0.20157816771690953 0.25255073600558897 0.3383645762072708 0.4102670616518281 0.5901283525007813 0.6459376786716945 0.7052635544785308 0.9707656618963225 1.180001471535774 1.4686515586473805 1.561455541022675 1.9073268569544317 2.3917815938047022
1455 17460 -0.9477831783993509 -0.2198987743114661 0.26525924671827333 0.9523974996528335 0.009167862520546367 0.020542823857759948 0.08489964493595509 0.1375598505075783 0.18673290988636948 0.20157816771690953 0.25255073600558897 0.3383645762072708 0.4102670616518281 0.5901283525007813 0.6459376786716945 0.7052635544785308 0.9707656618963225 1.180001471535774 1.4686515586473805 1.561455541022675 1.9073268569544317 2.3917815938047022
1456 17472 -0.9477831783993509 -0.2198987743114661 0.26525924671827333 0.9523974996528335 0.009167862520546367 0.020542823857759948 0.08489964493595509 0.1375598505075783 0.18673290988636948 0.20157816771690953 0.25255073600558897 0.3383645762072708 0.4102670616518281 0.5901283525007813 0.6459376786716945 0.7052635544785308 0.9707656618963225 1.180001471535774 1.4686515586473805 1.561455541022675 1.9073268569544317 2.3917815938047022
1457 17484 -0.9477831783993509 -0.2198987743114661 0.26525924671827333 0.9523974996528335 0.009167862520546367 0.020542823857759948 0.08489964493595509 0.1375598505075783 0.18673290988636948 0.20157816771690953 0.25255073600558897 0.3383645762072708 0.4102670616518281 0.5901283525007813 0.6459376786716945 0.7052635544785308 0.9707656618963225 1.180001471535774 1.4686515586473805 1.561455541022675 1.9073268569544317 2.3917815938047022
1458 17496 -0.9477831783993509 -0.2198987743114661 0.26525924671827333 0.9523974996528335 0.009167862520546367 0.020542823857759948 0.08489964493595509 0.1375598505075783 0.18673290988636948 0.20157816771690953 0.25255073600558897 0.3383645762072708 0.4102670616518281 0.5901283525007813 0.6459376786716945 0.7052635544785308 0.9707656618963225 1.180001471535774 1.4686515586473805 1.561455541022675 1.9073268569544317 2.3917815938047022
1459 17508 -0.9566294351665567 -0.24288624797833175 0.264878645985853 0.9508321850315438 0.009916742982809831 0.020693890615905285 0.07484611950905418 0.13263694680919705 0.18675091982297623 0.20510562851510925 0.24525444411833924 0.34218917448803965 0.37936783373022975 0.5775312678621408 0.6234328228554971 0.7430922283852366 0.9552597681594134 1.0431743156984075 1.4643832682058304 1.4844071344817547 1.984131538045791 2.453238660086178
1460 17520 -0.9566294351665567 -0.24288624797833175 0.264878645985853 0.9508321850315438 0.009916742982809831 0.020693890615905285 0.07484611950905418 0.13263694680919705 0.18675091982297623 0.20510562851510925 0.24525444411833924 0.34218917448803965 0.37936783373022975 0.5775312678621408 0.6234328228554971 0.7430922283852366 0.9552597681594134 1.0431743156984075 1.4643832682058304 1.4844071344817547 1.984131538045791 2.453238660086178
1461 17532 -0.9566294351665567 -0.24288624797833175 0.264878645985853 0.9508321850315438 0.009916742982809831 0.020693890615905285 0.07484611950905418 0.13263694680919705 0.18675091982297623 0.20510562851510925 0.24525444411833924 0.34218917448803965 0.37936783373022975 0.5775312678621408 0.6234328228554971 0.7430922283852366 0.9552597681594134 1.0431743156984075 1.4643832682058304 1.4844071344817547 1.984131538045791 2.453238660086178
1462 17544 -0.9566294351665567 -0.24288624797833175 0.264878645985853 0.9508321850315438 0.009916742982809831 0.020693890615905285 0.07484611950905418 0.13263694680919705 0.18675091982297623 0.20510562851510925 0.24525444411833924 0.34218917448803965 0.37936783373022975 0.5775312678621408 0.6234328228554971 0.7430922283852366 0.9552597681594134 1.0431743156984075 1.4643832682058304 1.4844071344817547 1.984131538045791 2.453238660086178
1463 17556 -0.9566294351665567 -0.24288624797833175 0.264878645985853 0.9508321850315438 0.009916742982809831 0.020693890615905285 0.07484611950905418 0.13263694680919705 0.18675091982297623 0.20510562851510925 0.24525444411833924 0.34218917448803965 0.37936783373022975 0.5775312678621408 0.6234328228554971 0.7430922283852366 0.9552597681594134 1.0431743156984075 1.4643832682058304 1.4844071344817547 1.984131538045791 2.453238660086178
1464 17568 -0.9566294351665567 -0.24288624797833175 0.264878645985853 0.9508321850315438 0.009916742982809831 0.020693890615905285 0.07484611950905418 0.13263694680919705 0.18675091982297623 0.20510562851510925 0.24525444411833924 0.34218917448803965 0.37936783373022975 0.5775312678621408 0.6234328228554971 0.7430922283852366 0.9552597681594134 1.0431743156984075 1.4643832682058304 1.4844071344817547 1.984131538045791 2.453238660086178
1465 17580 -0.9566294351665567 -0.24288624797833175 0.264878645985853 0.9508321850315438 0.009916742982809831 0.020693890615905285 0.07484611950905418 0.13263694680919705 0.18675091982297623 0.20510562851510925 0.24525444411833924 0.34218917448803965 0.37936783373022975 0.5775312678621408 0.6234328228554971 0.7430922283852366 0.9552597681594134 1.0431743156984075 1.4643832682058304 1.4844071344817547 1.984131538045791 2.453238660086178
1466 17592 -0.9566294351665567 -0.24288624797833175 0.264878645985853 0.9508321850315438 0.009916742982809831 0.020693890615905285 0.07484611950905418 0.13263694680919705 0.18675091982297623 0.20510562851510925 0.24525444411833924 0.34218917448803965 0.37936783373022975 0.5775312678621408 0.6234328228554971 0.7430922283852366 0.9552597681594134 1.0431743156984075 1.4643832682058304 1.4844071344817547 1.984131538045791 2.453238660086178
1467 17604 -0.9566294351665567 -0.24288624797833175 0.264878645985853 0.9508321850315438 0.009916742982809831 0.020693890615905285 0.07484611950905418 0.13263694680919705 0.18675091982297623 0.20510562851510925 0.24525444411833924 0.34218917448803965 0.37936783373022975 0.5775312678621408 0.6234328228554971 0.7430922283852366 0.9552597681594134 1.0431743156984075 1.4643832682058304 1.4844071344817547 1.984131538045791 2.453238660086178
1468 17616 -0.9566294351665567 -0.24288624797833175 0.264878645985853 0.9508321850315438 0.009916742982809831 0.020693890615905285 0.07484611950905418 0.13263694680919705 0.18675091982297623 0.20510562851510925 0.24525444411833924 0.34218917448803965 0.37936783373022975 0.5775312678621408 0.6234328228554971 0.7430922283852366 0.9552597681594134 1.0431743156984075 1.4643832682058304 1.4844071344817547 1.984131538045791 2.453238660086178
1469 17628 -0.9566294351665567 -0.24288624797833175 0.264878645985853 0.9508321850315438 0.009916742982809831 0.020693890615905285 0.07484611950905418 0.13263694680919705 0.18675091982297623 0.20510562851510925 0.24525444411833924 0.34218917448803965 0.37936783373022975 0.5775312678621408 0.6234328228554971 0.7430922283852366 0.9552597681594134 1.0431743156984075 1.4643832682058304 1.4844071344817547 1.984131538045791 2.453238660086178
1470 17640 -0.9566294351665567 -0.24288624797833175 0.264878645985853 0.9508321850315438 0.009916742982809831 0.020693890615905285 0.07484611950905418 0.13263694680919705 0.18675091982297623 0.20510562851510925 0.24525444411833924 0.34218917448803965 0.37936783373022975 0.5775312678621408 0.6234328228554971 0.7430922283852366 0.9552597681594134 1.0431743156984075 1.4643832682058304 1.4844071344817547 1.984131538045791 2.453238660086178
1471 17652 -0.9566294351665567 -0.24288624797833175 0.264878645985853 0.9508321850315438 0.009916742982809831 0.020693890615905285 0.07484611950905418 0.13263694680919705 0.18675091982297623 0.20510562851510925 0.24525444411833924 0.34218917448803965 0.37936783373022975 0.5775312678621408 0.6234328228554971 0.7430922283852366 0.9552597681594134 1.0431743156984075 1.4643832682058304 1.4844071344817547 1.984131538045791 2.453238660086178
1472 17664 -0.9566294351665567 -0.24288624797833175 0.264878645985853 0.9508321850315438 0.009916742982809831 0.020693890615905285 0.07484611950905418 0.13263694680919705 0.18675091982297623 0.20510562851510925 0.24525444411833924 0.34218917448803965 0.37936783373022975 0.5775312678621408 0.6234328228554971 0.7430922283852366 0.9552597681594134 1.0431743156984075 1.4643832682058304 1.4844071344817547 1.984131538045791 2.453238660086178
1473 17676 -0.9566294351665567 -0.24288624797833175 0.264878645985853 0.9508321850315438 0.009916742982809831 0.020693890615905285 0.07484611950905418 0.13263694680919705 0.18675091982297623 0.20510562851510925 0.24525444411833924 0.34218917448803965 0.37936783373022975 0.5775312678621408 0.6234328228554971 0.7430922283852366 0.9552597681594134 1.0431743156984075 1.4643832682058304 1.4844071344817547 1.984131538045791 2.453238660086178
1474 17688 -0.9566294351665567 -0.24288624797833175 0.264878645985853 0.9508321850315438 0.009916742982809831 0.020693890615905285 0.07484611950905418 0.13263694680919705 0.18675091982297623 0.20510562851510925 0.24525444411833924 0.34218917448803965 0.37936783373022975 0.5775312678621408 0.6234328228554971 0.7430922283852366 0.9552597681594134 1.0431743156984075 1.4643832682058304 1.4844071344817547 1.984131538045791 2.453238660086178
1475 17700 -0.9566294351665567 -0.24288624797833175 0.264878645985853 0.9508321850315438 0.009916742982809831 0.020693890615905285 0.07484611950905418 0.13263694680919705 0.18675091982297623 0.20510562851510925 0.24525444411833924 0.34218917448803965 0.37936783373022975 0.5775312678621408 0.6234328228554971 0.7430922283852366 0.9552597681594134 1.0431743156984075 1.4643832682058304 1.4844071344817547 1.984131538045791 2.453238660086178
1476 17712 -0.9566294351665567 -0.24288624797833175 0.264878645985853 0.9508321850315438 0.009916742982809831 0.020693890615905285 0.07484611950905418 0.13263694680919705 0.18675091982297623 0.20510562851510925 0.24525444411833924 0.34218917448803965 0.37936783373022975 0.5775312678621408 0.6234328228554971 0.7430922283852366 0.9552597681594134 1.0431743156984075 1.4643832682058304 1.4844071344817547 1.984131538045791 2.453238660086178
1477 17724 -0.9526177517496113 -0.23867674138352069 0.26883083175013345 0.9457551360449059 0.009658196832176193 0.019926356985005233 0.06669994130716372 0.11314703350760631 0.17183263853205455 0.21195090241638773 0.25017791984327703 0.35492198414468223 0.3867203653490734 0.5779908014004963 0.6170575746728173 0.7495547947804306 0.9670115503626995 1.0011918675880882 1.4783620672006217 1.5209356670653882 1.9528277543194963 2.458291966662013
1478 17736 -0.9526177517496113 -0.23867674138352069 0.26883083175013345 0.9457551360449059 0.009658196832176193 0.019926356985005233 0.06669994130716372 0.11314703350760631 0.17183263853205455 0.21195090241638773 0.25017791984327703 0.35492198414468223 0.3867203653490734 0.5779908014004963 0.6170575746728173 0.7495547947804306 0.9670115503626995 1.0011918675880882 1.4783620672006217 1.5209356670653882 1.9528277543194963 2.458291966662013
1479 17748 -0.9526177517496113 -0.23867674138352069 0.26883083175013345 0.9457551360449059 0.009658196832176193 0.019926356985005233 0.06669994130716372 0.11314703350760631 0.17183263853205455 0.21195090241638773 0.25017791984327703 0.35492198414468223 0.3867203653490734 0.5779908014004963 0.6170575746728173 0.7495547947804306 0.9670115503626995 1.0011918675880882 1.4783620672006217 1.5209356670653882 1.9528277543194963 2.458291966662013
1480 17760 -0.9526177517496113 -0.23867674138352069 0.26883083175013345 0.9457551360449059 0.009658196832176193 0.019926356985005233 0.06669994130716372 0.11314703350760631 0.17183263853205455 0.21195090241638773 0.25017791984327703 0.35492198414468223 0.3867203653490734 0.5779908014004963 0.6170575746728173 0.7495547947804306 0.9670115503626995 1.0011918675880882 1.4783620672006217 1.5209356670653882 1.9528277543194963 2.458291966662013
1481 17772 -0.9526177517496113 -0.23867674138352069 0.26883083175013345 0.9457551360449059 0.009658196832176193 0.019926356985005233 0.06669994130716372 0.11314703350760631 0.17183263853205455 0.21195090241638773 0.25017791984327703 0.35492198414468223 0.3867203653490734 0.5779908014004963 0.6170575746728173 0.7495547947804306 0.9670115503626995 1.0011918675880882 1.4783620672006217 1.5209356670653882 1.9528277543194963 2.458291966662013
1482 17784 -0.9526177517496113 -0.23867674138352069 0.26883083175013345 0.9457551360449059 0.009658196832176193 0.019926356985005233 0.06669994130716372 0.11314703350760631 0.17183263853205455 0.21195090241638773 0.25017791984327703 0.35492198414468223 0.3867203653490734 0.5779908014004963 0.6170575746728173 0.7495547947804306 0.9670115503626995 1.0011918675880882 1.4783620672006217 1.5209356670653882 1.9528277543194963 2.458291966662013
1483 17796 -0.9526177517496113 -0.23867674138352069 0.26883083175013345 0.9457551360449059 0.009658196832176193 0.019926356985005233 0.06669994130716372 0.11314703350760631 0.17183263853205455 0.21195090241638773 0.25017791984327703 0.35492198414468223 0.3867203653490734 0.5779908014004963 0.6170575746728173 0.7495547947804306 0.9670115503626995 1.0011918675880882 1.4783620672006217 1.5209356670653882 1.9528277543194963 2.458291966662013
1484 17808 -0.9526177517496113 -0.23867674138352069 0.26883083175013345 0.9457551360449059 0.009658196832176193 0.019926356985005233 0.06669994130716372 0.11314703350760631 0.17183263853205455 0.21195090241638773 0.25017791984327703 0.35492198414468223 0.3867203653490734 0.5779908014004963 0.6170575746728173 0.7495547947804306 0.9670115503626995 1.0011918675880882 1.4783620672006217 1.5209356670653882 1.9528277543194963 2.458291966662013
1485 17820 -0.9526177517496113 -0.23867674138352069 0.26883083175013345 0.9457551360449059 0.009658196832176193 0.019926356985005233 0.06669994130716372 0.11314703350760631 0.17183263853205455 0.21195090241638773 0.25017791984327703 0.35492198414468223 0.3867203653490734 0.5779908014004963 0.6170575746728173 0.7495547947804306 0.9670115503626995 1.0011918675880882 1.4783620672006217 1.5209356670653882 1.9528277543194963 2.458291966662013
1486 17832 -0.9526177517496113 -0.23867674138352069 0.26883083175013345 0.9457551360449059 0.009658196832176193 0.019926356985005233 0.06669994130716372 0.11314703350760631 0.17183263853205455 0.21195090241638773 0.25017791984327703 0.35492198414468223 0.3867203653490734 0.5779908014004963 0.6170575746728173 0.7495547947804306 0.9670115503626995 1.0011918675880882 1.4783620672006217 1.5209356670653882 1.9528277543194963 2.458291966662013
1487 17844 -0.9526177517496113 -0.23867674138352069 0.26883083175013345 0.9457551360449059 0.009658196832176193 0.019926356985005233 0.06669994130716372 0.11314703350760631 0.17183263853205455 0.21195090241638773 0.25017791984327703 0.35492198414468223 0.3867203653490734 0.5779908014004963 0.6170575746728173 0.7495547947804306 0.9670115503626995 1.0011918675880882 1.4783620672006217 1.5209356670653882 1.9528277543194963 2.458291966662013
1488 17856 -0.9526177517496113 -0.23867674138352069 0.26883083175013345 0.9457551360449059 0.009658196832176193 0.019926356985005233 0.06669994130716372 0.11314703350760631 0.17183263853205455 0.21195090241638773 0.25017791984327703 0.35492198414468223 0.3867203653490734 0.5779908014004963 0.6170575746728173 0.7495547947804306 0.9670115503626995 1.0011918675880882 1.4783620672006217 1.5209356670653882 1.9528277543194963 2.458291966662013
1489 17868 -0.9526177517496113 -0.23867674138352069 0.26883083175013345 0.9457551360449059 0.009658196832176193 0.019926356985005233 0.06669994130716372 0.11314703350760631 0.17183263853205455 0.21195090241638773 0.25017791984327703 0.35492198414468223 0.3867203653490734 0.5779908014004963 0.6170575746728173 0.7495547947804306 0.9670115503626995 1.0011918675880882 1.4783620672006217 1.5209356670653882 1.9528277543194963 2.458291966662013
1490 17880 -0.9526177517496113 -0.23867674138352069 0.26883083175013345 0.9457551360449059 0.009658196832176193 0.019926356985005233 0.06669994130716372 0.11314703350760631 0.17183263853205455 0.21195090241638773 0.25017791984327703 0.35492198414468223 0.3867203653490734 0.5779908014004963 0.6170575746728173 0.7495547947804306 0.9670115503626995 1.0011918675880882 1.4783620672006217 1.5209356670653882 1.9528277543194963 2.458291966662013
1491 17892 -0.9526177517496113 -0.23867674138352069 0.26883083175013345 0.9457551360449059 0.009658196832176193 0.019926356985005233 0.06669994130716372 0.11314703350760631 0.17183263853205455 0.21195090241638773 0.25017791984327703 0.35492198414468223 0.3867203653490734 0.5779908014004963 0.6170575746728173 0.7495547947804306 0.9670115503626995 1.0011918675880882 1.4783620672006217 1.5209356670653882 1.9528277543194963 2.458291966662013
1492 17904 -0.9526177517496113 -0.23867674138352069 0.26883083175013345 0.9457551360449059 0.009658196832176193 0.019926356985005233 0.06669994130716372 0.11314703350760631 0.17183263853205455 0.21195090241638773 0.25017791984327703 0.35492198414468223 0.3867203653490734 0.5779908014004963 0.6170575746728173 0.7495547947804306 0.9670115503626995 1.0011918675880882 1.4783620672006217 1.5209356670653882 1.9528277543194963 2.458291966662013
1493 17916 -0.9526177517496113 -0.23867674138352069 0.26883083175013345 0.9457551360449059 0.009658196832176193 0.019926356985005233 0.06669994130716372 0.11314703350760631 0.17183263853205455 0.21195090241638773 0.25017791984327703 0.35492198414468223 0.3867203653490734 0.5779908014004963 0.6170575746728173 0.7495547947804306 0.9670115503626995 1.0011918675880882 1.4783620672006217 1.5209356670653882 1.9528277543194963 2.458291966662013
1494 17928 -0.9526177517496113 -0.23867674138352069 0.26883083175013345 0.9457551360449059 0.009658196832176193 0.019926356985005233 0.06669994130716372 0.11314703350760631 0.17183263853205455 0.21195090241638773 0.25017791984327703 0.35492198414468223 0.3867203653490734 0.5779908014004963 0.6170575746728173 0.7495547947804306 0.9670115503626995 1.0011918675880882 1.4783620672006217 1.5209356670653882 1.9528277543194963 2.458291966662013
1495 17940 -0.9561061902537629 -0.2699391918013075 0.27125020452527154 0.9464235833480608 0.01012315768269685 0.01985937209316859 0.06876448252175783 0.11971143627861594 0.17656510574924353 0.23233964455713307 0.2656722281394853 0.3564609150388078 0.38458129771459426 0.5751357007944216 0.6205430744965931 0.7780323582948946 0.9736811152069621 1.003238143881106 1.4392462742200236 1.4993100907639367 1.9182512440155148 2.5049867595961217
1496 17952 -0.9561061902537629 -0.2699391918013075 0.27125020452527154 0.9464235833480608 0.01012315768269685 0.01985937209316859 0.06876448252175783 0.11971143627861594 0.17656510574924353 0.23233964455713307 0.2656722281394853 0.3564609150388078 0.38458129771459426 0.5751357007944216 0.6205430744965931 0.7780323582948946 0.9736811152069621 1.003238143881106 1.4392462742200236 1.4993100907639367 1.9182512440155148 2.5049867595961217
1497 17964 -0.9561061902537629 -0.2699391918013075 0.27125020452527154 0.9464235833480608 0.01012315768269685 0.01985937209316859 0.06876448252175783 0.11971143627861594 0.17656510574924353 0.23233964455713307 0.2656722281394853 0.3564609150388078 0.38458129771459426 0.5751357007944216 0.6205430744965931 0.7780323582948946 0.9736811152069621 1.003238143881106 1.4392462742200236 1.4993100907639367 1.9182512440155148 2.5049867595961217
1498 17976 -0.9561061902537629 -0.2699391918013075 0.27125020452527154 0.9464235833480608 0.01012315768269685 0.01985937209316859 0.06876448252175783 0.11971143627861594 0.17656510574924353 0.23233964455713307 0.2656722281394853 0.3564609150388078 0.38458129771459426 0.5751357007944216 0.6205430744965931 0.7780323582948946 0.9736811152069621 1.003238143881106 1.4392462742200236 1.4993100907639367 1.9182512440155148 2.5049867595961217
1499 17988 -0.9561061902537629 -0.2699391918013075 0.27125020452527154 0.9464235833480608 0.01012315768269685 0.01985937209316859 0.06876448252175783 0.11971143627861594 0.17656510574924353 0.23233964455713307 0.2656722281394853 0.3564609150388078 0.38458129771459426 0.5751357007944216 0.6205430744965931 0.7780323582948946 0.9736811152069621 1.003238143881106 1.4392462742200236 1.4993100907639367 1.9182512440155148 2.5049867595961217
1500 18000 -0.9561061902537629 -0.2699391918013075 0.27125020452527154 0.9464235833480608 0.01012315768269685 0.01985937209316859 0.06876448252175783 0.11971143627861594 0.17656510574924353 0.23233964455713307 0.2656722281394853 0.3564609150388078 0.38458129771459426 0.5751357007944216 0.6205430744965931 0.7780323582948946 0.9736811152069621 1.003238143881106 1.4392462742200236 1.4993100907639367 1.9182512440155148 2.5049867595961217
1501 18012 -0.9561061902537629 -0.2699391918013075 0.27125020452527154 0.9464235833480608 0.01012315768269685 0.01985937209316859 0.06876448252175783 0.11971143627861594 0.17656510574924353 0.23233964455713307 0.2656722281394853 0.3564609150388078 0.38458129771459426 0.5751357007944216 0.6205430744965931 0.7780323582948946 0.9736811152069621 1.003238143881106 1.4392462742200236 1.4993100907639367 1.9182512440155148 2.5049867595961217
1502 18024 -0.9561061902537629 -0.2699391918013075 0.27125020452527154 0.9464235833480608 0.01012315768269685 0.01985937209316859 0.06876448252175783 0.11971143627861594 0.17656510574924353 0.23233964455713307 0.2656722281394853 0.3564609150388078 0.38458129771459426 0.5751357007944216 0.6205430744965931 0.7780323582948946 0.9736811152069621 1.003238143881106 1.4392462742200236 1.4993100907639367 1.9182512440155148 2.5049867595961217
1503 18036 -0.9561061902537629 -0.2699391918013075 0.27125020452527154 0.9464235833480608 0.01012315768269685 0.01985937209316859 0.06876448252175783 0.11971143627861594 0.17656510574924353 0.23233964455713307 0.2656722281394853 0.3564609150388078 0.38458129771459426 0.5751357007944216 0.6205430744965931 0.7780323582948946 0.9736811152069621 1.003238143881106 1.4392462742200236 1.4993100907639367 1.9182512440155148 2.5049867595961217
1504 18048 -0.9561061902537629 -0.2699391918013075 0.27125020452527154 0.9464235833480608 0.01012315768269685 0.01985937209316859 0.06876448252175783 0.11971143627861594 0.17656510574924353 0.23233964455713307 0.2656722281394853 0.3564609150388078 0.38458129771459426 0.5751357007944216 0.6205430744965931 0.7780323582948946 0.9736811152069621 1.003238143881106 1.4392462742200236 1.4993100907639367 1.9182512440155148 2.5049867595961217
1505 18060 -0.9561061902537629 -0.2699391918013075 0.27125020452527154 0.9464235833480608 0.01012315768269685 0.01985937209316859 0.06876448252175783 0.11971143627861594 0.17656510574924353 0.23233964455713307 0.2656722281394853 0.3564609150388078 0.38458129771459426 0.5751357007944216 0.6205430744965931 0.7780323582948946 0.9736811152069621 1.003238143881106 1.4392462742200236 1.4993100907639367 1.9182512440155148 2.5049867595961217
1506 18072 -0.9561061902537629 -0.2699391918013075 0.27125020452527154 0.9464235833480608 0.01012315768269685 0.01985937209316859 0.06876448252175783 0.11971143627861594 0.17656510574924353 0.23233964455713307 0.2656722281394853 0.3564609150388078 0.38458129771459426 0.5751357007944216 0.6205430744965931 0.7780323582948946 0.9736811152069621 1.003238143881106 1.4392462742200236 1.4993100907639367 1.9182512440155148 2.5049867595961217
1507 18084 -0.9561061902537629 -0.2699391918013075 0.27125020452527154 0.9464235833480608 0.01012315768269685 0.01985937209316859 0.06876448252175783 0.11971143627861594 0.17656510574924353 0.23233964455713307 0.2656722281394853 0.3564609150388078 0.38458129771459426 0.5751357007944216 0.6205430744965931 0.7780323582948946 0.9736811152069621 1.003238143881106 1.4392462742200236 1.4993100907639367 1.9182512440155148 2.5049867595961217
1508 18096 -0.9561061902537629 -0.2699391918013075 0.27125020452527154 0.9464235833480608 0.01012315768269685 0.01985937209316859 0.06876448252175783 0.11971143627861594 0.17656510574924353 0.23233964455713307 0.2656722281394853 0.3564609150388078 0.38458129771459426 0.5751357007944216 0.6205430744965931 0.7780323582948946 0.9736811152069621 1.003238143881106 1.4392462742200236 1.4993100907639367 1.9182512440155148 2.5049867595961217
1509 18108 -0.9561061902537629 -0.2699391918013075 0.27125020452527154 0.9464235833480608 0.01012315768269685 0.01985937209316859 0.06876448252175783 0.11971143627861594 0.17656510574924353 0.23233964455713307 0.2656722281394853 0.3564609150388078 0.38458129771459426 0.5751357007944216 0.6205430744965931 0.7780323582948946 0.9736811152069621 1.003238143881106 1.4392462742200236 1.4993100907639367 1.9182512440155148 2.5049867595961217
1510 18120 -0.9561061902537629 -0.2699391918013075 0.27125020452527154 0.9464235833480608 0.01012315768269685 0.01985937209316859 0.06876448252175783 0.11971143627861594 0.17656510574924353 0.23233964455713307 0.2656722281394853 0.3564609150388078 0.38458129771459426 0.5751357007944216 0.6205430744965931 0.7780323582948946 0.9736811152069621 1.003238143881106 1.4392462742200236 1.4993100907639367 1.9182512440155148 2.5049867595961217
1511 18132 -0.9561061902537629 -0.2699391918013075 0.27125020452527154 0.9464235833480608 0.01012315768269685 0.01985937209316859 0.06876448252175783 0.11971143627861594 0.17656510574924353 0.23233964455713307 0.2656722281394853 0.3564609150388078 0.38458129771459426 0.5751357007944216 0.6205430744965931 0.7780323582948946 0.9736811152069621 1.003238143881106 1.4392462742200236 1.4993100907639367 1.9182512440155148 2.5049867595961217
1512 18144 -0.9561061902537629 -0.2699391918013075 0.27125020452527154 0.9464235833480608 0.01012315768269685 0.01985937209316859 0.06876448252175783 0.11971143627861594 0.17656510574924353 0.23233964455713307 0.2656722281394853 0.3564609150388078 0.38458129771459426 0.5751357007944216 0.6205430744965931 0.7780323582948946 0.9736811152069621 1.003238143881106 1.4392462742200236 1.4993100907639367 1.9182512440155148 2.5049867595961217
1513 18156 -0.9519352963946535 -0.3016655468412571 0.2994235569500818 0.9423719133232461 0.010603400901627423 0.02009817784134762 0.06894226080429328 0.12546281691012134 0.1671958762065629 0.2426462331762885 0.2656429512065788 0.3362577658438855 0.3697450053883745 0.5428791162868097 0.5858415282238398 0.7736831155794027 0.9628464789641509 1.08066029569918 1.3067536011057947 1.4247781605917587 1.9451099989842706 2.5921703049827545
1514 18168 -0.9519352963946535 -0.3016655468412571 0.2994235569500818 0.9423719133232461 0.010603400901627423 0.02009817784134762 0.06894226080429328 0.12546281691012134 0.1671958762065629 0.2426462331762885 0.2656429512065788 0.3362577658438855 0.3697450053883745 0.5428791162868097 0.5858415282238398 0.7736831155794027 0.9628464789641509 1.08066029569918 1.3067536011057947 1.4247781605917587 1.9451099989842706 2.5921703049827545
1515 18180 -0.9519352963946535 -0.3016655468412571 0.2994235569500818 0.9423719133232461 0.010603400901627423 0.02009817784134762 0.06894226080429328 0.12546281691012134 0.1671958762065629 0.2426462331762885 0.2656429512065788 0.3362577658438855 0.3697450053883745 0.5428791162868097 0.5858415282238398 0.7736831155794027 0.9628464789641509 1.08066029569918 1.3067536011057947 1.4247781605917587 1.9451099989842706 2.5921703049827545
1516 18192 -0.9519352963946535 -0.3016655468412571 0.2994235569500818 0.9423719133232461 0.010603400901627423 0.02009817784134762 0.06894226080429328 0.12546281691012134 0.1671958762065629 0.2426462331762885 0.2656429512065788 0.3362577658438855 0.3697450053883745 0.5428791162868097 0.5858415282238398 0.7736831155794027 0.9628464789641509 1.08066029569918 1.3067536011057947 1.4247781605917587 1.9451099989842706 2.5921703049827545
1517 18204 -0.9519352963946535 -0.3016655468412571 0.2994235569500818 0.9423719133232461 0.010603400901627423 0.02009817784134762 0.06894226080429328 0.12546281691012134 0.1671958762065629 0.2426462331762885 0.2656429512065788 0.3362577658438855 0.3697450053883745 0.5428791162868097 0.5858415282238398 0.7736831155794027 0.9628464789641509 1.08066029569918 1.3067536011057947 1.4247781605917587 1.9451099989842706 2.5921703049827545
1518 18216 -0.9519352963946535 -0.3016655468412571 0.2994235569500818 0.9423719133232461 0.010603400901627423 0.02009817784134762 0.06894226080429328 0.12546281691012134 0.1671958762065629 0.2426462331762885 0.2656429512065788 0.3362577658438855 0.3697450053883745 0.5428791162868097 0.5858415282238398 0.7736831155794027 0.9628464789641509 1.08066029569918 1.3067536011057947 1.4247781605917587 1.9451099989842706 2.5921703049827545
1519 18228 -0.9519352963946535 -0.3016655468412571 0.2994235569500818 0.9423719133232461 0.010603400901627423 0.02009817784134762 0.06894226080429328 0.12546281691012134 0.1671958762065629 0.2426462331762885 0.2656429512065788 0.3362577658438855 0.3697450053883745 0.5428791162868097 0.5858415282238398 0.7736831155794027 0.9628464789641509 1.08066029569918 1.3067536011057947 1.4247781605917587 1.9451099989842706 2.5921703049827545
1520 18240 -0.9519352963946535 -0.3016655468412571 0.2994235569500818 0.9423719133232461 0.010603400901627423 0.02009817784134762 0.06894226080429328 0.12546281691012134 0.1671958762065629 0.2426462331762885 0.2656429512065788 0.3362577658438855 0.3697450053883745 0.5428791162868097 0.5858415282238398 0.7736831155794027 0.9628464789641509 1.08066029569918 1.3067536011057947 1.4247781605917587 1.9451099989842706 2.5921703049827545
1521 18252 -0.9519352963946535 -0.3016655468412571 0.2994235569500818 0.9423719133232461 0.010603400901627423 0.02009817784134762 0.06894226080429328 0.12546281691012134 0.1671958762065629 0.2426462331762885 0.2656429512065788 0.3362577658438855 0.3697450053883745 0.5428791162868097 0.5858415282238398 0.7736831155794027 0.9628464789641509 1.08066029569918 1.3067536011057947 1.4247781605917587 1.9451099989842706 2.5921703049827545
1522 18264 -0.9519352963946535 -0.3016655468412571 0.2994235569500818 0.9423719133232461 0.010603400901627423 0.02009817784134762 0.06894226080429328 0.12546281691012134 0.1671958762065629 0.2426462331762885 0.2656429512065788 0.3362577658438855 0.3697450053883745 0.5428791162868097 0.5858415282238398 0.7736831155794027 0.9628464789641509 1.08066029569918 1.3067536011057947 1.4247781605917587 1.9451099989842706 2.5921703049827545
1523 18276 -0.9519352963946535 -0.3016655468412571 0.2994235569500818 0.9423719133232461 0.010603400901627423 0.02009817784134762 0.06894226080429328 0.12546281691012134 0.1671958762065629 0.2426462331762885 0.2656429512065788 0.3362577658438855 0.3697450053883745 0.5428791162868097 0.5858415282238398 0.7736831155794027 0.9628464789641509 1.08066029569918 1.3067536011057947 1.4247781605917587 1.9451099989842706 2.5921703049827545
1524 18288 -0.9519352963946535 -0.3016655468412571 0.2994235569500818 0.9423719133232461 0.010603400901627423 0.02009817784134762 0.06894226080429328 0.12546281691012134 0.1671958762065629 0.2426462331762885 0.2656429512065788 0.3362577658438855 0.3697450053883745 0.5428791162868097 0.5858415282238398 0.7736831155794027 0.9628464789641509 1.08066029569918 1.3067536011057947 1.4247781605917587 1.9451099989842706 2.5921703049827545
1525 18300 -0.9519352963946535 -0.3016655468412571 0.2994235569500818 0.9423719133232461 0.010603400901627423 0.02009817784134762 0.06894226080429328 0.12546281691012134 0.1671958762065629 0.2426462331762885 0.2656429512065788 0.3362577658438855 0.3697450053883745 0.5428791162868097 0.5858415282238398 0.7736831155794027 0.9628464789641509 1.08066029569918 1.3067536011057947 1.4247781605917587 1.9451099989842706 2.5921703049827545
1526 18312 -0.9519352963946535 -0.3016655468412571 0.2994235569500818 0.9423719133232461 0.010603400901627423 0.02009817784134762 0.06894226080429328 0.12546281691012134 0.1671958762065629 0.2426462331762885 0.2656429512065788 0.3362577658438855 0.3697450053883745 0.5428791162868097 0.5858415282238398 0.7736831155794027 0.9628464789641509 1.08066029569918 1.3067536011057947 1.4247781605917587 1.9451099989842706 2.5921703049827545
1527 18324 -0.9519352963946535 -0.3016655468412571 0.2994235569500818 0.9423719133232461 0.010603400901627423 0.02009817784134762 0.06894226080429328 0.12546281691012134 0.1671958762065629 0.2426462331762885 0.2656429512065788 0.3362577658438855 0.3697450053883745 0.5428791162868097 0.5858415282238398 0.7736831155794027 0.9628464789641509 1.08066029569918 1.3067536011057947 1.4247781605917587 1.9451099989842706 2.5921703049827545
1528 18336 -0.9519352963946535 -0.3016655468412571 0.2994235569500818 0.9423719133232461 0.010603400901627423 0.02009817784134762 0.06894226080429328 0.12546281691012134 0.1671958762065629 0.2426462331762885 0.2656429512065788 0.3362577658438855 0.3697450053883745 0.5428791162868097 0.5858415282238398 0.7736831155794027 0.9628464789641509 1.08066029569918 1.3067536011057947 1.4247781605917587 1.9451099989842706 2.5921703049827545
1529 18348 -0.9519352963946535 -0.3016655468412571 0.2994235569500818 0.9423719133232461 0.010603400901627423 0.02009817784134762 0.06894226080429328 0.12546281691012134 0.1671958762065629 0.2426462331762885 0.2656429512065788 0.3362577658438855 0.3697450053883745 0.5428791162868097 0.5858415282238398 0.7736831155794027 0.9628464789641509 1.08066029569918 1.3067536011057947 1.4247781605917587 1.9451099989842706 2.5921703049827545
1530 18360 -0.9519352963946535 -0.3016655468412571 0.2994235569500818 0.9423719133232461 0.010603400901627423 0.02009817784134762 0.06894226080429328 0.12546281691012134 0.1671958762065629 0.2426462331762885 0.2656429512065788 0.3362577658438855 0.3697450053883745 0.5428791162868097 0.5858415282238398 0.7736831155794027 0.9628464789641509 1.08066029569918 1.3067536011057947 1.4247781605917587 1.9451099989842706 2.5921703049827545
1531 18372 -0.9478078158673371 -0.31474067778798664 0.29924555043138246 0.9369721534034183 0.01172908263912478 0.021583621978097302 0.07534572266454821 0.13449576544964212 0.17803778384153024 0.24608171969713574 0.26409328471745047 0.32550065873088635 0.3751050872485369 0.52905512568482 0.5886932727329975 0.8183147472935217 0.9756596432906331 1.0697385558437293 1.2432215308171386 1.5131639619995392 1.8925617907418362 2.5995329451017426
1532 18384 -0.9478078158673371 -0.31474067778798664 0.29924555043138246 0.9369721534034183 0.01172908263912478 0.021583621978097302 0.07534572266454821 0.13449576544964212 0.17803778384153024 0.24608171969713574 0.26409328471745047 0.32550065873088635 0.3751050872485369 0.52905512568482 0.5886932727329975 0.8183147472935217 0.9756596432906331 1.0697385558437293 1.2432215308171386 1.5131639619995392 1.8925617907418362 2.5995329451017426
1533 18396 -0.9478078158673371 -0.31474067778798664 0.29924555043138246 0.9369721534034183 0.01172908263912478 0.021583621978097302 0.07534572266454821 0.13449576544964212 0.17803778384153024 0.24608171969713574 0.26409328471745047 0.32550065873088635 0.3751050872485369 0.52905512568482 0.5886932727329975 0.8183147472935217 0.9756596432906331 1.0697385558437293 1.2432215308171386 1.5131639619995392 1.8925617907418362 2.5995329451017426
1534 18408 -0.9478078158673371 -0.31474067778798664 0.29924555043138246 0.9369721534034183 0.01172908263912478 0.021583621978097302 0.07534572266454821 0.13449576544964212 0.17803778384153024 0.24608171969713574 0.26409328471745047 0.32550065873088635 0.3751050872485369 0.52905512568482 0.5886932727329975 0.8183147472935217 0.9756596432906331 1.0697385558437293 1.2432215308171386 1.5131639619995392 1.8925617907418362 2.5995329451017426
1535 18420 -0.9478078158673371 -0.31474067778798664 0.29924555043138246 0.9369721534034183 0.01172908263912478 0.021583621978097302 0.07534572266454821 0.13449576544964212 0.17803778384153024 0.24608171969713574 0.26409328471745047 0.32550065873088635 0.3751050872485369 0.52905512568482 0.5886932727329975 0.8183147472935217 0.9756596432906331 1.0697385558437293 1.2432215308171386 1.5131639619995392 1.8925617907418362 2.5995329451017426
1536 18432 -0.9478078158673371 -0.31474067778798664 0.29924555043138246 0.9369721534034183 0.01172908263912478 0.021583621978097302 0.07534572266454821 0.13449576544964212 0.17803778384153024 0.24608171969713574 0.26409328471745047 0.32550065873088635 0.3751050872485369 0.52905512568482 0.5886932727329975 0.8183147472935217 0.9756596432906331 1.0697385558437293 1.2432215308171386 1.5131639619995392 1.8925617907418362 2.5995329451017426
1537 18444 -0.9478078158673371 -0.31474067778798664 0.29924555043138246 0.9369721534034183 0.01172908263912478 0.021583621978097302 0.07534572266454821 0.13449576544964212 0.17803778384153024 0.24608171969713574 0.26409328471745047 0.32550065873088635 0.3751050872485369 0.52905512568482 0.5886932727329975 0.8183147472935217 0.9756596432906331 1.0697385558437293 1.2432215308171386 1.5131639619995392 1.8925617907418362 2.5995329451017426
1538 18456 -0.9478078158673371 -0.31474067778798664 0.29924555043138246 0.9369721534034183 0.01172908263912478 0.021583621978097302 0.07534572266454821 0.13449576544964212 0.17803778384153024 0.24608171969713574 0.26409328471745047 0.32550065873088635 0.3751050872485369 0.52905512568482 0.5886932727329975 0.8183147472935217 0.9756596432906331 1.0697385558437293 1.2432215308171386 1.5131639619995392 1.8925617907418362 2.5995329451017426
1539 18468 -0.9478078158673371 -0.31474067778798664 0.29924555043138246 0.9369721534034183 0.01172908263912478 0.021583621978097302 0.07534572266454821 0.13449576544964212 0.17803778384153024 0.24608171969713574 0.26409328471745047 0.32550065873088635 0.3751050872485369 0.52905512568482 0.5886932727329975 0.8183147472935217 0.9756596432906331 1.0697385558437293 1.2432215308171386 1.5131639619995392 1.8925617907418362 2.5995329451017426
1540 18480 -0.9478078158673371 -0.31474067778798664 0.29924555043138246 0.9369721534034183 0.01172908263912478 0.021583621978097302 0.07534572266454821 0.13449576544964212 0.17803778384153024 0.24608171969713574 0.26409328471745047 0.32550065873088635 0.3751050872485369 0.52905512568482 0.5886932727329975 0.8183147472935217 0.9756596432906331 1.0697385558437293 1.2432215308171386 1.5131639619995392 1.8925617907418362 2.5995329451017426
1541 18492 -0.9478078158673371 -0.31474067778798664 0.29924555043138246 0.9369721534034183 0.01172908263912478 0.021583621978097302 0.07534572266454821 0.13449576544964212 0.17803778384153024 0.24608171969713574 0.26409328471745047 0.32550065873088635 0.3751050872485369 0.52905512568482 0.5886932727329975 0.8183147472935217 0.9756596432906331 1.0697385558437293 1.2432215308171386 1.5131639619995392 1.8925617907418362 2.5995329451017426
1542 18504 -0.9478078158673371 -0.31474067778798664 0.29924555043138246 0.9369721534034183 0.01172908263912478 0.021583621978097302 0.07534572266454821 0.13449576544964212 0.17803778384153024 0.24608171969713574 0.26409328471745047 0.32550065873088635 0.3751050872485369 0.52905512568482 0.5886932727329975 0.8183147472935217 0.9756596432906331 1.0697385558437293 1.2432215308171386 1.5131639619995392 1.8925617907418362 2.5995329451017426
1543 18516 -0.9478078158673371 -0.31474067778798664 0.29924555043138246 0.9369721534034183 0.01172908263912478 0.021583621978097302 0.07534572266454821 0.13449576544964212 0.17803778384153024 0.24608171969713574 0.26409328471745047 0.32550065873088635 0.3751050872485369 0.52905512568482 0.5886932727329975 0.8183147472935217 0.9756596432906331 1.0697385558437293 1.2432215308171386 1.5131639619995392 1.8925617907418362 2.5995329451017426
1544 18528 -0.9478078158673371 -0.31474067778798664 0.29924555043138246 0.9369721534034183 0.01172908263912478 0.021583621978097302 0.07534572266454821 0.13449576544964212 0.17803778384153024 0.24608171969713574 0.26409328471745047 0.32550065873088635 0.3751050872485369 0.52905512568482 0.5886932727329975 0.8183147472935217 0.9756596432906331 1.0697385558437293 1.2432215308171386 1.5131639619995392 1.8925617907418362 2.5995329451017426
1545 18540 -0.9478078158673371 -0.31474067778798664 0.29924555043138246 0.9369721534034183 0.01172908263912478 0.021583621978097302 0.07534572266454821 0.13449576544964212 0.17803778384153024 0.24608171969713574 0.26409328471745047 0.32550065873088635 0.3751050872485369 0.52905512568482 0.5886932727329975 0.8183147472935217 0.9756596432906331 1.0697385558437293 1.2432215308171386 1.5131639619995392 1.8925617907418362 2.5995329451017426
1546 18552 -0.9478078158673371 -0.31474067778798664 0.29924555043138246 0.9369721534034183 0.01172908263912478 0.021583621978097302 0.07534572266454821 0.13449576544964212 0.17803778384153024 0.24608171969713574 0.26409328471745047 0.32550065873088635 0.3751050872485369 0.52905512568482 0.5886932727329975 0.8183147472935217 0.9756596432906331 1.0697385558437293 1.2432215308171386 1.5131639619995392 1.8925617907418362 2.5995329451017426
1547 18564 -0.9478078158673371 -0.31474067778798664 0.29924555043138246 0.9369721534034183 0.01172908263912478 0.021583621978097302 0.07534572266454821 0.13449576544964212 0.17803778384153024 0.24608171969713574 0.26409328471745047 0.32550065873088635 0.3751050872485369 0.52905512568482 0.5886932727329975 0.8183147472935217 0.9756596432906331 1.0697385558437293 1.2432215308171386 1.5131639619995392 1.8925617907418362 2.5995329451017426
1548 18576 -0.9478078158673371 -0.31474067778798664 0.29924555043138246 0.9369721534034183 0.01172908263912478 0.021583621978097302 0.07534572266454821 0.13449576544964212 0.17803778384153024 0.24608171969713574 0.26409328471745047 0.32550065873088635 0.3751050872485369 0.52905512568482 0.5886932727329975 0.8183147472935217 0.9756596432906331 1.0697385558437293 1.2432215308171386 1.5131639619995392 1.8925617907418362 2.5995329451017426
1549 18588 -0.9399932772292713 -0.26214001281318516 0.2597304065531003 0.929112733676537 0.012910216701489721 0.020834658600659774 0.08096273258353094 0.1351373870570411 0.1745531326383935 0.245930873323093 0.2795519084423275 0.3384261723738136 0.38380386553128754 0.5384372012320191 0.5949039071878093 0.8078371638431001 1.0277853835877016 1.0655679121672812 1.3106208083314688 1.5875548445227825 1.9178802509371375 2.477724469749893
1550 18600 -0.9399932772292713 -0.26214001281318516 0.2597304065531003 0.929112733676537 0.012910216701489721 0.020834658600659774 0.08096273258353094 0.1351373870570411 0.1745531326383935 0.245930873323093 0.2795519084423275 0.3384261723738136 0.38380386553128754 0.5384372012320191 0.5949039071878093 0.8078371638431001 1.0277853835877016 1.0655679121672812 1.3106208083314688 1.5875548445227825 1.9178802509371375 2.477724469749893
1551 18612 -0.9399932772292713 -0.26214001281318516 0.2597304065531003 0.929112733676537 0.012910216701489721 0.020834658600659774 0.08096273258353094 0.1351373870570411 0.1745531326383935 0.245930873323093 0.2795519084423275 0.3384261723738136 0.38380386553128754 0.5384372012320191 0.5949039071878093 0.8078371638431001 1.0277853835877016 1.0655679121672812 1.3106208083314688 1.5875548445227825 1.9178802509371375 2.477724469749893
1552 18624 -0.9399932772292713 -0.26214001281318516 0.2597304065531003 0.929112733676537 0.012910216701489721 0.020834658600659774 0.08096273258353094 0.1351373870570411 0.1745531326383935 0.245930873323093 0.2795519084423275 0.3384261723738136 0.38380386553128754 0.5384372012320191 0.5949039071878093 0.8078371638431001 1.0277853835877016 1.0655679121672812 1.3106208083314688 1.5875548445227825 1.9178802509371375 2.477724469749893
1553 18636 -0.9399932772292713 -0.26214001281318516 0.2597304065531003 0.929112733676537 0.012910216701489721 0.020834658600659774 0.08096273258353094 0.1351373870570411 0.1745531326383935 0.245930873323093 0.2795519084423275 0.3384261723738136 0.38380386553128754 0.5384372012320191 0.5949039071878093 0.8078371638431001 1.0277853835877016 1.0655679121672812 1.3106208083314688 1.5875548445227825 1.9178802509371375 2.477724469749893
1554 18648 -0.9399932772292713 -0.26214001281318516 0.2597304065531003 0.929112733676537 0.012910216701489721 0.020834658600659774 0.08096273258353094 0.1351373870570411 0.1745531326383935 0.245930873323093 0.2795519084423275 0.3384261723738136 0.38380386553128754 0.5384372012320191 0.5949039071878093 0.8078371638431001 1.0277853835877016 1.0655679121672812 1.3106208083314688 1.5875548445227825 1.9178802509371375 2.477724469749893
1555 18660 -0.9399932772292713 -0.26214001281318516 0.2597304065531003 0.929112733676537 0.012910216701489721 0.020834658600659774 0.08096273258353094 0.1351373870570411 0.1745531326383935 0.245930873323093 0.2795519084423275 0.3384261723738136 0.38380386553128754 0.5384372012320191 0.5949039071878093 0.8078371638431001 1.0277853835877016 1.0655679121672812 1.3106208083314688 1.5875548445227825 1.9178802509371375 2.477724469749893
1556 18672 -0.9399932772292713 -0.26214001281318516 0.2597304065531003 0.929112733676537 0.012910216701489721 0.020834658600659774 0.08096273258353094 0.1351373870570411 0.1745531326383935 0.245930873323093 0.2795519084423275 0.3384261723738136 0.38380386553128754 0.5384372012320191 0.5949039071878093 0.8078371638431001 1.0277853835877016 1.0655679121672812 1.3106208083314688 1.5875548445227825 1.9178802509371375 2.477724469749893
1557 18684 -0.9399932772292713 -0.26214001281318516 0.2597304065531003 0.929112733676537 0.012910216701489721 0.020834658600659774 0.08096273258353094 0.1351373870570411 0.1745531326383935 0.245930873323093 0.2795519084423275 0.3384261723738136 0.38380386553128754 0.5384372012320191 0.5949039071878093 0.8078371638431001 1.0277853835877016 1.0655679121672812 1.3106208083314688 1.5875548445227825 1.9178802509371375 2.477724469749893
1558 18696 -0.9399932772292713 -0.26214001281318516 0.2597304065531003 0.929112733676537 0.012910216701489721 0.020834658600659774 0.08096273258353094 0.1351373870570411 0.1745531326383935 0.245930873323093 0.2795519084423275 0.3384261723738136 0.38380386553128754 0.5384372012320191 0.5949039071878093 0.8078371638431001 1.0277853835877016 1.0655679121672812 1.3106208083314688 1.5875548445227825 1.9178802509371375 2.477724469749893
1559 18708 -0.9399932772292713 -0.26214001281318516 0.2597304065531003 0.929112733676537 0.012910216701489721 0.020834658600659774 0.08096273258353094 0.1351373870570411 0.1745531326383935 0.245930873323093 0.2795519084423275 0.3384261723738136 0.38380386553128754 0.5384372012320191 0.5949039071878093 0.8078371638431001 1.0277853835877016 1.0655679121672812 1.3106208083314688 1.5875548445227825 1.9178802509371375 2.477724469749893
1560 18720 -0.9399932772292713 -0.26214001281318516 0.2597304065531003 0.929112733676537 0.012910216701489721 0.020834658600659774 0.08096273258353094 0.1351373870570411 0.1745531326383935 0.245930873323093 0.2795519084423275 0.3384261723738136 0.38380386553128754 0.5384372012320191 0.5949039071878093 0.8078371638431001 1.0277853835877016 1.0655679121672812 1.3106208083314688 1.5875548445227825 1.9178802509371375 2.477724469749893
1561 18732 -0.9399932772292713 -0.26214001281318516 0.2597304065531003 0.929112733676537 0.012910216701489721 0.020834658600659774 0.08096273258353094 0.1351373870570411 0.1745531326383935 0.245930873323093 0.2795519084423275 0.3384261723738136 0.38380386553128754 0.5384372012320191 0.5949039071878093 0.8078371638431001 1.0277853835877016 1.0655679121672812 1.3106208083314688 1.5875548445227825 1.9178802509371375 2.477724469749893
1562 18744 -0.9399932772292713 -0.26214001281318516 0.2597304065531003 0.929112733676537 0.012910216701489721 0.020834658600659774 0.08096273258353094 0.1351373870570411 0.1745531326383935 0.245930873323093 0.2795519084423275 0.3384261723738136 0.38380386553128754 0.5384372012320191 0.5949039071878093 0.8078371638431001 1.0277853835877016 1.0655679121672812 1.3106208083314688 1.5875548445227825 1.9178802509371375 2.477724469749893
1563 18756 -0.9399932772292713 -0.26214001281318516 0.2597304065531003 0.929112733676537 0.012910216701489721 0.020834658600659774 0.08096273258353094 0.1351373870570411 0.1745531326383935 0.245930873323093 0.2795519084423275 0.3384261723738136 0.38380386553128754 0.5384372012320191 0.5949039071878093 0.8078371638431001 1.0277853835877016 1.0655679121672812 1.3106208083314688 1.5875548445227825 1.9178802509371375 2.477724469749893
1564 18768 -0.9399932772292713 -0.26214001281318516 0.2597304065531003 0.929112733676537 0.012910216701489721 0.020834658600659774 0.08096273258353094 0.1351373870570411 0.1745531326383935 0.245930873323093 0.2795519084423275 0.3384261723738136 0.38380386553128754 0.5384372012320191 0.5949039071878093 0.8078371638431001 1.0277853835877016 1.0655679121672812 1.3106208083314688 1.5875548445227825 1.9178802509371375 2.477724469749893
1565 18780 -0.9399932772292713 -0.26214001281318516 0.2597304065531003 0.929112733676537 0.012910216701489721 0.020834658600659774 0.08096273258353094 0.1351373870570411 0.1745531326383935 0.245930873323093 0.2795519084423275 0.3384261723738136 0.38380386553128754 0.5384372012320191 0.5949039071878093 0.8078371638431001 1.0277853835877016 1.0655679121672812 1.3106208083314688 1.5875548445227825 1.9178802509371375 2.477724469749893
1566 18792 -0.9399932772292713 -0.26214001281318516 0.2597304065531003 0.929112733676537 0.012910216701489721 0.020834658600659774 0.08096273258353094 0.1351373870570411 0.1745531326383935 0.245930873323093 0.2795519084423275 0.3384261723738136 0.38380386553128754 0.5384372012320191 0.5949039071878093 0.8078371638431001 1.0277853835877016 1.0655679121672812 1.3106208083314688 1.5875548445227825 1.9178802509371375 2.477724469749893
1567 18804 -0.9396132466591841 -0.24658872792464792 0.2661332418358652 0.9262506554785453 0.011966145394088964 0.01853090045983043 0.08141665936510101 0.14095394615981363 0.1784622460032681 0.24473948424895386 0.29602674175847504 0.3555050719549288 0.3859015857691894 0.5234143953664094 0.5799425829158382 0.800586938155029 0.9801618861479239 1.081640994694611 1.3000736398423771 1.6332463730290419 1.9035607479550924 2.4809687776088967
1568 18816 -0.9396132466591841 -0.24658872792464792 0.2661332418358652 0.9262506554785453 0.011966145394088964 0.01853090045983043 0.08141665936510101 0.14095394615981363 0.1784622460032681 0.24473948424895386 0.29602674175847504 0.3555050719549288 0.3859015857691894 0.5234143953664094 0.5799425829158382 0.800586938155029 0.9801618861479239 1.081640994694611 1.3000736398423771 1.6332463730290419 1.9035607479550924 2.4809687776088967
1569 18828 -0.9396132466591841 -0.24658872792464792 0.2661332418358652 0.9262506554785453 0.011966145394088964 0.01853090045983043 0.08141665936510101 0.14095394615981363 0.1784622460032681 0.24473948424895386 0.29602674175847504 0.3555050719549288 0.3859015857691894 0.5234143953664094 0.5799425829158382 0.800586938155029 0.9801618861479239 1.081640994694611 1.3000736398423771 1.6332463730290419 1.9035607479550924 2.4809687776088967
1570 18840 -0.9396132466591841 -0.24658872792464792 0.2661332418358652 0.9262506554785453 0.011966145394088964 0.01853090045983043 0.08141665936510101 0.14095394615981363 0.1784622460032681 0.24473948424895386 0.29602674175847504 0.3555050719549288 0.3859015857691894 0.5234143953664094 0.5799425829158382 0.800586938155029 0.9801618861479239 1.081640994694611 1.3000736398423771 1.6332463730290419 1.9035607479550924 2.4809687776088967
1571 18852 -0.9396132466591841 -0.24658872792464792 0.2661332418358652 0.9262506554785453 0.011966145394088964 0.01853090045983043 0.08141665936510101 0.14095394615981363 0.1784622460032681 0.24473948424895386 0.29602674175847504 0.3555050719549288 0.3859015857691894 0.5234143953664094 0.5799425829158382 0.800586938155029 0.9801618861479239 1.081640994694611 1.3000736398423771 1.6332463730290419 1.9035607479550924 2.4809687776088967
1572 18864 -0.9396132466591841 -0.24658872792464792 0.2661332418358652 0.9262506554785453 0.011966145394088964 0.01853090045983043 0.08141665936510101 0.14095394615981363 0.1784622460032681 0.24473948424895386 0.29602674175847504 0.3555050719549288 0.3859015857691894 0.5234143953664094 0.5799425829158382 0.800586938155029 0.9801618861479239 1.081640994694611 1.3000736398423771 1.6332463730290419 1.9035607479550924 2.4809687776088967
1573 18876 -0.9396132466591841 -0.24658872792464792 0.2661332418358652 0.9262506554785453 0.011966145394088964 0.01853090045983043 0.08141665936510101 0.14095394615981363 0.1784622460032681 0.24473948424895386 0.29602674175847504 0.3555050719549288 0.3859015857691894 0.5234143953664094 0.5799425829158382 0.800586938155029 0.9801618861479239 1.081640994694611 1.3000736398423771 1.6332463730290419 1.9035607479550924 2.4809687776088967
1574 18888 -0.9396132466591841 -0.24658872792464792 0.2661332418358652 0.9262506554785453 0.011966145394088964 0.01853090045983043 0.08141665936510101 0.14095394615981363 0.1784622460032681 0.24473948424895386 0.29602674175847504 0.3555050719549288 0.3859015857691894 0.5234143953664094 0.5799425829158382 0.800586938155029 0.9801618861479239 1.081640994694611 1.3000736398423771 1.6332463730290419 1.9035607479550924 2.4809687776088967
1575 18900 -0.9396132466591841 -0.24658872792464792 0.2661332418358652 0.9262506554785453 0.011966145394088964 0.01853090045983043 0.08141665936510101 0.14095394615981363 0.1784622460032681 0.24473948424895386 0.29602674175847504 0.3555050719549288 0.3859015857691894 0.5234143953664094 0.5799425829158382 0.800586938155029 0.9801618861479239 1.081640994694611 1.3000736398423771 1.6332463730290419 1.9035607479550924 2.4809687776088967
1576 18912 -0.9396132466591841 -0.24658872792464792 0.2661332418358652 0.9262506554785453 0.011966145394088964 0.01853090045983043 0.08141665936510101 0.14095394615981363 0.1784622460032681 0.24473948424895386 0.29602674175847504 0.3555050719549288 0.3859015857691894 0.5234143953664094 0.5799425829158382 0.800586938155029 0.9801618861479239 1.081640994694611 1.3000736398423771 1.6332463730290419 1.9035607479550924 2.4809687776088967
1577 18924 -0.9396132466591841 -0.24658872792464792 0.2661332418358652 0.9262506554785453 0.011966145394088964 0.01853090045983043 0.08141665936510101 0.14095394615981363 0.1784622460032681 0.24473948424895386 0.29602674175847504 0.3555050719549288 0.3859015857691894 0.5234143953664094 0.5799425829158382 0.800586938155029 0.9801618861479239 1.081640994694611 1.3000736398423771 1.6332463730290419 1.9035607479550924 2.4809687776088967
1578 18936 -0.9396132466591841 -0.24658872792464792 0.2661332418358652 0.9262506554785453 0.011966145394088964 0.01853090045983043 0.08141665936510101 0.14095394615981363 0.1784622460032681 0.24473948424895386 0.29602674175847504 0.3555050719549288 0.3859015857691894 0.5234143953664094 0.5799425829158382 0.800586938155029 0.9801618861479239 1.081640994694611 1.3000736398423771 1.6332463730290419 1.9035607479550924 2.4809687776088967
1579 18948 -0.9396132466591841 -0.24658872792464792 0.2661332418358652 0.9262506554785453 0.011966145394088964 0.01853090045983043 0.08141665936510101 0.14095394615981363 0.1784622460032681 0.24473948424895386 0.29602674175847504 0.3555050719549288 0.3859015857691894 0.5234143953664094 0.5799425829158382 0.800586938155029 0.9801618861479239 1.081640994694611 1.3000736398423771 1.6332463730290419 1.9035607479550924 2.4809687776088967
1580 18960 -0.9396132466591841 -0.24658872792464792 0.2661332418358652 0.9262506554785453 0.011966145394088964 0.01853090045983043 0.08141665936510101 0.14095394615981363 0.1784622460032681 0.24473948424895386 0.29602674175847504 0.3555050719549288 0.3859015857691894 0.5234143953664094 0.5799425829158382 0.800586938155029 0.9801618861479239 1.081640994694611 1.3000736398423771 1.6332463730290419 1.9035607479550924 2.4809687776088967
1581 18972 -0.9396132466591841 -0.24658872792464792 0.2661332418358652 0.9262506554785453 0.011966145394088964 0.01853090045983043 0.08141665936510101 0.14095394615981363 0.1784622460032681 0.24473948424895386 0.29602674175847504 0.3555050719549288 0.3859015857691894 0.5234143953664094 0.5799425829158382 0.800586938155029 0.9801618861479239 1.081640994694611 1.3000736398423771 1.6332463730290419 1.9035607479550924 2.4809687776088967
1582 18984 -0.9396132466591841 -0.24658872792464792 0.2661332418358652 0.9262506554785453 0.011966145394088964 0.01853090045983043 0.08141665936510101 0.14095394615981363 0.1784622460032681 0.24473948424895386 0.29602674175847504 0.3555050719549288 0.3859015857691894 0.5234143953664094 0.5799425829158382 0.800586938155029 0.9801618861479239 1.081640994694611 1.3000736398423771 1.6332463730290419 1.9035607479550924 2.4809687776088967
1583 18996 -0.9396132466591841 -0.24658872792464792 0.2661332418358652 0.9262506554785453 0.011966145394088964 0.01853090045983043 0.08141665936510101 0.14095394615981363 0.1784622460032681 0.24473948424895386 0.29602674175847504 0.3555050719549288 0.3859015857691894 0.5234143953664094 0.5799425829158382 0.800586938155029 0.9801618861479239 1.081640994694611 1.3000736398423771 1.6332463730290419 1.9035607479550924 2.4809687776088967
1584 19008 -0.9396132466591841 -0.24658872792464792 0.2661332418358652 0.9262506554785453 0.011966145394088964 0.01853090045983043 0.08141665936510101 0.14095394615981363 0.1784622460032681 0.24473948424895386 0.29602674175847504 0.3555050719549288 0.3859015857691894 0.5234143953664094 0.5799425829158382 0.800586938155029 0.9801618861479239 1.081640994694611 1.3000736398423771 1.6332463730290419 1.9035607479550924 2.4809687776088967
1585 19020 -0.948610809715771 -0.22056065770610495 0.2552289594814179 0.9289542136673348 0.01211548020761309 0.02001505501673669 0.0852513973959919 0.13848694636057757 0.18186066829208444 0.2489149698006828 0.3218981142412265 0.372653972606746 0.3952135563879781 0.5293504033491271 0.6090832659267578 0.8344399463962677 1.0146420429749787 1.03925140531274 1.3460492689405585 1.634275539857272 1.876630102035337 2.453124356122572
1586 19032 -0.948610809715771 -0.22056065770610495 0.2552289594814179 0.9289542136673348 0.01211548020761309 0.02001505501673669 0.0852513973959919 0.13848694636057757 0.18186066829208444 0.2489149698006828 0.3218981142412265 0.372653972606746 0.3952135563879781 0.5293504033491271 0.6090832659267578 0.8344399463962677 1.0146420429749787 1.03925140531274 1.3460492689405585 1.634275539857272 1.876630102035337 2.453124356122572
1587 19044 -0.948610809715771 -0.22056065770610495 0.2552289594814179 0.9289542136673348 0.01211548020761309 0.02001505501673669 0.0852513973959919 0.13848694636057757 0.18186066829208444 0.2489149698006828 0.3218981142412265 0.372653972606746 0.3952135563879781 0.5293504033491271 0.6090832659267578 0.8344399463962677 1.0146420429749787 1.03925140531274 1.3460492689405585 1.634275539857272 1.876630102035337 2.453124356122572
1588 19056 -0.948610809715771 -0.22056065770610495 0.2552289594814179 0.9289542136673348 0.01211548020761309 0.02001505501673669 0.0852513973959919 0.13848694636057757 0.18186066829208444 0.2489149698006828 0.3218981142412265 0.372653972606746 0.3952135563879781 0.5293504033491271 0.6090832659267578 0.8344399463962677 1.0146420429749787 1.03925140531274 1.3460492689405585 1.634275539857272 1.876630102035337 2.453124356122572
1589 19068 -0.948610809715771 -0.22056065770610495 0.2552289594814179 0.9289542136673348 0.01211548020761309 0.02001505501673669 0.0852513973959919 0.13848694636057757 0.18186066829208444 0.2489149698006828 0.3218981142412265 0.372653972606746 0.3952135563879781 0.5293504033491271 0.6090832659267578 0.8344399463962677 1.0146420429749787 1.03925140531274 1.3460492689405585 1.634275539857272 1.876630102035337 2.453124356122572
1590 19080 -0.948610809715771 -0.22056065770610495 0.2552289594814179 0.9289542136673348 0.01211548020761309 0.02001505501673669 0.0852513973959919 0.13848694636057757 0.18186066829208444 0.2489149698006828 0.3218981142412265 0.372653972606746 0.3952135563879781 0.5293504033491271 0.6090832659267578 0.8344399463962677 1.0146420429749787 1.03925140531274 1.3460492689405585 1.634275539857272 1.876630102035337 2.453124356122572
1591 19092 -0.948610809715771 -0.22056065770610495 0.2552289594814179 0.9289542136673348 0.01211548020761309 0.02001505501673669 0.0852513973959919 0.13848694636057757 0.18186066829208444 0.2489149698006828 0.3218981142412265 0.372653972606746 0.3952135563879781 0.5293504033491271 0.6090832659267578 0.8344399463962677 1.0146420429749787 1.03925140531274 1.3460492689405585 1.634275539857272 1.876630102035337 2.453124356122572
1592 19104 -0.948610809715771 -0.22056065770610495 0.2552289594814179 0.9289542136673348 0.01211548020761309 0.02001505501673669 0.0852513973959919 0.13848694636057757 0.18186066829208444 0.2489149698006828 0.3218981142412265 0.372653972606746 0.3952135563879781 0.5293504033491271 0.6090832659267578 0.8344399463962677 1.0146420429749787 1.03925140531274 1.3460492689405585 1.634275539857272 1.876630102035337 2.453124356122572
1593 19116 -0.948610809715771 -0.22056065770610495 0.2552289594814179 0.9289542136673348 0.01211548020761309 0.02001505501673669 0.0852513973959919 0.13848694636057757 0.18186066829208444 0.2489149698006828 0.3218981142412265 0.372653972606746 0.3952135563879781 0.5293504033491271 0.6090832659267578 0.8344399463962677 1.0146420429749787 1.03925140531274 1.3460492689405585 1.634275539857272 1.876630102035337 2.453124356122572
1594 19128 -0.948610809715771 -0.22056065770610495 0.2552289594814179 0.9289542136673348 0.01211548020761309 0.02001505501673669 0.0852513973959919 0.13848694636057757 0.18186066829208444 0.2489149698006828 0.3218981142412265 0.372653972606746 0.3952135563879781 0.5293504033491271 0.6090832659267578 0.8344399463962677 1.0146420429749787 1.03925140531274 1.3460492689405585 1.634275539857272 1.876630102035337 2.453124356122572
1595 19140 -0.948610809715771 -0.22056065770610495 0.2552289594814179 0.9289542136673348 0.01211548020761309 0.02001505501673669 0.0852513973959919 0.13848694636057757 0.18186066829208444 0.2489149698006828 0.3218981142412265 0.372653972606746 0.3952135563879781 0.5293504033491271 0.6090832659267578 0.8344399463962677 1.0146420429749787 1.03925140531274 1.3460492689405585 1.634275539857272 1.876630102035337 2.453124356122572
1596 19152 -0.948610809715771 -0.22056065770610495 0.2552289594814179 0.9289542136673348 0.01211548020761309 0.02001505501673669 0.0852513973959919 0.13848694636057757 0.18186066829208444 0.2489149698006828 0.3218981142412265 0.372653972606746 0.3952135563879781 0.5293504033491271 0.6090832659267578 0.8344399463962677 1.0146420429749787 1.03925140531274 1.3460492689405585 1.634275539857272 1.876630102035337 2.453124356122572
1597 19164 -0.948610809715771 -0.22056065770610495 0.2552289594814179 0.9289542136673348 0.01211548020761309 0.02001505501673669 0.0852513973959919 0.13848694636057757 0.18186066829208444 0.2489149698006828 0.3218981142412265 0.372653972606746 0.3952135563879781 0.5293504033491271 0.6090832659267578 0.8344399463962677 1.0146420429749787 1.03925140531274 1.3460492689405585 1.634275539857272 1.876630102035337 2.453124356122572
1598 19176 -0.948610809715771 -0.22056065770610495 0.2552289594814179 0.9289542136673348 0.01211548020761309 0.02001505501673669 0.0852513973959919 0.13848694636057757 0.18186066829208444 0.2489149698006828 0.3218981142412265 0.372653972606746 0.3952135563879781 0.5293504033491271 0.6090832659267578 0.8344399463962677 1.0146420429749787 1.03925140531274 1.3460492689405585 1.634275539857272 1.876630102035337 2.453124356122572
1599 19188 -0.948610809715771 -0.22056065770610495 0.2552289594814179 0.9289542136673348 0.01211548020761309 0.02001505501673669 0.0852513973959919 0.13848694636057757 0.18186066829208444 0.2489149698006828 0.3218981142412265 0.372653972606746 0.3952135563879781 0.5293504033491271 0.6090832659267578 0.8344399463962677 1.0146420429749787 1.03925140531274 1.3460492689405585 1.634275539857272 1.876630102035337 2.453124356122572
1600 19200 -0.948610809715771 -0.22056065770610495 0.2552289594814179 0.9289542136673348 0.01211548020761309 0.02001505501673669 0.0852513973959919 0.13848694636057757 0.18186066829208444 0.2489149698006828 0.3218981142412265 0.372653972606746 0.3952135563879781 0.5293504033491271 0.6090832659267578 0.8344399463962677 1.0146420429749787 1.03925140531274 1.3460492689405585 1.634275539857272 1.876630102035337 2.453124356122572
1601 19212 -0.948610809715771 -0.22056065770610495 0.2552289594814179 0.9289542136673348 0.01211548020761309 0.02001505501673669 0.0852513973959919 0.13848694636057757 0.18186066829208444 0.2489149698006828 0.3218981142412265 0.372653972606746 0.3952135563879781 0.5293504033491271 0.6090832659267578 0.8344399463962677 1.0146420429749787 1.03925140531274 1.3460492689405585 1.634275539857272 1.876630102035337 2.453124356122572
1602 19224 -0.948610809715771 -0.22056065770610495 0.2552289594814179 0.9289542136673348 0.01211548020761309 0.02001505501673669 0.0852513973959919 0.13848694636057757 0.18186066829208444 0.2489149698006828 0.3218981142412265 0.372653972606746 0.3952135563879781 0.5293504033491271 0.6090832659267578 0.8344399463962677 1.0146420429749787 1.03925140531274 1.3460492689405585 1.634275539857272 1.876630102035337 2.453124356122572
1603 19236 -0.9451787187731058 -0.23143303194649711 0.2405655371226172 0.9246399294114234 0.013122490579465376 0.022102903387296712 0.08536185928970953 0.13469284218255284 0.194230764466066 0.25291966661203547 0.324147858919213 0.36927905718521026 0.3960964097843654 0.5101290105557253 0.6428091289490802 0.8064910703590734 1.0165267595339977 1.0712720711090966 1.3289647772008026 1.5387748476995402 1.923526197548624 2.4769221437349684
1604 19248 -0.9451787187731058 -0.23143303194649711 0.2405655371226172 0.9246399294114234 0.013122490579465376 0.022102903387296712 0.08536185928970953 0.13469284218255284 0.194230764466066 0.25291966661203547 0.324147858919213 0.36927905718521026 0.3960964097843654 0.5101290105557253 0.6428091289490802 0.8064910703590734 1.0165267595339977 1.0712720711090966 1.3289647772008026 1.5387748476995402 1.923526197548624 2.4769221437349684
1605 19260 -0.9451787187731058 -0.23143303194649711 0.2405655371226172 0.9246399294114234 0.013122490579465376 0.022102903387296712 0.08536185928970953 0.13469284218255284 0.194230764466066 0.25291966661203547 0.324147858919213 0.36927905718521026 0.3960964097843654 0.5101290105557253 0.6428091289490802 0.8064910703590734 1.0165267595339977 1.0712720711090966 1.3289647772008026 1.5387748476995402 1.923526197548624 2.4769221437349684
1606 19272 -0.9451787187731058 -0.23143303194649711 0.2405655371226172 0.9246399294114234 0.013122490579465376 0.022102903387296712 0.08536185928970953 0.13469284218255284 0.194230764466066 0.25291966661203547 0.324147858919213 0.36927905718521026 0.3960964097843654 0.5101290105557253 0.6428091289490802 0.8064910703590734 1.0165267595339977 1.0712720711090966 1.3289647772008026 1.5387748476995402 1.923526197548624 2.4769221437349684
1607 19284 -0.9451787187731058 -0.23143303194649711 0.2405655371226172 0.9246399294114234 0.013122490579465376 0.022102903387296712 0.08536185928970953 0.13469284218255284 0.194230764466066 0.25291966661203547 0.324147858919213 0.36927905718521026 0.3960964097843654 0.5101290105557253 0.6428091289490802 0.8064910703590734 1.0165267595339977 1.0712720711090966 1.3289647772008026 1.5387748476995402 1.923526197548624 2.4769221437349684
1608 19296 -0.9451787187731058 -0.23143303194649711 0.2405655371226172 0.9246399294114234 0.013122490579465376 0.022102903387296712 0.08536185928970953 0.13469284218255284 0.194230764466066 0.25291966661203547 0.324147858919213 0.36927905718521026 0.3960964097843654 0.5101290105557253 0.6428091289490802 0.8064910703590734 1.0165267595339977 1.0712720711090966 1.3289647772008026 1.5387748476995402 1.923526197548624 2.4769221437349684
1609 19308 -0.9451787187731058 -0.23143303194649711 0.2405655371226172 0.9246399294114234 0.013122490579465376 0.022102903387296712 0.08536185928970953 0.13469284218255284 0.194230764466066 0.25291966661203547 0.324147858919213 0.36927905718521026 0.3960964097843654 0.5101290105557253 0.6428091289490802 0.8064910703590734 1.0165267595339977 1.0712720711090966 1.3289647772008026 1.5387748476995402 1.923526197548624 2.4769221437349684
1610 19320 -0.9451787187731058 -0.23143303194649711 0.2405655371226172 0.9246399294114234 0.013122490579465376 0.022102903387296712 0.08536185928970953 0.13469284218255284 0.194230764466066 0.25291966661203547 0.324147858919213 0.36927905718521026 0.3960964097843654 0.5101290105557253 0.6428091289490802 0.8064910703590734 1.0165267595339977 1.0712720711090966 1.3289647772008026 1.5387748476995402 1.923526197548624 2.4769221437349684
1611 19332 -0.9451787187731058 -0.23143303194649711 0.2405655371226172 0.9246399294114234 0.013122490579465376 0.022102903387296712 0.08536185928970953 0.13469284218255284 0.194230764466066 0.25291966661203547 0.324147858919213 0.36927905718521026 0.3960964097843654 0.5101290105557253 0.6428091289490802 0.8064910703590734 1.0165267595339977 1.0712720711090966 1.3289647772008026 1.5387748476995402 1.923526197548624 2.4769221437349684
1612 19344 -0.9451787187731058 -0.23143303194649711 0.2405655371226172 0.9246399294114234 0.013122490579465376 0.022102903387296712 0.08536185928970953 0.13469284218255284 0.194230764466066 0.25291966661203547 0.324147858919213 0.36927905718521026 0.3960964097843654 0.5101290105557253 0.6428091289490802 0.8064910703590734 1.0165267595339977 1.0712720711090966 1.3289647772008026 1.5387748476995402 1.923526197548624 2.4769221437349684
1613 19356 -0.9451787187731058 -0.23143303194649711 0.2405655371226172 0.9246399294114234 0.013122490579465376 0.022102903387296712 0.08536185928970953 0.13469284218255284 0.194230764466066 0.25291966661203547 0.324147858919213 0.36927905718521026 0.3960964097843654 0.5101290105557253 0.6428091289490802 0.8064910703590734 1.0165267595339977 1.0712720711090966 1.3289647772008026 1.5387748476995402 1.923526197548624 2.4769221437349684
1614 19368 -0.9451787187731058 -0.23143303194649711 0.2405655371226172 0.9246399294114234 0.013122490579465376 0.022102903387296712 0.08536185928970953 0.13469284218255284 0.194230764466066 0.25291966661203547 0.324147858919213 0.36927905718521026 0.3960964097843654 0.5101290105557253 0.6428091289490802 0.8064910703590734 1.0165267595339977 1.0712720711090966 1.3289647772008026 1.5387748476995402 1.923526197548624 2.4769221437349684
1615 19380 -0.9451787187731058 -0.23143303194649711 0.2405655371226172 0.9246399294114234 0.013122490579465376 0.022102903387296712 0.08536185928970953 0.13469284218255284 0.194230764466066 0.25291966661203547 0.324147858919213 0.36927905718521026 0.3960964097843654 0.5101290105557253 0.6428091289490802 0.8064910703590734 1.0165267595339977 1.0712720711090966 1.3289647772008026 1.5387748476995402 1.923526197548624 2.4769221437349684
1616 19392 -0.9451787187731058 -0.23143303194649711 0.2405655371226172 0.9246399294114234 0.013122490579465376 0.022102903387296712 0.08536185928970953 0.13469284218255284 0.194230764466066 0.25291966661203547 0.324147858919213 0.36927905718521026 0.3960964097843654 0.5101290105557253 0.6428091289490802 0.8064910703590734 1.0165267595339977 1.0712720711090966 1.3289647772008026 1.5387748476995402 1.923526197548624 2.4769221437349684
1617 19404 -0.9451787187731058 -0.23143303194649711 0.2405655371226172 0.9246399294114234 0.013122490579465376 0.022102903387296712 0.08536185928970953 0.13469284218255284 0.194230764466066 0.25291966661203547 0.324147858919213 0.36927905718521026 0.3960964097843654 0.5101290105557253 0.6428091289490802 0.8064910703590734 1.0165267595339977 1.0712720711090966 1.3289647772008026 1.5387748476995402 1.923526197548624 2.4769221437349684
1618 19416 -0.9451787187731058 -0.23143303194649711 0.2405655371226172 0.9246399294114234 0.013122490579465376 0.022102903387296712 0.08536185928970953 0.13469284218255284 0.194230764466066 0.25291966661203547 0.324147858919213 0.36927905718521026 0.3960964097843654 0.5101290105557253 0.6428091289490802 0.8064910703590734 1.0165267595339977 1.0712720711090966 1.3289647772008026 1.5387748476995402 1.923526197548624 2.4769221437349684
1619 19428 -0.9451787187731058 -0.23143303194649711 0.2405655371226172 0.9246399294114234 0.013122490579465376 0.022102903387296712 0.08536185928970953 0.13469284218255284 0.194230764466066 0.25291966661203547 0.324147858919213 0.36927905718521026 0.3960964097843654 0.5101290105557253 0.6428091289490802 0.8064910703590734 1.0165267595339977 1.0712720711090966 1.3289647772008026 1.5387748476995402 1.923526197548624 2.4769221437349684
1620 19440 -0.9451787187731058 -0.23143303194649711 0.2405655371226172 0.9246399294114234 0.013122490579465376 0.022102903387296712 0.08536185928970953 0.13469284218255284 0.194230764466066 0.25291966661203547 0.324147858919213 0.36927905718521026 0.3960964097843654 0.5101290105557253 0.6428091289490802 0.8064910703590734 1.0165267595339977 1.0712720711090966 1.3289647772008026 1.5387748476995402 1.923526197548624 2.4769221437349684
1621 19452 -0.9498233337454121 -0.22574738904746852 0.23095457417921317 0.9324325076483941 0.012425770286085089 0.02454560882382378 0.08598317865457986 0.1362873519852103 0.1961988459363648 0.23447724983316962 0.3145191873128939 0.34972374602455897 0.40618690243027056 0.5034423728651606 0.5947848456599428 0.7545163162268262 1.0340689187549075 1.1247184548114342 1.3624381929218634 1.5108589987686758 1.9956358183762768 2.421008483515012
1622 19464 -0.9498233337454121 -0.22574738904746852 0.23095457417921317 0.9324325076483941 0.012425770286085089 0.02454560882382378 0.08598317865457986 0.1362873519852103 0.1961988459363648 0.23447724983316962 0.3145191873128939 0.34972374602455897 0.40618690243027056 0.5034423728651606 0.5947848456599428 0.7545163162268262 1.0340689187549075 1.1247184548114342 1.3624381929218634 1.5108589987686758 1.9956358183762768 2.421008483515012
1623 19476 -0.9498233337454121 -0.22574738904746852 0.23095457417921317 0.9324325076483941 0.012425770286085089 0.02454560882382378 0.08598317865457986 0.1362873519852103 0.1961988459363648 0.23447724983316962 0.3145191873128939 0.34972374602455897 0.40618690243027056 0.5034423728651606 0.5947848456599428 0.7545163162268262 1.0340689187549075 1.1247184548114342 1.3624381929218634 1.5108589987686758 1.9956358183762768 2.421008483515012
1624 19488 -0.9498233337454121 -0.22574738904746852 0.23095457417921317 0.9324325076483941 0.012425770286085089 0.02454560882382378 0.08598317865457986 0.1362873519852103 0.1961988459363648 0.23447724983316962 0.3145191873128939 0.34972374602455897 0.40618690243027056 0.5034423728651606 0.5947848456599428 0.7545163162268262 1.0340689187549075 1.1247184548114342 1.3624381929218634 1.5108589987686758 1.9956358183762768 2.421008483515012
1625 19500 -0.9498233337454121 -0.22574738904746852 0.23095457417921317 0.9324325076483941 0.012425770286085089 0.02454560882382378 0.08598317865457986 0.1362873519852103 0.1961988459363648 0.23447724983316962 0.3145191873128939 0.34972374602455897 0.40618690243027056 0.5034423728651606 0.5947848456599428 0.7545163162268262 1.0340689187549075 1.1247184548114342 1.3624381929218634 1.5108589987686758 1.9956358183762768 2.421008483515012
1626 19512 -0.9498233337454121 -0.22574738904746852 0.23095457417921317 0.9324325076483941 0.012425770286085089 0.02454560882382378 0.08598317865457986 0.1362873519852103 0.1961988459363648 0.23447724983316962 0.3145191873128939 0.34972374602455897 0.40618690243027056 0.5034423728651606 0.5947848456599428 0.7545163162268262 1.0340689187549075 1.1247184548114342 1.3624381929218634 1.5108589987686758 1.9956358183762768 2.421008483515012
1627 19524 -0.9498233337454121 -0.22574738904746852 0.23095457417921317 0.9324325076483941 0.012425770286085089 0.02454560882382378 0.08598317865457986 0.1362873519852103 0.1961988459363648 0.23447724983316962 0.3145191873128939 0.34972374602455897 0.40618690243027056 0.5034423728651606 0.5947848456599428 0.7545163162268262 1.0340689187549075 1.1247184548114342 1.3624381929218634 1.5108589987686758 1.9956358183762768 2.421008483515012
1628 19536 -0.9498233337454121 -0.22574738904746852 0.23095457417921317 0.9324325076483941 0.012425770286085089 0.02454560882382378 0.08598317865457986 0.1362873519852103 0.1961988459363648 0.23447724983316962 0.3145191873128939 0.34972374602455897 0.40618690243027056 0.5034423728651606 0.5947848456599428 0.7545163162268262 1.0340689187549075 1.1247184548114342 1.3624381929218634 1.5108589987686758 1.9956358183762768 2.421008483515012
1629 19548 -0.9498233337454121 -0.22574738904746852 0.23095457417921317 0.9324325076483941 0.012425770286085089 0.02454560882382378 0.08598317865457986 0.1362873519852103 0.1961988459363648 0.23447724983316962 0.3145191873128939 0.34972374602455897 0.40618690243027056 0.5034423728651606 0.5947848456599428 0.7545163162268262 1.0340689187549075 1.1247184548114342 1.3624381929218634 1.5108589987686758 1.9956358183762768 2.421008483515012
1630 19560 -0.9498233337454121 -0.22574738904746852 0.23095457417921317 0.9324325076483941 0.012425770286085089 0.02454560882382378 0.08598317865457986 0.1362873519852103 0.1961988459363648 0.23447724983316962 0.3145191873128939 0.34972374602455897 0.40618690243027056 0.5034423728651606 0.5947848456599428 0.7545163162268262 1.0340689187549075 1.1247184548114342 1.3624381929218634 1.5108589987686758 1.9956358183762768 2.421008483515012
1631 19572 -0.9498233337454121 -0.22574738904746852 0.23095457417921317 0.9324325076483941 0.012425770286085089 0.02454560882382378 0.08598317865457986 0.1362873519852103 0.1961988459363648 0.23447724983316962 0.3145191873128939 0.34972374602455897 0.40618690243027056 0.5034423728651606 0.5947848456599428 0.7545163162268262 1.0340689187549075 1.1247184548114342 1.3624381929218634 1.5108589987686758 1.9956358183762768 2.421008483515012
1632 19584 -0.9498233337454121 -0.22574738904746852 0.23095457417921317 0.9324325076483941 0.012425770286085089 0.02454560882382378 0.08598317865457986 0.1362873519852103 0.1961988459363648 0.23447724983316962 0.3145191873128939 0.34972374602455897 0.40618690243027056 0.5034423728651606 0.5947848456599428 0.7545163162268262 1.0340689187549075 1.1247184548114342 1.3624381929218634 1.5108589987686758 1.9956358183762768 2.421008483515012
1633 19596 -0.9498233337454121 -0.22574738904746852 0.23095457417921317 0.9324325076483941 0.012425770286085089 0.02454560882382378 0.08598317865457986 0.1362873519852103 0.1961988459363648 0.23447724983316962 0.3145191873128939 0.34972374602455897 0.40618690243027056 0.5034423728651606 0.5947848456599428 0.7545163162268262 1.0340689187549075 1.1247184548114342 1.3624381929218634 1.5108589987686758 1.9956358183762768 2.421008483515012
1634 19608 -0.9498233337454121 -0.22574738904746852 0.23095457417921317 0.9324325076483941 0.012425770286085089 0.02454560882382378 0.08598317865457986 0.1362873519852103 0.1961988459363648 0.23447724983316962 0.3145191873128939 0.34972374602455897 0.40618690243027056 0.5034423728651606 0.5947848456599428 0.7545163162268262 1.0340689187549075 1.1247184548114342 1.3624381929218634 1.5108589987686758 1.9956358183762768 2.421008483515012
1635 19620 -0.9498233337454121 -0.22574738904746852 0.23095457417921317 0.9324325076483941 0.012425770286085089 0.02454560882382378 0.08598317865457986 0.1362873519852103 0.1961988459363648 0.23447724983316962 0.3145191873128939 0.34972374602455897 0.40618690243027056 0.5034423728651606 0.5947848456599428 0.7545163162268262 1.0340689187549075 1.1247184548114342 1.3624381929218634 1.5108589987686758 1.9956358183762768 2.421008483515012
1636 19632 -0.9498233337454121 -0.22574738904746852 0.23095457417921317 0.9324325076483941 0.012425770286085089 0.02454560882382378 0.08598317865457986 0.1362873519852103 0.1961988459363648 0.23447724983316962 0.3145191873128939 0.34972374602455897 0.40618690243027056 0.5034423728651606 0.5947848456599428 0.7545163162268262 1.0340689187549075 1.1247184548114342 1.3624381929218634 1.5108589987686758 1.9956358183762768 2.421008483515012
1637 19644 -0.9498233337454121 -0.22574738904746852 0.23095457417921317 0.9324325076483941 0.012425770286085089 0.02454560882382378 0.08598317865457986 0.1362873519852103 0.1961988459363648 0.23447724983316962 0.3145191873128939 0.34972374602455897 0.40618690243027056 0.5034423728651606 0.5947848456599428 0.7545163162268262 1.0340689187549075 1.1247184548114342 1.3624381929218634 1.5108589987686758 1.9956358183762768 2.421008483515012
1638 19656 -0.9498233337454121 -0.22574738904746852 0.23095457417921317 0.9324325076483941 0.012425770286085089 0.02454560882382378 0.08598317865457986 0.1362873519852103 0.1961988459363648 0.23447724983316962 0.3145191873128939 0.34972374602455897 0.40618690243027056 0.5034423728651606 0.5947848456599428 0.7545163162268262 1.0340689187549075 1.1247184548114342 1.3624381929218634 1.5108589987686758 1.9956358183762768 2.421008483515012
1639 19668 -0.9482684771715555 -0.20805232769821763 0.2133077532846351 0.9183522448294964 0.012553914220103362 0.02595898401059273 0.0839948077005637 0.13835119363037793 0.19319853245047794 0.23370557489344143 0.31473590522768935 0.34804468240041686 0.3996205483318332 0.5031676959145813 0.580686158284195 0.7399899551260457 1.0118325406255022 1.1102843343136808 1.3970812498446172 1.5188805387072128 2.0504969830875996 2.3755568502518885
1640 19680 -0.9482684771715555 -0.20805232769821763 0.2133077532846351 0.9183522448294964 0.012553914220103362 0.02595898401059273 0.0839948077005637 0.13835119363037793 0.19319853245047794 0.23370557489344143 0.31473590522768935 0.34804468240041686 0.3996205483318332 0.5031676959145813 0.580686158284195 0.7399899551260457 1.0118325406255022 1.1102843343136808 1.3970812498446172 1.5188805387072128 2.0504969830875996 2.3755568502518885
1641 19692 -0.9482684771715555 -0.20805232769821763 0.2133077532846351 0.9183522448294964 0.012553914220103362 0.02595898401059273 0.0839948077005637 0.13835119363037793 0.19319853245047794 0.23370557489344143 0.31473590522768935 0.34804468240041686 0.3996205483318332 0.5031676959145813 0.580686158284195 0.7399899551260457 1.0118325406255022 1.1102843343136808 1.3970812498446172 1.5188805387072128 2.0504969830875996 2.3755568502518885
1642 19704 -0.9482684771715555 -0.20805232769821763 0.2133077532846351 0.9183522448294964 0.012553914220103362 0.02595898401059273 0.0839948077005637 0.13835119363037793 0.19319853245047794 0.23370557489344143 0.31473590522768935 0.34804468240041686 0.3996205483318332 0.5031676959145813 0.580686158284195 0.7399899551260457 1.0118325406255022 1.1102843343136808 1.3970812498446172 1.5188805387072128 2.0504969830875996 2.3755568502518885
1643 19716 -0.9482684771715555 -0.20805232769821763 0.2133077532846351 0.9183522448294964 0.012553914220103362 0.02595898401059273 0.0839948077005637 0.13835119363037793 0.19319853245047794 0.23370557489344143 0.31473590522768935 0.34804468240041686 0.3996205483318332 0.5031676959145813 0.580686158284195 0.7399899551260457 1.0118325406255022 1.1102843343136808 1.3970812498446172 1.5188805387072128 2.0504969830875996 2.3755568502518885
1644 19728 -0.9482684771715555 -0.20805232769821763 0.2133077532846351 0.9183522448294964 0.012553914220103362 0.02595898401059273 0.0839948077005637 0.13835119363037793 0.19319853245047794 0.23370557489344143 0.31473590522768935 0.34804468240041686 0.3996205483318332 0.5031676959145813 0.580686158284195 0.7399899551260457 1.0118325406255022 1.1102843343136808 1.3970812498446172 1.5188805387072128 2.0504969830875996 2.3755568502518885
1645 19740 -0.9482684771715555 -0.20805232769821763 0.2133077532846351 0.9183522448294964 0.012553914220103362 0.02595898401059273 0.0839948077005637 0.13835119363037793 0.19319853245047794 0.23370557489344143 0.31473590522768935 0.34804468240041686 0.3996205483318332 0.5031676959145813 0.580686158284195 0.7399899551260457 1.0118325406255022 1.1102843343136808 1.3970812498446172 1.5188805387072128 2.0504969830875996 2.3755568502518885
1646 19752 -0.9482684771715555 -0.20805232769821763 0.2133077532846351 0.9183522448294964 0.012553914220103362 0.02595898401059273 0.0839948077005637 0.13835119363037793 0.19319853245047794 0.23370557489344143 0.31473590522768935 0.34804468240041686 0.3996205483318332 0.5031676959145813 0.580686158284195 0.7399899551260457 1.0118325406255022 1.1102843343136808 1.3970812498446172 1.5188805387072128 2.0504969830875996 2.3755568502518885
1647 19764 -0.9482684771715555 -0.20805232769821763 0.2133077532846351 0.9183522448294964 0.012553914220103362 0.02595898401059273 0.0839948077005637 0.13835119363037793 0.19319853245047794 0.23370557489344143 0.31473590522768935 0.34804468240041686 0.3996205483318332 0.5031676959145813 0.580686158284195 0.7399899551260457 1.0118325406255022 1.1102843343136808 1.3970812498446172 1.5188805387072128 2.0504969830875996 2.3755568502518885
1648 19776 -0.9482684771715555 -0.20805232769821763 0.2133077532846351 0.9183522448294964 0.012553914220103362 0.02595898401059273 0.0839948077005637 0.13835119363037793 0.19319853245047794 0.23370557489344143 0.31473590522768935 0.34804468240041686 0.3996205483318332 0.5031676959145813 0.580686158284195 0.7399899551260457 1.0118325406255022 1.1102843343136808 1.3970812498446172 1.5188805387072128 2.0504969830875996 2.3755568502518885
1649 19788 -0.9482684771715555 -0.20805232769821763 0.2133077532846351 0.9183522448294964 0.012553914220103362 0.02595898401059273 0.0839948077005637 0.13835119363037793 0.19319853245047794 0.23370557489344143 0.31473590522768935 0.34804468240041686 0.3996205483318332 0.5031676959145813 0.580686158284195 0.7399899551260457 1.0118325406255022 1.1102843343136808 1.3970812498446172 1.5188805387072128 2.0504969830875996 2.3755568502518885
1650 19800 -0.9482684771715555 -0.20805232769821763 0.2133077532846351 0.9183522448294964 0.012553914220103362 0.02595898401059273 0.0839948077005637 0.13835119363037793 0.19319853245047794 0.23370557489344143 0.31473590522768935 0.34804468240041686 0.3996205483318332 0.5031676959145813 0.580686158284195 0.7399899551260457 1.0118325406255022 1.1102843343136808 1.3970812498446172 1.5188805387072128 2.0504969830875996 2.3755568502518885
1651 19812 -0.9482684771715555 -0.20805232769821763 0.2133077532846351 0.9183522448294964 0.012553914220103362 0.02595898401059273 0.0839948077005637 0.13835119363037793 0.19319853245047794 0.23370557489344143 0.31473590522768935 0.34804468240041686 0.3996205483318332 0.5031676959145813 0.580686158284195 0.7399899551260457 1.0118325406255022 1.1102843343136808 1.3970812498446172 1.5188805387072128 2.0504969830875996 2.3755568502518885
1652 19824 -0.9482684771715555 -0.20805232769821763 0.2133077532846351 0.9183522448294964 0.012553914220103362 0.02595898401059273 0.0839948077005637 0.13835119363037793 0.19319853245047794 0.23370557489344143 0.31473590522768935 0.34804468240041686 0.3996205483318332 0.5031676959145813 0.580686158284195 0.7399899551260457 1.0118325406255022 1.1102843343136808 1.3970812498446172 1.5188805387072128 2.0504969830875996 2.3755568502518885
1653 19836 -0.9482684771715555 -0.20805232769821763 0.2133077532846351 0.9183522448294964 0.012553914220103362 0.02595898401059273 0.0839948077005637 0.13835119363037793 0.19319853245047794 0.23370557489344143 0.31473590522768935 0.34804468240041686 0.3996205483318332 0.5031676959145813 0.580686158284195 0.7399899551260457 1.0118325406255022 1.1102843343136808 1.3970812498446172 1.5188805387072128 2.0504969830875996 2.3755568502518885
1654 19848 -0.9482684771715555 -0.20805232769821763 0.2133077532846351 0.9183522448294964 0.012553914220103362 0.02595898401059273 0.0839948077005637 0.13835119363037793 0.19319853245047794 0.23370557489344143 0.31473590522768935 0.34804468240041686 0.3996205483318332 0.5031676959145813 0.580686158284195 0.7399899551260457 1.0118325406255022 1.1102843343136808 1.3970812498446172 1.5188805387072128 2.0504969830875996 2.3755568502518885
1655 19860 -0.9482684771715555 -0.20805232769821763 0.2133077532846351 0.9183522448294964 0.012553914220103362 0.02595898401059273 0.0839948077005637 0.13835119363037793 0.19319853245047794 0.23370557489344143 0.31473590522768935 0.34804468240041686 0.3996205483318332 0.5031676959145813 0.580686158284195 0.7399899551260457 1.0118325406255022 1.1102843343136808 1.3970812498446172 1.5188805387072128 2.0504969830875996 2.3755568502518885
1656 19872 -0.9482684771715555 -0.20805232769821763 0.2133077532846351 0.9183522448294964 0.012553914220103362 0.02595898401059273 0.0839948077005637 0.13835119363037793 0.19319853245047794 0.23370557489344143 0.31473590522768935 0.34804468240041686 0.3996205483318332 0.5031676959145813 0.580686158284195 0.7399899551260457 1.0118325406255022 1.1102843343136808 1.3970812498446172 1.5188805387072128 2.0504969830875996 2.3755568502518885
1657 19884 -0.9443449038445364 -0.2142714073885414 0.22555613744325298 0.9060475472570667 0.01294535918552802 0.02664971869670733 0.08830161394492576 0.13039170087518537 0.19776703734425197 0.24259616851498314 0.31447260925890796 0.3610173388850419 0.4017544274425273 0.5324814038040282 0.5742172885952017 0.7159300838806426 1.0147069803022313 1.0672748340744644 1.403319680408625 1.500403908241119 2.0166245953164994 2.4297960310609215
1658 19896 -0.9443449038445364 -0.2142714073885414 0.22555613744325298 0.9060475472570667 0.01294535918552802 0.02664971869670733 0.08830161394492576 0.13039170087518537 0.19776703734425197 0.24259616851498314 0.31447260925890796 0.3610173388850419 0.4017544274425273 0.5324814038040282 0.5742172885952017 0.7159300838806426 1.0147069803022313 1.0672748340744644 1.403319680408625 1.500403908241119 2.0166245953164994 2.4297960310609215
1659 19908 -0.9443449038445364 -0.2142714073885414 0.22555613744325298 0.9060475472570667 0.01294535918552802 0.02664971869670733 0.08830161394492576 0.13039170087518537 0.19776703734425197 0.24259616851498314 0.31447260925890796 0.3610173388850419 0.4017544274425273 0.5324814038040282 0.5742172885952017 0.7159300838806426 1.0147069803022313 1.0672748340744644 1.403319680408625 1.500403908241119 2.0166245953164994 2.4297960310609215
1660 19920 -0.9443449038445364 -0.2142714073885414 0.22555613744325298 0.9060475472570667 0.01294535918552802 0.02664971869670733 0.08830161394492576 0.13039170087518537 0.19776703734425197 0.24259616851498314 0.31447260925890796 0.3610173388850419 0.4017544274425273 0.5324814038040282 0.5742172885952017 0.7159300838806426 1.0147069803022313 1.0672748340744644 1.403319680408625 1.500403908241119 2.0166245953164994 2.4297960310609215
1661 19932 -0.9443449038445364 -0.2142714073885414 0.22555613744325298 0.9060475472570667 0.01294535918552802 0.02664971869670733 0.08830161394492576 0.13039170087518537 0.19776703734425197 0.24259616851498314 0.31447260925890796 0.3610173388850419 0.4017544274425273 0.5324814038040282 0.5742172885952017 0.7159300838806426 1.0147069803022313 1.0672748340744644 1.403319680408625 1.500403908241119 2.0166245953164994 2.4297960310609215
1662 19944 -0.9443449038445364 -0.2142714073885414 0.22555613744325298 0.9060475472570667 0.01294535918552802 0.02664971869670733 0.08830161394492576 0.13039170087518537 0.19776703734425197 0.24259616851498314 0.31447260925890796 0.3610173388850419 0.4017544274425273 0.5324814038040282 0.5742172885952017 0.7159300838806426 1.0147069803022313 1.0672748340744644 1.403319680408625 1.500403908241119 2.0166245953164994 2.4297960310609215
1663 19956 -0.9443449038445364 -0.2142714073885414 0.22555613744325298 0.9060475472570667 0.01294535918552802 0.02664971869670733 0.08830161394492576 0.13039170087518537 0.19776703734425197 0.24259616851498314 0.31447260925890796 0.3610173388850419 0.4017544274425273 0.5324814038040282 0.5742172885952017 0.7159300838806426 1.0147069803022313 1.0672748340744644 1.403319680408625 1.500403908241119 2.0166245953164994 2.4297960310609215
1664 19968 -0.9443449038445364 -0.2142714073885414 0.22555613744325298 0.9060475472570667 0.01294535918552802 0.02664971869670733 0.08830161394492576 0.13039170087518537 0.19776703734425197 0.24259616851498314 0.31447260925890796 0.3610173388850419 0.4017544274425273 0.5324814038040282 0.5742172885952017 0.7159300838806426 1.0147069803022313 1.0672748340744644 1.403319680408625 1.500403908241119 2.0166245953164994 2.4297960310609215
1665 19980 -0.9443449038445364 -0.2142714073885414 0.22555613744325298 0.9060475472570667 0.01294535918552802 0.02664971869670733 0.08830161394492576 0.13039170087518537 0.19776703734425197 0.24259616851498314 0.31447260925890796 0.3610173388850419 0.4017544274425273 0.5324814038040282 0.5742172885952017 0.7159300838806426 1.0147069803022313 1.0672748340744644 1.403319680408625 1.500403908241119 2.0166245953164994 2.4297960310609215
1666 19992 -0.9443449038445364 -0.2142714073885414 0.22555613744325298 0.9060475472570667 0.01294535918552802 0.02664971869670733 0.08830161394492576 0.13039170087518537 0.19776703734425197 0.24259616851498314 0.31447260925890796 0.3610173388850419 0.4017544274425273 0.5324814038040282 0.5742172885952017 0.7159300838806426 1.0147069803022313 1.0672748340744644 1.403319680408625 1.500403908241119 2.0166245953164994 2.4297960310609215
1667 20004 -0.9443449038445364 -0.2142714073885414 0.22555613744325298 0.9060475472570667 0.01294535918552802 0.02664971869670733 0.08830161394492576 0.13039170087518537 0.19776703734425197 0.24259616851498314 0.31447260925890796 0.3610173388850419 0.4017544274425273 0.5324814038040282 0.5742172885952017 0.7159300838806426 1.0147069803022313 1.0672748340744644 1.403319680408625 1.500403908241119 2.0166245953164994 2.4297960310609215
1668 20016 -0.9443449038445364 -0.2142714073885414 0.22555613744325298 0.9060475472570667 0.01294535918552802 0.02664971869670733 0.08830161394492576 0.13039170087518537 0.19776703734425197 0.24259616851498314 0.31447260925890796 0.3610173388850419 0.4017544274425273 0.5324814038040282 0.5742172885952017 0.7159300838806426 1.0147069803022313 1.0672748340744644 1.403319680408625 1.500403908241119 2.0166245953164994 2.4297960310609215
1669 20028 -0.9443449038445364 -0.2142714073885414 0.22555613744325298 0.9060475472570667 0.01294535918552802 0.02664971869670733 0.08830161394492576 0.13039170087518537 0.19776703734425197 0.24259616851498314 0.31447260925890796 0.3610173388850419 0.4017544274425273 0.5324814038040282 0.5742172885952017 0.7159300838806426 1.0147069803022313 1.0672748340744644 1.403319680408625 1.500403908241119 2.0166245953164994 2.4297960310609215
1670 20040 -0.9443449038445364 -0.2142714073885414 0.22555613744325298 0.9060475472570667 0.01294535918552802 0.02664971869670733 0.08830161394492576 0.13039170087518537 0.19776703734425197 0.24259616851498314 0.31447260925890796 0.3610173388850419 0.4017544274425273 0.5324814038040282 0.5742172885952017 0.7159300838806426 1.0147069803022313 1.0672748340744644 1.403319680408625 1.500403908241119 2.0166245953164994 2.4297960310609215
1671 20052 -0.9443449038445364 -0.2142714073885414 0.22555613744325298 0.9060475472570667 0.01294535918552802 0.02664971869670733 0.08830161394492576 0.13039170087518537 0.19776703734425197 0.24259616851498314 0.31447260925890796 0.3610173388850419 0.4017544274425273 0.5324814038040282 0.5742172885952017 0.7159300838806426 1.0147069803022313 1.0672748340744644 1.403319680408625 1.500403908241119 2.0166245953164994 2.4297960310609215
1672 20064 -0.9443449038445364 -0.2142714073885414 0.22555613744325298 0.9060475472570667 0.01294535918552802 0.02664971869670733 0.08830161394492576 0.13039170087518537 0.19776703734425197 0.24259616851498314 0.31447260925890796 0.3610173388850419 0.4017544274425273 0.5324814038040282 0.5742172885952017 0.7159300838806426 1.0147069803022313 1.0672748340744644 1.403319680408625 1.500403908241119 2.0166245953164994 2.4297960310609215
1673 20076 -0.9443449038445364 -0.2142714073885414 0.22555613744325298 0.9060475472570667 0.01294535918552802 0.02664971869670733 0.08830161394492576 0.13039170087518537 0.19776703734425197 0.24259616851498314 0.31447260925890796 0.3610173388850419 0.4017544274425273 0.5324814038040282 0.5742172885952017 0.7159300838806426 1.0147069803022313 1.0672748340744644 1.403319680408625 1.500403908241119 2.0166245953164994 2.4297960310609215
1674 20088 -0.9443449038445364 -0.2142714073885414 0.22555613744325298 0.9060475472570667 0.01294535918552802 0.02664971869670733 0.08830161394492576 0.13039170087518537 0.19776703734425197 0.24259616851498314 0.31447260925890796 0.3610173388850419 0.4017544274425273 0.5324814038040282 0.5742172885952017 0.7159300838806426 1.0147069803022313 1.0672748340744644 1.403319680408625 1.500403908241119 2.0166245953164994 2.4297960310609215
1675 20100 -0.938435633789789 -0.21710485912868827 0.22269052940402778 0.914554797955475 0.01311627106017503 0.026436102524248644 0.08862985087380605 0.13266988245361824 0.19899174458562915 0.2413864132377132 0.3030549200597085 0.358619640745349 0.4064218445516698 0.5139755202099986 0.548446273430226 0.7436697795711569 0.979733706612988 1.0346114229304502 1.4091658430727605 1.4854980637610928 2.060564593811748 2.4297101156756926
1676 20112 -0.938435633789789 -0.21710485912868827 0.22269052940402778 0.914554797955475 0.01311627106017503 0.026436102524248644 0.08862985087380605 0.13266988245361824 0.19899174458562915 0.2413864132377132 0.3030549200597085 0.358619640745349 0.4064218445516698 0.5139755202099986 0.548446273430226 0.7436697795711569 0.979733706612988 1.0346114229304502 1.4091658430727605 1.4854980637610928 2.060564593811748 2.4297101156756926
1677 20124 -0.938435633789789 -0.21710485912868827 0.22269052940402778 0.914554797955475 0.01311627106017503 0.026436102524248644 0.08862985087380605 0.13266988245361824 0.19899174458562915 0.2413864132377132 0.3030549200597085 0.358619640745349 0.4064218445516698 0.5139755202099986 0.548446273430226 0.7436697795711569 0.979733706612988 1.0346114229304502 1.4091658430727605 1.4854980637610928 2.060564593811748 2.4297101156756926
1678 20136 -0.938435633789789 -0.21710485912868827 0.22269052940402778 0.914554797955475 0.01311627106017503 0.026436102524248644 0.08862985087380605 0.13266988245361824 0.19899174458562915 0.2413864132377132 0.3030549200597085 0.358619640745349 0.4064218445516698 0.5139755202099986 0.548446273430226 0.7436697795711569 0.979733706612988 1.0346114229304502 1.4091658430727605 1.4854980637610928 2.060564593811748 2.4297101156756926
1679 20148 -0.938435633789789 -0.21710485912868827 0.22269052940402778 0.914554797955475 0.01311627106017503 0.026436102524248644 0.08862985087380605 0.13266988245361824 0.19899174458562915 0.2413864132377132 0.3030549200597085 0.358619640745349 0.4064218445516698 0.5139755202099986 0.548446273430226 0.7436697795711569 0.979733706612988 1.0346114229304502 1.4091658430727605 1.4854980637610928 2.060564593811748 2.4297101156756926
1680 20160 -0.938435633789789 -0.21710485912868827 0.22269052940402778 0.914554797955475 0.01311627106017503 0.026436102524248644 0.08862985087380605 0.13266988245361824 0.19899174458562915 0.2413864132377132 0.3030549200597085 0.358619640745349 0.4064218445516698 0.5139755202099986 0.548446273430226 0.7436697795711569 0.979733706612988 1.0346114229304502 1.4091658430727605 1.4854980637610928 2.060564593811748 2.4297101156756926
1681 20172 -0.938435633789789 -0.21710485912868827 0.22269052940402778 0.914554797955475 0.01311627106017503 0.026436102524248644 0.08862985087380605 0.13266988245361824 0.19899174458562915 0.2413864132377132 0.3030549200597085 0.358619640745349 0.4064218445516698 0.5139755202099986 0.548446273430226 0.7436697795711569 0.979733706612988 1.0346114229304502 1.4091658430727605 1.4854980637610928 2.060564593811748 2.4297101156756926
1682 20184 -0.938435633789789 -0.21710485912868827 0.22269052940402778 0.914554797955475 0.01311627106017503 0.026436102524248644 0.08862985087380605 0.13266988245361824 0.19899174458562915 0.2413864132377132 0.3030549200597085 0.358619640745349 0.4064218445516698 0.5139755202099986 0.548446273430226 0.7436697795711569 0.979733706612988 1.0346114229304502 1.4091658430727605 1.4854980637610928 2.060564593811748 2.4297101156756926
1683 20196 -0.938435633789789 -0.21710485912868827 0.22269052940402778 0.914554797955475 0.01311627106017503 0.026436102524248644 0.08862985087380605 0.13266988245361824 0.19899174458562915 0.2413864132377132 0.3030549200597085 0.358619640745349 0.4064218445516698 0.5139755202099986 0.548446273430226 0.7436697795711569 0.979733706612988 1.0346114229304502 1.4091658430727605 1.4854980637610928 2.060564593811748 2.4297101156756926
1684 20208 -0.938435633789789 -0.21710485912868827 0.22269052940402778 0.914554797955475 0.01311627106017503 0.026436102524248644 0.08862985087380605 0.13266988245361824 0.19899174458562915 0.2413864132377132 0.3030549200597085 0.358619640745349 0.4064218445516698 0.5139755202099986 0.548446273430226 0.7436697795711569 0.979733706612988 1.0346114229304502 1.4091658430727605 1.4854980637610928 2.060564593811748 2.4297101156756926
1685 20220 -0.938435633789789 -0.21710485912868827 0.22269052940402778 0.914554797955475 0.01311627106017503 0.026436102524248644 0.08862985087380605 0.13266988245361824 0.19899174458562915 0.2413864132377132 0.3030549200597085 0.358619640745349 0.4064218445516698 0.5139755202099986 0.548446273430226 0.7436697795711569 0.979733706612988 1.0346114229304502 1.4091658430727605 1.4854980637610928 2.060564593811748 2.4297101156756926
1686 20232 -0.938435633789789 -0.21710485912868827 0.22269052940402778 0.914554797955475 0.01311627106017503 0.026436102524248644 0.08862985087380605 0.13266988245361824 0.19899174458562915 0.2413864132377132 0.3030549200597085 0.358619640745349 0.4064218445516698 0.5139755202099986 0.548446273430226 0.7436697795711569 0.979733706612988 1.0346114229304502 1.4091658430727605 1.4854980637610928 2.060564593811748 2.4297101156756926
1687 20244 -0.938435633789789 -0.21710485912868827 0.22269052940402778 0.914554797955475 0.01311627106017503 0.026436102524248644 0.08862985087380605 0.13266988245361824 0.19899174458562915 0.2413864132377132 0.3030549200597085 0.358619640745349 0.4064218445516698 0.5139755202099986 0.548446273430226 0.7436697795711569 0.979733706612988 1.0346114229304502 1.4091658430727605 1.4854980637610928 2.060564593811748 2.4297101156756926
1688 20256 -0.938435633789789 -0.21710485912868827 0.22269052940402778 0.914554797955475 0.01311627106017503 0.026436102524248644 0.08862985087380605 0.13266988245361824 0.19899174458562915 0.2413864132377132 0.3030549200597085 0.358619640745349 0.4064218445516698 0.5139755202099986 0.548446273430226 0.7436697795711569 0.979733706612988 1.0346114229304502 1.4091658430727605 1.4854980637610928 2.060564593811748 2.4297101156756926
1689 20268 -0.938435633789789 -0.21710485912868827 0.22269052940402778 0.914554797955475 0.01311627106017503 0.026436102524248644 0.08862985087380605 0.13266988245361824 0.19899174458562915 0.2413864132377132 0.3030549200597085 0.358619640745349 0.4064218445516698 0.5139755202099986 0.548446273430226 0.7436697795711569 0.979733706612988 1.0346114229304502 1.4091658430727605 1.4854980637610928 2.060564593811748 2.4297101156756926
1690 20280 -0.938435633789789 -0.21710485912868827 0.22269052940402778 0.914554797955475 0.01311627106017503 0.026436102524248644 0.08862985087380605 0.13266988245361824 0.19899174458562915 0.2413864132377132 0.3030549200597085 0.358619640745349 0.4064218445516698 0.5139755202099986 0.548446273430226 0.7436697795711569 0.979733706612988 1.0346114229304502 1.4091658430727605 1.4854980637610928 2.060564593811748 2.4297101156756926
1691 20292 -0.938435633789789 -0.21710485912868827 0.22269052940402778 0.914554797955475 0.01311627106017503 0.026436102524248644 0.08862985087380605 0.13266988245361824 0.19899174458562915 0.2413864132377132 0.3030549200597085 0.358619640745349 0.4064218445516698 0.5139755202099986 0.548446273430226 0.7436697795711569 0.979733706612988 1.0346114229304502 1.4091658430727605 1.4854980637610928 2.060564593811748 2.4297101156756926
1692 20304 -0.938435633789789 -0.21710485912868827 0.22269052940402778 0.914554797955475 0.01311627106017503 0.026436102524248644 0.08862985087380605 0.13266988245361824 0.19899174458562915 0.2413864132377132 0.3030549200597085 0.358619640745349 0.4064218445516698 0.5139755202099986 0.548446273430226 0.7436697795711569 0.979733706612988 1.0346114229304502 1.4091658430727605 1.4854980637610928 2.060564593811748 2.4297101156756926
1693 20316 -0.9194627913770765 -0.21672440533734086 0.20209150502874157 0.9240903049425754 0.014379701053842788 0.02603246739292399 0.08965177417345399 0.13536923910916174 0.19549167205461562 0.23635215126592943 0.28749549441737793 0.36493636209538205 0.43026896764659794 0.5040266126216069 0.5367695132961023 0.7369354978168594 1.0164308455615336 1.031025152623972 1.432401698198917 1.5091614749066693 2.0565807685418407 2.3952995854919634
1694 20328 -0.9194627913770765 -0.21672440533734086 0.20209150502874157 0.9240903049425754 0.014379701053842788 0.02603246739292399 0.08965177417345399 0.13536923910916174 0.19549167205461562 0.23635215126592943 0.28749549441737793 0.36493636209538205 0.43026896764659794 0.5040266126216069 0.5367695132961023 0.7369354978168594 1.0164308455615336 1.031025152623972 1.432401698198917 1.5091614749066693 2.0565807685418407 2.3952995854919634
1695 20340 -0.9194627913770765 -0.21672440533734086 0.20209150502874157 0.9240903049425754 0.014379701053842788 0.02603246739292399 0.08965177417345399 0.13536923910916174 0.19549167205461562 0.23635215126592943 0.28749549441737793 0.36493636209538205 0.43026896764659794 0.5040266126216069 0.5367695132961023 0.7369354978168594 1.0164308455615336 1.031025152623972 1.432401698198917 1.5091614749066693 2.0565807685418407 2.3952995854919634
1696 20352 -0.9194627913770765 -0.21672440533734086 0.20209150502874157 0.9240903049425754 0.014379701053842788 0.02603246739292399 0.08965177417345399 0.13536923910916174 0.19549167205461562 0.23635215126592943 0.28749549441737793 0.36493636209538205 0.43026896764659794 0.5040266126216069 0.5367695132961023 0.7369354978168594 1.0164308455615336 1.031025152623972 1.432401698198917 1.5091614749066693 2.0565807685418407 2.3952995854919634
1697 20364 -0.9194627913770765 -0.21672440533734086 0.20209150502874157 0.9240903049425754 0.014379701053842788 0.02603246739292399 0.08965177417345399 0.13536923910916174 0.19549167205461562 0.23635215126592943 0.28749549441737793 0.36493636209538205 0.43026896764659794 0.5040266126216069 0.5367695132961023 0.7369354978168594 1.0164308455615336 1.031025152623972 1.432401698198917 1.5091614749066693 2.0565807685418407 2.3952995854919634
1698 20376 -0.9194627913770765 -0.21672440533734086 0.20209150502874157 0.9240903049425754 0.014379701053842788 0.02603246739292399 0.08965177417345399 0.13536923910916174 0.19549167205461562 0.23635215126592943 0.28749549441737793 0.36493636209538205 0.43026896764659794 0.5040266126216069 0.5367695132961023 0.7369354978168594 1.0164308455615336 1.031025152623972 1.432401698198917 1.5091614749066693 2.0565807685418407 2.3952995854919634
1699 20388 -0.9194627913770765 -0.21672440533734086 0.20209150502874157 0.9240903049425754 0.014379701053842788 0.02603246739292399 0.08965177417345399 0.13536923910916174 0.19549167205461562 0.23635215126592943 0.28749549441737793 0.36493636209538205 0.43026896764659794 0.5040266126216069 0.5367695132961023 0.7369354978168594 1.0164308455615336 1.031025152623972 1.432401698198917 1.5091614749066693 2.0565807685418407 2.3952995854919634
1700 20400 -0.9194627913770765 -0.21672440533734086 0.20209150502874157 0.9240903049425754 0.014379701053842788 0.02603246739292399 0.08965177417345399 0.13536923910916174 0.19549167205461562 0.23635215126592943 0.28749549441737793 0.36493636209538205 0.43026896764659794 0.5040266126216069 0.5367695132961023 0.7369354978168594 1.0164308455615336 1.031025152623972 1.432401698198917 1.5091614749066693 2.0565807685418407 2.3952995854919634
1701 20412 -0.9194627913770765 -0.21672440533734086 0.20209150502874157 0.9240903049425754 0.014379701053842788 0.02603246739292399 0.08965177417345399 0.13536923910916174 0.19549167205461562 0.23635215126592943 0.28749549441737793 0.36493636209538205 0.43026896764659794 0.5040266126216069 0.5367695132961023 0.7369354978168594 1.0164308455615336 1.031025152623972 1.432401698198917 1.5091614749066693 2.0565807685418407 2.3952995854919634
1702 20424 -0.9194627913770765 -0.21672440533734086 0.20209150502874157 0.9240903049425754 0.014379701053842788 0.02603246739292399 0.08965177417345399 0.13536923910916174 0.19549167205461562 0.23635215126592943 0.28749549441737793 0.36493636209538205 0.43026896764659794 0.5040266126216069 0.5367695132961023 0.7369354978168594 1.0164308455615336 1.031025152623972 1.432401698198917 1.5091614749066693 2.0565807685418407 2.3952995854919634
1703 20436 -0.9194627913770765 -0.21672440533734086 0.20209150502874157 0.9240903049425754 0.014379701053842788 0.02603246739292399 0.08965177417345399 0.13536923910916174 0.19549167205461562 0.23635215126592943 0.28749549441737793 0.36493636209538205 0.43026896764659794 0.5040266126216069 0.5367695132961023 0.7369354978168594 1.0164308455615336 1.031025152623972 1.432401698198917 1.5091614749066693 2.0565807685418407 2.3952995854919634
1704 20448 -0.9194627913770765 -0.21672440533734086 0.20209150502874157 0.9240903049425754 0.014379701053842788 0.02603246739292399 0.08965177417345399 0.13536923910916174 0.19549167205461562 0.23635215126592943 0.28749549441737793 0.36493636209538205 0.43026896764659794 0.5040266126216069 0.5367695132961023 0.7369354978168594 1.0164308455615336 1.031025152623972 1.432401698198917 1.5091614749066693 2.0565807685418407 2.3952995854919634
1705 20460 -0.9194627913770765 -0.21672440533734086 0.20209150502874157 0.9240903049425754 0.014379701053842788 0.02603246739292399 0.08965177417345399 0.13536923910916174 0.19549167205461562 0.23635215126592943 0.28749549441737793 0.36493636209538205 0.43026896764659794 0.5040266126216069 0.5367695132961023 0.7369354978168594 1.0164308455615336 1.031025152623972 1.432401698198917 1.5091614749066693 2.0565807685418407 2.3952995854919634
1706 20472 -0.9194627913770765 -0.21672440533734086 0.20209150502874157 0.9240903049425754 0.014379701053842788 0.02603246739292399 0.08965177417345399 0.13536923910916174 0.19549167205461562 0.23635215126592943 0.28749549441737793 0.36493636209538205 0.43026896764659794 0.5040266126216069 0.5367695132961023 0.7369354978168594 1.0164308455615336 1.031025152623972 1.432401698198917 1.5091614749066693 2.0565807685418407 2.3952995854919634
1707 20484 -0.9194627913770765 -0.21672440533734086 0.20209150502874157 0.9240903049425754 0.014379701053842788 0.02603246739292399 0.08965177417345399 0.13536923910916174 0.19549167205461562 0.23635215126592943 0.28749549441737793 0.36493636209538205 0.43026896764659794 0.5040266126216069 0.5367695132961023 0.7369354978168594 1.0164308455615336 1.031025152623972 1.432401698198917 1.5091614749066693 2.0565807685418407 2.3952995854919634
1708 20496 -0.9194627913770765 -0.21672440533734086 0.20209150502874157 0.9240903049425754 0.014379701053842788 0.02603246739292399 0.08965177417345399 0.13536923910916174 0.19549167205461562 0.23635215126592943 0.28749549441737793 0.36493636209538205 0.43026896764659794 0.5040266126216069 0.5367695132961023 0.7369354978168594 1.0164308455615336 1.031025152623972 1.432401698198917 1.5091614749066693 2.0565807685418407 2.3952995854919634
1709 20508 -0.9194627913770765 -0.21672440533734086 0.20209150502874157 0.9240903049425754 0.014379701053842788 0.02603246739292399 0.08965177417345399 0.13536923910916174 0.19549167205461562 0.23635215126592943 0.28749549441737793 0.36493636209538205 0.43026896764659794 0.5040266126216069 0.5367695132961023 0.7369354978168594 1.0164308455615336 1.031025152623972 1.432401698198917 1.5091614749066693 2.0565807685418407 2.3952995854919634
1710 20520 -0.9194627913770765 -0.21672440533734086 0.20209150502874157 0.9240903049425754 0.014379701053842788 0.02603246739292399 0.08965177417345399 0.13536923910916174 0.19549167205461562 0.23635215126592943 0.28749549441737793 0.36493636209538205 0.43026896764659794 0.5040266126216069 0.5367695132961023 0.7369354978168594 1.0164308455615336 1.031025152623972 1.432401698198917 1.5091614749066693 2.0565807685418407 2.3952995854919634
1711 20532 -0.9231348908134132 -0.24354932820057812 0.19222971079780166 0.9208072739530528 0.013198551070666122 0.026623565516068023 0.08041740724405602 0.1317836731724437 0.19483734359406119 0.23959652797926717 0.27385356254203563 0.38435163286631085 0.449008870767672 0.4997665260129691 0.5667779015060032 0.7353073057273503 0.996593775236903 1.0228051857198117 1.4326577953105981 1.5105310909792464 2.0031305485976496 2.4408665160554
1712 20544 -0.9231348908134132 -0.24354932820057812 0.19222971079780166 0.9208072739530528 0.013198551070666122 0.026623565516068023 0.08041740724405602 0.1317836731724437 0.19483734359406119 0.23959652797926717 0.27385356254203563 0.38435163286631085 0.449008870767672 0.4997665260129691 0.5667779015060032 0.7353073057273503 0.996593775236903 1.0228051857198117 1.4326577953105981 1.5105310909792464 2.0031305485976496 2.4408665160554
1713 20556 -0.9231348908134132 -0.24354932820057812 0.19222971079780166 0.9208072739530528 0.013198551070666122 0.026623565516068023 0.08041740724405602 0.1317836731724437 0.19483734359406119 0.23959652797926717 0.27385356254203563 0.38435163286631085 0.449008870767672 0.4997665260129691 0.5667779015060032 0.7353073057273503 0.996593775236903 1.0228051857198117 1.4326577953105981 1.5105310909792464 2.0031305485976496 2.4408665160554
1714 20568 -0.9231348908134132 -0.24354932820057812 0.19222971079780166 0.9208072739530528 0.013198551070666122 0.026623565516068023 0.08041740724405602 0.1317836731724437 0.19483734359406119 0.23959652797926717 0.27385356254203563 0.38435163286631085 0.449008870767672 0.4997665260129691 0.5667779015060032 0.7353073057273503 0.996593775236903 1.0228051857198117 1.4326577953105981 1.5105310909792464 2.0031305485976496 2.4408665160554
1715 20580 -0.9231348908134132 -0.24354932820057812 0.19222971079780166 0.9208072739530528 0.013198551070666122 0.026623565516068023 0.08041740724405602 0.1317836731724437 0.19483734359406119 0.23959652797926717 0.27385356254203563 0.38435163286631085 0.449008870767672 0.4997665260129691 0.5667779015060032 0.7353073057273503 0.996593775236903 1.0228051857198117 1.4326577953105981 1.5105310909792464 2.0031305485976496 2.4408665160554
1716 20592 -0.9231348908134132 -0.24354932820057812 0.19222971079780166 0.9208072739530528 0.013198551070666122 0.026623565516068023 0.08041740724405602 0.1317836731724437 0.19483734359406119 0.23959652797926717 0.27385356254203563 0.38435163286631085 0.449008870767672 0.4997665260129691 0.5667779015060032 0.7353073057273503 0.996593775236903 1.0228051857198117 1.4326577953105981 1.5105310909792464 2.0031305485976496 2.4408665160554
1717 20604 -0.9231348908134132 -0.24354932820057812 0.19222971079780166 0.9208072739530528 0.013198551070666122 0.026623565516068023 0.08041740724405602 0.1317836731724437 0.19483734359406119 0.23959652797926717 0.27385356254203563 0.38435163286631085 0.449008870767672 0.4997665260129691 0.5667779015060032 0.7353073057273503 0.996593775236903 1.0228051857198117 1.4326577953105981 1.5105310909792464 2.0031305485976496 2.4408665160554
1718 20616 -0.9231348908134132 -0.24354932820057812 0.19222971079780166 0.9208072739530528 0.013198551070666122 0.026623565516068023 0.08041740724405602 0.1317836731724437 0.19483734359406119 0.23959652797926717 0.27385356254203563 0.38435163286631085 0.449008870767672 0.4997665260129691 0.5667779015060032 0.7353073057273503 0.996593775236903 1.0228051857198117 1.4326577953105981 1.5105310909792464 2.0031305485976496 2.4408665160554
1719 20628 -0.9231348908134132 -0.24354932820057812 0.19222971079780166 0.9208072739530528 0.013198551070666122 0.026623565516068023 0.08041740724405602 0.1317836731724437 0.19483734359406119 0.23959652797926717 0.27385356254203563 0.38435163286631085 0.449008870767672 0.4997665260129691 0.5667779015060032 0.7353073057273503 0.996593775236903 1.0228051857198117 1.4326577953105981 1.5105310909792464 2.0031305485976496 2.4408665160554
1720 20640 -0.9231348908134132 -0.24354932820057812 0.19222971079780166 0.9208072739530528 0.013198551070666122 0.026623565516068023 0.08041740724405602 0.1317836731724437 0.19483734359406119 0.23959652797926717 0.27385356254203563 0.38435163286631085 0.449008870767672 0.4997665260129691 0.5667779015060032 0.7353073057273503 0.996593775236903 1.0228051857198117 1.4326577953105981 1.5105310909792464 2.0031305485976496 2.4408665160554
1721 20652 -0.9231348908134132 -0.24354932820057812 0.19222971079780166 0.9208072739530528 0.013198551070666122 0.026623565516068023 0.08041740724405602 0.1317836731724437 0.19483734359406119 0.23959652797926717 0.27385356254203563 0.38435163286631085 0.449008870767672 0.4997665260129691 0.5667779015060032 0.7353073057273503 0.996593775236903 1.0228051857198117 1.4326577953105981 1.5105310909792464 2.0031305485976496 2.4408665160554
1722 20664 -0.9231348908134132 -0.24354932820057812 0.19222971079780166 0.9208072739530528 0.013198551070666122 0.026623565516068023 0.08041740724405602 0.1317836731724437 0.19483734359406119 0.23959652797926717 0.27385356254203563 0.38435163286631085 0.449008870767672 0.4997665260129691 0.5667779015060032 0.7353073057273503 0.996593775236903 1.0228051857198117 1.4326577953105981 1.5105310909792464 2.0031305485976496 2.4408665160554
1723 20676 -0.9231348908134132 -0.24354932820057812 0.19222971079780166 0.9208072739530528 0.013198551070666122 0.026623565516068023 0.08041740724405602 0.1317836731724437 0.19483734359406119 0.23959652797926717 0.27385356254203563 0.38435163286631085 0.449008870767672 0.4997665260129691 0.5667779015060032 0.7353073057273503 0.996593775236903 1.0228051857198117 1.4326577953105981 1.5105310909792464 2.0031305485976496 2.4408665160554
1724 20688 -0.9231348908134132 -0.24354932820057812 0.19222971079780166 0.9208072739530528 0.013198551070666122 0.026623565516068023 0.08041740724405602 0.1317836731724437 0.19483734359406119 0.23959652797926717 0.27385356254203563 0.38435163286631085 0.449008870767672 0.4997665260129691 0.5667779015060032 0.7353073057273503 0.996593775236903 1.0228051857198117 1.4326577953105981 1.5105310909792464 2.0031305485976496 2.4408665160554
1725 20700 -0.9231348908134132 -0.24354932820057812 0.19222971079780166 0.9208072739530528 0.013198551070666122 0.026623565516068023 0.08041740724405602 0.1317836731724437 0.19483734359406119 0.23959652797926717 0.27385356254203563 0.38435163286631085 0.449008870767672 0.4997665260129691 0.5667779015060032 0.7353073057273503 0.996593775236903 1.0228051857198117 1.4326577953105981 1.5105310909792464 2.0031305485976496 2.4408665160554
1726 20712 -0.9231348908134132 -0.24354932820057812 0.19222971079780166 0.9208072739530528 0.013198551070666122 0.026623565516068023 0.08041740724405602 0.1317836731724437 0.19483734359406119 0.23959652797926717 0.27385356254203563 0.38435163286631085 0.449008870767672 0.4997665260129691 0.5667779015060032 0.7353073057273503 0.996593775236903 1.0228051857198117 1.4326577953105981 1.5105310909792464 2.0031305485976496 2.4408665160554
1727 20724 -0.9231348908134132 -0.24354932820057812 0.19222971079780166 0.9208072739530528 0.013198551070666122 0.026623565516068023 0.08041740724405602 0.1317836731724437 0.19483734359406119 0.23959652797926717 0.27385356254203563 0.38435163286631085 0.449008870767672 0.4997665260129691 0.5667779015060032 0.7353073057273503 0.996593775236903 1.0228051857198117 1.4326577953105981 1.5105310909792464 2.0031305485976496 2.4408665160554
1728 20736 -0.9231348908134132 -0.24354932820057812 0.19222971079780166 0.9208072739530528 0.013198551070666122 0.026623565516068023 0.08041740724405602 0.1317836731724437 0.19483734359406119 0.23959652797926717 0.27385356254203563 0.38435163286631085 0.449008870767672 0.4997665260129691 0.5667779015060032 0.7353073057273503 0.996593775236903 1.0228051857198117 1.4326577953105981 1.5105310909792464 2.0031305485976496 2.4408665160554
1729 20748 -0.9224080857452472 -0.2619099398974165 0.221031074466878 0.9319222159877707 0.012340977472893986 0.026031400299366854 0.07643948467886653 0.13901524064260157 0.19076312709558943 0.25281039327169524 0.27976102495149446 0.3874583653364955 0.423852205300383 0.5366548376481919 0.562028763390413 0.6924751804529451 0.9857438045625487 1.053121080083535 1.3840234428391933 1.5317698860609708 1.9782272879483684 2.475132866197743
1730 20760 -0.9224080857452472 -0.2619099398974165 0.221031074466878 0.9319222159877707 0.012340977472893986 0.026031400299366854 0.07643948467886653 0.13901524064260157 0.19076312709558943 0.25281039327169524 0.27976102495149446 0.3874583653364955 0.423852205300383 0.5366548376481919 0.562028763390413 0.6924751804529451 0.9857438045625487 1.053121080083535 1.3840234428391933 1.5317698860609708 1.9782272879483684 2.475132866197743
1731 20772 -0.9224080857452472 -0.2619099398974165 0.221031074466878 0.9319222159877707 0.012340977472893986 0.026031400299366854 0.07643948467886653 0.13901524064260157 0.19076312709558943 0.25281039327169524 0.27976102495149446 0.3874583653364955 0.423852205300383 0.5366548376481919 0.562028763390413 0.6924751804529451 0.9857438045625487 1.053121080083535 1.3840234428391933 1.5317698860609708 1.9782272879483684 2.475132866197743
1732 20784 -0.9224080857452472 -0.2619099398974165 0.221031074466878 0.9319222159877707 0.012340977472893986 0.026031400299366854 0.07643948467886653 0.13901524064260157 0.19076312709558943 0.25281039327169524 0.27976102495149446 0.3874583653364955 0.423852205300383 0.5366548376481919 0.562028763390413 0.6924751804529451 0.9857438045625487 1.053121080083535 1.3840234428391933 1.5317698860609708 1.9782272879483684 2.475132866197743
1733 20796 -0.9224080857452472 -0.2619099398974165 0.221031074466878 0.9319222159877707 0.012340977472893986 0.026031400299366854 0.07643948467886653 0.13901524064260157 0.19076312709558943 0.25281039327169524 0.27976102495149446 0.3874583653364955 0.423852205300383 0.5366548376481919 0.562028763390413 0.6924751804529451 0.9857438045625487 1.053121080083535 1.3840234428391933 1.5317698860609708 1.9782272879483684 2.475132866197743
1734 20808 -0.9224080857452472 -0.2619099398974165 0.221031074466878 0.9319222159877707 0.012340977472893986 0.026031400299366854 0.07643948467886653 0.13901524064260157 0.19076312709558943 0.25281039327169524 0.27976102495149446 0.3874583653364955 0.423852205300383 0.5366548376481919 0.562028763390413 0.6924751804529451 0.9857438045625487 1.053121080083535 1.3840234428391933 1.5317698860609708 1.9782272879483684 2.475132866197743
1735 20820 -0.9224080857452472 -0.2619099398974165 0.221031074466878 0.9319222159877707 0.012340977472893986 0.026031400299366854 0.07643948467886653 0.13901524064260157 0.19076312709558943 0.25281039327169524 0.27976102495149446 0.3874583653364955 0.423852205300383 0.5366548376481919 0.562028763390413 0.6924751804529451 0.9857438045625487 1.053121080083535 1.3840234428391933 1.5317698860609708 1.9782272879483684 2.475132866197743
1736 20832 -0.9224080857452472 -0.2619099398974165 0.221031074466878 0.9319222159877707 0.012340977472893986 0.026031400299366854 0.07643948467886653 0.13901524064260157 0.19076312709558943 0.25281039327169524 0.27976102495149446 0.3874583653364955 0.423852205300383 0.5366548376481919 0.562028763390413 0.6924751804529451 0.9857438045625487 1.053121080083535 1.3840234428391933 1.5317698860609708 1.9782272879483684 2.475132866197743
1737 20844 -0.9224080857452472 -0.2619099398974165 0.221031074466878 0.9319222159877707 0.012340977472893986 0.026031400299366854 0.07643948467886653 0.13901524064260157 0.19076312709558943 0.25281039327169524 0.27976102495149446 0.3874583653364955 0.423852205300383 0.5366548376481919 0.562028763390413 0.6924751804529451 0.9857438045625487 1.053121080083535 1.3840234428391933 1.5317698860609708 1.9782272879483684 2.475132866197743
1738 20856 -0.9224080857452472 -0.2619099398974165 0.221031074466878 0.9319222159877707 0.012340977472893986 0.026031400299366854 0.07643948467886653 0.13901524064260157 0.19076312709558943 0.25281039327169524 0.27976102495149446 0.3874583653364955 0.423852205300383 0.5366548376481919 0.562028763390413 0.6924751804529451 0.9857438045625487 1.053121080083535 1.3840234428391933 1.5317698860609708 1.9782272879483684 2.475132866197743
1739 20868 -0.9224080857452472 -0.2619099398974165 0.221031074466878 0.9319222159877707 0.012340977472893986 0.026031400299366854 0.07643948467886653 0.13901524064260157 0.19076312709558943 0.25281039327169524 0.27976102495149446 0.3874583653364955 0.423852205300383 0.5366548376481919 0.562028763390413 0.6924751804529451 0.9857438045625487 1.053121080083535 1.3840234428391933 1.5317698860609708 1.9782272879483684 2.475132866197743
1740 20880 -0.9224080857452472 -0.2619099398974165 0.221031074466878 0.9319222159877707 0.012340977472893986 0.026031400299366854 0.07643948467886653 0.13901524064260157 0.19076312709558943 0.25281039327169524 0.27976102495149446 0.3874583653364955 0.423852205300383 0.5366548376481919 0.562028763390413 0.6924751804529451 0.9857438045625487 1.053121080083535 1.3840234428391933 1.5317698860609708 1.9782272879483684 2.475132866197743
1741 20892 -0.9224080857452472 -0.2619099398974165 0.221031074466878 0.9319222159877707 0.012340977472893986 0.026031400299366854 0.07643948467886653 0.13901524064260157 0.19076312709558943 0.25281039327169524 0.27976102495149446 0.3874583653364955 0.423852205300383 0.5366548376481919 0.562028763390413 0.6924751804529451 0.9857438045625487 1.053121080083535 1.3840234428391933 1.5317698860609708 1.9782272879483684 2.475132866197743
1742 20904 -0.9224080857452472 -0.2619099398974165 0.221031074466878 0.9319222159877707 0.012340977472893986 0.026031400299366854 0.07643948467886653 0.13901524064260157 0.19076312709558943 0.25281039327169524 0.27976102495149446 0.3874583653364955 0.423852205300383 0.5366548376481919 0.562028763390413 0.6924751804529451 0.9857438045625487 1.053121080083535 1.3840234428391933 1.5317698860609708 1.9782272879483684 2.475132866197743
1743 20916 -0.9224080857452472 -0.2619099398974165 0.221031074466878 0.9319222159877707 0.012340977472893986 0.026031400299366854 0.07643948467886653 0.13901524064260157 0.19076312709558943 0.25281039327169524 0.27976102495149446 0.3874583653364955 0.423852205300383 0.5366548376481919 0.562028763390413 0.6924751804529451 0.9857438045625487 1.053121080083535 1.3840234428391933 1.5317698860609708 1.9782272879483684 2.475132866197743
1744 20928 -0.9224080857452472 -0.2619099398974165 0.221031074466878 0.9319222159877707 0.012340977472893986 0.026031400299366854 0.07643948467886653 0.13901524064260157 0.19076312709558943 0.25281039327169524 0.27976102495149446 0.3874583653364955 0.423852205300383 0.5366548376481919 0.562028763390413 0.6924751804529451 0.9857438045625487 1.053121080083535 1.3840234428391933 1.5317698860609708 1.9782272879483684 2.475132866197743
1745 20940 -0.9224080857452472 -0.2619099398974165 0.221031074466878 0.9319222159877707 0.012340977472893986 0.026031400299366854 0.07643948467886653 0.13901524064260157 0.19076312709558943 0.25281039327169524 0.27976102495149446 0.3874583653364955 0.423852205300383 0.5366548376481919 0.562028763390413 0.6924751804529451 0.9857438045625487 1.053121080083535 1.3840234428391933 1.5317698860609708 1.9782272879483684 2.475132866197743
1746 20952 -0.9224080857452472 -0.2619099398974165 0.221031074466878 0.9319222159877707 0.012340977472893986 0.026031400299366854 0.07643948467886653 0.13901524064260157 0.19076312709558943 0.25281039327169524 0.27976102495149446 0.3874583653364955 0.423852205300383 0.5366548376481919 0.562028763390413 0.6924751804529451 0.9857438045625487 1.053121080083535 1.3840234428391933 1.5317698860609708 1.9782272879483684 2.475132866197743
1747 20964 -0.9132503595442498 -0.2438065519544756 0.22045573150235143 0.9376349751979063 0.012242005421529891 0.026422098048086685 0.07089759118155954 0.14150061720738685 0.1963917268365569 0.25411504650076233 0.28163911239501216 0.3710428592962599 0.4094473141668149 0.5455584325897683 0.5707090775684244 0.7280342555551116 0.9770714757389206 1.1447939527594018 1.4215517083738607 1.5340535002035764 1.9017082348477492 2.4651767164197347
1748 20976 -0.9132503595442498 -0.2438065519544756 0.22045573150235143 0.9376349751979063 0.012242005421529891 0.026422098048086685 0.07089759118155954 0.14150061720738685 0.1963917268365569 0.25411504650076233 0.28163911239501216 0.3710428592962599 0.4094473141668149 0.5455584325897683 0.5707090775684244 0.7280342555551116 0.9770714757389206 1.1447939527594018 1.4215517083738607 1.5340535002035764 1.9017082348477492 2.4651767164197347
1749 20988 -0.9132503595442498 -0.2438065519544756 0.22045573150235143 0.9376349751979063 0.012242005421529891 0.026422098048086685 0.07089759118155954 0.14150061720738685 0.1963917268365569 0.25411504650076233 0.28163911239501216 0.3710428592962599 0.4094473141668149 0.5455584325897683 0.5707090775684244 0.7280342555551116 0.9770714757389206 1.1447939527594018 1.4215517083738607 1.5340535002035764 1.9017082348477492 2.4651767164197347
1750 21000 -0.9132503595442498 -0.2438065519544756 0.22045573150235143 0.9376349751979063 0.012242005421529891 0.026422098048086685 0.07089759118155954 0.14150061720738685 0.1963917268365569 0.25411504650076233 0.28163911239501216 0.3710428592962599 0.4094473141668149 0.5455584325897683 0.5707090775684244 0.7280342555551116 0.9770714757389206 1.1447939527594018 1.4215517083738607 1.5340535002035764 1.9017082348477492 2.4651767164197347
1751 21012 -0.9132503595442498 -0.2438065519544756 0.22045573150235143 0.9376349751979063 0.012242005421529891 0.026422098048086685 0.07089759118155954 0.14150061720738685 0.1963917268365569 0.25411504650076233 0.28163911239501216 0.3710428592962599 0.4094473141668149 0.5455584325897683 0.5707090775684244 0.7280342555551116 0.9770714757389206 1.1447939527594018 1.4215517083738607 1.5340535002035764 1.9017082348477492 2.4651767164197347
1752 21024 -0.9132503595442498 -0.2438065519544756 0.22045573150235143 0.9376349751979063 0.012242005421529891 0.026422098048086685 0.07089759118155954 0.14150061720738685 0.1963917268365569 0.25411504650076233 0.28163911239501216 0.3710428592962599 0.4094473141668149 0.5455584325897683 0.5707090775684244 0.7280342555551116 0.9770714757389206 1.1447939527594018 1.4215517083738607 1.5340535002035764 1.9017082348477492 2.4651767164197347
1753 21036 -0.9132503595442498 -0.2438065519544756 0.22045573150235143 0.9376349751979063 0.012242005421529891 0.026422098048086685 0.07089759118155954 0.14150061720738685 0.1963917268365569 0.25411504650076233 0.28163911239501216 0.3710428592962599 0.4094473141668149 0.5455584325897683 0.5707090775684244 0.7280342555551116 0.9770714757389206 1.1447939527594018 1.4215517083738607 1.5340535002035764 1.9017082348477492 2.4651767164197347
1754 21048 -0.9132503595442498 -0.2438065519544756 0.22045573150235143 0.9376349751979063 0.012242005421529891 0.026422098048086685 0.07089759118155954 0.14150061720738685 0.1963917268365569 0.25411504650076233 0.28163911239501216 0.3710428592962599 0.4094473141668149 0.5455584325897683 0.5707090775684244 0.7280342555551116 0.9770714757389206 1.1447939527594018 1.4215517083738607 1.5340535002035764 1.9017082348477492 2.4651767164197347
1755 21060 -0.9132503595442498 -0.2438065519544756 0.22045573150235143 0.9376349751979063 0.012242005421529891 0.026422098048086685 0.07089759118155954 0.14150061720738685 0.1963917268365569 0.25411504650076233 0.28163911239501216 0.3710428592962599 0.4094473141668149 0.5455584325897683 0.5707090775684244 0.7280342555551116 0.9770714757389206 1.1447939527594018 1.4215517083738607 1.5340535002035764 1.9017082348477492 2.4651767164197347
1756 21072 -0.9132503595442498 -0.2438065519544756 0.22045573150235143 0.9376349751979063 0.012242005421529891 0.026422098048086685 0.07089759118155954 0.14150061720738685 0.1963917268365569 0.25411504650076233 0.28163911239501216 0.3710428592962599 0.4094473141668149 0.5455584325897683 0.5707090775684244 0.7280342555551116 0.9770714757389206 1.1447939527594018 1.4215517083738607 1.5340535002035764 1.9017082348477492 2.4651767164197347
1757 21084 -0.9132503595442498 -0.2438065519544756 0.22045573150235143 0.9376349751979063 0.012242005421529891 0.026422098048086685 0.07089759118155954 0.14150061720738685 0.1963917268365569 0.25411504650076233 0.28163911239501216 0.3710428592962599 0.4094473141668149 0.5455584325897683 0.5707090775684244 0.7280342555551116 0.9770714757389206 1.1447939527594018 1.4215517083738607 1.5340535002035764 1.9017082348477492 2.4651767164197347
1758 21096 -0.9132503595442498 -0.2438065519544756 0.22045573150235143 0.9376349751979063 0.012242005421529891 0.026422098048086685 0.07089759118155954 0.14150061720738685 0.1963917268365569 0.25411504650076233 0.28163911239501216 0.3710428592962599 0.4094473141668149 0.5455584325897683 0.5707090775684244 0.7280342555551116 0.9770714757389206 1.1447939527594018 1.4215517083738607 1.5340535002035764 1.9017082348477492 2.4651767164197347
1759 21108 -0.9132503595442498 -0.2438065519544756 0.22045573150235143 0.9376349751979063 0.012242005421529891 0.026422098048086685 0.07089759118155954 0.14150061720738685 0.1963917268365569 0.25411504650076233 0.28163911239501216 0.3710428592962599 0.4094473141668149 0.5455584325897683 0.5707090775684244 0.7280342555551116 0.9770714757389206 1.1447939527594018 1.4215517083738607 1.5340535002035764 1.9017082348477492 2.4651767164197347
1760 21120 -0.9132503595442498 -0.2438065519544756 0.22045573150235143 0.9376349751979063 0.012242005421529891 0.026422098048086685 0.07089759118155954 0.14150061720738685 0.1963917268365569 0.25411504650076233 0.28163911239501216 0.3710428592962599 0.4094473141668149 0.5455584325897683 0.5707090775684244 0.7280342555551116 0.9770714757389206 1.1447939527594018 1.4215517083738607 1.5340535002035764 1.9017082348477492 2.4651767164197347
1761 21132 -0.9132503595442498 -0.2438065519544756 0.22045573150235143 0.9376349751979063 0.012242005421529891 0.026422098048086685 0.07089759118155954 0.14150061720738685 0.1963917268365569 0.25411504650076233 0.28163911239501216 0.3710428592962599 0.4094473141668149 0.5455584325897683 0.5707090775684244 0.7280342555551116 0.9770714757389206 1.1447939527594018 1.4215517083738607 1.5340535002035764 1.9017082348477492 2.4651767164197347
1762 21144 -0.9132503595442498 -0.2438065519544756 0.22045573150235143 0.9376349751979063 0.012242005421529891 0.026422098048086685 0.07089759118155954 0.14150061720738685 0.1963917268365569 0.25411504650076233 0.28163911239501216 0.3710428592962599 0.4094473141668149 0.5455584325897683 0.5707090775684244 0.7280342555551116 0.9770714757389206 1.1447939527594018 1.4215517083738607 1.5340535002035764 1.9017082348477492 2.4651767164197347
1763 21156 -0.9132503595442498 -0.2438065519544756 0.22045573150235143 0.9376349751979063 0.012242005421529891 0.026422098048086685 0.07089759118155954 0.14150061720738685 0.1963917268365569 0.25411504650076233 0.28163911239501216 0.3710428592962599 0.4094473141668149 0.5455584325897683 0.5707090775684244 0.7280342555551116 0.9770714757389206 1.1447939527594018 1.4215517083738607 1.5340535002035764 1.9017082348477492 2.4651767164197347
1764 21168 -0.9132503595442498 -0.2438065519544756 0.22045573150235143 0.9376349751979063 0.012242005421529891 0.026422098048086685 0.07089759118155954 0.14150061720738685 0.1963917268365569 0.25411504650076233 0.28163911239501216 0.3710428592962599 0.4094473141668149 0.5455584325897683 0.5707090775684244 0.7280342555551116 0.9770714757389206 1.1447939527594018 1.4215517083738607 1.5340535002035764 1.9017082348477492 2.4651767164197347
1765 21180 -0.9184062639071622 -0.23373332461300764 0.20269988655439666 0.9310465536104258 0.012312578866705483 0.025262821991887518 0.06634274780947434 0.1317702382124254 0.18892569315731172 0.25560743794214547 0.26320460013933006 0.35861278005084646 0.4107675636603615 0.5363359256052156 0.5822595030146135 0.6839289206722176 0.9904124585958856 1.1662811936858037 1.448562201976188 1.5010140865562125 1.9534382928097946 2.4304198993948645
1766 21192 -0.9184062639071622 -0.23373332461300764 0.20269988655439666 0.9310465536104258 0.012312578866705483 0.025262821991887518 0.06634274780947434 0.1317702382124254 0.18892569315731172 0.25560743794214547 0.26320460013933006 0.35861278005084646 0.4107675636603615 0.5363359256052156 0.5822595030146135 0.6839289206722176 0.9904124585958856 1.1662811936858037 1.448562201976188 1.5010140865562125 1.9534382928097946 2.4304198993948645
1767 21204 -0.9184062639071622 -0.23373332461300764 0.20269988655439666 0.9310465536104258 0.012312578866705483 0.025262821991887518 0.06634274780947434 0.1317702382124254 0.18892569315731172 0.25560743794214547 0.26320460013933006 0.35861278005084646 0.4107675636603615 0.5363359256052156 0.5822595030146135 0.6839289206722176 0.9904124585958856 1.1662811936858037 1.448562201976188 1.5010140865562125 1.9534382928097946 2.4304198993948645
1768 21216 -0.9184062639071622 -0.23373332461300764 0.20269988655439666 0.9310465536104258 0.012312578866705483 0.025262821991887518 0.06634274780947434 0.1317702382124254 0.18892569315731172 0.25560743794214547 0.26320460013933006 0.35861278005084646 0.4107675636603615 0.5363359256052156 0.5822595030146135 0.6839289206722176 0.9904124585958856 1.1662811936858037 1.448562201976188 1.5010140865562125 1.9534382928097946 2.4304198993948645
1769 21228 -0.9184062639071622 -0.23373332461300764 0.20269988655439666 0.9310465536104258 0.012312578866705483 0.025262821991887518 0.06634274780947434 0.1317702382124254 0.18892569315731172 0.25560743794214547 0.26320460013933006 0.35861278005084646 0.4107675636603615 0.5363359256052156 0.5822595030146135 0.6839289206722176 0.9904124585958856 1.1662811936858037 1.448562201976188 1.5010140865562125 1.9534382928097946 2.4304198993948645
1770 21240 -0.9184062639071622 -0.23373332461300764 0.20269988655439666 0.9310465536104258 0.012312578866705483 0.025262821991887518 0.06634274780947434 0.1317702382124254 0.18892569315731172 0.25560743794214547 0.26320460013933006 0.35861278005084646 0.4107675636603615 0.5363359256052156 0.5822595030146135 0.6839289206722176 0.9904124585958856 1.1662811936858037 1.448562201976188 1.5010140865562125 1.9534382928097946 2.4304198993948645
1771 21252 -0.9184062639071622 -0.23373332461300764 0.20269988655439666 0.9310465536104258 0.012312578866705483 0.025262821991887518 0.06634274780947434 0.1317702382124254 0.18892569315731172 0.25560743794214547 0.26320460013933006 0.35861278005084646 0.4107675636603615 0.5363359256052156 0.5822595030146135 0.6839289206722176 0.9904124585958856 1.1662811936858037 1.448562201976188 1.5010140865562125 1.9534382928097946 2.4304198993948645
1772 21264 -0.9184062639071622 -0.23373332461300764 0.20269988655439666 0.9310465536104258 0.012312578866705483 0.025262821991887518 0.06634274780947434 0.1317702382124254 0.18892569315731172 0.25560743794214547 0.26320460013933006 0.35861278005084646 0.4107675636603615 0.5363359256052156 0.5822595030146135 0.6839289206722176 0.9904124585958856 1.1662811936858037 1.448562201976188 1.5010140865562125 1.9534382928097946 2.4304198993948645
1773 21276 -0.9184062639071622 -0.23373332461300764 0.20269988655439666 0.9310465536104258 0.012312578866705483 0.025262821991887518 0.06634274780947434 0.1317702382124254 0.18892569315731172 0.25560743794214547 0.26320460013933006 0.35861278005084646 0.4107675636603615 0.5363359256052156 0.5822595030146135 0.6839289206722176 0.9904124585958856 1.1662811936858037 1.448562201976188 1.5010140865562125 1.9534382928097946 2.4304198993948645
1774 21288 -0.9184062639071622 -0.23373332461300764 0.20269988655439666 0.9310465536104258 0.012312578866705483 0.025262821991887518 0.06634274780947434 0.1317702382124254 0.18892569315731172 0.25560743794214547 0.26320460013933006 0.35861278005084646 0.4107675636603615 0.5363359256052156 0.5822595030146135 0.6839289206722176 0.9904124585958856 1.1662811936858037 1.448562201976188 1.5010140865562125 1.9534382928097946 2.4304198993948645
1775 21300 -0.9184062639071622 -0.23373332461300764 0.20269988655439666 0.9310465536104258 0.012312578866705483 0.025262821991887518 0.06634274780947434 0.1317702382124254 0.18892569315731172 0.25560743794214547 0.26320460013933006 0.35861278005084646 0.4107675636603615 0.5363359256052156 0.5822595030146135 0.6839289206722176 0.9904124585958856 1.1662811936858037 1.448562201976188 1.5010140865562125 1.9534382928097946 2.4304198993948645
1776 21312 -0.9184062639071622 -0.23373332461300764 0.20269988655439666 0.9310465536104258 0.012312578866705483 0.025262821991887518 0.06634274780947434 0.1317702382124254 0.18892569315731172 0.25560743794214547 0.26320460013933006 0.35861278005084646 0.4107675636603615 0.5363359256052156 0.5822595030146135 0.6839289206722176 0.9904124585958856 1.1662811936858037 1.448562201976188 1.5010140865562125 1.9534382928097946 2.4304198993948645
1777 21324 -0.9184062639071622 -0.23373332461300764 0.20269988655439666 0.9310465536104258 0.012312578866705483 0.025262821991887518 0.06634274780947434 0.1317702382124254 0.18892569315731172 0.25560743794214547 0.26320460013933006 0.35861278005084646 0.4107675636603615 0.5363359256052156 0.5822595030146135 0.6839289206722176 0.9904124585958856 1.1662811936858037 1.448562201976188 1.5010140865562125 1.9534382928097946 2.4304198993948645
1778 21336 -0.9184062639071622 -0.23373332461300764 0.20269988655439666 0.9310465536104258 0.012312578866705483 0.025262821991887518 0.06634274780947434 0.1317702382124254 0.18892569315731172 0.25560743794214547 0.26320460013933006 0.35861278005084646 0.4107675636603615 0.5363359256052156 0.5822595030146135 0.6839289206722176 0.9904124585958856 1.1662811936858037 1.448562201976188 1.5010140865562125 1.9534382928097946 2.4304198993948645
1779 21348 -0.9184062639071622 -0.23373332461300764 0.20269988655439666 0.9310465536104258 0.012312578866705483 0.025262821991887518 0.06634274780947434 0.1317702382124254 0.18892569315731172 0.25560743794214547 0.26320460013933006 0.35861278005084646 0.4107675636603615 0.5363359256052156 0.5822595030146135 0.6839289206722176 0.9904124585958856 1.1662811936858037 1.448562201976188 1.5010140865562125 1.9534382928097946 2.4304198993948645
1780 21360 -0.9184062639071622 -0.23373332461300764 0.20269988655439666 0.9310465536104258 0.012312578866705483 0.025262821991887518 0.06634274780947434 0.1317702382124254 0.18892569315731172 0.25560743794214547 0.26320460013933006 0.35861278005084646 0.4107675636603615 0.5363359256052156 0.5822595030146135 0.6839289206722176 0.9904124585958856 1.1662811936858037 1.448562201976188 1.5010140865562125 1.9534382928097946 2.4304198993948645
1781 21372 -0.9184062639071622 -0.23373332461300764 0.20269988655439666 0.9310465536104258 0.012312578866705483 0.025262821991887518 0.06634274780947434 0.1317702382124254 0.18892569315731172 0.25560743794214547 0.26320460013933006 0.35861278005084646 0.4107675636603615 0.5363359256052156 0.5822595030146135 0.6839289206722176 0.9904124585958856 1.1662811936858037 1.448562201976188 1.5010140865562125 1.9534382928097946 2.4304198993948645
1782 21384 -0.9184062639071622 -0.23373332461300764 0.20269988655439666 0.9310465536104258 0.012312578866705483 0.025262821991887518 0.06634274780947434 0.1317702382124254 0.18892569315731172 0.25560743794214547 0.26320460013933006 0.35861278005084646 0.4107675636603615 0.5363359256052156 0.5822595030146135 0.6839289206722176 0.9904124585958856 1.1662811936858037 1.448562201976188 1.5010140865562125 1.9534382928097946 2.4304198993948645
1783 21396 -0.9119213475302711 -0.2100921092170525 0.18360275158060357 0.9211673460445647 0.012859166954503988 0.024017809073887387 0.055196725377201106 0.13600568336144506 0.1915198200189286 0.2551118657188836 0.2726835959459713 0.3878600827279887 0.4236692156421602 0.5434557430824201 0.6211840787656542 0.7169794516413022 1.0238552037483326 1.1523718958661813 1.369149292921801 1.4661776082650615 2.066783639417849 2.36734224071532
1784 21408 -0.9119213475302711 -0.2100921092170525 0.18360275158060357 0.9211673460445647 0.012859166954503988 0.024017809073887387 0.055196725377201106 0.13600568336144506 0.1915198200189286 0.2551118657188836 0.2726835959459713 0.3878600827279887 0.4236692156421602 0.5434557430824201 0.6211840787656542 0.7169794516413022 1.0238552037483326 1.1523718958661813 1.369149292921801 1.4661776082650615 2.066783639417849 2.36734224071532
1785 21420 -0.9119213475302711 -0.2100921092170525 0.18360275158060357 0.9211673460445647 0.012859166954503988 0.024017809073887387 0.055196725377201106 0.13600568336144506 0.1915198200189286 0.2551118657188836 0.2726835959459713 0.3878600827279887 0.4236692156421602 0.5434557430824201 0.6211840787656542 0.7169794516413022 1.0238552037483326 1.1523718958661813 1.369149292921801 1.4661776082650615 2.066783639417849 2.36734224071532
1786 21432 -0.9119213475302711 -0.2100921092170525 0.18360275158060357 0.9211673460445647 0.012859166954503988 0.024017809073887387 0.055196725377201106 0.13600568336144506 0.1915198200189286 0.2551118657188836 0.2726835959459713 0.3878600827279887 0.4236692156421602 0.5434557430824201 0.6211840787656542 0.7169794516413022 1.0238552037483326 1.1523718958661813 1.369149292921801 1.4661776082650615 2.066783639417849 2.36734224071532
1787 21444 -0.9119213475302711 -0.2100921092170525 0.18360275158060357 0.9211673460445647 0.012859166954503988 0.024017809073887387 0.055196725377201106 0.13600568336144506 0.1915198200189286 0.2551118657188836 0.2726835959459713 0.3878600827279887 0.4236692156421602 0.5434557430824201 0.6211840787656542 0.7169794516413022 1.0238552037483326 1.1523718958661813 1.369149292921801 1.4661776082650615 2.066783639417849 2.36734224071532
1788 21456 -0.9119213475302711 -0.2100921092170525 0.18360275158060357 0.9211673460445647 0.012859166954503988 0.024017809073887387 0.055196725377201106 0.13600568336144506 0.1915198200189286 0.2551118657188836 0.2726835959459713 0.3878600827279887 0.4236692156421602 0.5434557430824201 0.6211840787656542 0.7169794516413022 1.0238552037483326 1.1523718958661813 1.369149292921801 1.4661776082650615 2.066783639417849 2.36734224071532
1789 21468 -0.9119213475302711 -0.2100921092170525 0.18360275158060357 0.9211673460445647 0.012859166954503988 0.024017809073887387 0.055196725377201106 0.13600568336144506 0.1915198200189286 0.2551118657188836 0.2726835959459713 0.3878600827279887 0.4236692156421602 0.5434557430824201 0.6211840787656542 0.7169794516413022 1.0238552037483326 1.1523718958661813 1.369149292921801 1.4661776082650615 2.066783639417849 2.36734224071532
1790 21480 -0.9119213475302711 -0.2100921092170525 0.18360275158060357 0.9211673460445647 0.012859166954503988 0.024017809073887387 0.055196725377201106 0.13600568336144506 0.1915198200189286 0.2551118657188836 0.2726835959459713 0.3878600827279887 0.4236692156421602 0.5434557430824201 0.6211840787656542 0.7169794516413022 1.0238552037483326 1.1523718958661813 1.369149292921801 1.4661776082650615 2.066783639417849 2.36734224071532
1791 21492 -0.9119213475302711 -0.2100921092170525 0.18360275158060357 0.9211673460445647 0.012859166954503988 0.024017809073887387 0.055196725377201106 0.13600568336144506 0.1915198200189286 0.2551118657188836 0.2726835959459713 0.3878600827279887 0.4236692156421602 0.5434557430824201 0.6211840787656542 0.7169794516413022 1.0238552037483326 1.1523718958661813 1.369149292921801 1.4661776082650615 2.066783639417849 2.36734224071532
1792 21504 -0.9119213475302711 -0.2100921092170525 0.18360275158060357 0.9211673460445647 0.012859166954503988 0.024017809073887387 0.055196725377201106 0.13600568336144506 0.1915198200189286 0.2551118657188836 0.2726835959459713 0.3878600827279887 0.4236692156421602 0.5434557430824201 0.6211840787656542 0.7169794516413022 1.0238552037483326 1.1523718958661813 1.369149292921801 1.4661776082650615 2.066783639417849 2.36734224071532
1793 21516 -0.9119213475302711 -0.2100921092170525 0.18360275158060357 0.9211673460445647 0.012859166954503988 0.024017809073887387 0.055196725377201106 0.13600568336144506 0.1915198200189286 0.2551118657188836 0.2726835959459713 0.3878600827279887 0.4236692156421602 0.5434557430824201 0.6211840787656542 0.7169794516413022 1.0238552037483326 1.1523718958661813 1.369149292921801 1.4661776082650615 2.066783639417849 2.36734224071532
1794 21528 -0.9119213475302711 -0.2100921092170525 0.18360275158060357 0.9211673460445647 0.012859166954503988 0.024017809073887387 0.055196725377201106 0.13600568336144506 0.1915198200189286 0.2551118657188836 0.2726835959459713 0.3878600827279887 0.4236692156421602 0.5434557430824201 0.6211840787656542 0.7169794516413022 1.0238552037483326 1.1523718958661813 1.369149292921801 1.4661776082650615 2.066783639417849 2.36734224071532
1795 21540 -0.9119213475302711 -0.2100921092170525 0.18360275158060357 0.9211673460445647 0.012859166954503988 0.024017809073887387 0.055196725377201106 0.13600568336144506 0.1915198200189286 0.2551118657188836 0.2726835959459713 0.3878600827279887 0.4236692156421602 0.5434557430824201 0.6211840787656542 0.7169794516413022 1.0238552037483326 1.1523718958661813 1.369149292921801 1.4661776082650615 2.066783639417849 2.36734224071532
1796 21552 -0.9119213475302711 -0.2100921092170525 0.18360275158060357 0.9211673460445647 0.012859166954503988 0.024017809073887387 0.055196725377201106 0.13600568336144506 0.1915198200189286 0.2551118657188836 0.2726835959459713 0.3878600827279887 0.4236692156421602 0.5434557430824201 0.6211840787656542 0.7169794516413022 1.0238552037483326 1.1523718958661813 1.369149292921801 1.4661776082650615 2.066783639417849 2.36734224071532
1797 21564 -0.9119213475302711 -0.2100921092170525 0.18360275158060357 0.9211673460445647 0.012859166954503988 0.024017809073887387 0.055196725377201106 0.13600568336144506 0.1915198200189286 0.2551118657188836 0.2726835959459713 0.3878600827279887 0.4236692156421602 0.5434557430824201 0.6211840787656542 0.7169794516413022 1.0238552037483326 1.1523718958661813 1.369149292921801 1.4661776082650615 2.066783639417849 2.36734224071532
1798 21576 -0.9119213475302711 -0.2100921092170525 0.18360275158060357 0.9211673460445647 0.012859166954503988 0.024017809073887387 0.055196725377201106 0.13600568336144506 0.1915198200189286 0.2551118657188836 0.2726835959459713 0.3878600827279887 0.4236692156421602 0.5434557430824201 0.6211840787656542 0.7169794516413022 1.0238552037483326 1.1523718958661813 1.369149292921801 1.4661776082650615 2.066783639417849 2.36734224071532
1799 21588 -0.9119213475302711 -0.2100921092170525 0.18360275158060357 0.9211673460445647 0.012859166954503988 0.024017809073887387 0.055196725377201106 0.13600568336144506 0.1915198200189286 0.2551118657188836 0.2726835959459713 0.3878600827279887 0.4236692156421602 0.5434557430824201 0.6211840787656542 0.7169794516413022 1.0238552037483326 1.1523718958661813 1.369149292921801 1.4661776082650615 2.066783639417849 2.36734224071532
1800 21600 -0.9119213475302711 -0.2100921092170525 0.18360275158060357 0.9211673460445647 0.012859166954503988 0.024017809073887387 0.055196725377201106 0.13600568336144506 0.1915198200189286 0.2551118657188836 0.2726835959459713 0.3878600827279887 0.4236692156421602 0.5434557430824201 0.6211840787656542 0.7169794516413022 1.0238552037483326 1.1523718958661813 1.369149292921801 1.4661776082650615 2.066783639417849 2.36734224071532
1801 21612 -0.9113867466141001 -0.21233377923887642 0.21336655008212296 0.9117012490678555 0.012856987278805573 0.021966227901452043 0.045388001918893424 0.1349685605031096 0.18549019401399444 0.2485743823652163 0.26894105736692386 0.3951280208864978 0.4403054023441549 0.5571924948354025 0.6360660664227422 0.701960933568132 1.0480852701693617 1.162039094278385 1.4090976457500888 1.4538096556406535 1.932196219881274 2.443653880904286
1802 21624 -0.9113867466141001 -0.21233377923887642 0.21336655008212296 0.9117012490678555 0.012856987278805573 0.021966227901452043 0.045388001918893424 0.1349685605031096 0.18549019401399444 0.2485743823652163 0.26894105736692386 0.3951280208864978 0.4403054023441549 0.5571924948354025 0.6360660664227422 0.701960933568132 1.0480852701693617 1.162039094278385 1.4090976457500888 1.4538096556406535 1.932196219881274 2.443653880904286
1803 21636 -0.9113867466141001 -0.21233377923887642 0.21336655008212296 0.9117012490678555 0.012856987278805573 0.021966227901452043 0.045388001918893424 0.1349685605031096 0.18549019401399444 0.2485743823652163 0.26894105736692386 0.3951280208864978 0.4403054023441549 0.5571924948354025 0.6360660664227422 0.701960933568132 1.0480852701693617 1.162039094278385 1.4090976457500888 1.4538096556406535 1.932196219881274 2.443653880904286
1804 21648 -0.9113867466141001 -0.21233377923887642 0.21336655008212296 0.9117012490678555 0.012856987278805573 0.021966227901452043 0.045388001918893424 0.1349685605031096 0.18549019401399444 0.2485743823652163 0.26894105736692386 0.3951280208864978 0.4403054023441549 0.5571924948354025 0.6360660664227422 0.701960933568132 1.0480852701693617 1.162039094278385 1.4090976457500888 1.4538096556406535 1.932196219881274 2.443653880904286
1805 21660 -0.9113867466141001 -0.21233377923887642 0.21336655008212296 0.9117012490678555 0.012856987278805573 0.021966227901452043 0.045388001918893424 0.1349685605031096 0.18549019401399444 0.2485743823652163 0.26894105736692386 0.3951280208864978 0.4403054023441549 0.5571924948354025 0.6360660664227422 0.701960933568132 1.0480852701693617 1.162039094278385 1.4090976457500888 1.4538096556406535 1.932196219881274 2.443653880904286
1806 21672 -0.9113867466141001 -0.21233377923887642 0.21336655008212296 0.9117012490678555 0.012856987278805573 0.021966227901452043 0.045388001918893424 0.1349685605031096 0.18549019401399444 0.2485743823652163 0.26894105736692386 0.3951280208864978 0.4403054023441549 0.5571924948354025 0.6360660664227422 0.701960933568132 1.0480852701693617 1.162039094278385 1.4090976457500888 1.4538096556406535 1.932196219881274 2.443653880904286
1807 21684 -0.9113867466141001 -0.21233377923887642 0.21336655008212296 0.9117012490678555 0.012856987278805573 0.021966227901452043 0.045388001918893424 0.1349685605031096 0.18549019401399444 0.2485743823652163 0.26894105736692386 0.3951280208864978 0.4403054023441549 0.5571924948354025 0.6360660664227422 0.701960933568132 1.0480852701693617 1.162039094278385 1.4090976457500888 1.4538096556406535 1.932196219881274 2.443653880904286
1808 21696 -0.9113867466141001 -0.21233377923887642 0.21336655008212296 0.9117012490678555 0.012856987278805573 0.021966227901452043 0.045388001918893424 0.1349685605031096 0.18549019401399444 0.2485743823652163 0.26894105736692386 0.3951280208864978 0.4403054023441549 0.5571924948354025 0.6360660664227422 0.701960933568132 1.0480852701693617 1.162039094278385 1.4090976457500888 1.4538096556406535 1.932196219881274 2.443653880904286
1809 21708 -0.9113867466141001 -0.21233377923887642 0.21336655008212296 0.9117012490678555 0.012856987278805573 0.021966227901452043 0.045388001918893424 0.1349685605031096 0.18549019401399444 0.2485743823652163 0.26894105736692386 0.3951280208864978 0.4403054023441549 0.5571924948354025 0.6360660664227422 0.701960933568132 1.0480852701693617 1.162039094278385 1.4090976457500888 1.4538096556406535 1.932196219881274 2.443653880904286
1810 21720 -0.9113867466141001 -0.21233377923887642 0.21336655008212296 0.9117012490678555 0.012856987278805573 0.021966227901452043 0.045388001918893424 0.1349685605031096 0.18549019401399444 0.2485743823652163 0.26894105736692386 0.3951280208864978 0.4403054023441549 0.5571924948354025 0.6360660664227422 0.701960933568132 1.0480852701693617 1.162039094278385 1.4090976457500888 1.4538096556406535 1.932196219881274 2.443653880904286
1811 21732 -0.9113867466141001 -0.21233377923887642 0.21336655008212296 0.9117012490678555 0.012856987278805573 0.021966227901452043 0.045388001918893424 0.1349685605031096 0.18549019401399444 0.2485743823652163 0.26894105736692386 0.3951280208864978 0.4403054023441549 0.5571924948354025 0.6360660664227422 0.701960933568132 1.0480852701693617 1.162039094278385 1.4090976457500888 1.4538096556406535 1.932196219881274 2.443653880904286
1812 21744 -0.9113867466141001 -0.21233377923887642 0.21336655008212296 0.9117012490678555 0.012856987278805573 0.021966227901452043 0.045388001918893424 0.1349685605031096 0.18549019401399444 0.2485743823652163 0.26894105736692386 0.3951280208864978 0.4403054023441549 0.5571924948354025 0.6360660664227422 0.701960933568132 1.0480852701693617 1.162039094278385 1.4090976457500888 1.4538096556406535 1.932196219881274 2.443653880904286
1813 21756 -0.9113867466141001 -0.21233377923887642 0.21336655008212296 0.9117012490678555 0.012856987278805573 0.021966227901452043 0.045388001918893424 0.1349685605031096 0.18549019401399444 0.2485743823652163 0.26894105736692386 0.3951280208864978 0.4403054023441549 0.5571924948354025 0.6360660664227422 0.701960933568132 1.0480852701693617 1.162039094278385 1.4090976457500888 1.4538096556406535 1.932196219881274 2.443653880904286
1814 21768 -0.9113867466141001 -0.21233377923887642 0.21336655008212296 0.9117012490678555 0.012856987278805573 0.021966227901452043 0.045388001918893424 0.1349685605031096 0.18549019401399444 0.2485743823652163 0.26894105736692386 0.3951280208864978 0.4403054023441549 0.5571924948354025 0.6360660664227422 0.701960933568132 1.0480852701693617 1.162039094278385 1.4090976457500888 1.4538096556406535 1.932196219881274 2.443653880904286
1815 21780 -0.9113867466141001 -0.21233377923887642 0.21336655008212296 0.9117012490678555 0.012856987278805573 0.021966227901452043 0.045388001918893424 0.1349685605031096 0.18549019401399444 0.2485743823652163 0.26894105736692386 0.3951280208864978 0.4403054023441549 0.5571924948354025 0.6360660664227422 0.701960933568132 1.0480852701693617 1.162039094278385 1.4090976457500888 1.4538096556406535 1.932196219881274 2.443653880904286
1816 21792 -0.9113867466141001 -0.21233377923887642 0.21336655008212296 0.9117012490678555 0.012856987278805573 0.021966227901452043 0.045388001918893424 0.1349685605031096 0.18549019401399444 0.2485743823652163 0.26894105736692386 0.3951280208864978 0.4403054023441549 0.5571924948354025 0.6360660664227422 0.701960933568132 1.0480852701693617 1.162039094278385 1.4090976457500888 1.4538096556406535 1.932196219881274 2.443653880904286
1817 21804 -0.9113867466141001 -0.21233377923887642 0.21336655008212296 0.9117012490678555 0.012856987278805573 0.021966227901452043 0.045388001918893424 0.1349685605031096 0.18549019401399444 0.2485743823652163 0.26894105736692386 0.3951280208864978 0.4403054023441549 0.5571924948354025 0.6360660664227422 0.701960933568132 1.0480852701693617 1.162039094278385 1.4090976457500888 1.4538096556406535 1.932196219881274 2.443653880904286
1818 21816 -0.9113867466141001 -0.21233377923887642 0.21336655008212296 0.9117012490678555 0.012856987278805573 0.021966227901452043 0.045388001918893424 0.1349685605031096 0.18549019401399444 0.2485743823652163 0.26894105736692386 0.3951280208864978 0.4403054023441549 0.5571924948354025 0.6360660664227422 0.701960933568132 1.0480852701693617 1.162039094278385 1.4090976457500888 1.4538096556406535 1.932196219881274 2.443653880904286
1819 21828 -0.9151515724974848 -0.1953156964419976 0.1837111152484344 0.920834989638265 0.012343357304678133 0.017909816672064312 0.041220209315431515 0.12327365640697703 0.19108579217314312 0.2164813385287351 0.28246737712681347 0.3750954376693387 0.4363196003319293 0.5520077772427385 0.6515811551961721 0.6707253206175672 1.030886818503795 1.2442265157778412 1.4221731024016429 1.4964573337032914 1.8959067380654078 2.417023104341238
1820 21840 -0.9151515724974848 -0.1953156964419976 0.1837111152484344 0.920834989638265 0.012343357304678133 0.017909816672064312 0.041220209315431515 0.12327365640697703 0.19108579217314312 0.2164813385287351 0.28246737712681347 0.3750954376693387 0.4363196003319293 0.5520077772427385 0.6515811551961721 0.6707253206175672 1.030886818503795 1.2442265157778412 1.4221731024016429 1.4964573337032914 1.8959067380654078 2.417023104341238
1821 21852 -0.9151515724974848 -0.1953156964419976 0.1837111152484344 0.920834989638265 0.012343357304678133 0.017909816672064312 0.041220209315431515 0.12327365640697703 0.19108579217314312 0.2164813385287351 0.28246737712681347 0.3750954376693387 0.4363196003319293 0.5520077772427385 0.6515811551961721 0.6707253206175672 1.030886818503795 1.2442265157778412 1.4221731024016429 1.4964573337032914 1.8959067380654078 2.417023104341238
1822 21864 -0.9151515724974848 -0.1953156964419976 0.1837111152484344 0.920834989638265 0.012343357304678133 0.017909816672064312 0.041220209315431515 0.12327365640697703 0.19108579217314312 0.2164813385287351 0.28246737712681347 0.3750954376693387 0.4363196003319293 0.5520077772427385 0.6515811551961721 0.6707253206175672 1.030886818503795 1.2442265157778412 1.4221731024016429 1.4964573337032914 1.8959067380654078 2.417023104341238
1823 21876 -0.9151515724974848 -0.1953156964419976 0.1837111152484344 0.920834989638265 0.012343357304678133 0.017909816672064312 0.041220209315431515 0.12327365640697703 0.19108579217314312 0.2164813385287351 0.28246737712681347 0.3750954376693387 0.4363196003319293 0.5520077772427385 0.6515811551961721 0.6707253206175672 1.030886818503795 1.2442265157778412 1.4221731024016429 1.4964573337032914 1.8959067380654078 2.417023104341238
1824 21888 -0.9151515724974848 -0.1953156964419976 0.1837111152484344 0.920834989638265 0.012343357304678133 0.017909816672064312 0.041220209315431515 0.12327365640697703 0.19108579217314312 0.2164813385287351 0.28246737712681347 0.3750954376693387 0.4363196003319293 0.5520077772427385 0.6515811551961721 0.6707253206175672 1.030886818503795 1.2442265157778412 1.4221731024016429 1.4964573337032914 1.8959067380654078 2.417023104341238
1825 21900 -0.9151515724974848 -0.1953156964419976 0.1837111152484344 0.920834989638265 0.012343357304678133 0.017909816672064312 0.041220209315431515 0.12327365640697703 0.19108579217314312 0.2164813385287351 0.28246737712681347 0.3750954376693387 0.4363196003319293 0.5520077772427385 0.6515811551961721 0.6707253206175672 1.030886818503795 1.2442265157778412 1.4221731024016429 1.4964573337032914 1.8959067380654078 2.417023104341238
1826 21912 -0.9151515724974848 -0.1953156964419976 0.1837111152484344 0.920834989638265 0.012343357304678133 0.017909816672064312 0.041220209315431515 0.12327365640697703 0.19108579217314312 0.2164813385287351 0.28246737712681347 0.3750954376693387 0.4363196003319293 0.5520077772427385 0.6515811551961721 0.6707253206175672 1.030886818503795 1.2442265157778412 1.4221731024016429 1.4964573337032914 1.8959067380654078 2.417023104341238
1827 21924 -0.9151515724974848 -0.1953156964419976 0.1837111152484344 0.920834989638265 0.012343357304678133 0.017909816672064312 0.041220209315431515 0.12327365640697703 0.19108579217314312 0.2164813385287351 0.28246737712681347 0.3750954376693387 0.4363196003319293 0.5520077772427385 0.6515811551961721 0.6707253206175672 1.030886818503795 1.2442265157778412 1.4221731024016429 1.4964573337032914 1.8959067380654078 2.417023104341238
1828 21936 -0.9151515724974848 -0.1953156964419976 0.1837111152484344 0.920834989638265 0.012343357304678133 0.017909816672064312 0.041220209315431515 0.12327365640697703 0.19108579217314312 0.2164813385287351 0.28246737712681347 0.3750954376693387 0.4363196003319293 0.5520077772427385 0.6515811551961721 0.6707253206175672 1.030886818503795 1.2442265157778412 1.4221731024016429 1.4964573337032914 1.8959067380654078 2.417023104341238
1829 21948 -0.9151515724974848 -0.1953156964419976 0.1837111152484344 0.920834989638265 0.012343357304678133 0.017909816672064312 0.041220209315431515 0.12327365640697703 0.19108579217314312 0.2164813385287351 0.28246737712681347 0.3750954376693387 0.4363196003319293 0.5520077772427385 0.6515811551961721 0.6707253206175672 1.030886818503795 1.2442265157778412 1.4221731024016429 1.4964573337032914 1.8959067380654078 2.417023104341238
1830 21960 -0.9151515724974848 -0.1953156964419976 0.1837111152484344 0.920834989638265 0.012343357304678133 0.017909816672064312 0.041220209315431515 0.12327365640697703 0.19108579217314312 0.2164813385287351 0.28246737712681347 0.3750954376693387 0.4363196003319293 0.5520077772427385 0.6515811551961721 0.6707253206175672 1.030886818503795 1.2442265157778412 1.4221731024016429 1.4964573337032914 1.8959067380654078 2.417023104341238
1831 21972 -0.9151515724974848 -0.1953156964419976 0.1837111152484344 0.920834989638265 0.012343357304678133 0.017909816672064312 0.041220209315431515 0.12327365640697703 0.19108579217314312 0.2164813385287351 0.28246737712681347 0.3750954376693387 0.4363196003319293 0.5520077772427385 0.6515811551961721 0.6707253206175672 1.030886818503795 1.2442265157778412 1.4221731024016429 1.4964573337032914 1.8959067380654078 2.417023104341238
1832 21984 -0.9151515724974848 -0.1953156964419976 0.1837111152484344 0.920834989638265 0.012343357304678133 0.017909816672064312 0.041220209315431515 0.12327365640697703 0.19108579217314312 0.2164813385287351 0.28246737712681347 0.3750954376693387 0.4363196003319293 0.5520077772427385 0.6515811551961721 0.6707253206175672 1.030886818503795 1.2442265157778412 1.4221731024016429 1.4964573337032914 1.8959067380654078 2.417023104341238
1833 21996 -0.9151515724974848 -0.1953156964419976 0.1837111152484344 0.920834989638265 0.012343357304678133 0.017909816672064312 0.041220209315431515 0.12327365640697703 0.19108579217314312 0.2164813385287351 0.28246737712681347 0.3750954376693387 0.4363196003319293 0.5520077772427385 0.6515811551961721 0.6707253206175672 1.030886818503795 1.2442265157778412 1.4221731024016429 1.4964573337032914 1.8959067380654078 2.417023104341238
1834 22008 -0.9151515724974848 -0.1953156964419976 0.1837111152484344 0.920834989638265 0.012343357304678133 0.017909816672064312 0.041220209315431515 0.12327365640697703 0.19108579217314312 0.2164813385287351 0.28246737712681347 0.3750954376693387 0.4363196003319293 0.5520077772427385 0.6515811551961721 0.6707253206175672 1.030886818503795 1.2442265157778412 1.4221731024016429 1.4964573337032914 1.8959067380654078 2.417023104341238
1835 22020 -0.9151515724974848 -0.1953156964419976 0.1837111152484344 0.920834989638265 0.012343357304678133 0.017909816672064312 0.041220209315431515 0.12327365640697703 0.19108579217314312 0.2164813385287351 0.28246737712681347 0.3750954376693387 0.4363196003319293 0.5520077772427385 0.6515811551961721 0.6707253206175672 1.030886818503795 1.2442265157778412 1.4221731024016429 1.4964573337032914 1.8959067380654078 2.417023104341238
1836 22032 -0.9151515724974848 -0.1953156964419976 0.1837111152484344 0.920834989638265 0.012343357304678133 0.017909816672064312 0.041220209315431515 0.12327365640697703 0.19108579217314312 0.2164813385287351 0.28246737712681347 0.3750954376693387 0.4363196003319293 0.5520077772427385 0.6515811551961721 0.6707253206175672 1.030886818503795 1.2442265157778412 1.4221731024016429 1.4964573337032914 1.8959067380654078 2.417023104341238
1837 22044 -0.9077518059063938 -0.16063410214569715 0.14344766737022163 0.9155282383582706 0.011972025272311608 0.016129295769689595 0.036766667901816784 0.12404880601218284 0.18970910851578418 0.22613822851824522 0.271567560239639 0.3799516911345737 0.4323246038396442 0.5668247572888413 0.6266533371877574 0.658072118314392 1.0157534707182378 1.2376795510544853 1.3847711428433016 1.5553099151826102 1.9940252530430767 2.3382355783214996
1838 22056 -0.9077518059063938 -0.16063410214569715 0.14344766737022163 0.9155282383582706 0.011972025272311608 0.016129295769689595 0.036766667901816784 0.12404880601218284 0.18970910851578418 0.22613822851824522 0.271567560239639 0.3799516911345737 0.4323246038396442 0.5668247572888413 0.6266533371877574 0.658072118314392 1.0157534707182378 1.2376795510544853 1.3847711428433016 1.5553099151826102 1.9940252530430767 2.3382355783214996
1839 22068 -0.9077518059063938 -0.16063410214569715 0.14344766737022163 0.9155282383582706 0.011972025272311608 0.016129295769689595 0.036766667901816784 0.12404880601218284 0.18970910851578418 0.22613822851824522 0.271567560239639 0.3799516911345737 0.4323246038396442 0.5668247572888413 0.6266533371877574 0.658072118314392 1.0157534707182378 1.2376795510544853 1.3847711428433016 1.5553099151826102 1.9940252530430767 2.3382355783214996
1840 22080 -0.9077518059063938 -0.16063410214569715 0.14344766737022163 0.9155282383582706 0.011972025272311608 0.016129295769689595 0.036766667901816784 0.12404880601218284 0.18970910851578418 0.22613822851824522 0.271567560239639 0.3799516911345737 0.4323246038396442 0.5668247572888413 0.6266533371877574 0.658072118314392 1.0157534707182378 1.2376795510544853 1.3847711428433016 1.5553099151826102 1.9940252530430767 2.3382355783214996
1841 22092 -0.9077518059063938 -0.16063410214569715 0.14344766737022163 0.9155282383582706 0.011972025272311608 0.016129295769689595 0.036766667901816784 0.12404880601218284 0.18970910851578418 0.22613822851824522 0.271567560239639 0.3799516911345737 0.4323246038396442 0.5668247572888413 0.6266533371877574 0.658072118314392 1.0157534707182378 1.2376795510544853 1.3847711428433016 1.5553099151826102 1.9940252530430767 2.3382355783214996
1842 22104 -0.9077518059063938 -0.16063410214569715 0.14344766737022163 0.9155282383582706 0.011972025272311608 0.016129295769689595 0.036766667901816784 0.12404880601218284 0.18970910851578418 0.22613822851824522 0.271567560239639 0.3799516911345737 0.4323246038396442 0.5668247572888413 0.6266533371877574 0.658072118314392 1.0157534707182378 1.2376795510544853 1.3847711428433016 1.5553099151826102 1.9940252530430767 2.3382355783214996
1843 22116 -0.9077518059063938 -0.16063410214569715 0.14344766737022163 0.9155282383582706 0.011972025272311608 0.016129295769689595 0.036766667901816784 0.12404880601218284 0.18970910851578418 0.22613822851824522 0.271567560239639 0.3799516911345737 0.4323246038396442 0.5668247572888413 0.6266533371877574 0.658072118314392 1.0157534707182378 1.2376795510544853 1.3847711428433016 1.5553099151826102 1.9940252530430767 2.3382355783214996
1844 22128 -0.9077518059063938 -0.16063410214569715 0.14344766737022163 0.9155282383582706 0.011972025272311608 0.016129295769689595 0.036766667901816784 0.12404880601218284 0.18970910851578418 0.22613822851824522 0.271567560239639 0.3799516911345737 0.4323246038396442 0.5668247572888413 0.6266533371877574 0.658072118314392 1.0157534707182378 1.2376795510544853 1.3847711428433016 1.5553099151826102 1.9940252530430767 2.3382355783214996
1845 22140 -0.9077518059063938 -0.16063410214569715 0.14344766737022163 0.9155282383582706 0.011972025272311608 0.016129295769689595 0.036766667901816784 0.12404880601218284 0.18970910851578418 0.22613822851824522 0.271567560239639 0.3799516911345737 0.4323246038396442 0.5668247572888413 0.6266533371877574 0.658072118314392 1.0157534707182378 1.2376795510544853 1.3847711428433016 1.5553099151826102 1.9940252530430767 2.3382355783214996
1846 22152 -0.9077518059063938 -0.16063410214569715 0.14344766737022163 0.9155282383582706 0.011972025272311608 0.016129295769689595 0.036766667901816784 0.12404880601218284 0.18970910851578418 0.22613822851824522 0.271567560239639 0.3799516911345737 0.4323246038396442 0.5668247572888413 0.6266533371877574 0.658072118314392 1.0157534707182378 1.2376795510544853 1.3847711428433016 1.5553099151826102 1.9940252530430767 2.3382355783214996
1847 22164 -0.9077518059063938 -0.16063410214569715 0.14344766737022163 0.9155282383582706 0.011972025272311608 0.016129295769689595 0.036766667901816784 0.12404880601218284 0.18970910851578418 0.22613822851824522 0.271567560239639 0.3799516911345737 0.4323246038396442 0.5668247572888413 0.6266533371877574 0.658072118314392 1.0157534707182378 1.2376795510544853 1.3847711428433016 1.5553099151826102 1.9940252530430767 2.3382355783214996
1848 22176 -0.9077518059063938 -0.16063410214569715 0.14344766737022163 0.9155282383582706 0.011972025272311608 0.016129295769689595 0.036766667901816784 0.12404880601218284 0.18970910851578418 0.22613822851824522 0.271567560239639 0.3799516911345737 0.4323246038396442 0.5668247572888413 0.6266533371877574 0.658072118314392 1.0157534707182378 1.2376795510544853 1.3847711428433016 1.5553099151826102 1.9940252530430767 2.3382355783214996
1849 22188 -0.9077518059063938 -0.16063410214569715 0.14344766737022163 0.9155282383582706 0.011972025272311608 0.016129295769689595 0.036766667901816784 0.12404880601218284 0.18970910851578418 0.22613822851824522 0.271567560239639 0.3799516911345737 0.4323246038396442 0.5668247572888413 0.6266533371877574 0.658072118314392 1.0157534707182378 1.2376795510544853 1.3847711428433016 1.5553099151826102 1.9940252530430767 2.3382355783214996
1850 22200 -0.9077518059063938 -0.16063410214569715 0.14344766737022163 0.9155282383582706 0.011972025272311608 0.016129295769689595 0.036766667901816784 0.12404880601218284 0.18970910851578418 0.22613822851824522 0.271567560239639 0.3799516911345737 0.4323246038396442 0.5668247572888413 0.6266533371877574 0.658072118314392 1.0157534707182378 1.2376795510544853 1.3847711428433016 1.5553099151826102 1.9940252530430767 2.3382355783214996
1851 22212 -0.9077518059063938 -0.16063410214569715 0.14344766737022163 0.9155282383582706 0.011972025272311608 0.016129295769689595 0.036766667901816784 0.12404880601218284 0.18970910851578418 0.22613822851824522 0.271567560239639 0.3799516911345737 0.4323246038396442 0.5668247572888413 0.6266533371877574 0.658072118314392 1.0157534707182378 1.2376795510544853 1.3847711428433016 1.5553099151826102 1.9940252530430767 2.3382355783214996
1852 22224 -0.9077518059063938 -0.16063410214569715 0.14344766737022163 0.9155282383582706 0.011972025272311608 0.016129295769689595 0.036766667901816784 0.12404880601218284 0.18970910851578418 0.22613822851824522 0.271567560239639 0.3799516911345737 0.4323246038396442 0.5668247572888413 0.6266533371877574 0.658072118314392 1.0157534707182378 1.2376795510544853 1.3847711428433016 1.5553099151826102 1.9940252530430767 2.3382355783214996
1853 22236 -0.9077518059063938 -0.16063410214569715 0.14344766737022163 0.9155282383582706 0.011972025272311608 0.016129295769689595 0.036766667901816784 0.12404880601218284 0.18970910851578418 0.22613822851824522 0.271567560239639 0.3799516911345737 0.4323246038396442 0.5668247572888413 0.6266533371877574 0.658072118314392 1.0157534707182378 1.2376795510544853 1.3847711428433016 1.5553099151826102 1.9940252530430767 2.3382355783214996
1854 22248 -0.9077518059063938 -0.16063410214569715 0.14344766737022163 0.9155282383582706 0.011972025272311608 0.016129295769689595 0.036766667901816784 0.12404880601218284 0.18970910851578418 0.22613822851824522 0.271567560239639 0.3799516911345737 0.4323246038396442 0.5668247572888413 0.6266533371877574 0.658072118314392 1.0157534707182378 1.2376795510544853 1.3847711428433016 1.5553099151826102 1.9940252530430767 2.3382355783214996
1855 22260 -0.9168448437664248 -0.1858229210912266 0.1588660666744437 0.9266818874403062 0.011354978359515783 0.014840807956825006 0.03361910458536818 0.12197460817589827 0.1848262353169773 0.22094885176272208 0.26414058867544243 0.3759957190945423 0.4348883129282953 0.5567608304850049 0.6333527391266607 0.6862366829643454 1.008800183610379 1.2393398381721494 1.3550876370940568 1.487785958043176 2.004113068725597 2.3871476408715377
1856 22272 -0.9168448437664248 -0.1858229210912266 0.1588660666744437 0.9266818874403062 0.011354978359515783 0.014840807956825006 0.03361910458536818 0.12197460817589827 0.1848262353169773 0.22094885176272208 0.26414058867544243 0.3759957190945423 0.4348883129282953 0.5567608304850049 0.6333527391266607 0.6862366829643454 1.008800183610379 1.2393398381721494 1.3550876370940568 1.487785958043176 2.004113068725597 2.3871476408715377
1857 22284 -0.9168448437664248 -0.1858229210912266 0.1588660666744437 0.9266818874403062 0.011354978359515783 0.014840807956825006 0.03361910458536818 0.12197460817589827 0.1848262353169773 0.22094885176272208 0.26414058867544243 0.3759957190945423 0.4348883129282953 0.5567608304850049 0.6333527391266607 0.6862366829643454 1.008800183610379 1.2393398381721494 1.3550876370940568 1.487785958043176 2.004113068725597 2.3871476408715377
1858 22296 -0.9168448437664248 -0.1858229210912266 0.1588660666744437 0.9266818874403062 0.011354978359515783 0.014840807956825006 0.03361910458536818 0.12197460817589827 0.1848262353169773 0.22094885176272208 0.26414058867544243 0.3759957190945423 0.4348883129282953 0.5567608304850049 0.6333527391266607 0.6862366829643454 1.008800183610379 1.2393398381721494 1.3550876370940568 1.487785958043176 2.004113068725597 2.3871476408715377
1859 22308 -0.9168448437664248 -0.1858229210912266 0.1588660666744437 0.9266818874403062 0.011354978359515783 0.014840807956825006 0.03361910458536818 0.12197460817589827 0.1848262353169773 0.22094885176272208 0.26414058867544243 0.3759957190945423 0.4348883129282953 0.5567608304850049 0.6333527391266607 0.6862366829643454 1.008800183610379 1.2393398381721494 1.3550876370940568 1.487785958043176 2.004113068725597 2.3871476408715377
1860 22320 -0.9168448437664248 -0.1858229210912266 0.1588660666744437 0.9266818874403062 0.011354978359515783 0.014840807956825006 0.03361910458536818 0.12197460817589827 0.1848262353169773 0.22094885176272208 0.26414058867544243 0.3759957190945423 0.4348883129282953 0.5567608304850049 0.6333527391266607 0.6862366829643454 1.008800183610379 1.2393398381721494 1.3550876370940568 1.487785958043176 2.004113068725597 2.3871476408715377
1861 22332 -0.9168448437664248 -0.1858229210912266 0.1588660666744437 0.9266818874403062 0.011354978359515783 0.014840807956825006 0.03361910458536818 0.12197460817589827 0.1848262353169773 0.22094885176272208 0.26414058867544243 0.3759957190945423 0.4348883129282953 0.5567608304850049 0.6333527391266607 0.6862366829643454 1.008800183610379 1.2393398381721494 1.3550876370940568 1.487785958043176 2.004113068725597 2.3871476408715377
1862 22344 -0.9168448437664248 -0.1858229210912266 0.1588660666744437 0.9266818874403062 0.011354978359515783 0.014840807956825006 0.03361910458536818 0.12197460817589827 0.1848262353169773 0.22094885176272208 0.26414058867544243 0.3759957190945423 0.4348883129282953 0.5567608304850049 0.6333527391266607 0.6862366829643454 1.008800183610379 1.2393398381721494 1.3550876370940568 1.487785958043176 2.004113068725597 2.3871476408715377
1863 22356 -0.9168448437664248 -0.1858229210912266 0.1588660666744437 0.9266818874403062 0.011354978359515783 0.014840807956825006 0.03361910458536818 0.12197460817589827 0.1848262353169773 0.22094885176272208 0.26414058867544243 0.3759957190945423 0.4348883129282953 0.5567608304850049 0.6333527391266607 0.6862366829643454 1.008800183610379 1.2393398381721494 1.3550876370940568 1.487785958043176 2.004113068725597 2.3871476408715377
1864 22368 -0.9168448437664248 -0.1858229210912266 0.1588660666744437 0.9266818874403062 0.011354978359515783 0.014840807956825006 0.03361910458536818 0.12197460817589827 0.1848262353169773 0.22094885176272208 0.26414058867544243 0.3759957190945423 0.4348883129282953 0.5567608304850049 0.6333527391266607 0.6862366829643454 1.008800183610379 1.2393398381721494 1.3550876370940568 1.487785958043176 2.004113068725597 2.3871476408715377
1865 22380 -0.9168448437664248 -0.1858229210912266 0.1588660666744437 0.9266818874403062 0.011354978359515783 0.014840807956825006 0.03361910458536818 0.12197460817589827 0.1848262353169773 0.22094885176272208 0.26414058867544243 0.3759957190945423 0.4348883129282953 0.5567608304850049 0.6333527391266607 0.6862366829643454 1.008800183610379 1.2393398381721494 1.3550876370940568 1.487785958043176 2.004113068725597 2.3871476408715377
1866 22392 -0.9168448437664248 -0.1858229210912266 0.1588660666744437 0.9266818874403062 0.011354978359515783 0.014840807956825006 0.03361910458536818 0.12197460817589827 0.1848262353169773 0.22094885176272208 0.26414058867544243 0.3759957190945423 0.4348883129282953 0.5567608304850049 0.6333527391266607 0.6862366829643454 1.008800183610379 1.2393398381721494 1.3550876370940568 1.487785958043176 2.004113068725597 2.3871476408715377
1867 22404 -0.9168448437664248 -0.1858229210912266 0.1588660666744437 0.9266818874403062 0.011354978359515783 0.014840807956825006 0.03361910458536818 0.12197460817589827 0.1848262353169773 0.22094885176272208 0.26414058867544243 0.3759957190945423 0.4348883129282953 0.5567608304850049 0.6333527391266607 0.6862366829643454 1.008800183610379 1.2393398381721494 1.3550876370940568 1.487785958043176 2.004113068725597 2.3871476408715377
1868 22416 -0.9168448437664248 -0.1858229210912266 0.1588660666744437 0.9266818874403062 0.011354978359515783 0.014840807956825006 0.03361910458536818 0.12197460817589827 0.1848262353169773 0.22094885176272208 0.26414058867544243 0.3759957190945423 0.4348883129282953 0.5567608304850049 0.6333527391266607 0.6862366829643454 1.008800183610379 1.2393398381721494 1.3550876370940568 1.487785958043176 2.004113068725597 2.3871476408715377
1869 22428 -0.9168448437664248 -0.1858229210912266 0.1588660666744437 0.9266818874403062 0.011354978359515783 0.014840807956825006 0.03361910458536818 0.12197460817589827 0.1848262353169773 0.22094885176272208 0.26414058867544243 0.3759957190945423 0.4348883129282953 0.5567608304850049 0.6333527391266607 0.6862366829643454 1.008800183610379 1.2393398381721494 1.3550876370940568 1.487785958043176 2.004113068725597 2.3871476408715377
1870 22440 -0.9168448437664248 -0.1858229210912266 0.1588660666744437 0.9266818874403062 0.011354978359515783 0.014840807956825006 0.03361910458536818 0.12197460817589827 0.1848262353169773 0.22094885176272208 0.26414058867544243 0.3759957190945423 0.4348883129282953 0.5567608304850049 0.6333527391266607 0.6862366829643454 1.008800183610379 1.2393398381721494 1.3550876370940568 1.487785958043176 2.004113068725597 2.3871476408715377
1871 22452 -0.9168448437664248 -0.1858229210912266 0.1588660666744437 0.9266818874403062 0.011354978359515783 0.014840807956825006 0.03361910458536818 0.12197460817589827 0.1848262353169773 0.22094885176272208 0.26414058867544243 0.3759957190945423 0.4348883129282953 0.5567608304850049 0.6333527391266607 0.6862366829643454 1.008800183610379 1.2393398381721494 1.3550876370940568 1.487785958043176 2.004113068725597 2.3871476408715377
1872 22464 -0.9168448437664248 -0.1858229210912266 0.1588660666744437 0.9266818874403062 0.011354978359515783 0.014840807956825006 0.03361910458536818 0.12197460817589827 0.1848262353169773 0.22094885176272208 0.26414058867544243 0.3759957190945423 0.4348883129282953 0.5567608304850049 0.6333527391266607 0.6862366829643454 1.008800183610379 1.2393398381721494 1.3550876370940568 1.487785958043176 2.004113068725597 2.3871476408715377
1873 22476 -0.923432555299811 -0.16610781895313242 0.1529491397585478 0.9229891031601201 0.011615313183026355 0.014799264581847065 0.027662126403478947 0.12589661137086128 0.16646003006131918 0.21742230843102864 0.2578385876740609 0.3739009630164283 0.4158991125225001 0.5477712099935691 0.6351205711260139 0.664816666704299 1.0147392919841138 1.211872432526562 1.367784493754003 1.5696841322771504 2.016136636671951 2.342114830428691
1874 22488 -0.923432555299811 -0.16610781895313242 0.1529491397585478 0.9229891031601201 0.011615313183026355 0.014799264581847065 0.027662126403478947 0.12589661137086128 0.16646003006131918 0.21742230843102864 0.2578385876740609 0.3739009630164283 0.4158991125225001 0.5477712099935691 0.6351205711260139 0.664816666704299 1.0147392919841138 1.211872432526562 1.367784493754003 1.5696841322771504 2.016136636671951 2.342114830428691
1875 22500 -0.923432555299811 -0.16610781895313242 0.1529491397585478 0.9229891031601201 0.011615313183026355 0.014799264581847065 0.027662126403478947 0.12589661137086128 0.16646003006131918 0.21742230843102864 0.2578385876740609 0.3739009630164283 0.4158991125225001 0.5477712099935691 0.6351205711260139 0.664816666704299 1.0147392919841138 1.211872432526562 1.367784493754003 1.5696841322771504 2.016136636671951 2.342114830428691
1876 22512 -0.923432555299811 -0.16610781895313242 0.1529491397585478 0.9229891031601201 0.011615313183026355 0.014799264581847065 0.027662126403478947 0.12589661137086128 0.16646003006131918 0.21742230843102864 0.2578385876740609 0.3739009630164283 0.4158991125225001 0.5477712099935691 0.6351205711260139 0.664816666704299 1.0147392919841138 1.211872432526562 1.367784493754003 1.5696841322771504 2.016136636671951 2.342114830428691
1877 22524 -0.923432555299811 -0.16610781895313242 0.1529491397585478 0.9229891031601201 0.011615313183026355 0.014799264581847065 0.027662126403478947 0.12589661137086128 0.16646003006131918 0.21742230843102864 0.2578385876740609 0.3739009630164283 0.4158991125225001 0.5477712099935691 0.6351205711260139 0.664816666704299 1.0147392919841138 1.211872432526562 1.367784493754003 1.5696841322771504 2.016136636671951 2.342114830428691
1878 22536 -0.923432555299811 -0.16610781895313242 0.1529491397585478 0.9229891031601201 0.011615313183026355 0.014799264581847065 0.027662126403478947 0.12589661137086128 0.16646003006131918 0.21742230843102864 0.2578385876740609 0.3739009630164283 0.4158991125225001 0.5477712099935691 0.6351205711260139 0.664816666704299 1.0147392919841138 1.211872432526562 1.367784493754003 1.5696841322771504 2.016136636671951 2.342114830428691
1879 22548 -0.923432555299811 -0.16610781895313242 0.1529491397585478 0.9229891031601201 0.011615313183026355 0.014799264581847065 0.027662126403478947 0.12589661137086128 0.16646003006131918 0.21742230843102864 0.2578385876740609 0.3739009630164283 0.4158991125225001 0.5477712099935691 0.6351205711260139 0.664816666704299 1.0147392919841138 1.211872432526562 1.367784493754003 1.5696841322771504 2.016136636671951 2.342114830428691
1880 22560 -0.923432555299811 -0.16610781895313242 0.1529491397585478 0.9229891031601201 0.011615313183026355 0.014799264581847065 0.027662126403478947 0.12589661137086128 0.16646003006131918 0.21742230843102864 0.2578385876740609 0.3739009630164283 0.4158991125225001 0.5477712099935691 0.6351205711260139 0.664816666704299 1.0147392919841138 1.211872432526562 1.367784493754003 1.5696841322771504 2.016136636671951 2.342114830428691
1881 22572 -0.923432555299811 -0.16610781895313242 0.1529491397585478 0.9229891031601201 0.011615313183026355 0.014799264581847065 0.027662126403478947 0.12589661137086128 0.16646003006131918 0.21742230843102864 0.2578385876740609 0.3739009630164283 0.4158991125225001 0.5477712099935691 0.6351205711260139 0.664816666704299 1.0147392919841138 1.211872432526562 1.367784493754003 1.5696841322771504 2.016136636671951 2.342114830428691
1882 22584 -0.923432555299811 -0.16610781895313242 0.1529491397585478 0.9229891031601201 0.011615313183026355 0.014799264581847065 0.027662126403478947 0.12589661137086128 0.16646003006131918 0.21742230843102864 0.2578385876740609 0.3739009630164283 0.4158991125225001 0.5477712099935691 0.6351205711260139 0.664816666704299 1.0147392919841138 1.211872432526562 1.367784493754003 1.5696841322771504 2.016136636671951 2.342114830428691
1883 22596 -0.923432555299811 -0.16610781895313242 0.1529491397585478 0.9229891031601201 0.011615313183026355 0.014799264581847065 0.027662126403478947 0.12589661137086128 0.16646003006131918 0.21742230843102864 0.2578385876740609 0.3739009630164283 0.4158991125225001 0.5477712099935691 0.6351205711260139 0.664816666704299 1.0147392919841138 1.211872432526562 1.367784493754003 1.5696841322771504 2.016136636671951 2.342114830428691
1884 22608 -0.923432555299811 -0.16610781895313242 0.1529491397585478 0.9229891031601201 0.011615313183026355 0.014799264581847065 0.027662126403478947 0.12589661137086128 0.16646003006131918 0.21742230843102864 0.2578385876740609 0.3739009630164283 0.4158991125225001 0.5477712099935691 0.6351205711260139 0.664816666704299 1.0147392919841138 1.211872432526562 1.367784493754003 1.5696841322771504 2.016136636671951 2.342114830428691
1885 22620 -0.923432555299811 -0.16610781895313242 0.1529491397585478 0.9229891031601201 0.011615313183026355 0.014799264581847065 0.027662126403478947 0.12589661137086128 0.16646003006131918 0.21742230843102864 0.2578385876740609 0.3739009630164283 0.4158991125225001 0.5477712099935691 0.6351205711260139 0.664816666704299 1.0147392919841138 1.211872432526562 1.367784493754003 1.5696841322771504 2.016136636671951 2.342114830428691
1886 22632 -0.923432555299811 -0.16610781895313242 0.1529491397585478 0.9229891031601201 0.011615313183026355 0.014799264581847065 0.027662126403478947 0.12589661137086128 0.16646003006131918 0.21742230843102864 0.2578385876740609 0.3739009630164283 0.4158991125225001 0.5477712099935691 0.6351205711260139 0.664816666704299 1.0147392919841138 1.211872432526562 1.367784493754003 1.5696841322771504 2.016136636671951 2.342114830428691
1887 22644 -0.923432555299811 -0.16610781895313242 0.1529491397585478 0.9229891031601201 0.011615313183026355 0.014799264581847065 0.027662126403478947 0.12589661137086128 0.16646003006131918 0.21742230843102864 0.2578385876740609 0.3739009630164283 0.4158991125225001 0.5477712099935691 0.6351205711260139 0.664816666704299 1.0147392919841138 1.211872432526562 1.367784493754003 1.5696841322771504 2.016136636671951 2.342114830428691
1888 22656 -0.923432555299811 -0.16610781895313242 0.1529491397585478 0.9229891031601201 0.011615313183026355 0.014799264581847065 0.027662126403478947 0.12589661137086128 0.16646003006131918 0.21742230843102864 0.2578385876740609 0.3739009630164283 0.4158991125225001 0.5477712099935691 0.6351205711260139 0.664816666704299 1.0147392919841138 1.211872432526562 1.367784493754003 1.5696841322771504 2.016136636671951 2.342114830428691
1889 22668 -0.923432555299811 -0.16610781895313242 0.1529491397585478 0.9229891031601201 0.011615313183026355 0.014799264581847065 0.027662126403478947 0.12589661137086128 0.16646003006131918 0.21742230843102864 0.2578385876740609 0.3739009630164283 0.4158991125225001 0.5477712099935691 0.6351205711260139 0.664816666704299 1.0147392919841138 1.211872432526562 1.367784493754003 1.5696841322771504 2.016136636671951 2.342114830428691
1890 22680 -0.923432555299811 -0.16610781895313242 0.1529491397585478 0.9229891031601201 0.011615313183026355 0.014799264581847065 0.027662126403478947 0.12589661137086128 0.16646003006131918 0.21742230843102864 0.2578385876740609 0.3739009630164283 0.4158991125225001 0.5477712099935691 0.6351205711260139 0.664816666704299 1.0147392919841138 1.211872432526562 1.367784493754003 1.5696841322771504 2.016136636671951 2.342114830428691
1891 22692 -0.9316469429516872 -0.16024652309942722 0.1300832483831504 0.9296202517809786 0.010723429190697385 0.01366320139588661 0.025388339789193592 0.1265003956211406 0.16528330712569056 0.21007168961239786 0.267943061083958 0.3480632939390266 0.4072066868227536 0.4774334383284798 0.6497650174041473 0.6893208486995414 1.058461940633973 1.2219533549250432 1.3142569036626952 1.4947080718845134 2.0291179203301346 2.394846289650227
1892 22704 -0.9316469429516872 -0.16024652309942722 0.1300832483831504 0.9296202517809786 0.010723429190697385 0.01366320139588661 0.025388339789193592 0.1265003956211406 0.16528330712569056 0.21007168961239786 0.267943061083958 0.3480632939390266 0.4072066868227536 0.4774334383284798 0.6497650174041473 0.6893208486995414 1.058461940633973 1.2219533549250432 1.3142569036626952 1.4947080718845134 2.0291179203301346 2.394846289650227
1893 22716 -0.9316469429516872 -0.16024652309942722 0.1300832483831504 0.9296202517809786 0.010723429190697385 0.01366320139588661 0.025388339789193592 0.1265003956211406 0.16528330712569056 0.21007168961239786 0.267943061083958 0.3480632939390266 0.4072066868227536 0.4774334383284798 0.6497650174041473 0.6893208486995414 1.058461940633973 1.2219533549250432 1.3142569036626952 1.4947080718845134 2.0291179203301346 2.394846289650227
1894 22728 -0.9316469429516872 -0.16024652309942722 0.1300832483831504 0.9296202517809786 0.010723429190697385 0.01366320139588661 0.025388339789193592 0.1265003956211406 0.16528330712569056 0.21007168961239786 0.267943061083958 0.3480632939390266 0.4072066868227536 0.4774334383284798 0.6497650174041473 0.6893208486995414 1.058461940633973 1.2219533549250432 1.3142569036626952 1.4947080718845134 2.0291179203301346 2.394846289650227
1895 22740 -0.9316469429516872 -0.16024652309942722 0.1300832483831504 0.9296202517809786 0.010723429190697385 0.01366320139588661 0.025388339789193592 0.1265003956211406 0.16528330712569056 0.21007168961239786 0.267943061083958 0.3480632939390266 0.4072066868227536 0.4774334383284798 0.6497650174041473 0.6893208486995414 1.058461940633973 1.2219533549250432 1.3142569036626952 1.4947080718845134 2.0291179203301346 2.394846289650227
1896 22752 -0.9316469429516872 -0.16024652309942722 0.1300832483831504 0.9296202517809786 0.010723429190697385 0.01366320139588661 0.025388339789193592 0.1265003956211406 0.16528330712569056 0.21007168961239786 0.267943061083958 0.3480632939390266 0.4072066868227536 0.4774334383284798 0.6497650174041473 0.6893208486995414 1.058461940633973 1.2219533549250432 1.3142569036626952 1.4947080718845134 2.0291179203301346 2.394846289650227
1897 22764 -0.9316469429516872 -0.16024652309942722 0.1300832483831504 0.9296202517809786 0.010723429190697385 0.01366320139588661 0.025388339789193592 0.1265003956211406 0.16528330712569056 0.21007168961239786 0.267943061083958 0.3480632939390266 0.4072066868227536 0.4774334383284798 0.6497650174041473 0.6893208486995414 1.058461940633973 1.2219533549250432 1.3142569036626952 1.4947080718845134 2.0291179203301346 2.394846289650227
1898 22776 -0.9316469429516872 -0.16024652309942722 0.1300832483831504 0.9296202517809786 0.010723429190697385 0.01366320139588661 0.025388339789193592 0.1265003956211406 0.16528330712569056 0.21007168961239786 0.267943061083958 0.3480632939390266 0.4072066868227536 0.4774334383284798 0.6497650174041473 0.6893208486995414 1.058461940633973 1.2219533549250432 1.3142569036626952 1.4947080718845134 2.0291179203301346 2.394846289650227
1899 22788 -0.9316469429516872 -0.16024652309942722 0.1300832483831504 0.9296202517809786 0.010723429190697385 0.01366320139588661 0.025388339789193592 0.1265003956211406 0.16528330712569056 0.21007168961239786 0.267943061083958 0.3480632939390266 0.4072066868227536 0.4774334383284798 0.6497650174041473 0.6893208486995414 1.058461940633973 1.2219533549250432 1.3142569036626952 1.4947080718845134 2.0291179203301346 2.394846289650227
1900 22800 -0.9316469429516872 -0.16024652309942722 0.1300832483831504 0.9296202517809786 0.010723429190697385 0.01366320139588661 0.025388339789193592 0.1265003956211406 0.16528330712569056 0.21007168961239786 0.267943061083958 0.3480632939390266 0.4072066868227536 0.4774334383284798 0.6497650174041473 0.6893208486995414 1.058461940633973 1.2219533549250432 1.3142569036626952 1.4947080718845134 2.0291179203301346 2.394846289650227
1901 22812 -0.9316469429516872 -0.16024652309942722 0.1300832483831504 0.9296202517809786 0.010723429190697385 0.01366320139588661 0.025388339789193592 0.1265003956211406 0.16528330712569056 0.21007168961239786 0.267943061083958 0.3480632939390266 0.4072066868227536 0.4774334383284798 0.6497650174041473 0.6893208486995414 1.058461940633973 1.2219533549250432 1.3142569036626952 1.4947080718845134 2.0291179203301346 2.394846289650227
1902 22824 -0.9316469429516872 -0.16024652309942722 0.1300832483831504 0.9296202517809786 0.010723429190697385 0.01366320139588661 0.025388339789193592 0.1265003956211406 0.16528330712569056 0.21007168961239786 0.267943061083958 0.3480632939390266 0.4072066868227536 0.4774334383284798 0.6497650174041473 0.6893208486995414 1.058461940633973 1.2219533549250432 1.3142569036626952 1.4947080718845134 2.0291179203301346 2.394846289650227
1903 22836 -0.9316469429516872 -0.16024652309942722 0.1300832483831504 0.9296202517809786 0.010723429190697385 0.01366320139588661 0.025388339789193592 0.1265003956211406 0.16528330712569056 0.21007168961239786 0.267943061083958 0.3480632939390266 0.4072066868227536 0.4774334383284798 0.6497650174041473 0.6893208486995414 1.058461940633973 1.2219533549250432 1.3142569036626952 1.4947080718845134 2.0291179203301346 2.394846289650227
1904 22848 -0.9316469429516872 -0.16024652309942722 0.1300832483831504 0.9296202517809786 0.010723429190697385 0.01366320139588661 0.025388339789193592 0.1265003956211406 0.16528330712569056 0.21007168961239786 0.267943061083958 0.3480632939390266 0.4072066868227536 0.4774334383284798 0.6497650174041473 0.6893208486995414 1.058461940633973 1.2219533549250432 1.3142569036626952 1.4947080718845134 2.0291179203301346 2.394846289650227
1905 22860 -0.9316469429516872 -0.16024652309942722 0.1300832483831504 0.9296202517809786 0.010723429190697385 0.01366320139588661 0.025388339789193592 0.1265003956211406 0.16528330712569056 0.21007168961239786 0.267943061083958 0.3480632939390266 0.4072066868227536 0.4774334383284798 0.6497650174041473 0.6893208486995414 1.058461940633973 1.2219533549250432 1.3142569036626952 1.4947080718845134 2.0291179203301346 2.394846289650227
