% # columns="iteration, evaluation, sigma, axis ratio, bestever, best, median, worst objective function value, interquartile range, 25%tile, current best feasible f-value, elapsed wallclock time [s], further/more values", seed=414859, Sat May  9 10:18:14 2026, <python>{}</python>
1 12 0.941436949544552 1.0000472233372089 28.47092321993653 2.8470923219936530e+01 53.83016567408033 77.94450106090099 26.00070943552521 34.78297713532817 nan 0.0   
2 24 0.9130541199813171 1.105613749869755 28.47092321993653 3.8883576588302759e+01 50.05556547242539 81.66897342372691 9.098748872845853 45.04518470493499 nan 0.0   
3 36 0.9207232027984474 1.1474660601569713 28.47092321993653 3.2650980234886866e+01 44.40551672789162 54.9086520569584 12.46252871338541 39.60637211413468 nan 0.0   
4 48 0.9121585917441865 1.196253515958281 28.47092321993653 3.4845465320284831e+01 45.46131304206045 60.81539260887802 11.530749987413301 41.21024374391628 nan 0.0   
5 60 0.9002084147166015 1.2083833578208243 27.592403513634878 2.7592403513634878e+01 51.03377062284585 74.6233231808787 13.361460956544967 40.83125860460507 nan 0.0   
6 72 0.866923709151077 1.2525104603920258 27.592403513634878 4.2002185370860055e+01 47.64690304112166 59.68684180721402 5.638562702516367 43.69646107883743 nan 0.0   
7 84 0.8516608645015721 1.267188191461154 27.592403513634878 2.8733211482197014e+01 47.95650683389837 65.1033931262968 13.185773048315198 39.609117173350455 nan 0.0   
8 96 0.8092905505235543 1.3018530656010345 27.592403513634878 3.2803425445506953e+01 47.11447723720936 60.37510258870291 10.140736542568604 43.271755180290924 nan 0.1   
9 108 0.823430719514158 1.3298742012229456 27.592403513634878 2.8569125089888900e+01 50.75415756970552 62.26372653737175 18.900281841232626 37.5240805958169 nan 0.1   
10 120 0.8411667373692909 1.414196834409326 27.592403513634878 3.2734900359054883e+01 42.71040331667407 56.227855411471296 7.9125400568905775 38.04778006173173 nan 0.1   
11 132 0.8402110352231198 1.4791463729394212 27.592403513634878 2.9751714706732390e+01 43.10969798854615 63.490809540439194 19.842839571863635 36.317202374631165 nan 0.1   
12 144 0.8633322226682161 1.5000763380300368 20.448733763740798 2.0448733763740798e+01 49.66854596483538 70.52596780978068 15.6162251054242 38.82649099393124 nan 0.1   
13 156 0.8620575607396258 1.5287969730147715 20.448733763740798 3.3013920006824577e+01 53.97111093456335 70.84192382367851 13.017340644693043 44.72935925725083 nan 0.1   
14 168 0.8336876661797917 1.5902538074560841 20.448733763740798 2.5782093442210531e+01 48.498761868509554 68.56446221392775 16.031124202803944 39.77802272498061 nan 0.1   
15 180 0.8324007700442919 1.6098063484601395 20.448733763740798 2.5448158435653330e+01 48.15030564189604 56.876211186736825 16.8868899980939 37.970000743630976 nan 0.1   
16 192 0.7984393444337381 1.6237238002200767 20.448733763740798 2.8988923606148312e+01 43.615661966377175 52.58297772099707 12.129800886894557 36.77978868074175 nan 0.1   
17 204 0.7653394985492777 1.6616894874827006 20.448733763740798 2.5468218087934968e+01 44.30624646411857 53.558422704906604 16.731268925453897 32.77479780605878 nan 0.1   
18 216 0.7416064041033528 1.6822035243693956 20.448733763740798 2.6142757991264215e+01 37.57353273716312 52.67381023424817 16.502485622180906 32.203596533906996 nan 0.1   
19 228 0.6975794766056651 1.6724364498029678 17.344206949270504 1.7344206949270504e+01 40.23507629368607 63.40083879253609 8.60411429179672 35.86618555629241 nan 0.1   
20 240 0.6807939601265293 1.6968801706200214 17.344206949270504 2.3236918997377206e+01 38.451392294712456 63.44025951015281 18.493578659205895 31.511297336925367 nan 0.1   
21 252 0.6689703535051449 1.7092183073702294 17.344206949270504 2.8704066088587613e+01 47.05591035545325 61.33535020554666 14.846603710694836 38.481930782739006 nan 0.1   
22 264 0.6793981996134533 1.7297176580189888 17.344206949270504 3.3278327960457226e+01 47.82119981452367 59.358835528803915 13.755446867313701 37.02228221101892 nan 0.1   
23 276 0.6718322057895943 1.776874281301543 17.344206949270504 2.4374889682457251e+01 39.04606566903901 54.44607902476097 11.390954055700462 35.695793384461524 nan 0.1   
24 288 0.693060709043822 1.8006507368270388 17.344206949270504 2.8539676649907783e+01 44.62112190171832 76.08041253236178 26.090843135782876 34.40801786747828 nan 0.1   
25 300 0.7034230591509458 1.7943232693788347 17.344206949270504 3.0619335030134593e+01 40.08904891080286 59.21298752973797 10.221542234835724 34.949117010995735 nan 0.2   
26 312 0.6973686367764573 1.837440351228907 17.344206949270504 2.5928287864747357e+01 42.87120990133069 73.07348470651152 15.024388160781697 34.54007834262694 nan 0.2   
27 324 0.6841058927663592 1.8718995168174246 17.344206949270504 2.2125029521274325e+01 40.71802768637591 58.61039377033169 11.011813334733745 34.97418460972166 nan 0.2   
28 336 0.6723919609855503 1.8888075033497747 17.344206949270504 3.2283684577577510e+01 41.15421586968411 65.69481634515668 14.1901917796241 37.53970719912613 nan 0.2   
29 348 0.6770351293110758 1.9060346312994416 17.344206949270504 2.1672479974399231e+01 44.1417500533913 52.682843624868084 14.768251310660439 35.231635456370796 nan 0.2   
30 360 0.6933719256957821 1.9627097640264994 17.344206949270504 2.6782976213839081e+01 42.060784944576305 69.52429690853396 9.74607107014289 33.86758843615891 nan 0.2   
31 372 0.7156506823957615 1.9899022775688544 17.344206949270504 3.2311974067058401e+01 41.20541521877066 61.47557715106309 14.049044009134157 35.697365316594706 nan 0.2   
32 384 0.7274850684100151 2.0500812084423874 17.344206949270504 3.4532680672325306e+01 40.19322348314473 52.580546984664416 7.0743538876630865 38.165115279485505 nan 0.2   
33 396 0.7240750874222126 2.0844638127791915 17.344206949270504 2.6942853980193142e+01 36.64028882478346 50.06889180281344 10.498086334352855 32.2643353905379 nan 0.2   
34 408 0.718026438282608 2.1519322307634057 17.344206949270504 3.3606062858765192e+01 42.71023239939464 89.67388241912224 8.24532065691001 38.37136760327088 nan 0.2   
35 420 0.7109387075084478 2.152971576682739 17.344206949270504 3.0144893465952553e+01 46.7802317273409 66.32838252846538 17.5874115364102 33.357300266210416 nan 0.2   
36 432 0.7061471267164433 2.204191594822983 17.344206949270504 2.4267127457033471e+01 41.04337190561969 58.97878051345988 8.676800889615372 36.482278701282276 nan 0.2   
37 444 0.7046782931612915 2.205192047504962 17.344206949270504 2.9004438634636578e+01 45.87710089746373 58.770193259630496 11.45125734422615 39.094076315762365 nan 0.2   
38 456 0.7050895883279292 2.242723896752882 17.344206949270504 2.4167243230488889e+01 46.34438408790457 66.33421310843906 17.598693493708055 32.730221575654944 nan 0.2   
39 468 0.7062253522654218 2.267023855339916 17.344206949270504 2.4323841998392624e+01 37.64214627370204 58.46750850425281 9.866535259121498 32.05104465412859 nan 0.2   
40 480 0.7130803795223866 2.319696233913047 17.344206949270504 3.1117269102807448e+01 40.75081892786757 60.694535959254345 12.677737398806777 36.55595079286744 nan 0.2   
41 492 0.7044914476791974 2.304035851293841 17.344206949270504 2.7646749522299533e+01 38.2989987474157 61.458403324191636 12.434466924237462 32.03526955565394 nan 0.3   
42 504 0.6944113217284247 2.3243207073811587 17.344206949270504 2.3775374473831398e+01 31.50125191779559 51.1769506545322 17.178420104116405 29.260272921191486 nan 0.3   
43 516 0.6482697187671671 2.3491772831549365 17.344206949270504 2.5829322405545927e+01 41.00536690115351 66.31218433327697 18.446719589302873 31.160807328825193 nan 0.3   
44 528 0.6117376059816619 2.357578180479547 17.344206949270504 2.5818422785668588e+01 31.888213502024247 52.134278570576996 7.829695822417506 30.39745797759474 nan 0.3   
45 540 0.5890081527923242 2.373859418802707 17.344206949270504 2.4190460149045581e+01 36.51544405491382 51.687655592358375 15.39765669340128 27.776404388173482 nan 0.3   
46 552 0.5468332416363029 2.411332811129613 17.344206949270504 2.7231497305173065e+01 33.69915406243015 45.87818537607488 10.199712224863614 30.380364626537936 nan 0.3   
47 564 0.520490181947533 2.421194623073731 17.344206949270504 2.4296408332887204e+01 32.48455827246502 45.999641785910136 9.805949580880434 26.97000976477624 nan 0.3   
48 576 0.4928609234760625 2.4731157590757995 17.344206949270504 2.2342654796664686e+01 30.81801069905109 46.76767602191703 7.514275614690895 27.412759714162412 nan 0.3   
49 588 0.4742366930351467 2.4691549343415957 17.344206949270504 2.0058125163567198e+01 32.07630169618668 41.5604770867251 9.800478997070392 25.78277830258569 nan 0.3   
50 600 0.45408249993761035 2.523731768462724 17.344206949270504 2.1222352039264234e+01 32.18183050887599 47.42423254066363 8.758801903004159 27.149838953892495 nan 0.3   
51 612 0.422395494692982 2.537719610425627 17.344206949270504 2.1043933513822665e+01 34.06613593302274 54.6015569790626 13.518405294223562 28.961097037000435 nan 0.3   
52 624 0.40219805066873904 2.5921044393787254 17.344206949270504 2.1180496516077238e+01 32.29172523712911 49.3972303092539 11.928507151647388 23.70812224267393 nan 0.3   
53 636 0.38702057695257175 2.620574481010951 17.344206949270504 1.9775646086118670e+01 28.74589631437441 33.437542850896214 6.472829565972816 24.065046819980708 nan 0.3   
54 648 0.38703357563705354 2.6665853219930344 17.344206949270504 2.0473607664141976e+01 26.05769637815575 35.22160664238107 5.801461617239674 22.84679505722206 nan 0.3   
55 660 0.38418686877543373 2.7353607657513357 17.344206949270504 2.3067652336901030e+01 28.653160790571135 45.82250223865536 9.381627931658642 25.733580620335943 nan 0.3   
56 672 0.3709727470735271 2.7886479876892536 17.344206949270504 1.9368474376002894e+01 25.545549333283383 35.726009492586726 7.594247764964205 22.30208210750438 nan 0.3   
57 684 0.36689035025071365 2.7918231004317557 17.344206949270504 2.0338577266334749e+01 28.761226971130164 34.47206704219355 5.348958302175266 24.97549222091212 nan 0.3   
58 696 0.3650972690056914 2.8175715700908643 17.344206949270504 2.1874732711649369e+01 27.153404233672834 38.87395723023902 4.567007138981815 24.61289245803648 nan 0.3   
59 708 0.3657230396126475 2.856097627192882 17.344206949270504 2.3315663893770701e+01 26.738528596019243 39.20807422061338 2.8517673627888875 25.57888988080005 nan 0.4   
60 720 0.3534706050535369 2.8940871727531188 17.344206949270504 2.3471250754702830e+01 28.344870771596526 31.79717988939124 3.6580713126120017 25.582672585010485 nan 0.4   
61 732 0.3401585874907038 2.943348697470441 17.344206949270504 2.3163679277703931e+01 25.712916464293123 36.17372744886567 10.73566830900031 23.688607528612167 nan 0.4   
62 744 0.32212315542183223 2.9617764319623108 17.344206949270504 2.0518477255392138e+01 25.51200269076915 35.45873080830005 6.236916940913986 24.233620384145418 nan 0.4   
63 756 0.3142193838057012 2.9539572383543335 17.344206949270504 2.1401469337768411e+01 25.20984023580881 34.201385928639894 2.1337005482432296 24.073870620405994 nan 0.4   
64 768 0.3154407948404627 2.962609536669037 17.344206949270504 1.8881714555181873e+01 26.35576410196692 32.144922348816635 5.126230044777579 21.80769174495562 nan 0.4   
65 780 0.3282681265014037 2.982989485393161 17.344206949270504 2.0769549132084368e+01 25.797680937513476 29.641870489470037 4.722550461200523 22.007668644682834 nan 0.4   
66 792 0.35206989545208567 3.043185830771876 17.344206949270504 1.8846892460196358e+01 24.25286178172756 30.445515655011206 3.506539897800515 21.410636714903063 nan 0.4   
67 804 0.3673466749498518 3.201920316268303 17.344206949270504 2.0517487785111843e+01 24.372088794709036 32.59205790737892 4.681953190581275 22.861686461444478 nan 0.4   
68 816 0.36261519081481125 3.329840507473977 17.344206949270504 2.1291369826256908e+01 27.375123074785776 44.26627875574665 4.8006937579382445 22.998059822833806 nan 0.4   
69 828 0.3466548051692853 3.4116922054697447 17.344206949270504 1.9841247061059615e+01 25.648915404100535 35.0445764717894 4.868030886193949 22.752381649555844 nan 0.4   
70 840 0.348707403313231 3.4486510237086803 17.344206949270504 1.9222093037333547e+01 24.757526656667014 31.30331906885582 5.259469609785864 21.532647408794723 nan 0.4   
71 852 0.34407560882005583 3.586010833293315 17.344206949270504 2.0717255570971002e+01 23.49661421144135 27.39026412834137 3.8374693019071806 21.34717509130015 nan 0.4   
72 864 0.361489210310834 3.608424943543028 17.344206949270504 1.8736056297550494e+01 23.461521701400276 30.77604033264401 3.9031347869106128 21.120603102543754 nan 0.4   
73 876 0.36855998171464605 3.7518031710595974 17.344206949270504 2.0853949513514412e+01 24.754685002950854 45.40778459995486 4.1152089400812315 22.003904315473058 nan 0.4   
74 888 0.38449251148483166 3.907059997821537 17.344206949270504 1.9709830788742909e+01 26.002373884795812 38.51264406682156 7.756067069192401 22.00930076075794 nan 0.4   
75 900 0.4088396585650108 3.9886709270453977 17.344206949270504 2.0122666485553637e+01 23.86264119337126 37.94521117797781 7.209088944242829 20.498468414320406 nan 0.4   
76 912 0.4289687614427198 4.233434854594931 17.344206949270504 1.9507300265186707e+01 25.733907943983894 29.79532215291619 5.782717710982347 22.113187120377148 nan 0.5   
77 924 0.44053615596810924 4.328726382440956 17.344206949270504 1.8600074109967537e+01 23.788721784398284 33.35214189263343 4.884574971705597 19.957699052873956 nan 0.5   
78 936 0.4415652630126923 4.3400542771878365 17.344206949270504 1.9686584858653550e+01 26.171802137902702 35.63733726317028 9.637625979737507 22.608979589138926 nan 0.5   
79 948 0.4470006804671428 4.476749145692412 17.344206949270504 1.9815772161655524e+01 28.87660535838889 36.37708021692024 10.121734044565333 24.249024708940293 nan 0.5   
80 960 0.43213318407687207 4.587180720315035 17.344206949270504 1.9329412411870237e+01 27.732893488436414 39.28940772291877 6.4262097913215115 25.83285107412368 nan 0.5   
81 972 0.4223001562119205 4.5528553492438535 17.344206949270504 1.8639936208070996e+01 24.305035169888882 30.677922143774136 4.777742425285588 22.353285699236338 nan 0.5   
82 984 0.4019790400899746 4.585583649263135 17.344206949270504 2.1236272310973497e+01 24.374532220517523 30.963645226650122 2.6184320674318258 23.257380066902954 nan 0.5   
83 996 0.39799403903282426 4.669516955461794 17.344206949270504 1.9855409393749586e+01 27.661873772731067 33.71499229523002 8.046988368985474 22.005508629140344 nan 0.5   
84 1008 0.4098136010659926 4.69975639658924 17.344206949270504 1.7984576775176031e+01 24.119336238189597 39.64659628970987 3.030956719534103 22.297965781203736 nan 0.5   
85 1020 0.4252991206936145 4.746980430171682 17.344206949270504 2.0140610084552822e+01 25.137444468851672 40.14800847409592 7.175883216650632 22.828331408265377 nan 0.5   
86 1032 0.44673965360876433 4.790361249266059 17.344206949270504 1.7974926347360185e+01 27.51228707756886 43.34860846829802 6.553395636056919 23.48337636437703 nan 0.5   
87 1044 0.47032956512810165 4.930227648459737 17.344206949270504 1.9540375788074698e+01 25.203257873629987 40.694468752025415 5.82930056480695 21.834062666475653 nan 0.5   
88 1056 0.46102575656787115 4.97906298969836 17.344206949270504 2.0286643550476168e+01 23.378620674791463 30.67700155949593 3.481557856738821 22.461336657907843 nan 0.5   
89 1068 0.4367364402783274 5.018352088354868 17.344206949270504 1.7706437235076468e+01 28.84026470875309 40.62728135863454 7.7058662312740545 23.22219157872423 nan 0.5   
90 1080 0.41944452756542433 5.182636381197599 17.344206949270504 2.0233168107846584e+01 23.643828926516168 35.77913080198316 6.029417920004484 21.598086072011036 nan 0.5   
91 1092 0.40878215927079314 5.2062795756728 17.344206949270504 1.7750797870906428e+01 23.060787033533323 27.8572909219159 2.813651687805681 21.772757333182206 nan 0.5   
92 1104 0.4035964888272342 5.276292150800502 17.344206949270504 1.8551270159391365e+01 22.54645643197208 29.183946913973855 2.7295594033504216 21.490798512617623 nan 0.5   
93 1116 0.39354842762315934 5.422122454548157 17.344206949270504 1.8340867379643161e+01 22.327014796874554 28.277833202385303 2.708887302719919 21.07444867319268 nan 0.5   
94 1128 0.3910408854874731 5.514016097070956 17.344206949270504 1.7603777039191026e+01 22.156672125950546 26.2022873014966 3.665385221056006 20.19145339248906 nan 0.6   
95 1140 0.37519047464941846 5.564435923880503 17.344206949270504 1.9346316947523388e+01 26.02835000505741 32.89869106029957 5.404060184048525 23.48746243912136 nan 0.6   
96 1152 0.36913211432179727 5.6424026039056825 17.243357511751988 1.7243357511751988e+01 20.97146902544535 27.201237818869537 3.1335973255850718 19.143168852651378 nan 0.6   
97 1164 0.3814042265262272 5.7914546564746505 17.243357511751988 1.7419681405074847e+01 23.857037863122716 33.00453258296157 4.956887695682596 20.704139780002656 nan 0.6   
98 1176 0.3930513681029544 5.91661265622336 17.243357511751988 1.7653331253801600e+01 23.330603356160346 29.35307794998163 7.275494532603677 19.098715946120826 nan 0.6   
99 1188 0.3817086553018861 5.954907146064663 17.243357511751988 1.9164388945749575e+01 22.559215379733548 27.204252572455513 5.467791558206564 19.7207777537862 nan 0.6   
100 1200 0.3693133550624324 6.073918780457502 17.243357511751988 1.7708605091916461e+01 23.369922113114963 27.003945301616962 5.572387604229256 19.362770174312928 nan 0.6   
101 1212 0.36604909726236884 6.157168979402037 17.243357511751988 1.7458473679497658e+01 20.65431895892817 27.81376431583931 2.9176077861000067 18.26798568396014 nan 0.6   
102 1224 0.3672417229800383 6.292506054146536 17.243357511751988 1.7887551992045303e+01 21.134078551724947 28.469189055518306 4.351179695197928 19.720523157627724 nan 0.6   
103 1236 0.3445027669103499 6.390306899542576 17.243357511751988 1.7477705445707166e+01 22.177740293553835 33.12822029957458 4.194473587845181 19.03602590870784 nan 0.6   
104 1248 0.33439703867953924 6.422605539513182 17.243357511751988 1.7951762994538083e+01 20.756688161304137 24.318025194588227 2.3139562248619434 19.086971056709743 nan 0.6   
105 1260 0.32509616350960147 6.520881877982412 17.243357511751988 1.7410140016855554e+01 20.202838920973274 24.207851199710014 3.2422598254738517 19.41912892398134 nan 0.6   
106 1272 0.32353667262344515 6.6950678482607735 17.243357511751988 1.7788579177039704e+01 20.013478387483417 28.572388131753577 1.3357723092894211 19.49793004860892 nan 0.6   
107 1284 0.3087034583002928 6.7414914401321475 17.08041548541672 1.7080415485416719e+01 19.965386787968445 24.225495576824127 3.0258023323652132 18.799718944910612 nan 0.6   
108 1296 0.29629130697967815 6.767167047052861 17.08041548541672 1.7089094178834927e+01 19.60695752320856 22.66259114431838 2.537513518373288 18.419993334623683 nan 0.6   
109 1308 0.29322745103970926 6.8078956664539145 17.08041548541672 1.7577192827785513e+01 19.64072649993248 21.185702356443393 2.126536640188924 18.780758543669755 nan 0.6   
110 1320 0.28956448820004127 6.879744028522031 17.08041548541672 1.7211844860440390e+01 19.807168866522193 22.119093012918174 1.6857179546043426 19.065032127970966 nan 0.6   
111 1332 0.2867801906921465 6.876354187183731 17.08041548541672 1.7503978941327208e+01 19.320377856579253 21.428171341891513 1.7506307995980421 18.5230270413657 nan 0.7   
112 1344 0.2749061409731976 6.889948404535904 17.08041548541672 1.7544267398139546e+01 18.687053816797402 20.470995450622254 1.0580104341805168 18.02533794123665 nan 0.7   
113 1356 0.25235746863581615 6.940479851624963 16.37266617989351 1.6372666179893510e+01 20.360047861980114 24.790350650162853 3.6143563277485242 18.41638445843232 nan 0.7   
114 1368 0.2398566721547963 6.982127097369577 16.37266617989351 1.6654344580930786e+01 19.43213107823374 21.695299948175816 2.8984917882142724 17.403831980078536 nan 0.7   
115 1380 0.2354976227119398 7.088117993604161 16.37266617989351 1.6761122384804739e+01 18.102759195698983 21.8274254625864 4.039753440372749 17.132749743679284 nan 0.7   
116 1392 0.23279361733991155 7.184725081095165 16.37266617989351 1.6515754566361103e+01 18.763536678380966 22.26304484403814 2.352897206509997 17.354463135502776 nan 0.7   
117 1404 0.22469491899744262 7.353308784945726 16.184010706694075 1.6184010706694075e+01 18.249036743030892 21.888538375988233 1.51836580533395 17.26921780116414 nan 0.7   
118 1416 0.2064068558825426 7.5482692226787185 16.184010706694075 1.6960358967366485e+01 18.129005650023895 19.52950993597553 1.5104955514463434 17.176807181734315 nan 0.7   
119 1428 0.1918104537239821 7.620484038484138 16.107338807955056 1.6107338807955056e+01 17.272866519199724 19.48838921498059 1.257955979952893 16.55462123801799 nan 0.7   
120 1440 0.18921374308117453 7.6968155579964455 15.657459071165187 1.5657459071165187e+01 18.431702204342642 23.25770459892885 2.016706046781618 17.210494089980415 nan 0.7   
121 1452 0.18337217614190732 7.965409399212143 15.657459071165187 1.6021950733387424e+01 17.293438631866195 19.253112678758285 1.546253223723447 16.32240731748558 nan 0.7   
122 1464 0.17993057960300735 7.976249673124297 15.657459071165187 1.6413804432694555e+01 17.12484091470303 18.33616293035549 0.9229334578044686 16.598886596831157 nan 0.7   
123 1476 0.17594638993682774 8.02010733085287 15.657459071165187 1.6306904147283962e+01 16.85459015525229 20.573923485369583 1.5703706991816127 16.623217064772714 nan 0.7   
124 1488 0.17619193457058846 8.140793600433161 15.657459071165187 1.6152211401799253e+01 16.945395532830947 18.127107639050884 1.0504927532612491 16.43957301245486 nan 0.7   
125 1500 0.1743801479679326 8.203082372109638 15.657459071165187 1.5764199733330511e+01 16.832337379419585 19.613662130810273 0.9511956830483612 16.39694453487462 nan 0.7   
126 1512 0.17026386776991073 8.42322678678771 15.657459071165187 1.5819964078164194e+01 16.58550513355642 18.471271889225196 1.1681841943264075 16.20929678987956 nan 0.7   
127 1524 0.16497118061543775 8.490503872332363 15.657459071165187 1.6251290985642445e+01 17.002937701774314 18.163055227169203 0.792180106312415 16.47512390363334 nan 0.7   
128 1536 0.15879377798493235 8.487455677027183 15.657459071165187 1.5996456530741636e+01 17.374378521117197 18.50820531500783 1.2047869612196394 16.765057798415306 nan 0.7   
129 1548 0.1563255679957787 8.700635534691791 15.657459071165187 1.5785895018880144e+01 16.785476076827155 17.78385760207598 0.6538627333276921 16.255616308142287 nan 0.8   
130 1560 0.1502412570941106 8.763498919162297 15.657459071165187 1.6034369350330827e+01 16.994333856486907 18.06020479399817 1.1858493046289738 16.443536677096994 nan 0.8   
131 1572 0.15771323323103922 8.884859538078873 15.250026783313029 1.5250026783313029e+01 16.633356159967427 17.6544883480323 0.7933388796948044 16.15152023610715 nan 0.8   
132 1584 0.15827053491492654 8.95415830840486 15.250026783313029 1.5613034502335321e+01 16.423915145403146 16.843385000728773 0.45639642541084413 16.043784637531818 nan 0.8   
133 1596 0.1511516239820715 8.904360850134514 15.250026783313029 1.5423870481427905e+01 16.26796635376415 17.190469333244682 0.6303595130101769 16.001424857747978 nan 0.8   
134 1608 0.14485517572410755 8.786699874535874 15.14721750716729 1.5147217507167291e+01 16.393716953417048 18.483149420785093 0.1940168974203118 16.30525558891896 nan 0.8   
135 1620 0.13784798893748568 8.93554412348389 15.14721750716729 1.5916458256696483e+01 16.604813891322898 17.806567398313664 0.6907239276258146 16.292978612278066 nan 0.8   
136 1632 0.1265323446627445 9.112426486113709 15.14721750716729 1.5560200183600470e+01 16.631125977930875 17.675503184918117 1.0959168570269426 16.160757222467858 nan 0.8   
137 1644 0.12149757041207958 9.144010219873305 15.14721750716729 1.5780125397237478e+01 16.438896276525252 17.579403873767948 0.32663679037161586 16.26762978907344 nan 0.8   
138 1656 0.1145281055723512 9.376788828802521 15.14721750716729 1.5754829214544028e+01 16.07595136851347 16.998571474274616 0.7150952977121516 15.973240079048844 nan 0.8   
139 1668 0.11500479465380055 9.357368671248283 15.14721750716729 1.5384309901354971e+01 16.230607975914143 17.278538225959267 0.8826194749770142 15.73523025395154 nan 0.8   
140 1680 0.11340514738550471 9.436726839441329 15.14721750716729 1.5634134257318808e+01 15.857458095374174 17.120171537880037 0.40969662883997593 15.72351017416412 nan 0.8   
141 1692 0.11033747973023701 9.540795636197853 15.14721750716729 1.5353359956784237e+01 16.066037299976713 16.62481373321269 0.7267424821085413 15.515603740254342 nan 0.8   
142 1704 0.10851046458374267 9.669844514357964 15.14721750716729 1.5189488355545187e+01 16.163431144497174 16.801175586470322 0.6989897930083799 15.64065942978742 nan 0.8   
143 1716 0.10554138953921925 9.750711510535664 14.914005143037121 1.4914005143037121e+01 16.004140308083443 16.761216974999257 0.9237019815444967 15.30788838943711 nan 0.8   
144 1728 0.10275837268131968 9.995877273529532 14.914005143037121 1.5378677915397285e+01 15.758789486600318 16.733381051242308 0.36970597859485466 15.704972519727015 nan 0.8   
145 1740 0.1018600256052549 10.129678139570442 14.914005143037121 1.5358861041599090e+01 16.01872380544615 16.270115861006207 0.5157360836103742 15.652840653564692 nan 0.8   
146 1752 0.09883386216769738 10.350663723426566 14.831902377506601 1.4831902377506601e+01 15.627336258991848 17.073137307947523 0.7047643692907997 15.389323583227394 nan 0.8   
147 1764 0.09565816156932055 10.40565900633262 14.831902377506601 1.4900411943406500e+01 15.843466178879778 16.330132851432033 0.6165922627206957 15.495840916990806 nan 0.9   
148 1776 0.09450388251893539 10.47042898252458 14.831902377506601 1.4928468973552327e+01 15.710116124382855 16.337260496981653 0.6142266284795781 15.385317967855485 nan 0.9   
149 1788 0.09048212881530938 10.657554138334692 14.831902377506601 1.5063636041681805e+01 15.60504802822836 16.235475337331863 0.47424587946956187 15.47908673952167 nan 0.9   
150 1800 0.0889213957908162 10.606943990281389 14.831902377506601 1.5316928464069459e+01 15.862134767937887 16.821226942995 0.5794765277384073 15.556292611595392 nan 0.9   
151 1812 0.08824879646958748 10.702432354415127 14.831902377506601 1.5153378303502157e+01 15.700085354513442 16.576924646919505 0.5896431194642187 15.361932432208173 nan 0.9   
152 1824 0.09083072496392469 10.689307237768023 14.831902377506601 1.5421277693254757e+01 15.783104938655976 16.708290366016914 0.7152856334033686 15.625409086245195 nan 0.9   
153 1836 0.09084793055016424 10.836317052329868 14.831902377506601 1.5498867684445134e+01 15.862756047551716 16.708819393599867 0.3541249154757473 15.715068275118409 nan 0.9   
154 1848 0.08872511554119637 10.942866108304385 14.831902377506601 1.4852822626350513e+01 16.04261633434743 17.877139056276732 0.8210409611126988 15.711812488987293 nan 0.9   
155 1860 0.08591723798031535 11.000588856135566 14.831902377506601 1.5386765520310654e+01 15.982577792711874 16.853448611404787 0.6423640838396754 15.66919618696736 nan 0.9   
156 1872 0.08361139092797143 10.977410838652334 14.831902377506601 1.4951995444237429e+01 15.948228358133944 16.223507247090875 0.5706233830501617 15.52663656240098 nan 0.9   
157 1884 0.07945213197899033 10.984498115121328 14.831902377506601 1.5080452072938250e+01 15.701831943226518 15.969157038139807 0.3381276322316076 15.490235015876966 nan 0.9   
158 1896 0.07692803757513472 11.047007544121556 14.831902377506601 1.5047874736063186e+01 15.327907635530027 16.047671896462457 0.38356633357060765 15.184212835380704 nan 0.9   
159 1908 0.07081863611813272 11.154568560428999 14.831902377506601 1.5068554290155614e+01 15.496794408540472 16.12100252461652 0.43264697777764205 15.39921053277572 nan 0.9   
160 1920 0.06750102946125673 11.184379101080154 14.831902377506601 1.4944305939066044e+01 15.434497455546245 16.3722092387617 0.2645013486097092 15.239867194393675 nan 0.9   
161 1932 0.06491958725475476 11.240497363499363 14.831902377506601 1.5046588206767664e+01 15.564297529796045 16.41776122569527 0.4239653098920826 15.363458650364988 nan 0.9   
162 1944 0.06290648879857988 11.21420825453772 14.831902377506601 1.4913752895571728e+01 15.562719584316518 16.37109081681778 0.5474410195562935 15.262280777058763 nan 0.9   
163 1956 0.05900296059803189 11.357012253413883 14.831902377506601 1.5087369171059432e+01 15.551345423423761 16.696339435709323 0.7043691027611274 15.249380017039162 nan 0.9   
164 1968 0.05569360251378894 11.392902883008821 14.831902377506601 1.5023449391784395e+01 15.315291522025326 16.22891334588571 0.380886524081804 15.225322463112922 nan 1.0   
165 1980 0.05249770256543697 11.406121053695072 14.831902377506601 1.5101128626705773e+01 15.839309785354175 16.082694558854666 0.5969292371282329 15.367648022270888 nan 1.0   
166 1992 0.04858392442553552 11.30538081513278 14.831902377506601 1.4899374670443056e+01 15.336271817720533 15.982798218027444 0.338781381745358 15.160141189580933 nan 1.0   
167 2004 0.046918119562454015 11.289604857827808 14.673599065817516 1.4673599065817516e+01 15.277103424226064 16.109855797296316 0.4991352384696981 15.050071663324974 nan 1.0   
168 2016 0.045836425553966435 11.401590735984337 14.673599065817516 1.4765206412606444e+01 15.237596768136749 16.01078255296777 0.46593679144910816 14.95138381720822 nan 1.0   
169 2028 0.04586975306892498 11.356073833579476 14.673599065817516 1.4994823752722381e+01 15.503421936456645 15.831052481567745 0.4306314535119604 15.27882546872117 nan 1.0   
170 2040 0.045089304220783 11.502026445863917 14.673599065817516 1.5061109061699115e+01 15.309802999962363 15.820126862419496 0.4277583715555444 15.075949713460783 nan 1.0   
171 2052 0.04446638780544501 11.334300816215354 14.673599065817516 1.4740754594116996e+01 15.087962008013076 15.636500239828795 0.3119487155894891 15.02610506995302 nan 1.0   
172 2064 0.044110849180088486 11.580095463395507 14.673599065817516 1.4845885239618935e+01 15.267026907615463 15.968887595687598 0.44659440177247056 15.06472912394576 nan 1.0   
173 2076 0.04317827551231388 11.676131326735772 14.673599065817516 1.4833874280218071e+01 15.144187543262587 15.728934825432482 0.33746516606834476 14.977351336320872 nan 1.0   
174 2088 0.041018706545678005 11.561038969187342 14.673599065817516 1.4716887293865549e+01 15.368759975462018 15.618520816185784 0.3469421586767307 15.1046340957574 nan 1.0   
175 2100 0.03909097155244253 11.65714086849127 14.671847673455721 1.4671847673455721e+01 15.28900930093983 15.549877519913354 0.4939385716026994 14.947474573526833 nan 1.0   
176 2112 0.03877363313337666 11.865165667186364 14.671847673455721 1.4711389166215087e+01 14.85421526309337 15.283858688540718 0.19561605644864954 14.788402456537819 nan 1.0   
177 2124 0.03955139493675337 12.045084283502788 14.595021127951744 1.4595021127951744e+01 15.081556221753283 15.439141210791334 0.4402802386050997 14.8520053934094 nan 1.0   
178 2136 0.0410140291543011 12.168420944447536 14.584394973851065 1.4584394973851065e+01 15.063294823182849 15.597698724427595 0.5533623478413379 14.875028697727577 nan 1.0   
179 2148 0.041036815327213844 12.316338948850207 14.584394973851065 1.4906427562677829e+01 15.098526685907908 15.775626014599826 0.33651771286662857 14.948332093717898 nan 1.0   
180 2160 0.041341911466268366 12.397389471228655 14.524709908012316 1.4524709908012316e+01 15.075939517873081 15.62107095315545 0.23656273575122633 14.90053761549289 nan 1.0   
181 2172 0.04117312069860381 12.338322212062621 14.486988696534791 1.4486988696534791e+01 15.25643514042303 15.701844145938962 0.3532231350695749 15.105586412742888 nan 1.0   
182 2184 0.03979599117784712 12.206253205697958 14.486988696534791 1.4562544064397805e+01 14.992010791541146 15.333112156732941 0.22261385439017545 14.859806097392983 nan 1.0   
183 2196 0.037568861780060255 12.29557169893103 14.486988696534791 1.4864325219655390e+01 15.212191020636729 15.872857133429187 0.41054355014227895 14.953630808465569 nan 1.1   
184 2208 0.035968313780071814 12.62965770176679 14.486988696534791 1.4766227182072670e+01 15.18351947837502 15.440178507978722 0.36147518516248667 14.892850068239976 nan 1.1   
185 2220 0.03459310033506087 12.5108624709272 14.486988696534791 1.4674291565032059e+01 14.968539856275013 15.230670033615851 0.30749938171706326 14.779875477590606 nan 1.1   
186 2232 0.034112688599510825 12.577399381536992 14.486988696534791 1.4702221490590063e+01 15.012982334056154 15.614977546298157 0.19473864676440478 14.881301260077532 nan 1.1   
187 2244 0.03300368462047695 12.438299264836782 14.486988696534791 1.4676109976272778e+01 14.89853320670327 15.707001762563483 0.39853501149129045 14.79193704443264 nan 1.1   
188 2256 0.03173444122963829 12.39603031437627 14.486988696534791 1.4721772930305036e+01 15.041439511717622 15.438443801745873 0.3704321204034109 14.859271139709584 nan 1.1   
189 2268 0.029610709550688098 12.584422187953498 14.486988696534791 1.4584772929016721e+01 14.837646506064 15.195412894363134 0.19632132847702977 14.788263172549513 nan 1.1   
190 2280 0.027816756323380754 12.261916178800536 14.486988696534791 1.4625330764771565e+01 14.897331632660098 15.346009123405334 0.20638240181493117 14.76121721966036 nan 1.1   
191 2292 0.026428650071912082 12.327134276522774 14.486988696534791 1.4671962605980619e+01 14.851664332483534 15.260189083323601 0.2649213837290034 14.730553095242023 nan 1.1   
192 2304 0.024696037944463425 12.39577004923717 14.486988696534791 1.4588719903688007e+01 14.798169016161888 14.932471482767872 0.15664735837529342 14.709486418666588 nan 1.1   
193 2316 0.023524324822518573 12.514339677500582 14.486988696534791 1.4596009973008133e+01 14.802230128246201 15.278191244023672 0.2782169311035929 14.75224761545103 nan 1.1   
194 2328 0.0226994244945467 12.605874487681394 14.486988696534791 1.4584944011560719e+01 14.781020262595435 15.327720782097403 0.24486121250304826 14.652824646730885 nan 1.1   
195 2340 0.02276201723633512 12.500978106664734 14.486988696534791 1.4727366825656835e+01 14.847524383253749 15.274980105919914 0.11986180496614196 14.766899658834259 nan 1.1   
196 2352 0.022203102125078585 12.565615300589652 14.486988696534791 1.4648507271061725e+01 14.753072544780853 15.277451931779797 0.10844070632968084 14.683869358947945 nan 1.1   
197 2364 0.022196915786612866 12.643684331063218 14.486988696534791 1.4578772235856190e+01 14.778413796378603 15.46669559006541 0.18731721403094426 14.72703113260203 nan 1.1   
198 2376 0.021642352004106826 12.475269725779317 14.486988696534791 1.4547667313172944e+01 14.755020255994994 15.432948102031366 0.11005909456110885 14.682821022345344 nan 1.1   
199 2388 0.021397864606557234 12.382538277650351 14.486988696534791 1.4579728391668599e+01 14.745634897096888 14.9087245690814 0.08453505739713663 14.678099766164706 nan 1.1   
200 2400 0.0212767624662216 12.45451345924873 14.486988696534791 1.4529218691849389e+01 14.752767716923485 15.299061342308164 0.25527507464929045 14.611098364208335 nan 1.1   
201 2412 0.020926967824486983 12.565669992625972 14.486988696534791 1.4601973538229151e+01 14.767342078079432 15.12949954240497 0.20000241865610846 14.679553986490884 nan 1.2   
202 2424 0.021327497560903862 12.534433717318679 14.486988696534791 1.4681322865943256e+01 14.842403622708016 15.51184302627023 0.2393980349553928 14.787436577172347 nan 1.2   
203 2436 0.02032898942179852 12.620745868776115 14.486988696534791 1.4647810064958440e+01 14.794609040584486 15.618113123726067 0.152188626534139 14.7021801814316 nan 1.2   
204 2448 0.019909551357893903 12.745695149981737 14.486988696534791 1.4645412492303288e+01 14.837266057692919 15.43459445542865 0.29912403118786024 14.692406581947855 nan 1.2   
205 2460 0.01943905675890952 12.902008739008712 14.486988696534791 1.4634279585344713e+01 14.789693570628542 15.157543790874374 0.2018961501261085 14.693876172403023 nan 1.2   
206 2472 0.019059917109441875 13.18978585406294 14.486988696534791 1.4664017028095062e+01 14.796243564372077 15.166182373423355 0.23364297380356014 14.73563645895631 nan 1.2   
207 2484 0.01910080538065008 13.323121452460512 14.486988696534791 1.4625665620634585e+01 14.93082174417399 15.283416638748195 0.42907146916829575 14.714687729984064 nan 1.2   
208 2496 0.0192590439388486 13.624893716108163 14.486988696534791 1.4577092624146671e+01 14.743291788474346 15.07441307758254 0.2385344984965343 14.648521039971598 nan 1.2   
209 2508 0.018957442497699345 13.49420511405925 14.486988696534791 1.4571593932294801e+01 14.695220463224743 15.310756822275446 0.1442757261746248 14.60888666530771 nan 1.2   
210 2520 0.018185247761546522 13.647912100752478 14.486988696534791 1.4587371409832746e+01 14.831887218717435 15.581036861722568 0.4706959806153357 14.641585540785083 nan 1.2   
211 2532 0.01771114214298268 13.625557322363685 14.486988696534791 1.4572611715416846e+01 14.676889768650504 14.970169647038459 0.160755847974146 14.616329438819193 nan 1.2   
212 2544 0.017269424485660278 13.707027109547749 14.486988696534791 1.4627103837725031e+01 14.76456740423666 15.067009764854754 0.1104183908121179 14.704644399631235 nan 1.2   
213 2556 0.016281378998052497 14.120487441087754 14.486988696534791 1.4551736796462857e+01 14.777078061488544 15.122236458529173 0.13902710088709114 14.681027254552141 nan 1.2   
214 2568 0.014952014991293198 14.226385766093237 14.486988696534791 1.4553194363691491e+01 14.665654434202947 15.138557602112583 0.19380080508430098 14.58535698663377 nan 1.2   
215 2580 0.013773047913654995 14.411069142531339 14.486988696534791 1.4567366468729931e+01 14.599195531388853 15.441145535208806 0.3819056897507096 14.585034319000588 nan 1.2   
216 2592 0.01306883650304574 14.560950466160817 14.486988696534791 1.4561453413806367e+01 14.590493178243957 15.096061832744054 0.044848057449447865 14.572858117506806 nan 1.2   
217 2604 0.01260084426205414 14.911642076227086 14.486988696534791 1.4495276737347043e+01 14.588884322351262 15.056792101926566 0.11482927828940248 14.56313012097424 nan 1.2   
218 2616 0.012008306803816506 15.08173603896219 14.486988696534791 1.4534535040480890e+01 14.657871951414375 15.156295523323523 0.20778375813844718 14.565191134700086 nan 1.2   
219 2628 0.01128978729261153 15.242432615491905 14.486988696534791 1.4549480545083684e+01 14.582630081383037 15.021155840609776 0.1891751653372431 14.555304886128667 nan 1.3   
220 2640 0.01067094997958745 15.302601703765161 14.486988696534791 1.4554822980136180e+01 14.78967877693213 15.049168222111739 0.4179912156837613 14.604229930565717 nan 1.3   
221 2652 0.01012651320652026 15.478377812230985 14.486988696534791 1.4543302251555062e+01 14.578298668020514 15.025761243166132 0.07229666912693666 14.567062960289645 nan 1.3   
222 2664 0.009697569457312837 15.637242626646406 14.486988696534791 1.4543904453846068e+01 14.65528791664675 15.035387442960028 0.4603181067443547 14.54915306174935 nan 1.3   
223 2676 0.00965171292755043 15.613571648855503 14.486988696534791 1.4546437734615447e+01 14.551087427227007 14.902187119569094 0.06019608121197351 14.549006958967226 nan 1.3   
224 2688 0.009609292064898835 15.695779277724373 14.486988696534791 1.4533228305376545e+01 14.56611482415142 14.646934060235706 0.08333712790483716 14.551105769081506 nan 1.3   
225 2700 0.009409020703783905 15.811924402959052 14.486988696534791 1.4546892607880025e+01 14.667678401369168 14.89612901079845 0.18961630869023338 14.55530948017877 nan 1.3   
226 2712 0.009477571836784614 16.205207113603997 14.481889608822057 1.4481889608822057e+01 14.551734931501237 14.764604198776029 0.05824147538618263 14.547418314079614 nan 1.3   
227 2724 0.009424870013379173 16.003287852859668 14.481889608822057 1.4496396791741361e+01 14.625081358699676 14.968256104079693 0.1088202507790541 14.558488575667234 nan 1.3   
228 2736 0.009286800546482628 15.973161231923955 14.481889608822057 1.4541567062425621e+01 14.600841078280194 14.897049735869983 0.11451726031827647 14.548322751471286 nan 1.3   
229 2748 0.009337296107221003 16.145603857155734 14.481889608822057 1.4539216955567234e+01 14.629009972855576 14.894828620344976 0.07722870549838667 14.55962545849254 nan 1.3   
230 2760 0.009566259396195232 16.34445570146415 14.481889608822057 1.4500970639969664e+01 14.548566930165407 15.053819732026927 0.06268514458171559 14.53568006562783 nan 1.3   
231 2772 0.009522704482140942 16.505524666356656 14.477302175045327 1.4477302175045327e+01 14.646412086639886 15.447528774096895 0.29418551793543735 14.553549405592188 nan 1.3   
232 2784 0.009394406257175553 16.6443146803969 14.469846378756177 1.4469846378756177e+01 14.57064441239161 14.715464209689488 0.09173715205426802 14.548386317179457 nan 1.3   
233 2796 0.00932545502200305 16.65639591179327 14.468506175094424 1.4468506175094424e+01 14.553004298988084 14.891829137909568 0.11635372304166935 14.481223039319485 nan 1.3   
234 2808 0.009172638189581849 16.851689390331913 14.468506175094424 1.4541914680079648e+01 14.636898673642913 15.36461760568386 0.29420922132924865 14.572801230147254 nan 1.3   
235 2820 0.009050588948864489 16.913611830141484 14.468506175094424 1.4489892246248111e+01 14.565219253655961 15.003871146565936 0.10572183906556631 14.503296228157293 nan 1.3   
236 2832 0.008907230947806882 16.76548568273853 14.468506175094424 1.4481683641320384e+01 14.573389348565009 15.129663240030654 0.07222058803929166 14.550104111192928 nan 1.3   
237 2844 0.008751461787605365 16.69067060740509 14.458423231318617 1.4458423231318617e+01 14.54751003596261 15.024671565111758 0.08529397247149184 14.482268525896425 nan 1.4   
238 2856 0.00844794701046124 16.764572442535652 14.458423231318617 1.4543789823472329e+01 14.74784749921621 14.95379813253146 0.21525396343463044 14.64642201667554 nan 1.4   
239 2868 0.007959301848257978 17.025217604805462 14.458423231318617 1.4483343235859735e+01 14.63718519935333 15.366348156991231 0.12822615931172976 14.555748406940346 nan 1.4   
240 2880 0.007620854097849261 17.19515213738732 14.458423231318617 1.4476897416354641e+01 14.550274649119823 15.042126629020158 0.11592431121173163 14.48220331453091 nan 1.4   
241 2892 0.007245886718637379 16.773614013516692 14.458423231318617 1.4474144189086017e+01 14.554815082073356 14.979994310730534 0.18194908373176055 14.510596224191245 nan 1.4   
242 2904 0.00700157919038333 16.77409519397158 14.458423231318617 1.4468164281954017e+01 14.566225458631871 14.973148347673026 0.20861848636787705 14.48334230181933 nan 1.4   
243 2916 0.007332655084815391 17.22230707378225 14.456500981416866 1.4456500981416866e+01 14.632236792834497 14.952502474050792 0.14425894407362172 14.551809435342191 nan 1.4   
244 2928 0.0076387954182178626 17.132396213474696 14.456500981416866 1.4460626934624617e+01 14.54910644960075 14.968857001569477 0.23068153193296403 14.470745902529814 nan 1.4   
245 2940 0.007917449436297911 17.12845622508566 14.456500981416866 1.4462273109332264e+01 14.477925589753672 14.955216386342036 0.08049592085469826 14.465369437081826 nan 1.4   
246 2952 0.007547099044804955 17.257202533884847 14.456500981416866 1.4456644938602192e+01 14.556031942524353 15.017669666417026 0.12284213921117981 14.541241456700497 nan 1.4   
247 2964 0.007056977230374685 17.317340885832984 14.456500981416866 1.4459633854330237e+01 14.663721589141861 15.003320131603076 0.2615674076397916 14.501947709130192 nan 1.4   
248 2976 0.006498914656840727 17.516985490030674 14.456500981416866 1.4459977821894542e+01 14.762132445139926 14.987526543310082 0.40063401740969695 14.500665925809514 nan 1.4   
249 2988 0.006006730858910313 17.6554855754446 14.456500981416866 1.4463335059589090e+01 14.610886139028189 15.326226185001602 0.18242255340730829 14.468875358949802 nan 1.4   
250 3000 0.005754457108835676 17.788542867260084 14.455764707212335 1.4455764707212335e+01 14.549512569500251 14.87423562123319 0.22404444646925015 14.46489364828032 nan 1.4   
251 3012 0.00556944386233042 18.155329842177732 14.455764707212335 1.4456758031695523e+01 14.538455276148216 14.86081831885994 0.14043744872154384 14.46591353693383 nan 1.4   
252 3024 0.00551213763712706 18.72884472871576 14.455764707212335 1.4458855669089155e+01 14.539461417124775 14.987351392388417 0.3924283660280903 14.463992714139506 nan 1.4   
253 3036 0.005314960663698308 18.67823457852688 14.455764707212335 1.4462651318778939e+01 14.589421621401005 15.323500203375328 0.26944909905217784 14.503001749515398 nan 1.4   
254 3048 0.005366214276599368 19.037557821955147 14.455051955056316 1.4455051955056316e+01 14.53036029546465 14.628342276140279 0.09556487454582907 14.46747623147385 nan 1.5   
255 3060 0.005325608953033806 19.321134733934638 14.455051955056316 1.4459000436402384e+01 14.55228640425108 14.937695500201578 0.1769610196249527 14.473582670473963 nan 1.5   
256 3072 0.00530245523309283 19.190371643456693 14.454969504394372 1.4454969504394372e+01 14.470430545003095 14.862736975568135 0.0080633348380168 14.465225631008968 nan 1.5   
257 3084 0.005263920076016938 19.130844723437704 14.453725883818747 1.4453725883818747e+01 14.547431514048386 14.943923510110622 0.21977329827825542 14.464133658260796 nan 1.5   
258 3096 0.005368727114508358 19.368219002432593 14.453725883818747 1.4458028615075545e+01 14.847788977440473 14.862655021008415 0.38969385315475513 14.467670102645208 nan 1.5   
259 3108 0.005102230251087138 19.474121971764333 14.453725883818747 1.4461016690752681e+01 14.469739731548467 15.335713744451331 0.4452992753267466 14.462495406730088 nan 1.5   
260 3120 0.004945563441121209 19.686628080911884 14.453725883818747 1.4459631245128863e+01 14.474238319659056 14.947102052639714 0.4249892698327482 14.467060279619833 nan 1.5   
261 3132 0.004840635021532278 19.727231392158025 14.453725883818747 1.4459593012630803e+01 14.469981808871173 14.852213358898085 0.008769874016158141 14.463732103044755 nan 1.5   
262 3144 0.0047053100228371175 19.929155085409224 14.453725883818747 1.4457701357966506e+01 14.553788634153753 15.342902813706743 0.48262526395031813 14.4626283811462 nan 1.5   
263 3156 0.004581080126659166 20.15700969133511 14.45209070744135 1.4452090707441350e+01 14.856282003211692 15.32095022691426 0.4332745170496324 14.464061552468738 nan 1.5   
264 3168 0.004858440700109627 20.35446481531353 14.449449388227569 1.4449449388227569e+01 14.464326878116735 14.942234285985931 0.3940445626465898 14.456341829891025 nan 1.5   
265 3180 0.005004517054504765 20.16911296346211 14.447819283352132 1.4447819283352132e+01 14.549715924735878 14.925997296700235 0.21920821573460358 14.45695466484381 nan 1.5   
266 3192 0.0050493675478211555 20.36111146768881 14.447819283352132 1.4448349762464121e+01 14.548528885114004 14.941869100531369 0.3423797764329404 14.454828839716685 nan 1.5   
267 3204 0.005128973251740616 20.553077407562995 14.444358512322493 1.4444358512322493e+01 14.56600666823399 15.426204154350563 0.30130985354790596 14.449524422821899 nan 1.5   
268 3216 0.005222907677876243 20.940175878752807 14.444358512322493 1.4451935630997134e+01 14.658643745973444 15.140938491319785 0.4282306527541948 14.497426140993854 nan 1.5   
269 3228 0.004964559175670031 20.989440324115346 14.442876041125226 1.4442876041125226e+01 14.528673234241486 15.042282126088065 0.35483995314201167 14.455551832504177 nan 1.5   
270 3240 0.004793429050401007 21.150014773077455 14.442876041125226 1.4450572416309823e+01 14.81487095487746 14.964666744599741 0.3871051915207122 14.50662396609814 nan 1.6   
271 3252 0.004634758718570806 21.005183398720497 14.442876041125226 1.4449375991601732e+01 14.461096157347914 15.200396938062342 0.10079924567105536 14.455369400510062 nan 1.6   
272 3264 0.004639647422373611 21.352161328191354 14.442876041125226 1.4447030106389102e+01 14.458996711382927 14.585521483680637 0.11562627269272241 14.451480003271492 nan 1.6   
273 3276 0.0044748376042302055 21.894262014745937 14.442876041125226 1.4447158010379429e+01 14.45342389407555 14.92562109648025 0.13513032738639197 14.449409570222706 nan 1.6   
274 3288 0.004171415605157529 21.960051911010424 14.442876041125226 1.4446230136238379e+01 14.579015555843634 15.035893154369683 0.44079288731918886 14.450180720386877 nan 1.6   
275 3300 0.0040393179093688334 22.472304527912733 14.442876041125226 1.4443108277733145e+01 14.557663864029708 15.20181976314139 0.4397662690605504 14.452738910003994 nan 1.6   
276 3312 0.0038665398271804934 22.64470489083985 14.441117535208527 1.4441117535208527e+01 14.539254859711173 15.048371631135929 0.36915400035149837 14.447600731392312 nan 1.6   
277 3324 0.003758882815379642 22.712933847209044 14.439913901004129 1.4439913901004129e+01 14.57514872791557 15.317786349781972 0.30786727299588534 14.445559804585422 nan 1.6   
278 3336 0.003601295920985428 23.052334757079908 14.439913901004129 1.4441705190726424e+01 14.451423273568647 14.95177953454863 0.36100468266946706 14.444549856966137 nan 1.6   
279 3348 0.0036696137578658404 23.086374067083664 14.439913901004129 1.4440127949067531e+01 14.554021480265998 14.91809706316238 0.244313721511892 14.444466407182912 nan 1.6   
280 3360 0.003710007990363156 23.614085490410925 14.439913901004129 1.4443145479436197e+01 14.574704111249666 14.91756277051109 0.11067344269948087 14.553419750799453 nan 1.6   
281 3372 0.0035482104306345536 23.57960373363179 14.439913901004129 1.4445847374788922e+01 14.605174489910862 14.947576534579142 0.26852735267991434 14.501152296415079 nan 1.6   
282 3384 0.0033458149012802188 23.80824974822578 14.439913901004129 1.4439922306859179e+01 14.44733252216313 14.920482323746537 0.05871217424426689 14.44354080027799 nan 1.6   
283 3396 0.00324408664845379 23.968657986502183 14.439913901004129 1.4441252683215241e+01 14.44415495962554 14.94915938937473 0.1299999515347885 14.442043475404855 nan 1.6   
284 3408 0.003194360780416806 24.246030373587057 14.438871988972668 1.4438871988972668e+01 14.689609706245621 15.086654957666834 0.45550353862039117 14.443065887930096 nan 1.6   
285 3420 0.0032026840188458462 24.372475984683913 14.438871988972668 1.4439622941206492e+01 14.842722489113388 15.424562583515318 0.4079796193843581 14.510646127714345 nan 1.6   
286 3432 0.0031240774531581844 24.38270037875307 14.438871988972668 1.4442347629772861e+01 14.447096653700438 15.320401061327551 0.3585001449014129 14.443827721621748 nan 1.6   
287 3444 0.003155314294407806 24.682043313834786 14.438871988972668 1.4441860994326692e+01 14.446580918889024 14.925723886076828 0.13371976994844204 14.443225610164195 nan 1.7   
288 3456 0.00322102485230749 24.846253000677823 14.438871988972668 1.4439603966150269e+01 14.57919498867628 14.923661916030138 0.3428773643114731 14.448629264501577 nan 1.7   
289 3468 0.0031442588881016066 25.315685604613744 14.438871988972668 1.4443295409732693e+01 14.44604576858783 15.052898309954836 0.17823403837431684 14.445145702901332 nan 1.7   
290 3480 0.0031010963916511185 25.832686959579306 14.438871988972668 1.4441511958509675e+01 14.577943569041334 15.320257138518928 0.2648406397875096 14.445894974332457 nan 1.7   
291 3492 0.0030580688515114995 26.313952943040476 14.438871988972668 1.4441947274007267e+01 14.533656776021962 14.980351983152401 0.4001294643379829 14.44641937047492 nan 1.7   
292 3504 0.0029627328172057736 26.476509000996302 14.438871988972668 1.4441975768090892e+01 14.447829810180632 14.451485869803818 0.006629953530072896 14.443935213996921 nan 1.7   
293 3516 0.0028624125321469155 26.20329705241905 14.438871988972668 1.4440290076816941e+01 14.445392736231202 14.85050666643926 0.39984504497329176 14.442347280885327 nan 1.7   
294 3528 0.002758483117949184 26.857775909106596 14.438871988972668 1.4440276750104022e+01 14.845755442149006 14.97946379332645 0.39013970711215507 14.510162384342006 nan 1.7   
295 3540 0.0026679935778152323 27.006287779229698 14.438871988972668 1.4440121695068267e+01 14.574161872172414 14.845507954640771 0.40149557465969465 14.442725445050627 nan 1.7   
296 3552 0.0026254584701242544 27.451611815721225 14.438871988972668 1.4439029047078696e+01 14.44499317264888 14.977722386945748 0.11944196494818904 14.442444137841296 nan 1.7   
297 3564 0.002532387784461706 27.565502535408037 14.438871988972668 1.4440149855906967e+01 14.577940510347368 15.315264596136894 0.40269237602464614 14.442751824262132 nan 1.7   
298 3576 0.002489273497445522 27.887203146540283 14.438871988972668 1.4439035894278190e+01 14.44140748557995 14.841717606060564 0.0029734142324713275 14.439872951845349 nan 1.7   
299 3588 0.0024101366636999255 28.188751501456043 14.438871988972668 1.4438877060963762e+01 14.574352124082937 14.92928035230498 0.34838209010698584 14.441166768408328 nan 1.7   
300 3600 0.0024143044902177856 28.31610501763814 14.438871988972668 1.4440718130518801e+01 14.575304886145215 15.050550299164582 0.47713377520961764 14.442005582348482 nan 1.7   
301 3612 0.0023497459864216716 28.20825898574583 14.438342118997161 1.4438342118997161e+01 14.444835561482435 14.579809636524343 0.00351143846402735 14.441955739023175 nan 1.7   
302 3624 0.002324587897864805 28.80577254526113 14.437895138174333 1.4437895138174333e+01 14.572497845322047 14.577659150520454 0.13444746062008583 14.440497308132136 nan 1.7   
303 3636 0.0022682203096027736 28.488369741246405 14.437895138174333 1.4437913342108576e+01 14.442975345742793 15.31594831430976 0.13654617552154136 14.439052490705219 nan 1.8   
304 3648 0.002302993650449095 28.59868569646417 14.437292193876813 1.4437292193876813e+01 14.438856074939576 14.916365958994373 0.001976824351155315 14.438070256535893 nan 1.8   
305 3660 0.0023363810048089794 28.685727646899696 14.437292193876813 1.4437428761761224e+01 14.844105139442402 14.91920826098974 0.2757263845021569 14.639339202156574 nan 1.8   
306 3672 0.0023923763182533107 28.59932452870525 14.437292193876813 1.4437656808481648e+01 14.547257583070092 14.924877685721475 0.26812618886410355 14.438089000594188 nan 1.8   
307 3684 0.0023939368529708517 28.841127827750615 14.437166380391881 1.4437166380391881e+01 14.440766748281968 14.974907632585667 0.1666746011481237 14.439313330818464 nan 1.8   
308 3696 0.0024778220723912846 28.938361797670517 14.436666663737926 1.4436666663737926e+01 14.439433675926384 14.976278699930456 0.3145696759650036 14.437281262022353 nan 1.8   
309 3708 0.0023840625711694114 29.60068879924766 14.436666663737926 1.4439011544054157e+01 14.527694737466174 15.448875968353992 0.2672548352200135 14.439396259941145 nan 1.8   
310 3720 0.0022375643645251397 29.86170649585171 14.436666663737926 1.4438409342569361e+01 14.440849973390419 14.840669077847414 0.002729089491595005 14.43908341931358 nan 1.8   
311 3732 0.0021517824823505736 30.22038381700477 14.436666663737926 1.4437063997490149e+01 14.57322702931507 14.917484478866331 0.4041113587740153 14.438485102372702 nan 1.8   
312 3744 0.0020811324834195256 30.598662648939793 14.436499619418532 1.4436499619418532e+01 14.44054182948283 14.91670555351344 0.26899048514387225 14.437353644556827 nan 1.8   
313 3756 0.002023437612623268 30.664931901174956 14.434398469930496 1.4434398469930496e+01 14.4382295737168 14.91733283467438 0.24001518881639328 14.436932532547125 nan 1.8   
314 3768 0.0019758550383366324 30.792107467786078 14.434398469930496 1.4434936769820430e+01 14.571850669987406 14.97554487700779 0.4385706844275603 14.436580074012905 nan 1.8   
315 3780 0.0019313183071935057 30.857987777508278 14.434362388457055 1.4434362388457055e+01 14.438860466289853 15.315137409252358 0.40237912852166957 14.436548152359386 nan 1.8   
316 3792 0.0018593463401923441 30.772048974036977 14.434362388457055 1.4434665095591738e+01 14.571223220424324 14.912939581836104 0.32714649359074954 14.436214562425711 nan 1.8   
317 3804 0.001840931953581512 30.852870563823256 14.434362388457055 1.4435400149453205e+01 14.570148686816077 15.074227258176164 0.225810122649019 14.436442745847117 nan 1.8   
318 3816 0.0018552307496974914 31.369522405357184 14.434362388457055 1.4434851307629435e+01 14.437295035633436 14.662302429625399 0.13589608121670693 14.435650679515902 nan 1.8   
319 3828 0.001855339250993346 31.800973465684883 14.434362388457055 1.4434420524020723e+01 14.571386977971871 15.036897045869228 0.07231279559930037 14.558101532951081 nan 1.9   
320 3840 0.0019019332578268724 32.357425973596115 14.434362388457055 1.4435467338126291e+01 14.572108811910237 15.197948644179775 0.1364865821621244 14.570995022441007 nan 1.9   
321 3852 0.001964353372700811 32.69576961696889 14.434362388457055 1.4435842121213634e+01 14.570964139789162 14.974845326075009 0.005274429301849182 14.569046772231555 nan 1.9   
322 3864 0.00196891373198255 33.07624402872453 14.434362388457055 1.4435283654974723e+01 14.569814235219559 15.044491053261655 0.04683666622121585 14.56884691449079 nan 1.9   
323 3876 0.0019574690808828485 33.182782221184524 14.434296524211392 1.4434296524211392e+01 14.571987725677037 14.799071244601672 0.002362138716376805 14.570728465987953 nan 1.9   
324 3888 0.0018752141388483654 33.479742524641445 14.434296524211392 1.4435385774360837e+01 14.571970321982127 14.842648146296378 0.014971877820347146 14.570108602984007 nan 1.9   
325 3900 0.0018232676568639356 33.30725592170406 14.434296524211392 1.4435661687765528e+01 14.571628516669753 15.086172845766187 0.27201068239829773 14.436827884144359 nan 1.9   
326 3912 0.0017998358333142226 33.44743362484275 14.434296524211392 1.4434974035839128e+01 14.547662249884386 14.915021095492175 0.13538159184981602 14.436948943960171 nan 1.9   
327 3924 0.001757794904823526 33.51541713939495 14.434296524211392 1.4434499386049612e+01 14.570027200636785 14.914859652938746 0.20456866320188816 14.43557560042145 nan 1.9   
328 3936 0.0017248678870391157 33.88128845249454 14.434296524211392 1.4435561152773154e+01 14.570556603784938 15.449929312507418 0.30566711180505024 14.43717008221882 nan 1.9   
329 3948 0.0017724905269608324 34.37782927727041 14.434296524211392 1.4435741486736756e+01 14.437569303926352 15.049685149423118 0.06865443863548748 14.436162445285404 nan 1.9   
330 3960 0.0017131681045834892 34.729772993667424 14.434224150649095 1.4434224150649095e+01 14.83965700529306 15.04926942426122 0.4791744820982142 14.435142572797412 nan 1.9   
331 3972 0.0016048388251861845 35.089341912747436 14.434224150649095 1.4434249644994937e+01 14.437217729540084 14.9120782907648 0.13598201016706568 14.435410100404262 nan 1.9   
332 3984 0.0015203153633492335 35.40352291470184 14.43304438283174 1.4433044382831740e+01 14.437254651641759 15.046783411026567 0.1371894919525598 14.435017593419818 nan 1.9   
333 3996 0.0014705360581117595 36.20125709895729 14.43304438283174 1.4434898805164707e+01 14.596684106913177 15.073714809817918 0.30526372947546676 14.569617981862423 nan 1.9   
334 4008 0.0013785686889455806 36.03462341206258 14.43304438283174 1.4433461301937106e+01 14.570555243952649 14.597385130268083 0.13614984741922243 14.435728558461772 nan 1.9   
335 4020 0.001343770554371439 36.25867022089086 14.43304438283174 1.4433629175416106e+01 14.570399788811205 15.20934736620719 0.13622694094554078 14.434957102619602 nan 1.9   
336 4032 0.0013401425891896147 36.286704467506524 14.43304438283174 1.4434059488918850e+01 14.571172569087146 15.00184337259342 0.08066841519483958 14.502848632080013 nan 2.0   
337 4044 0.001351103772413814 37.103037960696014 14.43304438283174 1.4433866536189788e+01 14.570890114126586 15.048542103809755 0.3069600091624114 14.434909414659103 nan 2.0   
338 4056 0.0013255245856737857 36.792625091238186 14.43304438283174 1.4434897867796236e+01 14.570374005017262 15.02004702785969 0.13576011271862853 14.435978845910377 nan 2.0   
339 4068 0.0013236822793366403 36.59619733348351 14.43304438283174 1.4434042314768412e+01 14.435497182639516 15.024590410658718 0.05651885386755495 14.434820083817097 nan 2.0   
340 4080 0.0012973176639829002 36.235793301091334 14.43304438283174 1.4433924403213716e+01 14.435847575517847 15.048243229616425 0.3062020061734323 14.434884871518772 nan 2.0   
341 4092 0.0012825295729546652 35.73149794777778 14.43304438283174 1.4433755241401844e+01 14.436335128082408 15.315518908563957 0.1366147081544149 14.434486513169414 nan 2.0   
342 4104 0.0012369439058319608 36.37143862236648 14.43304438283174 1.4433312159618680e+01 14.434902392018225 14.707460154711491 0.1227956158970116 14.434479720306477 nan 2.0   
343 4116 0.0012381277586601797 36.40829060445073 14.43304438283174 1.4433730960641350e+01 14.435211099210047 15.314507046822204 0.13571882313030414 14.43459618383315 nan 2.0   
344 4128 0.00126082773852803 36.593665847130424 14.43304438283174 1.4433407684674620e+01 14.569630719552244 14.913423121893063 0.135417019251463 14.434664217943332 nan 2.0   
345 4140 0.0012541752731833463 36.789686329929125 14.43304438283174 1.4433271883923762e+01 14.434716664842858 14.974448657038884 0.13687256843986972 14.434208461986305 nan 2.0   
346 4152 0.0012773237758725493 36.23845304850554 14.43304438283174 1.4433316815138134e+01 14.570956110191847 15.172874732907589 0.40336716304011055 14.434959676690996 nan 2.0   
347 4164 0.0012287538210676843 36.33484616358995 14.43304438283174 1.4433332207397726e+01 14.836581591058813 15.4252656162884 0.4036072264256383 14.434641525701595 nan 2.0   
348 4176 0.0012212848085326844 36.720992006599445 14.43304438283174 1.4433332515104610e+01 14.83649561979953 15.047571918027812 0.4411965273071754 14.433538931760106 nan 2.0   
349 4188 0.0011918180036751913 36.94693727157391 14.43304438283174 1.4433515695469540e+01 14.57082391999408 15.333137117288656 0.3693257842452997 14.434059602278333 nan 2.0   
350 4200 0.001157875087330129 37.19037467829855 14.43304438283174 1.4433141949613931e+01 14.434053067487662 14.8394219374162 0.0006830579952659122 14.433427104243119 nan 2.0   
351 4212 0.001147561493382615 38.36490645115657 14.43304438283174 1.4433133362659568e+01 14.434138258890107 14.838412204067742 0.06856987016948501 14.43363663816122 nan 2.0   
352 4224 0.0010951666366930393 38.931037183138095 14.43304438283174 1.4433134016534046e+01 14.594792857047333 15.062742493486716 0.15135376978042814 14.544496375502742 nan 2.1   
353 4236 0.0010814830425919986 39.148313364935625 14.43304438283174 1.4433561844665395e+01 14.569634414702826 14.948756173042327 0.16111548456334646 14.434152633637009 nan 2.1   
354 4248 0.0010851897532447594 39.08874841310337 14.43304438283174 1.4433591736039698e+01 14.435587628143407 14.83778114147403 0.1111923018253691 14.434057144570197 nan 2.1   
355 4260 0.0010928572670781181 39.459687277026056 14.43304438283174 1.4434013827713601e+01 14.435464428144265 14.680491621666214 0.13628942292151258 14.434171220953216 nan 2.1   
356 4272 0.00106425650636317 39.42196484026551 14.43304438283174 1.4433333981993890e+01 14.434666780675528 14.97408444039369 0.068931209607074 14.433989034765897 nan 2.1   
357 4284 0.001050074539094142 39.491082428698654 14.43304438283174 1.4433440824691388e+01 14.544615659817522 14.706600342877882 0.1360227149419604 14.434152483171301 nan 2.1   
358 4296 0.0010526790361782355 39.546126648788004 14.43304438283174 1.4433312801147448e+01 14.43423087194271 14.948774667001194 0.12339103497880188 14.43394663848623 nan 2.1   
359 4308 0.0010614665326302657 39.584248870280796 14.43304438283174 1.4433381206541288e+01 14.570461731918554 14.947563136859534 0.4027315266705216 14.434788318954482 nan 2.1   
360 4320 0.0010935591338243362 40.806334203677025 14.43304438283174 1.4433587622838598e+01 14.545493373559951 14.839686320443443 0.2581246589958237 14.434128292194028 nan 2.1   
361 4332 0.0011035615702219336 40.98255216553051 14.43304438283174 1.4433658472815779e+01 14.434428969018224 14.838919403234 0.06874353230353947 14.433913593209063 nan 2.1   
362 4344 0.0010946703065497995 41.24258236714186 14.43304438283174 1.4433472155510332e+01 14.570061833455583 14.949071566882672 0.16203470139208243 14.433764227479111 nan 2.1   
363 4356 0.0010377702947404074 41.84244663474285 14.43304438283174 1.4433603371464486e+01 14.434795556232249 14.97383893431621 0.16286821861182688 14.434026028057453 nan 2.1   
364 4368 0.0010270372489227866 42.52113430643238 14.43304438283174 1.4433487990361730e+01 14.595878187495655 15.315550776843422 0.2834062419558503 14.433795409272905 nan 2.1   
365 4380 0.0010344353217578573 43.008601780831675 14.4326903972591 1.4432690397259099e+01 14.434183659151554 14.974007769609372 0.20267142472896893 14.433593315549736 nan 2.1   
366 4392 0.001008430068262649 43.50721065018145 14.432647520051123 1.4432647520051123e+01 14.569320501068797 14.837480099756437 0.27011133411229515 14.433523496322405 nan 2.2   
367 4404 0.0009675195332080939 44.37192912342762 14.432647520051123 1.4433057414505557e+01 14.837751879146932 15.314408700712367 0.4782948888823402 14.433386775643237 nan 2.2   
368 4416 0.0009694156948673397 45.328708714283074 14.432647520051123 1.4432663126914250e+01 14.433816775218158 14.83766269296875 0.06899052833992947 14.433108676576134 nan 2.2   
369 4428 0.0009467506041362944 45.693708845192845 14.432478180926115 1.4432478180926115e+01 14.569864249988461 14.973581584424347 0.404671451481569 14.433041256049378 nan 2.2   
370 4440 0.0009282387173607772 46.54783632936561 14.432478180926115 1.4432713891292064e+01 14.570453129979562 15.313950687514835 0.20702974466801827 14.433039345104898 nan 2.2   
371 4452 0.000906811169259704 47.14818873407437 14.432478180926115 1.4432931719221038e+01 14.837215920093861 15.314942337628079 0.5459722564951495 14.43351462921793 nan 2.2   
372 4464 0.00086601214188658 47.60308664464896 14.432478180926115 1.4433305157390439e+01 14.634276949380753 14.912315009201942 0.43343589546557126 14.4781888955312 nan 2.2   
373 4476 0.0008275172547209908 47.09200467314721 14.432478180926115 1.4433097251451164e+01 14.660011831341384 15.315165517242967 0.44166842469107337 14.433461979543342 nan 2.2   
374 4488 0.0007698193301549738 47.63893782946701 14.432478180926115 1.4433110190461083e+01 14.43393287221699 14.659860867950941 0.1131041667001238 14.433444667603151 nan 2.2   
375 4500 0.0007486543265940097 48.340654048397965 14.432478180926115 1.4432744220758114e+01 14.433404458908063 14.91149121901767 0.0008231101439530875 14.43310209390182 nan 2.2   
376 4512 0.0007487374192040572 49.32312917586602 14.432478180926115 1.4432623391460375e+01 14.433451159798446 15.315178962661419 0.4046995678709191 14.432950126625332 nan 2.2   
377 4524 0.0007110722338626572 49.68323248007145 14.432478180926115 1.4432756490031389e+01 14.836972540334354 14.973346953441785 0.47775207425176625 14.433103140717659 nan 2.2   
378 4536 0.0007093755024229401 49.35748269175369 14.432478180926115 1.4432723996864713e+01 14.569797713311575 14.973679350664673 0.1819119370846849 14.433100293774991 nan 2.2   
379 4548 0.0007285221077689307 50.11517803906239 14.432478180926115 1.4432812333464540e+01 14.569210003024635 14.9114846979077 0.13693306744534084 14.432984470784213 nan 2.2   
380 4560 0.0007037532623510282 50.037557115087246 14.432478180926115 1.4432525961008169e+01 14.569632480562985 15.315015954300346 0.3627384320445195 14.433139908022632 nan 2.3   
381 4572 0.000688510628286849 50.341892142626484 14.432478180926115 1.4432961822025536e+01 14.570036879315868 15.31467568175907 0.4044124998168215 14.433160194863639 nan 2.3   
382 4584 0.0006780170417472236 50.12310406656639 14.432478180926115 1.4432675585120492e+01 14.433613631464501 15.00074916689465 0.12409225339668595 14.433017368791237 nan 2.3   
383 4596 0.0006623467241288035 50.751413652739885 14.432478180926115 1.4432823724438974e+01 14.522760292269338 14.910909323302754 0.13706698218213909 14.432943534166043 nan 2.3   
384 4608 0.0006485038176360275 51.535822615857924 14.432478180926115 1.4432794869126655e+01 14.433196603984607 14.911661332374596 0.11309998761199225 14.433008666277427 nan 2.3   
385 4620 0.0006537760401240191 51.672415201803695 14.432478180926115 1.4432633917396753e+01 14.432996239094727 14.837716098384455 0.04528355537277662 14.432723206715185 nan 2.3   
386 4632 0.0006661213377915758 51.83543167344811 14.432478180926115 1.4432830503260488e+01 14.5696821099209 15.063043962143407 0.13642513818709645 14.433454510795016 nan 2.3   
387 4644 0.0006968783002505012 52.6841778010347 14.432478180926115 1.4432882607078776e+01 14.433590312617792 14.660144247195769 0.11364170686656117 14.433030154141733 nan 2.3   
388 4656 0.000716332561118811 53.02550372230716 14.432478180926115 1.4432684029427831e+01 14.433115667235857 14.570064581061825 0.04541755070778031 14.432874050325816 nan 2.3   
389 4668 0.0007130214257506069 53.1110812040134 14.432478180926115 1.4432550727129938e+01 14.59474198643344 14.973618936537523 0.21510550094079406 14.501506075879462 nan 2.3   
390 4680 0.000696815647207218 52.8887436137631 14.432478180926115 1.4432590606491281e+01 14.569812609310691 14.596104451249708 0.1369125848320767 14.43294776320637 nan 2.3   
391 4692 0.00066858088691054 52.544633937555915 14.432399293401572 1.4432399293401572e+01 14.544265613156629 14.99978231157839 0.18163439685909744 14.432817048978949 nan 2.3   
392 4704 0.0006799151210826356 52.928425840377514 14.43216080355948 1.4432160803559480e+01 14.68472296588778 14.998800836077043 0.3515030052178254 14.432682195712786 nan 2.3   
393 4716 0.0006669732336544547 53.27038679841025 14.43216080355948 1.4432598016481919e+01 14.569457932168772 14.999107053666178 0.18508298910123955 14.478119071074037 nan 2.4   
394 4728 0.0006536590457161994 53.95125715730105 14.43216080355948 1.4432243210983465e+01 14.432885405167697 14.973185296844768 0.20301295583075252 14.432478743501564 nan 2.4   
395 4740 0.0006399058355954951 54.32566050578874 14.43216080355948 1.4432272328623199e+01 14.836693749518268 14.999180290283974 0.3730110343155726 14.5687981048738 nan 2.4   
396 4752 0.0006203322748217706 54.857336151735375 14.43216080355948 1.4432369389337802e+01 14.569635127362623 15.317892396993804 0.3734695627174318 14.500304748343883 nan 2.4   
397 4764 0.0006342328624286426 54.936245897936985 14.43216080355948 1.4432274184749566e+01 14.432969103169583 14.947868525924058 0.13656669646785424 14.432479183598815 nan 2.4   
398 4776 0.0006516015226600573 55.223873582099685 14.43216080355948 1.4432629527772024e+01 14.680468815233613 15.584697028232707 0.3753946659370051 14.501089559330243 nan 2.4   
399 4788 0.0006565224864073505 55.51091085583846 14.43216080355948 1.4432330793707981e+01 14.543957843634388 14.948050722517712 0.2950531380040182 14.432680493370516 nan 2.4   
400 4800 0.0006618543586986614 56.27184472305988 14.43216080355948 1.4432484962248139e+01 14.5948416069582 15.315047271639072 0.26003281510683784 14.433083797980581 nan 2.4   
401 4812 0.0006399720715928327 56.748267074152515 14.432155897483335 1.4432155897483335e+01 14.544322828045313 15.07259059854916 0.16255379667915903 14.432734341649482 nan 2.4   
402 4824 0.0006163366853408439 57.19390456253263 14.432155897483335 1.4432407984028638e+01 14.594957363743177 14.911034710512267 0.4414234180809675 14.432692409228277 nan 2.4   
403 4836 0.0005897643328866735 57.903335550041476 14.432155897483335 1.4432612556307374e+01 14.837106287802559 14.948015296287426 0.47784941858747665 14.433059944400286 nan 2.4   
404 4848 0.0005814370688095816 57.9515689575147 14.432155897483335 1.4432637979540480e+01 14.433100833521694 15.047376694449362 0.13685028126811893 14.432857721561316 nan 2.4   
405 4860 0.0006071630852661635 58.11619493911528 14.432155897483335 1.4432710301885329e+01 14.544090677582615 14.911293527203188 0.44118733794491405 14.432810303046022 nan 2.4   
406 4872 0.0005829740406089319 58.787916846487875 14.432155897483335 1.4432576344628462e+01 14.433043859858905 14.837472099881763 0.13671695162407715 14.432786936416772 nan 2.5   
407 4884 0.0005501964050274955 60.06202555324844 14.432155897483335 1.4432654393699270e+01 14.433566024148835 14.83777358669216 0.13683866369410502 14.432787628802457 nan 2.5   
408 4896 0.0005498191816709854 62.01046557440727 14.432155897483335 1.4432742261002124e+01 14.569580378160268 14.91127896730108 0.40445150452035783 14.432949236694201 nan 2.5   
409 4908 0.0005471232770613929 61.82496477276711 14.432155897483335 1.4432840924101219e+01 14.544544330175565 14.948242378689988 0.1922928571220126 14.433159733355236 nan 2.5   
410 4920 0.0005172662525402868 62.5179105924892 14.432155897483335 1.4432706040360921e+01 14.544667352183158 14.681371736181724 0.13695117221923958 14.433088428453434 nan 2.5   
411 4932 0.0005084779150421342 63.981298515744086 14.432155897483335 1.4432571668064455e+01 14.433132939497835 14.681105978109468 0.24776454935051362 14.432848470090487 nan 2.5   
412 4944 0.0005067539165074866 65.1090239449574 14.432155897483335 1.4432565025855789e+01 14.543991625055504 14.837399487696816 0.12411901736563458 14.432801780779261 nan 2.5   
413 4956 0.0005097825200472833 65.68902887904652 14.432155897483335 1.4432355112907320e+01 14.432742042328504 14.54399340722354 0.0002957716699150126 14.432597615590726 nan 2.5   
414 4968 0.0004916682901669711 65.45748470624574 14.432155897483335 1.4432482408764342e+01 14.432765949092154 14.569141663336692 0.11120315775476897 14.432561782400043 nan 2.5   
415 4980 0.00047334369640714233 66.28578959479229 14.432155897483335 1.4432302717071359e+01 14.569538257424455 14.948171828884798 0.3487188847432936 14.48836926733605 nan 2.5   
416 4992 0.00044868432856197827 66.10473629512963 14.432155897483335 1.4432310898649954e+01 14.432698892609855 14.569560347625169 0.12403945847886888 14.432613585821343 nan 2.5   
417 5004 0.00042846719176614786 65.58443780739277 14.432155897483335 1.4432160410303544e+01 14.432689621676886 14.569037267718015 0.1113003821408931 14.432583736324279 nan 2.5   
418 5016 0.00041758884728212005 65.52027645908849 14.432155897483335 1.4432357890437094e+01 14.569256722891355 14.837237438830744 0.4045205495445874 14.432421684157172 nan 2.5   
419 5028 0.0004138395804679827 65.51240635542419 14.432145694339871 1.4432145694339871e+01 14.569489598258377 14.910984901361902 0.4045223084995069 14.432487219031323 nan 2.6   
420 5040 0.000423693109733848 66.100067037565 14.432145694339871 1.4432234418846363e+01 14.43257466029342 14.910808341787652 0.27077085279497126 14.432363371834054 nan 2.6   
421 5052 0.0004307768118354459 67.47367744621155 14.431948592241831 1.4431948592241831e+01 14.569191472649335 14.97348816858624 0.46016133355352373 14.432245025039029 nan 2.6   
422 5064 0.00041513560649139114 67.69932608758967 14.431948592241831 1.4432151569291083e+01 14.83674232437332 15.313879650971725 0.4416597049373099 14.432210638505893 nan 2.6   
423 5076 0.0004030362013510422 67.71770384713628 14.431948592241831 1.4432008504235347e+01 14.569455667213818 14.973540604161931 0.47841959743590046 14.432275015937984 nan 2.6   
424 5088 0.00039351307452357124 68.94644518452084 14.431948592241831 1.4432263977566970e+01 14.83663135139683 14.948024801262472 0.33648349089718366 14.500692126074522 nan 2.6   
425 5100 0.0003898620438578953 70.09589846625771 14.431948592241831 1.4432073620663846e+01 14.56922252960711 15.31456960793416 0.3074917059291433 14.432412986770187 nan 2.6   
426 5112 0.00037304958212251753 71.71494188356156 14.431948592241831 1.4432126963579677e+01 14.56859541147071 15.047065009335332 0.4784028416622945 14.432265439500537 nan 2.6   
427 5124 0.00036414724256608906 73.61254533925846 14.431948592241831 1.4432168214477429e+01 14.569135518344948 15.084030289204998 0.40458637868653113 14.432338197972015 nan 2.6   
428 5136 0.000351624945370319 75.40829967425556 14.431948592241831 1.4432110021799277e+01 14.56917348305328 15.314440331099753 0.4046659727642101 14.432380364646267 nan 2.6   
429 5148 0.00035190905611301427 75.88677228989391 14.431948592241831 1.4432078439128144e+01 14.4323596246605 14.973465280551933 0.30772172977886925 14.4322920409518 nan 2.6   
430 5160 0.00036055779829222725 77.30962000727094 14.431948592241831 1.4432080430519946e+01 14.432395345283334 14.910774088307553 0.27093438823283655 14.432185717261623 nan 2.6   
431 5172 0.0003738631249107871 77.99452756959094 14.431892896074315 1.4431892896074315e+01 14.432202406564235 14.836599511348503 0.00017443657709392824 14.432125799202687 nan 2.6   
432 5184 0.0003837195233089972 79.26959156006649 14.431873575242461 1.4431873575242461e+01 14.569119073893363 15.046680504267735 0.4411818998164794 14.432317998581297 nan 2.6   
433 5196 0.0003837910773684371 79.33548947109205 14.431873575242461 1.4432042920837235e+01 14.569154664680843 15.314195106201616 0.283630049430883 14.43212648087633 nan 2.6   
434 5208 0.0003869667515338312 81.11004612606392 14.431873575242461 1.4432032079871236e+01 14.56943674625484 15.072163532805883 0.3203437372338236 14.43221580987333 nan 2.7   
435 5220 0.00038618545493924577 82.52562026001513 14.431873575242461 1.4432105512961893e+01 14.432380939411326 15.046865454671513 0.14964902706527639 14.432213632350184 nan 2.7   
436 5232 0.000374443083983839 82.79134989833402 14.431873575242461 1.4432076002358611e+01 14.432500585436603 14.684891495524537 0.12648619916256187 14.432174503984614 nan 2.7   
437 5244 0.0003589520980427034 83.07022297403094 14.431873575242461 1.4431957525298866e+01 14.432279612643814 14.594751742846354 0.00024121369481910904 14.432114179243687 nan 2.7   
438 5256 0.00035319247549785154 83.23734003706453 14.431873575242461 1.4431996959648631e+01 14.432122475801139 15.072296763089705 0.0001432645466472593 14.432052685378629 nan 2.7   
439 5268 0.00035260533632447584 83.53782127725917 14.431873575242461 1.4431977911367273e+01 14.432109008504012 14.92664018995335 0.0685955201874826 14.432073549280737 nan 2.7   
440 5280 0.00035587997823723056 82.85285611705392 14.431873575242461 1.4431947720963679e+01 14.432264869089291 14.910630449012388 0.1370148659228736 14.432091845124244 nan 2.7   
441 5292 0.00035827973928575406 83.50663418387855 14.431873575242461 1.4432035119079037e+01 14.59463729271612 15.314417830762764 0.33621674291653925 14.500579588250323 nan 2.7   
442 5304 0.00037983661757771525 84.6773365233459 14.431873575242461 1.4431988006741980e+01 14.569105335443844 14.910618756480009 0.4782134215009748 14.432220000922403 nan 2.7   
443 5316 0.0003865763635053694 85.6910101653062 14.431873575242461 1.4432084597152835e+01 14.432193713146615 15.046762566050683 0.3076170944919312 14.432129608090907 nan 2.7   
444 5328 0.00039064877137211213 87.19879079363984 14.431873575242461 1.4431887420853243e+01 14.432340083194171 14.999983851674111 0.20747180649972918 14.432128292938774 nan 2.7   
445 5340 0.0003769507874378707 87.10339938081393 14.431873575242461 1.4431998572194543e+01 14.432146353001377 14.998818400739317 0.2757158854844892 14.432071976075646 nan 2.7   
446 5352 0.0003713507618680409 87.9253694624378 14.431873575242461 1.4431970523365839e+01 14.594477203327834 15.072363526793714 0.20767199597033503 14.4321009845801 nan 2.7   
447 5364 0.0003663909977907578 88.8616154161363 14.431873575242461 1.4431933937481139e+01 14.569078480506247 14.999981607296519 0.5097641201280929 14.43207142868675 nan 2.8   
448 5376 0.00035654100373723317 88.5617102986846 14.431873575242461 1.4431937310266983e+01 14.432438219250583 15.13473249676173 0.13696350062953755 14.43206407769889 nan 2.8   
449 5388 0.0003547915742194636 89.61296595829229 14.431873575242461 1.4432061596312636e+01 14.594599682633156 14.910521636083256 0.3184083395317163 14.432179343634257 nan 2.8   
450 5400 0.0003672072112969915 89.43481163047657 14.431873575242461 1.4431899989892230e+01 14.568990732544616 14.836874351202468 0.18590538660143707 14.477218457334425 nan 2.8   
451 5412 0.00037463693968310435 90.63859670951621 14.431873575242461 1.4432023592820229e+01 14.522529990143516 14.684115276959956 0.1368713694060233 14.432264578397834 nan 2.8   
452 5424 0.00038307589821100484 90.79834382629667 14.431873575242461 1.4432036678841500e+01 14.432263129826092 14.836890774474902 0.13704054927752196 14.432170552665498 nan 2.8   
453 5436 0.00038551511062411974 91.34111701215582 14.431873575242461 1.4432055879876762e+01 14.432272227992298 14.569318704200827 0.11354343808696399 14.432165276602774 nan 2.8   
454 5448 0.0003857411109560004 91.81065600185134 14.431873575242461 1.4432054018716071e+01 14.43224917780972 14.910721366945259 0.0687847466041056 14.432155296610265 nan 2.8   
455 5460 0.00038051698592793203 94.56362192658813 14.431873575242461 1.4432099362940852e+01 14.56925265895055 14.973420543116504 0.2258280797938319 14.477265502374884 nan 2.8   
456 5472 0.00037561474458944937 94.62826735963161 14.431873575242461 1.4431935024688313e+01 14.569304591235781 14.837070507345608 0.40467972015592935 14.43213810699731 nan 2.8   
457 5484 0.00037206431765899266 95.89635777586155 14.431873575242461 1.4432016741172655e+01 14.522066532388969 14.836957749803808 0.14964983414022193 14.432108300800431 nan 2.8   
458 5496 0.0003730473693730732 95.44502389039097 14.431873575242461 1.4431968111346743e+01 14.432212066744997 14.594615261680007 0.13694622196952544 14.432057880402125 nan 2.8   
459 5508 0.0003721029305027729 95.32772770288076 14.431873575242461 1.4431874987186964e+01 14.568985742563838 15.44978659479381 0.15005498602590528 14.432076083366555 nan 2.8   
460 5520 0.00038192414355058614 96.40058244227295 14.431873575242461 1.4431878966211487e+01 14.910424540413931 15.314347435473797 0.4784259957536907 14.432079877285812 nan 2.8   
461 5532 0.00037715653758819896 95.35387228562604 14.431873575242461 1.4431900751323173e+01 14.569021076880407 14.910477487418422 0.23066524220260298 14.432009678643904 nan 2.9   
462 5544 0.0003749038056444698 94.53840503418789 14.431873575242461 1.4432006711426599e+01 14.910390194305945 15.135899887447088 0.5905868639632814 14.432079690096632 nan 2.9   
463 5556 0.0003677501967160351 95.73930783110461 14.431873575242461 1.4431894893614500e+01 14.522453901615703 14.910603150138181 0.16276086779638277 14.432065189462634 nan 2.9   
464 5568 0.00035530500919588644 96.064244689399 14.431873575242461 1.4432006351329644e+01 14.569102488218931 15.07210188174874 0.3204501918623883 14.432059087642337 nan 2.9   
465 5580 0.000348206289371316 96.63135394815974 14.431873575242461 1.4432024569828036e+01 14.522217402109309 15.000050909559501 0.13697891369150028 14.432101993048292 nan 2.9   
466 5592 0.00032146612224533713 97.33313413206103 14.431873575242461 1.4432005704526318e+01 14.522136584770127 14.91060974566182 0.11363435374677522 14.432127694356033 nan 2.9   
467 5604 0.00031032347733380507 99.40258348278604 14.431873575242461 1.4431931531347287e+01 14.43209138967396 14.910352262234829 0.00033274694279228356 14.431962961586535 nan 2.9   
468 5616 0.00029325559923034706 100.0323458097511 14.431873575242461 1.4431915884397014e+01 14.432117544830747 14.998651385677892 0.04523835870962323 14.432045282775556 nan 2.9   
469 5628 0.0002804901950921893 100.78442331573498 14.431873575242461 1.4431974168634156e+01 14.432050967694456 14.973156071338817 0.18204365310690207 14.432025595669135 nan 2.9   
470 5640 0.00027006671530381527 101.23687094877081 14.431873575242461 1.4431956575776201e+01 14.432096293919665 14.91032844091072 0.11369419724773522 14.432005768897298 nan 2.9   
471 5652 0.0002604416907523403 102.38610320417118 14.431873575242461 1.4431911199491815e+01 14.432097921873009 14.97327516135733 0.1369975349249657 14.432013727653654 nan 2.9   
472 5664 0.0002537266458497238 101.66181059564501 14.431873575242461 1.4431934208494354e+01 14.432095570538298 14.836818239496415 0.1369546177339469 14.432032524460096 nan 2.9   
473 5676 0.000248082582349265 102.52568863275816 14.431873575242461 1.4431948309853530e+01 14.569127662612175 14.973403428880257 0.27103180134330707 14.432003621495003 nan 2.9   
474 5688 0.00023747361986952844 103.07660055543487 14.431873575242461 1.4431972775817128e+01 14.836799359458697 14.973387057336925 0.4048173725024835 14.432049218274525 nan 2.9   
475 5700 0.00022500537785306326 103.3916731628419 14.431873575242461 1.4431926179758962e+01 14.432093056762625 14.83690842824197 0.2709657779843244 14.432013243413445 nan 3.0   
476 5712 0.0002145910462467152 103.03755784992002 14.431873575242461 1.4431996427844332e+01 14.569026750019722 14.836878067836711 0.13712740066361206 14.432036937592319 nan 3.0   
477 5724 0.00020060894694203513 104.11069300558941 14.431873575242461 1.4431929026318006e+01 14.432050467160385 14.836937525242693 9.343718714482918e-05 14.431995559127978 nan 3.0   
478 5736 0.0001869463098866062 105.33980819313676 14.431873575242461 1.4431957724541222e+01 14.432036952938335 14.973341812565343 0.2710042663729144 14.43199387916355 nan 3.0   
479 5748 0.00017677822275677808 105.51396802782449 14.431873575242461 1.4431885015188628e+01 14.431968562950686 14.836872621546231 9.571904096716821e-05 14.431931039847466 nan 3.0   
480 5760 0.00017114394009927668 105.93609779108924 14.431856577060724 1.4431856577060724e+01 14.432022409681032 14.973222627514865 0.14994620229124145 14.431926542654587 nan 3.0   
481 5772 0.000165439104448734 106.16299167213646 14.431856577060724 1.4431885776800252e+01 14.569048837194844 14.998652011298423 0.4048825039358075 14.43192386770239 nan 3.0   
482 5784 0.00016576482153096069 106.26074060199463 14.431856577060724 1.4431863731135271e+01 14.569010841238235 14.836815612972629 0.27099084651359817 14.431929371887545 nan 3.0   
483 5796 0.00016275065928893808 106.51304674040762 14.431856577060724 1.4431857827715646e+01 14.431993822305957 14.998744043058522 0.14992479216742005 14.431879275160425 nan 3.0   
484 5808 0.0001537098381963994 106.72813690670803 14.431856577060724 1.4431885478869125e+01 14.431980018195812 14.973273648129187 0.27099239299082534 14.431896995368755 nan 3.0   
485 5820 0.0001481806405783168 109.56125893883079 14.431853176448172 1.4431853176448172e+01 14.43193925202483 14.569049250031563 0.13708619532736677 14.431890997872141 nan 3.0   
486 5832 0.00014940193126594664 110.27146311212934 14.431794944103263 1.4431794944103263e+01 14.569014696472152 14.973305788120038 0.13714794977914835 14.43189336971416 nan 3.0   
487 5844 0.0001518768173833147 111.16722112627889 14.431794944103263 1.4431813939867626e+01 14.431843025249552 14.836741975779614 0.13718000916660245 14.431824332918065 nan 3.0   
488 5856 0.00016255399126786102 111.58316339015249 14.431755405647735 1.4431755405647735e+01 14.431856871661735 15.475438255328964 0.47849675745125353 14.43180014673641 nan 3.0   
489 5868 0.00016546110520843107 111.2453213973225 14.431755405647735 1.4431775011646126e+01 14.594470415116923 15.07214721495568 0.4417615399071231 14.431793055826024 nan 3.0   
490 5880 0.00016105308763669378 111.37792474866554 14.431755405647735 1.4431820797447491e+01 14.973216046654395 15.3142230151926 0.559005174356507 14.500405856494126 nan 3.1   
491 5892 0.000159043065825438 112.29295234256327 14.431755405647735 1.4431800939866029e+01 14.569038397118105 14.83676001871549 0.35214115191784323 14.43183704575777 nan 3.1   
492 5904 0.0001553879484192693 112.50829448715797 14.431755405647735 1.4431834487139213e+01 14.431883782071628 14.836773948464856 0.13715086004746624 14.431863375430856 nan 3.1   
493 5916 0.000154416654044043 113.09758617555974 14.431755405647735 1.4431827936950594e+01 14.431879031597445 14.91031011956638 0.13712223885500485 14.431856927329573 nan 3.1   
494 5928 0.00015309534983068415 114.14138550459394 14.431755405647735 1.4431840909120051e+01 14.43195025044323 14.910302407162254 0.1371608372222326 14.43187098552363 nan 3.1   
495 5940 0.00015336062138921724 117.29426823637169 14.431755405647735 1.4431873740543931e+01 14.568990230062504 14.594541746256484 0.13714823790635222 14.431894022975545 nan 3.1   
496 5952 0.00015468973814518434 119.01503518568825 14.431755405647735 1.4431811627679672e+01 14.43190313289216 14.836743432544713 0.08134731079593571 14.431873109583591 nan 3.1   
497 5964 0.00015623419107367538 119.77868163967449 14.431755405647735 1.4431826744565964e+01 14.569028416361768 14.998832820257043 0.4049411403561809 14.43184294108165 nan 3.1   
498 5976 0.00015247631597208812 119.85949672044735 14.431755405647735 1.4431807382310843e+01 14.836734775919751 14.998665455007986 0.44167185854055724 14.431845027028197 nan 3.1   
499 5988 0.00014656006519427655 121.55416868682025 14.431755405647735 1.4431812519430711e+01 14.431866773901293 14.910336648186798 0.06860197813590752 14.431834653948515 nan 3.1   
500 6000 0.00014565720001734691 125.0610630303942 14.431755405647735 1.4431782945733570e+01 14.431845426656853 14.431924550382988 5.601746621053394e-05 14.431807837240605 nan 3.1   
501 6012 0.0001481384244445564 124.75546071346243 14.431755405647735 1.4431782164042351e+01 14.998715208868456 15.449920035064945 0.8823445576113169 14.43183647487636 nan 3.1   
502 6024 0.00014573109404579024 126.87347701655243 14.431755405647735 1.4431816094684899e+01 14.568985501425074 14.836787058437016 0.149853987118302 14.431868742946591 nan 3.1   
503 6036 0.00014106268951017155 125.67361680229912 14.431755405647735 1.4431821798080906e+01 14.431885128710492 15.046686179989576 0.28377790573502537 14.431844493116522 nan 3.1   
504 6048 0.00013974162417184475 126.2466424485195 14.431755405647735 1.4431777218510151e+01 14.568972859181018 14.973299010285338 0.27102438005671203 14.431849853445872 nan 3.2   
505 6060 0.00014328316742528784 126.33933580752957 14.431755405647735 1.4431797993747230e+01 14.431835654418961 14.9102949048809 2.4248520306358046e-05 14.43182488353073 nan 3.2   
506 6072 0.0001409831270959702 125.60205678014344 14.431755405647735 1.4431782844429247e+01 14.431847708436116 14.91035076671289 0.4049477996957833 14.431820281730415 nan 3.2   
507 6084 0.00014038379045044468 127.13588894239419 14.431755405647735 1.4431779898682983e+01 14.83668938754596 15.072170549482102 0.4784556394057695 14.431827262653634 nan 3.2   
508 6096 0.00013619895951643896 128.9762754603043 14.431755405647735 1.4431806498373835e+01 14.836644412858629 15.046732035174765 0.44169335058355585 14.431837036346991 nan 3.2   
509 6108 0.00012972128778259364 128.11772002008277 14.431755405647735 1.4431808036558367e+01 14.836811172189446 14.910326002268373 0.32876910888883515 14.58153995000416 nan 3.2   
510 6120 0.0001226681777451955 127.92661340047341 14.431755405647735 1.4431775066743690e+01 14.431824282596944 14.910314833300912 0.20247567120988386 14.4318160662006 nan 3.2   
511 6132 0.00012023831171289398 129.1274581718272 14.431755405647735 1.4431770943217025e+01 14.836713634924806 15.046766300380037 0.4785053745927996 14.431782244139551 nan 3.2   
512 6144 0.00012177781499478819 132.20563508468442 14.431755405647735 1.4431755442408692e+01 14.431808271006481 14.973270751069395 0.08136171295945616 14.431767627720689 nan 3.2   
513 6156 0.00011830442679568954 133.68196142852963 14.431755405647735 1.4431807195857800e+01 14.973230486957556 15.475272431231168 0.509072664141506 14.581670517363749 nan 3.2   
514 6168 0.00011521631006151942 135.8335976699917 14.431755405647735 1.4431803310000419e+01 14.568965570473715 15.046727296267393 0.478468586732955 14.431809918963586 nan 3.2   
515 6180 0.00011300449141221244 134.86070023187148 14.431746382825594 1.4431746382825594e+01 14.431824261053215 14.594457237702015 0.08134183600237144 14.431795850135604 nan 3.2   
516 6192 0.00011542624458967175 137.02559325169426 14.431746382825594 1.4431751277545525e+01 14.910248777565183 15.475261785407044 0.40991670019481496 14.500372315320112 nan 3.2   
517 6204 0.00011314022764167876 138.7731628797603 14.431746382825594 1.4431759393507200e+01 14.431837761510778 15.04662884061144 0.44169494686781974 14.43177667694674 nan 3.2   
518 6216 0.00011224757482277244 140.34194737637452 14.431746382825594 1.4431763930077171e+01 14.568970891891395 15.134854199492578 0.35216802111065704 14.431779190247509 nan 3.3   
519 6228 0.00010865120032482896 143.0213833266429 14.431746382825594 1.4431770175048857e+01 14.431830552252102 15.046730658321433 0.13717481393353737 14.431794678987067 nan 3.3   
520 6240 0.0001074626441280241 146.00728103903057 14.431746382825594 1.4431758717003097e+01 14.431800598967554 14.568975268465865 5.173875536712558e-05 14.43177807480004 nan 3.3   
521 6252 0.00010646750905062673 148.24271656839377 14.431746382825594 1.4431779821077264e+01 14.568923407917554 15.046672276754249 0.271063848004653 14.43180212862015 nan 3.3   
522 6264 0.00010569335522817167 150.28965032145177 14.431746382825594 1.4431774154865812e+01 14.431827148294659 14.836724832076362 5.222145101591025e-05 14.431793168774721 nan 3.3   
523 6276 0.00010757773660594921 150.90609942799702 14.431746382825594 1.4431767261959040e+01 14.568923787097999 14.97328506046832 0.1371843966416062 14.431796744875836 nan 3.3   
524 6288 0.00010583179145133327 150.41845686572933 14.431746382825594 1.4431778791592762e+01 14.594408853006122 14.910252665810374 0.28376193941621963 14.431809171805673 nan 3.3   
525 6300 0.00010601708834781612 149.92166498615714 14.431746382825594 1.4431798808960437e+01 14.431806182129883 14.56899586864598 0.06858094181407992 14.431804357646488 nan 3.3   
526 6312 0.00010612356885642811 148.83807459363297 14.431746382825594 1.4431778216218374e+01 14.431822806151105 14.910271198179776 2.9071200104979766e-05 14.43180112527811 nan 3.3   
527 6324 0.00010185717730972084 150.29724255362393 14.431746382825594 1.4431773401348146e+01 14.431810136921026 14.910269524928637 2.8693968108228773e-05 14.431788422756359 nan 3.3   
528 6336 9.7011692617575e-05 149.62642594384272 14.431746382825594 1.4431773820867836e+01 14.43181009101557 14.910288031902546 0.06862161102802489 14.431781733003458 nan 3.3   
529 6348 9.491881694237951e-05 152.47181540859185 14.431746382825594 1.4431762362521001e+01 14.431815560082576 14.973248116739427 0.404967334616094 14.431778854684497 nan 3.3   
530 6360 8.879806353775387e-05 153.5804428812889 14.431746382825594 1.4431761182424710e+01 14.431804386395862 14.910277230322802 0.13720114967439123 14.431770705403723 nan 3.3   
531 6372 8.512052037651084e-05 155.4184673431919 14.431746382825594 1.4431765737968977e+01 14.836702550600924 15.3141936186717 0.49084544087677706 14.500362601908042 nan 3.3   
532 6384 8.343056636722056e-05 160.15463754284667 14.431746382825594 1.4431756931019825e+01 14.431793705885381 15.072176643713345 0.3522041232233306 14.431769801837664 nan 3.3   
533 6396 8.285839324773417e-05 158.78339017232977 14.431746382825594 1.4431759832468515e+01 14.56896849947573 14.910260167964381 0.4049249046941146 14.43178079181695 nan 3.4   
534 6408 8.212638016015541e-05 159.17892752238257 14.431746382825594 1.4431753370028385e+01 14.568956743295086 15.134912041090265 0.2837707123938369 14.431797073343517 nan 3.4   
535 6420 8.242865872748414e-05 159.63645577770993 14.431746382825594 1.4431766951396328e+01 14.43178888643403 14.973265600513894 0.404928123068494 14.431775500511176 nan 3.4   
536 6432 8.263913548198722e-05 158.7406259752762 14.431746382825594 1.4431749527887655e+01 14.568960884537761 14.910259762233803 0.1626663242354205 14.43176695198833 nan 3.4   
537 6444 8.325496448274873e-05 158.8412763731487 14.431746382825594 1.4431760419081325e+01 14.836720399433732 15.046733065081858 0.5096301474145619 14.50036428612174 nan 3.4   
538 6456 8.378902262030795e-05 158.65940626910907 14.431746382825594 1.4431758847848249e+01 14.836704288541988 15.314180605626438 0.5099910755308272 14.43177377780875 nan 3.4   
539 6468 8.508384898609822e-05 159.94588329469724 14.431746382825594 1.4431750213658210e+01 14.594424458864317 15.046722714947736 0.4784878666799255 14.431768090105933 nan 3.4   
540 6480 8.291256551527352e-05 159.79090086185872 14.431745669875498 1.4431745669875498e+01 14.594429312457958 15.449986666328991 0.47321488558942804 14.431772536012634 nan 3.4   
541 6492 8.280603859607334e-05 157.39364788619784 14.431745669875498 1.4431764907514001e+01 14.594434402819612 15.072155610680664 0.47848324232528405 14.431784302706756 nan 3.4   
542 6504 8.15290423677495e-05 157.26211357136538 14.431745669875498 1.4431775959854821e+01 14.43178773423582 14.910259773615918 0.4049341295500195 14.431778017790768 nan 3.4   
543 6516 8.41904620389164e-05 158.38337289890438 14.431745669875498 1.4431767282429625e+01 14.836697846473626 15.31416478635487 0.404946923216869 14.431774604807774 nan 3.4   
544 6528 8.766215276570214e-05 158.88777808452593 14.431745669875498 1.4431745680128509e+01 14.431789404493516 14.910281304509802 0.2025036132947733 14.431763020331214 nan 3.4   
545 6540 9.025853047152738e-05 159.75562304713475 14.431745669875498 1.4431763960517511e+01 14.836691361323698 14.973235728413048 0.47847822608430235 14.4317721900563 nan 3.4   
546 6552 8.883794767992065e-05 159.97575282266584 14.431745669875498 1.4431750111059930e+01 14.43176718209537 14.836697210479263 4.779433086810059e-05 14.431755518140136 nan 3.4   
547 6564 8.998984608577587e-05 162.72914931635972 14.431740180998418 1.4431740180998418e+01 14.568943389574086 14.9102528859567 0.44170813323105307 14.431755240487519 nan 3.4   
548 6576 9.361274993651939e-05 162.48737896016797 14.431732647491929 1.4431732647491929e+01 14.568936878917713 15.04670092037849 0.40492700418469774 14.431759731842655 nan 3.5   
549 6588 9.700173789800263e-05 162.53460535812673 14.431732647491929 1.4431737498583782e+01 14.431769261557715 14.973232440582878 0.27104031439859 14.43174724816638 nan 3.5   
550 6600 9.594864842863964e-05 164.69123997120522 14.431726637700935 1.4431726637700935e+01 14.431778943016862 14.836695318710388 0.06858845190073737 14.431754731184697 nan 3.5   
551 6612 9.293172060296407e-05 164.32992386584255 14.43172630266755 1.4431726302667551e+01 14.568935695597197 14.998688241899242 0.30784286627554813 14.431747842506335 nan 3.5   
552 6624 8.99109843492407e-05 169.19346515503028 14.43172630266755 1.4431732105481073e+01 14.910234510210286 15.072140465392929 0.5226987828390772 14.431760334023448 nan 3.5   
553 6636 8.599370295305078e-05 171.4471356889201 14.431720328935581 1.4431720328935581e+01 14.568928774970688 15.072139961147952 0.1626231731350991 14.431748459619435 nan 3.5   
554 6648 8.741851782207742e-05 174.505398054919 14.431715857556263 1.4431715857556263e+01 14.431750778560719 14.83666537261508 0.08134982836909899 14.431738676658293 nan 3.5   
555 6660 8.331709082085317e-05 176.68726680602092 14.431715857556263 1.4431729358665741e+01 14.431745545627214 14.910220675710333 0.14992848653121804 14.43173367116891 nan 3.5   
556 6672 8.000189538221353e-05 178.01103138583778 14.431715857556263 1.4431724166038098e+01 14.431747475891717 14.594409925038503 0.1498993567029352 14.431737653864372 nan 3.5   
557 6684 7.559727414010667e-05 179.7966352379229 14.431715857556263 1.4431717585241829e+01 14.568931673748029 14.83670298772906 0.28379293822022333 14.43172721841335 nan 3.5   
558 6696 7.43413370727129e-05 182.0722304756669 14.431708566660367 1.4431708566660367e+01 14.836659956835252 15.046697501263884 0.33634749069964265 14.50033092231051 nan 3.5   
559 6708 7.240238989022268e-05 181.598274913124 14.431708566660367 1.4431719778624428e+01 14.431733032807646 14.910246215537283 0.21834234879635517 14.431724861052459 nan 3.5   
560 6720 7.189191832144483e-05 183.26253991467112 14.431708566660367 1.4431714145864198e+01 14.431749202692808 14.973225367685354 0.1626752630113728 14.431721294695212 nan 3.5   
561 6732 6.974660937136899e-05 182.83708890272652 14.431708566660367 1.4431708762451109e+01 14.568897802780425 14.836667640108352 0.13718115224756033 14.431729825474122 nan 3.5   
562 6744 6.878630336400772e-05 185.12493466000112 14.431708566660367 1.4431709604117250e+01 14.431732986901128 14.568941534612245 0.06859452106641051 14.431727530255987 nan 3.6   
563 6756 7.180743180668133e-05 185.02445468372753 14.431708566660367 1.4431715097919703e+01 14.431732724846201 14.83667330825775 0.1371875350743803 14.431724566789617 nan 3.6   
564 6768 7.407973225781156e-05 186.4585383349466 14.431708566660367 1.4431714727582950e+01 14.431742924030365 14.594390725109855 0.13718193175910542 14.431726870517071 nan 3.6   
565 6780 7.253231692166932e-05 185.97847940375115 14.431701956454031 1.4431701956454031e+01 14.431730311324293 14.910248341064257 0.06861987208339215 14.43172065763762 nan 3.6   
566 6792 7.010160736727857e-05 185.11260503154767 14.431699880551173 1.4431699880551173e+01 14.568892737832021 14.731221798394277 0.1371871751031275 14.43171473372472 nan 3.6   
567 6804 6.95772570286069e-05 186.405652455263 14.431699880551173 1.4431701022869651e+01 14.56889718657029 14.73121231439294 0.1499180880248332 14.43171391311429 nan 3.6   
568 6816 6.844945651176369e-05 187.78793530911335 14.431699880551173 1.4431705320558581e+01 14.568912506323171 14.83667123973998 0.14975816597793745 14.500301635051468 nan 3.6   
569 6828 6.94579451063819e-05 191.733189510846 14.431699880551173 1.4431700541119474e+01 14.568919697881368 14.998658548645269 0.47322038603069316 14.431718139147257 nan 3.6   
570 6840 6.819930985099183e-05 190.15688463896944 14.431695362118967 1.4431695362118967e+01 14.56890160340522 14.83666273515912 0.35220103319121954 14.43171178106159 nan 3.6   
571 6852 6.351497927885851e-05 190.28693254838092 14.431695362118967 1.4431701241091563e+01 14.568893647925986 14.998664206432478 0.23106018232527425 14.43170905123914 nan 3.6   
572 6864 6.203378672324424e-05 192.46894736796085 14.431695362118967 1.4431698981938027e+01 14.431721903658314 14.836651085589484 0.16266726193949843 14.431707268328834 nan 3.6   
573 6876 6.07301989617634e-05 191.0006720113064 14.431693186437428 1.4431693186437428e+01 14.431712060702893 14.594369504983202 2.4176852909008062e-05 14.431699252445942 nan 3.6   
574 6888 5.7869330634754504e-05 193.04129313535697 14.431692730665018 1.4431692730665018e+01 14.568896440378849 14.731206075162767 0.16265023315016158 14.431701632495285 nan 3.6   
575 6900 5.3473015100924574e-05 191.32843507124227 14.431692730665018 1.4431694152920029e+01 14.568888057262617 15.13486493596884 0.4049394168183511 14.43170653913704 nan 3.6   
576 6912 5.150503329683207e-05 193.18245490615698 14.431681945325698 1.4431681945325698e+01 14.431707846053492 14.83663430633214 0.1372086608910923 14.431698702749074 nan 3.7   
577 6924 5.131498021991984e-05 194.2150095014225 14.431681945325698 1.4431687601744612e+01 14.431709510192372 14.684337433405197 0.13719183893275044 14.431694859491696 nan 3.7   
578 6936 5.031074810999209e-05 197.33570777709554 14.431681945325698 1.4431691547399208e+01 14.431703752845715 14.910192714499487 0.14992370016488898 14.431693232413924 nan 3.7   
579 6948 5.0745749881731705e-05 198.08843605436056 14.431681945325698 1.4431687871057230e+01 14.43169864894879 14.56889443472819 0.0686040276392994 14.431694177458686 nan 3.7   
580 6960 4.968687915174079e-05 197.23740810875296 14.431681945325698 1.4431685598451997e+01 14.431701475920956 14.59436701685186 0.13719853501884138 14.431692917571278 nan 3.7   
581 6972 4.8485272624729846e-05 197.45046074765128 14.431673460756668 1.4431673460756668e+01 14.43169607284611 14.731220023501496 0.16264845956939666 14.431689721942732 nan 3.7   
582 6984 4.768577550110449e-05 197.1332951987972 14.431673460756668 1.4431680248688505e+01 14.431683616916741 14.731183136747731 0.11375543226701268 14.43168124614649 nan 3.7   
583 6996 4.686470404137897e-05 196.32972913802945 14.431673460756668 1.4431678714985146e+01 14.431691227943427 14.568887176228596 5.840726526429307e-06 14.43168630900293 nan 3.7   
584 7008 4.649822425765963e-05 197.34469161260844 14.431673460756668 1.4431674636534117e+01 14.5688819361221 15.449932925193302 0.5467390913627277 14.43168463530001 nan 3.7   
585 7020 4.564120626616661e-05 197.51595627841112 14.431673460756668 1.4431682154805193e+01 14.56888116139169 15.314103564652678 0.4417212474390251 14.431684909314141 nan 3.7   
586 7032 4.543536404869081e-05 202.86101132361682 14.431673460756668 1.4431681765222304e+01 14.521950941099073 14.910186667166156 0.09029922111062305 14.43168649163514 nan 3.7   
587 7044 4.589633825949443e-05 203.7187214804578 14.431673388176476 1.4431673388176476e+01 14.43168816020184 14.99979879498998 0.28439368922837716 14.431680878207718 nan 3.7   
588 7056 4.683559226424584e-05 206.2323822842167 14.43167112806753 1.4431671128067530e+01 14.521978737691654 14.83663026166493 0.11375012687366493 14.431679629538497 nan 3.7   
589 7068 4.5475917913070024e-05 205.82754045953024 14.43167112806753 1.4431682144720343e+01 14.568878146578298 14.910185875519346 0.3204240789197339 14.47683189526568 nan 3.8   
590 7080 4.479666441840619e-05 205.94840913703808 14.43167112806753 1.4431682841356501e+01 14.431686122141425 14.836633739533777 0.14991698825676636 14.43168515536632 nan 3.8   
591 7092 4.395164411600617e-05 204.09084717104577 14.43167112806753 1.4431675782649663e+01 14.43169892392555 14.731185618082577 0.16267490118871208 14.431676997076972 nan 3.8   
592 7104 4.3367401857426215e-05 203.93740824884114 14.43167112806753 1.4431674303716781e+01 14.521973493811494 14.998641990504739 0.12648154558649694 14.43167977122615 nan 3.8   
593 7116 4.2652075639863565e-05 207.45522987038692 14.43167112806753 1.4431675908497784e+01 14.521989649985747 14.998627104232133 0.07238616914685991 14.521963402648058 nan 3.8   
594 7128 4.1788534804379615e-05 204.69853912399367 14.43167112806753 1.4431679789681059e+01 14.594336932305719 14.684341465220555 0.1626586036153288 14.43168703852879 nan 3.8   
595 7140 4.0442237757539876e-05 205.89264979664767 14.43167112806753 1.4431677556111174e+01 14.521970504065813 14.910173124385596 0.1264827156445314 14.43168234322848 nan 3.8   
596 7152 3.922584973262056e-05 205.90379379275927 14.43167112806753 1.4431678954524555e+01 14.594336964275774 14.998645697549103 0.162671901023149 14.431682912351494 nan 3.8   
597 7164 3.8626818428641934e-05 210.55902038863286 14.43167112806753 1.4431672128305799e+01 14.43168286590426 14.910188850898333 0.08134420817397903 14.431678290363516 nan 3.8   
598 7176 3.951368815533375e-05 209.7239404805106 14.43167017092493 1.4431670170924930e+01 14.431677713855441 14.910176412917014 7.955721050834086e-06 14.431674381870698 nan 3.8   
599 7188 3.95996758639198e-05 213.8645952729923 14.431664026368455 1.4431664026368455e+01 14.431681259689528 14.91018394635422 0.40495324614168027 14.431676841759622 nan 3.8   
600 7200 3.805409859084171e-05 214.5010948708443 14.431664026368455 1.4431666087143798e+01 14.594330338588735 14.910183138162417 0.4417239638083075 14.431676285617662 nan 3.8   
601 7212 3.742800007830589e-05 216.26797795697917 14.43166386232996 1.4431663862329961e+01 14.431675732115053 14.910175675211521 0.20248396198371843 14.431670963433728 nan 3.8   
602 7224 3.6007405035877724e-05 218.06253514912618 14.431663552401155 1.4431663552401155e+01 14.594339043493655 15.31409883452984 0.4049499656666562 14.431676403231226 nan 3.8   
603 7236 3.5415616526595685e-05 217.20187638713878 14.431661857733568 1.4431661857733568e+01 14.43167489683688 15.072081280846046 0.40496006267310847 14.431666303972644 nan 3.9   
604 7248 3.5179528713232723e-05 218.70426707231556 14.431661857733568 1.4431664098839805e+01 14.83661793240329 14.998613576698228 0.3603951752361727 14.512996991378476 nan 3.9   
605 7260 3.503237720631881e-05 218.16397854125768 14.431661857733568 1.4431667335161864e+01 14.594345425677991 15.16141895126759 0.10273916473283684 14.581596795261534 nan 3.9   
606 7272 3.525845020430615e-05 219.02675642347046 14.431661857733568 1.4431666805854913e+01 14.594333528108239 14.836624659003503 0.16267147631337586 14.431671502666639 nan 3.9   
607 7284 3.411864226347382e-05 221.57754472479056 14.431661857733568 1.4431668545907092e+01 14.521976401692857 14.594351896953254 0.1371990660437632 14.431673139050485 nan 3.9   
608 7296 3.463632378984048e-05 225.13982664637194 14.431661857733568 1.4431664020211615e+01 14.431677841032657 14.684333759778196 0.1372041702169362 14.431671554744604 nan 3.9   
609 7308 3.557358639416384e-05 230.25427244903491 14.431661857733568 1.4431667225641403e+01 14.521966913832067 14.658893364484555 0.09029849456589822 14.43167296153079 nan 3.9   
610 7320 3.457027780590561e-05 231.6200907775409 14.431661857733568 1.4431668325970078e+01 14.431678530151794 14.836629835489349 0.11375534266857201 14.43167227634078 nan 3.9   
611 7332 3.2885951831966985e-05 234.58779418818438 14.431661857733568 1.4431662943156029e+01 14.431674351410656 14.973189615645655 0.11375197913854329 14.431671103672286 nan 3.9   
612 7344 3.193475737855263e-05 239.29960358359796 14.431661857733568 1.4431665326829037e+01 14.43167379994013 14.568878495670914 0.1137516464225321 14.431666186042115 nan 3.9   
613 7356 3.171988122157366e-05 243.05050263448607 14.431661857733568 1.4431664832638329e+01 14.431672814595805 14.836621382489401 0.13720123902333548 14.431669557359257 nan 3.9   
614 7368 3.0777952510408465e-05 244.02406836042786 14.431661638616102 1.4431661638616102e+01 14.43166903868826 14.836625437305747 1.0589238710778659e-05 14.431664140626234 nan 3.9   
615 7380 3.130634960819856e-05 242.04572504867278 14.431658171648348 1.4431658171648348e+01 14.431671080954176 14.73118493324462 0.1137501689841578 14.43166396740736 nan 3.9   
616 7392 3.0251026646138067e-05 243.27595043506548 14.431658171648348 1.4431661205010490e+01 14.568867926328258 15.161414838370757 0.2838072385952888 14.4316700981744 nan 3.9   
617 7404 2.9532371078669418e-05 241.18255502912479 14.431658171648348 1.4431663274790880e+01 14.431667692672523 14.998627175656305 0.06860335865659728 14.43166486518813 nan 4.0   
618 7416 2.77073471057421e-05 240.45868561363875 14.431658171648348 1.4431661591982488e+01 14.56886419397278 14.998616585744223 0.40495555051954746 14.431667018756363 nan 4.0   
619 7428 2.599166526885829e-05 239.95648109306535 14.431658171648348 1.4431661060482265e+01 14.431667360587351 14.836622070898345 0.1499341975900137 14.431663965934138 nan 4.0   
620 7440 2.541334158352345e-05 241.94014168096027 14.431658171648348 1.4431658343969492e+01 14.56886310629983 14.973190784370333 0.27107929806015285 14.431663126720746 nan 4.0   
621 7452 2.5198453144547352e-05 240.64826017252466 14.431658171648348 1.4431659294677775e+01 14.568863406155717 14.836619714870489 0.0920512798807156 14.4768162091131 nan 4.0   
622 7464 2.5375100130629333e-05 244.2784887277287 14.431658171648348 1.4431658225275060e+01 14.431663411945824 14.568869600543657 3.755287956153097e-06 14.431662257141841 nan 4.0   
623 7476 2.6225219466838173e-05 245.82952460518604 14.43165591171175 1.4431655911711751e+01 14.431664204789968 14.910168791864418 0.1372063686135636 14.431658066389367 nan 4.0   
624 7488 2.6689426078949603e-05 248.70183795039773 14.431654855197316 1.4431654855197316e+01 14.521959783683684 15.449929950048956 0.3078512771058275 14.431661037543579 nan 4.0   
625 7500 2.7453640868356555e-05 251.63764378518658 14.431654855197316 1.4431655662735626e+01 14.431662052885377 14.910162486966476 5.3532938562028676e-06 14.431657616395864 nan 4.0   
626 7512 2.674083452566691e-05 253.66683523361937 14.431654855197316 1.4431659057499832e+01 14.684337427105335 14.910163056162501 0.47849623855086776 14.431662442188099 nan 4.0   
627 7524 2.685618110070466e-05 255.91180232552446 14.431654855197316 1.4431655358604552e+01 14.431665041646797 14.568867599239107 3.885635377898211e-06 14.431662606873251 nan 4.0   
628 7536 2.5796881272051087e-05 266.4945592512702 14.431654855197316 1.4431657437751491e+01 14.431660882545069 14.836609824229686 0.06860256034908474 14.43165972283326 nan 4.0   
629 7548 2.518083934461396e-05 266.2022834437942 14.431654855197316 1.4431658170442205e+01 14.431663794843228 14.836620870688137 0.20767964579251696 14.431659363757195 nan 4.0   
630 7560 2.3364406531651382e-05 271.1293305028899 14.431654855197316 1.4431657213202250e+01 14.431662098988662 14.658890733369521 0.09029984660462986 14.431658024506742 nan 4.1   
631 7572 2.2101132534640998e-05 274.10721400618286 14.431654855197316 1.4431655518575251e+01 14.431660987554187 14.568863418070677 0.09030154633772725 14.43165794974951 nan 4.1   
632 7584 2.1279889501675144e-05 273.9969347626181 14.431652169044698 1.4431652169044698e+01 14.431659751235804 14.568863496207477 0.13720506613712757 14.431656446882613 nan 4.1   
633 7596 2.0705727871937767e-05 279.9199829147829 14.431652169044698 1.4431653683346070e+01 14.431657318410632 14.973176813440334 0.13720261393315525 14.431655152425272 nan 4.1   
634 7608 2.0098464848456266e-05 286.2716107198741 14.43165180747172 1.4431651807471720e+01 14.568858467084887 14.973182723049122 0.3522409101328581 14.431654706903242 nan 4.1   
635 7620 1.9683168965895042e-05 287.7328244148306 14.431651124714703 1.4431651124714703e+01 14.431654878851049 15.046634514710982 0.06860619303282078 14.431652540629642 nan 4.1   
636 7632 1.8946984114249582e-05 289.641888315545 14.431651124714703 1.4431651329574743e+01 14.431657446978132 14.836612569699945 0.14993495174003968 14.43165356964451 nan 4.1   
637 7644 1.787159285079198e-05 288.85362995420434 14.431649505704323 1.4431649505704323e+01 14.431655073460442 14.998617059496869 0.2838162300019995 14.43165365620803 nan 4.1   
638 7656 1.7578834015116843e-05 290.78476368874357 14.431649505704323 1.4431649962878730e+01 14.4316543051518 14.836606550123395 0.08133617509219704 14.431651997509288 nan 4.1   
639 7668 1.7492526689686772e-05 290.01601247693503 14.431649505704323 1.4431650342009661e+01 14.52195023554605 14.56885510666253 0.09030441105872278 14.431652637664756 nan 4.1   
640 7680 1.7391473773490983e-05 292.9332109473226 14.431648780480419 1.4431648780480419e+01 14.43165182386778 14.910157428399419 2.3334543595154855e-06 14.43165003354511 nan 4.1   
641 7692 1.726454498951603e-05 298.74141016572634 14.431648197067691 1.4431648197067691e+01 14.521950806487775 14.836607787745514 0.16266815597153794 14.431650018428027 nan 4.1   
642 7704 1.7132859021385513e-05 301.37605193236726 14.43164549009981 1.4431645490099809e+01 14.43165242031839 14.998616136270478 0.11375482238992518 14.43165016693756 nan 4.1   
643 7716 1.7201290752400417e-05 305.37417400869526 14.43164549009981 1.4431646719367460e+01 14.594319459280797 14.998609183530807 0.4205227252978858 14.431648777984329 nan 4.1   
644 7728 1.6992965367965006e-05 308.9612424496638 14.43164549009981 1.4431647110573072e+01 14.568853512100288 14.973174965397492 0.3890115545188291 14.431648884495985 nan 4.2   
645 7740 1.6743047322127203e-05 311.1224385135477 14.43164549009981 1.4431647166537623e+01 14.431651482380788 14.568856057882206 0.13720146557088064 14.431649308288069 nan 4.2   
646 7752 1.639403733973867e-05 313.194445638718 14.43164549009981 1.4431647047223384e+01 14.431649033453244 14.998610959773774 3.3993042283242403e-06 14.431648566533593 nan 4.2   
647 7764 1.5536086460925762e-05 311.99852742885895 14.43164549009981 1.4431647270371142e+01 14.431651032276273 14.836608379140012 0.2710794044876632 14.431649278803931 nan 4.2   
648 7776 1.512948926213815e-05 312.46823547590003 14.43164549009981 1.4431646780432176e+01 14.43165076012567 14.836606935474602 0.06860423555621331 14.431648401688912 nan 4.2   
649 7788 1.527631407957519e-05 321.15193905360223 14.431642337827615 1.4431642337827615e+01 14.43164861556887 14.836609746200061 0.13720667050701252 14.431646134143353 nan 4.2   
650 7800 1.4871939731151563e-05 328.74629057904895 14.431642337827615 1.4431643234974581e+01 14.568851795989184 14.836603933058068 0.16267039650840154 14.431645159805063 nan 4.2   
651 7812 1.4706920393266462e-05 327.7731036682371 14.431642337827615 1.4431644133766010e+01 14.731167888984396 15.04663475057177 0.510013998675376 14.431646903231297 nan 4.2   
652 7824 1.4449408681377876e-05 327.8268562584314 14.431642337827615 1.4431644117430933e+01 14.431648271342755 15.072071538452127 0.14993674554440517 14.431646620707255 nan 4.2   
653 7836 1.4476302553418791e-05 331.167156666728 14.431642337827615 1.4431643442441025e+01 14.431645238577143 14.731171537330003 3.5080561353595385e-06 14.431644162869352 nan 4.2   
654 7848 1.489345483336232e-05 336.3685957345281 14.431642337827615 1.4431642559311182e+01 14.431646518643337 15.046632062501917 0.2310991678604708 14.43164419734782 nan 4.2   
655 7860 1.580414150675159e-05 340.73900906521044 14.431640730438673 1.4431640730438673e+01 14.431643935671254 14.910149696748567 0.045151109694899105 14.4316432140368 nan 4.2   
656 7872 1.585998205863925e-05 349.3795974534138 14.431640730438673 1.4431641751495059e+01 14.521947250886983 14.910146589961327 0.1372052939886803 14.43164307709348 nan 4.2   
657 7884 1.5510188858217648e-05 353.63984431351963 14.431640730438673 1.4431641133633386e+01 14.431645085667162 14.568848289179396 0.09030312904658011 14.431643804512492 nan 4.2   
658 7896 1.570617326208873e-05 358.62196195323753 14.431639433162106 1.4431639433162106e+01 14.431644885016299 14.999785866162542 0.13720679683129333 14.431641945499106 nan 4.2   
659 7908 1.64819261699543e-05 369.13338704914577 14.431638889835442 1.4431638889835442e+01 14.521943385271783 15.046631789857969 0.3205870315704775 14.431642245844806 nan 4.3   
660 7920 1.7073646692010588e-05 385.3595699434107 14.431638889835442 1.4431639082728497e+01 14.431642707434323 14.91014716921821 0.1499393725810787 14.431640514428146 nan 4.3   
661 7932 1.7885749358588906e-05 397.08204468152286 14.431637336511937 1.4431637336511937e+01 14.568844711734 15.046624968257843 0.2183632844070864 14.431642041338137 nan 4.3   
662 7944 1.8309473364039102e-05 410.71128249620216 14.431637336511937 1.4431638508726467e+01 14.431643749905273 15.046631200378838 0.14994142423037182 14.431639358485334 nan 4.3   
663 7956 1.807603988232648e-05 421.9155281177898 14.431637336511937 1.4431638046065546e+01 14.431643203645223 15.072060893356234 0.13720555431514825 14.431639248154509 nan 4.3   
664 7968 1.8612050737275086e-05 424.9280528135439 14.43163548687503 1.4431635486875029e+01 14.521943935978047 15.072064811556418 0.3078564467990361 14.431638811075835 nan 4.3   
665 7980 1.920350188671128e-05 432.99303441830233 14.431634423145733 1.4431634423145733e+01 14.521947574896895 15.046628738388009 0.32058630360477913 14.43163606796106 nan 4.3   
666 7992 2.024930838936611e-05 434.7039692666174 14.431633955589907 1.4431633955589907e+01 14.568840177149346 15.046624281643952 0.30785645038688614 14.431635317558076 nan 4.3   
667 8004 2.1327482613419718e-05 436.1255343674866 14.431630098351016 1.4431630098351016e+01 14.594305846005964 15.072057590114209 0.3205870846308514 14.43163695649421 nan 4.3   
668 8016 2.214465699908948e-05 429.61002295418643 14.431630098351016 1.4431631707444247e+01 14.658872401721423 14.973160886310502 0.4099001896328467 14.50023814951739 nan 4.3   
669 8028 2.2682412861972753e-05 436.6140371730348 14.431630098351016 1.4431632053151134e+01 14.521937995457714 15.072057922530648 0.16266682048375358 14.431636384114015 nan 4.3   
670 8040 2.32626412495189e-05 443.26063569768223 14.431630098351016 1.4431631294359530e+01 14.431640711766981 14.594309029678927 0.09030257642040951 14.431633781417979 nan 4.3   
671 8052 2.477144670227422e-05 444.9940833102333 14.431627360511785 1.4431627360511785e+01 14.431635390769154 14.99977062907092 0.16267479324478096 14.431634065103768 nan 4.3   
672 8064 2.5377051201075577e-05 446.66519100015864 14.431627360511785 1.4431629355516609e+01 14.431637647861336 14.910135953771105 0.3655869319799443 14.43163106661354 nan 4.3   
673 8076 2.56365510820783e-05 450.8173207973932 14.431627360511785 1.4431627826008311e+01 14.431634150655308 14.91013631685449 0.09030318866639853 14.431629108515043 nan 4.4   
674 8088 2.6081481162071686e-05 455.5288397094633 14.431625454771941 1.4431625454771941e+01 14.521933939919917 14.999770443318486 0.3205909039873376 14.431627976396218 nan 4.4   
675 8100 2.650010586492272e-05 464.2840811745845 14.431622278024102 1.4431622278024102e+01 14.43163243014673 14.910136525448374 0.23995803457651377 14.431625887801385 nan 4.4   
676 8112 2.6067474840005484e-05 473.1383754853664 14.431622278024102 1.4431624405715935e+01 14.594288452437679 15.04661695123336 0.32058420348485583 14.431627298285752 nan 4.4   
677 8124 2.499737295805878e-05 475.8855400558291 14.431622278024102 1.4431623820602567e+01 14.431631719598963 14.91013191545069 0.3890142810898869 14.43162654483268 nan 4.4   
678 8136 2.4896678372483628e-05 480.1941302380922 14.431622278024102 1.4431623729166914e+01 14.431629833596174 15.046614239193065 0.20767035180890225 14.431625185283357 nan 4.4   
679 8148 2.3968052689016566e-05 486.3201261421845 14.431622278024102 1.4431623400382195e+01 14.431627853517835 14.910130540053956 0.10091008864570128 14.431624671410738 nan 4.4   
680 8160 2.3365127587547993e-05 485.06634137852615 14.431621940234997 1.4431621940234997e+01 14.568823707878096 15.046611296827388 0.18221797636908477 14.431630642043615 nan 4.4   
681 8172 2.255766359900562e-05 487.1920326311211 14.431621940234997 1.4431623210978511e+01 14.431627552824816 14.568830303036723 0.09030804863120778 14.431625634443332 nan 4.4   
682 8184 2.1084231722571514e-05 491.26847826975774 14.431621940234997 1.4431624353164047e+01 14.431626634231645 14.594295877645271 0.04515306282653775 14.431625361066324 nan 4.4   
683 8196 2.006714656601031e-05 489.97860061238345 14.43162059439597 1.4431620594395969e+01 14.431626367090134 14.594298722283128 0.09030333673325508 14.431624011689076 nan 4.4   
684 8208 1.9893820613191705e-05 485.75777113929075 14.431620233320757 1.4431620233320757e+01 14.43162466961869 14.521928271231872 0.045152770046474444 14.43162290176679 nan 4.4   
685 8220 2.0678122134113886e-05 484.16911370650035 14.431619510226696 1.4431619510226696e+01 14.521927297957365 15.020947427118404 0.1565399675177872 14.431622181227283 nan 4.4   
686 8232 2.1553693371340783e-05 486.137372044857 14.431619510226696 1.4431622384932220e+01 14.543109014819759 15.110344649803274 0.12423491925271435 14.476774952813834 nan 4.4   
687 8244 2.220433296356106e-05 485.6088911957252 14.431619510226696 1.4431621097440438e+01 14.431626383272638 14.910130431607328 0.09030394007554676 14.431624148489945 nan 4.5   
688 8256 2.240446992311138e-05 490.7497458319432 14.431619510226696 1.4431621914422500e+01 14.658858963457908 15.020933197449986 0.47850210728161713 14.431624349622176 nan 4.5   
689 8268 2.282503507202258e-05 494.2640233807694 14.431619510226696 1.4431619799013738e+01 14.431628714985354 14.910128629210938 0.1372084065196031 14.431621983034107 nan 4.5   
690 8280 2.2747589134551606e-05 497.6894714269218 14.431617859539847 1.4431617859539847e+01 14.543132816728619 14.836580545912327 0.13720388830571473 14.431621825705994 nan 4.5   
691 8292 2.191840889747743e-05 501.0275898199332 14.431617859539847 1.4431621100201729e+01 14.543137715937586 14.999762537572822 0.17122118383433715 14.543125620528826 nan 4.5   
692 8304 2.1854763437388988e-05 508.8536286591359 14.431617859539847 1.4431618175479592e+01 14.431624583117786 15.18252600724888 0.13709243307843266 14.43162120046986 nan 4.5   
693 8316 2.0470783959367626e-05 505.18255822515164 14.431617823211617 1.4431617823211617e+01 14.594295036409253 14.836578009916044 0.27610112550858545 14.43162095788338 nan 4.5   
694 8328 1.9442193853436617e-05 507.99875203254646 14.431617823211617 1.4431618243102953e+01 14.70548013556455 14.999751039131079 0.35142808022871996 14.52192646674552 nan 4.5   
695 8340 1.8087940376210256e-05 508.6310858184449 14.431617823211617 1.4431618146024363e+01 14.65885935363329 14.91012705780737 0.20514324925598437 14.521926577239315 nan 4.5   
696 8352 1.7239096417997357e-05 511.3936184283202 14.431617823211617 1.4431618985095268e+01 14.431622147384383 14.59429435967904 0.0686051946141113 14.431620782849805 nan 4.5   
697 8364 1.659844134784644e-05 507.4427922698361 14.431617718884707 1.4431617718884707e+01 14.543136615739297 15.046606830617007 0.3205930349484376 14.4316189858937 nan 4.5   
698 8376 1.6598042819125967e-05 507.11456123395374 14.431617718884707 1.4431618391664943e+01 14.59428783988614 14.910128776208479 0.17311549189176745 14.476770713758306 nan 4.5   
699 8388 1.6878545114694527e-05 507.55288789345025 14.431616417744243 1.4431616417744243e+01 14.543128371731244 14.910125252560805 0.23772076364825168 14.431620417481295 nan 4.5   
700 8400 1.677516819280271e-05 504.1152382906594 14.431616417744243 1.4431617238227940e+01 14.543127006724049 14.999761071743139 0.23094939187479113 14.476771687322035 nan 4.6   
701 8412 1.682762054463447e-05 509.2844273846121 14.431616417744243 1.4431619298127366e+01 14.521919820869364 14.910123829696316 0.17149316283679283 14.431620178208421 nan 4.6   
702 8424 1.684273371482119e-05 509.092647098963 14.431616417744243 1.4431616989510161e+01 14.521920670323905 14.999763489778022 0.20157636657663502 14.431620553403963 nan 4.6   
703 8436 1.6417521455617817e-05 510.9640500531162 14.431616417744243 1.4431619557928579e+01 14.543130139453345 15.072044174234946 0.36558852694173893 14.43162168607179 nan 4.6   
704 8448 1.5666488977106847e-05 515.0246539880408 14.431616417744243 1.4431617999622400e+01 14.431623607569923 15.020947921046318 0.3078572591324438 14.4316202157407 nan 4.6   
705 8460 1.5253601024211664e-05 516.5533516712552 14.431616417744243 1.4431618867801985e+01 14.521922417020285 14.910125944651895 0.11150692674372564 14.4316203305635 nan 4.6   
706 8472 1.5496565344789326e-05 520.6310418155912 14.431616417744243 1.4431617101740384e+01 14.521920770335914 14.633195025905536 0.10090811989672233 14.431620469454861 nan 4.6   
707 8484 1.5081693989951967e-05 524.1705604888348 14.431616417744243 1.4431617722673927e+01 14.521925296783959 14.910122954986553 0.10078271719813792 14.476770092408074 nan 4.6   
708 8496 1.4650394233748557e-05 522.4430176115013 14.431616417744243 1.4431617424275114e+01 14.568824904966666 14.910123690233132 0.18212627924849834 14.431620607137395 nan 4.6   
709 8508 1.4440773545574462e-05 528.7045273972232 14.431616417744243 1.4431616997692487e+01 14.431621634910304 14.836579168634593 0.12435776433892975 14.431619206325433 nan 4.6   
710 8520 1.4652501225430558e-05 535.5485689389486 14.431616417744243 1.4431617231717830e+01 14.543126960206182 14.83657564039064 0.11151288617548616 14.431619196772093 nan 4.6   
711 8532 1.4397787059630082e-05 529.6724173795457 14.431616417744243 1.4431618007132998e+01 14.431622663234002 15.31404396437262 0.4417302520232109 14.431619700344053 nan 4.6   
712 8544 1.463236760627779e-05 541.260990171079 14.431616417744243 1.4431620757508982e+01 14.836575140131513 15.020947461446159 0.34082259303381335 14.532529034670063 nan 4.6   
713 8556 1.431335799055661e-05 543.5651508959215 14.431616417744243 1.4431618898931623e+01 14.431621345252928 14.836575374779548 3.599589925684654e-06 14.431619857999083 nan 4.7   
714 8568 1.3184848673462838e-05 539.0463161500824 14.431616417744243 1.4431617493428366e+01 14.43162111954226 14.999763459333446 0.09030433521752457 14.43162051385957 nan 4.7   
715 8580 1.182684956628475e-05 546.6587975074204 14.431616417744243 1.4431618163055177e+01 14.521923658909758 14.910125994781566 0.16939346214346607 14.431619946915129 nan 4.7   
716 8592 1.1010379109275725e-05 557.7290397601921 14.431616417744243 1.4431618885053178e+01 14.431620423551555 14.83657719373417 0.09030487628456818 14.431619474179733 nan 4.7   
717 8604 1.0614692347151058e-05 560.7154046549194 14.431616417744243 1.4431617035919217e+01 14.43162045590361 14.836577527357232 0.0686049205627306 14.43161911791106 nan 4.7   
718 8616 1.0146374753549348e-05 570.4104887616496 14.431616417744243 1.4431617376293593e+01 14.521923668551786 15.314044664158867 0.25823623566162546 14.431618324878848 nan 4.7   
719 8628 9.477690228428333e-06 567.4110900075833 14.431616417744243 1.4431617291817066e+01 14.52192421603516 15.020947318993665 0.11151371464023008 14.43161863259379 nan 4.7   
720 8640 8.997055484866061e-06 570.2969771717725 14.431616417744243 1.4431617309312598e+01 14.431619248574432 14.910123997391159 0.11151228021275728 14.431617740038138 nan 4.7   
721 8652 9.219992980276471e-06 563.0595669762648 14.431616417744243 1.4431617084131400e+01 14.43161882595254 15.02093964112689 0.09030655962684975 14.431617383149039 nan 4.7   
722 8664 9.408240123128162e-06 560.8838937562573 14.431615895365864 1.4431615895365864e+01 14.431618912069123 14.836576272918663 0.1565458856464712 14.431616628090646 nan 4.7   
723 8676 9.196505241485344e-06 557.6486709931414 14.431615895365864 1.4431615978028731e+01 14.543128170814386 15.020940769310053 0.12436033951908243 14.431616832354848 nan 4.7   
724 8688 9.1948270111097e-06 559.1167517662846 14.431614854784915 1.4431614854784915e+01 14.431617123951062 14.836576063072329 1.8416060925119382e-06 14.43161615144836 nan 4.7   
725 8700 9.154483546487916e-06 563.0710302247344 14.431614854784915 1.4431615069134665e+01 14.521924112220441 15.223966264406613 0.194944799419158 14.431615632670908 nan 4.7   
726 8712 8.884989658021859e-06 576.6227781299044 14.431614854784915 1.4431615630107803e+01 14.568822347454047 14.705479795804003 0.12424114405672881 14.476767905368316 nan 4.7   
727 8724 8.698931895096067e-06 576.9494685327069 14.431614854784915 1.4431616452573392e+01 14.543128854546827 14.705484687399512 0.21441253244580594 14.431616906512769 nan 4.8   
728 8736 8.514541435136466e-06 579.5474377233776 14.431614854784915 1.4431615771988042e+01 14.431617706293855 14.594287924203465 0.06860489233008593 14.431616277434198 nan 4.8   
729 8748 8.006913795467918e-06 587.1518739489543 14.431614854784915 1.4431615388905163e+01 14.56882219706445 14.68004332520468 0.13720688181877883 14.43161702624571 nan 4.8   
730 8760 7.862431264166126e-06 594.2414132306435 14.431614854784915 1.4431615161075614e+01 14.521921767124558 14.836575651484306 0.11151485851537224 14.431615905005632 nan 4.8   
731 8772 7.658415991388753e-06 592.7234102671517 14.431614854784915 1.4431615100940389e+01 14.543130884117106 15.072043302135778 0.36540980978763216 14.43161550214457 nan 4.8   
732 8784 7.3866387531386805e-06 586.2849663398588 14.431614514234454 1.4431614514234454e+01 14.54313001208084 14.836575162803404 0.28381557994011075 14.431615861012258 nan 4.8   
733 8796 7.151441123294438e-06 582.9889217177205 14.431614509097493 1.4431614509097493e+01 14.836574296467111 15.157138675405058 0.4306208805531071 14.532408326950549 nan 4.8   
734 8808 7.138283937076887e-06 586.137121348096 14.431614509097493 1.4431615500424869e+01 14.521921400412229 15.403101942047025 0.22500446774178862 14.431615613301727 nan 4.8   
735 8820 6.852532888484634e-06 603.264379966798 14.431614454066535 1.4431614454066535e+01 14.43161601369648 14.836574342376785 7.632228893328374e-07 14.431615657697044 nan 4.8   
736 8832 6.550438989187759e-06 603.4814396567275 14.431614454066535 1.4431614482200645e+01 14.543128843057719 15.020942402168844 0.2248723689377261 14.431615707851854 nan 4.8   
737 8844 6.367806238167551e-06 601.3925588704567 14.431614454066535 1.4431615096375680e+01 14.63319855761591 14.999759417717716 0.39657841913134284 14.47676911181281 nan 4.8   
738 8856 6.189320217134538e-06 598.2208005777204 14.431614454066535 1.4431614986970359e+01 14.431616375516457 14.836574439823556 0.1243616115738142 14.431615494163523 nan 4.8   
739 8868 6.014480969027832e-06 592.9331328522412 14.431614454066535 1.4431614460491664e+01 14.431616948293405 14.56882233558344 0.11151474179139242 14.431615898777352 nan 4.8   
740 8880 5.8223816144766305e-06 596.9760259460469 14.431614454066535 1.4431614819194699e+01 14.52191997792485 14.910121770153996 0.1499403986426593 14.43161513723599 nan 4.8   
741 8892 5.6917925290347484e-06 597.4945181774018 14.431614454066535 1.4431614739991460e+01 14.568821674225203 15.083761702261548 0.16267305045597702 14.43161498969504 nan 4.8   
742 8904 5.462501270156201e-06 600.158182824052 14.431614370805272 1.4431614370805272e+01 14.431615461919543 14.731144487327562 0.06860436235546175 14.431615227438357 nan 4.8   
743 8916 5.37960570607196e-06 603.9716697357301 14.431614135661212 1.4431614135661212e+01 14.431615510167452 14.731143647127084 0.14994112877409727 14.431614455866873 nan 4.9   
744 8928 5.288308485634641e-06 610.6870156668788 14.431614135661212 1.4431614667795413e+01 14.568822228691555 14.842044625284334 0.11122264270090554 14.568821305670312 nan 4.9   
745 8940 4.985716041529229e-06 610.1641258031809 14.431614135661212 1.4431614523205678e+01 14.543130996532458 14.836574237353627 0.13706231340721864 14.48737204426598 nan 4.9   
746 8952 5.00347559893666e-06 607.8572347458173 14.431614135661212 1.4431614822065422e+01 14.431615681404821 14.836574099499247 0.13709379122152043 14.43161491608044 nan 4.9   
747 8964 5.0407007386219905e-06 616.3125653425978 14.431614135661212 1.4431614388265155e+01 14.43161547694577 14.705481815268572 0.1115147398036136 14.431614649618414 nan 4.9   
748 8976 5.0579878383663306e-06 629.4577188342031 14.431614135661212 1.4431614780068241e+01 14.543130607727505 14.680045358745572 0.1263705176843306 14.487372078932262 nan 4.9   
749 8988 4.9242129330852424e-06 630.14501342357 14.431614135661212 1.4431614176255261e+01 14.431615483538994 14.633200474841294 0.1372073989814293 14.431614762366568 nan 4.9   
750 9000 4.835449647611362e-06 632.7060266575929 14.431613967662983 1.4431613967662983e+01 14.431615162159432 14.568821748591702 0.10091049382467077 14.431614463729499 nan 4.9   
751 9012 4.856267301709178e-06 636.3890426927629 14.431613941867354 1.4431613941867354e+01 14.594287809305678 14.820887127844305 0.26114678557166293 14.43161475059887 nan 4.9   
752 9024 4.799599464099931e-06 635.99709893599 14.431613641421976 1.4431613641421976e+01 14.54313043627888 14.91012117998029 0.12436193330203693 14.431614358156228 nan 4.9   
753 9036 4.542260371037138e-06 646.6847547196296 14.431613641421976 1.4431613683213993e+01 14.5431292816057 14.820886212912134 0.12436187667138299 14.431614477182631 nan 4.9   
754 9048 4.492613170984346e-06 656.0252158127455 14.431613641421976 1.4431613851263714e+01 14.431614583906303 14.836574059863505 0.10091139474129207 14.431614096711531 nan 4.9   
755 9060 4.363091299610764e-06 650.1997670262739 14.431613641421976 1.4431613669938136e+01 14.568821460756757 15.134800837085956 0.326695151668563 14.431614386236436 nan 4.9   
756 9072 4.311880576920421e-06 649.3634117904811 14.431613641421976 1.4431614117614872e+01 14.521920470908775 14.70548230785822 0.2055517765647199 14.431614389477282 nan 4.9   
757 9084 4.117035122047118e-06 647.4340339143249 14.431613641421976 1.4431613644826060e+01 14.56882143076299 14.910120816971828 0.1626738428509551 14.431614458251063 nan 4.9   
758 9096 3.8146648900374685e-06 655.9046238862214 14.431613641421976 1.4431613818599123e+01 14.43161432663328 14.910120444720073 0.13720721417385562 14.431614081939719 nan 5.0   
759 9108 3.5858462448180764e-06 647.401659248207 14.431613621093936 1.4431613621093936e+01 14.431614767410055 14.910120749748412 0.13709374768369642 14.431614148836651 nan 5.0   
760 9120 3.555345274242456e-06 651.9488424352755 14.431613621093936 1.4431614082782408e+01 14.594288122070113 14.836573661938587 0.2866978888006084 14.431614468487535 nan 5.0   
761 9132 3.4666647075770143e-06 663.907781205107 14.431613621093936 1.4431613674804955e+01 14.4316143565175 14.68429677767599 6.52607299755914e-07 14.431614017331224 nan 5.0   
762 9144 3.369188380822531e-06 661.0797165420541 14.431613621093936 1.4431613831525379e+01 14.431614242274701 14.568821199199638 0.09030619166971476 14.431613989070705 nan 5.0   
763 9156 3.302879153100496e-06 663.2451527208226 14.431613621093936 1.4431613792820892e+01 14.431614441967337 14.684297459759103 0.11151627952094323 14.43161399829087 nan 5.0   
764 9168 3.2573394050252016e-06 662.6962345532819 14.431613621093936 1.4431614044992601e+01 14.543129611390105 14.83657353902736 0.16267373264571106 14.431614233680463 nan 5.0   
765 9180 3.0710808874747606e-06 657.7769484675448 14.431613621093936 1.4431613672082330e+01 14.431614231899465 14.999759045124874 4.4744106375560477e-07 14.431613915094221 nan 5.0   
766 9192 2.87634069008285e-06 658.0865220758303 14.431613511089383 1.4431613511089383e+01 14.431614088986706 14.910120452417448 0.16936851319174373 14.431613965665026 nan 5.0   
767 9204 2.853674956921111e-06 653.5756578178406 14.431613443425595 1.4431613443425595e+01 14.431613907365785 14.836573142219263 4.094659207254381e-07 14.431613709121452 nan 5.0   
768 9216 2.8972411296067593e-06 662.051670402159 14.431613443425595 1.4431613597660466e+01 14.56882130472419 15.109170519524307 0.34889890243433186 14.54312914904516 nan 5.0   
769 9228 3.0619322182288154e-06 676.2628214505631 14.431613443425595 1.4431613745789374e+01 14.543130207831924 14.836573162554977 1.7490282537835355e-06 14.543128775035605 nan 5.0   
770 9240 3.250552203519121e-06 694.2386404161533 14.431613443425595 1.4431613985541501e+01 14.543130448290873 15.318389705867741 0.27063403305794864 14.543129858424306 nan 5.0   
771 9252 3.4022300624838597e-06 699.967002741365 14.431613443425595 1.4431613692748787e+01 14.543129884644532 14.680044870491312 1.518109362663722e-06 14.543128825776375 nan 5.1   
772 9264 3.3040596998102674e-06 721.5907691764511 14.431613429434927 1.4431613429434927e+01 14.680043639964083 15.15713805054976 0.3073664107424925 14.543128315121962 nan 5.1   
773 9276 3.1393780922130674e-06 733.0651973609371 14.431613429434927 1.4543128271301557e+01 14.543130691394596 15.020943695600666 0.14963301001648865 14.543129103851001 nan 5.1   
774 9288 3.0961740798051656e-06 753.3438103452994 14.431613429434927 1.4431614250607110e+01 14.543129682037467 15.020942254693542 0.06845948026585624 14.543128112219366 nan 5.1   
775 9300 2.9652552222859615e-06 792.3861152375474 14.431613429434927 1.4431613671600015e+01 14.543129405610145 14.543130637837256 0.05575925219328681 14.487370329137022 nan 5.1   
776 9312 2.9842030296396247e-06 794.6748099475989 14.431613429434927 1.4431613947317912e+01 14.543130375401798 14.836573210933667 8.764246164361111e-07 14.543129713535434 nan 5.1   
777 9324 2.9794123623707293e-06 804.1302428069782 14.431613429434927 1.4431613809368868e+01 14.54312942656216 14.836573497026952 0.13709517632415213 14.431614060689775 nan 5.1   
778 9336 2.8607218166248854e-06 808.990923664206 14.431613429434927 1.4431613673172800e+01 14.431614307839594 14.70548124701729 0.05575836506578824 14.431613983515309 nan 5.1   
779 9348 2.720619423393199e-06 809.3315699245704 14.431613429434927 1.4431613927676020e+01 14.543128401771677 14.731142933326538 0.13709521511286127 14.431613950586115 nan 5.1   
780 9360 2.540441886391918e-06 811.688667995177 14.431613429434927 1.4431613722490519e+01 14.431614196865057 14.594288375093075 0.05575851512769425 14.431613946641333 nan 5.1   
781 9372 2.429633175426258e-06 813.5833714447158 14.431613429434927 1.4431613562441033e+01 14.431613859143805 14.836573349880036 0.08133706098737647 14.431613681417481 nan 5.1   
782 9384 2.4712746766050034e-06 816.8496116956804 14.431613365554043 1.4431613365554043e+01 14.431613891901096 14.680045291724188 0.11151653790568439 14.431613556829795 nan 5.1   
783 9396 2.4821334908411732e-06 803.670559026296 14.431613365554043 1.4431613377415113e+01 14.431613764208967 14.594287787574123 0.1115165083028895 14.431613518595631 nan 5.1   
784 9408 2.528159818041761e-06 811.0347326346047 14.431613365554043 1.4431613372594652e+01 14.431613990249396 14.91012027151543 0.11151611923641092 14.43161362327165 nan 5.1   
785 9420 2.5151894668141966e-06 818.3507731899381 14.431613365554043 1.4431613500527339e+01 14.431613642583928 14.543130079586392 3.4343606181153064e-07 14.431613537475133 nan 5.2   
786 9432 2.4861432547885917e-06 815.002180340337 14.431613259120711 1.4431613259120711e+01 14.431613664603622 14.56882123905032 1.3699997225558036e-07 14.43161355881955 nan 5.2   
787 9444 2.4762021881657156e-06 829.370880530642 14.431613259120711 1.4431613378361895e+01 14.568820658432358 14.947481997055213 0.32669529586679324 14.431613612962723 nan 5.2   
788 9456 2.5152504123232748e-06 842.7844374607596 14.431613259120711 1.4431613409628039e+01 14.521920199997957 14.836573288854161 0.4049589620797178 14.431613604445163 nan 5.2   
789 9468 2.5360067186046824e-06 841.5400218542263 14.431613259120711 1.4431613329893718e+01 14.43161370808027 14.836573349111566 0.05575840881643401 14.431613446217579 nan 5.2   
790 9480 2.4986486097068292e-06 845.7874189006653 14.431613259120711 1.4431613314985782e+01 14.521919514393069 15.02094301194679 0.1370951075701985 14.431613584255135 nan 5.2   
791 9492 2.4771629348523635e-06 835.4882359073624 14.431613259120711 1.4431613447561965e+01 14.521920126842643 14.658859500262885 0.10091118282864286 14.43161367592089 nan 5.2   
792 9504 2.3845282205992628e-06 830.4314319949942 14.431613241470632 1.4431613241470632e+01 14.431613628531704 14.947482726852133 4.643530058245915e-07 14.431613422315591 nan 5.2   
793 9516 2.3425472104508447e-06 832.9743913851335 14.431613241470632 1.4431613270710995e+01 14.521919898640842 15.036972426139995 0.2611497426164142 14.43161343807964 nan 5.2   
794 9528 2.2515613035961304e-06 830.387911574782 14.431613241470632 1.4431613347588975e+01 14.521919709150845 15.16138448673407 0.40495955876971124 14.431613411923797 nan 5.2   
795 9540 2.193266272899633e-06 833.9085737021196 14.431613241470632 1.4431613334183144e+01 14.431613710142479 15.424261693848985 0.35287669987798687 14.431613464910534 nan 5.2   
796 9552 2.24921091244643e-06 839.9957235571188 14.431613241470632 1.4431613328904486e+01 14.431613687262923 15.046604563545667 0.12436196402550515 14.431613411259612 nan 5.2   
797 9564 2.2597784786302162e-06 847.4530151830206 14.431613241470632 1.4431613321907237e+01 14.431613814793396 14.91012015884442 0.1243614490479601 14.431613416981868 nan 5.2   
798 9576 2.2839016931350848e-06 853.9192578213616 14.431613241470632 1.4431613304256571e+01 14.543129074877447 14.910120143566356 0.30327231872713867 14.431613616558277 nan 5.2   
799 9588 2.295011821808193e-06 858.3945771836785 14.431613178496653 1.4431613178496653e+01 14.543128680473366 15.020943728739 0.4785067371038032 14.431613493802857 nan 5.2   
800 9600 2.286192697330292e-06 857.6945369981837 14.431613178496653 1.4431613285958933e+01 14.431613590797895 15.020943471275732 0.11151644540576555 14.43161347324229 nan 5.3   
801 9612 2.25318097862722e-06 864.4800423872022 14.431613178496653 1.4431613364070394e+01 14.568820758738854 15.135977485471816 0.27108329044869706 14.43161358243353 nan 5.3   
802 9624 2.1649699958679103e-06 862.4613791061334 14.431613178496653 1.4431613368457270e+01 14.431613635056499 14.91012032821801 3.502100724972479e-07 14.431613466132092 nan 5.3   
803 9636 2.13301789340543e-06 867.9686463501658 14.431613108002399 1.4431613108002399e+01 14.431613548295884 15.020943719087926 4.4262282372642403e-07 14.43161334414063 nan 5.3   
804 9648 2.0802965550470303e-06 874.0036125544349 14.431613108002399 1.4431613113106771e+01 14.43161335556838 14.94748254390927 0.08133747892367893 14.43161320356418 nan 5.3   
805 9660 1.9944204970096333e-06 874.4493702877284 14.431612968723343 1.4431612968723343e+01 14.568820528964878 14.973143511976893 0.2759731181606142 14.43161335256146 nan 5.3   
806 9672 1.9130288581399616e-06 867.3048704878968 14.431612968723343 1.4431613092577273e+01 14.431613245411041 14.836572738844037 2.677930179828536e-07 14.431613113075509 nan 5.3   
807 9684 1.8719724382692186e-06 874.1292444776374 14.431612968723343 1.4431613089708092e+01 14.543129814630317 14.680045154511403 0.14994059481223587 14.431613177424733 nan 5.3   
808 9696 1.7841446776043762e-06 882.7361893042525 14.431612968723343 1.4431613180601161e+01 14.521919912044519 15.16138449718649 0.2950116235131244 14.431613235666951 nan 5.3   
809 9708 1.7683562490365578e-06 888.9703850440933 14.431612968723343 1.4431612997856057e+01 14.431613246920962 14.594287344855683 0.04515344167112012 14.431613153752192 nan 5.3   
810 9720 1.7344758389923716e-06 927.8435238708117 14.431612968723343 1.4431612996633708e+01 14.431613318695662 14.947482087642351 0.11151610406597001 14.431613086714997 nan 5.3   
811 9732 1.7216481592454348e-06 946.991007842613 14.431612920235903 1.4431612920235903e+01 14.543129854385034 14.836572571309913 0.18222708258501186 14.431613203240282 nan 5.3   
812 9744 1.6287149523326887e-06 970.0956502047698 14.431612920235903 1.4431613025926550e+01 14.4316132866815 14.568820597002505 0.11151627635003436 14.43161317496503 nan 5.3   
813 9756 1.587283089789275e-06 964.4436568139334 14.431612920235903 1.4431612982689723e+01 14.431613139306881 14.836572671887533 2.3027174655965155e-07 14.431613060751213 nan 5.3   
814 9768 1.5562567302693097e-06 976.4593241162105 14.431612920235903 1.4431612923002799e+01 14.521919698560337 14.926297430696655 0.21836842565235948 14.431613024534922 nan 5.4   
815 9780 1.515395024306659e-06 989.1484772869773 14.431612920235903 1.4431612936753455e+01 14.543129413288364 14.836572468041922 0.16939675253819253 14.431613009479287 nan 5.4   
816 9792 1.5076296203779057e-06 1002.2327041711151 14.431612920235903 1.4431612926377507e+01 14.568820515207062 15.04660440813472 0.14994100456918957 14.431613007136725 nan 5.4   
817 9804 1.4227831910759402e-06 1013.4677965422336 14.431612920235903 1.4431613023713918e+01 14.521919451386008 14.836572389135817 0.13709501725485929 14.431613092483019 nan 5.4   
818 9816 1.319655062673097e-06 1014.5594522294072 14.431612911379096 1.4431612911379096e+01 14.4316131382746 14.705482040122774 1.5968674560440377e-07 14.431613075969956 nan 5.4   
819 9828 1.244138092631637e-06 1014.7201800350422 14.431612911379096 1.4431612956253231e+01 14.543129449694419 14.820885635675698 0.18209359838109407 14.4767663023662 nan 5.4   
820 9840 1.1968272211013935e-06 1016.3209112709014 14.43161287205587 1.4431612872055871e+01 14.431613115521605 14.973143325908874 0.13720756861693673 14.431613001454615 nan 5.4   
821 9852 1.1744278975406516e-06 1038.9903503908263 14.43161287205587 1.4431612937872467e+01 14.431613028171222 14.83657257369792 0.055758195590845716 14.431612990299369 nan 5.4   
822 9864 1.1455458336713043e-06 1032.0546876510275 14.43161287205587 1.4431612964021555e+01 14.568820451648197 14.92629753124478 0.1822271510700162 14.431613099143448 nan 5.4   
823 9876 1.1149660435553083e-06 1032.0126783537278 14.43161287205587 1.4431612956819549e+01 14.431613112016242 14.658860071041481 0.11375703733282272 14.431613037526878 nan 5.4   
824 9888 1.0875219951671785e-06 1037.2267776926963 14.431612861934221 1.4431612861934221e+01 14.431613008304504 14.836572543252691 0.0903066309600149 14.43161295318858 nan 5.4   
825 9900 1.0769593807866948e-06 1046.5285807904531 14.431612861934221 1.4431612877196162e+01 14.431612995327473 14.947482670142026 0.11375706397105034 14.431612965342001 nan 5.4   
826 9912 1.0838574722052911e-06 1069.5885633193182 14.431612845600451 1.4431612845600451e+01 14.431612957099341 14.594287220042832 0.10091164694478394 14.431612871681121 nan 5.4   
827 9924 1.1159798883595296e-06 1101.7379817841722 14.431612832131927 1.4431612832131927e+01 14.431612984012542 14.836572392168438 0.1626742249724522 14.431612914325761 nan 5.4   
828 9936 1.0781611640043877e-06 1114.86039130433 14.431612808591616 1.4431612808591616e+01 14.431613007211165 15.046604135612958 0.13720756760722352 14.431612919767577 nan 5.5   
829 9948 1.088456690718446e-06 1133.8476624205962 14.431612808591616 1.4431612874019146e+01 14.43161297301441 15.110346921336848 0.11375695527006968 14.431612907215655 nan 5.5   
830 9960 1.0795096074595956e-06 1123.2893040475533 14.431612808591616 1.4431612882480232e+01 14.431613018795161 14.999758250211725 0.09030669717702011 14.431612919312798 nan 5.5   
831 9972 1.0281858711720483e-06 1123.7375105188191 14.431612808591616 1.4431612847449957e+01 14.431613007361797 14.998580143356275 0.10091165686190706 14.431612878021374 nan 5.5   
832 9984 1.0051208407688204e-06 1131.9374798135016 14.431612749712507 1.4431612749712507e+01 14.68429667578521 14.998580106627413 0.3514264847385604 14.521919551944325 nan 5.5   
833 9996 9.949526070572566e-07 1143.4206647568435 14.431612749712507 1.4431612795442637e+01 14.543129530720707 14.947482566011763 0.404959476224505 14.431612929679773 nan 5.5   
834 10008 9.685641525033128e-07 1150.7223525718405 14.431612749712507 1.4431612785081528e+01 14.431612915320256 14.973143250954095 0.25823812113786104 14.431612878846753 nan 5.5   
835 10020 9.584340010909535e-07 1152.5194785966069 14.431612749356596 1.4431612749356596e+01 14.431612873506245 14.594287196940348 1.5277842102534578e-07 14.4316128005156 nan 5.5   
836 10032 9.225686808419524e-07 1152.8166393539566 14.431612749356596 1.4431612805436790e+01 14.594287166183157 15.072041006536157 0.4417331903743005 14.431612862202815 nan 5.5   
837 10044 8.887688722274393e-07 1173.2814325675463 14.431612749356596 1.4431612837349828e+01 14.83657229836465 15.110346868558327 0.3669902790696735 14.54312950710127 nan 5.5   
838 10056 8.539166953165115e-07 1178.7154192925632 14.431612749356596 1.4431612804791589e+01 14.431612885881545 14.910119719890726 0.1626742228363245 14.431612849780514 nan 5.5   
839 10068 8.665955182681333e-07 1195.9376244559687 14.431612749356596 1.4431612807271087e+01 14.543129642750655 14.910119811673791 0.13720752704427852 14.431612871370934 nan 5.5   
840 10080 8.697345564759098e-07 1194.8171303766974 14.431612749356596 1.4431612805103088e+01 14.836572383322238 14.973143234453273 0.4604146705990928 14.431612881812748 nan 5.5   
841 10092 9.089916725051615e-07 1193.4716420754269 14.431612749356596 1.4431612819046936e+01 14.83657241161249 15.314041708976807 0.5158695722676931 14.43161293360625 nan 5.5   
842 10104 8.925780754131064e-07 1221.7031917136028 14.431612749356596 1.4431612811463371e+01 14.521919473073359 14.836572452432224 0.12436203222745945 14.431612895554625 nan 5.6   
843 10116 8.376390249298091e-07 1230.6287134385118 14.431612749356596 1.4431612817591059e+01 14.431612976958863 14.926297357283044 0.24763307441351934 14.431612894700887 nan 5.6   
844 10128 8.42905116662216e-07 1231.3123350229905 14.431612749356596 1.4431612845403441e+01 14.43161290234491 14.973143213385102 0.13720758952637624 14.431612867121192 nan 5.6   
845 10140 8.462435059416948e-07 1247.922898133431 14.431612749356596 1.4431612796948391e+01 14.431612925086649 14.568820448312593 0.13720752097268196 14.431612846811168 nan 5.6   
846 10152 8.448579278242336e-07 1263.035940192069 14.431612749356596 1.4431612770575132e+01 14.431612841273907 14.910119745825904 0.11362354958588128 14.431612818840058 nan 5.6   
847 10164 8.326424570899346e-07 1262.9529094131615 14.431612749356596 1.4431612753031839e+01 14.431612858609425 14.926297330171748 0.1243622113945797 14.43161279959927 nan 5.6   
848 10176 7.981323773684092e-07 1300.489356287047 14.431612749356596 1.4431612757521014e+01 14.521919470942136 15.046604044986031 0.14994086456272449 14.431612798917927 nan 5.6   
849 10188 7.56637346740846e-07 1310.2953307836178 14.431612749356596 1.4431612783786912e+01 14.521919456335898 14.836572357088713 0.16267420312698277 14.431612827483864 nan 5.6   
850 10200 7.193798648293454e-07 1316.893404572188 14.431612749356596 1.4431612761648580e+01 14.543129542558507 14.842046038142186 0.18222720123414504 14.43161283846764 nan 5.6   
851 10212 7.057736441381595e-07 1307.8788016039884 14.431612737959686 1.4431612737959686e+01 14.521919402551468 14.836572394238567 0.16267427745571794 14.431612807591353 nan 5.6   
852 10224 6.752852373081667e-07 1329.3415726247797 14.431612737959686 1.4431612753062716e+01 14.521919295970683 14.973143135271416 0.18222724551324632 14.431612788521583 nan 5.6   
853 10236 6.273527279030237e-07 1342.5342621585005 14.431612737959686 1.4431612743993718e+01 14.52191943088896 14.84204619341315 0.21836860512685696 14.431612787208675 nan 5.6   
854 10248 6.059967988668363e-07 1325.894267588736 14.431612714508008 1.4431612714508008e+01 14.431612822744176 14.658859785977658 0.12436225094949549 14.431612755195033 nan 5.6   
855 10260 6.003001528446076e-07 1345.5742680043186 14.431612714508008 1.4431612732942723e+01 14.568820394885684 14.973143192081867 0.318852566102791 14.431612783954108 nan 5.6   
856 10272 5.992232847037589e-07 1328.6230034667321 14.431612714508008 1.4431612748646835e+01 14.43161280484726 14.6588597829462 0.11375711957789925 14.431612760768191 nan 5.6   
857 10284 5.89443589884732e-07 1336.1320136866375 14.431612714508008 1.4431612739616618e+01 14.431612765598306 14.658859789465245 3.8674684788020386e-08 14.431612750105796 nan 5.7   
858 10296 5.938568368006377e-07 1347.1501396165052 14.43161270516984 1.4431612705169840e+01 14.431612788307156 14.684296589530257 0.1115167662005021 14.431612748431267 nan 5.7   
859 10308 5.943622522449063e-07 1349.4671239380841 14.43161270516984 1.4431612716065890e+01 14.543129539021454 14.680044996355097 0.08144921708512243 14.48737110213818 nan 5.7   
860 10320 5.981707681857595e-07 1364.555018491798 14.431612674005097 1.4431612674005097e+01 14.431612800137733 14.594287059616388 0.12436218721119907 14.431612744718613 nan 5.7   
861 10332 5.867662927439335e-07 1358.886896392331 14.431612674005097 1.4431612721537109e+01 14.543129495679988 14.910119593298358 0.14994088727138077 14.431612770033507 nan 5.7   
862 10344 5.800087904736595e-07 1358.2600157716618 14.431612674005097 1.4431612725351320e+01 14.54312959936804 14.91011962504639 0.205553197661569 14.431612782870882 nan 5.7   
863 10356 5.886095431902407e-07 1389.8283797251995 14.4316126606761 1.4431612660676100e+01 14.431612790794276 14.594287048005093 0.11151679643077017 14.43161275910212 nan 5.7   
864 10368 5.851014036135585e-07 1395.1676669085173 14.4316126606761 1.4431612698422528e+01 14.431612771226122 15.314041643117255 9.282649138242505e-08 14.431612705052636 nan 5.7   
865 10380 5.70054595536129e-07 1393.190207053058 14.4316126606761 1.4431612691346762e+01 14.79424617383349 14.973143118806096 0.4785068467499549 14.431612749262843 nan 5.7   
866 10392 5.618676941399175e-07 1406.777755340942 14.4316126606761 1.4431612689329883e+01 14.56882027837135 15.208175280604124 0.3521022814857311 14.431612749226925 nan 5.7   
867 10404 5.49050708431175e-07 1410.5602116338246 14.4316126606761 1.4431612739990053e+01 14.83657223815848 15.083763082226069 0.4604146764984076 14.43161275626362 nan 5.7   
868 10416 5.293059998673038e-07 1422.3590154725377 14.4316126606761 1.4431612662078013e+01 14.431612770671087 15.020943186965127 0.055758467117659194 14.431612713598312 nan 5.7   
869 10428 5.269584160446875e-07 1432.0488510073064 14.4316126606761 1.4431612679323564e+01 14.568820279963411 15.161384337785758 0.42274860144705784 14.487371010191335 nan 5.7   
870 10440 5.42345633545874e-07 1451.4620834117786 14.4316126606761 1.4431612714156149e+01 14.680044833465569 14.910119573475177 0.20539229939216241 14.487371109190079 nan 5.7   
871 10452 5.459491469801008e-07 1455.383822831394 14.4316126606761 1.4431612690850377e+01 14.594287014707842 15.18254480017327 0.36559536507742507 14.431612734905283 nan 5.8   
872 10464 5.881296909816551e-07 1445.4232420646058 14.4316126606761 1.4431612684377589e+01 14.56882031468581 14.910119578182345 0.21812302615422396 14.476766039363392 nan 5.8   
873 10476 6.34988857284674e-07 1468.726967643414 14.4316126606761 1.4431612671518964e+01 14.543129485526606 14.910119615588142 0.2311019464084847 14.431612725388712 nan 5.8   
874 10488 6.687410414645201e-07 1487.8304658384493 14.4316126606761 1.4431612686660561e+01 14.731142389422194 15.182544760666019 0.43335357925243834 14.476766006167628 nan 5.8   
875 10500 7.075874108371298e-07 1496.5034028572147 14.4316126606761 1.4431612701314982e+01 14.543129514157188 15.020943173859637 0.1821302344963538 14.431612745096652 nan 5.8   
876 10512 7.054884862269972e-07 1484.8203411153356 14.4316126606761 1.4431612704188090e+01 14.543129457444707 15.110346886158297 0.1499408525974495 14.43161275174922 nan 5.8   
877 10524 6.981664575332515e-07 1478.4442089392294 14.4316126606761 1.4431612705001816e+01 14.43161274620038 14.594286967474256 5.581573958579611e-08 14.431612727236995 nan 5.8   
878 10536 7.019800437607781e-07 1464.6982731821363 14.4316126606761 1.4431612701869394e+01 14.43161279294659 14.910119591557102 0.08133719952827434 14.431612730617537 nan 5.8   
879 10548 7.036881329736299e-07 1461.3786651556243 14.4316126606761 1.4431612687924030e+01 14.431612752013354 14.910119647522082 0.37618796436849244 14.431612705783557 nan 5.8   
880 10560 7.474745920256632e-07 1476.5940473635105 14.4316126606761 1.4431612678115110e+01 14.521919402658057 15.271654134133822 0.15655162931805222 14.431612724769693 nan 5.8   
881 10572 8.030200502109582e-07 1475.6829996942877 14.4316126606761 1.4431612672210541e+01 14.543129380956604 14.910119643120652 0.13709550114107394 14.431612732489274 nan 5.8   
882 10584 8.566646865035646e-07 1495.1486854184977 14.4316126606761 1.4431612701779091e+01 14.54312945819167 15.182544872074818 0.26270385552096087 14.476766040547108 nan 5.8   
883 10596 8.958295774863171e-07 1502.6604391562946 14.4316126606761 1.4431612688983749e+01 14.59428700865953 15.020943429331364 0.47850691830126024 14.431612749601113 nan 5.9   
884 10608 9.29321873251594e-07 1496.7715874681103 14.4316126606761 1.4431612729763788e+01 14.521919311013944 14.910119582628434 0.11151668312250962 14.431612755201762 nan 5.9   
885 10620 9.495003119258788e-07 1499.2286370134977 14.4316126606761 1.4431612695071294e+01 14.431612811426158 14.910119695764672 0.11151674623835994 14.431612755009384 nan 5.9   
886 10632 9.400371614915617e-07 1489.627781091241 14.4316126606761 1.4431612677223898e+01 14.431612757671228 14.910119526726445 0.055758426467015454 14.431612716588468 nan 5.9   
887 10644 9.31465873836395e-07 1498.1189968301803 14.431612654104702 1.4431612654104702e+01 14.431612792714699 14.97314306470816 0.11151676111075304 14.431612705630926 nan 5.9   
888 10656 9.154651982257823e-07 1516.949449752781 14.431612654104702 1.4431612677874620e+01 14.594287028997341 15.072040858955189 0.4785068473843719 14.431612701257029 nan 5.9   
889 10668 8.922517135499416e-07 1537.060525396546 14.431612653921619 1.4431612653921619e+01 14.431612734671038 14.680044955805474 0.055758408768289414 14.431612685335924 nan 5.9   
890 10680 8.625507047601e-07 1536.7530148665653 14.431612608279217 1.4431612608279217e+01 14.568820299673721 14.910119625466056 0.4333535701596638 14.476765985571667 nan 5.9   
891 10692 8.325391102543204e-07 1541.6227024836026 14.431612608279217 1.4431612668933781e+01 14.521919339775657 15.020943322071641 0.12436215374197523 14.431612698042265 nan 5.9   
892 10704 8.312098451551752e-07 1532.9084683459253 14.431612608279217 1.4431612620150382e+01 14.431612715078584 14.521919326943918 0.04515331869660777 14.431612689925334 nan 5.9   
893 10716 8.196487387933604e-07 1527.6518908242738 14.431612597928035 1.4431612597928035e+01 14.431612755597667 14.68004496364202 0.13720756457225747 14.431612664776996 nan 5.9   
894 10728 8.289753437906318e-07 1545.3422912517608 14.431612597928035 1.4431612641309377e+01 14.521919324024216 15.403101172506014 0.44173320645244374 14.431612650683975 nan 5.9   
895 10740 7.972162363570943e-07 1563.8062781102362 14.431612597928035 1.4431612640333062e+01 14.568820211113312 15.424261620658443 0.5233262193416888 14.431612666039028 nan 5.9   
896 10752 7.924859162953214e-07 1557.0201731432228 14.431612597928035 1.4431612607851395e+01 14.543129413683255 14.910119604878671 0.38901827312058046 14.43161265453707 nan 6.0   
897 10764 8.147716331012923e-07 1558.11261545795 14.431612597928035 1.4431612607809257e+01 14.431612682769346 14.594286932563874 0.10091162245355889 14.431612652094465 nan 6.0   
898 10776 8.626662181077412e-07 1568.2871532990423 14.43161257311278 1.4431612573112780e+01 14.594286877571912 14.910119526055567 0.2866993428953464 14.431612653279053 nan 6.0   
899 10788 8.62005728312735e-07 1596.3728640248326 14.43161257311278 1.4431612592349911e+01 14.52191929750813 14.998579864579384 0.16267427608005214 14.431612649372662 nan 6.0   
900 10800 8.393736529678456e-07 1601.3072219810706 14.43161257311278 1.4431612617711769e+01 14.431612747281168 14.910119516655419 0.12436217301947927 14.431612637732579 nan 6.0   
901 10812 7.893808128627709e-07 1620.6784475700329 14.431612565999641 1.4431612565999641e+01 14.431612710391361 14.594286870987931 0.10091166962422271 14.431612624218449 nan 6.0   
902 10824 7.431823943494996e-07 1623.7031517164355 14.431612565999641 1.4431612584078204e+01 14.521919277860507 14.926297212987853 0.11151673362029157 14.431612627450413 nan 6.0   
903 10836 7.404591300715939e-07 1626.1335236887353 14.431612565999641 1.4431612590152534e+01 14.431612634362459 15.161384320786611 0.08133719551081242 14.431612607587976 nan 6.0   
904 10848 7.681949114485289e-07 1652.8596951125585 14.431612545348232 1.4431612545348232e+01 14.705481707065513 14.947482309441789 0.40495952073950825 14.431612632767814 nan 6.0   
905 10860 8.015798466160327e-07 1744.098568282687 14.43161250833768 1.4431612508337681e+01 14.431612614859748 14.998579782179602 0.06860381770879798 14.43161259393943 nan 6.0   
906 10872 7.903506468696725e-07 1816.0929307843871 14.431612507870042 1.4431612507870042e+01 14.594286903652101 15.223965716205269 0.2995296533366414 14.431612580773344 nan 6.0   
907 10884 7.699517059933736e-07 1862.8992633656985 14.431612507870042 1.4431612527011179e+01 14.431612601818681 15.0720407438728 0.5227370975028052 14.431612560060817 nan 6.0   
908 10896 7.578735883770982e-07 1924.6539649912693 14.43161248386507 1.4431612483865070e+01 14.5942868209579 14.910119408693596 0.16267427247295352 14.431612586069367 nan 6.0   
909 10908 7.713190920981247e-07 1974.2281580960794 14.43161248386507 1.4431612528565864e+01 14.594286824057727 14.910119465890075 0.3715976028595023 14.43161254903966 nan 6.0   
910 10920 7.938792411958889e-07 2009.8839540724123 14.43161248386507 1.4431612515932072e+01 14.431612636036714 15.208175108026477 0.4865957365605684 14.431612541627613 nan 6.1   
911 10932 7.995083919780732e-07 2019.180217115476 14.43161248386507 1.4431612518652555e+01 14.54312932651793 14.999758069276604 0.3032729536330443 14.431612559783865 nan 6.1   
912 10944 7.879392400627988e-07 2015.7941515056223 14.43161248386507 1.4431612505730177e+01 14.431612594040066 15.314041450358873 0.44173325337476754 14.43161253310312 nan 6.1   
913 10956 7.973347059985402e-07 2023.242525052709 14.43161248386507 1.4431612521037531e+01 14.594286817528044 14.998579766277068 0.46041471050499005 14.431612528668412 nan 6.1   
914 10968 7.496575492874841e-07 2017.203217244956 14.43161248386507 1.4431612502750497e+01 14.543129325661544 15.314041490608844 0.2838169238486792 14.431612547216986 nan 6.1   
915 10980 7.000986844399092e-07 2004.7149895338127 14.43161248386507 1.4431612522860544e+01 14.431612598250728 14.998579713478922 0.2995296273784547 14.431612558396633 nan 6.1   
916 10992 6.69504078196453e-07 2001.8907681849319 14.43161248386507 1.4431612528440260e+01 14.43161257021934 14.910119465261825 0.2710835899201953 14.43161254636134 nan 6.1   
917 11004 6.394639266824501e-07 2033.9440491860257 14.43161248386507 1.4431612509235817e+01 14.431612550418222 14.836572094708616 4.70395011831215e-08 14.431612527888998 nan 6.1   
918 11016 6.471158155023709e-07 2054.578493556825 14.43161248386507 1.4431612511323136e+01 14.431612565650951 15.046603909839083 0.3078572091440748 14.431612535318681 nan 6.1   
919 11028 6.361873394200588e-07 2048.6749348698945 14.43161248386507 1.4431612508104241e+01 14.910119414583324 15.020943278132616 0.4971883464449274 14.431612548430083 nan 6.1   
920 11040 6.148593933264258e-07 2052.6337224865606 14.43161248386507 1.4431612509458231e+01 14.431612583854125 15.020943248665628 0.2710835598664225 14.431612536850702 nan 6.1   
921 11052 5.994394046804681e-07 2043.492131503915 14.43161248386507 1.4431612505583766e+01 14.43161254987746 15.314041385945332 0.47850690139694585 14.43161251654106 nan 6.1   
922 11064 5.788875563433067e-07 2030.447479480077 14.431612476834221 1.4431612476834221e+01 14.43161258251614 14.836572119470212 0.2710835662680946 14.431612521585548 nan 6.1   
923 11076 5.69602914255093e-07 2047.2813492472687 14.431612467924166 1.4431612467924166e+01 14.568820043057508 14.910119418037196 0.13720757468838585 14.431612501110141 nan 6.2   
924 11088 5.773209216885447e-07 2081.61375367971 14.431612454648791 1.4431612454648791e+01 14.4316125381486 15.208175042383813 0.3078572586173287 14.431612477243974 nan 6.2   
925 11100 6.095417951559672e-07 2139.1371537869986 14.43161243285999 1.4431612432859991e+01 14.431612490253288 14.910119392192756 0.30785723838898704 14.431612466215725 nan 6.2   
926 11112 6.22731324694692e-07 2241.505933107841 14.431612423491401 1.4431612423491401e+01 14.543129303688175 15.072040619361113 0.16267434766696098 14.431612447861632 nan 6.2   
927 11124 5.935810533780017e-07 2317.8206555855154 14.431612423491401 1.4431612458124160e+01 14.594286717317846 15.182544426706677 0.478506887872129 14.431612482530376 nan 6.2   
928 11136 5.985789597579904e-07 2326.63245010386 14.431612423491401 1.4431612455463037e+01 14.54312927884493 15.046603856301017 0.47850687299086125 14.431612470047568 nan 6.2   
929 11148 6.132249641156299e-07 2325.518083261157 14.431612423491401 1.4431612436156239e+01 14.431612491099065 15.020943097159712 0.06860380459304238 14.431612446243602 nan 6.2   
930 11160 6.282231339402269e-07 2373.9163038220468 14.431612423491401 1.4431612424640035e+01 14.431612495107633 15.157137619715044 0.4785069073417674 14.4316124480031 nan 6.2   
931 11172 6.299838077671224e-07 2438.486086483411 14.431612423491401 1.4431612440063805e+01 14.568820051142543 14.910119360597406 0.44173320086835055 14.431612489640562 nan 6.2   
932 11184 6.49160584180274e-07 2440.428774557227 14.43161241633711 1.4431612416337110e+01 14.568820003881553 15.449891925562781 0.5467491340017645 14.431612460552685 nan 6.2   
933 11196 6.73576815337249e-07 2508.0067086464996 14.431612413051736 1.4431612413051736e+01 14.431612493508323 14.910119372231486 0.13720756784198684 14.431612456520753 nan 6.2   
934 11208 6.936480490215636e-07 2519.0178534439024 14.431612401507564 1.4431612401507564e+01 14.431612437089399 14.910119387758588 0.23925344434972118 14.431612425547804 nan 6.2   
935 11220 7.423454757048808e-07 2546.1998723659867 14.431612383381372 1.4431612383381372e+01 14.431612438255494 15.046603781285851 0.40495955224142577 14.431612401202514 nan 6.2   
936 11232 7.517199985952298e-07 2603.173057636754 14.431612383381372 1.4431612389813258e+01 14.4316124438695 14.910119281870289 0.14994087857457927 14.431612415207653 nan 6.2   
937 11244 7.669210086079699e-07 2655.6741163884076 14.43161237803253 1.4431612378032529e+01 14.431612428071709 14.947482270507956 0.23925346815256887 14.431612389494806 nan 6.2   
938 11256 7.916708122792286e-07 2729.622457756904 14.431612352753195 1.4431612352753195e+01 14.431612417694643 15.020943126340454 0.11151670611400633 14.43161240454802 nan 6.3   
939 11268 7.742360518628537e-07 2733.6178133581457 14.431612352753195 1.4431612371122995e+01 14.543129144394374 14.680044684773515 0.1115167833959756 14.431612440014666 nan 6.3   
940 11280 7.551088256758661e-07 2735.8863170885547 14.431612352753195 1.4431612364019497e+01 14.54312896718787 14.705481514181063 0.11151679728945396 14.431612404555331 nan 6.3   
941 11292 7.594899649261272e-07 2736.078994502077 14.431612317841525 1.4431612317841525e+01 14.431612437163533 14.83657196566553 0.33941423512390045 14.431612372399087 nan 6.3   
942 11304 7.627270775842943e-07 2797.358822544467 14.431612317841525 1.4431612359964193e+01 14.59428661865442 14.947482020641006 0.24377127203763926 14.48737073598691 nan 6.3   
943 11316 7.804626900000328e-07 2806.6051244555674 14.431612317841525 1.4431612350074166e+01 14.543129102527965 14.836571965433697 0.19281993345773252 14.431612404374873 nan 6.3   
944 11328 7.777741304313024e-07 2864.9606013579996 14.431612317841525 1.4431612342848327e+01 14.52191902835215 14.910119286142171 0.1626742339494065 14.431612424606199 nan 6.3   
945 11340 7.934385230211838e-07 2882.1359542978007 14.431612317841525 1.4431612340287380e+01 14.521918962897416 14.926296931617562 0.1499408538943392 14.43161236806949 nan 6.3   
946 11352 8.099892174116269e-07 2900.271344110918 14.431612309143894 1.4431612309143894e+01 14.521919025161813 14.926296967325849 0.3032727836604767 14.431612430488908 nan 6.3   
947 11364 8.168746406536394e-07 2921.9205898777304 14.431612309143894 1.4431612310008962e+01 14.431612410572884 14.910119230271743 0.11375715469719694 14.431612346028093 nan 6.3   
948 11376 8.065624444299778e-07 2915.428869625567 14.43161230560652 1.4431612305606521e+01 14.521918963243195 15.157137548103114 0.2710835724485179 14.431612360129266 nan 6.3   
949 11388 7.936951439165102e-07 2971.627577378539 14.43161230560652 1.4431612320226808e+01 14.568819879399214 14.769847879200992 0.13720762255583274 14.43161233680153 nan 6.3   
950 11400 7.682399710601403e-07 2998.534224752672 14.431612296481372 1.4431612296481372e+01 14.543129132887334 14.658859300465526 0.1372075526128853 14.431612354140672 nan 6.3   
951 11412 7.781194420942308e-07 3067.248979926598 14.43161228400678 1.4431612284006780e+01 14.52191900744328 14.658859369474447 0.1372076395565074 14.431612314740494 nan 6.3   
952 11424 7.804493835171554e-07 3084.9649863607465 14.431612258338763 1.4431612258338763e+01 14.543129132624381 14.568819913013698 0.07920893374459936 14.476765591067796 nan 6.4   
953 11436 7.674556312243855e-07 3136.688490815682 14.431612258338763 1.4431612293077213e+01 14.543129114651997 14.680044630530414 0.1370739864089927 14.47676565177095 nan 6.4   
954 11448 7.612913042059613e-07 3170.1148907012357 14.431612233440948 1.4431612233440948e+01 14.431612354046683 14.59428658722522 6.14595769832249e-08 14.431612341308035 nan 6.4   
955 11460 7.774998613219415e-07 3193.4430918052853 14.431612233440948 1.4431612243944484e+01 14.431612312279174 14.910119231722746 0.14994093089249638 14.431612286354008 nan 6.4   
956 11472 8.056548120473819e-07 3326.6386535053784 14.431612180328422 1.4431612180328422e+01 14.521918937210474 14.568819827699876 0.11151681013140902 14.431612268797497 nan 6.4   
957 11484 8.443323994286586e-07 3519.2413279275215 14.431612180328422 1.4431612211601905e+01 14.568819789691403 15.020943120703263 0.18222730650871632 14.431612260270581 nan 6.4   
958 11496 8.619167988822782e-07 3565.371079794118 14.431612180328422 1.4431612204270051e+01 14.431612296679704 15.072040475827798 0.16267424238093753 14.431612245548134 nan 6.4   
959 11508 8.93138757517287e-07 3594.230500470423 14.431612144256357 1.4431612144256357e+01 14.543128973232298 14.910119152277069 0.12436217931266036 14.431612239510942 nan 6.4   
960 11520 9.622153779294214e-07 3653.6269211572135 14.431612144256357 1.4431612170126154e+01 14.431612247607132 14.910119133187646 0.26115065663964465 14.431612199064261 nan 6.4   
961 11532 1.0262525242381054e-06 3763.581789547307 14.431612136899966 1.4431612136899966e+01 14.543128979773009 15.020943032214694 0.47850689970530524 14.431612184115231 nan 6.4   
962 11544 1.085328484467303e-06 3961.4627139681406 14.431612098198075 1.4431612098198075e+01 14.594286387259475 15.02094289103708 0.47850687328469377 14.431612160449749 nan 6.4   
963 11556 1.1602341373984671e-06 4090.629951297976 14.431612047044506 1.4431612047044506e+01 14.431612177363089 15.020942792091825 0.09030665287282247 14.431612127566488 nan 6.4   
964 11568 1.200552572364391e-06 4147.0179352889745 14.431612047044506 1.4431612049868811e+01 14.568819697539857 15.020942882455145 0.32669583308447514 14.431612097477512 nan 6.4   
965 11580 1.2360132529330198e-06 4287.73346307514 14.431612028522673 1.4431612028522673e+01 14.521918787389838 15.42426111994082 0.23783952634225258 14.431612095766777 nan 6.4   
966 11592 1.3133476566537916e-06 4416.738804647557 14.431611961779824 1.4431611961779824e+01 14.543128733995509 14.705481146956839 0.11151680030416955 14.431612079260038 nan 6.4   
967 11604 1.4397266989803488e-06 4572.323757278433 14.431611923048399 1.4431611923048399e+01 14.431612069280437 14.680044281694409 0.16267435588916968 14.431612013760024 nan 6.5   
968 11616 1.490636227912097e-06 4945.394387633834 14.431611923048399 1.4431611928213416e+01 14.431612104469984 15.046603285613712 0.21827143209570643 14.431611995875022 nan 6.5   
969 11628 1.5260558407147704e-06 5108.725895986228 14.431611923048399 1.4431611952107938e+01 14.568819582243867 14.973142269905301 0.28669930591536286 14.431612033190916 nan 6.5   
970 11640 1.6174803576646155e-06 5254.048383890629 14.431611816699672 1.4431611816699672e+01 14.431612001394118 14.680044182364476 1.8493413378450896e-07 14.431611955756136 nan 6.5   
971 11652 1.671322745915714e-06 5447.334726793756 14.43161174287338 1.4431611742873381e+01 14.543128695203448 15.020942373285184 0.16267414184507167 14.431611937578323 nan 6.5   
972 11664 1.7951493491542334e-06 5542.639114539181 14.4316116871782 1.4431611687178201e+01 14.431611915703638 14.836571442606534 0.14994085538936908 14.431611784202365 nan 6.5   
973 11676 1.974551913181247e-06 5791.204582718498 14.431611679072983 1.4431611679072983e+01 14.431611848611725 14.910118733024257 0.05575824952445885 14.431611762875754 nan 6.5   
974 11688 2.1554059973172674e-06 6000.329710444261 14.431611517369587 1.4431611517369587e+01 14.43161175530893 14.568819342796903 0.045153622258032655 14.43161168649896 nan 6.5   
975 11700 2.272993688505641e-06 6262.590422516612 14.431611517369587 1.4431611579370870e+01 14.431611785782867 14.999757334689493 0.10091168579291221 14.431611634396521 nan 6.5   
976 11712 2.320326817932452e-06 6404.138942828293 14.431611494272698 1.4431611494272698e+01 14.521918414854028 15.110345913284222 0.4785069590016331 14.431611547729927 nan 6.5   
977 11724 2.3946888800029752e-06 6563.0406074769735 14.431611494272698 1.4431611553139577e+01 14.543128086970441 15.135976179171138 0.1799745182407051 14.431611593803751 nan 6.5   
978 11736 2.386485201047918e-06 6683.710432525894 14.431611494272698 1.4431611511345173e+01 14.543127894701097 14.999756845637625 0.12436213485562675 14.431611603395144 nan 6.5   
979 11748 2.4349081558283303e-06 6822.390348855414 14.431611390557286 1.4431611390557286e+01 14.431611676080875 15.072040097985127 0.09030669570867289 14.431611450074524 nan 6.5   
980 11760 2.593113712209255e-06 6882.154509783808 14.431611196477014 1.4431611196477014e+01 14.431611533882506 14.568818999970167 0.0903066869162128 14.431611426300497 nan 6.6   
981 11772 2.7022278839251075e-06 7064.976256617211 14.431611190597064 1.4431611190597064e+01 14.431611434023276 14.594285478821199 0.0451536341680292 14.431611234101572 nan 6.6   
982 11784 2.9866228603345215e-06 7347.336152881474 14.431610853029923 1.4431610853029923e+01 14.431611339673026 14.910118212246893 0.05575861202524379 14.431611089985946 nan 6.6   
983 11796 3.2965706693246577e-06 7665.854917797592 14.431610668678548 1.4431610668678548e+01 14.431611295686238 15.072039277181863 0.29501178571512554 14.43161104343524 nan 6.6   
984 11808 3.5186439674221947e-06 7690.4270469558305 14.431610668678548 1.4431610775854761e+01 14.431611071610371 14.910117697510975 0.13709525646527965 14.431610855057546 nan 6.6   
985 11820 3.7584349102200593e-06 7733.056270791279 14.431610510142647 1.4431610510142647e+01 14.431611296016008 14.91011788825274 0.23110216319739507 14.431610700804406 nan 6.6   
986 11832 4.041113547986676e-06 7920.916293230115 14.431610320238837 1.4431610320238837e+01 14.431611235939508 15.182542488628394 0.14994093771823813 14.431610644339752 nan 6.6   
987 11844 4.256266664505026e-06 8137.570316402237 14.431610287046691 1.4431610287046691e+01 14.431610744954849 14.5942848910663 0.13720746846066767 14.431610332770148 nan 6.6   
988 11856 4.425165689218254e-06 8371.715184509787 14.431610080359532 1.4431610080359532e+01 14.43161050566438 14.568817887388912 5.904362190278789e-07 14.431610243389557 nan 6.6   
989 11868 4.623804344621078e-06 8477.426818739223 14.431609693273327 1.4431609693273327e+01 14.431610656681436 15.072038450594857 0.11151677217841538 14.431610101855973 nan 6.6   
990 11880 5.009436074647704e-06 8755.135128513346 14.431609533994878 1.4431609533994878e+01 14.431610128893036 14.910116991119258 0.09030661147583885 14.431609934706518 nan 6.6   
991 11892 5.432447657794811e-06 9269.140109205104 14.431609533994878 1.4431609569392739e+01 14.431609866915071 14.568817296894366 0.055758361857943584 14.431609691019437 nan 6.6   
992 11904 5.697056788753242e-06 9535.434626424552 14.431609234906123 1.4431609234906123e+01 14.43161016033437 14.910116418709647 0.11151706351852297 14.431609394146463 nan 6.6   
993 11916 6.146416207192665e-06 9948.345703698691 14.431608630555502 1.4431608630555502e+01 14.431609513521758 14.910116507194182 8.242073299413732e-07 14.431609212365206 nan 6.6   
994 11928 6.593292540583218e-06 10569.974968079841 14.431608556283043 1.4431608556283043e+01 14.431609150804755 14.910115812975254 0.045153228726258376 14.43160888418956 nan 6.7   
995 11940 7.333340672219531e-06 10952.278095036278 14.43160810051237 1.4431608100512371e+01 14.431608680989388 14.521916723989323 0.04515396584698017 14.431608256781965 nan 6.7   
996 11952 8.462434360654063e-06 11232.47720651409 14.431607285535385 1.4431607285535385e+01 14.431608354616706 14.431609582354094 6.034466384363668e-07 14.431607911993106 nan 6.7   
997 11964 9.75738868445404e-06 11507.66686886028 14.431607088279037 1.4431607088279037e+01 14.431607596255057 14.94747659558969 0.09030715437672576 14.431607251098445 nan 6.7   
998 11976 1.138637447510536e-05 11713.278941268714 14.431606048489153 1.4431606048489153e+01 14.431607865718911 14.543123492768391 0.045153290742700136 14.431607063145947 nan 6.7   
999 11988 1.2730338470456349e-05 11732.488533524767 14.43160600324047 1.4431606003240470e+01 14.431607459709982 14.947474476229836 0.09030603985495844 14.431606860860084 nan 6.7   
1000 12000 1.400206539093103e-05 11964.20824209566 14.431605907113084 1.4431605907113084e+01 14.431607051565123 15.083755172158764 0.09030605723032537 14.43160632466737 nan 6.7   
1001 12012 1.5005458573392957e-05 12105.706627297835 14.43160588001605 1.4431605880016050e+01 14.521912194227532 14.633192033051326 0.11151521657097163 14.431606406903342 nan 6.7   
1002 12024 1.676480794497426e-05 11928.273897320216 14.431604762776836 1.4431604762776836e+01 14.431605822590464 14.568812673986423 0.10091185143799564 14.431605146374565 nan 6.7   
1003 12036 1.86706587722226e-05 12164.979644980216 14.431604603560324 1.4431604603560324e+01 14.431605563882904 14.6331885781447 0.12436218732147708 14.431604679218761 nan 6.7   
1004 12048 2.103196613736812e-05 12133.096210965352 14.431604405111099 1.4431604405111099e+01 14.431604993297952 14.568811668451588 0.09030494193437022 14.431604757680262 nan 6.7   
1005 12060 2.247754574617618e-05 12198.75533278905 14.43160432573463 1.4431604325734630e+01 14.431605578220864 15.314033216036233 0.2582379134164601 14.431604458274066 nan 6.7   
1006 12072 2.3282963034365803e-05 12345.326770653162 14.431604105862505 1.4431604105862505e+01 14.543119656896694 14.926286677827798 0.40495962901965044 14.431604366230623 nan 6.7   
1007 12084 2.3696399193771465e-05 12330.55619379873 14.43160399764846 1.4431603997648461e+01 14.633188997227235 15.036960755627158 0.5052740527506678 14.431605045570034 nan 6.8   
1008 12096 2.352853325317122e-05 12337.76174173784 14.431603857191552 1.4431603857191552e+01 14.521909980541036 14.836564341054803 0.15654824209632778 14.431605206988475 nan 6.8   
1009 12108 2.4011186709027285e-05 12397.163926997953 14.431603857191552 1.4431604243441152e+01 14.431605552007825 14.947472676877497 0.11151541427614653 14.431604493994262 nan 6.8   
1010 12120 2.3579621130739682e-05 12510.83386095727 14.431603664686925 1.4431603664686925e+01 14.43160545341054 14.836564157458453 0.1370951173978021 14.431604236684784 nan 6.8   
1011 12132 2.3792529181582582e-05 12517.84820441969 14.431603664686925 1.4431603868704359e+01 14.431604626280517 14.910111069862074 7.368788015327254e-07 14.431604062352395 nan 6.8   
1012 12144 2.369205639584743e-05 12685.983768849945 14.431603386224339 1.4431603386224339e+01 14.43160456446797 15.1825311406778 0.4417329728099979 14.431604127772754 nan 6.8   
1013 12156 2.4081878710091688e-05 12737.588846940207 14.431602910401727 1.4431602910401727e+01 14.431604128832696 14.431604925688495 1.3228209638782573e-06 14.431603231083972 nan 6.8   
1014 12168 2.4683720086520892e-05 12721.289803628331 14.431601259018692 1.4431601259018692e+01 14.431603986535864 15.020932181059147 0.04515369276591663 14.43160356734147 nan 6.8   
1015 12180 2.4928168096490956e-05 12554.7888064742 14.431601259018692 1.4431602039653546e+01 14.431603600657825 15.135966530592588 0.12436115505376577 14.431602742921132 nan 6.8   
1016 12192 2.4232298061214607e-05 12881.08287457679 14.431601259018692 1.4431602577008558e+01 14.836561700399502 14.999747482530303 0.4227481344936752 14.487361046500297 nan 6.8   
1017 12204 2.3848734003099992e-05 12811.034201096214 14.431601259018692 1.4431601845179696e+01 14.521909382054075 14.836561614720516 0.1370944507060301 14.431602531910734 nan 6.8   
1018 12216 2.4701780996092152e-05 12870.58952172011 14.431601259018692 1.4431601375213521e+01 14.431602939450807 14.68003139280507 0.13709485224520535 14.431602137414036 nan 6.8   
1019 12228 2.499529527931448e-05 12995.754632969534 14.431601259018692 1.4431601551114989e+01 14.568809424967542 15.03696010930444 0.4604135315299782 14.4316025801398 nan 6.8   
1020 12240 2.5088737631069345e-05 13028.455243482746 14.431600764621919 1.4431600764621919e+01 14.431603724268529 14.99856880056776 0.31610211167822655 14.431602264926681 nan 6.8   
1021 12252 2.4640972742634873e-05 13061.846405517732 14.431600764235371 1.4431600764235371e+01 14.568808750998159 14.973131530232523 0.2311016623520299 14.43160239999678 nan 6.9   
1022 12264 2.412468390483208e-05 13002.319748597547 14.431600764235371 1.4431601095231727e+01 14.568807723380036 14.70547073261179 0.0920542196070464 14.476755048984774 nan 6.9   
1023 12276 2.3266639636625015e-05 13202.957040794894 14.431600764235371 1.4431600888062290e+01 14.543117816808383 14.926283886201741 0.194944194482904 14.43160250050904 nan 6.9   
1024 12288 2.2547821436286453e-05 13017.320217887745 14.431600764235371 1.4431601076660975e+01 14.431602581803826 14.947470611486475 0.04515379135166242 14.431601409066019 nan 6.9   
1025 12300 2.1400586010571132e-05 12966.181445999511 14.431600764235371 1.4431601057856925e+01 14.52190765489815 14.836559647237106 0.16267242618610211 14.431601796363221 nan 6.9   
1026 12312 2.0034274522357956e-05 12879.594242092644 14.431600764235371 1.4431601681243730e+01 14.431602237468109 15.182531674215035 0.23925369016345854 14.431601810696414 nan 6.9   
1027 12324 1.9255355488923496e-05 12928.72673440557 14.431600764235371 1.4431601295882771e+01 14.431601934552324 14.521908410174872 1.0381605424214513e-06 14.431601460455214 nan 6.9   
1028 12336 1.904856626446913e-05 12941.882481167608 14.431600764191833 1.4431600764191833e+01 14.521907571525519 14.926285163118095 0.16267435584041934 14.431601256835776 nan 6.9   
1029 12348 1.930121219251602e-05 12866.481401850562 14.431600764191833 1.4431601073200920e+01 14.52190688424186 15.036957900065879 0.16939529860347413 14.431602033915203 nan 6.9   
1030 12360 1.8861269193572074e-05 13083.542033365173 14.431600581550118 1.4431600581550118e+01 14.43160187240207 14.680031806205022 0.09030538990802128 14.431601422380393 nan 6.9   
1031 12372 1.8972106153981104e-05 12957.681857944432 14.431600581550118 1.4431600695224455e+01 14.431601428067115 14.594275399976345 1.2389596903972233e-06 14.431600999549559 nan 6.9   
1032 12384 1.9352446377444424e-05 12901.286637977577 14.43160011183347 1.4431600111833470e+01 14.431601225806757 14.836559395117382 0.1009117020402659 14.431600953563576 nan 7.0   
1033 12396 1.94858615369894e-05 13045.332309347363 14.431599887358775 1.4431599887358775e+01 14.521905555962515 14.594274515239322 0.12436191306667155 14.431600348675097 nan 7.0   
1034 12408 1.942691108493374e-05 13050.462996645552 14.431599786707018 1.4431599786707018e+01 14.521906192621474 14.926284665083442 0.13720659350939357 14.431600195893125 nan 7.0   
1035 12420 2.096882637837778e-05 13020.373097650889 14.43159885906694 1.4431598859066940e+01 14.431600641391485 15.020930311087165 1.1711406315839668e-06 14.431599691893961 nan 7.0   
1036 12432 2.1509122585619444e-05 13019.262400027796 14.43159885906694 1.4431599248645748e+01 14.521905797898631 14.947468519298093 0.11151542447101725 14.431599877813829 nan 7.0   
1037 12444 2.1520942217899213e-05 13043.020475666928 14.43159885906694 1.4431599505667609e+01 14.568805299141646 14.705467834464049 0.05963512725732123 14.521904869130744 nan 7.0   
1038 12456 2.101130118637965e-05 13176.197952917662 14.43159885906694 1.4431598932917998e+01 14.521905123650479 14.999743592497788 0.22487437427527368 14.431599521546506 nan 7.0   
1039 12468 2.068939484464742e-05 13433.723301763695 14.43159845651825 1.4431598456518250e+01 14.431600061322976 14.76983365475344 0.14994030745622489 14.431599459642312 nan 7.0   
1040 12480 2.078632012223203e-05 13106.93282849971 14.43159845651825 1.4431598482326150e+01 14.431599801953775 14.65884548676522 0.05575849099090213 14.43159886080962 nan 7.0   
1041 12492 2.1657650358272125e-05 13207.344300272765 14.431598452580424 1.4431598452580424e+01 14.910105218648372 15.157122181763373 0.34129967680572193 14.568806331218706 nan 7.0   
1042 12504 2.185739890347282e-05 13354.728989343888 14.431598182074412 1.4431598182074412e+01 14.543113895851949 15.020930111979181 0.4333526639290355 14.47675238598095 nan 7.0   
1043 12516 2.17233751932826e-05 13546.689245721023 14.431597659987986 1.4431597659987986e+01 14.543111759413497 14.910105917063676 0.11151681567770133 14.431598244491209 nan 7.0   
1044 12528 2.18642926765552e-05 13642.459333201228 14.431597659987986 1.4431597799983710e+01 14.54311233311914 15.182528651619542 0.23772529990223035 14.43159834701165 nan 7.0   
1045 12540 2.2287931958617356e-05 13534.501293150457 14.43159686548105 1.4431596865481049e+01 14.431599206802824 15.020928712566691 0.11151440755655884 14.431598250339352 nan 7.0   
1046 12552 2.198505386746537e-05 13605.52941401431 14.43159686548105 1.4431597359942202e+01 14.56880526103931 14.947465827518984 0.10691561514764025 14.487355621860505 nan 7.1   
1047 12564 2.2117517439222e-05 13792.640549939544 14.431596085685518 1.4431596085685518e+01 14.431598204029353 14.91010523177487 1.298256812276577e-06 14.431597448521064 nan 7.1   
1048 12576 2.193511054737247e-05 13720.413305777676 14.431596085685518 1.4431596317763422e+01 14.543112924499594 14.594270884320274 0.149939786810938 14.431597346939805 nan 7.1   
1049 12588 2.243187922200061e-05 13757.676754021186 14.431596085685518 1.4431596548436382e+01 14.521903263366239 14.705464788011863 0.14993998734890468 14.4315969300208 nan 7.1   
1050 12600 2.2950445305789464e-05 13749.228344661742 14.431595819909118 1.4431595819909118e+01 14.431597405318069 14.836556510208645 0.13709501026563942 14.431596438007336 nan 7.1   
1051 12612 2.4425748978141423e-05 13863.746255101296 14.431594470971774 1.4431594470971774e+01 14.431596949192148 14.594268512318825 0.055758472997510466 14.431595768983104 nan 7.1   
1052 12624 2.4474071297196476e-05 13832.907713813573 14.431594470971774 1.4431594519144900e+01 14.543111030235341 14.947462161830748 0.12436137440617046 14.431595371633122 nan 7.1   
1053 12636 2.4463798964179663e-05 13843.676268192587 14.431594470971774 1.4431594847006920e+01 14.568802945288517 14.8365555811633 0.14979251970737906 14.487353356768093 nan 7.1   
1054 12648 2.400652749645827e-05 14084.783052770446 14.431594470971774 1.4431594880279487e+01 14.543111838985961 14.731124237481437 0.14994072490405053 14.431595922626396 nan 7.1   
1055 12660 2.4290399406937153e-05 13838.266622718817 14.431594470971774 1.4431595007995183e+01 14.594268727879403 14.998562233461362 0.0940695871830517 14.500199438712706 nan 7.1   
1056 12672 2.4842007524201592e-05 13898.649913289786 14.431593269115366 1.4431593269115366e+01 14.431596538078264 14.594271349797094 0.16267309288898701 14.431595386016568 nan 7.1   
1057 12684 2.6539689660115472e-05 13826.557483162245 14.431593044117674 1.4431593044117674e+01 14.431595467801944 14.836553136341005 0.16267336036550795 14.431594457395528 nan 7.1   
1058 12696 2.8234309305490662e-05 14038.319992987519 14.4315925272274 1.4431592527227400e+01 14.431594845447586 14.594267960577628 0.08133711873909633 14.431593658598537 nan 7.1   
1059 12708 3.067530119321491e-05 14181.573360757919 14.431592479733705 1.4431592479733705e+01 14.568798715960623 14.836551644048573 0.1626735114216391 14.43159341419893 nan 7.1   
1060 12720 3.0961496219865834e-05 13919.153520875796 14.431592479733705 1.4431592723492827e+01 14.431594166355447 14.56880175089045 1.4982205200908538e-06 14.43159378039088 nan 7.2   
1061 12732 3.14381525492411e-05 13916.74353121275 14.431592479733705 1.4431592679441115e+01 14.431594488207537 14.973122846585149 0.055759657335318735 14.431593215021554 nan 7.2   
1062 12744 3.052130180349191e-05 14001.85211622865 14.431592061750317 1.4431592061750317e+01 14.56879887999639 14.836552633648862 0.13720796483082864 14.431593913292058 nan 7.2   
1063 12756 3.118994092780356e-05 14058.185542433497 14.431591831415306 1.4431591831415306e+01 14.431595433022954 14.83655231766285 0.1372075803505215 14.431592521623983 nan 7.2   
1064 12768 3.1933482153076464e-05 14083.93728423031 14.431590075771412 1.4431590075771412e+01 14.43159200005953 14.568800986161053 2.165832238887333e-06 14.431591238160266 nan 7.2   
1065 12780 3.3456487002975605e-05 14210.91816943188 14.431589325383472 1.4431589325383472e+01 14.431592114161372 14.594263786056464 0.12436059038331493 14.431590931256267 nan 7.2   
1066 12792 3.369531390169386e-05 14237.903400426247 14.431589294571072 1.4431589294571072e+01 14.43159178677648 14.59426416825018 0.14994169783092026 14.431589597253046 nan 7.2   
1067 12804 3.503964465577306e-05 14579.590404634839 14.431587649835564 1.4431587649835564e+01 14.521897924937962 14.99855706016815 0.23110338809603626 14.431589155337397 nan 7.2   
1068 12816 3.6676718770851925e-05 14318.385727467492 14.431587649835564 1.4431588850401477e+01 14.568792237054643 14.594262996429121 0.16267120210682506 14.431589321168769 nan 7.2   
1069 12828 3.919550251755163e-05 14523.958999391603 14.431586425448561 1.4431586425448561e+01 14.431589680150125 14.43159195835963 1.4187483490246677e-06 14.43158880758237 nan 7.2   
1070 12840 4.2807430495728765e-05 14507.917891353987 14.431583840204297 1.4431583840204297e+01 14.43158821579195 14.594263728502971 3.842033013512491e-06 14.431585693908712 nan 7.2   
1071 12852 4.595561769377264e-05 14376.79021586529 14.431582195691067 1.4431582195691067e+01 14.431585798250909 14.568794331965472 3.7348774917234095e-06 14.43158424584211 nan 7.2   
1072 12864 4.800504979146088e-05 14461.185530883226 14.431582195691067 1.4431582882974315e+01 14.52189040599152 14.705450814417553 0.19496080397663818 14.431583691912866 nan 7.2   
1073 12876 4.827324648164647e-05 14440.95815801532 14.431581856612736 1.4431581856612736e+01 14.431586327503297 14.926265210031131 0.12649030352696577 14.431583568154135 nan 7.3   
1074 12888 4.9184364081870794e-05 14390.945186791936 14.431579854616455 1.4431579854616455e+01 14.431583362073683 14.83654372833798 2.0601344665749366e-06 14.431582473337393 nan 7.3   
1075 12900 4.948184777049613e-05 14182.08372957569 14.431579390548988 1.4431579390548988e+01 14.431581927496486 14.521887447518141 1.6721664870544828e-06 14.43158091671679 nan 7.3   
1076 12912 5.017640888782857e-05 14195.388127906514 14.431578504980589 1.4431578504980589e+01 14.521891634563017 14.83654326700707 0.2710806900943705 14.431581766556468 nan 7.3   
1077 12924 5.153324595144688e-05 14202.22843536577 14.431576108235285 1.4431576108235285e+01 14.431581713248274 15.083729300909079 4.177614759015569e-06 14.431578905830634 nan 7.3   
1078 12936 5.458639885754435e-05 14333.808577170324 14.43157463919214 1.4431574639192140e+01 14.431579552986383 14.973110426180382 0.2582410446556729 14.431577288651471 nan 7.3   
1079 12948 5.527608278404266e-05 14229.389816360717 14.43157463919214 1.4431575710486667e+01 14.521872857914502 14.836538050011393 0.12435961503289406 14.431577737809526 nan 7.3   
1080 12960 5.732218399304605e-05 13984.154414465553 14.431573072891917 1.4431573072891917e+01 14.431576495333466 14.836538057054236 6.11848048670538e-06 14.431575243274587 nan 7.3   
1081 12972 5.870581002176039e-05 14136.145325807482 14.431570735797479 1.4431570735797479e+01 14.43157403665489 14.836534278126374 5.8677463155021314e-06 14.43157250779538 nan 7.3   
1082 12984 6.136169505286047e-05 14312.901202373081 14.43156692548606 1.4431566925486059e+01 14.431571052629216 14.94744376364406 6.925861383066945e-06 14.431568275793248 nan 7.3   
1083 12996 6.488586753922325e-05 14421.102169142016 14.431562006800146 1.4431562006800146e+01 14.431568789604686 14.568779598968785 8.130278374096633e-06 14.431565856787326 nan 7.3   
1084 13008 6.823264473785579e-05 14503.73014873759 14.431560092493385 1.4431560092493385e+01 14.568768563643692 14.973095291630237 0.40495791828180216 14.431564177216568 nan 7.3   
1085 13020 7.154315306609244e-05 14564.297676477509 14.43155954194228 1.4431559541942280e+01 14.568764176058023 14.998525386170767 0.16266864956713611 14.431564173095481 nan 7.3   
1086 13032 7.548129976303548e-05 15357.759826843505 14.431554001386981 1.4431554001386981e+01 14.568765892842643 14.568774788387795 0.13720571379493407 14.431562490928066 nan 7.3   
1087 13044 8.470930670319755e-05 15548.295512294852 14.4315476673712 1.4431547667371200e+01 14.43155425998476 14.99851741742844 1.6415578400597042e-05 14.431551013808832 nan 7.4   
1088 13056 9.042225268431048e-05 15709.641156294192 14.43154236720954 1.4431542367209540e+01 14.4315625760913 14.973072687342517 0.23109158033572363 14.43155363005098 nan 7.4   
1089 13068 9.620221984004572e-05 15814.32267353468 14.431539207300917 1.4431539207300917e+01 14.431549579480084 14.836501571454011 9.64036347994579e-06 14.431544202145911 nan 7.4   
1090 13080 0.00010316865257676907 15867.472361529268 14.431532580002887 1.4431532580002887e+01 14.431547336893603 14.998514171416844 0.1499388713975378 14.43154158825471 nan 7.4   
1091 13092 0.00011113414324309006 16249.105799656187 14.431522350974703 1.4431522350974703e+01 14.431546444738409 14.83651432368764 0.1499436822480007 14.43153197537601 nan 7.4   
1092 13104 0.0001195273898982553 16334.932951933644 14.431517482504157 1.4431517482504157e+01 14.431535508127688 14.836492902538081 0.06861048830327121 14.431530211562546 nan 7.4   
1093 13116 0.0001336802148684093 16364.788472490036 14.43151013062731 1.4431510130627309e+01 14.431536241174932 14.83648488817647 0.2710880210136999 14.431518977236887 nan 7.4   
1094 13128 0.0001474355247026745 16339.185674144483 14.431505257708643 1.4431505257708643e+01 14.431522539487496 14.836477747610662 0.2024785286378581 14.431519238214502 nan 7.4   
1095 13140 0.00015701087836803072 16486.92285556058 14.431497933088291 1.4431497933088291e+01 14.431523360669837 14.83647409005916 0.08136190242276697 14.431509133816466 nan 7.4   
1096 13152 0.00017044580314973996 16564.913934901087 14.431484970980325 1.4431484970980325e+01 14.431523976922872 14.973066054342112 0.2710876705256666 14.431500492105114 nan 7.4   
1097 13164 0.00018035907305817518 16549.889049578756 14.431484970980325 1.4431492927081420e+01 14.431520287466503 14.731023764563227 0.16265638090753498 14.431501769693476 nan 7.4   
1098 13176 0.00019425798879339653 16475.407051551967 14.431482331684986 1.4431482331684986e+01 14.431499198630583 14.731043414820155 0.08134097638619231 14.431489432966899 nan 7.4   
1099 13188 0.00020803736501283005 16338.52168541604 14.4314513888675 1.4431451388867499e+01 14.431490283403877 14.83644744810718 2.682030365974697e-05 14.43147155575977 nan 7.4   
1100 13200 0.00022819250483583934 16661.536514538977 14.431416385856757 1.4431416385856757e+01 14.43148290331138 14.594168631871414 0.08135805877452995 14.431457037768734 nan 7.4   
1101 13212 0.00024591064925966085 17458.69515663673 14.431416385856757 1.4431418714531501e+01 14.431442526735331 14.836366131885914 3.113562710765905e-05 14.431430566762034 nan 7.4   
1102 13224 0.0002686318838705973 17795.891053720366 14.431380331088599 1.4431380331088599e+01 14.431451190634908 14.836391618583662 0.16270310077528904 14.43142634403548 nan 7.5   
1103 13236 0.0002944081231569687 18345.739268306486 14.431348263313085 1.4431348263313085e+01 14.431442670261386 14.836386492719708 0.06862050404831699 14.431421541065662 nan 7.5   
1104 13248 0.0003252827558914577 19187.563125342887 14.431340849718449 1.4431340849718449e+01 14.431391610669834 14.431446326771859 2.531155269380747e-05 14.431378905448057 nan 7.5   
1105 13260 0.0003644241943442373 19390.738438304794 14.431319296465961 1.4431319296465961e+01 14.431376128156835 14.431425543770267 2.853517911205472e-05 14.431363581071789 nan 7.5   
1106 13272 0.0004020062681226251 19070.032487487802 14.43128678680651 1.4431286786806510e+01 14.431401618323907 14.730895688856583 0.00012993950211992455 14.431327401963827 nan 7.5   
1107 13284 0.0004279666437679724 19242.571597130154 14.431257607529536 1.4431257607529536e+01 14.431315563482068 14.59396350703121 2.7029019891600115e-05 14.43130228786108 nan 7.5   
1108 13296 0.0004767555874678328 19509.394583441408 14.43117155121585 1.4431171551215851e+01 14.431292317647051 14.431479476676799 4.643011599725355e-05 14.431254455451995 nan 7.5   
1109 13308 0.0005280720750705163 19769.12928605947 14.431168133495417 1.4431168133495417e+01 14.431247995372747 14.431358825207813 5.1083030246701355e-05 14.431222986656909 nan 7.5   
1110 13320 0.000565627268652359 19946.764611864004 14.431154804733328 1.4431154804733328e+01 14.431226129009467 14.431417139899192 7.152868504789467e-05 14.431182194067656 nan 7.5   
1111 13332 0.0006140478452831656 19927.71068627817 14.431026431694091 1.4431026431694091e+01 14.43123782243458 14.431353919444668 0.00011609897647346656 14.431141156771549 nan 7.5   
1112 13344 0.0006567817444393488 20299.79147070421 14.431026431694091 1.4431032290685909e+01 14.43108909051399 14.568413041915223 4.687711681228279e-05 14.431066878007805 nan 7.5   
1113 13356 0.0007250890841853591 20506.57393504218 14.430921252111292 1.4430921252111292e+01 14.431044866198082 14.431352890562778 0.00010203335897962518 14.431026489954528 nan 7.5   
1114 13368 0.0008084989215846278 20962.456560051203 14.430815811619295 1.4430815811619295e+01 14.430995699361853 14.568247749609508 9.38188610000168e-05 14.43092700187254 nan 7.5   
1115 13380 0.000884162176945862 20990.87025503536 14.430815811619295 1.4430829037003923e+01 14.521027514181606 14.521560375651966 0.09023401628395433 14.430898086921761 nan 7.6   
1116 13392 0.0009890993213106615 21068.35459695588 14.430683071316524 1.4430683071316524e+01 14.430888081730041 14.431078874832224 0.00015285378231766344 14.430825373353084 nan 7.6   
1117 13404 0.0011380390385867958 20964.110056394893 14.430576252340156 1.4430576252340156e+01 14.430875478570261 14.568369259431302 0.09043033982858972 14.43067101510275 nan 7.6   
1118 13416 0.001247968957104532 20969.44886404618 14.430503922103524 1.4430503922103524e+01 14.430669200047012 14.730866540765314 0.00015287806490249523 14.43055768165813 nan 7.6   
1119 13428 0.0013883431012874047 21135.99425550508 14.430350242625217 1.4430350242625217e+01 14.430578319940192 14.593340239413388 0.00016249650841615448 14.430529140140568 nan 7.6   
1120 13440 0.0015085203997592424 21152.622491862014 14.430234457690688 1.4430234457690688e+01 14.430496052973833 14.83551159489402 0.00041353230922425155 14.430415706276346 nan 7.6   
1121 13452 0.00170071625563488 21419.178051673476 14.430033557254964 1.4430033557254964e+01 14.43045870217297 14.593050000114308 0.00044893784306232476 14.430141711287064 nan 7.6   
1122 13464 0.0018539688235873774 21627.68452051491 14.430033557254964 1.4430124176452304e+01 14.430276327279072 14.66048687268361 0.034106486534655645 14.430168215330667 nan 7.6   
1123 13476 0.0019039424535301113 22012.20295447103 14.430033557254964 1.4430215740476390e+01 14.497877059226285 14.592285502249574 0.06765930042416812 14.43042165493602 nan 7.6   
1124 13488 0.001930744618129531 22216.55399450184 14.429988753308804 1.4429988753308804e+01 14.430471678444796 14.997238451622735 0.24799725227632763 14.430113465838005 nan 7.6   
1125 13500 0.002063952702783876 22236.807344367066 14.429612629764584 1.4429612629764584e+01 14.43019606570035 14.592880932219279 0.0005454099656141409 14.429847645805857 nan 7.6   
1126 13512 0.002261112964293838 22380.073151684657 14.429555744749171 1.4429555744749171e+01 14.430313619945318 14.836025714610125 0.07917580054939499 14.429862398008298 nan 7.6   
1127 13524 0.0024060658893862064 22196.709196917363 14.429376203961112 1.4429376203961112e+01 14.429780955841782 14.519854243828245 0.00031919725721252235 14.42959346887968 nan 7.6   
1128 13536 0.0024763392156931453 22868.06540282395 14.429318823954224 1.4429318823954224e+01 14.429824727257941 14.660011193479514 0.08180565943681195 14.429505987074105 nan 7.6   
1129 13548 0.002541440135129361 23611.189042680933 14.429318823954224 1.4429329875815903e+01 14.429919067803278 14.65926734978516 0.03497279941889353 14.42950412904236 nan 7.7   
1130 13560 0.002578271934997159 24201.415846988624 14.429213485007852 1.4429213485007852e+01 14.429997036868864 14.496989392753258 0.0009627999910808427 14.429461750891932 nan 7.7   
1131 13572 0.0025175228906898274 24576.44320239918 14.429161408435295 1.4429161408435295e+01 14.430525767303124 14.658810301584767 0.16203698091791807 14.429688688667994 nan 7.7   
1132 13584 0.002521421660301873 24629.680699275617 14.429139140101519 1.4429139140101519e+01 14.42965341190158 14.592039310811863 0.002188482497805566 14.429238307662086 nan 7.7   
1133 13596 0.0025492343165569994 24879.197913592296 14.428794620325625 1.4428794620325625e+01 14.430209382736058 14.658909299001836 0.0820071083182583 14.429116345683358 nan 7.7   
1134 13608 0.002503635539057031 25454.219024274604 14.428794620325625 1.4428990648975732e+01 14.429440653414684 14.59211811711685 0.0021729999933040034 14.429204582030227 nan 7.7   
1135 13620 0.002589965383642153 25517.087634202308 14.428794620325625 1.4428846742249013e+01 14.429250915621848 14.496594288863381 0.0007547034903190308 14.428922400992988 nan 7.7   
1136 13632 0.002810545324163415 25585.924944607526 14.428794620325625 1.4428826852896407e+01 14.429536965922047 14.658764477363388 0.03431237931215492 14.428969665576826 nan 7.7   
1137 13644 0.002952491523870614 25506.11468919916 14.42866545140804 1.4428665451408040e+01 14.429715033323987 14.591328566269965 0.03480001414650502 14.428717435419408 nan 7.7   
1138 13656 0.0030038152821664937 25310.313317671164 14.42866545140804 1.4428688294801807e+01 14.428946817741497 14.591317838783333 0.0007782212912861297 14.42871765393872 nan 7.7   
1139 13668 0.0031653790827858496 25197.83099960471 14.42866545140804 1.4428751803945602e+01 14.429502199621282 14.65837186059929 0.1155209972737623 14.428847565039689 nan 7.7   
1140 13680 0.003210661358841903 25180.740574621508 14.42866545140804 1.4428681714408873e+01 14.496023491673451 14.591989064524412 0.07864039433934167 14.428867720997193 nan 7.7   
1141 13692 0.0033258138894464804 24942.034529615343 14.42842862722709 1.4428428627227090e+01 14.42899181558259 14.496111872370415 0.0006603552585726646 14.428559744401543 nan 7.7   
1142 13704 0.0032508136958456254 25439.929862188186 14.42842862722709 1.4428914896418879e+01 14.59096733359372 14.657875396094221 0.1615563513438758 14.429693828290837 nan 7.8   
1143 13716 0.003144969661933678 25039.27414543693 14.42842862722709 1.4428431446054990e+01 14.429330781926657 14.521977983515152 0.0026136655796449304 14.428759624731072 nan 7.8   
1144 13728 0.002937310507474198 25677.016412962836 14.42842862722709 1.4428503078108685e+01 14.42966218142229 14.496348513056288 0.03476541912274378 14.42861274982057 nan 7.8   
1145 13740 0.0028456907970461987 25994.421138281403 14.428398755959803 1.4428398755959803e+01 14.495764597715036 14.658113531787343 0.06762652235404865 14.428799766963916 nan 7.8   
1146 13752 0.002803355951553527 25623.01171282209 14.428398755959803 1.4428552287449444e+01 14.429891238131836 14.658045193938245 0.07867156858797131 14.428853498662946 nan 7.8   
1147 13764 0.0026875019787210913 25466.062559587423 14.428398755959803 1.4428508727665193e+01 14.428630261988447 14.658453850853258 0.09022573228729946 14.428559503625873 nan 7.8   
1148 13776 0.00263440072510048 25420.184443841074 14.428391928763283 1.4428391928763283e+01 14.42885850814887 14.59096132031894 0.0350595240000704 14.428568086985267 nan 7.8   
1149 13788 0.0026783253323906363 25621.139148089198 14.428391928763283 1.4428398428282479e+01 14.429208254771657 14.681070725742707 0.07948344227413884 14.428485391455375 nan 7.8   
1150 13800 0.0027052786991708343 25745.921708045124 14.428391928763283 1.4428423438964977e+01 14.42855513955044 14.590936852141285 0.0671979635911697 14.42844256484793 nan 7.8   
1151 13812 0.0029699282196057352 25581.678574778154 14.42826210450195 1.4428262104501950e+01 14.495922426949246 14.657852835153426 0.09021254594063777 14.428481895002275 nan 7.8   
1152 13824 0.0029443748922105308 25795.89603059779 14.42826210450195 1.4428336419239063e+01 14.42916288490432 14.680858430327786 0.08992167795423711 14.428626601550611 nan 7.8   
1153 13836 0.002959661387281968 26279.252024908837 14.42826210450195 1.4428368351748640e+01 14.495172999622525 14.585342881168861 0.06686406898330333 14.428652898209208 nan 7.8   
1154 13848 0.0028429813091444293 26371.46841686759 14.42826210450195 1.4428438481634196e+01 14.42929819853115 14.52192561714581 0.03448313504427247 14.42848716793328 nan 7.9   
1155 13860 0.0026542635356153485 26288.052917728433 14.42826210450195 1.4428344278314073e+01 14.495538780719805 14.521639553722142 0.09008725075764268 14.428638975504002 nan 7.9   
1156 13872 0.0025219965020245186 25796.885003802054 14.42826210450195 1.4428386994543192e+01 14.429366168041897 14.657786661544337 0.1594277416279919 14.4285484038322 nan 7.9   
1157 13884 0.0025085952271037566 25550.411302725992 14.42826210450195 1.4428319013405222e+01 14.428775938884504 14.590867143872496 0.06714121529050843 14.428434859320546 nan 7.9   
1158 13896 0.0024622526307055354 25954.919980093153 14.42826210450195 1.4428352908119878e+01 14.428621708943353 14.591077474565575 0.034215185205315635 14.428449452805916 nan 7.9   
1159 13908 0.0023773357171404906 25992.962447963502 14.42826210450195 1.4428369643148915e+01 14.42869662369827 14.83520295431863 0.06720412355733885 14.428551372820838 nan 7.9   
1160 13920 0.0023214736109943785 25855.97969645563 14.42826210450195 1.4428270358904072e+01 14.429177704877745 14.51857217025549 0.06769147611059445 14.428376190584656 nan 7.9   
1161 13932 0.002261774125019776 26111.913663213512 14.42826210450195 1.4428329637042797e+01 14.42994490369296 14.518617963642797 0.06745956225579519 14.428545877418017 nan 7.9   
1162 13944 0.002239815024603447 26127.656369761342 14.42826210450195 1.4428314222338456e+01 14.428422475532912 14.590887372863302 0.00029236305916668925 14.428359826844597 nan 7.9   
1163 13956 0.002252740878221268 26010.522068187904 14.42826210450195 1.4428329367716479e+01 14.428429371474692 14.680950092335028 0.00015988221037233075 14.428356766937267 nan 7.9   
1164 13968 0.002142411320111437 25813.01874298817 14.42826210450195 1.4428306110013111e+01 14.518486894586236 14.591042095403694 0.09025988779757199 14.428498146516844 nan 7.9   
1165 13980 0.002068405979123599 25707.844537887402 14.42826210450195 1.4428317004071223e+01 14.42842497364976 14.590997084617964 0.09011968303443574 14.428375532470756 nan 7.9   
1166 13992 0.002129562747986936 25519.79967956673 14.428260057844756 1.4428260057844756e+01 14.428394052283494 14.657680642709876 0.0002907982100026629 14.428326325411987 nan 8.0   
1167 14004 0.0021060864860449873 25289.10425725525 14.428260057844756 1.4428275123821113e+01 14.428452937969801 14.591578337154292 0.12372709017823347 14.428412245929026 nan 8.0   
1168 14016 0.002065897837216118 25333.546934805097 14.428260057844756 1.4428281154061704e+01 14.428470653452326 14.590965604087911 0.15977495135753728 14.428336544382333 nan 8.0   
1169 14028 0.0020414362033213435 25246.776817706497 14.428252729088927 1.4428252729088927e+01 14.428390724569944 14.585718930399395 0.03372637246752319 14.428313143280409 nan 8.0   
1170 14040 0.001988981664886269 25222.38317414836 14.428215249846572 1.4428215249846572e+01 14.428524231963115 14.495429783080308 0.0003152713452916345 14.428356877671844 nan 8.0   
1171 14052 0.0019836978817006053 25145.028620817404 14.428211623072457 1.4428211623072457e+01 14.4286513493198 14.680672001531942 0.09030286728639503 14.42829641836939 nan 8.0   
1172 14064 0.001959097621887808 24924.07156573816 14.428211623072457 1.4428220337650473e+01 14.518474359745852 14.65820909466653 0.09058977801503332 14.428305787889556 nan 8.0   
1173 14076 0.001940510507020368 24991.54833605807 14.428211623072457 1.4428247341649103e+01 14.42840484423179 14.428761862586294 0.00020952612172386864 14.42827827058612 nan 8.0   
1174 14088 0.0019184279174984482 25136.75282300672 14.428182145645177 1.4428182145645177e+01 14.428433086800633 14.590962971363872 0.12400176594260515 14.428206656781319 nan 8.0   
1175 14100 0.0018263899621138323 24908.23402172626 14.428182145645177 1.4428253770975084e+01 14.428615331102263 14.680906579356785 0.16257922057704377 14.428276036951921 nan 8.0   
1176 14112 0.001796120107522943 25017.73644788249 14.428182145645177 1.4428231469736742e+01 14.428261876036617 14.518500360765078 3.1425155576414454e-05 14.428240169129907 nan 8.0   
1177 14124 0.0017516654426703462 24820.517090435944 14.428182145645177 1.4428218637618565e+01 14.428392752604807 14.680869473879845 0.03409368393542955 14.428260441944742 nan 8.0   
1178 14136 0.001709474941688761 24588.295615444327 14.428182145645177 1.4428202256582274e+01 14.428280233008774 14.495524502862356 0.00012041632672676883 14.428248253573315 nan 8.0   
1179 14148 0.001853476578808226 24686.322437094284 14.428157415690436 1.4428157415690436e+01 14.428254910984156 14.428448874103788 0.00010312164702597215 14.428224788290906 nan 8.0   
1180 14160 0.0019388732206503225 24696.793368470357 14.428156034577373 1.4428156034577373e+01 14.42825307780772 14.657944271596081 0.09029653377248792 14.428191425865302 nan 8.0   
1181 14172 0.0020685574326374627 24690.574807022225 14.428156034577373 1.4428170103590414e+01 14.428222398956892 14.591040679329241 0.0002593765781604418 14.428187299830576 nan 8.1   
1182 14184 0.002178904008085304 24338.023790955573 14.42812574054889 1.4428125740548889e+01 14.428256194806231 14.657876427985457 0.07878707930973583 14.428187599597605 nan 8.1   
1183 14196 0.0023143024911192324 24375.95526315551 14.428103997410124 1.4428103997410124e+01 14.428388515075586 14.680723332577156 0.07885698468025382 14.428192038207825 nan 8.1   
1184 14208 0.0025744821636703957 24301.052237541575 14.428059191911025 1.4428059191911025e+01 14.42815277440797 14.590783017387633 0.0002663252357599788 14.428113840746967 nan 8.1   
1185 14220 0.002702716655906314 24003.87008726208 14.428059191911025 1.4428124496365616e+01 14.428285173675453 14.518332442000819 0.06724459252061266 14.428147036053815 nan 8.1   
1186 14232 0.002780328597802467 23930.92430651942 14.428059191911025 1.4428106973375286e+01 14.429051620823916 14.657319799822439 0.15983812531088581 14.428150766696966 nan 8.1   
1187 14244 0.0028056614830629305 23700.23188672568 14.428059191911025 1.4428095409029533e+01 14.495662977646363 14.68062005324559 0.16291141992867075 14.428219684748568 nan 8.1   
1188 14256 0.00270346212520388 23277.486459482512 14.428059191911025 1.4428084054811851e+01 14.428349929299277 14.591097483906154 0.045213445383620154 14.428216691454466 nan 8.1   
1189 14268 0.0026526528229640998 22982.66992121774 14.428059191911025 1.4428107860210710e+01 14.428286527965845 14.590933908665255 0.06704619164090353 14.428145913083823 nan 8.1   
1190 14280 0.002755273867274381 22906.1971477794 14.428023257530826 1.4428023257530826e+01 14.4283121590386 14.495713697823241 0.06704236651530238 14.428089535528258 nan 8.1   
1191 14292 0.0029961795170171386 22813.59118892354 14.428008876500368 1.4428008876500368e+01 14.428185035298762 14.590722540364595 0.0003409432781928956 14.428125130004492 nan 8.1   
1192 14304 0.003231978853156761 22917.322898590483 14.428008876500368 1.4428018173518696e+01 14.428149606046652 14.833076284286479 0.03396054044585206 14.428043290179168 nan 8.1   
1193 14316 0.0032792246114296667 22657.925339566365 14.428008876500368 1.4428057898726673e+01 14.428353120118857 14.833087112481882 0.06708722892872032 14.428162337806675 nan 8.1   
1194 14328 0.0031947750037585885 22752.925850008414 14.428008876500368 1.4428032472832017e+01 14.428122557732538 14.833050685951276 0.03365680132883142 14.428084943202876 nan 8.1   
1195 14340 0.0031414609816746383 22765.451499163788 14.427892708615335 1.4427892708615335e+01 14.428132908774359 14.833123317088113 0.22931946206878173 14.428014584085853 nan 8.2   
1196 14352 0.0032053279442142263 22466.71270280974 14.427836406325957 1.4427836406325957e+01 14.428118280806988 14.657231172653992 0.0002741024914225676 14.427967795279471 nan 8.2   
1197 14364 0.0032618063706298414 22196.09513708253 14.427836406325957 1.4427906389405623e+01 14.428056235507611 14.833314902825968 0.0814053929902947 14.42795986473229 nan 8.2   
1198 14376 0.003168715681630051 22072.24042524228 14.427836406325957 1.4427844486922037e+01 14.42799893575021 14.832809698080089 0.1626927879045219 14.427904399132002 nan 8.2   
1199 14388 0.0031862357882422028 21860.872979886244 14.427770959045386 1.4427770959045386e+01 14.4282730478342 14.833476241221126 0.11530370906961807 14.427936959841748 nan 8.2   
1200 14400 0.0031951488548306573 21775.857070699636 14.427770959045386 1.4427810947116596e+01 14.428080027938678 14.83274713077433 0.11509905742446414 14.427874906205826 nan 8.2   
1201 14412 0.0031896935404053892 21185.83970016348 14.427770959045386 1.4427844311103636e+01 14.428126044817404 14.92239639535131 0.24756720377212105 14.427922657090743 nan 8.2   
1202 14424 0.003199521673642555 21006.990121597166 14.427770959045386 1.4427790084888429e+01 14.427923142316667 14.832957416226128 0.0001803888704685619 14.427863359372065 nan 8.2   
1203 14436 0.0031455842519161775 20534.80218537214 14.427770959045386 1.4427787306731362e+01 14.427961780335854 14.590451234344291 0.0815126605186709 14.42788486547257 nan 8.2   
1204 14448 0.0031681074306660795 20420.090645569337 14.427734773042717 1.4427734773042717e+01 14.4279892288559 14.83285091284824 0.09033657295911901 14.427807674859661 nan 8.2   
1205 14460 0.0031072845884992156 20390.275395361485 14.427734773042717 1.4427838170123501e+01 14.518125104777667 14.833146390216998 0.01143112754978759 14.506726512247905 nan 8.2   
1206 14472 0.003069024216018634 20447.890991433767 14.427734773042717 1.4427816924217423e+01 14.495126008153322 14.83272702421137 0.07870723797289614 14.427887338257687 nan 8.2   
1207 14484 0.003105896179361036 20617.210896775243 14.427708341619452 1.4427708341619452e+01 14.427946415383182 14.657699660492034 0.03364447310856278 14.427885800954922 nan 8.2   
1208 14496 0.0029366951503751386 20676.028785827464 14.427708341619452 1.4427769423671016e+01 14.495125816567235 14.590491259084628 0.1262918763527665 14.427879179278193 nan 8.3   
1209 14508 0.0027343446690725258 20573.908743346936 14.427680021975323 1.4427680021975323e+01 14.517934960480941 14.832752321264719 0.1264278994055168 14.427822187966804 nan 8.3   
1210 14520 0.0026189931850540997 20474.06766758027 14.427680021975323 1.4427748770330844e+01 14.51799177030035 14.590487477093196 0.12646518356949343 14.427784400053318 nan 8.3   
1211 14532 0.0025230335451487903 20234.756071148684 14.427680021975323 1.4427709838356122e+01 14.42786744200417 14.657516864080119 0.08149625975510943 14.427742044957828 nan 8.3   
1212 14544 0.0024433629759900008 20293.345871707992 14.427628534324358 1.4427628534324358e+01 14.427731515365675 14.680330500767742 8.942755636809352e-05 14.427708056283043 nan 8.3   
1213 14556 0.002459994020101412 20271.78681275508 14.42754427284431 1.4427544272844310e+01 14.427783666752173 14.518059863197612 0.0001241065284247611 14.427703056397982 nan 8.3   
1214 14568 0.0025756579758632494 20458.7126405598 14.42754427284431 1.4427653653761823e+01 14.517848913209367 14.832611767766112 0.03639565423821267 14.517761705632566 nan 8.3   
1215 14580 0.0026929374609057097 20507.06908833128 14.42754427284431 1.4427610304869839e+01 14.51787222863842 14.67987648636397 0.09020146387440597 14.427714557157243 nan 8.3   
1216 14592 0.0026439452158358917 20151.987861428235 14.42754427284431 1.4427582070669784e+01 14.42776145228874 14.51808568855894 0.09013324957970958 14.427665441998695 nan 8.3   
1217 14604 0.0025855571944141467 19878.13356801507 14.42754427284431 1.4427592684116091e+01 14.427746339256705 14.517994708820456 0.06742980686939859 14.42764277739845 nan 8.3   
1218 14616 0.002690186039936313 20039.146884225684 14.427475297883984 1.4427475297883984e+01 14.427693258237655 14.832504938967253 0.00016081674433721105 14.427597254873438 nan 8.3   
1219 14628 0.002741653988885694 20005.67517696504 14.427475297883984 1.4427529341982135e+01 14.590103242597541 14.922073462989339 0.20758576120737082 14.42760052244969 nan 8.3   
1220 14640 0.002796672752137206 19667.10654515582 14.42747487225319 1.4427474872253191e+01 14.427644984256586 14.517717300492581 0.033785156292548635 14.42753525901566 nan 8.3   
1221 14652 0.002932477298195801 19842.314969736493 14.427398664194818 1.4427398664194818e+01 14.427633679679547 14.83262876347492 0.4049090330203011 14.427529588002729 nan 8.3   
1222 14664 0.0030255549516743545 19770.66390516383 14.42737990997587 1.4427379909975871e+01 14.42763214072714 14.832488103274523 0.00026873301954566386 14.427478018113991 nan 8.4   
1223 14676 0.0031731092154794567 19852.051502727907 14.42737990997587 1.4427392794768091e+01 14.427867233601646 14.833047800886607 0.12639467531397486 14.4274585605271 nan 8.4   
1224 14688 0.0033495038210872223 19871.25730240997 14.427370969018783 1.4427370969018783e+01 14.42750691590612 14.832415195841508 0.0337350930884277 14.427432552162006 nan 8.4   
1225 14700 0.0034983151634715155 19716.40791548604 14.427309666058118 1.4427309666058118e+01 14.427702155232978 14.832378479961452 0.3172603860281136 14.427466879586209 nan 8.4   
1226 14712 0.0035338256023978304 19816.301557858453 14.427309666058118 1.4427389107439208e+01 14.517537160712047 14.922022694417219 0.3622435914141118 14.427487131367592 nan 8.4   
1227 14724 0.0036650938354515308 20054.928677732827 14.427309666058118 1.4427379038205947e+01 14.428244284710976 14.832536614507658 0.12632475195223236 14.427453940175566 nan 8.4   
1228 14736 0.0037710513866881235 20080.233454143134 14.427309666058118 1.4427317058826828e+01 14.42745634600184 14.832140700455664 0.00010743342318875193 14.427393905995956 nan 8.4   
1229 14748 0.0038096146163636795 20028.226262232773 14.427302581346343 1.4427302581346343e+01 14.427502412950872 15.083402758486624 0.40485405705601707 14.427395020507308 nan 8.4   
1230 14760 0.0038085595603880454 20170.169205322534 14.42729872441509 1.4427298724415090e+01 14.427474440823172 14.898884830528738 0.0002661324297896783 14.427339757484326 nan 8.4   
1231 14772 0.0037381461092725796 20235.85435655412 14.427240485822555 1.4427240485822555e+01 14.42762772937704 14.83250698644387 0.23598180777380584 14.42739713634296 nan 8.4   
1232 14784 0.003638872172326624 20225.242012428065 14.427170040422391 1.4427170040422391e+01 14.42757907365079 14.832802132535262 0.40496001728753406 14.427318920629933 nan 8.4   
1233 14796 0.003514804988807356 20359.52503074139 14.427170040422391 1.4427276831568539e+01 14.59001710443821 14.832315862112292 0.40480187748083374 14.427383223875788 nan 8.4   
1234 14808 0.003466245777177596 20187.508885987463 14.4271385256737 1.4427138525673699e+01 14.4274992391827 14.5900442606017 0.033817814060499884 14.427262774898885 nan 8.4   
1235 14820 0.003571066546190917 20145.63091058119 14.4271385256737 1.4427139056853724e+01 14.427512763013354 14.832043669992249 0.12642433746512438 14.427290904064145 nan 8.5   
1236 14832 0.003477951626432899 19933.09291166664 14.4271385256737 1.4427159714502281e+01 14.831931957248075 14.832379974344423 0.4048070439737472 14.42723885997076 nan 8.5   
1237 14844 0.0035332384366251217 19678.60085904108 14.427024013888769 1.4427024013888769e+01 14.494517630515473 14.832111723851956 0.067585624843991 14.4272267097904 nan 8.5   
1238 14856 0.003604378735537941 19646.5659579321 14.427024013888769 1.4427038584903261e+01 14.427292688791065 14.921587348956544 0.4048057079657639 14.427139075090583 nan 8.5   
1239 14868 0.0037372896076985533 19456.678749660274 14.427024013888769 1.4427045613513975e+01 14.427235858192597 14.832154456891109 0.1151662790599417 14.427127059486008 nan 8.5   
1240 14880 0.003800690109010673 18961.65966419318 14.426995641314726 1.4426995641314726e+01 14.427368160489383 14.832041065374659 0.07885929194070584 14.427075163625634 nan 8.5   
1241 14892 0.0037737264981062843 18668.236813209845 14.426995641314726 1.4427025258867445e+01 14.517306187021624 14.832125043230569 0.12385402360128417 14.42716959673803 nan 8.5   
1242 14904 0.0037089590178824763 18731.028291926494 14.426995641314726 1.4427073986660375e+01 14.427304175713962 14.92180259588985 0.07870016392963208 14.427144260201185 nan 8.5   
1243 14916 0.0037124057074401588 18505.864132536964 14.426957629294007 1.4426957629294007e+01 14.427339034908705 14.517434891606513 0.07860028367899652 14.4271236322846 nan 8.5   
1244 14928 0.003819312399306719 18419.35136579721 14.426924766006534 1.4426924766006534e+01 14.517279824217509 14.832047396556622 0.36220976181326137 14.427060486007086 nan 8.5   
1245 14940 0.0038539516439128813 18392.214004618258 14.426924766006534 1.4426942310165170e+01 14.517359895617348 14.921524870128232 0.11126653739806436 14.427119360844078 nan 8.5   
1246 14952 0.0038827186523569747 18188.297080206274 14.426900421161962 1.4426900421161962e+01 14.427198419979334 14.590059499093382 0.11147628488738803 14.427091133621694 nan 8.5   
1247 14964 0.003959164233578583 17920.415118500376 14.42687402924202 1.4426874029242020e+01 14.427118173255714 14.942712662793223 0.12636289640426135 14.42703315415286 nan 8.5   
1248 14976 0.00402944613704264 17774.732423966754 14.42687402924202 1.4426948180721640e+01 14.427049846307835 14.943102427050675 0.33927821390625823 14.426977991993715 nan 8.6   
1249 14988 0.00407962655786764 17602.801861016407 14.42687402924202 1.4427029129805847e+01 14.516892345043438 14.942838329815276 0.2836280564469167 14.42715136183696 nan 8.6   
1250 15000 0.0041119180472028605 17661.43645364999 14.42687402924202 1.4426904809039160e+01 14.427141353507718 14.832039934246392 0.06764093598859056 14.427059733194561 nan 8.6   
1251 15012 0.004123824143966414 17436.883147762583 14.426853655621539 1.4426853655621539e+01 14.589620954781472 14.831960886248128 0.2079948037158612 14.427091835653508 nan 8.6   
1252 15024 0.004281682310331772 17545.82672545926 14.426850216171994 1.4426850216171994e+01 14.427031441234051 14.8317612799968 0.1627172656755942 14.426922229690156 nan 8.6   
1253 15036 0.00449617736886097 17575.764096620635 14.426795723941 1.4426795723941000e+01 14.426974457932449 14.679416826128064 0.00027315602329380795 14.426839563680822 nan 8.6   
1254 15048 0.004634571233388313 17363.532514591818 14.426750280274529 1.4426750280274529e+01 14.427131388483387 14.83176111833037 0.24743253783780794 14.426843955701555 nan 8.6   
1255 15060 0.004774903518262972 17538.66211650536 14.426649481703638 1.4426649481703638e+01 14.49455134447311 14.944055636043148 0.40467269042632914 14.42703885234499 nan 8.6   
1256 15072 0.004885045351750861 17313.0022246374 14.426649481703638 1.4426707609295811e+01 14.427243437859062 14.83203703590321 0.04546769374355186 14.426879420020219 nan 8.6   
1257 15084 0.005084335310887615 17290.938977643655 14.426521831970382 1.4426521831970382e+01 14.516874070973302 14.942523719400047 0.10053756999971597 14.426948764815403 nan 8.6   
1258 15096 0.005246534980055979 16973.69864543978 14.426521831970382 1.4426693274816762e+01 14.426977281943213 14.921211797874426 0.16259914975606726 14.426817671476334 nan 8.6   
1259 15108 0.005358196725481399 16790.68199897787 14.426521831970382 1.4426522212813477e+01 14.426814323624333 14.538178701463458 0.09043280636645967 14.426586911262955 nan 8.6   
1260 15120 0.005414516213112766 16632.97537254398 14.426485853767751 1.4426485853767751e+01 14.426684225170044 14.679120548653758 0.07880891906201981 14.426584439915047 nan 8.6   
1261 15132 0.005348749777903997 16686.561359111154 14.426485853767751 1.4426519493129810e+01 14.517035152762297 15.031595212986412 0.10324302126038987 14.460549256372403 nan 8.6   
1262 15144 0.0055173472051351065 16571.618107806702 14.426406636064563 1.4426406636064563e+01 14.426877047915548 14.831467614372645 0.0005919537936200925 14.426512079702146 nan 8.7   
1263 15156 0.005667282568783564 16546.69474419181 14.426402158852339 1.4426402158852339e+01 14.831327008944477 14.941986437425774 0.4388479558379572 14.426582913043603 nan 8.7   
1264 15168 0.0059234718635789415 16543.02634338761 14.426324887526162 1.4426324887526162e+01 14.426777656751492 15.41973909685196 0.07899385247167423 14.426596772492388 nan 8.7   
1265 15180 0.006096772162345994 16300.133441209027 14.42621408970233 1.4426214089702331e+01 14.493826249445647 14.655905984404576 0.08953549615975476 14.426510618699382 nan 8.7   
1266 15192 0.0059755211377278674 15932.08222066591 14.42621408970233 1.4426311869406632e+01 14.493985984838197 14.831326994838907 0.10065168786340273 14.426517633101358 nan 8.7   
1267 15204 0.00606114162141464 15725.680129807299 14.42621408970233 1.4426546151725880e+01 14.69456041113385 14.831530783884023 0.40460648053839776 14.426680878570192 nan 8.7   
1268 15216 0.0060199981283615926 15662.304423936106 14.42621408970233 1.4426364495407825e+01 14.426892458642387 14.538339148833046 0.055691925400882525 14.42656636935914 nan 8.7   
1269 15228 0.006207385884409788 15639.704402624011 14.426160893474918 1.4426160893474918e+01 14.426698134694607 14.537664735434216 0.06757474500554395 14.426382740292752 nan 8.7   
1270 15240 0.006319723520619188 15405.254893169897 14.42614084535966 1.4426140845359660e+01 14.426646198572906 14.905158079400719 0.034198277353929996 14.426325269139404 nan 8.7   
1271 15252 0.0065342710387766715 15250.209421153804 14.42614084535966 1.4426155431143236e+01 14.426434772253108 15.015373651062276 0.4788014477834963 14.426314788557363 nan 8.7   
1272 15264 0.006471830675965007 14991.397706196827 14.425953256996262 1.4425953256996262e+01 14.42643070722642 14.49399790199763 0.03370350977213299 14.426249152691948 nan 8.7   
1273 15276 0.006650348409387121 14837.939343560285 14.42576885128518 1.4425768851285181e+01 14.426424819723646 14.97089388349907 0.11510568595994108 14.426105782368234 nan 8.7   
1274 15288 0.0069453092101459165 14739.31451499013 14.425713832304243 1.4425713832304243e+01 14.427021881552527 14.904418759135236 0.15984690925301237 14.426196519616251 nan 8.7   
1275 15300 0.007001446368315384 14728.217803566935 14.425713832304243 1.4425724178665417e+01 14.588964814163903 14.971084657137917 0.36512526286737845 14.426101967902424 nan 8.7   
1276 15312 0.0069931417016410695 14384.298050139907 14.425713832304243 1.4425771723605862e+01 14.426464599214226 14.90454825806981 0.3538095355712336 14.426066244099744 nan 8.8   
1277 15324 0.007048557724000834 14370.286414999964 14.425713832304243 1.4425724273793076e+01 14.426952783182907 14.904311313564637 0.12639714226371979 14.426136204101638 nan 8.8   
1278 15336 0.007143219623952292 14325.27301758669 14.425700449923879 1.4425700449923879e+01 14.426342699305247 15.308373413322107 0.08943334089914856 14.425972123008762 nan 8.8   
1279 15348 0.007263413135243435 14252.047381817649 14.425557417925027 1.4425557417925027e+01 14.493134077096899 15.418198920337382 0.478271517785112 14.425826934886807 nan 8.8   
1280 15360 0.0074379702589285265 14090.65174913085 14.42552534394758 1.4425525343947580e+01 14.493094239469155 15.014716024879867 0.23646245375278774 14.425789991798268 nan 8.8   
1281 15372 0.007384668006683201 13913.194137510958 14.42552534394758 1.4425626735828834e+01 14.903891997769522 15.307823374344942 0.5333909371456258 14.426301899982406 nan 8.8   
1282 15384 0.0073477716132340646 13960.14318873604 14.42552534394758 1.4425550509361299e+01 14.426375581165702 14.9413576519804 0.10051619306021031 14.425928531332834 nan 8.8   
1283 15396 0.007236567119373392 13913.297049188704 14.42552534394758 1.4425741492594803e+01 14.426039649386013 15.104229788260135 0.0670585093619156 14.42584410353559 nan 8.8   
1284 15408 0.0072115126412975565 13839.867923402611 14.42552534394758 1.4425646432267632e+01 14.426323453221901 14.627120257018062 0.09023099692171499 14.425803035703211 nan 8.8   
1285 15420 0.007110765955190863 13845.646915058247 14.425499595401398 1.4425499595401398e+01 14.42602231769665 14.830811939604107 0.09077152908304598 14.425693277420315 nan 8.8   
1286 15432 0.007087897125168448 13482.701383191079 14.425398890973796 1.4425398890973796e+01 14.516045502374952 14.904446045467315 0.4781808412607855 14.42569676429767 nan 8.8   
1287 15444 0.007195045184283461 13217.242128456657 14.425398890973796 1.4425530156913036e+01 14.426309113692874 15.41769647457372 0.5114529375421029 14.425754290074877 nan 8.8   
1288 15456 0.007183532219992212 13036.553116587445 14.425210767155455 1.4425210767155455e+01 14.425932298587101 14.830245492196918 0.034186968977227394 14.425460191431966 nan 8.8   
1289 15468 0.007447697336740162 13096.026918444226 14.425201176849718 1.4425201176849718e+01 14.536517467203957 15.483369928228687 0.5114860422555765 14.425702907223894 nan 8.8   
1290 15480 0.007770746764768475 13446.703755885943 14.425201176849718 1.4425217760179828e+01 14.425636694663176 14.941266678402371 0.11485068236248708 14.425437738408398 nan 8.8   
1291 15492 0.00810342233265173 13713.717241236758 14.42497771711244 1.4424977717112441e+01 14.425561317339719 15.373489731447751 0.11552478339599581 14.425316904980656 nan 8.9   
1292 15504 0.008049459731485823 13762.06069086241 14.42497771711244 1.4425072427933552e+01 14.492489709603898 15.307447131341085 0.4080070810212302 14.458583927555205 nan 8.9   
1293 15516 0.007899520272932057 13505.502602657609 14.42497771711244 1.4425007030188393e+01 14.536406859086128 14.970278546373175 0.3543074487972593 14.42538343846678 nan 8.9   
1294 15528 0.007947804284027735 13432.560009200679 14.42497771711244 1.4425059938399295e+01 14.425571887139663 14.90345325868774 0.2724565228842515 14.425315374538805 nan 8.9   
1295 15540 0.008151441813211749 13675.743104761861 14.42497771711244 1.4425035659118711e+01 14.492230614262494 15.306352385764983 0.2838106585097968 14.42561035631956 nan 8.9   
1296 15552 0.008586453198043693 13735.168228785302 14.424863350149634 1.4424863350149634e+01 14.426487976943559 14.903083901362207 0.1152294728797969 14.425300960206588 nan 8.9   
1297 15564 0.008833955844453508 13660.721488629086 14.424863350149634 1.4424971097201801e+01 14.425756221712932 14.969231345292915 0.2726143015105542 14.42520962273522 nan 8.9   
1298 15576 0.008655708992440222 13680.144316754702 14.424838030694474 1.4424838030694474e+01 14.42596105155546 15.306784342054502 0.16208829621569087 14.42581709095944 nan 8.9   
1299 15588 0.00884205635672264 13587.494731838098 14.424838030694474 1.4425066911860826e+01 14.514802934608202 14.969722910633044 0.16248067929979548 14.42559093809474 nan 8.9   
1300 15600 0.008710628511132332 13345.615586641024 14.424838030694474 1.4424892716636423e+01 14.902863258323782 14.969358388439149 0.4779745758110092 14.425450476065404 nan 8.9   
1301 15612 0.008216546900915384 13296.79021623843 14.424838030694474 1.4425325646902756e+01 14.515170574074187 15.306987123700132 0.2941862974353011 14.425858103663863 nan 8.9   
1302 15624 0.00766710149487387 13426.214931867744 14.424838030694474 1.4425128230727934e+01 14.426078695707824 15.30780935055114 0.034272302867742965 14.425484553798722 nan 8.9   
1303 15636 0.007559235881458895 13295.541850077181 14.424838030694474 1.4425004731169622e+01 14.425536956529408 14.903140291825677 0.0005641607736421861 14.425082562811237 nan 9.0   
1304 15648 0.0077391239334990035 13174.5585161914 14.42476576495372 1.4424765764953721e+01 14.425547119136217 14.969141375953065 0.4782807507505158 14.425055557131312 nan 9.0   
1305 15660 0.0076536640954277925 13097.986722124593 14.42476576495372 1.4424880486644902e+01 14.425528534480224 14.903328872963412 0.4776612101583311 14.425317354467524 nan 9.0   
1306 15672 0.007320671028959402 13157.772315897246 14.42476576495372 1.4424874373774573e+01 14.425441880606183 14.903580352728582 0.034329323753635066 14.42516854220813 nan 9.0   
1307 15684 0.0067864056539654015 13105.618844535114 14.42476576495372 1.4424832065466775e+01 14.425070578867835 14.903655186470115 0.0006346746615868426 14.42502435944293 nan 9.0   
1308 15696 0.006361229833193335 12939.042045363842 14.42476576495372 1.4424774050116756e+01 14.492230185602445 14.903450696834863 0.4780062833851346 14.42509443586006 nan 9.0   
1309 15708 0.006151790038779402 12769.190275116931 14.42476576495372 1.4424909471443076e+01 14.425833240288316 14.90441893274761 0.47734325617102336 14.425284555590244 nan 9.0   
1310 15720 0.006140945590244212 12600.53329121466 14.42476576495372 1.4424778017375550e+01 14.425316079924972 14.903715543658898 0.2367728855035196 14.424979693773441 nan 9.0   
1311 15732 0.006234470191659065 12594.16283044368 14.42470002996856 1.4424700029968561e+01 14.829576391039451 14.903395471141804 0.4779855485967719 14.425025611674927 nan 9.0   
1312 15744 0.006450591061440099 12614.874263689342 14.424622477926203 1.4424622477926203e+01 14.42498755353636 15.30665364204803 0.4415728828310055 14.424798846483261 nan 9.0   
1313 15756 0.006393945711911828 12645.182827405983 14.424622477926203 1.4424696459652820e+01 14.902869778061175 15.307170249162239 0.4781573141986275 14.424824688958338 nan 9.0   
1314 15768 0.0061162072139637445 12595.974839899342 14.424622477926203 1.4424748080083788e+01 14.425091739443728 15.306669070297978 0.23600489773380318 14.4250116795871 nan 9.0   
1315 15780 0.006054105826403699 12615.595416819906 14.424622477926203 1.4424645703004298e+01 14.42556602949115 14.903314025843642 0.23620921633083114 14.42477513803927 nan 9.0   
1316 15792 0.006338262939454577 12360.126983686647 14.424622477926203 1.4424833357561370e+01 14.425098320871731 15.307067856785757 0.4780065879140931 14.424965966198668 nan 9.0   
1317 15804 0.00629707425472547 12201.29934298261 14.424618568767599 1.4424618568767599e+01 14.424949204217949 14.902944978752444 0.00038443502332086155 14.424834087766211 nan 9.1   
1318 15816 0.00615192929586849 12157.14818702808 14.424596812843813 1.4424596812843813e+01 14.58756611961412 14.90310385141683 0.2293715438692665 14.424966674162462 nan 9.1   
1319 15828 0.0061783225710544615 11965.057245887467 14.424424598374335 1.4424424598374335e+01 14.42485917213241 14.902512635813215 0.11498164361521113 14.424640787039566 nan 9.1   
1320 15840 0.00619414100273904 11775.545886604656 14.424424598374335 1.4424574959502687e+01 14.653425393646984 14.96896862764579 0.4778795471879853 14.424778915911382 nan 9.1   
1321 15852 0.005914547543525385 11667.345275686494 14.424424598374335 1.4424605501171762e+01 14.653676315600363 15.3066587962857 0.4781164252601684 14.424735305005665 nan 9.1   
1322 15864 0.005700519231491851 11600.772030320757 14.424415635225872 1.4424415635225872e+01 14.587401760055519 15.306691953097769 0.4780361093181451 14.424732222812205 nan 9.1   
1323 15876 0.005618122421529418 11593.724803859768 14.424415635225872 1.4424433786640776e+01 14.491685811782931 15.306667157412761 0.47814194382068465 14.424584762504928 nan 9.1   
1324 15888 0.00554748240508248 11745.924197331722 14.424386207701273 1.4424386207701273e+01 14.424737393245545 15.306356063905639 0.2841829651146277 14.424587001260921 nan 9.1   
1325 15900 0.005537215372657017 11499.558570739076 14.424386207701273 1.4424422965178518e+01 14.902358036091826 15.306495182876874 0.4777566185047615 14.424821244142583 nan 9.1   
1326 15912 0.005478331890293846 11675.43196110236 14.424386207701273 1.4424606381008822e+01 14.492113946644546 14.902788779579005 0.35384518771087947 14.424669222162844 nan 9.1   
1327 15924 0.005321189639697042 11607.857536504886 14.424333505810393 1.4424333505810393e+01 14.42481032200395 14.587146445284583 0.06713410146016052 14.42462303343318 nan 9.1   
1328 15936 0.005153518755613041 11552.973682385576 14.424333505810393 1.4424380288436009e+01 14.424653609019389 14.587270556490711 0.11489899169722761 14.424475703793423 nan 9.1   
1329 15948 0.00501254290521631 11519.105037715404 14.424333505810393 1.4424478247730555e+01 14.587303647862168 14.902843898876158 0.4779488884279246 14.424656359257 nan 9.1   
1330 15960 0.004693883917499314 11380.056665561799 14.424333505810393 1.4424408558770446e+01 14.587105063926746 14.903186816264608 0.32035953032780107 14.424682382778537 nan 9.1   
1331 15972 0.004426366195118042 11258.359622692611 14.424333505810393 1.4424538989232252e+01 14.42482175875001 14.902684431423141 0.1625053867509294 14.424701182771228 nan 9.2   
1332 15984 0.004043765604498305 11256.977642960921 14.424333505810393 1.4424478914172242e+01 14.42472045311284 14.902939843539462 0.00047437977156405964 14.4245821920276 nan 9.2   
1333 15996 0.003874593207921032 11156.783530024339 14.424333505810393 1.4424380454258653e+01 14.42474070797207 14.902792599952733 0.1627508696659845 14.424481279312154 nan 9.2   
1334 16008 0.0037791510088248056 11114.84497205339 14.424240452240541 1.4424240452240541e+01 14.424594310931326 14.90269323875819 0.0002680681872053725 14.424467822861319 nan 9.2   
1335 16020 0.0038271572088070284 10830.083289931867 14.42414727023047 1.4424147270230470e+01 14.424474679140113 14.902624730686618 0.08161275555095315 14.424198508150276 nan 9.2   
1336 16032 0.0038531387144522754 10602.050214365841 14.424136312187477 1.4424136312187477e+01 14.51449813080647 14.902680860611031 0.3204277838322316 14.424204060543016 nan 9.2   
1337 16044 0.0037079367999035074 10515.606798481025 14.42413304710315 1.4424133047103149e+01 14.902303364752393 14.902515912440386 0.4780857958796325 14.424374884170163 nan 9.2   
1338 16056 0.0036131160302035363 10485.860836748412 14.42413304710315 1.4424152651593323e+01 14.424463749133192 14.902566749307061 0.28412865236438734 14.424301772718238 nan 9.2   
1339 16068 0.0034696428197152534 10454.636370903781 14.424085795293252 1.4424085795293252e+01 14.51471397444589 14.90268521812735 0.2077141651939023 14.424242958350593 nan 9.2   
1340 16080 0.0033205258489718377 10406.065537855711 14.424085795293252 1.4424145993384425e+01 14.902544512673972 14.99226028540695 0.4332905148944697 14.469323540217273 nan 9.2   
1341 16092 0.003250443600529712 10280.881058638273 14.424085795293252 1.4424151936729983e+01 14.424345519444135 14.90266447098847 0.4783768864637299 14.424201239885324 nan 9.2   
1342 16104 0.003264286156474395 10362.262646754722 14.424085795293252 1.4424137642499760e+01 14.424345341291174 14.902708543553302 0.478248119322469 14.424208141586966 nan 9.2   
1343 16116 0.0032132455478440713 10289.687492130393 14.424085795293252 1.4424085917979616e+01 14.424334128771633 14.99217312732274 0.00020578845749597008 14.42419215879621 nan 9.2   
1344 16128 0.003131961370963486 10132.705150020452 14.424085795293252 1.4424142905497998e+01 14.90241432161805 14.992141392266587 0.4332138596525166 14.469344919588254 nan 9.2   
1345 16140 0.0031250661893472524 10206.702551771152 14.424014041974718 1.4424014041974718e+01 14.424467183206641 14.902604988277213 0.3206356890020903 14.424076086274276 nan 9.2   
1346 16152 0.0031657335457456453 10106.38001898998 14.423957509407305 1.4423957509407305e+01 14.902237552447048 14.992142009691664 0.46659956570741556 14.469281445277101 nan 9.3   
1347 16164 0.0030798050458036084 10167.63574166735 14.423957509407305 1.4424022610741375e+01 14.5144042070111 15.395413384537756 0.5677710091349439 14.424190485503981 nan 9.3   
1348 16176 0.0030387107934290746 10372.026557089126 14.423957509407305 1.4424008680028622e+01 14.514277543756878 15.461445929790331 0.522870626465286 14.424181554048346 nan 9.3   
1349 16188 0.0031003357378926373 10412.937325429497 14.423957509407305 1.4424071362790665e+01 14.514310645751216 14.969270833097005 0.12643695192738136 14.42425582259105 nan 9.3   
1350 16200 0.002959589618188026 10336.778989354929 14.423957509407305 1.4424055061990014e+01 14.424326038855268 14.902593731607448 0.16273764757364084 14.424131594370492 nan 9.3   
1351 16212 0.002958207382145392 10324.535353359168 14.423957509407305 1.4424016076683509e+01 14.424127158975779 14.9026227079119 0.0002012665035149297 14.424051916264643 nan 9.3   
1352 16224 0.0029968667071862205 10309.080854792577 14.423957509407305 1.4423987282265225e+01 14.424170436195157 14.902527098571348 0.32059938198832505 14.424053687601592 nan 9.3   
1353 16236 0.0030366132037122984 10240.413549207944 14.423953464901937 1.4423953464901937e+01 14.514388391600981 14.90254529205528 0.4416723076464937 14.424020144262276 nan 9.3   
1354 16248 0.003005733588777092 10213.818031195182 14.423953464901937 1.4424005523386407e+01 14.902380699124842 14.902454345169149 0.4330861285999248 14.469326606032059 nan 9.3   
1355 16260 0.0028864021386852566 10135.411273990103 14.423953464901937 1.4423968412932970e+01 14.424067289545539 14.90241760566092 0.00020079154692353995 14.424022370466982 nan 9.3   
1356 16272 0.0027932530053967333 10208.649459538015 14.423953464901937 1.4423972612680602e+01 14.902349505331724 15.306249082380043 0.4783664175558435 14.42415222762067 nan 9.3   
1357 16284 0.002775874981815896 10413.6041534513 14.423953464901937 1.4423955108556770e+01 14.424102992339213 14.90249252201103 0.09027149348964869 14.424013120930766 nan 9.3   
1358 16296 0.0028461776130706933 10172.441914056479 14.423943332224379 1.4423943332224379e+01 14.514381560571085 14.90241197785183 0.47829587977080834 14.424043046032327 nan 9.3   
1359 16308 0.00295069218548641 10042.399040161215 14.423921579434303 1.4423921579434303e+01 14.491206249931443 14.902398952647793 0.09033045269685758 14.424011515567564 nan 9.4   
1360 16320 0.0030673632652404442 9987.296921189094 14.423921579434303 1.4423953042878535e+01 14.42436941900326 14.902392532782459 0.4782404278046606 14.42404470853937 nan 9.4   
1361 16332 0.0030823472345537077 10024.327037262608 14.423865476963508 1.4423865476963508e+01 14.424066132726512 14.902468725870747 0.478297737502686 14.424004081130864 nan 9.4   
1362 16344 0.0030728509628113816 9997.552245107789 14.423865476963508 1.4423875980915982e+01 14.424028738504802 14.902404943822901 0.11489187411432766 14.423976579818277 nan 9.4   
1363 16356 0.0029979058193414397 9982.807467729102 14.423865476963508 1.4423964302211493e+01 14.51416301300349 15.30601859233938 0.47815491185204984 14.424018774227497 nan 9.4   
1364 16368 0.0028984732992126884 9684.619804480511 14.423865476963508 1.4423930521032130e+01 14.514231194767772 14.90235990091852 0.1265516147395207 14.42404895921747 nan 9.4   
1365 16380 0.0027978672961199297 9480.83532558417 14.423865476963508 1.4423945482017690e+01 14.586682973491724 14.991976821332317 0.32871790919931243 14.42399470775694 nan 9.4   
1366 16392 0.0027487170122877636 9280.58835203845 14.423865476963508 1.4423904989057075e+01 14.424008945190275 14.90240531202692 0.033709479387489694 14.42394782772704 nan 9.4   
1367 16404 0.0027187935268954515 9200.687584190135 14.423865476963508 1.4423894877828767e+01 14.424054659810077 14.902230591672886 0.1961887224448251 14.423945789360586 nan 9.4   
1368 16416 0.0025689473606091795 9276.310647055205 14.423861091705508 1.4423861091705508e+01 14.4240464709383 14.902400338757312 0.06734530764247282 14.42391598511682 nan 9.4   
1369 16428 0.00247881080651343 9274.514180054166 14.423861091705508 1.4423862611335597e+01 14.42396397082606 15.130483419184339 0.27291123384112836 14.423895821482006 nan 9.4   
1370 16440 0.0024083871713326864 9336.529671605029 14.423810685204003 1.4423810685204003e+01 14.423968081431305 14.902246429890091 0.17150468485842296 14.423894023019681 nan 9.4   
1371 16452 0.0024519389344858345 9329.114118500374 14.423731851567938 1.4423731851567938e+01 14.4238912943306 14.991920326444125 0.4784717098455751 14.42384036624249 nan 9.4   
1372 16464 0.0023907171169832864 9368.457648054175 14.423731851567938 1.4423756681952055e+01 14.5864032112778 14.991844753205447 0.4783843797910965 14.423834891568548 nan 9.5   
1373 16476 0.002487410316068361 9378.67354754306 14.423731851567938 1.4423858762815131e+01 14.902150649802818 14.90228261617693 0.38821229224525133 14.514047424155274 nan 9.5   
1374 16488 0.002617916481944919 9338.233191833997 14.423731851567938 1.4423816525125947e+01 14.514135717876785 15.130662558008087 0.17153942054717497 14.42391171847617 nan 9.5   
1375 16500 0.0027808453147895643 9247.91725849056 14.423731851567938 1.4423835806660694e+01 14.423993090219575 14.902296463830242 0.09035548852830644 14.423858306958905 nan 9.5   
1376 16512 0.00305766689429066 9181.72390815765 14.423731851567938 1.4423864241852073e+01 14.514132060622636 14.902354911256404 0.47833069383006865 14.423916915840824 nan 9.5   
1377 16524 0.003249531368634101 9206.48708383469 14.423731851567938 1.4423893766613164e+01 14.902215358994086 14.992020249343843 0.47838401080860393 14.423946371153392 nan 9.5   
1378 16536 0.0034116357053349516 9081.56286863564 14.423731851567938 1.4423805807653558e+01 14.424043152442595 14.991843318136956 0.47840701057374524 14.423867889463283 nan 9.5   
1379 16548 0.0035957605873238032 8965.407748453807 14.423731851567938 1.4423849216824737e+01 14.902147100712854 15.306098701196797 0.4328831861675617 14.514132883937311 nan 9.5   
1380 16560 0.003812871407708205 8892.83893915735 14.423731851567938 1.4423738612989828e+01 14.586620718491067 14.991806003277814 0.3318243496012343 14.457567658063532 nan 9.5   
1381 16572 0.003936606589240519 8976.209214002678 14.423731851567938 1.4423839421736099e+01 14.51418482994004 14.902229973566486 0.3514968096522644 14.514000019599237 nan 9.5   
1382 16584 0.003945245913741411 9062.406084450522 14.423731851567938 1.4423835864380600e+01 14.586349956924286 14.984789177791423 0.21657130957183668 14.491122115214004 nan 9.5   
1383 16596 0.0038216034632649115 8981.281736056031 14.423729749695932 1.4423729749695932e+01 14.423850612450288 14.918442799789633 0.2476196557292294 14.423808432828517 nan 9.5   
1384 16608 0.003756681185379585 9046.376587324727 14.42362310455177 1.4423623104551771e+01 14.513949745577692 14.902184244314578 0.3540781421913266 14.423757704945917 nan 9.5   
1385 16620 0.0036688061317677167 9190.216057119396 14.42362310455177 1.4423683417691386e+01 14.51405683683429 14.99173563235497 0.47833466070216346 14.423735411628169 nan 9.6   
1386 16632 0.00357014090669129 9224.51280461809 14.42362310455177 1.4423698615418084e+01 14.902075788058804 14.991637281578392 0.47834305653158893 14.423789391391718 nan 9.6   
1387 16644 0.0034825167948618406 9301.19017674891 14.42362310455177 1.4423847758718530e+01 14.586507040075936 15.306050771920392 0.16251414194807623 14.513907711176028 nan 9.6   
1388 16656 0.003302449374242905 9225.934860125393 14.42362310455177 1.4423707006340372e+01 14.4238886017641 14.902095856058923 0.04521563430291309 14.423809917094701 nan 9.6   
1389 16668 0.0033953925792274886 9292.24676375523 14.42362310455177 1.4423778777070947e+01 14.423897081085025 14.902161082331837 0.045233093895374665 14.423824044397007 nan 9.6   
1390 16680 0.003452415127660329 9293.52074222099 14.42362310455177 1.4423774593857447e+01 14.423926822201919 14.828895513431062 0.00015460138594214357 14.423814933052856 nan 9.6   
1391 16692 0.003330187891667712 9193.01601138234 14.42362310455177 1.4423780214240264e+01 14.514046354242863 14.918356479552864 0.2476147037297416 14.423856181974813 nan 9.6   
1392 16704 0.003133128523961425 9335.589448351457 14.42362310455177 1.4423745219539834e+01 14.423924299414674 14.82878374709691 0.09025811845248732 14.423835315892864 nan 9.6   
1393 16716 0.0030012180980762784 9378.426239992237 14.42362310455177 1.4423706852626200e+01 14.51401351127912 15.395053374629521 0.0903952094042193 14.423761820251695 nan 9.6   
1394 16728 0.002933015330173132 9552.710514162112 14.42362310455177 1.4423652653926702e+01 14.51392024532301 14.90221842935602 0.09035492592790106 14.423702388929723 nan 9.6   
1395 16740 0.0029765821498061065 9469.71061410168 14.42362310455177 1.4423686839902794e+01 14.491092971258817 14.968869518422943 0.4865484957214381 14.42370654664663 nan 9.6   
1396 16752 0.0029439247333751103 9394.483079117905 14.42362310455177 1.4423755852244572e+01 14.514082925621523 15.305995027250239 0.4332259323681882 14.468823820635375 nan 9.6   
1397 16764 0.0028417583952814753 9245.555223847223 14.42362310455177 1.4423637204068797e+01 14.423861551464833 14.828635514377465 0.09027952511248571 14.423764129833117 nan 9.6   
1398 16776 0.002912336681411204 9272.416198082523 14.42362310455177 1.4423648935364314e+01 14.423812051304164 15.058206906400901 0.47845377016970936 14.423690531927837 nan 9.6   
1399 16788 0.0028758899485106545 9270.144002662531 14.423616816920791 1.4423616816920791e+01 14.513966434171493 15.0580335828975 0.4416716780092642 14.42372629194952 nan 9.7   
1400 16800 0.002965564564001321 9283.877685563271 14.423610541313014 1.4423610541313014e+01 14.423805498101025 14.902221835236757 0.09026732107814972 14.423676138246032 nan 9.7   
1401 16812 0.003013281109494455 9387.20600935309 14.423584044692689 1.4423584044692689e+01 14.423669271415923 14.991643060722506 0.00015526218689920768 14.423611957154186 nan 9.7   
1402 16824 0.0030065920477359 9449.642474718046 14.423584044692689 1.4423640042852915e+01 14.490846999335357 15.305867465990104 0.2842687380530986 14.423704339591842 nan 9.7   
1403 16836 0.003074847265544793 9387.61680752874 14.423584044692689 1.4423643194631556e+01 14.423767221652726 15.306017342600065 0.04514777121496394 14.423702245832743 nan 9.7   
1404 16848 0.003126970504749812 9295.640592865968 14.423584044692689 1.4423657517884548e+01 14.902099358798003 15.130512203137567 0.4784338028930861 14.423737121651634 nan 9.7   
1405 16860 0.0031207356259717687 9265.948688919896 14.423584044692689 1.4423632022833763e+01 14.586297561772941 15.30605134005235 0.44161779292173975 14.42372644435088 nan 9.7   
1406 16872 0.0030982723367010963 9464.453501721173 14.423584044692689 1.4423708928068613e+01 14.513992196149239 15.305996138456248 0.4415688037133183 14.423725020502589 nan 9.7   
1407 16884 0.00306492052332368 9444.611191019778 14.423584044692689 1.4423603451913474e+01 14.423804609485915 14.90213018712464 0.40493378854700524 14.423719018819124 nan 9.7   
1408 16896 0.0029956129192968543 9348.910225607438 14.42358042588375 1.4423580425883751e+01 14.513995430029889 14.902103944094259 0.16263452198550965 14.423658576924517 nan 9.7   
1409 16908 0.0029602161173017854 9351.919983159833 14.42357663721277 1.4423576637212770e+01 14.513895609159945 14.968838041728775 0.36559367531636333 14.423616067545641 nan 9.7   
1410 16920 0.0028160646488523578 9293.554332183732 14.42357663721277 1.4423595875744171e+01 14.513858723059393 15.306000329692461 0.4416823704078858 14.423609318352632 nan 9.7   
1411 16932 0.002717241978399055 9324.581603075627 14.42357663721277 1.4423579164455049e+01 14.423703038910592 15.305909620113699 0.441708410978924 14.423630151626456 nan 9.7   
1412 16944 0.0028876147562110284 9237.70923639621 14.423536523169721 1.4423536523169721e+01 14.423700228087627 15.306086860175759 0.09034987877484646 14.423576667041658 nan 9.8   
1413 16956 0.003055670853813605 9100.218547985454 14.423535938518633 1.4423535938518633e+01 14.423612245054747 14.90206947303375 0.16264700521757014 14.423563870852895 nan 9.8   
1414 16968 0.0031377065766641093 9055.254645807538 14.42350855059303 1.4423508550593031e+01 14.423700188978316 15.153118592713295 0.47853060748302845 14.423550342014163 nan 9.8   
1415 16980 0.0032945199114105005 9001.742995313194 14.42350855059303 1.4423520447409059e+01 14.423601410597527 15.063848650531302 0.4784372303321103 14.423557754730282 nan 9.8   
1416 16992 0.003301389749554069 8965.632859689566 14.423485967597424 1.4423485967597424e+01 14.423655895753472 14.902033362916958 0.47831999565812744 14.423570800775162 nan 9.8   
1417 17004 0.0034442392764340414 8830.92541793446 14.423410191815728 1.4423410191815728e+01 14.423606242954358 14.902061193551715 0.16267344262751315 14.423532588893268 nan 9.8   
1418 17016 0.0035127264190195997 9023.648463724428 14.423410191815728 1.4423439184531398e+01 14.423677086047723 14.902050217349162 0.32053170625344407 14.423523219286363 nan 9.8   
1419 17028 0.003503224224976506 8922.184175101676 14.423410191815728 1.4423484580114337e+01 14.423553921270832 14.901984603333531 7.14278896385423e-05 14.423518680326072 nan 9.8   
1420 17040 0.003554145026179509 8890.723813216895 14.423354374146342 1.4423354374146342e+01 14.423504914915855 14.676048985149677 0.00020313728756526928 14.423450126778336 nan 9.8   
1421 17052 0.0035576118865044645 8907.631463632299 14.423259924263245 1.4423259924263245e+01 14.585894775270306 14.901895402448641 0.16266714235680269 14.423455639977963 nan 9.8   
1422 17064 0.003366277613693621 8980.678822263813 14.423259924263245 1.4423407809734810e+01 14.586034074608841 15.063590178821697 0.27544727288047355 14.468516787669799 nan 9.8   
1423 17076 0.003319464142818057 8961.330610766321 14.423259924263245 1.4423294302039105e+01 14.42356863450138 15.153018081782774 0.32057516829961763 14.423361421927467 nan 9.8   
1424 17088 0.0033621038678349102 8949.122442353715 14.423259924263245 1.4423307615652677e+01 14.423524661426958 15.153066125774986 0.16271406432223046 14.423357059214577 nan 9.8   
1425 17100 0.003578395609128158 8722.519245353169 14.423259924263245 1.4423272452295317e+01 14.513636895116115 14.901835453053767 0.4416259242914151 14.423391908939688 nan 9.8   
1426 17112 0.0035965718382906854 8590.19605993119 14.423259924263245 1.4423275436832306e+01 14.423397611479052 14.901721348832627 0.40493146478747377 14.423342218927768 nan 9.8   
1427 17124 0.003587347205275141 8616.13174167229 14.423259924263245 1.4423360186540432e+01 14.423504441516975 15.305709548701635 0.478310971440969 14.423412268923599 nan 9.9   
1428 17136 0.003671534248921675 8663.117855915749 14.423259924263245 1.4423289348464531e+01 14.423453560722862 14.901908207840945 0.44174320997759153 14.423352278804884 nan 9.9   
1429 17148 0.003767284066212981 8625.312123641617 14.423259924263245 1.4423271011093576e+01 14.423462825835085 15.305549499393065 0.44169039504476615 14.423334161107007 nan 9.9   
1430 17160 0.0038952653725399557 8634.616725961352 14.423173816838 1.4423173816838000e+01 14.828094922777803 15.371972491074581 0.4383354534750623 14.423410885813546 nan 9.9   
1431 17172 0.003874005385050941 8597.33946200965 14.423173816838 1.4423214424146870e+01 14.828326709492426 15.305646479728638 0.5197302494264235 14.42335315032419 nan 9.9   
1432 17184 0.0037646857270080517 8605.00703141343 14.423173816838 1.4423232897912936e+01 14.586005019951513 15.30555133637715 0.4383756554399447 14.42327374428325 nan 9.9   
1433 17196 0.0036526737942376855 8683.953198034706 14.423173816838 1.4423183933886603e+01 14.586000123569393 15.305623151270952 0.4750564814191698 14.4232848772312 nan 9.9   
1434 17208 0.0035102661999505246 8627.484499468312 14.4231564291919 1.4423156429191900e+01 14.49053646397084 14.901734840908073 0.23610996562182862 14.423294106199613 nan 9.9   
1435 17220 0.003464097234562197 8642.219282812739 14.42308154929922 1.4423081549299219e+01 14.423265165044942 14.901777892442428 0.04525798712140272 14.423176412160036 nan 9.9   
1436 17232 0.003372700478106379 8588.612822903015 14.42308154929922 1.4423099902410087e+01 14.423214595307977 14.901639493986808 0.4783740841855373 14.423141778256479 nan 9.9   
1437 17244 0.0033735193936013375 8645.99473556517 14.423032574791089 1.4423032574791089e+01 14.423205051776026 14.901596820384565 0.0788807384760517 14.423096256712554 nan 9.9   
1438 17256 0.0034729749933096756 8858.601412528444 14.423032574791089 1.4423056509956629e+01 14.513347221929177 14.901519726871733 0.32048309781587037 14.423110647693644 nan 9.9   
1439 17268 0.003370454811650786 8889.422045286348 14.423019407588711 1.4423019407588711e+01 14.42318959806314 14.513378106820591 0.07875949299775442 14.423098850476109 nan 9.9   
1440 17280 0.003437721370332775 8933.186553720356 14.42297869210785 1.4422978692107851e+01 14.42308557092859 14.901495682168843 0.00012913914231837964 14.423018600409591 nan 9.9   
1441 17292 0.0036303058443507568 9065.108021894639 14.42292089857846 1.4422920898578459e+01 14.423087117240811 14.901454208244353 0.04519351361728141 14.422990424348175 nan 10.0   
1442 17304 0.0035518583465306056 9164.702149467525 14.42292089857846 1.4422930939813666e+01 14.42311112235523 15.305310860429525 0.09027026062888055 14.422985732828423 nan 10.0   
1443 17316 0.0034287752662480226 9302.138525222605 14.42292089857846 1.4422976239081382e+01 14.42309571728296 14.901484291037706 0.2841824760958396 14.423026207469196 nan 10.0   
1444 17328 0.0033646926023325387 9313.262279885772 14.4229176176812 1.4422917617681200e+01 14.423057411396195 14.901497607282986 0.00010584906121025028 14.422992374426894 nan 10.0   
1445 17340 0.003339233688967733 9322.877427941383 14.422911584093166 1.4422911584093166e+01 14.423077068475484 14.90144438863095 0.4783917380568994 14.422955824529332 nan 10.0   
1446 17352 0.003290032540017541 9170.258557314704 14.422911584093166 1.4422918641756539e+01 14.490278276324226 14.901458576506466 0.4783114387815619 14.422964245140248 nan 10.0   
1447 17364 0.003345082456824421 9186.164927956905 14.42280809438201 1.4422808094382010e+01 14.422960573644705 14.901494515561216 9.545058147253371e-05 14.42290650517845 nan 10.0   
1448 17376 0.0034978685973626874 9369.416482428142 14.42280809438201 1.4422813807492570e+01 14.42293340311481 14.513241173930888 0.00016744445721528223 14.422863051222718 nan 10.0   
1449 17388 0.0037550753762897386 9292.92403244725 14.42280809438201 1.4422835257652970e+01 14.422947110771087 14.99094820851207 0.09019241441967907 14.422846649526338 nan 10.0   
1450 17400 0.004129838815928487 9459.639638811039 14.422779221090112 1.4422779221090112e+01 14.51300286198585 14.901334460841404 0.09027536824033255 14.422892999348113 nan 10.0   
1451 17412 0.004551377968134302 9486.033987288483 14.42268924214973 1.4422689242149730e+01 14.42297236931223 14.513203294939608 0.09040686966601541 14.422783126848909 nan 10.0   
1452 17424 0.004837763047353313 9492.642175377818 14.42268924214973 1.4422695074053690e+01 14.422815111701588 14.51314902981639 0.0902295666721411 14.422722440068183 nan 10.0   
1453 17436 0.005100614904388103 9456.006505931407 14.422585185602763 1.4422585185602763e+01 14.422921575580338 14.990672853265771 0.2842855767977994 14.422750133616262 nan 10.0   
1454 17448 0.005260845467897025 9600.228783812287 14.422544374673462 1.4422544374673462e+01 14.422776854642452 14.900896678213826 0.06727808409301339 14.42261692711934 nan 10.0   
1455 17460 0.005678051762036341 9463.110856262729 14.422425887018532 1.4422425887018532e+01 14.422645256062985 14.901065937500977 0.045385804659298756 14.422524966172565 nan 10.0   
1456 17472 0.005942570730594434 9403.090982663021 14.422425887018532 1.4422452488909375e+01 14.900833034823297 14.901044560269806 0.478338396664439 14.422540504170467 nan 10.1   
1457 17484 0.006169566748533288 9449.722450919156 14.422425887018532 1.4422457918224218e+01 14.422772883684747 14.967124709457707 0.47827607041470266 14.422545543136335 nan 10.1   
1458 17496 0.00654404617094542 9405.612988620469 14.422367912654154 1.4422367912654154e+01 14.422545639989124 14.422749897726696 0.00016871983443422778 14.422444869585066 nan 10.1   
1459 17508 0.006497505496552375 9467.539585723476 14.422320965007666 1.4422320965007666e+01 14.42249960925268 14.967760722928798 0.03354524204988252 14.422421185213874 nan 10.1   
1460 17520 0.006600043266080056 9345.826293768047 14.422152694079053 1.4422152694079053e+01 14.489589819325788 14.990222637107184 0.12373226412785421 14.422567575791593 nan 10.1   
1461 17532 0.00681721216332746 9552.342317936707 14.42211127576676 1.4422111275766760e+01 14.422422141807784 14.967390833602776 0.03389641668789345 14.422280241971317 nan 10.1   
1462 17544 0.007041773023923123 9938.819503907227 14.421964233840638 1.4421964233840638e+01 14.422400782627994 14.900733816879418 0.11492333981240321 14.422240728612616 nan 10.1   
1463 17556 0.007002727116633889 10214.11839737729 14.421964233840638 1.4422114931926091e+01 14.489003120008208 14.900747152212887 0.0787497873502403 14.422190263699065 nan 10.1   
1464 17568 0.007227391178299892 10139.076794803845 14.421964233840638 1.4421983157610672e+01 14.42217668691702 14.579550870756307 0.03378103881870942 14.422143938375179 nan 10.1   
1465 17580 0.0073994969335321814 10153.982859874975 14.421948735016477 1.4421948735016477e+01 14.422201410816724 14.900462368092471 0.033936873012379465 14.422000121357502 nan 10.1   
1466 17592 0.0078290984415544 10396.382352564811 14.421622476745508 1.4421622476745508e+01 14.422319970534996 14.900432349313641 0.12390878494521473 14.421837764706577 nan 10.1   
1467 17604 0.008302268056586706 10572.092081275203 14.42153820351673 1.4421538203516731e+01 14.48890634736503 14.489314814439377 0.0670503669081981 14.421981100183936 nan 10.1   
1468 17616 0.00856780092784377 10791.932467572155 14.42153820351673 1.4421548096624479e+01 14.488191751808467 15.304098933408717 0.15972373912774707 14.421730066773655 nan 10.1   
1469 17628 0.009016022134972093 10739.207024395722 14.421163483409702 1.4421163483409702e+01 14.488598003261588 14.90001248014783 0.16248337776151978 14.421543261341503 nan 10.1   
1470 17640 0.009384687976404868 10944.728878400874 14.421033250495032 1.4421033250495032e+01 14.584041463794962 14.900099224592434 0.44135130163924785 14.421445077084055 nan 10.1   
1471 17652 0.00984443749839654 11076.09497701052 14.421033250495032 1.4421087799950957e+01 14.51112553607059 14.899589542796992 0.08987576270224906 14.42161975504267 nan 10.2   
1472 17664 0.010338349662832948 11039.30409720969 14.420959507510888 1.4420959507510888e+01 14.421448004813824 14.89947139363858 0.07877041551533104 14.421159978490635 nan 10.2   
1473 17676 0.010321250827311165 10952.860885960676 14.420959507510888 1.4421014681142212e+01 14.51155131059772 15.303490043878806 0.328224525752292 14.421853521848771 nan 10.2   
1474 17688 0.010213962291166234 10979.723338534366 14.420959507510888 1.4421143368710830e+01 14.578579056159912 14.900316781263117 0.47842385991166125 14.42119200592441 nan 10.2   
1475 17700 0.01027897051079185 11086.362071989533 14.420954319344885 1.4420954319344885e+01 14.421376234599675 14.899134617170505 0.09034500227124376 14.420989561838077 nan 10.2   
1476 17712 0.010482669058630137 11142.946598196528 14.42064232715227 1.4420642327152271e+01 14.511045527794144 14.899236320437122 0.09019766684571451 14.421199982677997 nan 10.2   
1477 17724 0.010429232905793895 11220.157216815807 14.42064232715227 1.4420921534927702e+01 14.57818974620823 14.915690614244271 0.2420648356643298 14.499283157845404 nan 10.2   
1478 17736 0.010603211157799611 11398.70890377919 14.420454833286838 1.4420454833286838e+01 14.421119018134734 14.511101571297495 0.0671107646677882 14.420769325921881 nan 10.2   
1479 17748 0.010875190776168176 11224.014365481042 14.420252199415044 1.4420252199415044e+01 14.487842203027009 14.98811140273821 0.12326521695324111 14.420813156166371 nan 10.2   
1480 17760 0.011004519191278598 11154.08069996229 14.420252199415044 1.4420429752479443e+01 14.557453988612655 14.98787000981483 0.09019136071230349 14.487493277651616 nan 10.2   
1481 17772 0.01121503936202298 11170.400935340487 14.420252199415044 1.4420341778606209e+01 14.42122101389503 14.89883713306174 0.09031251264400453 14.420501095684529 nan 10.2   
1482 17784 0.011277907281613502 11354.651587669367 14.42017809145666 1.4420178091456661e+01 14.420773082076119 15.124445894743893 0.000430569356510091 14.420461749937328 nan 10.2   
1483 17796 0.01125859049759063 11504.233553447335 14.42017809145666 1.4420373018955509e+01 14.557239445694444 14.882834860209949 0.18102535330140768 14.454381137282965 nan 10.2   
1484 17808 0.011523045152514247 11492.81924683331 14.42017809145666 1.4420295679362159e+01 14.421056463932706 14.557606528211464 0.033541971507293766 14.420495621360267 nan 10.2   
1485 17820 0.011516927757158645 11523.547166041672 14.42017809145666 1.4420626748514168e+01 14.510804829270747 14.577335754753799 0.10318124289381636 14.45430583399326 nan 10.2   
1486 17832 0.010870980019058486 11347.122577936725 14.42017809145666 1.4420240269332476e+01 14.487488907999314 14.647989243750958 0.11308887785264687 14.420893969985759 nan 10.3   
1487 17844 0.009869003717300352 11359.637214878989 14.42017809145666 1.4420357905859376e+01 14.421190028348082 14.511080780817126 0.0903182215731313 14.42050879047585 nan 10.3   
1488 17856 0.00953307467180145 11384.240334046772 14.42017809145666 1.4420291638799034e+01 14.420583474882465 14.55771817901256 0.03374581657101672 14.420417046821214 nan 10.3   
1489 17868 0.009123020991985212 11463.22324614993 14.42007885730618 1.4420078857306180e+01 14.421023611006255 14.557377637172758 0.11338484401154325 14.420509416982908 nan 10.3   
1490 17880 0.008936000196190313 11543.003412702274 14.42007885730618 1.4420134434906505e+01 14.487717528912105 14.556922552360279 0.11317243346394967 14.420355404490339 nan 10.3   
1491 17892 0.008578330905511612 11625.691995687519 14.419968733543497 1.4419968733543497e+01 14.420443090858566 14.487387984420433 0.0003755880925311317 14.420310653326357 nan 10.3   
1492 17904 0.008442212631557828 11827.160814812305 14.419968733543497 1.4420086041775210e+01 14.487678332194035 14.623926091684945 0.08987265454847737 14.420338606633912 nan 10.3   
1493 17916 0.008409975008397824 11801.071425692173 14.419968733543497 1.4420028722665457e+01 14.510403169380313 14.647027584176783 0.1135628889753022 14.420268967011385 nan 10.3   
1494 17928 0.008523828709894411 11915.626430251432 14.419968733543497 1.4420031911980013e+01 14.51048761336588 14.623626405110878 0.11330807834494294 14.453805736229025 nan 10.3   
1495 17940 0.008406556618412187 11728.666127179427 14.419968733543497 1.4420140609397446e+01 14.557195521814576 14.647271513736197 0.12362653627356224 14.453832939527576 nan 10.3   
1496 17952 0.008606537343285028 11716.831112372205 14.419968733543497 1.4419979791405590e+01 14.487120447406053 14.647284650025572 0.07866816231841511 14.42035463178885 nan 10.3   
1497 17964 0.008393370968500612 11782.224902371214 14.419968733543497 1.4420015813412329e+01 14.420474910338987 14.577981187649604 0.07882046928762598 14.420198815834896 nan 10.3   
1498 17976 0.008156089282918786 11864.902133029951 14.419968733543497 1.4420002544651192e+01 14.510203882598047 14.647140277578647 0.1815667588346095 14.420116446543837 nan 10.3   
1499 17988 0.007937990289564592 11950.281549569507 14.419968733543497 1.4420037243449555e+01 14.420441489645404 14.62412301700475 0.1368360508176707 14.42013016964778 nan 10.3   
1500 18000 0.007941096588958505 11959.674194816842 14.419951132832614 1.4419951132832614e+01 14.557063424458876 14.624015534125446 0.058455155326777586 14.498810555085386 nan 10.4   
1501 18012 0.008183771994971766 11786.394240078094 14.419856112839858 1.4419856112839858e+01 14.556995665226072 14.646984539140282 0.10335997131325847 14.453787476449087 nan 10.4   
1502 18024 0.00834143129246187 11913.351311974686 14.419856112839858 1.4420026059401101e+01 14.420278029508681 14.646966743645837 0.06734667214497136 14.420051162795662 nan 10.4   
1503 18036 0.008359818307878129 11938.547600495855 14.419856112839858 1.4420103193886836e+01 14.48737096903766 14.622941015123535 0.07966117380474458 14.453689636831701 nan 10.4   
1504 18048 0.008549298965228038 11977.961762374194 14.419856112839858 1.4420040903504539e+01 14.487537714056756 14.624247460820225 0.136530392606673 14.4203637908914 nan 10.4   
1505 18060 0.008917987417346137 11993.009339599417 14.419856112839858 1.4420043857523101e+01 14.420577693381501 14.623980845508823 0.06753338557082245 14.420264371544377 nan 10.4   
1506 18072 0.009119684029114453 11760.592790683488 14.419856112839858 1.4419979412599877e+01 14.420639178788779 14.55719126578933 0.13682005875963732 14.420154688017938 nan 10.4   
1507 18084 0.009480030068988878 11667.572185707142 14.419856112839858 1.4419998939648242e+01 14.487164702677633 14.557117210060978 0.13650529130080358 14.420223215323752 nan 10.4   
1508 18096 0.009755482677082298 11947.475479222949 14.419856112839858 1.4420081993661332e+01 14.53156911459648 14.667460320701144 0.10340363980816925 14.453718324214321 nan 10.4   
1509 18108 0.009451604894629055 12177.650384595885 14.419856112839858 1.4419937676355975e+01 14.420530732872022 14.598179372648433 0.06716914245292749 14.420217247757723 nan 10.4   
1510 18120 0.009165613434756557 12330.231109538872 14.419820326727875 1.4419820326727875e+01 14.420421756454397 14.557143582649417 0.10228292775784098 14.419960657653158 nan 10.4   
1511 18132 0.008949033577144334 12320.893405442199 14.419820326727875 1.4419869663736861e+01 14.420066636498749 14.557074769219984 0.1017577189847021 14.419954725819494 nan 10.4   
1512 18144 0.009057440934724624 12367.439408715994 14.419775916288904 1.4419775916288904e+01 14.55659943911472 14.623835184123008 0.1703322400743552 14.419949773412677 nan 10.4   
1513 18156 0.00904792249401077 12449.110221143947 14.419775916288904 1.4419888747294294e+01 14.556639474986559 14.657916144704211 0.13675881364111575 14.42009742332057 nan 10.5   
1514 18168 0.009117755608834599 12424.084397803545 14.419775916288904 1.4419806248608078e+01 14.42014610898411 14.582948144930981 0.06737394608602543 14.420041463520352 nan 10.5   
1515 18180 0.009085040840584997 12072.519250623507 14.419694227578972 1.4419694227578972e+01 14.420121936630155 14.55682181160998 0.13677791684094132 14.41986773459659 nan 10.5   
1516 18192 0.009174227535428169 11901.694050428809 14.419694227578972 1.4419768048920314e+01 14.509823709675405 14.672354989061558 0.13700371508195985 14.419886593224078 nan 10.5   
1517 18204 0.009248332975178502 11614.460588712214 14.419694227578972 1.4419816537191430e+01 14.420100516289233 14.667928570283948 0.06860301130874014 14.419858914551266 nan 10.5   
1518 18216 0.009261300808887537 11545.553549002912 14.419694227578972 1.4419784004506679e+01 14.510205771421129 14.65842052543309 0.136556180477573 14.419926375557484 nan 10.5   
1519 18228 0.009211914676890375 11617.547118966726 14.41963911477543 1.4419639114775430e+01 14.420103890529555 14.556992522990628 0.11369495524112416 14.419864935422794 nan 10.5   
1520 18240 0.008627690041993288 11754.194515487641 14.41963911477543 1.4419678553399862e+01 14.419973720963547 14.556538136872915 0.11326729504350652 14.41982191227602 nan 10.5   
1521 18252 0.008699217092783363 11780.37862265298 14.419630272411927 1.4419630272411927e+01 14.50996711761386 14.646418436026478 0.1369560537099268 14.419838387941638 nan 10.5   
1522 18264 0.009124602009945509 11757.747387128244 14.41962397652897 1.4419623976528969e+01 14.419953673845958 14.556684285024128 0.1135084417372898 14.419697190987273 nan 10.5   
1523 18276 0.009897750209528402 11712.051092045223 14.41962397652897 1.4419743584082804e+01 14.510003489220072 14.794002059676394 0.1467417894141576 14.419909740592917 nan 10.5   
1524 18288 0.010418568909638031 11683.525653776167 14.41962397652897 1.4419666975779631e+01 14.41986969550604 14.57668480458167 0.00020707648161888415 14.41980320431263 nan 10.5   
1525 18300 0.010853171581555196 11707.544627230041 14.419498853651847 1.4419498853651847e+01 14.556893212673584 14.667937874642316 0.1372561656304736 14.419773101596544 nan 10.5   
1526 18312 0.010990074723202832 11808.87874928219 14.419498853651847 1.4419648089270181e+01 14.42004393822998 14.794118520450251 0.11349969143025085 14.419707752794338 nan 10.5   
1527 18324 0.010233030764276991 11976.65756247439 14.419498853651847 1.4419734585627833e+01 14.576699749726265 14.914326317119373 0.18630066518139365 14.453583466176354 nan 10.6   
1528 18336 0.010190043250648356 11952.317711798592 14.419498853651847 1.4419584015832687e+01 14.419930607023348 15.034119920897112 0.10234016803485169 14.419744179463597 nan 10.6   
1529 18348 0.009968878670221244 11764.37361726947 14.419498853651847 1.4419632511634489e+01 14.419890027215553 14.824551506808897 0.18783852805056966 14.419716859026952 nan 10.6   
1530 18360 0.009976033591984693 11784.58376597054 14.419492733588818 1.4419492733588818e+01 14.419819314362323 14.556530058200755 0.06851906127521623 14.41966301376782 nan 10.6   
1531 18372 0.010159699750561359 11773.264215911466 14.419488574508575 1.4419488574508575e+01 14.419902901723994 15.03439446443227 0.15236775933256475 14.419592614014404 nan 10.6   
1532 18384 0.010097282846090412 11678.947231486165 14.419488574508575 1.4419749352114810e+01 14.89782043850294 15.302120755800072 0.3198374141681928 14.57821211746727 nan 10.6   
1533 18396 0.009747605768083261 11591.971944540119 14.419488574508575 1.4419497020655767e+01 14.50958817156622 14.646562399251472 0.11357539879188217 14.41969216436369 nan 10.6   
1534 18408 0.009422479026201292 11567.85239787357 14.419464590063491 1.4419464590063491e+01 14.509806783998435 14.884451673066458 0.12390205367622009 14.41966550432311 nan 10.6   
1535 18420 0.009324056069474002 11439.385994194557 14.419464590063491 1.4419572436232208e+01 14.486647949085011 14.623720761770622 0.09016458256115456 14.419707625216535 nan 10.6   
1536 18432 0.009439597800854993 11448.471076108677 14.419464590063491 1.4419535733717259e+01 14.50977827256489 14.577278530027444 0.09015563493620782 14.41982011261428 nan 10.6   
1537 18444 0.009214595177956766 11457.080791562053 14.419428773896483 1.4419428773896483e+01 14.509884144224273 14.914209919930114 0.4383078649476033 14.419627700742769 nan 10.6   
1538 18456 0.009059433339790054 11816.743449783296 14.419428773896483 1.4419490933032700e+01 14.509982903022404 15.137247032603323 0.13684813476458046 14.453131389429267 nan 10.6   
1539 18468 0.00925698553564698 11836.31328181355 14.419428773896483 1.4419533929848665e+01 14.509715508768844 14.890845380527683 0.09038534996734882 14.48662293903217 nan 10.6   
1540 18480 0.00925174592992731 11871.647410348118 14.419428773896483 1.4419506013635560e+01 14.48647404108418 14.597840030751343 0.06739337593873884 14.419725725332743 nan 10.6   
1541 18492 0.009368320239255911 11846.071900380986 14.419428773896483 1.4419571954494968e+01 14.556423410990265 14.623762777007864 0.07972922221339829 14.487037582159555 nan 10.7   
1542 18504 0.009034491018441972 12051.289817071607 14.419428773896483 1.4486778081584262e+01 14.672303733379607 14.910051234817377 0.14679523199927225 14.590104271216989 nan 10.7   
1543 18516 0.00876588282937901 11716.558015910334 14.419428773896483 1.4486531416838323e+01 14.556463986477022 14.993569953188508 0.14943030169216698 14.487016689118095 nan 10.7   
1544 18528 0.008167316935494244 11664.16528247184 14.419428773896483 1.4419653419234141e+01 14.487031980457903 15.091362233866631 0.21477049785396218 14.486537852950468 nan 10.7   
1545 18540 0.0076917709042248735 11530.459315703858 14.419428773896483 1.4419643573976963e+01 14.531035893444892 15.001685857259128 0.13642331823497322 14.48676839850549 nan 10.7   
1546 18552 0.007346071607837634 11503.345816600908 14.419428773896483 1.4419508845168252e+01 14.48680525004589 14.981006638461704 0.25053332291159336 14.486396066874235 nan 10.7   
1547 18564 0.0073440979998870195 11554.779773663384 14.419428773896483 1.4419520107578336e+01 14.509847029530574 15.02719364856804 0.11351689366141215 14.486485962527194 nan 10.7   
1548 18576 0.007710115747307663 11513.555449622349 14.419428773896483 1.4486011800444906e+01 14.486996030184345 14.891139222014832 0.3711223128679553 14.486591355864155 nan 10.7   
1549 18588 0.00822685136823719 11639.630465288526 14.419428773896483 1.4485817434597434e+01 14.48674602119551 14.890720699597873 0.14972398155776112 14.486264895340602 nan 10.7   
1550 18600 0.008758377481771076 11761.306675629212 14.419428773896483 1.4485928466987209e+01 14.486196364117294 14.623189153451802 0.00047414281208979503 14.48599225234606 nan 10.7   
1551 18612 0.009441808882713815 11549.471905522996 14.419428773896483 1.4485545510050470e+01 14.486274212687254 15.052730863072485 0.28331478252583153 14.48599392749983 nan 10.7   
1552 18624 0.010351793705380363 11667.85476573657 14.419428773896483 1.4485369233792195e+01 14.485707014910501 14.889654285642603 0.00032702370873138875 14.485586329834295 nan 10.7   
1553 18636 0.011222008038829747 11713.822763028054 14.419428773896483 1.4485175264856316e+01 14.485664352039795 14.622212060436619 0.06862123786344654 14.485343476106486 nan 10.7   
1554 18648 0.011786467131721101 11697.562853496805 14.419428773896483 1.4484903833949524e+01 14.62190823153341 15.02595254043188 0.1496972657257274 14.48542314753622 nan 10.7   
1555 18660 0.01219927022856787 11605.360144419525 14.419428773896483 1.4485087461504667e+01 14.485328315325473 14.71115763443827 0.04513235276760419 14.485127394902685 nan 10.8   
1556 18672 0.01260145773187999 11750.024730388635 14.419428773896483 1.4484903707183163e+01 14.574659384784036 14.7370633928212 0.13680799098763252 14.485218001557044 nan 10.8   
1557 18684 0.013193315574974758 11659.793434929023 14.419428773896483 1.4484735801214114e+01 14.621441595868475 14.622623068966265 0.1366353331406529 14.485154053626328 nan 10.8   
1558 18696 0.013823300361434006 11650.635341972831 14.419428773896483 1.4484805277054637e+01 14.48519198821178 14.88917816826653 0.00081813262097441 14.484922820480048 nan 10.8   
1559 18708 0.015008834225712505 11815.837409603173 14.419428773896483 1.4484495057108274e+01 14.485177671162727 15.098859758491495 0.4046021383022165 14.484722258562279 nan 10.8   
1560 18720 0.015510349885069398 11775.396413797538 14.419428773896483 1.4484368937326510e+01 14.574746799656992 15.36590829796848 0.11335416575442103 14.485070274578915 nan 10.8   
1561 18732 0.015461528751738677 11661.237717361097 14.419428773896483 1.4484564950964064e+01 14.575339597171071 15.05134082175399 0.09180880472184327 14.574638075895725 nan 10.8   
1562 18744 0.015158721150742465 11725.981339639317 14.419428773896483 1.4484844354277751e+01 14.575070520546527 14.978592592999515 0.3151376348543007 14.484922381544736 nan 10.8   
1563 18756 0.014849316502905352 11782.52192488139 14.419428773896483 1.4484676407221551e+01 14.484933155602196 15.454721031747537 0.045233592419979374 14.484724678099571 nan 10.8   
1564 18768 0.015090863278729653 11796.405710043151 14.419428773896483 1.4484342879580229e+01 14.484915454911793 14.962326050626062 0.11333849808508312 14.484733325499247 nan 10.8   
1565 18780 0.015046843805363986 11958.34896758175 14.419428773896483 1.4484292958706439e+01 14.484991499707812 14.621478675227117 0.1364387035046679 14.484748845667783 nan 10.8   
1566 18792 0.014860741409588612 12148.532749288639 14.419428773896483 1.4484450612027251e+01 14.485115110092648 14.621113425381868 0.0452293693048329 14.484732403871543 nan 10.8   
1567 18804 0.015213743007356333 12233.612912822826 14.419428773896483 1.4484280924417277e+01 14.48468963027566 14.485506523558296 0.00035515698619903446 14.48448586566612 nan 10.8   
1568 18816 0.015390889470119738 12240.252034969517 14.419428773896483 1.4484213852047993e+01 14.485261890469113 14.962352622375857 0.08924991458180997 14.4847497471033 nan 10.8   
1569 18828 0.015575690055423783 12148.0538382526 14.419428773896483 1.4484115993504709e+01 14.48484122006845 14.96266224261716 0.23902858687262274 14.484495117980224 nan 10.8   
1570 18840 0.015354357952061911 12142.269709183793 14.419428773896483 1.4484055112289091e+01 14.484701323437578 15.098119327607314 0.4774834273863622 14.484551024272983 nan 10.9   
1571 18852 0.01465835105572042 12117.885515835578 14.419428773896483 1.4484116206372295e+01 14.961983815581473 15.500665106893296 0.4781833122755721 14.484500336588157 nan 10.9   
1572 18864 0.014537596494716051 12140.91524538276 14.419428773896483 1.4484121637299680e+01 14.484747168348667 15.09779444292967 0.30711007497516896 14.484342124753404 nan 10.9   
1573 18876 0.014606287204605422 12237.154971467355 14.419428773896483 1.4483921339767123e+01 14.48478172567196 14.620785999897574 0.04505605551688063 14.484471479618177 nan 10.9   
1574 18888 0.014635451791357454 12124.50230346183 14.419428773896483 1.4483893244000003e+01 14.484614583222458 15.098129536682661 0.11368442848642779 14.48425463070215 nan 10.9   
1575 18900 0.01442923273850854 12352.093714675437 14.419428773896483 1.4484073774770222e+01 14.574705124841994 15.097971880389851 0.3273332987408182 14.48423310224296 nan 10.9   
1576 18912 0.013968945713040672 12219.208973332461 14.419428773896483 1.4483893551071692e+01 14.961723866772324 14.96196638476478 0.4775243011650421 14.484269366703078 nan 10.9   
1577 18924 0.014332158288188799 11850.70021643794 14.419428773896483 1.4483938457050975e+01 14.484341966092618 15.05123129899992 0.284119607923067 14.484136780644072 nan 10.9   
1578 18936 0.01517479866686792 11542.355388387583 14.419428773896483 1.4483864969384699e+01 14.48421472244663 15.097980502785097 0.47784931483139204 14.48401705886759 nan 10.9   
1579 18948 0.01635284897371383 11581.697920418741 14.419428773896483 1.4483790661557949e+01 14.621157286901857 15.098213807986122 0.6132950664490053 14.48421312093841 nan 10.9   
1580 18960 0.017089067166781515 11369.41576737616 14.419428773896483 1.4483845651285153e+01 14.484563356798514 14.662016246714062 0.11302121515640806 14.484080184503995 nan 10.9   
1581 18972 0.017071598439717568 11270.782039460266 14.419428773896483 1.4484205987742726e+01 14.573854239479651 14.661152643679435 0.11269322388696068 14.484754672553738 nan 10.9   
1582 18984 0.016953027314402864 11217.095348544071 14.419428773896483 1.4484074274318203e+01 14.574324032415388 14.70815643586071 0.09284626222532566 14.528149578726243 nan 10.9   
1583 18996 0.017143023154936703 10934.642048605592 14.419428773896483 1.4483932651370409e+01 14.57117469172958 14.620904353607038 0.09005959894427562 14.484279221238289 nan 10.9   
1584 19008 0.017790509773018163 10747.088473160704 14.419428773896483 1.4484033768114978e+01 14.574068631369038 14.620759048585741 0.08991200705238711 14.484617224564484 nan 11.0   
1585 19020 0.018057766721182034 10711.186127314657 14.419428773896483 1.4484175356143988e+01 14.574331527943725 15.049113723297156 0.15644530921493427 14.484774989886017 nan 11.0   
1586 19032 0.01881019841708334 10703.384491393615 14.419428773896483 1.4484245339983882e+01 14.571959008740919 14.797686894785969 0.13729585760538043 14.484516340899997 nan 11.0   
1587 19044 0.01956550909895307 10651.583428567246 14.419428773896483 1.4484232963219211e+01 14.484779956152517 14.961634635972597 0.04422994187401841 14.484502650080891 nan 11.0   
1588 19056 0.019357821978233616 10597.217674164594 14.419428773896483 1.4484339295212788e+01 14.962083890003663 15.184987816782884 0.47610727372326345 14.57256808814435 nan 11.0   
1589 19068 0.019616856291908978 10526.293522363128 14.419428773896483 1.4484369612515090e+01 14.571809263373213 14.962566274153167 0.11211208153086716 14.48475843714198 nan 11.0   
1590 19080 0.02009730893295758 10442.79866248336 14.419428773896483 1.4484507910608817e+01 14.572195374965206 15.097995014503677 0.4768946320976646 14.484933248430693 nan 11.0   
1591 19092 0.019752749673316552 10441.013102497836 14.419428773896483 1.4484676502674478e+01 14.484924688377284 14.574494857953319 0.08726114380734806 14.484845433312078 nan 11.0   
1592 19104 0.01854577659993763 10498.630656597583 14.419428773896483 1.4484372342662654e+01 14.572173980411964 15.18470962398546 0.08733751790522248 14.485238319667555 nan 11.0   
1593 19116 0.01690934016180884 10463.841277290074 14.419428773896483 1.4484168687406560e+01 14.485096971097551 15.098447635186862 0.30727085632262785 14.484492571985818 nan 11.0   
1594 19128 0.016024976669956132 10354.83645232898 14.419428773896483 1.4484006501654381e+01 14.484600086133932 14.96234314316977 0.0005853410721954333 14.484133805328874 nan 11.0   
1595 19140 0.016038561567602843 10286.93879505947 14.419428773896483 1.4483928979647011e+01 14.62107631815963 15.097807622638477 0.18038885650431702 14.484257317014272 nan 11.0   
1596 19152 0.016137077856528223 10279.954831629591 14.419428773896483 1.4483836804503060e+01 14.48476271486785 15.098072705036776 0.35251964968105653 14.484174387513715 nan 11.0   
1597 19164 0.015931613968248277 10225.429991212402 14.419428773896483 1.4483757629200300e+01 14.484551337908403 15.098023564202279 0.13646959133777692 14.48418937886921 nan 11.1   
1598 19176 0.015622685815032174 9962.331197067168 14.419428773896483 1.4483805294803345e+01 14.484636603986718 15.098302063895636 0.1367705338526335 14.483912700564794 nan 11.1   
1599 19188 0.01498629557365023 9964.462981716973 14.419428773896483 1.4483822216655415e+01 14.571951243829695 15.051068895030246 0.08996445594931402 14.527991576295381 nan 11.1   
1600 19200 0.013989722942848726 9898.699994808454 14.419428773896483 1.4483965842761156e+01 14.48490165242283 15.09740551157464 0.2829853506014324 14.484179732749272 nan 11.1   
1601 19212 0.013138905270023406 9868.934953696194 14.419428773896483 1.4483834283426100e+01 14.484546708315333 14.961634035976576 0.28359253668868334 14.484203760576701 nan 11.1   
1602 19224 0.012612352399846127 9719.818483352868 14.419428773896483 1.4483857067428112e+01 14.484140395193652 15.051137762230987 0.04523866745850391 14.483916794074938 nan 11.1   
1603 19236 0.01204759301200983 9677.75445137862 14.419428773896483 1.4483714839437775e+01 14.48423000295717 15.097473962923875 0.4776780915060037 14.48394410238841 nan 11.1   
1604 19248 0.01172204035013487 9498.055311982882 14.419428773896483 1.4483736195617855e+01 14.574027991845673 15.097736578532524 0.13694843108973132 14.483900482403307 nan 11.1   
1605 19260 0.011104064372231048 9337.194043670117 14.419428773896483 1.4483701400012643e+01 14.620220130337463 15.097298559013733 0.13691531108444188 14.483904787929959 nan 11.1   
1606 19272 0.010539784705104265 9398.255397160314 14.419428773896483 1.4483820208864149e+01 14.57382481053448 15.097736351815596 0.47751641127006295 14.48402454742412 nan 11.1   
1607 19284 0.010541851336046936 9467.012287678739 14.419428773896483 1.4483795637225263e+01 14.48425833171806 15.097711920494621 0.06873644253587408 14.483935414166298 nan 11.1   
1608 19296 0.010743351783168782 9367.169323977918 14.419428773896483 1.4483846259236863e+01 14.5719348173839 15.097926150114793 0.13688110115129248 14.48398453854113 nan 11.1   
1609 19308 0.010869573022269716 9324.752658904321 14.419428773896483 1.4483893511540845e+01 14.484056282644698 14.961862351637619 0.06851445545380486 14.483959726401594 nan 11.1   
1610 19320 0.010923839582300683 9129.32050149685 14.419428773896483 1.4483852821846334e+01 14.484079636292252 14.620924101735302 0.06859207852010485 14.483908988585231 nan 11.1   
1611 19332 0.011372756300057508 9174.826713693647 14.419428773896483 1.4483840274306930e+01 14.484239131087275 14.620789660853243 0.11300165182647426 14.484091874228957 nan 11.2   
1612 19344 0.01150173353485305 9200.073785914574 14.419428773896483 1.4483850241094636e+01 14.484299218882226 14.620661676930885 0.1124361225918662 14.483944979718615 nan 11.2   
1613 19356 0.011757855273469432 9184.177307743435 14.419428773896483 1.4483616773857850e+01 14.484082385178805 14.620794967671172 0.04527114622392503 14.483879715480189 nan 11.2   
1614 19368 0.011546947126901371 9348.790099445472 14.419428773896483 1.4483725155895312e+01 14.573866645552442 14.71005990489726 0.13681763214016485 14.48384265581739 nan 11.2   
1615 19380 0.01138554825224477 9424.181450717635 14.419428773896483 1.4483755676130885e+01 14.620585661319334 14.96157365354928 0.1367774204704837 14.483905122241588 nan 11.2   
1616 19392 0.011628582356876744 9383.406419691433 14.419428773896483 1.4483659899964501e+01 14.48397579071311 14.484385538198213 0.00040202165875058427 14.483767019117735 nan 11.2   
1617 19404 0.010931059538823092 9401.381338310079 14.419428773896483 1.4483587088226789e+01 14.62082372490543 15.097569193574225 0.20194232810103685 14.48386102040223 nan 11.2   
1618 19416 0.011153628600024076 9290.924848544351 14.419428773896483 1.4483694643362709e+01 14.573867860396497 15.050854268160249 0.3277665780567851 14.483805586188904 nan 11.2   
1619 19428 0.011267786626228612 9280.338778969592 14.419428773896483 1.4483553350782781e+01 14.573801761442812 14.661726215679204 0.1366628940299197 14.483913617106147 nan 11.2   
1620 19440 0.01160393646545583 9151.99816846175 14.419428773896483 1.4483607208506699e+01 14.484091425225682 14.961441301393002 0.13682273582068483 14.483699317190679 nan 11.2   
1621 19452 0.012436272240267368 8969.052108222262 14.419428773896483 1.4483770979403555e+01 14.62043299397795 14.961519875154087 0.38976604196928477 14.571586174069088 nan 11.2   
1622 19464 0.012581224223196545 8918.418909425569 14.419428773896483 1.4483474701820583e+01 14.620464760738829 15.184232780337627 0.26351449752274547 14.571513976747063 nan 11.2   
1623 19476 0.012326634787950347 8814.021691100614 14.419428773896483 1.4483712589885343e+01 14.571213943282743 15.096985019218998 0.08784150731479912 14.483924523334085 nan 11.2   
1624 19488 0.012007675714819562 8886.757013838544 14.419428773896483 1.4483635155659119e+01 14.483861867207102 14.620617258323763 0.08810401660046274 14.48375090788893 nan 11.2   
1625 19500 0.011940736736424266 8821.434669854547 14.419428773896483 1.4483638606040772e+01 14.620535618336184 15.097686775103456 0.3070553832815399 14.527779698419074 nan 11.2   
1626 19512 0.011859775220209522 8767.05005804702 14.419428773896483 1.4483630625704022e+01 14.483839606290337 14.573977281717278 0.0002603641776932619 14.483783967096738 nan 11.3   
1627 19524 0.011565596434254595 8732.898605605908 14.419428773896483 1.4483734672157478e+01 14.573713342590047 14.96160012628307 0.28374111702370186 14.52769280012635 nan 11.3   
1628 19536 0.01039268283631815 8733.887753353869 14.419428773896483 1.4483629221692368e+01 14.571929435007773 14.961543989183356 0.0902553905112935 14.483833403429186 nan 11.3   
1629 19548 0.00984373567282312 8892.305412038404 14.419428773896483 1.4483657725351630e+01 14.57178929695759 14.62050971301523 0.09013898492304762 14.48379558978803 nan 11.3   
1630 19560 0.009509559130279772 8877.30703286953 14.419428773896483 1.4483563105002679e+01 14.483850335352793 14.573998599971851 0.08890046023096332 14.4837033990344 nan 11.3   
1631 19572 0.009245169528099043 8922.094387122417 14.419428773896483 1.4483551293397479e+01 14.57377175573809 15.097601222747905 0.4777760573814316 14.483662335402805 nan 11.3   
1632 19584 0.00924166199193777 8893.48164094547 14.419428773896483 1.4483634432290566e+01 14.620634723068644 15.097698107378676 0.4778379550342695 14.48373865093555 nan 11.3   
1633 19596 0.009190580242778015 8763.56102903215 14.419428773896483 1.4483655291476508e+01 14.57371927660973 15.097422320316369 0.4776199721780916 14.483929324279986 nan 11.3   
1634 19608 0.008653554012974895 8791.416096039678 14.419428773896483 1.4483677887391750e+01 14.48401869020877 14.961735308374443 0.13684573166709413 14.483804345064481 nan 11.3   
1635 19620 0.008119679558812144 8622.2200615109 14.419428773896483 1.4483665080561952e+01 14.483856473340836 14.961651311008536 0.04516638901415959 14.483747015554535 nan 11.3   
1636 19632 0.007739029336443578 8734.647316631388 14.419428773896483 1.4483572069572054e+01 14.4838341666014 14.961814793674243 0.06853921867493717 14.483740244649018 nan 11.3   
1637 19644 0.007842545787676257 8791.926522311283 14.419428773896483 1.4483458648342690e+01 14.483684517080935 14.62055893810536 0.00020186343821393393 14.483562815772746 nan 11.3   
1638 19656 0.007987118043383595 8747.880276874148 14.419428773896483 1.4483499789575982e+01 14.62024043612342 14.620574775290406 0.04787746604774412 14.572527947273606 nan 11.3   
1639 19668 0.007971690747477693 8719.654627750502 14.419428773896483 1.4483490625798311e+01 14.571488558833979 14.620441845214225 0.04501340668597287 14.527616054634766 nan 11.3   
1640 19680 0.007906713932088052 8684.085518855036 14.419428773896483 1.4483473223158549e+01 14.483707158447173 14.573761927769237 0.0881525718058569 14.483585879006657 nan 11.4   
1641 19692 0.00801253318772675 8681.963713220619 14.419428773896483 1.4483378071796512e+01 14.483701424108265 15.048815708611711 0.13385815762570985 14.483506760694954 nan 11.4   
1642 19704 0.008078165368710857 8637.888282789228 14.419428773896483 1.4483394849787080e+01 14.620186850034074 15.097525675630491 0.4777359937592287 14.483542667644894 nan 11.4   
1643 19716 0.007891562878346614 8623.706081239974 14.419428773896483 1.4483376734923286e+01 14.961262759306884 15.097442773616562 0.4777954601507943 14.483584376897396 nan 11.4   
1644 19728 0.008111327839166469 8572.80214347305 14.419428773896483 1.4483389478651477e+01 14.620425324258118 15.097336399521703 0.47784832188814974 14.483451561559562 nan 11.4   
1645 19740 0.007717176415453128 8711.952936085989 14.419428773896483 1.4483440602541146e+01 14.571505321154719 15.273631754590413 0.18061121349689735 14.48348936146788 nan 11.4   
1646 19752 0.0073744888361723425 8748.33413264485 14.419428773896483 1.4483525887749863e+01 14.961302395441766 15.097664702086691 0.47625317901658093 14.596802805279957 nan 11.4   
1647 19764 0.0072324738725025395 8774.804035826157 14.419428773896483 1.4483396301304881e+01 14.483620516322151 14.961155344880442 0.13687240415735502 14.483460513130808 nan 11.4   
1648 19776 0.007176997616829511 8781.557165493294 14.419428773896483 1.4483386381168735e+01 14.573481869043622 14.709998975095784 0.1134905326370923 14.48347378159447 nan 11.4   
1649 19788 0.007050703962680734 8848.441573647131 14.419428773896483 1.4483396045543975e+01 14.573534530887658 14.961416634338965 0.09014989380168714 14.483435827570425 nan 11.4   
1650 19800 0.007267135042674947 8748.33012149013 14.419428773896483 1.4483349818457231e+01 14.483589830060147 14.620352194396588 0.09011008518678132 14.483429310525919 nan 11.4   
1651 19812 0.007418003703785431 8700.892543584758 14.419428773896483 1.4483401326409171e+01 14.57359649870223 15.097376561621846 0.181818840544679 14.483438965419271 nan 11.4   
1652 19824 0.0072451206191508225 8691.085084683045 14.419428773896483 1.4483317463863120e+01 14.483445975675387 14.620274292182131 0.0001274301811875489 14.483385358907402 nan 11.4   
1653 19836 0.007042582163756868 8723.957948803629 14.419428773896483 1.4483323267065920e+01 14.961363589794274 15.13782241113734 0.6138908390274445 14.483497399722715 nan 11.4   
1654 19848 0.006920497416440396 8694.474700684494 14.419428773896483 1.4483377297016615e+01 14.48347557310344 14.573452995176513 0.00013142916736441634 14.483421987640721 nan 11.5   
1655 19860 0.006843700959194614 8737.234115519768 14.419428773896483 1.4483371166724814e+01 14.571378658434936 14.961323671037576 0.08919153198568353 14.483427713209643 nan 11.5   
1656 19872 0.006781227404314809 8498.773122520315 14.419428773896483 1.4483370472279761e+01 14.483469518350573 15.048638204644293 0.238965521203804 14.483409205454365 nan 11.5   
1657 19884 0.0067795579966750405 8462.199514789578 14.419428773896483 1.4483327192767193e+01 14.57145719762195 15.097416333463634 0.11357340793117565 14.48340047532438 nan 11.5   
1658 19896 0.006550078603232833 8286.230697738998 14.419428773896483 1.4483358575618157e+01 14.571539770742515 15.184350781588924 0.13403510519165707 14.483458210337663 nan 11.5   
1659 19908 0.0065196343727904945 8368.240552631647 14.419428773896483 1.4483385521511551e+01 14.571483677978021 15.097380424588893 0.13674554258493643 14.483469312250756 nan 11.5   
1660 19920 0.006615940989544681 8358.09307754585 14.419428773896483 1.4483365904567176e+01 14.483480078849839 15.048673622881791 0.20129404099755277 14.483401934817532 nan 11.5   
1661 19932 0.006898480223590636 8297.05510449847 14.419428773896483 1.4483283252387130e+01 14.483472774153586 14.620334354227477 0.13688624621335244 14.483381120250112 nan 11.5   
1662 19944 0.0070758242712910474 8302.64720492096 14.419428773896483 1.4483340942793188e+01 14.573478375639768 14.708061793321535 0.15740232931506704 14.483394616092097 nan 11.5   
1663 19956 0.006916005416411413 8171.548096708372 14.419428773896483 1.4483330600859894e+01 14.571522576359556 15.097323976040459 0.30739483632811826 14.483402329387289 nan 11.5   
1664 19968 0.0067141848700103925 8111.715210736229 14.419428773896483 1.4483324024065375e+01 14.961146046661128 15.050630200012744 0.3878294084324896 14.573427103929166 nan 11.5   
1665 19980 0.006308488292533243 8144.803383681069 14.419428773896483 1.4483364400053155e+01 14.573388439464694 15.097301666586368 0.35086221266068307 14.48356639726459 nan 11.5   
1666 19992 0.006282672455685852 8176.492796280489 14.419428773896483 1.4483399303019576e+01 14.483534483278472 14.661241391203939 0.09004987861989022 14.48347948726256 nan 11.5   
1667 20004 0.006111668359142518 8144.692946321995 14.419428773896483 1.4483320532970435e+01 14.48349494661144 14.708020780759961 0.044091779319559876 14.483428985465848 nan 11.5   
1668 20016 0.00616429570057976 8219.326478484227 14.419428773896483 1.4483324050164107e+01 14.620274056126686 15.097581138493679 0.4778900377295603 14.4833992405267 nan 11.6   
1669 20028 0.005934657281365323 8263.297151164124 14.419428773896483 1.4483301525044457e+01 14.483400714433898 14.620210612531544 0.00013304183451090523 14.483368188118535 nan 11.6   
1670 20040 0.005548895711566836 8364.692738566499 14.419428773896483 1.4483314665297126e+01 14.483488136961894 15.097310411070886 0.3073791242006898 14.483340180134636 nan 11.6   
1671 20052 0.005269644105642377 8334.478336658525 14.419428773896483 1.4483301717011546e+01 14.483401375267256 14.96116088414418 0.11349268905619248 14.483376947921487 nan 11.6   
1672 20064 0.005146758586078054 8391.197397383401 14.419428773896483 1.4483238766085483e+01 14.48336641411625 14.961180301321619 0.00017165768634264111 14.483333431173042 nan 11.6   
1673 20076 0.004832087959288255 8586.159262577128 14.419428773896483 1.4483267611048440e+01 14.573453394731487 15.05061263307258 0.3522932862485586 14.483303969810756 nan 11.6   
1674 20088 0.004727383631086919 8617.442477026976 14.419428773896483 1.4483221523343380e+01 14.571275211520275 15.04864094550466 0.08907917678521571 14.483306546045874 nan 11.6   
1675 20100 0.004683931358610267 8707.975371181483 14.419428773896483 1.4483253250198100e+01 14.571340063314533 14.961148265538538 0.08817875855875634 14.483302214248582 nan 11.6   
1676 20112 0.004562606662407293 8625.659631101542 14.419428773896483 1.4483258274128255e+01 14.571322673891455 14.797640227410982 0.13694134553471038 14.483268446526116 nan 11.6   
1677 20124 0.004492574873661006 8651.113672862266 14.419428773896483 1.4483228500707250e+01 14.571376058183121 15.184507882334499 0.3510521624341223 14.48329622581986 nan 11.6   
1678 20136 0.004427807125368104 8572.712073560346 14.419428773896483 1.4483244946352626e+01 14.573416159160612 14.961059336751203 0.15750540873402485 14.483286010266234 nan 11.6   
1679 20148 0.0043692236566292555 8575.03679236288 14.419428773896483 1.4483301317489826e+01 14.571425554029917 15.097395955300533 0.3513119992761524 14.483310390924325 nan 11.6   
1680 20160 0.004305283196808144 8461.907893314188 14.419428773896483 1.4483270783729733e+01 14.483348565670527 15.097352395547444 0.04407788521148248 14.483317230902149 nan 11.6   
1681 20172 0.004394391758226241 8435.40938218742 14.419428773896483 1.4483244226480330e+01 14.483359288128074 14.961145304265921 0.1126112255190872 14.483274187084927 nan 11.6   
1682 20184 0.004440287210204131 8455.091394134954 14.419428773896483 1.4483263965643600e+01 14.483305678345765 15.18459133081837 0.4778627833114708 14.48328444922582 nan 11.7   
1683 20196 0.00456218513745903 8508.918155674679 14.419428773896483 1.4483247463604037e+01 14.483354591132647 15.097330142607966 0.28399387561870704 14.48326431739242 nan 11.7   
1684 20208 0.004581712912762517 8490.022176351415 14.419428773896483 1.4483251762150790e+01 14.708008665399163 15.097386916226677 0.4778094284100529 14.48331989629011 nan 11.7   
1685 20220 0.004540411025367755 8511.478047987139 14.419428773896483 1.4483227860074631e+01 14.483318244992864 15.186577345349377 0.2839765908480416 14.48328681867077 nan 11.7   
1686 20232 0.004294054895772018 8491.91852500698 14.419428773896483 1.4483255623991365e+01 14.620211092363487 15.097344520006882 0.3896729299763191 14.571417352458155 nan 11.7   
1687 20244 0.004200478091386423 8537.040406372138 14.419428773896483 1.4483233603035778e+01 14.483301926101959 14.571414164372074 5.087987467611299e-05 14.483272988638472 nan 11.7   
1688 20256 0.004168540627337235 8492.666315022503 14.419428773896483 1.4483237405789366e+01 14.571305165750479 14.961155987949954 0.1573819460819692 14.48329473054677 nan 11.7   
1689 20268 0.003934908254924113 8655.99216796272 14.419428773896483 1.4483244933062135e+01 14.483309413611712 14.620212142192434 0.08814900848793883 14.483265604924835 nan 11.7   
1690 20280 0.0038235049027512207 8732.915527063176 14.419428773896483 1.4483206878383685e+01 14.483287063547472 14.9611368673473 0.11239714193170869 14.483237399943519 nan 11.7   
1691 20292 0.003707481114468558 8759.265953931039 14.419428773896483 1.4483227538484655e+01 14.573294786306942 15.184496027796927 0.13689748899642495 14.483268858452028 nan 11.7   
1692 20304 0.00358377937739822 8764.85059689326 14.419428773896483 1.4483260588025127e+01 14.573323997721126 14.96114067104008 0.11351927723213251 14.483281319867281 nan 11.7   
1693 20316 0.0034803248654816567 8944.620576780062 14.419428773896483 1.4483233712916155e+01 14.483290837588502 14.710062097394996 0.04410091308135122 14.483268429980345 nan 11.7   
1694 20328 0.0033105914479415787 8918.939099528769 14.419428773896483 1.4483233331298038e+01 14.571344239997032 14.661228454130242 0.11351427221082666 14.483256333165365 nan 11.7   
1695 20340 0.003343671289638083 9062.214756491714 14.419428773896483 1.4483222109318200e+01 14.483266264843211 15.097262198731537 0.08919411731834437 14.483234837292649 nan 11.7   
1696 20352 0.003300679178845913 9117.159820596577 14.419428773896483 1.4483211919823908e+01 14.573327481716715 14.620201213167437 0.11352805929568355 14.483252153591753 nan 11.7   
1697 20364 0.003183979428670946 9173.812600587997 14.419428773896483 1.4483220015757079e+01 14.48325260421889 14.96106815357819 0.11353187352948169 14.483226469267859 nan 11.8   
1698 20376 0.002972776761823041 9138.220414015368 14.419428773896483 1.4483189331021542e+01 14.483249234942797 14.620221695842568 3.177532294706964e-05 14.483224194989262 nan 11.8   
1699 20388 0.0028314224689262825 9085.543935901245 14.419428773896483 1.4483201654219508e+01 14.483269754944407 15.137772422213546 0.11353797890004458 14.483228839984065 nan 11.8   
1700 20400 0.0027267835964126796 9081.380245063781 14.419428773896483 1.4483191878873154e+01 14.573319904894237 14.96108740019714 0.09010212754614955 14.483239752165918 nan 11.8   
1701 20412 0.002665542491756448 9027.483688498529 14.419428773896483 1.4483196105019706e+01 14.483254404440556 14.961089735700615 0.09011263073282194 14.4832243707644 nan 11.8   
1702 20424 0.0026732497304429244 8961.849202102956 14.419428773896483 1.4483192284151297e+01 14.48321404793412 14.57328999842195 3.320208072388198e-05 14.483201503346601 nan 11.8   
1703 20436 0.002643111219104923 9174.1719477548 14.419428773896483 1.4483160237385603e+01 14.483212287329097 14.62014303435443 3.378066098669308e-05 14.483202255609386 nan 11.8   
1704 20448 0.0025213676789115048 9218.783019528839 14.419428773896483 1.4483165643232873e+01 14.573308510004198 15.050516035054367 0.3279046490668609 14.483197823677617 nan 11.8   
1705 20460 0.002464276307589317 9074.171935362861 14.419428773896483 1.4483198367361517e+01 14.573328478908602 14.709951961728631 0.11335223600677935 14.5712562907336 nan 11.8   
1706 20472 0.0023899629818890677 9281.46928218446 14.419428773896483 1.4483174090349575e+01 14.571299381078012 14.661267803645284 0.08910849499364559 14.483204278284372 nan 11.8   
1707 20484 0.0025146597913503163 9250.42172944218 14.419428773896483 1.4483156840690926e+01 14.483201174338111 14.571309209681141 3.1068035752923606e-05 14.483175487729262 nan 11.8   
1708 20496 0.0025514639319682325 9289.978822559886 14.419428773896483 1.4483164675254914e+01 14.661251467378241 15.186487360193192 0.18079901864417636 14.527212639914385 nan 11.8   
1709 20508 0.00263919235379899 9295.37739411984 14.419428773896483 1.4483172344550177e+01 14.620128219204119 14.70801695886516 0.13694718955377994 14.483189893572401 nan 11.8   
1710 20520 0.0028306633599472384 9288.971250969067 14.419428773896483 1.4483152448207687e+01 14.483199041946309 14.573317280438648 0.04408195457978081 14.483162963287484 nan 11.8   
1711 20532 0.002857734643233162 9387.150604298651 14.419428773896483 1.4483159017104388e+01 14.57328674120404 15.097304094178812 0.22564685765043002 14.483207359818271 nan 11.9   
1712 20544 0.0027676831645980873 9388.514837607618 14.419428773896483 1.4483173543160857e+01 14.573317220015305 14.710007256483165 0.1818321000987524 14.483222534395797 nan 11.9   
1713 20556 0.0027069616120141793 9401.206370537704 14.419428773896483 1.4483192442711315e+01 14.573354960095669 15.186452694749823 0.47788309222229053 14.483217713489434 nan 11.9   
1714 20568 0.002723158357890604 9417.076774407913 14.419428773896483 1.4483193797587607e+01 14.571348316925365 14.961089766231993 0.30742332232227554 14.483198180142416 nan 11.9   
1715 20580 0.002784381042708576 9417.293744146438 14.419428773896483 1.4483171612814424e+01 14.483235672087035 14.62017446753467 0.13695918854855904 14.483192772806706 nan 11.9   
1716 20592 0.002689782544068363 9236.232081578499 14.419428773896483 1.4483182153967006e+01 14.483243994113609 14.961078082935645 0.09011055233453291 14.483186725811137 nan 11.9   
1717 20604 0.0026994118509509157 9342.579335689587 14.419428773896483 1.4483180970551695e+01 14.573291193779111 15.186430965918092 0.5216228116634838 14.483194184349003 nan 11.9   
1718 20616 0.0027072811046922073 9443.782062415627 14.419428773896483 1.4483186035083907e+01 14.620117798602408 14.961053248160047 0.1369650525636743 14.483199114819673 nan 11.9   
1719 20628 0.002681068725276315 9567.576613291998 14.419428773896483 1.4483187645205220e+01 14.4832330760662 15.09733332991974 0.13697961216267274 14.48319174311392 nan 11.9   
1720 20640 0.0026783319195023913 9617.43929963612 14.419428773896483 1.4483163049659908e+01 14.483232330028729 14.620124202922025 0.04406008778060588 14.483191704692016 nan 11.9   
1721 20652 0.0026578465662911903 9566.899092186308 14.419428773896483 1.4483166973069439e+01 14.483211521070537 14.96106340805774 3.103517350488971e-05 14.483190605880361 nan 11.9   
1722 20664 0.0026892934885599557 9638.61047199509 14.419428773896483 1.4483146092739881e+01 14.483198245570655 15.097302763004175 0.11255561681518245 14.483177464891115 nan 11.9   
1723 20676 0.0027764294229271546 9721.740518514918 14.419428773896483 1.4483153851498381e+01 14.57332398751873 15.097271936948946 0.35232252257707763 14.483170159936128 nan 11.9   
1724 20688 0.002822014043369449 9715.060568536655 14.419428773896483 1.4483173852035948e+01 14.620152666690492 15.186475022034339 0.3523287033417972 14.483186192156502 nan 11.9   
1725 20700 0.0027717707594796547 9824.442580087512 14.419428773896483 1.4483179802566566e+01 14.573302103071288 14.961091315858926 0.3073847010544668 14.483192989232833 nan 11.9   
1726 20712 0.0027669880570470574 9888.289250185844 14.419428773896483 1.4483174544396409e+01 14.483203562589626 15.097304543587 0.4778825262195596 14.483190589517463 nan 12.0   
1727 20724 0.002770203360938452 9790.566489736018 14.419428773896483 1.4483142662741233e+01 14.483188139059175 15.097279786461607 2.790654002815529e-05 14.483169043736407 nan 12.0   
1728 20736 0.002746923990968708 9909.774813034835 14.419428773896483 1.4483151919887586e+01 14.483198285733739 15.097259307773749 0.3073892296237908 14.483175349318504 nan 12.0   
1729 20748 0.002709567427829958 10011.965833151055 14.419428773896483 1.4483138034165968e+01 14.483172377465522 15.09728119191383 0.04409603700607789 14.483151116249442 nan 12.0   
1730 20760 0.002551303418262748 9962.06793635695 14.419428773896483 1.4483133861695146e+01 14.573278938437207 15.097256960813567 0.11345570279727468 14.527191414379086 nan 12.0   
1731 20772 0.0023480051515153994 9987.194276652774 14.419428773896483 1.4483134921630285e+01 14.571306037170451 14.96103080010484 0.35127932314444266 14.483185753202449 nan 12.0   
1732 20784 0.002255695752677676 10034.672826992257 14.419428773896483 1.4483154376657367e+01 14.483171759367792 14.573307539245901 0.0891439303979702 14.483160065354173 nan 12.0   
1733 20796 0.0021219454948377715 10038.081497311074 14.419428773896483 1.4483138566921749e+01 14.483170731107995 15.05048780839641 0.08912765145610635 14.483164336891587 nan 12.0   
1734 20808 0.0021177362500685707 9995.914858873854 14.419428773896483 1.4483135213887822e+01 14.483154868197856 14.573303578670906 2.839841775070795e-05 14.483143180068232 nan 12.0   
1735 20820 0.0020290169418321043 9821.57236297855 14.419428773896483 1.4483134197455371e+01 14.961023229934503 15.184496965911789 0.500938976018805 14.528209286022562 nan 12.0   
1736 20832 0.0018984690001826534 9758.623866555923 14.419428773896483 1.4483144187912135e+01 14.620125360843478 15.097242484674958 0.36433080414771624 14.59668834065305 nan 12.0   
1737 20844 0.0017749168619031917 9738.33592519917 14.419428773896483 1.4483130233749460e+01 14.483162754701741 15.050483715569957 0.08912465568876193 14.48314385435247 nan 12.0   
1738 20856 0.0017135643480346414 9550.745177096855 14.419428773896483 1.4483139297562534e+01 14.571295828898046 14.709994627372192 0.09013183236677236 14.483149331863604 nan 12.0   
1739 20868 0.0016658786123522526 9613.296725467606 14.419428773896483 1.4483134060731558e+01 14.483154307659929 14.62012900982389 2.447784321191193e-05 14.483138418440618 nan 12.0   
1740 20880 0.0016040047760331707 9728.42508904355 14.419428773896483 1.4483131082666970e+01 14.483153238798542 14.961020562125773 0.09013200538741728 14.483138566054546 nan 12.0   
1741 20892 0.001567474618022652 9653.862601731704 14.419428773896483 1.4483123968604010e+01 14.483132466518176 14.961007000574222 2.30863353429811e-05 14.483128259649913 nan 12.1   
1742 20904 0.001661856210028568 9666.08869033852 14.419428773896483 1.4483118807995606e+01 14.483139270023914 15.050474684968234 0.11355964964512566 14.483126230029388 nan 12.1   
1743 20916 0.0017941675256008473 9524.808780112606 14.419428773896483 1.4483116211177441e+01 14.48312880090128 15.050466677195422 0.3074410545571524 14.483121617105791 nan 12.1   
1744 20928 0.001869458430523913 9209.015727122054 14.419428773896483 1.4483112513272138e+01 14.960989022411459 15.18446280961039 0.47788229980063335 14.483125884301867 nan 12.1   
1745 20940 0.0019029795862971987 9241.757739846325 14.419428773896483 1.4483124152474637e+01 14.661171446911613 15.050473566328758 0.15638840303722468 14.528193467112342 nan 12.1   
1746 20952 0.0019635996210298156 9174.756887072897 14.419428773896483 1.4483117152730198e+01 14.483149470190307 14.620116186044156 0.09012356575937375 14.483136075691046 nan 12.1   
1747 20964 0.0021185657279822003 9207.238810876359 14.419428773896483 1.4483109084850998e+01 14.483155264672298 14.960997644551664 0.09013641883777268 14.483120592022944 nan 12.1   
1748 20976 0.002238920222097486 9158.97941231013 14.419428773896483 1.4483129170232573e+01 14.620105449468458 15.0484485139824 0.26424313854477255 14.571230012178933 nan 12.1   
1749 20988 0.002340387809375933 9194.204391028214 14.419428773896483 1.4483122289631920e+01 14.571236706094224 14.70795395862947 0.08814096564668183 14.483132112515188 nan 12.1   
1750 21000 0.002340222182539372 9384.078470695977 14.419428773896483 1.4483125411242954e+01 14.571283056121475 15.097269598698416 0.20242411299315322 14.48314168178532 nan 12.1   
1751 21012 0.0023664622994833333 9323.804949354675 14.419428773896483 1.4483128039910996e+01 14.483147412128341 14.961021955154372 0.11354922575063497 14.483131459317871 nan 12.1   
1752 21024 0.00237749615296973 9166.559209250989 14.419428773896483 1.4483115644778367e+01 14.960988965503054 15.097229483175719 0.4778798248508149 14.483143550704503 nan 12.1   
1753 21036 0.002394682864796438 9224.158743936401 14.419428773896483 1.4483091906838862e+01 14.483160049271321 15.048453043154487 0.08815783359942486 14.483129876965624 nan 12.1   
1754 21048 0.0025210934945889226 9264.757080489431 14.419428773896483 1.4483098951314235e+01 14.960950302861548 15.137731092935027 0.5216139758448968 14.48312162965103 nan 12.1   
1755 21060 0.0027067363143475913 9220.532868986735 14.419428773896483 1.4483120540520758e+01 14.57324699263509 15.048411057030924 0.4778675728702293 14.483128392045346 nan 12.1   
1756 21072 0.002634621632050256 9001.5616603409 14.419428773896483 1.4483110304306399e+01 14.573229365928388 15.097252793797763 0.15748640904555877 14.483130959586116 nan 12.2   
1757 21084 0.002509029207362459 8936.421584199225 14.419428773896483 1.4483108652237254e+01 14.57323731386778 15.097231740417648 0.13696169147343618 14.483137916743415 nan 12.2   
1758 21096 0.002470732231752281 8999.039228038182 14.419428773896483 1.4483108720478606e+01 14.48312813730212 14.571282303569912 9.8906615253469e-06 14.483125038204284 nan 12.2   
1759 21108 0.002402508516217887 9227.456509527263 14.419428773896483 1.4483095031268304e+01 14.571212447371197 14.573275011496023 0.09013993222901284 14.483119120112496 nan 12.2   
1760 21120 0.0024031965670410767 9258.375290135042 14.419428773896483 1.4483107751169149e+01 14.571199382304513 15.137703076835885 0.32793091677880604 14.483115910181294 nan 12.2   
1761 21132 0.0022942362093284208 9439.913806412347 14.419428773896483 1.4483111903896271e+01 14.483138708127804 14.961008362444423 0.08813884042637454 14.483123078797139 nan 12.2   
1762 21144 0.002186127122414217 9628.526000908621 14.419428773896483 1.4483109975679406e+01 14.483128075916607 15.097247367365723 0.06848012861551567 14.483123673047185 nan 12.2   
1763 21156 0.0022217413066185766 9709.132388849415 14.419428773896483 1.4483102285020756e+01 14.483121548719163 14.960984004412888 2.030177006773215e-05 14.483112098858793 nan 12.2   
1764 21168 0.0021164199581158705 9698.783609578879 14.419428773896483 1.4483106932228301e+01 14.483137898156892 15.097238587131576 0.18087205034159481 14.48312172494039 nan 12.2   
1765 21180 0.001987214447553462 9795.75592906211 14.419428773896483 1.4483102994572540e+01 14.483129195859725 14.960986182122179 0.23894651053903715 14.48311770161012 nan 12.2   
1766 21192 0.0019634310152094893 9786.36126300443 14.419428773896483 1.4483089127508576e+01 14.483114274092296 14.571246882096336 1.6875659381909713e-05 14.483102373531988 nan 12.2   
1767 21204 0.001956375408758675 9979.38790781326 14.419428773896483 1.4483078838888853e+01 14.483110335604277 14.573219311287055 0.04407177758328551 14.483096813698447 nan 12.2   
1768 21216 0.0020183766749620772 9931.989454514178 14.419428773896483 1.4483082484861956e+01 14.483108433494605 14.960959615927997 0.1369805915860347 14.483094261550665 nan 12.2   
1769 21228 0.002133408139793744 10059.048009597434 14.419428773896483 1.4483075551023560e+01 14.483093517976537 14.707925278584883 1.8963233211266584e-05 14.483084449475724 nan 12.2   
1770 21240 0.0023105554137921574 10039.88974006515 14.419428773896483 1.4483073597374998e+01 14.620051987356238 15.097213483048481 0.2258325477758305 14.48309346628551 nan 12.2   
1771 21252 0.0024006780387774746 10247.55615774818 14.419428773896483 1.4483091221204647e+01 14.620050601965557 15.048421351616195 0.09290962823645721 14.527151357441843 nan 12.3   
1772 21264 0.0024680415839832773 10344.818965102662 14.419428773896483 1.4483086826393960e+01 14.620046463164865 14.620089748110935 0.09289429761061818 14.527164729047191 nan 12.3   
1773 21276 0.0024678909824573277 10362.359092828961 14.419428773896483 1.4483085473358027e+01 14.483111580730867 14.707953718817608 0.13698273007159756 14.483096306201112 nan 12.3   
1774 21288 0.0026085209729101865 10325.073008035064 14.419428773896483 1.4483085532427914e+01 14.483123400412916 14.573229824377052 0.08813183316959439 14.483099834453121 nan 12.3   
1775 21300 0.0027440506807496004 10309.481399739705 14.419428773896483 1.4483071700461252e+01 14.483107701824876 14.620078056579416 0.045075515515460296 14.48310104211022 nan 12.3   
1776 21312 0.0027770756798736846 10394.638748042526 14.419428773896483 1.4483079876815371e+01 14.483121546279165 14.573237959324992 0.09011677828215703 14.483099782468345 nan 12.3   
1777 21324 0.002841968756279986 10292.096874070163 14.419428773896483 1.4483069095981746e+01 14.483111181363277 14.620073834023062 0.09012199105143992 14.48309091079588 nan 12.3   
1778 21336 0.0027816983236944094 10396.91258233031 14.419428773896483 1.4483081034897612e+01 14.483118052106422 14.70989564014361 0.13693624169134821 14.483098202183733 nan 12.3   
1779 21348 0.002722810314806652 10327.0512474637 14.419428773896483 1.4483069794298228e+01 14.48312625444521 14.620084419045517 0.09013889687191146 14.48309367217846 nan 12.3   
1780 21360 0.002804436547576959 10255.175012964923 14.419428773896483 1.4483063773592098e+01 14.483109798429277 14.620083315098482 0.13697422822274952 14.483084151628372 nan 12.3   
1781 21372 0.0029307075535780075 10143.261279183476 14.419428773896483 1.4483031749191818e+01 14.483082938078686 14.573209760930512 0.08914032352061341 14.483071439465785 nan 12.3   
1782 21384 0.0030632820156873677 10486.88833609651 14.419428773896483 1.4483043424744455e+01 14.483064712400315 14.960945649963028 0.06849411448682652 14.48304994082995 nan 12.3   
1783 21396 0.0032342400826179353 10613.306636022182 14.419428773896483 1.4483033401005963e+01 14.571187322076888 15.499933433522425 0.18089963216617377 14.483045930481596 nan 12.3   
1784 21408 0.003328032238220933 10747.07237015257 14.419428773896483 1.4483035118141148e+01 14.483073160143318 15.364325165884493 0.4481689498558019 14.483049350010564 nan 12.3   
1785 21420 0.0034259150058870637 10551.272508938431 14.419428773896483 1.4483008580973847e+01 14.571164966141295 15.586540463474039 0.5774123078804685 14.483048397700252 nan 12.3   
1786 21432 0.0034492559569347307 10702.163208808655 14.419428773896483 1.4483029479674535e+01 14.960891628271318 15.097139284091417 0.44886639982674303 14.52712518625789 nan 12.4   
1787 21444 0.0032715984086890523 10697.868380279337 14.419428773896483 1.4483064972207019e+01 14.571173654456075 14.887412947308839 0.18079636019911227 14.5271091249466 nan 12.4   
1788 21456 0.003126643485278287 10773.052239869754 14.419428773896483 1.4483031571866864e+01 14.48305919397079 14.620044996840905 3.125669723225144e-05 14.483048692331854 nan 12.4   
1789 21468 0.0030339877208147453 10872.504130720003 14.419428773896483 1.4483032716615128e+01 14.573159996806444 14.960877893929752 0.18090279124869113 14.483038859651955 nan 12.4   
1790 21480 0.00296235897382152 10821.406291459216 14.419428773896483 1.4483003631747138e+01 14.619980012913823 15.097158656920389 0.30742369400337566 14.48303789786964 nan 12.4   
1791 21492 0.002949261988220198 11128.828692314888 14.419428773896483 1.4483022748739744e+01 14.619994641434575 15.184324024975906 0.3523324070378884 14.483028761983999 nan 12.4   
1792 21504 0.0029640072834775716 11122.643336688207 14.419428773896483 1.4483019149655680e+01 14.619983288270923 15.184342948104424 0.15751014246665918 14.483048107053797 nan 12.4   
1793 21516 0.003075374347051057 11305.826385314478 14.419428773896483 1.4483019348094478e+01 14.483060713334519 14.96090069209102 0.11355925965921898 14.483036834607386 nan 12.4   
1794 21528 0.003198661410163604 11464.999311992064 14.419428773896483 1.4483019444740664e+01 14.483049307098023 14.960927849631414 0.08910198258691615 14.483023492591258 nan 12.4   
1795 21540 0.003422855967302181 11703.393670720874 14.419428773896483 1.4483013372850047e+01 14.483066298396595 15.097160772980454 0.13700184046360953 14.483018151515385 nan 12.4   
1796 21552 0.003503868058091299 11952.532703242397 14.419428773896483 1.4483006224647491e+01 14.619958686659256 15.023780162454718 0.27067587735371745 14.483032698556748 nan 12.4   
1797 21564 0.003716113554586907 12039.319427437245 14.419428773896483 1.4483004311992358e+01 14.573146906028906 15.023773241758525 0.13694114520959744 14.483051576982444 nan 12.4   
1798 21576 0.0038808144806921365 12208.433021725687 14.419428773896483 1.4483007766793753e+01 14.48304844282611 14.619989301111962 0.08812666727833651 14.483023718757888 nan 12.4   
1799 21588 0.003990012581466179 12455.463299116367 14.419428773896483 1.4483004317003767e+01 14.571091532486932 15.097138619844294 0.113532144885367 14.483033710460445 nan 12.4   
1800 21600 0.0041378433182434875 12821.908401394136 14.419428773896483 1.4483002080801864e+01 14.483058621632546 15.097116968455433 0.270671623464132 14.483020853497614 nan 12.5   
1801 21612 0.004517492039333338 13248.088291753944 14.419428773896483 1.4482984154567337e+01 14.483023169430544 14.619978209593011 0.04408973650974879 14.482999316388353 nan 12.5   
1802 21624 0.004936714232882735 13740.477361716594 14.419428773896483 1.4482979119322415e+01 14.483026315062482 15.097095595473599 0.136968469663433 14.483006987813507 nan 12.5   
1803 21636 0.00512270281901427 14328.747849690797 14.419428773896483 1.4482961789499919e+01 14.571158770451262 15.586462506538135 0.37557858960279056 14.482997115848905 nan 12.5   
1804 21648 0.005106560961859973 14696.442637598775 14.419428773896483 1.4482969555570582e+01 14.57308296384274 15.36422659327752 0.40440510993418677 14.483014736976253 nan 12.5   
1805 21660 0.005223855258807944 14957.885623054643 14.419428773896483 1.4483043379714500e+01 14.960902370380621 15.364226314104295 0.17307624178592462 14.887383748071418 nan 12.5   
1806 21672 0.00545575297336009 14819.160671461736 14.419428773896483 1.4482968763774124e+01 14.57110973114389 15.451097097500558 0.4778769846506066 14.483022711277835 nan 12.5   
1807 21684 0.005582343954169043 15180.76479399841 14.419428773896483 1.4482973844245278e+01 14.483081574932044 15.499819261428355 0.3145786989325323 14.482996055491007 nan 12.5   
1808 21696 0.005619918974526803 15548.485673091045 14.419428773896483 1.4482962056715428e+01 14.571093340065728 15.36426462105893 0.5093041768408924 14.482997878359043 nan 12.5   
1809 21708 0.005710812477557505 16311.405810505843 14.419428773896483 1.4482935610924294e+01 14.482988867981703 14.974917280043895 5.482273404666671e-05 14.482947734415102 nan 12.5   
1810 21720 0.005996613896596415 16463.008233433076 14.419428773896483 1.4482944887769941e+01 14.887316180766947 15.184274430028768 0.2469284930698592 14.640455579313379 nan 12.5   
1811 21732 0.006159076079362501 16665.66190515519 14.419428773896483 1.4482937162381331e+01 14.482985191143634 15.364185774357857 0.27068466538743685 14.482979835148742 nan 12.5   
1812 21744 0.006324534100826054 16825.769363839354 14.419428773896483 1.4482926060930481e+01 14.573051818020412 14.887404905573877 0.4043325498069219 14.483005029176732 nan 12.5   
1813 21756 0.006232789754259548 16804.11360785825 14.419428773896483 1.4482933944970711e+01 14.48301058211013 14.960828764340832 0.1369837941297849 14.482954637608493 nan 12.6   
1814 21768 0.006061195601497532 17023.20991618352 14.419428773896483 1.4482917637506922e+01 14.707702130404012 15.364189991251818 0.4778813584509116 14.482957687416071 nan 12.6   
1815 21780 0.005909086460807773 17227.528410474024 14.419428773896483 1.4482865404951228e+01 14.48299585510031 14.960776095080773 0.08811428685889311 14.482941526417314 nan 12.6   
1816 21792 0.005886486667436531 17660.01268535172 14.419428773896483 1.4482882931788911e+01 14.619863031419454 15.023550146831065 0.4043480646847506 14.482928197708024 nan 12.6   
1817 21804 0.005861712385926772 18020.24846378625 14.419428773896483 1.4482921982367898e+01 14.88729643848199 15.273227879113671 0.46424606016654657 14.527990442052252 nan 12.6   
1818 21816 0.00608464935320943 18122.877093057123 14.419428773896483 1.4482939657753242e+01 14.887340426760627 15.49983664208114 0.6289770301480448 14.482963846899601 nan 12.6   
1819 21828 0.006032080731345723 18298.788378055273 14.419428773896483 1.4482931538616386e+01 14.48297117102407 14.960767393185177 0.044080914418444195 14.482945977923531 nan 12.6   
1820 21840 0.005795121040456727 18181.69808398957 14.419428773896483 1.4482879791873934e+01 14.619893191565593 15.097020529172903 0.09286807145378084 14.527071644215681 nan 12.6   
1821 21852 0.005521845952457698 18472.100744321488 14.419428773896483 1.4482926374826146e+01 14.482980794697243 14.887368288517601 0.08809460008870396 14.482960034470171 nan 12.6   
1822 21864 0.005321062787347405 18544.676434334488 14.419428773896483 1.4482911348544471e+01 14.482969407670751 14.960807294798268 0.2706815029999774 14.482933057090705 nan 12.6   
1823 21876 0.005348747119507477 18440.050043582 14.419428773896483 1.4482899705608258e+01 14.482945073333594 14.797385260142994 3.1494574230350736e-05 14.48292067133443 nan 12.6   
1824 21888 0.005406882080902855 18613.06434252648 14.419428773896483 1.4482890353583379e+01 14.482941211047043 15.186168201667266 0.13696555635498342 14.482907197647632 nan 12.6   
1825 21900 0.005551205507923685 18815.985159531894 14.419428773896483 1.4482852358879208e+01 14.48291500475807 15.023626326363942 0.2706982884118876 14.482889407581538 nan 12.6   
1826 21912 0.005616509834513323 18773.365981115625 14.419428773896483 1.4482873691196495e+01 14.887273939317643 15.364102155136296 0.379673488963169 14.551381781958044 nan 12.6   
1827 21924 0.005967707666409606 18553.005522616866 14.419428773896483 1.4482842718885959e+01 14.61983899978252 15.499793217623331 0.13699522954458132 14.482889262483532 nan 12.7   
1828 21936 0.005955665106181886 18344.866717508394 14.419428773896483 1.4482833555798116e+01 14.570974703451865 14.619863119960296 0.09012390276882343 14.482878320011041 nan 12.7   
1829 21948 0.0058463115088859974 18516.527947699575 14.419428773896483 1.4482843485362572e+01 14.887243878188908 15.499713788279522 0.5529247113007294 14.48288187782083 nan 12.7   
1830 21960 0.005571184500526508 18572.573322513883 14.419428773896483 1.4482862106183276e+01 14.57300339690345 15.499766528426003 0.2706978023999742 14.482892237509057 nan 12.7   
1831 21972 0.0054774661321173555 19103.704770947963 14.419428773896483 1.4482876188318997e+01 14.571015123332568 14.88727146845066 0.11353727982439388 14.482920486822094 nan 12.7   
1832 21984 0.005863878844698835 19239.756311885612 14.419428773896483 1.4482850975997311e+01 14.482927553844636 14.887278000445825 0.11355248781128324 14.482878906641034 nan 12.7   
1833 21996 0.006116577127601389 20206.418714073636 14.419428773896483 1.4482838589645096e+01 14.482864040563706 14.619807061283938 0.06848665477022742 14.482853337542448 nan 12.7   
1834 22008 0.006347917058194848 21014.534153300305 14.419428773896483 1.4482835021654434e+01 14.482902141190927 14.887250611410614 0.40432791304472104 14.482855020026026 nan 12.7   
1835 22020 0.006358173188986696 21850.93510646396 14.419428773896483 1.4482816801835330e+01 14.48288972907467 14.88725078535639 0.1369677156145226 14.482841620509744 nan 12.7   
1836 22032 0.0065035499216710155 22210.19865120656 14.419428773896483 1.4482827713106632e+01 14.482865357906675 15.023525059734583 0.18088416316715872 14.482840812695958 nan 12.7   
1837 22044 0.007089686742309566 22370.128506609624 14.419428773896483 1.4482821242550697e+01 14.482870159532217 14.619819002310704 0.08913023586358548 14.482843704130428 nan 12.7   
1838 22056 0.007527605541802267 22663.10980830466 14.419428773896483 1.4482791508117568e+01 14.482826425007882 14.619839583676363 0.045133941214636764 14.48280943416649 nan 12.7   
1839 22068 0.007835875990568095 22604.75896388762 14.419428773896483 1.4482748295372044e+01 14.570931046613582 15.364007218726952 0.24716627361099341 14.482861490057239 nan 12.7   
1840 22080 0.008254165214258157 22900.90239792535 14.419428773896483 1.4482809888230467e+01 14.570844866075534 14.974736821863074 0.11346192883227424 14.482854606662057 nan 12.7   
1841 22092 0.00847561969467053 22849.611464855483 14.419428773896483 1.4482743637842088e+01 14.482813027916434 14.619678833777709 0.00011418278907449064 14.482792297824197 nan 12.7   
1842 22104 0.008804170548675485 23047.384313331542 14.419428773896483 1.4482725708970465e+01 14.572811118095661 14.887129561953843 0.31548656472477 14.482786761007288 nan 12.7   
1843 22116 0.009467690525415117 23256.936586088246 14.419428773896483 1.4482708362410323e+01 14.482836107780917 15.023515512680477 0.11354422320501101 14.48277223316682 nan 12.8   
1844 22128 0.009509804432025112 23744.23771672859 14.419428773896483 1.4482715478366396e+01 14.619652002076295 14.887116807042577 0.13690975036096376 14.48280000646313 nan 12.8   
1845 22140 0.00931223033669093 23839.149676570756 14.419428773896483 1.4482758522330389e+01 14.482842288323177 15.023490477824454 0.09006942196153922 14.482793185515742 nan 12.8   
1846 22152 0.009262165846192367 23773.978588257145 14.419428773896483 1.4482701516077778e+01 14.482870667634666 15.363973328634655 0.27069584992651663 14.482781532586175 nan 12.8   
1847 22164 0.009332192525970407 24453.168469268327 14.419428773896483 1.4482725008292402e+01 14.482800407297658 14.887112480141754 0.04406818060019724 14.482774019922132 nan 12.8   
1848 22176 0.009696784537522587 25128.307389154754 14.419428773896483 1.4482651528857314e+01 14.482758237785744 14.482876784675014 7.584399816984444e-05 14.482697414043445 nan 12.8   
1849 22188 0.01039635885057547 25783.71641234233 14.419428773896483 1.4482680582000215e+01 14.48272091225633 14.887052971135597 4.599890424117348e-05 14.482708106391627 nan 12.8   
1850 22200 0.01043867202013056 26605.62548714462 14.419428773896483 1.4482659480580026e+01 14.482770565853865 14.960760080778497 0.4042914192611029 14.482697176462818 nan 12.8   
1851 22212 0.010915053096527705 26946.973832473333 14.419428773896483 1.4482610413219994e+01 14.572757702354117 15.363760565351708 0.5091828675934273 14.482732467079092 nan 12.8   
1852 22224 0.01081696453535688 27311.11112580568 14.419428773896483 1.4482661214991959e+01 14.619585162126329 14.976618484816766 0.3073851611008305 14.482698219779138 nan 12.8   
1853 22236 0.010591938038082492 27493.07829644292 14.419428773896483 1.4482707345294486e+01 14.886966690451738 15.049977857298313 0.44106512593351965 14.482793203176477 nan 12.8   
1854 22248 0.010362079410741942 27557.733950712747 14.419428773896483 1.4482674161235975e+01 14.482783955704754 14.887050702900353 0.08917313429155982 14.482719180894854 nan 12.8   
1855 22260 0.009981596225801071 27023.59259931374 14.419428773896483 1.4482616429101352e+01 14.482738387094106 15.048031447435141 0.2022436051216978 14.482690249878011 nan 12.8   
1856 22272 0.009750524601081499 27244.42288393793 14.419428773896483 1.4482565235666954e+01 14.572659119598644 15.096748529442426 0.11352621742324587 14.482638733527349 nan 12.8   
1857 22284 0.009224744149089515 27371.840001386496 14.419428773896483 1.4482641895289680e+01 14.572791431718828 15.363824853950687 0.3604368873858128 14.526647924182551 nan 12.8   
1858 22296 0.00910993502083168 27578.32419518903 14.419428773896483 1.4482589513317564e+01 14.572688942906106 14.61956135701794 0.09012382470420022 14.482634067528245 nan 12.9   
1859 22308 0.009011153869421968 26897.854118187566 14.419428773896483 1.4482557387079876e+01 14.482671333095476 15.023244962153496 0.15631763877101967 14.482624108297935 nan 12.9   
1860 22320 0.008994830370231029 27297.17428254446 14.419428773896483 1.4482552188701819e+01 14.482613652448267 14.960550919036464 0.08814815353464844 14.482574110422929 nan 12.9   
1861 22332 0.00914700847234778 28058.531839193696 14.419428773896483 1.4482513633687182e+01 14.482632095493459 14.96046816103875 0.044165582796129144 14.482572473700634 nan 12.9   
1862 22344 0.009056038748559614 27737.80472673209 14.419428773896483 1.4482513208854916e+01 14.5706299136461 14.97439950585747 0.08819395286414 14.482559617787606 nan 12.9   
1863 22356 0.009314103847020475 27321.13164527102 14.419428773896483 1.4482500291438829e+01 14.482639158366409 15.023145425401642 0.2472304358351316 14.48253341600271 nan 12.9   
1864 22368 0.009346039563945654 27682.416449976165 14.419428773896483 1.4482492618663990e+01 14.482590694430131 14.976525154213506 0.11351169946053652 14.48253632824121 nan 12.9   
1865 22380 0.009591226643709368 27718.48864359567 14.419428773896483 1.4482484753854301e+01 14.482623940914095 14.886939558600375 0.09011843540035969 14.482518668889131 nan 12.9   
1866 22392 0.009752090864394857 28621.8449295428 14.419428773896483 1.4482424118096414e+01 14.482504517999562 14.886961374031722 0.27067820923506325 14.482475263079063 nan 12.9   
1867 22404 0.010104422890831362 29658.793597060834 14.419428773896483 1.4482383792457043e+01 14.660468635457162 15.363700343370377 0.44880923199434974 14.526519059048576 nan 12.9   
1868 22416 0.010008809538781027 29891.029599258425 14.419428773896483 1.4482419213728274e+01 14.570494810882836 15.047794519696408 0.20134614233091241 14.482493952093805 nan 12.9   
1869 22428 0.010141285611257107 29939.79645175368 14.419428773896483 1.4482427077974005e+01 14.57064294655925 15.049700256654189 0.09014757019177644 14.482472813974821 nan 12.9   
1870 22440 0.010874993611369854 29853.44275989029 14.419428773896483 1.4482335430693325e+01 14.482487878601898 15.49929180881468 0.09006195262716865 14.48245085319437 nan 12.9   
1871 22452 0.011503386573505145 29838.04762449729 14.419428773896483 1.4482328908580779e+01 14.482499331573377 14.886718043963393 0.11250802129367266 14.482454266858312 nan 12.9   
1872 22464 0.011737380075978686 29631.480539786837 14.419428773896483 1.4482351373540642e+01 14.572464535479122 15.096638206002813 0.20243226830154093 14.482415961798353 nan 12.9   
1873 22476 0.012660900770219802 29545.510259578776 14.419428773896483 1.4482323710993589e+01 14.482492142509466 14.960263368674605 0.11254267484915736 14.482384658230849 nan 13.0   
1874 22488 0.012903462564692172 29656.43682570555 14.419428773896483 1.4482405784287765e+01 14.572555971070301 15.049679351614934 0.09287136078331315 14.526458761629325 nan 13.0   
1875 22500 0.01250757834339124 29969.38269259884 14.419428773896483 1.4482396723182559e+01 14.482519556120021 14.960276522013652 0.11252373921200842 14.482448865508317 nan 13.0   
1876 22512 0.011940215470004161 31273.274722117898 14.419428773896483 1.4482331928069680e+01 14.482479989701572 14.960412268410272 0.13403766586796806 14.482420792336798 nan 13.0   
1877 22524 0.011681337515548286 31548.436648198698 14.419428773896483 1.4482340980774945e+01 14.482470425241019 14.886791415284941 0.09012135020502932 14.482394337203123 nan 13.0   
1878 22536 0.012151764481325445 32367.468150342087 14.419428773896483 1.4482286978578138e+01 14.482408478680568 14.886741174055654 0.000134829352621324 14.48235823485452 nan 13.0   
1879 22548 0.012723670643527162 33601.72686098878 14.419428773896483 1.4482223611551051e+01 14.482380186353367 14.886717034202183 0.00015213542913983247 14.48233016576928 nan 13.0   
1880 22560 0.013047336320885913 34330.621342139246 14.419428773896483 1.4482247843743970e+01 14.48236944481777 14.886618164975783 0.13688243122740218 14.48229766076247 nan 13.0   
1881 22572 0.013569076384294386 34975.21607491892 14.419428773896483 1.4482208219257926e+01 14.57044463143922 14.6193107072505 0.1369322296866251 14.482299575809945 nan 13.0   
1882 22584 0.014186310158773665 35180.283228346074 14.419428773896483 1.4482167182766782e+01 14.482410634590693 14.886730910984246 0.11352503764360478 14.482270919475162 nan 13.0   
1883 22596 0.014628051597943486 36142.39445505062 14.419428773896483 1.4482187160238524e+01 14.572394466811575 15.109906760506881 0.20138235333249277 14.482256610947866 nan 13.0   
1884 22608 0.014263459494678608 36884.79326584458 14.419428773896483 1.4482128491600186e+01 14.619117673280579 15.022919618008537 0.18054055618076603 14.526305260100521 nan 13.0   
1885 22620 0.014112865235600807 36780.17397744805 14.419428773896483 1.4482183316331978e+01 14.482305974081749 14.976076522268498 0.08904554817947918 14.482273495640806 nan 13.0   
1886 22632 0.01411389312027942 36582.56416581743 14.419428773896483 1.4482174639557204e+01 14.48234845069454 14.707070276559033 0.08811234256881484 14.48224191907847 nan 13.0   
1887 22644 0.014441055821669985 36935.835618299156 14.419428773896483 1.4482145277362347e+01 14.482221706546747 15.022876121722382 0.00010678338914615892 14.48218024041304 nan 13.1   
1888 22656 0.014147801286104959 38289.95017697082 14.419428773896483 1.4482104084240360e+01 14.482281708946525 15.096372742562595 0.5459121473979351 14.482218848515053 nan 13.1   
1889 22668 0.013963116661451763 38274.384162703034 14.419428773896483 1.4482089974891533e+01 14.482282139348953 14.886696764641442 0.2706600298156623 14.482170593927965 nan 13.1   
1890 22680 0.014010040976860268 38922.68516821878 14.419428773896483 1.4482115468853717e+01 14.61901053806512 15.022764104648184 0.13699087181307057 14.482149919034079 nan 13.1   
1891 22692 0.014361569950257537 39761.56825514163 14.419428773896483 1.4482097269426523e+01 14.570247220439455 15.022818894225574 0.1339629105910305 14.482181322045388 nan 13.1   
1892 22704 0.014543509345581143 40496.50581389847 14.419428773896483 1.4482114407812842e+01 14.482187433912655 14.660047736469588 0.08929474581709052 14.482142695983441 nan 13.1   
1893 22716 0.013975221923530174 41526.24235117741 14.419428773896483 1.4482040859157497e+01 14.482178923286321 14.482317393074766 0.000151755262667308 14.482111640041577 nan 13.1   
1894 22728 0.01353058422221587 42196.897712235026 14.419428773896483 1.4482013127709168e+01 14.48219341692026 14.88638877268254 0.08907480052428518 14.48210385420731 nan 13.1   
1895 22740 0.013643616310529086 42666.82666947036 14.419428773896483 1.4482053335316909e+01 14.572301792800952 14.975995485220295 0.11245240859257777 14.527144595280152 nan 13.1   
1896 22752 0.013918083411542053 43219.00214212788 14.419428773896483 1.4481986322190236e+01 14.482126879684248 14.618920607338845 0.09017181329216761 14.482076797889935 nan 13.1   
1897 22764 0.014314620650928317 43501.21141214942 14.419428773896483 1.4481959795842139e+01 14.572150664215672 14.70882291017401 0.1134826331504648 14.482104613245184 nan 13.1   
1898 22776 0.01472718941439351 43820.9972064394 14.419428773896483 1.4481958566872722e+01 14.482068917191613 14.618959912980202 7.497030752290357e-05 14.482005746652238 nan 13.1   
1899 22788 0.015120050588513043 44161.98398400284 14.419428773896483 1.4481940833997941e+01 14.572051710727884 14.619014908204782 0.1369305198967563 14.481991801562684 nan 13.1   
1900 22800 0.0158125529418914 44455.86139974266 14.419428773896483 1.4481969736581124e+01 14.482115485734571 14.886319252208777 0.09002253859188514 14.482055138793733 nan 13.1   
1901 22812 0.01653709176604764 44490.296297491026 14.419428773896483 1.4481922873383368e+01 14.482072746474703 14.708839346940673 0.1135790079489567 14.481983706749531 nan 13.1   
1902 22824 0.01666417833932856 45263.08694907643 14.419428773896483 1.4481916698009183e+01 14.572131620382448 14.618995487637386 0.13680054789995388 14.48208051800693 nan 13.1   
1903 22836 0.01631474760605295 45449.16043216383 14.419428773896483 1.4481905585014873e+01 14.48207002658749 14.619014707295742 0.0902056159777942 14.481958727369987 nan 13.2   
1904 22848 0.016360087659306875 46517.18488075737 14.419428773896483 1.4481880044451847e+01 14.482005336552865 14.618887258292057 0.09017267815998409 14.481919561158378 nan 13.2   
1905 22860 0.016897121707565476 47118.34982027659 14.419428773896483 1.4481836245260645e+01 14.482045425446591 14.708700653262374 0.11347327698545939 14.48196195169745 nan 13.2   
