% # columns="iteration, evaluation, void, void, void, xmean", seed=414859, Sat May  9 10:18:14 2026, <python>{}</python> # scaling_of_variables: 1, typical_x: 0
1 12 0 0 0 -3.8197802472330613 -1.44857687958792 -0.6743999213653002 -2.339577980432541 0.5974920917859408 0.1639802662272268 1.0659844016151403 2.369774777997778 1.1788524026969835 3.900635035621355 5.0327581349746655 -1.05066168071176 -0.7510529352385409 -3.1131195870781565 -2.6340539710553394 -1.1356234002942098 -2.0864741043039476 0.738322643729557
2 24 0 0 0 -3.978121968350092 -0.8437903060444345 -0.7612460920963379 -2.6891066190014876 0.6603117216388914 0.4571326079055741 0.8476302747903499 2.095614450380176 1.8493000794938392 3.778139580373262 5.535582234786999 -0.7871771456825912 -0.004186346507148952 -3.314751899515943 -2.012664789404331 -0.4854101744306032 -2.486772157764854 1.491113532406709
3 36 0 0 0 -3.02941743790818 -1.4501927168731323 -0.8575554322174707 -2.9407043972150086 0.933859944139295 0.6997584089844749 0.7567069255969565 2.444883897903335 2.8052787679436797 3.5825282334843265 6.150326565938247 -1.9858526042768285 0.6608811329608342 -3.4901627783240254 -2.0005549756067835 -0.6565364604617854 -2.634494967792328 0.6537486453274979
4 48 0 0 0 -2.944811422984265 -1.695844407817308 -1.3417027975722595 -3.224184572629439 1.3240289152041191 0.8423156250510485 0.3160736669966059 2.5110022344985894 2.6367557436567504 3.8720228543031237 6.093676808610707 -1.952079494815977 0.6823925866075351 -2.8486658290616353 -2.613596785956845 0.13724924472313832 -1.6301883490196434 1.0019522818448214
5 60 0 0 0 -3.052132779857063 -1.5964315552232813 -0.8972435281525775 -3.0397523772292456 1.7099209721512378 0.9768487601993506 -0.11847048119895177 1.8714281612515937 2.8087811746648765 3.76785363553058 6.148899510991544 -1.6537299170783224 0.4144181246170915 -3.6464033209388194 -3.367110430531044 0.13552727168826897 -2.413677074429424 1.5755153359351601
6 72 0 0 0 -2.9616426685397546 -1.6995024744077636 -0.4326804286047736 -2.7885446493003885 2.4936705888773503 1.513241358195951 -0.035654941947403776 1.6525312794438836 2.1279307725754615 3.6198790059021038 6.282812173660614 -1.750027470489145 0.24965979334301217 -3.379073089744779 -2.475292424272667 -0.15104781413653842 -2.4257913745985644 0.7820674561190345
7 84 0 0 0 -3.234337227592086 -1.8818439769915074 -0.34847501845025763 -3.6638601897123326 1.7075102762577918 1.7770888881227547 -0.472105950590637 2.2701604373215076 2.5293054299044364 3.601167650976134 6.775467608139586 -2.425480242264319 1.1629682383510844 -3.052879029831314 -2.7484189000634944 0.2432233829195742 -2.020094522041913 0.2283430701318126
8 96 0 0 0 -3.6663866093622866 -1.9939988002007154 -0.2311820897660357 -3.2535723532613625 1.997567478359043 1.3203964458608808 -0.6491630066910692 2.181414724583989 2.301471078984887 3.826520854413616 6.670499470834266 -2.13834563463016 1.5723138894464712 -3.4081028679891823 -3.0787806487694542 0.08190550685821513 -2.167882542040017 0.25138821864672933
9 108 0 0 0 -3.94877290069613 -1.815251192199745 -0.16070159441078544 -3.764432518251212 1.3569782164459934 1.8185698346330603 -1.240382905811007 2.4742809194665862 1.6964320501648453 3.7723359947296853 6.818904807586794 -2.5634165953232184 1.7586376085233177 -2.66066016619606 -2.995055596591879 0.6547091836264034 -2.105166107659746 -1.0885187537477927
10 120 0 0 0 -4.325968617069642 -1.680039177651136 -0.10213673255833033 -3.243936964243783 0.9383874408239559 2.2851682521510983 -1.4525526781410005 2.438198964493533 2.066674403818058 3.1476161911489196 7.270163181527871 -1.8804643128130218 2.2660682988859175 -2.957949700306671 -3.5321825410097616 0.976731577168922 -1.9202904906821001 -0.9778799530258223
11 132 0 0 0 -4.628577925938857 -1.5878456607862756 -0.11486200963467602 -2.924032842215327 0.8157955910356416 1.9114919501869632 -1.0272634100771771 2.828092212550364 3.035510810159932 3.615253123633374 6.744115887469638 -2.0523503875219165 2.7499980611095562 -2.8836310302242696 -3.2945764587076205 1.0679804990491792 -1.101998475240443 -0.8240352094633934
12 144 0 0 0 -4.451004834730718 -1.3737593889615087 -0.3135740316740005 -2.1490293134270537 0.5450203655097406 1.3601743935331918 -1.1083294558895056 2.991213240849328 3.332928932414932 2.6573912986501527 7.19772506363272 -1.8397794458054895 3.4374627415512338 -2.465299044250837 -3.6351985798432302 1.1277053327832507 -1.563676995218025 -1.049723806541775
13 156 0 0 0 -4.434859809578007 -1.266101521210426 -0.7957593969564437 -2.6092110300608033 0.761457434727542 1.8012424056919265 -0.7745461394181083 2.5202307798869152 3.0646715008819667 2.410101424721259 7.82440178849507 -1.640459109168157 3.7813662415482887 -2.749679960712441 -4.3459473349077955 0.5116802486506882 -1.4607675167619598 -0.5642217920157958
14 168 0 0 0 -3.9488935506936347 -1.4504673327689286 -0.45021023190811216 -2.514373162645619 0.9989033544002648 1.3285119084968111 -0.6451796908414906 2.763029791888119 3.0124012133175917 2.0950101416379487 8.328216045090313 -1.7697371709417808 3.7011514607395757 -2.56550183485901 -3.8587644762084516 0.6740573501274487 -1.9403782920150698 -0.7414679265308971
15 180 0 0 0 -3.963819686181097 -1.5020852515279932 -0.3030098461377629 -2.191490144730489 0.8013288632062748 1.5398964916173303 0.1565957322699839 2.9364039322650948 2.424839709171399 1.4389388524447901 7.491142180989393 -2.219734276353717 3.9986101730624073 -1.8783370563220654 -2.955636502682875 -0.014991708417000524 -2.0367039362072004 -0.27349572305816844
16 192 0 0 0 -3.985726385101392 -1.596900680552216 -0.6844734907041763 -1.9839911279855886 0.18082363248314243 0.9746156104651192 0.5834891192907385 3.076645446517298 3.212238053017732 2.379382349097636 8.18920431342637 -2.016396461835791 3.038007799791853 -1.9587418573220434 -3.0233165827779005 0.3283370123150716 -1.88656917564125 -0.06992615457606158
17 204 0 0 0 -4.8126075991274115 -1.3649578752951217 -0.41265465466107154 -2.29397818498049 0.38135094385070506 0.6027065704926036 0.6835065843989312 3.3469900082392643 2.7160196539904233 2.6223585438358397 8.22524253401863 -1.1662263320038428 2.5488773293243154 -2.485775205587196 -2.7013530332975964 0.27059084460015076 -2.122376628264937 0.05248267363728527
18 216 0 0 0 -4.452766407339645 -1.5120022758924896 -0.25860900703326123 -2.4370132549042576 0.24108221162145937 0.34760820686861554 0.28935542783923396 3.659089935568341 2.1824934510689644 2.6523565180211186 8.680427251479857 -1.5860198490248008 2.6583568795979526 -2.7410496481174222 -2.5100038235721156 0.06979712406411451 -2.66043821575437 0.3422280090442659
19 228 0 0 0 -4.345627923829555 -1.637626872805142 -0.15475903883952935 -2.214986800777475 0.12723366781551404 0.4703681660448882 0.2295130924774391 3.738232391744428 2.661158739967923 2.476280574753498 8.931519114546747 -1.7755853811571123 2.957405999860227 -2.36029485142449 -2.775725088673793 0.006305825745722561 -2.625278765874607 0.380489728855588
20 240 0 0 0 -4.04506563835588 -1.437506334536579 -0.38754079311287204 -2.1773206580428925 0.20838540861077498 0.46288338906954085 0.8807544668154522 3.9720037764173415 3.234433263072144 2.7515556713904323 8.710121417990706 -2.280356375295706 2.3425896854782677 -2.1349133191532483 -3.213047466406017 0.28461654583342433 -2.665373368231389 1.0150483080285049
21 252 0 0 0 -3.9465078415683763 -1.5243032310584603 -0.437944943543724 -1.9607506576015121 -0.1714083569593815 0.5486288470825718 0.46358937595808986 3.947915819709978 3.3099343040848965 2.9608075019335733 8.655474114532925 -2.6996233071905342 2.6604144469355577 -1.7794381434569078 -3.3132373356109315 0.23627528272096568 -3.1574454542347117 1.1595613539589653
22 264 0 0 0 -3.285321536959344 -1.2911748623778276 -0.6843345669400239 -1.5321014564983724 -0.2729600281880416 0.8433049908829363 0.8169467380000502 3.7714034753450614 3.499351544007464 2.7582132993859947 8.711321639082009 -3.1541499983995647 2.8269162426664787 -2.1391980740641867 -3.3785744521954864 0.32014086969165173 -3.7216312016091813 1.1359246892379886
23 276 0 0 0 -3.865755745905706 -1.5660216237982512 -0.572836190355138 -1.396870383057444 -0.22649692784352052 0.6538682203976602 0.5391956127527081 4.198390915599702 3.5568431280153523 3.172043901619217 8.922474411333306 -3.3502674533574197 2.738983708243219 -2.1322272688536748 -3.302454079721334 -0.21418807467331774 -3.7310494130056275 1.093500648284329
24 288 0 0 0 -3.384384348781779 -1.4814358446254723 -0.3487466992522349 -2.0867194315100583 0.11289910395554187 0.4356319785576011 0.5771370989090853 4.23640245674138 4.275386279581568 2.917014101482241 8.730827162908223 -3.9367301946541926 2.603450356500423 -1.1996391035876692 -3.988553216362124 -0.07153653865064882 -4.168730959941415 0.8874043998115282
25 300 0 0 0 -3.303277502170711 -1.6133938961442043 -0.35907258944337966 -1.7623149555996611 0.2950025841054245 0.3050692558095277 0.6435765246433643 3.836106899812188 4.029452540536609 3.0674063906144857 8.441445888654323 -4.231614399608805 3.1114279352015304 -1.301673710085735 -4.7005115013786325 -0.3446069443478025 -4.094611303823396 0.9475997348393012
26 312 0 0 0 -3.3703914869936518 -1.7426105283598652 -0.0212578589469861 -1.6470466949386577 0.0955255447742411 0.14884236185200744 0.5483988814347013 4.045072486902979 4.2631492633227195 3.510011763660736 8.49942212191739 -3.956111809996291 3.2769891231415427 -1.9600355304846828 -4.783541637676446 0.18919874618704002 -4.262992153372564 0.5359951549210745
27 324 0 0 0 -3.2288032932619735 -2.025590109995819 -0.10714432335381499 -1.5909614740984026 -0.20970764166322112 0.10248806072701899 0.5064435368796703 3.762600713983496 3.6177597883385366 3.496701350889186 8.210899456299693 -3.9945993770924697 3.1539512271792804 -2.125171852613552 -4.405804906236721 0.6588324253789677 -4.876314325894905 0.7152040154769478
28 336 0 0 0 -3.6332455744860623 -1.958491777704535 -0.21040841543266256 -1.397586708579618 -0.3332536525058065 0.6425141351754254 0.6687821361764059 4.002174770532379 3.7253424116860954 3.612887585820206 8.26968362860554 -4.586775846120318 3.252626020824727 -1.948796149906733 -4.788865933356282 0.8756427372937243 -4.8857728854256965 0.4019935099922047
29 348 0 0 0 -2.9877414193399185 -1.995016577257056 -0.17362212029958485 -1.6482938995633498 -0.28202230207078066 0.7093456191221128 0.8426158791805333 3.983517871935984 3.989684539530632 3.4431595851926153 8.550915034967508 -5.006826410212471 3.6356567940070184 -1.7091958385997432 -5.031426757166631 1.2391200006514234 -5.229608924366004 -0.36053328048726924
30 360 0 0 0 -2.6841871036642915 -2.204045338993988 0.01849502208900404 -1.947543458965289 -0.4417727251157391 0.8651393258011623 0.5578377813185793 3.612652295230256 3.766309688892365 4.112351480358982 8.279337024002697 -5.31495498481504 3.061282396895133 -1.3730817113118903 -4.613701778175472 1.394901219933447 -5.695646371588942 -0.5399463672482354
31 372 0 0 0 -2.699116603069757 -1.9018401696952623 0.37856038945938364 -2.223240076772551 -0.5602198076706458 1.328155522482252 0.6948194493754123 3.6081783607629982 3.8014427285085555 4.166136542489663 7.745725856811807 -5.330124537754404 3.2907414654526015 -1.8295952442053725 -4.754718604476899 1.367403570537725 -6.107782645186879 -1.002803815327181
32 384 0 0 0 -2.518825597468086 -2.1964954498351226 0.01839354299211905 -1.8799239197893813 -0.6255545428800029 0.892891141842979 1.0697999525340405 2.900426132413733 3.589160318055574 4.7019934207023155 7.000466062219163 -5.36511233158156 2.485940686272224 -2.1832812886923953 -5.176546796469752 1.1341342427963248 -5.703995793176198 -0.8381895960102299
33 396 0 0 0 -2.4851332761026512 -1.8831998773793133 0.07211250335643885 -1.9063185789939063 -0.6180160829649315 1.3181725273430231 1.4295864901799786 3.0487977162538433 4.337112638495573 4.370105140684791 6.811791102982011 -5.406034670831315 2.7436769220899055 -2.02324533829304 -5.74012432744734 0.9548668592566849 -5.137413224218314 -0.7592993119470067
34 408 0 0 0 -2.7461519246311736 -1.7297276385370381 0.16239727821133776 -2.542231739814137 -0.14522221510055008 1.5262803853601223 2.0315828748234965 2.975193247756855 3.8258282174804106 4.229431259416428 7.026829055122616 -5.300792810172356 2.718917734083309 -2.08561998302765 -5.501837312387406 1.0974636750563438 -4.950049524582072 -1.31772781137243
35 420 0 0 0 -3.032490697920246 -1.709225162575755 -0.052715944258691 -2.1384312645090806 0.47396208116865585 1.6779408811603271 2.0494953694188784 2.3264490208126714 3.814335108034922 4.188337309145895 7.395738178042341 -5.0459894637975236 3.0179566871260337 -2.5068165836092517 -5.136317035054102 1.0494650355320831 -4.703238700684053 -1.7429220654556634
36 432 0 0 0 -3.263987858476319 -1.539037765936172 -0.2918572494905121 -2.2132018188720193 0.38587463070364525 1.7660535995579638 2.101416489580613 2.0706301217585423 4.077827680687545 4.134813310861696 7.34923523013278 -5.3848544591931455 2.9714787776696907 -3.3874565790736577 -5.131779983511154 0.9004317530209917 -4.851266495091625 -1.5298774423723274
37 444 0 0 0 -3.1594673541614062 -1.4989190505713008 -0.5946605670460506 -1.9120476136572297 0.5644638908896804 1.9115478353278927 2.5798950990115506 1.7838132899594532 3.616119540901069 4.505455259023274 7.134988754584846 -5.428410253149646 2.929414459518101 -3.445468409880374 -4.953379040619628 0.3455681602332415 -4.815478217885185 -1.3084626324916686
38 456 0 0 0 -4.020424562175819 -1.493820017785962 -0.4532409247260741 -1.8366260398686085 0.5259306457789019 1.4189765404185426 2.3870504404373554 2.4015208023109618 3.617640654342558 4.012237368876037 7.330789095531664 -5.715540610710373 3.243116227125865 -3.9315468017979267 -5.6295340134472145 0.3935040622219467 -4.0638009865290465 -0.7002042870966958
39 468 0 0 0 -4.469986872412349 -1.3459915932497826 -0.30527057037658667 -2.0727130984662447 0.15633442733320005 1.3979724133865936 2.6196777820913955 2.2951640351526468 3.7898410751220584 4.349730305999512 7.6268650368949915 -6.152005357166065 3.4894294769960887 -4.130534736678712 -5.711022839528149 1.0199408387205917 -4.3735785703255035 -0.7886973242639219
40 480 0 0 0 -4.813221258449572 -1.63766027503946 -0.38308638662078975 -1.8064730191607126 0.7400292907973894 1.0545197452735884 2.6991965280135277 2.3804110388145876 3.9178070928124367 3.7916995892387075 7.8431182875276395 -5.97033930570403 3.3521745905615865 -4.500484436822106 -5.938087026451485 0.8919797011039251 -4.369310507598648 -0.08835058766945142
41 492 0 0 0 -5.178674185837378 -1.7606842734944088 0.1855669953525527 -1.845173122693154 0.5256902895922665 1.7696747787016467 2.0665147940781483 1.8158211463305318 3.958420376039763 4.136156053450639 7.348103519112568 -5.914785600063711 3.47157595850738 -4.547986768753852 -6.060765160028663 0.7331489576976937 -4.521622862447261 -0.33630293967641006
42 504 0 0 0 -4.876561976189783 -1.5987186219721066 -0.0509703617028187 -2.0760450732130384 0.4385967536000161 1.7362998558033493 1.4921364611158598 1.8938465179450157 4.629858652259915 4.167973572230858 7.278187884092124 -6.095192643459919 4.033585624077159 -4.996454807245689 -6.1143756228759605 0.6405973600115377 -4.228740662401496 -0.5821186188785139
43 516 0 0 0 -4.191958792290451 -1.5945241423345693 -0.09835684479878695 -1.9426409561951512 0.6078348136350753 1.157500837283533 1.5510823871981771 1.903486105171627 4.574940834257825 4.127643383963322 6.812159289714387 -5.826256117515449 3.9860794575433776 -4.277914942991263 -5.8436169285276245 0.80647281513445 -4.773878946129761 -0.7850901785389681
44 528 0 0 0 -4.375935429537598 -1.6845998798992081 0.11450041910671996 -1.7473823149429366 0.14053158687820627 0.6360355259719722 1.5479046112928287 2.1635291746467833 4.5829737482822965 4.226223132961137 6.889229869738156 -5.7514329989099995 3.8346082157878905 -4.063865360095184 -5.942185699153409 1.3582476716669742 -5.02447227350633 -0.7004157015645425
45 540 0 0 0 -4.829507747774173 -1.6483420617725348 0.159079876549467 -1.6155041986397758 -0.029957441507254504 0.4801347823865393 1.7508869350791612 2.927350830050771 4.6913906405786046 3.9337294414222432 6.894529628283448 -5.389868276578056 3.773171070365229 -3.8535218948628374 -5.424106410351071 1.0830789434470338 -4.899837071259978 -0.12790927139461775
46 552 0 0 0 -4.843626677827203 -1.7036545232904745 0.3265101552200473 -1.9229507130082646 0.010449156397203528 0.7948210457265212 1.6715199908438223 2.8502461319920487 4.80609744662127 3.9095460372090654 6.8215163496015085 -5.25779401087881 3.7093977433319685 -4.037370477160966 -5.46863213772991 1.1286754344755894 -4.930717283892378 -0.6531434664825262
47 564 0 0 0 -5.235462890050194 -1.7685570883037225 0.26349111279982473 -1.7729481461775314 -0.0005383546717443524 0.7176010733222885 1.4163265465848622 2.5242153384981094 5.0130361523390565 4.002955097864953 7.109095679336181 -5.405857839452568 3.451523304981903 -3.9210671447574725 -4.944857957554605 0.8029264882484208 -4.740666193428167 -0.7094590661617838
48 576 0 0 0 -5.180347206156308 -1.699443912574397 -0.057932949351048355 -1.7919813562315456 -0.06286731032544733 0.8033839745283199 1.924691088451016 2.6081833284635425 5.252754503434048 4.14980232955789 7.246204142685394 -5.548262345839144 3.471696233089806 -3.946376791414566 -5.012023597579564 0.8962721341852282 -4.916158429549436 -1.068298221911527
49 588 0 0 0 -4.890196646958026 -1.4279786342944498 -0.36931927892739735 -1.6158021819045314 0.0902964841076928 1.0517413752563658 2.166999593400482 2.4918999992786417 5.402496568706219 4.013530623972658 6.791589500847236 -5.802160975527699 3.651331319829789 -4.074404876799506 -5.281987885812821 0.7184153730095867 -5.0544120117195215 -1.3625426913794652
50 600 0 0 0 -4.762134864404529 -1.4595323308857797 -0.14004622836619846 -1.5640969616297458 0.23588558545976407 1.204066291829231 2.227244902377536 2.7195506901578264 5.666006901893567 3.4726615397105776 7.123049296761832 -5.563191884340576 3.5107002333805526 -3.8211400604843924 -5.131852432508299 0.7495489329720221 -4.899319196935939 -1.2843823082544008
51 612 0 0 0 -4.685627954041326 -1.4544733422909784 -0.20443693452928338 -1.6153771372283967 0.10683606971363087 0.9810231059780331 2.2607602931551796 2.33592948173859 5.450102320861488 3.520898992724691 7.173664029927719 -5.714045422048575 3.473145017743561 -3.7460125449455917 -4.999283474291695 0.5270453431257841 -4.976625056611215 -0.9246690964513138
52 624 0 0 0 -4.393069201571044 -1.552824170645341 -0.2562793302974981 -1.6379198494684668 0.009094301049708178 1.051134809010988 2.094187528337722 2.4734051427205803 5.582535428163493 3.768873204705002 7.092925233889786 -5.9828909506215435 3.3837768980489784 -3.64671499262794 -4.619729889205028 0.7683386811378602 -4.873002979264013 -1.3132764870553735
53 636 0 0 0 -4.91051352316813 -1.5379268491724292 -0.037558322250501104 -1.7201719680968002 0.07862371394043446 1.0322956798524552 1.9843151169757727 2.7011814617356693 5.62981997752993 3.6966154805044398 7.188171947947065 -6.035654892506492 3.197348605866166 -3.657097199386024 -4.319553137967969 0.890200856119267 -4.9116012085502385 -1.1572301810675518
54 648 0 0 0 -5.005637406128223 -1.572728865321035 0.06898499504332663 -1.7814420724798683 0.009621632053192549 1.2248019920597117 1.7359035096489586 2.6552618231657847 5.478137033182318 3.8132759353250942 7.416254106075891 -6.2398243626726195 3.0503729490386036 -3.436207873436915 -4.0384632153104505 0.9960432447093462 -5.1674384169143455 -1.1403801676452436
55 660 0 0 0 -5.275026607302371 -1.6526670908285659 0.0996119642778884 -1.7655325062776897 -0.18964595799580752 1.1639186565173798 1.5275057413318176 2.9694888684658456 5.62132326751554 3.9361954045584224 7.578710440395518 -6.368133022563887 3.384713977897929 -3.287683819218541 -4.163367754482571 0.9002113932956733 -5.225300728175233 -1.2857025882313773
56 672 0 0 0 -5.288033644143422 -1.6349074644583186 0.051434657576125 -1.6347668376217572 -0.03405207895080663 1.2483534042430062 1.7388704845632004 2.8405842283806866 5.686371225712892 3.987047303206845 7.544189171311006 -6.18855056036195 3.3516490757638255 -3.2756213567851065 -3.8831589806078664 0.8281747585112204 -5.301430505004878 -1.1024161337931215
57 684 0 0 0 -5.285156149301976 -1.7062684721144743 0.04737693572268696 -1.6701934669571619 -0.04222862936015033 1.0467048330969904 1.5301119349715566 2.8521378726243394 6.0215999674583545 4.169840898837724 7.639264845770488 -6.437400134789701 3.381327790137945 -3.323285490421603 -4.075417552479991 0.6451293151917837 -5.512255010735703 -0.6929431783822484
58 696 0 0 0 -5.13656113888226 -1.7718980339185186 0.11539388817508543 -1.5675272974251078 0.06824174276054842 0.9772178146109471 1.5919085698422093 2.8840587903498713 6.241868616515726 4.202533154315037 7.500885461003359 -6.54979041894723 3.4358570233279426 -3.010933485420032 -4.0549668821288565 0.43979637203387884 -5.206990035066988 -0.554959917970837
59 708 0 0 0 -5.160771596354204 -1.8679050580189136 0.21666889428883948 -1.8660805565399627 0.21672986850145545 0.7427320115394205 1.5862004905513785 2.8170153018781003 5.981225553004711 4.182670801454015 7.507096503762529 -6.613018758623176 3.369315804258354 -2.754911869095881 -4.058638024917455 0.3934071692134777 -5.498612503885195 -0.4873255565168511
60 720 0 0 0 -4.957977203309813 -1.792445735395762 0.0981776236747479 -1.9742679550740005 0.3158732371670977 0.6314223881137847 1.5838501725233347 2.6952452458795007 5.911116137278638 4.092264942552582 7.3215786210843214 -6.802173348006281 3.534314423606901 -2.849766767770123 -4.306557439557712 0.6255550059240621 -5.352830869203107 -0.5408635160075423
61 732 0 0 0 -4.737752872191213 -1.7687681973458096 0.13263836410476976 -1.952351743736941 0.2621275901752661 0.5152045436693025 1.8177722596102057 2.73325101405279 5.785085049892312 4.273905654752985 7.518131031811517 -6.71402074579786 3.6605027997519635 -2.867111703366141 -4.1310786622292035 0.5041762467956327 -5.41311182604783 -0.5687627000751815
62 744 0 0 0 -5.016950784561464 -1.7405314534790763 0.12217060630053461 -2.141718813192272 0.23203258447787597 0.6680552786783776 1.8827425185718956 2.4824704214384514 6.0702746391068505 4.290489298484537 7.503352167563241 -6.748892628808135 3.666014243533625 -3.0014476960151772 -4.156107617767336 0.667099905214546 -5.477889979995683 -0.7270434200210963
63 756 0 0 0 -5.364084942846286 -1.7020902009249173 0.08932015963935484 -2.282229484763074 0.24960406106932245 0.4648478686037935 1.8740487524758738 2.3954396931264963 6.194121513771414 4.087458892935499 7.602307746302006 -6.672627426011398 3.6744882930727076 -3.247605564842969 -4.23673170109881 0.5498445929271168 -5.312910141100168 -0.5470270599284828
64 768 0 0 0 -5.526709326517544 -1.5992265869004907 -0.022676514925685426 -2.3714687887092256 0.20776176513113193 0.47359524395618047 2.0170865355263103 2.5020762988321685 5.92667373342399 3.808680528140419 7.711585326638889 -6.760820338029156 3.5704614887746784 -3.084613768663921 -3.77232046720055 0.604274385333643 -5.319242573316513 -0.2616887717821532
65 780 0 0 0 -5.568674414693141 -1.5806552389268185 -0.03936259612600054 -2.2032707986139783 0.15959271858812332 0.4271645665689506 2.3093080463142224 2.376467312780722 5.645821740802438 3.463996421619127 7.716693187380443 -6.595628500403153 3.3711387636584846 -3.26127438142876 -3.521232586936453 0.6109564948217266 -5.3668185171727245 -0.018663342463382027
66 792 0 0 0 -5.593984565867765 -1.539090208056953 -0.19949657414157604 -2.284084174282342 0.19085332324738086 0.5044234818218032 2.580196678032857 2.170168047048555 5.543647892449828 3.345828738710206 8.044189545340585 -6.422127782957897 2.980357322906576 -3.389139821579204 -3.3811499777202387 0.876406707681703 -5.378045731732252 -0.015040052118582437
67 804 0 0 0 -5.545007133643585 -1.5030296046546021 -0.3266203131443462 -2.1182468187991215 0.2897454158215804 0.4583450251258993 2.819151141557161 2.107405313275015 5.1091364854958075 3.4496310543990596 7.883157117392631 -6.681308548848944 3.058432828038743 -3.3443101138970737 -3.3761699768262097 0.7052266004064953 -5.281938541596447 -0.1275136702054124
68 816 0 0 0 -5.859338542310965 -1.490915765326822 -0.2697958790044695 -2.1745848188161814 0.2948131773925249 0.556298778063069 2.6586930659329258 2.183737819373568 5.15168837322047 3.4227098774465854 7.922326340416788 -6.616043183262336 3.13273242211412 -3.4987739874882617 -3.379101292119354 0.7874765004180656 -5.286485023118401 -0.08733624392463131
69 828 0 0 0 -6.05349191678817 -1.5170427417476176 -0.16116816631438977 -2.1019739656754486 0.1461241162736747 0.46773284262236575 2.3731733803542268 2.072897929479446 5.388342791412133 3.342952143011418 7.99583923921795 -6.401406318287281 3.3104800339096254 -3.476894528682418 -3.6023630977019963 0.536211552850127 -5.179146817114108 0.021213597294831767
70 840 0 0 0 -6.457070098697466 -1.4483960681826056 -0.19382842164045228 -2.2247211812797536 0.21126850666807845 0.7074596124385691 2.2243846324893046 2.43201145154469 5.384821394844758 3.320716434784356 7.849101476199519 -6.262686079256008 2.8392972338153055 -3.6607596603462516 -3.336668005812876 0.5700829351354829 -5.251531239172592 0.2545223091683509
71 852 0 0 0 -6.291188714520567 -1.5694290916140876 0.01591595599917896 -2.2044360397586953 0.15620022750313367 0.8856028472476142 2.0418445151773326 2.4631844657930757 5.309691573160876 3.1600785715953092 7.718919523979155 -6.379301444772248 3.012935271984821 -3.29415849699707 -3.1521222440285395 0.336177948211754 -5.254320482294751 0.30245710758347144
72 864 0 0 0 -6.493237745511977 -1.508327771493716 -0.03171091633754721 -2.3807308257104425 0.14993390709855453 0.756986800973265 1.910958003860119 2.8941348463002234 5.4288091994480565 2.7468746380169806 7.816413363830076 -6.2077226914178185 2.864795174412182 -3.435676329194039 -2.9334948003071553 0.4020414259666436 -5.378187542236878 0.9148719021825568
73 876 0 0 0 -6.358966806677168 -1.481548019130715 -0.1549083226934376 -2.442733954381655 0.09589545777722215 0.3991133461146427 1.919592994158238 3.0631510468273992 5.543423785510217 2.7490663137381732 8.257768378995811 -6.228108370824365 2.8908945514513045 -3.177711526333078 -2.5969640102973304 0.41326753237648906 -5.218036548917005 0.9589662340466298
74 888 0 0 0 -6.352047032035856 -1.4271348500291772 -0.21550978043414792 -2.539128310230133 0.23371607939530353 0.4322589232242845 1.7072989497287931 3.2584888757406065 5.543525056877929 2.592431188658123 8.416707729676977 -6.303446210779637 3.0056060447492166 -2.624006109314629 -2.3835210059419616 0.4572030662351354 -5.024397522322864 0.9496969506398201
75 900 0 0 0 -6.290301692289593 -1.4556471541243756 -0.12236371810562943 -2.515518928151672 0.21611007137963775 0.40056840662091886 1.6334336799480687 3.335006466857021 5.427683831484176 2.2986013151658384 8.768666218425912 -6.152229538376899 2.438038654990915 -2.5639248600712436 -2.00224303492014 0.5740047165685449 -5.042512161582187 1.3776144084028399
76 912 0 0 0 -6.119270912489542 -1.5887920801632003 -0.045776463491884876 -2.618729171196308 0.27793503044311196 0.3318954443023825 1.206803538562496 3.4458995718341354 5.189676903304527 2.2677977205367443 8.666397584752032 -6.431217421440743 2.3314056218894694 -2.6188652507720116 -2.5107626278357897 0.6756247736098395 -5.30457493797117 1.2831765761675453
77 924 0 0 0 -6.326519931056784 -1.5195069703981616 0.051285106515629966 -2.348813014349982 0.24444207383557723 0.7258171919072265 1.0609192742792197 3.357327398703696 4.898246947286372 2.1031554154612446 8.225103030321735 -6.322542191109621 2.403060957041841 -2.6158313167342304 -2.8032461698339914 0.6041412333833132 -5.359078001861507 1.3707971023463945
78 936 0 0 0 -6.855864827863549 -1.3762253853232163 -0.14752727100077245 -2.436951081119072 0.24842508315507153 0.6250038272464662 1.227248740795697 3.5923581438373446 4.894375715580002 1.7896784543589541 8.618462540232784 -5.832356123050796 2.4263352480911022 -2.88482961041614 -2.5567678988426126 0.6949169921838078 -5.484616969033554 1.3866505750719147
79 948 0 0 0 -6.882276373368269 -1.4044747706670075 -0.24876569750719066 -2.358901328023103 0.26601748733770236 0.71632900622622 0.7567446664662894 3.980790264189555 5.135943020255044 1.9211392671364291 8.451858597355512 -5.8485397755815 2.4379732566062766 -2.4317576073568943 -2.5060295381973967 0.41647885650461586 -5.266800650299265 1.2932018284864444
80 960 0 0 0 -6.817949006474599 -1.605827444166795 -0.013577299180870705 -2.3641208618418763 0.29134906190907384 0.872256585674536 0.8282969690231181 3.9409062708275724 5.446052278543701 1.990349969895302 8.077825456743913 -6.177163305316086 2.5117393190770834 -2.527104939627283 -2.517914610623177 0.33506949830545263 -5.472111537487855 1.350401623374428
81 972 0 0 0 -7.000897090869289 -1.5411282767053651 -0.03985741556650841 -2.1764029764863793 0.21939586477972295 1.079631893967181 0.6234921530004581 3.7170896508493128 5.2188410398746266 2.321300799829206 8.36423280428739 -6.3036539748114615 2.3489973443647907 -2.7271503556506667 -2.616204357674344 0.4516062749792895 -5.8915783978347465 1.4321304872472491
82 984 0 0 0 -6.911313803435057 -1.4830081347820807 -0.05521982409135682 -2.208588178908181 0.033328860415575805 0.7304452232051701 0.7625470404250287 3.849591734991507 5.0507694115463 2.3910277904018256 8.600945381199308 -6.166314021286911 2.4856756371527626 -3.100799423537766 -2.316920337726115 0.3016288471533738 -5.678483899632305 1.523235164898343
83 996 0 0 0 -6.676586674097661 -1.470935811225706 -0.1788852443221461 -2.151016167057453 -0.0007662458615607937 0.5459154589834647 0.47785802610401285 4.05136174556176 5.272716937874767 2.5932766794943256 8.563196129006705 -6.675920372627807 2.5882842616341684 -3.130289807719638 -2.7029439085280664 0.11051128934944493 -5.750367607115001 1.4549748445997306
84 1008 0 0 0 -6.398451397369651 -1.3414220513666628 -0.34809873311517825 -1.9696644419300442 0.05853038733823708 0.34878959631887463 0.6044845515192896 4.287289803197542 4.819693885391704 2.6358396900886705 8.483203791092956 -6.928642607285521 2.5864469401907306 -3.1282172309394465 -2.52834703253835 0.12184630588423068 -5.942446489030932 1.2867456317078252
85 1020 0 0 0 -6.647639258449584 -1.3862567702215802 -0.3282524102887714 -2.1704712620805258 0.09469641221281885 0.521660975067537 0.733361775272422 4.037326444025199 4.851566854595033 2.6575441972874665 8.5245717217312 -7.428007954114708 3.0386981808292464 -3.603309994806906 -2.3441588076712114 0.03640070221972466 -5.643927869316892 1.2667991819564726
86 1032 0 0 0 -6.762899411793809 -1.3790632075738418 -0.40294408891921074 -2.0769783706767893 0.1760552925827055 0.6643433110309781 0.646419907062004 4.0230380721307295 5.073778814822152 2.9815324193264092 8.144386375945404 -7.42902048391963 3.1832011987843982 -4.148345158491213 -2.512870388518788 0.1287967710416736 -5.273960068602898 0.69360245150189
87 1044 0 0 0 -6.5450742695928685 -1.4446976168814307 -0.337437249860926 -1.959277640550743 0.2617031463599752 0.6077073384956693 0.3711256491630248 4.069431276134337 5.082926348342806 3.0685003968946725 8.410556672337426 -7.804966385340653 3.412656926327484 -4.2166762305080026 -2.4640450656505934 0.31683650424327436 -5.271068593614999 0.44358648541997947
88 1056 0 0 0 -6.4362343242044515 -1.4243866774320275 -0.1959437442984008 -1.980175517724055 0.2733453564430679 0.5542589923076908 0.6386697615263587 4.365025694125618 5.007981786785329 2.462390244352298 8.493244643273703 -7.765339889644098 3.176681571209903 -3.8483924597431236 -2.2678979932002195 0.4718627721090503 -5.583753649157467 0.8605162954136817
89 1068 0 0 0 -6.422481195005955 -1.5317461589444408 -0.27730321035613986 -2.0015771142422434 0.2159772521931803 0.41250805622620723 0.8309416318245875 3.7843842076448673 5.241709870971574 2.4899426724780684 8.48331165750396 -7.361947543940142 3.2019214695029348 -4.098290084094414 -2.531919392142066 0.6552238667404534 -5.818484405005538 1.0799744875080326
90 1080 0 0 0 -6.136949202444953 -1.5445920643264714 -0.20411300980828578 -1.9035519927655482 0.13026299045875606 0.38277952657725867 0.9070698066974356 3.8623222300953053 5.269503492391003 2.646046707770267 8.721403572347578 -7.192130535456239 3.4378565716295473 -4.211282074297818 -2.888699764344539 0.8200786045866407 -5.793672654960219 0.7159782972810793
91 1092 0 0 0 -6.23435099113213 -1.5471552655418068 -0.19527589879229687 -1.955673410216538 0.19083627888795202 0.6286836126759925 0.7918828944998648 3.8319706394884503 5.311398715169119 2.981201362970983 8.771340423603487 -7.213975280896593 3.650602215944198 -4.581849836875129 -2.9576170871623866 0.7006120908459808 -5.5674323693708265 0.8713103146936187
92 1104 0 0 0 -5.963209837201465 -1.5150241729515115 -0.17698770320330315 -1.9272711387289978 0.0872045387578068 0.6964530281809628 0.661663207135198 3.7636766098412506 5.44452706727903 3.377728094951477 8.614898333415335 -7.755000138309779 3.6305213815506154 -4.785669084765891 -3.2294146658790246 0.7415331627245587 -5.849649479009946 0.6092597213967901
93 1116 0 0 0 -5.799863273680368 -1.4334066702805892 -0.42313997482724547 -1.9433224860963074 0.14574475534221512 0.4309522340990892 0.8457766853839521 3.435550119048276 5.364358984236318 3.441396052992504 8.251502638310031 -8.047398948402314 3.7210930494157033 -4.86723543509017 -3.1336747731280696 0.4586000331932941 -5.735372425853216 0.6332618522122866
94 1128 0 0 0 -5.451960443392115 -1.4686017080957223 -0.35778504570581726 -1.8864966470732587 0.10227686676990201 0.6208447713589846 0.6759635204117592 3.485831410380857 5.280816821088584 3.742496785576648 8.268509003974469 -8.01797616378614 3.851503940882714 -4.556037405798394 -3.0392957147874187 0.08623379830326586 -5.703035875837453 0.6764694794224368
95 1140 0 0 0 -5.35746706944175 -1.4601253357738284 -0.2763918271350935 -1.9105822311596596 0.13145202116293786 0.5465097766423759 0.6091663362118895 3.8633616856038353 5.303902054416412 3.573353274164389 8.612121545013908 -7.683415916932733 3.8910045775518496 -4.535824793038954 -3.218467589223282 0.2977645340607349 -5.3872910896068396 0.33898258237906403
96 1152 0 0 0 -5.287119058077816 -1.4355412287966665 -0.37649107603244814 -2.025521997938617 0.2634227681721401 0.4897000037560331 0.5342867106851509 3.9163716198109473 5.077369047252623 3.998736121901159 8.399112887122875 -7.988083930595289 3.8541985504029834 -4.3774737657934395 -3.0241619331051424 0.00100610125013504 -5.36429000981518 0.3791756751479851
97 1164 0 0 0 -5.076604639915789 -1.4124181251638634 -0.4575522294464109 -2.000192432465797 0.345755855292893 0.2675928634645437 0.40048167440996163 3.8136625315168358 4.8612453234383795 4.632757578165577 8.170906543685556 -8.101412583335875 3.6005434206307134 -4.339406075855358 -3.072822967136145 -0.21207376973843162 -5.544504931745466 0.3435375592963607
98 1176 0 0 0 -4.708641430944222 -1.4513158326912508 -0.42749464078081906 -1.9843278263479651 0.3534904262128138 0.2682651350767087 0.5740750883539185 3.730014276074095 4.325628409810275 4.735546062324131 8.133627594855476 -8.105258067267767 3.715491088309616 -4.334322396180397 -3.092836998062347 -0.31171893098864745 -5.581555245523762 0.18415478369669555
99 1188 0 0 0 -4.80001999078771 -1.4290374570105537 -0.26811774087515505 -1.9921257271961648 0.2184710275631004 0.4652317761724359 0.4035214442676048 3.821116712585085 4.641283277416226 4.715853506492368 7.960902042856871 -7.980601024059698 3.576739576110047 -4.268309225256017 -3.3306922005653403 -0.23672644498605427 -5.418592961972546 -0.04990705222529523
100 1200 0 0 0 -5.067065137958946 -1.4469394266362787 -0.3926049842137689 -2.0044546307868933 0.20575546324778207 0.3777452704298979 0.26088922468481357 3.7532759108124605 4.647549316278519 4.811487755001333 8.172611779058066 -7.748131552582838 3.741066098574124 -4.727634771819655 -3.529977218532102 0.0449941779085533 -5.20875691631707 -0.2810589270968142
101 1212 0 0 0 -4.634410289637948 -1.552550082891731 -0.23883813339831936 -1.9923363519274122 0.19251723718141547 0.6284702386227304 0.7864086016459775 3.6755818362910038 4.771211274796159 4.872652153570741 8.261627592241494 -7.980026268448664 3.55480211841287 -4.755503904223122 -3.89811804430607 0.07301731252449375 -5.249260244846501 -0.44930601664437936
102 1224 0 0 0 -4.434524398042361 -1.537008189776684 -0.23352486217665266 -2.1555646177512746 0.17878495899999658 0.582069710582468 0.8182154062614378 3.2148490855849134 4.6139170578340805 4.724791039991671 8.253030222251503 -8.178371507631354 3.493992169233673 -4.580447284215038 -4.100673886185989 0.1635100429943438 -5.2380009810633945 -0.519519402103666
103 1236 0 0 0 -4.700712785469542 -1.522986719704274 -0.23434676365881046 -2.1278194849990313 0.1752795379450989 0.473956508463415 0.7051732230940811 3.381920462184151 4.840841415736703 4.526360389591378 8.47634610607816 -8.243545422716775 3.6177349692985166 -4.439871541406432 -3.64826318171495 0.405563981864162 -5.221436712166548 -0.43832299506255173
104 1248 0 0 0 -4.547934906455936 -1.5459351657897151 -0.20586817984207878 -2.2960750563306704 0.22092028716541368 0.376598235326531 0.678598067216096 3.285804263486842 4.8522865054257815 4.690821235853687 8.533221713042725 -8.229289832171087 3.5331131106702323 -4.283947019666858 -3.6273784134685076 0.24788371116748578 -4.9283797293947025 -0.5155349104528472
105 1260 0 0 0 -4.561025803134697 -1.5283733040193819 -0.20917256317908112 -2.27148685028459 0.2448634051884385 0.48391480724647196 0.9593387052749052 3.465105639993062 4.601467437719874 4.240529418156689 8.621939734899954 -8.016326635784615 3.620189586138673 -4.268615294298857 -3.378991252358794 0.22772947699084292 -4.861620274396106 -0.7022928628202784
106 1272 0 0 0 -4.42585650089433 -1.5845186242010316 -0.13252229896578877 -2.2152013115715774 0.20084312899213924 0.38487940439060164 0.8526038912048595 3.350454873822386 4.519160298141101 4.216220143494468 8.703425200273843 -8.288515660160506 3.678538703074784 -4.13166148619091 -3.4031089275386965 0.3401990046715071 -4.8607341874042325 -0.9522106885226315
107 1284 0 0 0 -4.652088643113758 -1.5335994495425507 -0.28502362790120656 -2.244289852923389 0.286806632293882 0.31702639580957515 0.8646196581880485 3.3304840758084846 4.49004829095275 4.216257092339966 8.600512387712225 -8.384309634008348 3.9216583109188066 -4.040584045615426 -3.3018779103029403 0.42462212407992256 -4.8565271636702985 -0.6221316730062503
108 1296 0 0 0 -4.815617512267121 -1.5406314838130788 -0.22585309854789062 -2.2033953071766468 0.13674463828640382 0.40654840410915893 0.7145103921459137 3.4970896586710865 4.512198613705376 4.353983922218699 8.70503228724096 -8.654719086681292 3.9914836443920123 -3.9853616151659086 -3.2954967773325037 0.40923931841629624 -4.943111148103779 -0.27896160243192225
109 1308 0 0 0 -4.5232954113314525 -1.469785261887146 -0.30249454044111107 -2.01662389845792 0.05893254693540605 0.4587173814506025 0.5009504385833348 3.3426699888330313 4.4584924857837915 4.269809135606695 8.721207736206143 -8.784199864093129 4.132021526455835 -3.8818012841959626 -3.1911185301816145 0.3347537740738332 -4.858067009657788 -0.36364948469507713
110 1320 0 0 0 -4.556854622325356 -1.3949733119878571 -0.3956369594798969 -1.9762553652807997 0.14690174201153267 0.3606772395580373 0.42090152716953766 3.372987169197974 4.186397037066036 4.55320234194375 8.742349495620992 -8.913910807048904 3.906861932928338 -3.8050575773818975 -3.0938948566645466 0.40955469879892314 -5.116944021243898 -0.5610137804671811
111 1332 0 0 0 -4.615106310705896 -1.42256259595473 -0.3495570448028101 -1.9604209724009618 0.13842449494741382 0.4430439890812304 0.5000304038764379 3.4955165028932815 4.219321425311417 4.668077393087307 8.842708386515135 -9.124641480604307 3.9755024384253974 -3.7690744716303732 -3.3185725237106563 0.5727591431356358 -4.946558570311151 -0.5548806742744891
112 1344 0 0 0 -4.846057582276208 -1.4264489158353273 -0.3146376234997189 -2.1960246251936537 0.26695416706840763 0.4875998072425374 0.5721801643077654 3.4809125503297182 4.373500444752128 4.706310933601113 8.787715906429305 -8.903192746693252 4.004696839211378 -4.126477716231192 -3.425686942860606 0.726999347604493 -4.906469192166737 -0.8968682263316641
113 1356 0 0 0 -4.872921507028524 -1.4946644206262727 -0.2774922761282709 -2.086245413805266 0.2119238240331413 0.4554257016975045 0.5477113247089387 3.609889270095465 4.332068607271567 4.499742531004886 8.814578972728368 -8.899602276015596 4.078791194888954 -4.13582855800762 -3.383944550329081 0.6078413585036804 -4.890769098588501 -0.7528468510694183
114 1368 0 0 0 -4.696429896821565 -1.5375849302568645 -0.25320723901879355 -2.0987198386141426 0.18877111471748342 0.4350162065347454 0.5869406186791029 3.595517494743746 4.545366701085208 4.487435665509437 8.807838571170057 -9.000924708543511 4.2825183246585805 -4.272815599713774 -3.608632344414279 0.56530775138699 -4.6243710399227655 -0.8768294591071668
115 1380 0 0 0 -4.740742231771687 -1.471057061597443 -0.29370755726529385 -2.109789678295786 0.2333170084167969 0.2527853058273709 0.6231736168071027 3.5493088114582996 4.50096502284757 4.610067040529931 8.876107118164938 -8.997270318408052 4.447012726757149 -4.474301609808413 -3.599095355748301 0.5849163621163826 -4.5070243687355624 -1.0460682089793711
116 1392 0 0 0 -4.728067652236207 -1.4883260034854726 -0.32078538156966835 -2.102349952308078 0.20123745031602125 0.3541003615439977 0.6506146392216086 3.4379439468974566 4.313214508183934 4.457477753058079 9.013420203348874 -9.07921844144779 4.50225520557078 -4.640848355602578 -3.418679707960344 0.5337009589550448 -4.433559735358384 -0.9762466004754998
117 1404 0 0 0 -4.510893240894476 -1.461879541634883 -0.33630465995898046 -2.118107118164443 0.3144425073912442 0.39995216043885407 0.6200925008041265 3.3973713468775735 4.22906369523488 4.499416910984736 8.8405492696868 -9.269082817649958 4.49607508648617 -4.385246594834231 -3.258769266704126 0.42411348463044224 -4.532314633098071 -0.8859036860703688
118 1416 0 0 0 -4.467214806507027 -1.4862882009070941 -0.3089903300848484 -2.147070885188309 0.29423639012755887 0.3928865915859935 0.6165035722500891 3.4626191875594787 4.181314734265445 4.431774872600597 8.823149843115345 -9.143965333429973 4.452839916431784 -4.2936263833502295 -3.42369271230424 0.4329669052681825 -4.6101406415893145 -0.8014043386359004
119 1428 0 0 0 -4.302120138059585 -1.5065561164271006 -0.2931478062130506 -2.140456426267192 0.31823753041460523 0.4261654467490153 0.6457294717213788 3.4494604167312657 4.113897531756051 4.552499013866085 8.71033461042636 -9.188526709121327 4.393117335398043 -4.233390799031863 -3.3785123334731697 0.3397260065482815 -4.644468679258677 -0.8991675354538933
120 1440 0 0 0 -4.192744188670218 -1.5400467165184928 -0.2485692812196607 -2.13514794613095 0.26664368931278176 0.3466450385187022 0.5440490558494623 3.644140009980469 4.1635076868590915 4.720620270170769 8.772450945781216 -9.294914964396275 4.5773318025657606 -4.2523824149786265 -3.262233775853282 0.3039297148018884 -4.560540414152749 -0.8311582900953135
121 1452 0 0 0 -4.071947975189273 -1.539232983825986 -0.3170308022503881 -2.0972570988330665 0.28156537520265085 0.3819029396148965 0.6040295107755197 3.552852413938431 4.25028459021133 4.676235085754697 8.745586910680291 -9.322651052312393 4.586315346385328 -4.309255440697782 -3.2624344417955675 0.314893831147407 -4.536506682106836 -0.8767472641376248
122 1464 0 0 0 -3.9425422585266543 -1.5665551290585307 -0.28386065344074746 -2.1513869394742757 0.3415956064305897 0.3431619921989476 0.6416874101511126 3.505832888845978 4.240036848841065 4.639192606902634 8.736783175382644 -9.349062841653568 4.511069650889798 -4.281052683212008 -3.225221522981216 0.35167487934938785 -4.51502454768189 -0.8142035257660983
123 1476 0 0 0 -3.916859905819009 -1.551145329088862 -0.3091217430293814 -2.2211238540227933 0.299061906751513 0.22199181313876934 0.6506599504654651 3.539051632350756 4.112095883164885 4.802932091818178 8.73481461010393 -9.434624534340102 4.547264986189671 -4.255827604892837 -3.1731337725723847 0.35474094906748516 -4.562453043414579 -0.8809989557733923
124 1488 0 0 0 -3.815650498833302 -1.5644570290359887 -0.3317182241382692 -2.150188191364703 0.27736179182817305 0.18317453750507645 0.6531027725808893 3.5091684520787587 4.270414525857047 4.869138877103372 8.773819092844743 -9.527128639409593 4.6368055107667 -4.130531350567332 -3.094372773638664 0.2771716759783339 -4.5119226047084835 -0.7723957738258356
125 1500 0 0 0 -3.834255565856781 -1.5626098033233444 -0.3583689122698142 -2.1226464054825285 0.25207005779927205 0.12540060024105756 0.6970426692460668 3.559816460151204 4.22991431224254 4.84839946857385 8.951811193445666 -9.511167213681995 4.7095262708241865 -4.264267965109499 -3.027944815070072 0.4013737423975661 -4.494923865286394 -0.9015450282834809
126 1512 0 0 0 -3.889962914648 -1.5975920194048046 -0.31472584521634417 -2.122354287602721 0.24249559213096608 0.0993186672479151 0.5708067816652487 3.5093208558688067 4.0825613723872225 4.83635109080333 8.970636210803352 -9.578898601195036 4.7010019589028245 -4.230901012445498 -3.0110348221733494 0.49288242352404543 -4.388858933364958 -0.8100738742446263
127 1524 0 0 0 -3.8253296116406736 -1.5875703549641382 -0.27607800554392964 -2.1763315322632084 0.283630273575567 0.10781001270397923 0.6183678023255074 3.475802469878618 4.128870177158658 4.766051344439198 8.953784138296111 -9.368301864489705 4.543451980085189 -4.227442481712529 -2.9861715010565737 0.3854654826195855 -4.218470648463388 -0.8208044884625726
128 1536 0 0 0 -3.8049377643988085 -1.5750989401876359 -0.26833199840857813 -2.1464904083853864 0.2949799254589771 0.23400193008069084 0.6080916112161088 3.5740219562806486 4.147353154075798 4.7761703331863234 9.009146386872702 -9.407848895163458 4.648038344360776 -4.241709430230917 -3.0546387663075505 0.4648964188675662 -4.122624019662599 -0.9612909360568312
129 1548 0 0 0 -3.6828923012773993 -1.561549369235094 -0.3201271999326991 -2.1115163273703184 0.25424936940351295 0.20902713300652181 0.6440660048865084 3.6196541798973567 4.056748266437978 4.89199695613435 8.846396399422137 -9.569029704578456 4.694476345560516 -4.398230927446578 -2.9832977648515646 0.5001194808677027 -4.157694886235883 -1.0360181691444617
130 1560 0 0 0 -3.721515785795177 -1.5687819649297587 -0.29673076668984805 -2.099616578866421 0.27452229033899256 0.1900457461738648 0.5393303003018067 3.573163195859772 4.088105404854469 4.870984149996081 8.942398341658816 -9.705499002007846 4.719770578484087 -4.4035685397737785 -2.977417010805834 0.5443036949627674 -4.1652874533685385 -1.1444349076887381
131 1572 0 0 0 -3.665966934867607 -1.5940478827703082 -0.3250405638351938 -1.9597029350886446 0.19268409329558003 0.1617954026866136 0.47460920330659967 3.597379733235272 3.960291414966045 4.864573765942527 9.009634312109043 -9.79629771446341 4.760222155194558 -4.369664381931792 -2.80034160608408 0.6479436562804577 -4.03494816826982 -1.087097792213449
132 1584 0 0 0 -3.6127128514309783 -1.6231080134140998 -0.3065111144958944 -2.0559384233816567 0.23101482573152857 0.12812140626944973 0.45043966400711755 3.469348394746873 3.954768358815032 4.952942932442782 9.026478401379302 -9.898765604306664 4.812008659789026 -4.335397551378801 -2.824505323707278 0.6367185557781025 -4.094210504039129 -1.2326043698724904
133 1596 0 0 0 -3.6898371232175187 -1.6098897855098273 -0.3191802840307294 -2.056391140915321 0.2132942663397804 0.12102807250240807 0.4583895075103048 3.422263396147184 4.0969323689285915 4.776553534032984 9.093411664988084 -9.698979785374265 4.80957952703615 -4.1523257958082285 -2.960236303952369 0.5687047412266801 -4.130515218126991 -1.0586788272167513
134 1608 0 0 0 -3.768787269495102 -1.5985072938476426 -0.308422680567043 -2.080059755349429 0.23442932833135188 0.14325832722675047 0.37579410100292265 3.546490609747993 4.177149005695289 4.727537901542222 9.169957249130864 -9.67685752784135 4.753665113362438 -4.0627079958802765 -2.8891166809639817 0.5611931701202184 -4.110889461440709 -1.1192944116018564
135 1620 0 0 0 -3.7894699115653783 -1.5871457326582719 -0.31777823548164014 -2.171313943024277 0.2765493095586678 0.10267611113731072 0.4187369678207901 3.4121788544569114 4.164639829090615 4.661825197893132 9.078834565505053 -9.563496858424537 4.821312609937329 -4.127992997283562 -2.8867262100812003 0.5276299922759258 -4.131695775265996 -1.0521442937764438
136 1632 0 0 0 -3.9018748969559764 -1.5709139693559235 -0.3276083836632933 -2.0756212532107057 0.23198078221808474 0.08993140756784648 0.41402356322502704 3.484828768158151 4.189852420407922 4.673763839446236 9.018970664986249 -9.537584558933318 4.767619421007342 -4.121576815016245 -2.8435484200070844 0.5158777671475341 -4.099753970455059 -0.9596316434709208
137 1644 0 0 0 -4.0796073977508645 -1.5482761644596892 -0.325713498613045 -2.0917149496442473 0.2358628625173761 0.17959438084672036 0.4672497396184445 3.5167524331676336 4.088438595451492 4.601138630431195 9.04587481252194 -9.342466493162288 4.601546948990827 -4.192333327791163 -2.7767720573874333 0.5460697906972009 -4.150652010786236 -0.9678551849082159
138 1656 0 0 0 -4.0187117414061095 -1.526468736006062 -0.32740138024428933 -2.078307349159784 0.2265049467869389 0.14967484882438026 0.4014383044652674 3.58696666565626 4.12462658221467 4.642470614266618 8.98917590523 -9.437088233197402 4.702562433310031 -4.061462218346714 -2.754342504813405 0.47119668662261643 -4.11114276100255 -0.8863540576351026
139 1668 0 0 0 -3.909889371114817 -1.5430082014451898 -0.31644325867276923 -2.0964715722405813 0.22150608515344447 0.15072443609626443 0.2939492996844557 3.492248837402049 4.135280489955422 4.497784079909034 9.091067080528655 -9.458854095723446 4.683528601319938 -4.0567919286294405 -2.6678284017399103 0.4739833027633808 -4.15498947016482 -1.0120725246773297
140 1680 0 0 0 -3.9797051493287414 -1.521384623622631 -0.34499783320968175 -2.082457016666723 0.21213559200095336 0.09201009623346526 0.32455099091259537 3.530567695382571 4.131966977092906 4.437383915929833 9.196500900614922 -9.410111937584068 4.778215773595928 -3.9763029776718124 -2.5916981447952323 0.49516335075489365 -4.110432557361048 -0.8749740768740519
141 1692 0 0 0 -3.9416092723933995 -1.5261960952724083 -0.3733038214310499 -2.031557629070476 0.2065833341668168 0.05508692211798833 0.3546644733109466 3.4975081236624006 4.128003876919664 4.434508488546437 9.156105637704842 -9.35914026959522 4.7430029774607805 -3.9148615732596057 -2.618675415042117 0.5283708450385248 -4.0861510561865995 -0.8516878555581654
142 1704 0 0 0 -3.8645943268392102 -1.5189080891925033 -0.3818136572906466 -1.9915843585237134 0.1994176395257246 0.09570205561028254 0.2658151423468749 3.4963872172879116 4.0884056988922985 4.3976028548251 9.155802820055758 -9.477945985110317 4.789301179681509 -3.8733842270425707 -2.57475019860498 0.4464741239075967 -4.052765486667252 -0.8299562810914772
143 1716 0 0 0 -3.9130192044081604 -1.5268680952088236 -0.35498627424037416 -2.017990387382034 0.19150068006673945 0.14104971892395016 0.26895127614888215 3.4525359540700515 4.127300865703763 4.34487808552529 9.081705103320484 -9.401952689200625 4.700881184884739 -3.788990263381573 -2.581777245818973 0.47411832020396727 -4.1324292073858775 -0.7653226814600257
144 1728 0 0 0 -3.8914830981062454 -1.535653113600684 -0.3539257797582579 -2.009659859420482 0.15432436833853042 0.10543472411275961 0.2481157291487864 3.424656156755675 4.0642943604117185 4.477279641922078 9.095558496804426 -9.535822587790493 4.746188073312106 -3.7971297647779894 -2.5565305155778613 0.5591293403398505 -4.190208474422349 -0.8301602766100868
145 1740 0 0 0 -3.794557640117238 -1.5251951196397564 -0.37879937002458364 -1.9512962369581335 0.14600935209083482 0.10706520803107501 0.2567204717350722 3.3636801967091245 3.988192728160024 4.521382833089466 9.056559088014943 -9.583843876925995 4.709994311255604 -3.8732734189230347 -2.5886442879017513 0.5483183193394712 -4.219791912080522 -0.959960820346174
146 1752 0 0 0 -3.802806245683234 -1.5310692072904417 -0.37804063209455335 -1.9447772297874644 0.14911962001854187 0.09178937021860363 0.23198664689024104 3.3848283999570614 4.037761263877134 4.40587583227736 9.077289278678103 -9.576108214995623 4.689777881187625 -3.8657573977172768 -2.5849732985646163 0.5559216808032222 -4.230621250174087 -0.9123392573611573
147 1764 0 0 0 -3.738631497671806 -1.5412730578279537 -0.3768842494584578 -1.9303694995853036 0.14073939677936229 0.09647315891514788 0.17179257640507206 3.389121491730835 3.994439728805213 4.459358821353688 9.14568758107017 -9.666623043869842 4.802922103174531 -3.923093538136068 -2.630467329875847 0.5763714505772586 -4.142763732174486 -1.0144964060032946
148 1776 0 0 0 -3.7290740199102124 -1.5665225707297996 -0.36156074269090677 -1.8658122046943852 0.12366930874261764 0.11705202930015976 0.17942145133839965 3.385987201823395 4.08441977338598 4.47428847829191 9.052287187972592 -9.676784582471432 4.777088683522985 -3.939485043569414 -2.695364386142397 0.5791619582579343 -4.14625085398086 -1.0188290419699768
149 1788 0 0 0 -3.685983271897394 -1.5611331850080978 -0.3687185948019064 -1.8504879012829678 0.129092958608172 0.1273724279269538 0.22845900299686484 3.4417893042277496 4.0930935267310335 4.473536738265234 9.039651765887033 -9.664003112221236 4.81171820138001 -3.928341723692843 -2.6589489591340167 0.5517181897138334 -4.166842297676126 -1.063931537367979
150 1800 0 0 0 -3.596731931315983 -1.5669232664824055 -0.38241568540610027 -1.8394647445208578 0.12894848977288614 0.10530454223867437 0.2501627822233059 3.4180009072409536 4.126414155466668 4.4895744865852 9.020766949119663 -9.665828134501687 4.81650220896406 -3.9629764737879283 -2.7333367151252674 0.5626544304869668 -4.1597507102220295 -1.1497411614615867
151 1812 0 0 0 -3.579458913865579 -1.5716819818940435 -0.38887871787526024 -1.834658167867061 0.09817212886211395 0.10502777144692044 0.2771485423039676 3.4237551088503477 4.123993859560764 4.47948417996064 9.082834183201655 -9.628093038885442 4.8258184610551496 -3.988264948107595 -2.781918474603422 0.5648961020452727 -4.2453821823001014 -1.1727060866592376
152 1824 0 0 0 -3.4451873210605912 -1.6033038475792734 -0.33828048193590754 -1.862096727001862 0.10326381504039461 0.14582535741845057 0.30324097451060383 3.3426954294869202 4.03418238728675 4.430455093839133 9.045155107382028 -9.72453312597038 4.8459081864951825 -3.9935693392665215 -2.8050593889628024 0.5917336985700532 -4.238290578961651 -1.2267954960457952
153 1836 0 0 0 -3.3921925471897447 -1.6014463949862807 -0.34245267348799774 -1.9012206022467182 0.13451010363718 0.11084147856087143 0.27552047699587834 3.3745558746246296 4.034092675292152 4.429922951212217 9.025261241743664 -9.726142684566137 4.8527827642005565 -3.875452743158652 -2.7521355153899827 0.512211918221047 -4.227002417529011 -1.186590639206224
154 1848 0 0 0 -3.420452192768925 -1.60664168769812 -0.34202458707976996 -1.905542029558447 0.1262608476962944 0.08483078224638954 0.22578773923455925 3.411316169139275 4.000420640472822 4.392258734132992 9.049224295181816 -9.684952249370443 4.854222445812411 -3.7857583006349906 -2.6952220568040635 0.5082550247335299 -4.232147275963337 -1.1312085919125265
155 1860 0 0 0 -3.4586475778459187 -1.6051037300436142 -0.3548432196805521 -1.9150769451725038 0.14097291520085226 0.10259195244163595 0.254137386261422 3.4063793606560875 4.060389961186752 4.30009645633624 9.10403445375193 -9.642704320661252 4.7916068411444055 -3.7551440873757387 -2.653710786604534 0.5073792931810818 -4.249976873750383 -1.051681527137069
156 1872 0 0 0 -3.4491709670275714 -1.5989051062299506 -0.36421063396590286 -1.9097628540051783 0.14266262775465255 0.08959468583431068 0.27503356370917914 3.4515253595555264 4.06298915482754 4.352565543173165 9.13897387086897 -9.672756115799121 4.727085275430867 -3.7069593579228526 -2.64551384054864 0.5301869207076376 -4.310836278918711 -1.0579804135278341
157 1884 0 0 0 -3.4530922629208365 -1.5937549575822398 -0.36637656545435077 -1.9076118268751094 0.14280889558956736 0.0440755485391195 0.22032822046029 3.4584247772173224 4.06488973704956 4.415294694092594 9.125643249732205 -9.74883811073604 4.768282075664603 -3.689846333060177 -2.5875637441151267 0.5255536740237824 -4.325900796748867 -1.0637567384626128
158 1896 0 0 0 -3.445567747315491 -1.6016108410371173 -0.3829916780677286 -1.8739395493381088 0.11999914609872633 -0.009979439549697981 0.25477004196287906 3.469682307552 4.026612944999025 4.419757813022417 9.061634332481573 -9.772077162745378 4.804674768568955 -3.7260313459168772 -2.540569950951645 0.5207873355484554 -4.287387614367644 -1.096271624430964
159 1908 0 0 0 -3.4782753538221716 -1.590218737264888 -0.3812974433021755 -1.8507996695229738 0.11649322912618972 0.07650709330703274 0.2595122425746179 3.473260130017312 4.050471897635187 4.4173070147327635 9.0715684462663 -9.768999176247409 4.834740179803831 -3.7822953684394114 -2.557865904452708 0.535103243854971 -4.260034161509704 -1.098629164573205
160 1920 0 0 0 -3.473671949932054 -1.592341088639108 -0.3717132748788136 -1.8715834828210463 0.123223278518038 0.0910351564756382 0.2806271229808266 3.4385410991723298 4.046901243591855 4.423405503624375 8.977289923451139 -9.735648730779815 4.717009480620254 -3.7604346530048707 -2.559875300984418 0.4977526033479698 -4.327024715635209 -1.0584916182295132
161 1932 0 0 0 -3.4523764814556115 -1.6034998888563905 -0.36662613259336385 -1.9047661096479331 0.10811838330103367 0.03203677154189881 0.26891205465832135 3.474937085352777 3.9700764654659806 4.449066684716003 9.010489809543664 -9.707543155866942 4.714597926122381 -3.726187879833359 -2.5485077331826216 0.4872208303900389 -4.348485227800522 -1.0252767863027679
162 1944 0 0 0 -3.49699084375288 -1.59571993210079 -0.3667931340631807 -1.9214713656978675 0.0976808736328552 0.047389038925174744 0.26859068766867195 3.476478876541996 4.007078806121824 4.38183404148605 9.070235904702193 -9.65360694248084 4.690194465862659 -3.6926664669042566 -2.528827843500236 0.4935173649633372 -4.326078211936767 -0.9352987596499103
163 1956 0 0 0 -3.482516226422004 -1.5905332344949206 -0.3717445661930086 -1.8926272325270759 0.10944559237259784 0.03189229115968511 0.22626337596985863 3.515942386913857 4.055368935272015 4.351074731067814 9.030851965860096 -9.651335592451888 4.693030104390388 -3.656278528095012 -2.4959571834285144 0.500142526437396 -4.303072090089905 -0.9558590770988457
164 1968 0 0 0 -3.4525757467839924 -1.5928641767002694 -0.38376121324362467 -1.88861608526501 0.11100004413276267 0.04521209199187651 0.21695046421051023 3.47303815825288 4.0717773571545 4.347649572787084 9.024585393591092 -9.721699898773753 4.718902068239181 -3.728354105898095 -2.525236007605071 0.5345786177370894 -4.298587925397637 -0.9676020304441675
165 1980 0 0 0 -3.458112920391746 -1.5948991867841245 -0.38013446527700634 -1.8984215432479905 0.10793624820630672 0.061057465056081686 0.20557492442977865 3.481236855443365 4.057280928659463 4.374280239619324 9.0711827767801 -9.707423895916177 4.737106420601657 -3.6923398367987947 -2.5383329780793953 0.5712113225673388 -4.264282894493971 -1.0101329525254172
166 1992 0 0 0 -3.4833196822962704 -1.5902512185947242 -0.3740735347350109 -1.9048473404610355 0.12217660021045575 0.0665161377051527 0.2423211191595053 3.4829825690423113 4.043658598712205 4.393179119303492 9.02101174488371 -9.677763287043657 4.734034364945698 -3.6902171855749506 -2.548062186289122 0.5671376616210416 -4.270580860086747 -0.9777524570637395
167 2004 0 0 0 -3.484653021821278 -1.5998983477737594 -0.36718900882364947 -1.9013516662667491 0.13109970012866717 0.06586645476667939 0.25900210268027923 3.494623738062601 4.025260043916755 4.405538469862822 9.038787151937537 -9.66407354506505 4.727036514864866 -3.6688187260351186 -2.533989855145302 0.5848939131027926 -4.287005226928267 -0.9430633719024952
168 2016 0 0 0 -3.5188008447927674 -1.5942917992017782 -0.36360494794081594 -1.894287957985121 0.13739301782403332 0.08332929236617409 0.2603689211405235 3.5059843957533383 4.028711497363866 4.348845374277763 9.06717625450132 -9.653138744357568 4.735319864155802 -3.654881885642845 -2.507223585554248 0.5952218286383741 -4.272975331408069 -0.9171266820050059
169 2028 0 0 0 -3.484976120423767 -1.5945825016513882 -0.3636777360436611 -1.8880400774063646 0.13713615915627733 0.09825052351341147 0.2697496313741516 3.5311521573897 4.0014604739865245 4.330997051403926 9.066722170978538 -9.606259503861063 4.708268840836697 -3.619442578366012 -2.513057698856012 0.5986984565456899 -4.262651399890731 -0.9200758238042575
170 2040 0 0 0 -3.4754298811018254 -1.5941221748515362 -0.3756164676608422 -1.877328521452668 0.12188890227188627 0.08759900332288985 0.239632523876315 3.54349662773291 3.9817410623206904 4.332286691367222 9.0817361021402 -9.607298548369027 4.716555030965518 -3.5945418836117398 -2.5352395585557286 0.5962808425797247 -4.299840737922083 -0.9017015125156368
171 2052 0 0 0 -3.5067691725796304 -1.593699541207125 -0.38132840096628 -1.885838779764766 0.11848084606410486 0.05759790588445381 0.23957642286590894 3.5507746791724495 3.998617628440768 4.301066058785726 9.087216323600451 -9.544516266057189 4.673515742426964 -3.575738952361092 -2.5366165216228636 0.5532535442092781 -4.299705026245083 -0.8520768459749308
172 2064 0 0 0 -3.531041211785761 -1.5927688981212844 -0.3785319218406878 -1.8757117218793775 0.10957128536931278 0.05243276774451422 0.26005421503200676 3.5068498850522376 4.017886096141493 4.335768763866177 9.041885429954458 -9.513112937412687 4.654554174904656 -3.6095295049553737 -2.580124859323304 0.555074992759981 -4.323197310395261 -0.8963155209341418
173 2076 0 0 0 -3.535031265371362 -1.5931217814924075 -0.36283167050554366 -1.8784916923177444 0.1121489737934598 0.054784650493952765 0.26263737867001485 3.5221548781222967 4.029086044158954 4.344872273976567 9.045104874587773 -9.525753830269844 4.641840812431874 -3.5987104709969886 -2.571308468410908 0.5253430692660698 -4.3133081882044 -0.9318643410785487
174 2088 0 0 0 -3.527905622970113 -1.5962627095170256 -0.36470144651893033 -1.878059373462685 0.11522256448954213 0.07930051486861348 0.2762515705322333 3.5371627285524108 4.033578369229954 4.351122075341642 9.033926920212727 -9.532314150992566 4.679605256370685 -3.6128365375941005 -2.575781975587438 0.5043181725075156 -4.30956193073824 -0.941936337567963
175 2100 0 0 0 -3.5659834728842643 -1.5878673687885434 -0.36414114194844976 -1.9009827566900581 0.11885758430829912 0.07531595064124377 0.2728578312223601 3.555300861490509 4.043320495207721 4.319794535892007 9.03289607101582 -9.50293593863389 4.662718382359764 -3.5935026196718414 -2.528200303282861 0.5104897213894888 -4.327945926738379 -0.9100733172178984
176 2112 0 0 0 -3.5925003262577504 -1.588255704594308 -0.3598612444989667 -1.9159376022373238 0.12520020568441287 0.06752157594929512 0.2720051004047809 3.5820738281727156 4.052754752944824 4.2623464220571075 9.06069788024053 -9.498826860916406 4.655805664011205 -3.587282457699105 -2.494588013627306 0.5003970721703876 -4.328629339349754 -0.8932763767843236
177 2124 0 0 0 -3.598070706655233 -1.5792401184927238 -0.3622036289522874 -1.9120563511970974 0.12694692830045992 0.05560662398648718 0.26166328023227026 3.5980099915764314 4.075723327909321 4.264474662335463 9.076206050568826 -9.5221958466548 4.664803609276821 -3.6074899568254595 -2.4689499119780214 0.48915481150828105 -4.33600485681723 -0.9215036815830882
178 2136 0 0 0 -3.625371328319303 -1.571606318817653 -0.3709254939319321 -1.8952605991093172 0.11396680386737536 0.058239041734364214 0.2346857189979063 3.620529317932136 4.111406549352367 4.254469162017727 9.118698500860942 -9.50548616154925 4.642014244370826 -3.5959309514440956 -2.490707947354589 0.4932452791008673 -4.368933316886328 -0.9317062225876552
179 2148 0 0 0 -3.6339954108643835 -1.571236962501955 -0.36787792676707637 -1.8975986210094238 0.11983358870790081 0.06695039551563067 0.2566667780455053 3.645456598578633 4.0985388126042555 4.265513089770055 9.096424278824632 -9.498867477710178 4.635546431916885 -3.597355144502152 -2.5086129559109613 0.4824468282906889 -4.3659233082904425 -0.9431260286448658
180 2160 0 0 0 -3.6207619407122564 -1.5732550699604317 -0.3642333337082461 -1.8902477253936185 0.11180537067023931 0.0633613506862187 0.2658765884773086 3.6449729632290255 4.086912934101954 4.308442260238112 9.087029066071121 -9.49900487664379 4.609105552127931 -3.551294655164534 -2.5313896851380218 0.48306483884177925 -4.391477326152636 -0.9722761158437804
181 2172 0 0 0 -3.6329012573131507 -1.5764053933727307 -0.3610000449457456 -1.895836079860705 0.11746099234156764 0.0822951909546495 0.2840179127733107 3.63669460505329 4.088010415598396 4.300569917090597 9.08194161543269 -9.481013637356188 4.574287187075271 -3.566005652298796 -2.5378333715403985 0.48520523434485846 -4.388788689298052 -0.9930817010250625
182 2184 0 0 0 -3.663530682538589 -1.5653092972068434 -0.3635233406015771 -1.9080690103442612 0.13085607886112252 0.0932831872931075 0.2867836040132543 3.6253594184401385 4.095009850818563 4.311877756048952 9.080872713353196 -9.470749300393429 4.573315464222708 -3.581172208862734 -2.537528282912705 0.4828114593138234 -4.393748251480577 -0.9640223474470239
183 2196 0 0 0 -3.61598534159896 -1.5699729237595472 -0.36154006464787664 -1.9104762070345411 0.1257541926825719 0.07009832621813288 0.28217783489011655 3.57432961715666 4.081960826513668 4.344775175484178 9.02520575218361 -9.518549431659563 4.599121113450959 -3.6108451188350466 -2.5332761059371824 0.47342494877283964 -4.380784250984261 -0.9964142051008963
184 2208 0 0 0 -3.6110476092927186 -1.5750230091086437 -0.36627007492267605 -1.9143652273644218 0.12567410848608027 0.05268192789814459 0.3006709575593619 3.56749982154912 4.02068373883895 4.3354866572397155 9.032242468274351 -9.503068453295556 4.578336616428621 -3.591552971228577 -2.506153187573517 0.47898176862984854 -4.383069778793608 -0.9777080411452044
185 2220 0 0 0 -3.606542729623723 -1.5770418133931146 -0.3636391068847757 -1.9228191185101573 0.12459540633435315 0.06403261619806148 0.30736625971659165 3.587265944656305 4.033094280589836 4.347070790572879 9.041541714981081 -9.50130019680319 4.573160553819797 -3.6043085034411164 -2.5649803658614414 0.501987044124729 -4.430475475113233 -0.9705666885787728
186 2232 0 0 0 -3.5829721356497255 -1.5815380825039347 -0.3642801948453636 -1.9130012856642225 0.12818189525319487 0.08042238596565765 0.299925183969659 3.5807603241496486 4.04307265810199 4.3538148041952 9.03415944989076 -9.46467556996585 4.545700372269259 -3.580996563867679 -2.570124499064801 0.5060717135846371 -4.421293351317156 -1.0064238987692073
187 2244 0 0 0 -3.562058149343556 -1.5818515237848334 -0.37157601107667837 -1.9116331929053707 0.12261173173275107 0.07978209519219401 0.2877037011763476 3.5706144345678705 4.0209310735783985 4.335903613010316 9.031641816544074 -9.481368347318162 4.563378500213162 -3.597143193106353 -2.5674539125397255 0.508395202639153 -4.380964026051208 -0.9929060689707596
188 2256 0 0 0 -3.5869444001701822 -1.5787024201316664 -0.3727883236228156 -1.9212680808164062 0.13317152241941002 0.07677821983698727 0.3251604793102293 3.568104801682659 4.038017975861367 4.336446116630176 9.028107670606516 -9.477105615800118 4.562733621692358 -3.62357793291892 -2.5973681197573333 0.5260848262978532 -4.3970594324796 -1.0005198059506135
189 2268 0 0 0 -3.605504291321687 -1.5728071143969118 -0.3704116065154899 -1.9118254046986634 0.1266632143356088 0.07406547510497459 0.3132743824884496 3.584813843298308 4.032397112141766 4.32331381002115 9.04590593861977 -9.468198861517989 4.580222897075131 -3.5937832474569236 -2.593068823341955 0.5171368716725646 -4.389910625174794 -0.9830580230375634
190 2280 0 0 0 -3.605142736237208 -1.5762821305666892 -0.3681151609297955 -1.909224930593365 0.13647323653072108 0.07880882799616681 0.30142941770958603 3.587481481690913 4.018563833911736 4.319845942014561 9.03655326773257 -9.467596106632666 4.5894615109853465 -3.582307425145094 -2.566324409342887 0.527186220172641 -4.389920396641175 -0.9671631230280546
191 2292 0 0 0 -3.6071776692834225 -1.5768885998890998 -0.36272159527752784 -1.9233635281578436 0.13529064249413406 0.07611872429559371 0.323686638349702 3.5863983874979417 4.033870212947857 4.307212031847843 9.045148512379674 -9.46536167424497 4.5674120762200365 -3.5807824597905245 -2.570680096023296 0.5418762236549536 -4.378404791829432 -0.9825806831155924
192 2304 0 0 0 -3.611428692835652 -1.5735294771075163 -0.3653144625508715 -1.915609291064813 0.13050163815571073 0.07660275862653526 0.31441613425092063 3.604077122612436 4.0305968842215325 4.309916281600179 9.035901768893705 -9.477087686074565 4.560803958935276 -3.589138682163697 -2.5711210766356576 0.5266438867730506 -4.389117724353433 -1.0056200202213346
193 2316 0 0 0 -3.61052515028897 -1.5766021155133398 -0.3668774003715076 -1.910721998589546 0.13077611258771063 0.08161766839947775 0.3216668505088164 3.605704676500855 4.0550146680910615 4.311132005678573 9.051703489934788 -9.463125942633596 4.571116284215311 -3.5973112270277903 -2.5894592668276086 0.5524713371488869 -4.380885323642214 -1.014990330267952
194 2328 0 0 0 -3.603945881313617 -1.577010456180548 -0.36624155985556595 -1.9118468539216649 0.13286193929921591 0.07348139017953942 0.32639858606707384 3.6113903953762017 4.05051926538178 4.3134883900523056 9.042425941083712 -9.462505638217442 4.544093283069028 -3.579175051607141 -2.5838372274212484 0.5480938428154764 -4.387257375084082 -1.026214594958996
195 2340 0 0 0 -3.6029321675687167 -1.574709968406781 -0.3661146497376826 -1.911698377014395 0.13718899798946863 0.07901573748538769 0.33732871425176053 3.604081741551521 4.052352320861793 4.323255263958352 9.023752385485057 -9.467385411868326 4.517338473856471 -3.584366140510013 -2.57488630489522 0.5350855793187194 -4.387115231212754 -1.0403852499241124
196 2352 0 0 0 -3.5996266337940943 -1.576573096613076 -0.36668363319351316 -1.9130184714920004 0.1415989776791378 0.07790322625301391 0.34285446617658494 3.5888624190193554 4.049506991257434 4.327650294665947 9.024452122199206 -9.487040899662468 4.535941448458125 -3.579959359608463 -2.554491112627875 0.5314812011933285 -4.378266851809597 -1.0369491188460942
197 2364 0 0 0 -3.6060971652565343 -1.5776306446514599 -0.36325095093420035 -1.9177856125278692 0.13790591477604514 0.07921963458997103 0.3333024197693836 3.596022656291475 4.040684224534604 4.325817702419254 9.033268511822302 -9.49634886801167 4.51609578222452 -3.5769554099447505 -2.5305122856114624 0.5174644210912679 -4.3813279655401525 -1.0227929849058404
198 2376 0 0 0 -3.6272977900064944 -1.5763489703520361 -0.36176001985263984 -1.9144720199746736 0.13659481764000253 0.08294531915313616 0.32874493085193524 3.593118441433674 4.0363686031533135 4.312408110064364 9.014310649159738 -9.470844171848778 4.505567334942905 -3.570353522888321 -2.521675986886163 0.5141254999596845 -4.382970058574859 -1.0042518166410894
199 2388 0 0 0 -3.6270182482178814 -1.575513755593556 -0.36111362683387277 -1.9160445417200314 0.1318611549820878 0.07566829574409818 0.3288581595177427 3.5908259559135463 4.051673255184314 4.328651590112036 9.011253241718267 -9.50107958222037 4.5167327240477775 -3.580515412202072 -2.520927327368567 0.523533886152318 -4.378548088158577 -1.029300920651072
200 2400 0 0 0 -3.6336071512615487 -1.5720045915173582 -0.3579684839151302 -1.9225556284428165 0.13406690993859027 0.07063550238894259 0.3255688526549978 3.5990084972873944 4.067614479227372 4.3272866773943495 9.017510998517567 -9.503969621981426 4.523643628425933 -3.5852200159082677 -2.5050517631140403 0.5131580293615902 -4.364647281758601 -1.0235395219525107
201 2412 0 0 0 -3.6214879052980358 -1.573493886142339 -0.36003480158122736 -1.9122698183140365 0.12570395483865177 0.06509438910003053 0.3220866153282067 3.605504468955827 4.0812112529607045 4.317719951003372 9.037624347792505 -9.507720634052635 4.537170904136518 -3.585544330935676 -2.4997794893040295 0.5061732681999019 -4.369040713304874 -1.0327173155878464
202 2424 0 0 0 -3.6223234054383657 -1.573043825549773 -0.3635819566267464 -1.9102752545651065 0.11977906329514032 0.0532569638379219 0.32798050588391015 3.5966145694967 4.0776896232505315 4.3029807426891225 9.04693462730304 -9.500770525688692 4.5458239903271425 -3.5900508184875455 -2.500798125607295 0.5040413855964874 -4.348343888095381 -1.0398181911205826
203 2436 0 0 0 -3.6383310601232437 -1.5697526765594318 -0.36731039860322673 -1.9133840949225656 0.12414053558837373 0.055489121336136815 0.3238502453336818 3.6087619160353683 4.075697569918761 4.305103187438247 9.039866887416117 -9.483092261858205 4.5288368382689725 -3.5781489953849577 -2.496021627018254 0.4960466727104104 -4.355569515652811 -1.0187636887548375
204 2448 0 0 0 -3.654771432230589 -1.5670635763211964 -0.36544351518100376 -1.9098356141069361 0.12406841184376868 0.060173366833514416 0.3303259558875541 3.6162021297678497 4.091554833764661 4.2911865439770045 9.039734956026734 -9.468252839822709 4.513204999561477 -3.5686954298645843 -2.483741062042091 0.48687435438256543 -4.369016959251932 -1.027857179314212
205 2460 0 0 0 -3.6538974084700873 -1.5661362773375012 -0.36774676054017685 -1.9100753776894734 0.1254776642242036 0.05157360733949777 0.3328404325577107 3.631740481685141 4.090663831659359 4.278987637966056 9.0477216525946 -9.470005450513641 4.523549011908083 -3.5544803341826663 -2.4711970612764778 0.5001768436505829 -4.363978998966409 -1.0242550941836468
206 2472 0 0 0 -3.64510214140007 -1.566185300050937 -0.368986144162819 -1.9082759328877494 0.122935401638027 0.05785327068101059 0.3316156891916908 3.6285240208800214 4.096339812252068 4.278258037662305 9.045410477475832 -9.471370537961093 4.543608171162296 -3.5705951759347143 -2.4746967335021823 0.5132456697586687 -4.342062640920094 -1.0213382555983141
207 2484 0 0 0 -3.634844136050592 -1.5665620334724872 -0.3709125852788785 -1.9102453708532683 0.11747010344269372 0.05494003886538643 0.3281710957790652 3.6170323140223037 4.104545859445536 4.267522542249005 9.054167667249434 -9.478574349299125 4.551819524359537 -3.582081411269951 -2.4678835919916224 0.509810322833656 -4.345992377519244 -1.0117045411365089
208 2496 0 0 0 -3.631722461420763 -1.5679271185926729 -0.3670945566193854 -1.916025695031308 0.11739680418986154 0.05927924284299146 0.31907571230799525 3.6098507733611505 4.096957587584671 4.267191378580043 9.04847380224805 -9.490092895819634 4.553763659140852 -3.5908721889913435 -2.4670729817554653 0.5256678741524151 -4.337727273136482 -1.0106214670708633
209 2508 0 0 0 -3.631815585292508 -1.5692740372571132 -0.36570758770533657 -1.9187197538191418 0.116803345515 0.05371916992280568 0.3213496842905816 3.609918273092237 4.105575778165192 4.264957338898394 9.06195351028653 -9.482485596898458 4.551684629394745 -3.595436237342869 -2.483914739120072 0.5260507625435973 -4.355150028530628 -1.0420666433072727
210 2520 0 0 0 -3.6207959162030208 -1.569266312316685 -0.36744600581390935 -1.9211280508141557 0.11919561072954467 0.047400644322424954 0.32507912238862563 3.6121384610772274 4.1147699960746325 4.265513183160402 9.051549718220778 -9.486246099897889 4.553332660232006 -3.597439884992411 -2.4942698722476786 0.5116501485616133 -4.354088952721645 -1.0420539669872453
211 2532 0 0 0 -3.6194450755940957 -1.5706485564394472 -0.36603458366943803 -1.9243707442346474 0.11873802722509663 0.05608625832103446 0.3209339613463394 3.604839037322431 4.108770546585214 4.261364509970718 9.049443599521481 -9.465289646723946 4.5514979490962695 -3.6050663262913987 -2.4975845508084875 0.5121313024799774 -4.353528612219497 -1.033210915050098
212 2544 0 0 0 -3.632279659589779 -1.569119959994969 -0.3632608780685469 -1.9346347499798568 0.12764248489482308 0.05274159344734851 0.33495317154371707 3.6087604045297272 4.116586204895234 4.2544867025573705 9.059940159883126 -9.459858901805669 4.538123054138895 -3.598433674878052 -2.491764192877584 0.5097793623158438 -4.353985416977336 -1.035761702113078
213 2556 0 0 0 -3.6411256841239545 -1.5687116503726921 -0.36201605817340177 -1.9321502594742954 0.12407921122731003 0.05420705027812518 0.3282655595761842 3.607866790225752 4.128996058161643 4.251208707037478 9.059902255258798 -9.467737849275943 4.538120225709796 -3.5936634245701016 -2.4881229936727123 0.5026794201248185 -4.357705371022112 -1.0326631561003878
214 2568 0 0 0 -3.6333430203016563 -1.5701620169218065 -0.36300276449584135 -1.9272312109497745 0.12206431933060306 0.05730679022177151 0.3251026605097641 3.6122261551619763 4.120852044158841 4.257419908620926 9.054799315421477 -9.46940573734098 4.532692921194581 -3.596427721100034 -2.486613996213851 0.4979213662345321 -4.366989921510474 -1.017543132561192
215 2580 0 0 0 -3.630466162950104 -1.569696599905776 -0.36428614451080443 -1.9274277514871176 0.12068250693450361 0.050510085795234694 0.31866820575806687 3.6175405899043116 4.1194348240861896 4.260473986626119 9.064051360972098 -9.469199307541517 4.53046568925193 -3.5874582687049035 -2.47970428684006 0.506796571344538 -4.367353521834876 -1.015681363373148
216 2592 0 0 0 -3.6401296913321244 -1.5671422145192873 -0.36619663711015044 -1.9275017414317541 0.11814265310998678 0.04507542731776429 0.310026435630851 3.6264217156365834 4.127920992294138 4.262411504152773 9.069605417706684 -9.466507680838442 4.537109261523764 -3.5898239288938876 -2.478696241435037 0.5024467653695406 -4.360212407831313 -1.0217641504266923
217 2604 0 0 0 -3.654307398695412 -1.5646866587865824 -0.36597705122332175 -1.9294688479146755 0.12014277930875787 0.0467933469491179 0.3123271143472498 3.6363752886609633 4.1329468830552925 4.25713019785851 9.072457054210156 -9.465653181564718 4.534593331104854 -3.594264129059213 -2.4791002798777635 0.5069431840091538 -4.356090315829289 -1.0275350739996925
218 2616 0 0 0 -3.659565581253272 -1.5648540697671471 -0.36695836857735875 -1.9306749787846378 0.120981541992095 0.045207357684716856 0.3137966674290837 3.635508548021409 4.141652323162875 4.248962214058325 9.069613420013681 -9.465248296465449 4.5359161939089265 -3.5898101596125076 -2.477233395605363 0.509325233333078 -4.356838594011929 -1.0214044934718565
219 2628 0 0 0 -3.655590526294483 -1.56568444714969 -0.36633190813874345 -1.928202669557225 0.11832589189903454 0.045762660010346665 0.30974114957746823 3.6319247382684705 4.130250917652347 4.248563621671286 9.065510324809196 -9.462875932330093 4.5391719705813465 -3.581160404059664 -2.460712897593624 0.5017042750394668 -4.358804507345833 -1.0192458452890458
220 2640 0 0 0 -3.6537669529930263 -1.5658788586269883 -0.36677543957580316 -1.9292232374896034 0.1190832185149345 0.04828572154450861 0.3190393959423947 3.6328461746026424 4.127470598073256 4.247036442732171 9.077841965824486 -9.448969862940716 4.535727054049458 -3.5819521237478327 -2.4669675736130254 0.505311350277986 -4.35479044351436 -1.0188231332251125
221 2652 0 0 0 -3.657147113118854 -1.5656553632138328 -0.36452143160181977 -1.9311759530114756 0.12035123566384114 0.05231510833415753 0.3171195138258154 3.6364951265430827 4.12496411765698 4.2393342305041175 9.07778341312722 -9.440408800939094 4.534827527595693 -3.5820506963671956 -2.470313359727089 0.505276764054037 -4.352706496600084 -1.008064876518033
222 2664 0 0 0 -3.6547503834380914 -1.5664313140071873 -0.3639020664250441 -1.9311541818994478 0.12100230091330892 0.05385725885093784 0.31601864819395237 3.6324333336842582 4.128510146518402 4.246079485576831 9.074979335479373 -9.434925541162478 4.532101692560817 -3.588061516049323 -2.4820365597128857 0.5072483947840244 -4.35206261610159 -1.012244290522415
223 2676 0 0 0 -3.6582746148344 -1.5642970862463708 -0.3659930564857743 -1.9296108894920887 0.1223562266686619 0.056991014835945195 0.3184991986904693 3.6315997034068737 4.118264731931257 4.248057867801009 9.074509078613364 -9.427281897059101 4.526127621870383 -3.5879144357898882 -2.4873274007354684 0.5121694631117928 -4.348825611473497 -1.0044951112313918
224 2688 0 0 0 -3.65916606876428 -1.5653792100874915 -0.36428135628959113 -1.9302438031407136 0.12325367040872783 0.05752363073825571 0.32058661557642193 3.628557316262521 4.1268222637353915 4.247939133014157 9.079440607623914 -9.429438072166468 4.51943233355486 -3.5887762006488315 -2.4761798883038857 0.5164954454685456 -4.346939860885849 -1.0048415063978418
225 2700 0 0 0 -3.6504796036427534 -1.566511854208126 -0.3647206411022772 -1.9284782920563608 0.12307590566500398 0.05385325732152702 0.32111730526434523 3.629920142364886 4.132187466025058 4.2516427306023505 9.086969240397586 -9.441997957592204 4.531211386477031 -3.591155808024473 -2.473763588691217 0.5223942065012623 -4.343700806901252 -1.0117613214988888
226 2712 0 0 0 -3.656917385178674 -1.5639686777078152 -0.36659327695101923 -1.9245576717938748 0.12201234536721509 0.05203262051742687 0.3145168782174354 3.6357712832944116 4.139029100881012 4.24226738810563 9.092263025984833 -9.448563449811822 4.544107123116795 -3.5910958507498507 -2.466683189539029 0.5265487886279603 -4.341344367162393 -1.0074689486488309
227 2724 0 0 0 -3.6525546124610138 -1.5631750008518723 -0.3672134635803911 -1.9257190112972002 0.12188435507095914 0.04802435806719462 0.3137550215984899 3.637880610974288 4.133764951854051 4.244218063638766 9.091264537194702 -9.451119217657894 4.549150493160088 -3.5872379412788016 -2.459215288978122 0.5231672875541324 -4.330895553972262 -1.0037792441333726
228 2736 0 0 0 -3.6580989043462537 -1.5632651559111053 -0.36627706272946653 -1.9281211864746015 0.12454444779568112 0.049581203815577235 0.3164849392680323 3.6390623329916116 4.130621410801411 4.250525354307209 9.086912027389108 -9.451655386146975 4.550669145998541 -3.585276866247625 -2.459911427227935 0.5234170897775874 -4.326085523156825 -1.0024956557035856
229 2748 0 0 0 -3.655032920225731 -1.5633765912036302 -0.3656897366002201 -1.9294814044894433 0.12357525915105914 0.048536566556853955 0.3151700436403901 3.642509533608543 4.1248888028510216 4.257900610857737 9.086915467720823 -9.460642075514047 4.557871845247545 -3.5940564600824123 -2.454842833452767 0.5238757981121668 -4.322564083258932 -1.0095637468479273
230 2760 0 0 0 -3.6593312047697264 -1.5632629665990585 -0.3653099568855414 -1.929572705210675 0.12409757422368983 0.04501431123037693 0.31488584526166585 3.6472033559617754 4.131763815311351 4.252869668409379 9.086570878773154 -9.464966499833064 4.559917411341418 -3.598905307018369 -2.4512559373079292 0.5198649379373175 -4.316810982696955 -1.022010331966453
231 2772 0 0 0 -3.6546801468170313 -1.5635385039507241 -0.3659820239895568 -1.9285739935991917 0.12351431819248714 0.03992892120796045 0.311475768934782 3.641858151951962 4.129681433604332 4.251949895950906 9.093016801581456 -9.470736837185445 4.557897201077908 -3.5940422090012074 -2.4482974997127784 0.5189042979584556 -4.318734815953905 -1.0262764392280173
232 2784 0 0 0 -3.658101399243237 -1.56240258438822 -0.367640125416653 -1.9263606358838736 0.12352259171866396 0.04172941043807544 0.30883742880497284 3.649668000513013 4.1280820463282835 4.2544071922062 9.103249591498273 -9.471570444288362 4.558749237465066 -3.589506009070219 -2.449130100993394 0.5242432922386248 -4.321823186781506 -1.0205603668621064
233 2796 0 0 0 -3.656169293877743 -1.562343981531312 -0.36663096665619166 -1.926933037587244 0.12382864344419196 0.044239653751449 0.3042933180677402 3.646545946973827 4.125539783236515 4.257969572059616 9.105982046229142 -9.47168550415275 4.555402020861647 -3.588474842325367 -2.457054282220961 0.5244121068366177 -4.326029532818561 -1.0297627761431747
234 2808 0 0 0 -3.653792407096147 -1.5628756252859344 -0.3681134770609104 -1.9240645330926047 0.1231350806279751 0.04120329450587307 0.303984394454741 3.6518903075928506 4.1224844082527 4.259410613118581 9.103502774102004 -9.472908696893725 4.564170055732164 -3.5870122394459667 -2.457451097228856 0.5241393728354886 -4.325934696377269 -1.0308623508770434
235 2820 0 0 0 -3.648944573309207 -1.5626735169337518 -0.3682466279898268 -1.9269236961004206 0.12054124158955581 0.037171395229152276 0.3040173490914224 3.6550137244970244 4.129546581570137 4.263824487249003 9.103075680064869 -9.478059449311875 4.560104155939522 -3.5847645637372567 -2.461195984578239 0.5222174330487822 -4.3341953836820535 -1.034782758837115
236 2832 0 0 0 -3.656214551214098 -1.5633212524161446 -0.36777484725159226 -1.9273421286051793 0.12103231826634495 0.03870540635176961 0.30480961918825844 3.6558408467656416 4.125835909834201 4.259097718919089 9.106037232652698 -9.474089640824221 4.556969598815934 -3.5828080500896697 -2.466068973788526 0.5288483761077573 -4.337615162377067 -1.035858026714393
237 2844 0 0 0 -3.6603371834059786 -1.563023762478137 -0.3670867052456757 -1.9258537781630465 0.12125234113745546 0.039605684659281534 0.2997567656566274 3.6510114010558143 4.120531802643253 4.2614327877769815 9.106487328963459 -9.479830792819655 4.562008073351806 -3.5847369040775177 -2.4555317560081225 0.5322395261518933 -4.3246235289871455 -1.0411720450335895
238 2856 0 0 0 -3.6634578681093597 -1.5629908904450343 -0.36717367900004827 -1.9262675127805857 0.12263220983403841 0.03977804815372591 0.30682865729018843 3.6527967725009653 4.119177450371386 4.258725005715734 9.102897276882274 -9.476416853826272 4.562542032951216 -3.5786323620167684 -2.4553942836146967 0.5336437802063331 -4.323658241772207 -1.0332324739284855
239 2868 0 0 0 -3.655327598803738 -1.5629593337908991 -0.3676548202325247 -1.9271860797448668 0.12280049528011662 0.036902521736942286 0.30766968340726136 3.6563627287265508 4.116833402901327 4.259157934569979 9.097579118275501 -9.468013658705747 4.557909277727264 -3.5752642283610854 -2.4554630119708682 0.5279472531103682 -4.325038122387651 -1.0266340518211445
240 2880 0 0 0 -3.65901892764584 -1.5615608681721114 -0.3666717081130778 -1.9281711834358872 0.12341772745221238 0.035690023782981146 0.30562643606335016 3.6557665194715017 4.119588179475555 4.262334159147279 9.095970795052855 -9.471760778327244 4.560586995442472 -3.572214536451399 -2.4521250872073805 0.5278005165580927 -4.325356484826299 -1.0295487141314166
241 2892 0 0 0 -3.658364060948045 -1.5616339523198632 -0.367469033559224 -1.9280291420967755 0.12426255895426054 0.03472889849311805 0.3043552023415327 3.6509832656867838 4.126124583501116 4.256368882879309 9.102414488545511 -9.470266451875345 4.561265206184498 -3.5729848382162452 -2.449937303555611 0.5316101529514041 -4.32629708936565 -1.0338184323376813
242 2904 0 0 0 -3.6664604897810205 -1.5605865243372254 -0.3681819527646487 -1.9299493692077596 0.12433948693050342 0.03266847213406576 0.30446723284355326 3.658119668586113 4.126925998871226 4.249359935435082 9.104373949630743 -9.46549561465317 4.558991907677222 -3.569809575488297 -2.437959660786977 0.5272100026866895 -4.319462854671004 -1.025610017450464
243 2916 0 0 0 -3.6690607256300547 -1.560440783063221 -0.36919815143304713 -1.9292555324098768 0.12381729128059789 0.03429119355353547 0.3000721946187552 3.654305264055011 4.130398206490042 4.242092073988568 9.10568403152345 -9.46280828128207 4.564244919788814 -3.566077375271582 -2.4337316696940388 0.5245458924278938 -4.3127078571434385 -1.0221539202339949
244 2928 0 0 0 -3.673438089062544 -1.560602852122848 -0.36902358874360996 -1.9291139183293455 0.12331367134107621 0.03553744812131242 0.2998352523359303 3.653343454281581 4.124799946197435 4.243268566676609 9.106647530454252 -9.462884937221785 4.565103898039715 -3.5612337380919827 -2.431345530549149 0.5243876304217885 -4.311843158082829 -1.0176732157875734
245 2940 0 0 0 -3.6706775512679815 -1.5618020160828303 -0.3674147301985988 -1.9281749160950803 0.12192665902884468 0.03697903513138879 0.29964302898932593 3.652148650296751 4.117515845038377 4.251814407515497 9.103546116690982 -9.465573731665046 4.5606129577887256 -3.555026096097065 -2.4291266797399347 0.5242685818510724 -4.315796890294217 -1.025438831323081
246 2952 0 0 0 -3.6693268126702794 -1.5626166174018845 -0.3660471864982528 -1.930018171423137 0.12262253857640378 0.03889360991251276 0.30071610922000463 3.6503064017515845 4.120720104448725 4.2471793007980665 9.103367109809417 -9.46766954943994 4.5570689712857035 -3.561430840572002 -2.4321920220697657 0.5254936390085646 -4.319468155585041 -1.0218572082826936
247 2964 0 0 0 -3.667190957485869 -1.561891848353502 -0.36689914236946525 -1.9281118955111356 0.12373388752837182 0.04013121587906799 0.3014545303921208 3.6510518468575137 4.125601197847671 4.2478501252695775 9.105211373393992 -9.472018191960565 4.561750470243842 -3.5598772205370954 -2.4331697635147713 0.5256973485916999 -4.317084724137095 -1.0236517371080591
248 2976 0 0 0 -3.6665522862402695 -1.5623570187992428 -0.36641359090563524 -1.9278132618948622 0.12332974672423389 0.04007696645508582 0.3023996533860649 3.6503774922863843 4.1240785403772 4.251981816884084 9.10412257666863 -9.470130251792831 4.560611746643874 -3.5587213447353494 -2.4327556387908627 0.5281251024881218 -4.316889268784129 -1.0212670827386376
249 2988 0 0 0 -3.6671707231153294 -1.5623224781107627 -0.3674472375620314 -1.9265679229091761 0.12141695746483278 0.03866079363077361 0.30059312274098404 3.6535648661443245 4.123772029466553 4.252716617253618 9.106419090121491 -9.466744323572854 4.563852096030468 -3.5613751019106563 -2.433890460510635 0.5293745415025431 -4.317138540854527 -1.0203067033954802
250 3000 0 0 0 -3.673333517993824 -1.5616944752847242 -0.36735906129403445 -1.9284739639736137 0.12306982753276013 0.04212235850122205 0.3026084672900712 3.654474787822228 4.129956182911968 4.246217350018117 9.108216599869934 -9.464715870619019 4.5581625930201985 -3.567357874320452 -2.4334289833255363 0.5254983153317723 -4.3139165983135 -1.0184849983077022
251 3012 0 0 0 -3.674800484219275 -1.5610599298856338 -0.36788723807380586 -1.9302082771938314 0.12256232696118581 0.03892113356075633 0.30021639663439165 3.6592647549775585 4.129127436324603 4.243506495356942 9.105386288093557 -9.46250171598101 4.554389891777946 -3.564070150365991 -2.43087845202823 0.5188757559014423 -4.319731456606986 -1.0176047044379477
252 3024 0 0 0 -3.6749429401556886 -1.5612754887379254 -0.3678614113210695 -1.9298012965085056 0.12260811829260382 0.03871542335383466 0.3005792116814442 3.6618739223034282 4.123785280191457 4.243841891310053 9.102890302784614 -9.457336620474782 4.549668854617222 -3.5581966366880304 -2.431277467350482 0.5207827869998629 -4.318601252885614 -1.0225551608779797
253 3036 0 0 0 -3.6722042830735617 -1.5614885910950618 -0.36821504074344313 -1.9284525794980827 0.12266185205793559 0.037372691158036125 0.3026607252188783 3.659791245663423 4.120252139090148 4.244663105732096 9.104389967576083 -9.45874854926668 4.555671654161135 -3.5603482816195444 -2.4347867709386715 0.5237950179643291 -4.32191844720843 -1.0280010837166154
254 3048 0 0 0 -3.6784231073029203 -1.5605282774112361 -0.36793327840088147 -1.9299325503347484 0.12358977312314175 0.03677196819861813 0.30161579435870006 3.6587573302968206 4.124391123315321 4.243505419568808 9.10067928408045 -9.45558456018269 4.5512899600824825 -3.556265358930921 -2.4361271483537332 0.5243378279318059 -4.324742247867605 -1.0314504724246933
255 3060 0 0 0 -3.677576121600014 -1.5599343977417164 -0.3690016417208251 -1.929229149951769 0.12336271728938838 0.037089331099599145 0.302056297401094 3.659301583835428 4.125182961237047 4.244468864460372 9.101209455187341 -9.451919280531303 4.549930834640142 -3.5577893957454783 -2.4425839019158095 0.5254041354047992 -4.328983395065652 -1.0277636810267312
256 3072 0 0 0 -3.676078215236833 -1.5608223874221197 -0.36838519958086724 -1.929131062395393 0.12323468431624114 0.03664706477361266 0.2990250956630017 3.6548921613081453 4.121843028698187 4.247460794271185 9.099790772392591 -9.457576135139961 4.549862038732431 -3.556382460159941 -2.4409985802106116 0.5240784333923987 -4.335817371176473 -1.030067741675203
257 3084 0 0 0 -3.6744489896963572 -1.5608935270811726 -0.3682682815394214 -1.9292653748449466 0.12264766355570864 0.03593562498992542 0.2955008523214299 3.6597656794268385 4.1228269817604275 4.24286379641364 9.098257737237386 -9.450704422774072 4.5492300186888075 -3.5524569332359026 -2.4401230652278727 0.5206740481484603 -4.334146917180298 -1.02683017648582
258 3096 0 0 0 -3.676349151193841 -1.5606551639951083 -0.3678409644075361 -1.9289876161943644 0.12194023208767774 0.03521716426841274 0.2989080279797305 3.6633229870534296 4.1306676723067355 4.24061985112515 9.09841152462178 -9.44735417833674 4.546698655110234 -3.5481527819619116 -2.4418903237429976 0.519974118226951 -4.338417691332079 -1.024442323870302
259 3108 0 0 0 -3.6750740458916136 -1.5612159786187623 -0.36723752807318616 -1.9302964676661534 0.12276953369756553 0.036330254654060215 0.301138284091163 3.6623791291372276 4.126568889556146 4.241910547436808 9.099428853836807 -9.452397881858982 4.550271315640909 -3.548786337818264 -2.4389904772557665 0.520592747294912 -4.335767327176604 -1.0242491034574095
260 3120 0 0 0 -3.670807831320121 -1.561792214890849 -0.36766134902545805 -1.9282092652074376 0.12227560231735791 0.03839016820049336 0.3001148562966092 3.6623155262289946 4.121520286519123 4.2437886970409355 9.099014705179085 -9.452673011239218 4.5519488212262855 -3.5460954242972007 -2.438037488897617 0.5220055988050648 -4.335572395186055 -1.0215730347505267
261 3132 0 0 0 -3.673890926845493 -1.561226031634265 -0.36758254286821046 -1.9282686825244664 0.12151537166994858 0.03646818494943703 0.2990543314322411 3.6641999781282166 4.124064606761645 4.245387017987454 9.101961231236677 -9.452856792261795 4.551751398896347 -3.5412976994168934 -2.434369271271691 0.523135644668272 -4.336818574717803 -1.0221835980954423
262 3144 0 0 0 -3.6736241705380155 -1.5610794046303265 -0.36749937650795944 -1.9288196970283653 0.12198463747079293 0.03507109453653176 0.29675989398229446 3.666603920269208 4.123004942585156 4.245191837978834 9.100369132225367 -9.452395049993763 4.550130694661382 -3.5415410973748616 -2.427292987534195 0.520352411849735 -4.331396680765023 -1.0191721332430632
263 3156 0 0 0 -3.6748840408998866 -1.5609659796789088 -0.3667216824875516 -1.93053608696798 0.12389978838318692 0.036940572954064006 0.2990557114253296 3.6642433744406193 4.120508329713776 4.246156544602318 9.096310384932995 -9.448934554406392 4.546634147251816 -3.5415371743350144 -2.4290559556693507 0.5185457210790332 -4.3312808916238605 -1.0232160463455822
264 3168 0 0 0 -3.675129599469436 -1.5614400985275727 -0.36593915723310355 -1.9320314499099083 0.12523423756635377 0.03681022346452657 0.2995092368554086 3.6632126265530105 4.122590421978646 4.248069644045754 9.094691815822912 -9.443967474927737 4.545559300520296 -3.5403778038866673 -2.4294755366818594 0.5197056616904886 -4.33258156784502 -1.0259967473678293
265 3180 0 0 0 -3.6736914236464306 -1.561510692742216 -0.36581404585173005 -1.9316543673271134 0.12393826635969159 0.03563223648248824 0.29540313405162516 3.6615517217467515 4.1245129525650315 4.249417401180245 9.101362208173907 -9.445507379904875 4.545647546303743 -3.541267071111447 -2.430799468598012 0.520351343453095 -4.338584502057797 -1.024697299524869
266 3192 0 0 0 -3.674105844817819 -1.561185173062038 -0.3654612550505564 -1.9322688836283102 0.12467401626029731 0.03432013320092823 0.29486664198463897 3.663004280080842 4.1268367497067056 4.24531619906904 9.100644193470796 -9.444531101555096 4.544915035804881 -3.541949945034565 -2.4309043647597695 0.5169421055135572 -4.3388952459006624 -1.0248791217647757
267 3204 0 0 0 -3.676480630178542 -1.5608840779836264 -0.3655332500120791 -1.9326510700523327 0.12536356685105976 0.033287936690040675 0.29212255378182084 3.662910529507299 4.126739055713189 4.244727239540738 9.100851101273197 -9.44218828040995 4.542530598934314 -3.5368079291332997 -2.426375653492612 0.5166912785907943 -4.340325076753495 -1.0220472835630334
268 3216 0 0 0 -3.672903118909425 -1.561497677014959 -0.3661534872181225 -1.9334962420657358 0.12443458474874755 0.03067405193203669 0.2921492199925466 3.660375187507255 4.128202284095537 4.24384755483257 9.105770200917226 -9.444860402651056 4.547003214818975 -3.5387613646474203 -2.425029361799297 0.5153299247436929 -4.340403816561535 -1.0181311298361722
269 3228 0 0 0 -3.6755256875426494 -1.5615212342127869 -0.3655114498493663 -1.9332239613112836 0.12421132020615155 0.03391777214030952 0.2942922756123744 3.6614153922409116 4.125067492432578 4.241728333790188 9.104759570616551 -9.443581302876153 4.547147910251539 -3.539034063619071 -2.425029801912865 0.5148069085470414 -4.340064572798827 -1.0155353757554
270 3240 0 0 0 -3.6715878959140635 -1.5610510045441697 -0.36599838893123765 -1.9326489213469114 0.1244373805846598 0.032597290378483794 0.2911623436007183 3.6615333700623913 4.125292490379977 4.244766351838388 9.10414853591972 -9.446171147241076 4.549425768631956 -3.5400160887881253 -2.4298075005322883 0.5154643825444651 -4.344390454070974 -1.0200500731295914
271 3252 0 0 0 -3.6725005163268816 -1.5610584683986133 -0.36670018181723385 -1.9318218873431185 0.12442536655431892 0.032126488099039875 0.29139198471764743 3.6625604064807926 4.126480028055222 4.2436135799600185 9.107769526639148 -9.446071609444093 4.5486420588718435 -3.5361271920848116 -2.427243738688456 0.5167117349342776 -4.346961473083365 -1.0147992390343439
272 3264 0 0 0 -3.6779000421377055 -1.560305852033197 -0.36651140166660856 -1.933320810887431 0.12581330041105204 0.03208463035688681 0.2926433770059083 3.665375563137902 4.128529835879264 4.239312109208025 9.107881449915032 -9.444594354861506 4.552318509516914 -3.537517837347526 -2.4268908919965884 0.5161268318184751 -4.345662536848039 -1.0127198185807498
273 3276 0 0 0 -3.6749974012558377 -1.5608883751873122 -0.3655448060234219 -1.9330567346002012 0.12565458578715188 0.03426587665541434 0.2931204041980878 3.662826618644553 4.127020263076184 4.244278432661483 9.107750527555185 -9.446354981003438 4.550906234717546 -3.5370063705637773 -2.4312958007243988 0.5157029402756391 -4.347892479493892 -1.0138314021645982
274 3288 0 0 0 -3.678792064110526 -1.5602176591268924 -0.36601752754740796 -1.9338050753754445 0.12666474600611588 0.03374941156458512 0.29443880023358626 3.6641235327934805 4.126396794166793 4.24171741073441 9.107596607686682 -9.442766099403913 4.5497740965417925 -3.5379814062480124 -2.4289130513625468 0.517289331483317 -4.343602842576163 -1.015237061525066
275 3300 0 0 0 -3.681391977336594 -1.5599270468355337 -0.36608353958347456 -1.9339228770977417 0.12713696647335276 0.03375407818961653 0.29549997989822957 3.666355008835091 4.1257766668351135 4.2392166302177365 9.105617940035575 -9.441765791404647 4.549949643297222 -3.5354845109930064 -2.4281305652990546 0.5162336350049049 -4.3457038647925765 -1.0162617189865606
276 3312 0 0 0 -3.6812372957473696 -1.56040253657941 -0.3647844969962924 -1.9347199515527127 0.1269293804795986 0.0344532015676428 0.29490997453145373 3.6645296266737466 4.125037688717138 4.240622073762295 9.107342775945787 -9.441252648751941 4.547862138756181 -3.536491447297225 -2.4255964581340135 0.5158426623398484 -4.347017454810912 -1.0179786560993123
277 3324 0 0 0 -3.6794384403681444 -1.5608928176916672 -0.36420533563481416 -1.9354169528835503 0.127070555640278 0.03438714115522576 0.29358968939820707 3.6614785633149007 4.124974148832199 4.242874315193533 9.106655822260018 -9.441869128244162 4.548277144855869 -3.5353969085245933 -2.4239291027533887 0.5137189166673967 -4.347298069188354 -1.018220971652813
278 3336 0 0 0 -3.680332744354466 -1.5608004282264327 -0.36416470477702134 -1.9358363420490976 0.12724569978084724 0.03464496292301293 0.2947164468437184 3.6619592314848157 4.1261664139438885 4.244438702531276 9.108014982786521 -9.441269852316942 4.54829811236678 -3.537311904622084 -2.4262792379017633 0.5143743718823259 -4.346665566788022 -1.0190563806777364
279 3348 0 0 0 -3.6811229360050914 -1.5608908433081043 -0.3637615941126536 -1.9365807014577114 0.1275320121924136 0.03365694420791102 0.29428916864370613 3.6590086406497213 4.128429595221513 4.249333820390864 9.106947087917838 -9.446791357994126 4.550140349337282 -3.541154668907672 -2.425085490237636 0.5146733490966545 -4.342988623645039 -1.022346496688978
280 3360 0 0 0 -3.6808988011179626 -1.5606578439862622 -0.36395595638761297 -1.9368643926570503 0.12725826843979013 0.03269391887647078 0.2936477809602704 3.6588560330898283 4.127912116105429 4.247918440710441 9.107946135064596 -9.449469743334985 4.549844442020836 -3.540140075172083 -2.423435590280818 0.5106515797182475 -4.343884557688905 -1.0231993158549118
281 3372 0 0 0 -3.6781218898199786 -1.5610168047205584 -0.36441877376603987 -1.935516931765407 0.12627441333364026 0.03318854472754276 0.2933862501162472 3.6587940032977007 4.124827529363148 4.250838550178578 9.105393154452653 -9.45020000127794 4.549876545442948 -3.541907171295086 -2.427617689913928 0.5116772518919743 -4.345400433537405 -1.0236111583857261
282 3384 0 0 0 -3.680142826399451 -1.5606964249492468 -0.3644974118648665 -1.9349177272723483 0.12659424375944914 0.03364288087412852 0.2922621536234116 3.6595533406648317 4.126067617233558 4.24964846460625 9.105007833968278 -9.446770229117156 4.550199872702075 -3.543690652284851 -2.428535825499315 0.5133346901761626 -4.342888984819974 -1.0209623540652017
283 3396 0 0 0 -3.68139305593362 -1.5605192417696738 -0.36473782644043884 -1.9348316830806755 0.12616624038452376 0.034068796421143153 0.2922478769277093 3.659631283668013 4.128548698149815 4.248202378277351 9.105608903944193 -9.447367846550762 4.550505043435899 -3.5479493423006736 -2.43138515770475 0.513029246697161 -4.343985897525357 -1.0217452885731437
284 3408 0 0 0 -3.6820259791217715 -1.5608850747116607 -0.3642058604805477 -1.935561455323979 0.1261080950882154 0.03548704486672057 0.29357209399565454 3.6582874054890464 4.12783269843233 4.249602960561816 9.103941516779633 -9.44596691150486 4.54972746933263 -3.548331482970107 -2.4355502813970307 0.5120007050110524 -4.343136822278323 -1.022244074460688
285 3420 0 0 0 -3.6817723887264084 -1.5608828034462312 -0.36486667897048003 -1.9351521685098594 0.12559666734112307 0.03556979831240289 0.29353729633190534 3.6581879616111053 4.127639380003775 4.249487666744905 9.1032762683707 -9.445474397683038 4.551168115872987 -3.548101490363148 -2.4391918782674082 0.5128269615490014 -4.342205820921419 -1.023023539008904
286 3432 0 0 0 -3.679059412466235 -1.5613913197136524 -0.36424060545328796 -1.9347961076852151 0.12563726335995978 0.035995408189263056 0.2938383817263698 3.6584784423511976 4.126154733221537 4.2519984617129705 9.102350442009682 -9.444138498897217 4.547910649191042 -3.5470187476603363 -2.4420292105192303 0.5141698226392889 -4.3461777548709195 -1.025558198802891
287 3444 0 0 0 -3.6817118003170117 -1.5611204012313946 -0.364408905743246 -1.9344190812233037 0.12587242757279732 0.03572587395665492 0.2948975493189877 3.660417125547006 4.126044741934306 4.251948816187508 9.099149908253997 -9.443878467829508 4.548464946130193 -3.543891789272619 -2.4422763080844265 0.5146662312309473 -4.345444633045411 -1.026443771700622
288 3456 0 0 0 -3.6811264014139464 -1.561156708091114 -0.3646340233731204 -1.934157982852495 0.12540827603888915 0.03677350642572075 0.29563675287746016 3.6593909876586075 4.127044747970359 4.253234981751817 9.098337187692673 -9.443226361411474 4.547152883185335 -3.545444774704982 -2.4467002574882923 0.5123781463244546 -4.344588496240431 -1.027909542797459
289 3468 0 0 0 -3.678902012921803 -1.5614565004480792 -0.364624851407372 -1.9338359149062987 0.12504432027157322 0.03688842139491233 0.29470632358610827 3.658846736274424 4.125476811980404 4.25071757188482 9.09703620231868 -9.443708645422529 4.5490634791584235 -3.546230907772873 -2.4459138250336823 0.5129218006079117 -4.344301685953568 -1.0276660735254741
290 3480 0 0 0 -3.6784108384558016 -1.5616017289038955 -0.36414713658149955 -1.9339703201913645 0.12548099432075038 0.038963409483485666 0.2961284026379109 3.658058646576011 4.122990814584352 4.251856818541392 9.096291760303496 -9.443711284336059 4.548154805601382 -3.546486684978512 -2.449900274311875 0.513200607749046 -4.346602466723618 -1.0262632069001856
291 3492 0 0 0 -3.6762453242803184 -1.561831317263848 -0.36390833859129545 -1.9338632890624905 0.12546115899584837 0.039283401062294276 0.2959412089730889 3.656854389752165 4.122133243108184 4.253438266750271 9.096404120023132 -9.447666420647812 4.549419461767643 -3.5456025793251897 -2.4489528714219193 0.5135274793699789 -4.347470329612184 -1.0254959480262391
292 3504 0 0 0 -3.6778938570496096 -1.5616574479322562 -0.3637848842574301 -1.9343051921023668 0.12547089026713815 0.040043316502471414 0.2959147046381163 3.656159954198371 4.120344291119625 4.252052546303242 9.096580109429752 -9.444978490227408 4.54970545135835 -3.5462875199372372 -2.4487486067629045 0.5131259136166351 -4.346201802320922 -1.0231548804879333
293 3516 0 0 0 -3.679626439251662 -1.5615083972477513 -0.36362475641762926 -1.9345512119759456 0.12628235441378544 0.041122327484050154 0.2969483540922993 3.6561133844286786 4.1227922548904665 4.252323351294821 9.094511103617874 -9.444943354213478 4.5495456519953255 -3.547540723972123 -2.45124441806912 0.51247767107097 -4.346123660557169 -1.0251970381791264
294 3528 0 0 0 -3.6790139567984323 -1.56157801831919 -0.3635876122922268 -1.934648884382888 0.12612549991897976 0.04124095379388407 0.2964304790970379 3.6552490611128454 4.124360983580155 4.2559483496246 9.096956833969355 -9.445814161661938 4.549415172431762 -3.549769760463392 -2.4534601000266414 0.5149863995272622 -4.347136111386774 -1.0281505240859887
295 3540 0 0 0 -3.6787881428629765 -1.5617900274048964 -0.3632070827140565 -1.934721673419285 0.1261261364852319 0.04155830783786177 0.29719669456390446 3.65529842434389 4.124169491402876 4.255260407328414 9.098655322490224 -9.446010856337614 4.5488524848733976 -3.5490101760682204 -2.4542824874761484 0.5162053299987159 -4.346222215495204 -1.0276709282941945
296 3552 0 0 0 -3.6814808147716884 -1.5612394880558698 -0.3636865993230443 -1.9344570019914396 0.12624430316707708 0.03910073995038761 0.29628605589993584 3.6580022597654254 4.125162994141764 4.253528732918433 9.10010090644329 -9.445863346606648 4.550296337426224 -3.550342899950212 -2.4529399856438006 0.5171472791397403 -4.345594375332971 -1.02830880649182
297 3564 0 0 0 -3.68134925955508 -1.5613619158590373 -0.3635474564625028 -1.9349291072329629 0.12636299777101073 0.039753360889103875 0.2973967355202314 3.655798723456131 4.1242990841398735 4.254505423376701 9.099907526623735 -9.445657745578806 4.549924299568909 -3.553498732039294 -2.4535610099073977 0.51723868969738 -4.345923751661557 -1.0276205019776914
298 3576 0 0 0 -3.6815249828463767 -1.5615756787655823 -0.3631967402393689 -1.935283820256625 0.12629850257521358 0.03917121698976272 0.2959076136862985 3.6535650819628294 4.123895423987162 4.254427217955898 9.09993015487434 -9.446162636755309 4.551192774498461 -3.5532654105387906 -2.4530412461781625 0.5168815132887556 -4.346536049227354 -1.027625974957878
299 3588 0 0 0 -3.68172196967481 -1.5615967691635786 -0.36320082397229575 -1.9352543061160026 0.12614108760159026 0.03992274938945733 0.2967879196246217 3.6547313541695945 4.124531865737991 4.2543985936784114 9.097689268783293 -9.444879473888037 4.5515155279169415 -3.5546819947074373 -2.4561411314343466 0.5170428410184629 -4.3475806970870785 -1.0280388640428217
300 3600 0 0 0 -3.6820648730638847 -1.561498495356986 -0.3635405015745242 -1.935125090131139 0.12616885317465895 0.03992446627749424 0.29802281875165343 3.656365669464722 4.12488210078428 4.25184633993665 9.096175767156758 -9.4441418900362 4.5514583827906065 -3.5532258666074243 -2.4564859763723614 0.5171783870650721 -4.349633755769964 -1.0262610892000938
301 3612 0 0 0 -3.683642586811419 -1.561305637268488 -0.363473549329664 -1.9354624584854268 0.126578976121881 0.0405160709624577 0.2983981395701309 3.657690338076097 4.126708099328896 4.251252352298769 9.096986551370827 -9.44372695334735 4.551700864125428 -3.552598670847066 -2.4556769028228156 0.517707019476331 -4.347567968496661 -1.0255160598449649
302 3624 0 0 0 -3.683993381858825 -1.561291556919938 -0.3632492743755962 -1.9358858522283973 0.12681457507850138 0.04133181314227351 0.2988008965223712 3.6573364412576255 4.126490345599821 4.252437444748379 9.097103236111428 -9.443631276094772 4.551978553912314 -3.551777354950595 -2.458699585540784 0.5176361610430416 -4.349350170918639 -1.0255683574378758
303 3636 0 0 0 -3.6857165037914266 -1.5610018686943206 -0.3632694014422016 -1.9365369719530778 0.12698597278158105 0.04209177945447904 0.2993706525579224 3.6575567653744283 4.1266693146136175 4.2518986329736945 9.09641372485024 -9.44139381868672 4.54931678535076 -3.5520192066088616 -2.4573686736500866 0.5164097446662249 -4.348162233010022 -1.025277457497489
304 3648 0 0 0 -3.687726108168072 -1.560628061019194 -0.36347040700211297 -1.9371396828406466 0.12707499439923936 0.04217641079330118 0.2994055476901075 3.659050095747634 4.127625266894623 4.249927548752595 9.097138971332814 -9.441089566122765 4.549456819999455 -3.5511691361940345 -2.45612178041483 0.5155157743183771 -4.347781411721767 -1.0239195428817667
305 3660 0 0 0 -3.688813083476873 -1.5604255021691549 -0.3636442433299866 -1.9371071184442719 0.12729633766337056 0.04215777040259122 0.30017245418653904 3.66071901260404 4.128168987172535 4.250128922460989 9.095649846057885 -9.438964768837462 4.548936695609944 -3.550663000668565 -2.456502091039567 0.5168252051799318 -4.346780219115263 -1.0249007664694803
306 3672 0 0 0 -3.6885054753841806 -1.560598242873748 -0.3634809707321017 -1.9374184609872407 0.1274117212667291 0.043502717743924064 0.3011082055411651 3.6606044626036667 4.12839558586005 4.251828671374639 9.094251311101745 -9.437610354436632 4.547865278409341 -3.5535236835725077 -2.461002812329095 0.5171931451286875 -4.347668306783562 -1.0260129353851009
307 3684 0 0 0 -3.6871711022369213 -1.5607595547392903 -0.36312529425921347 -1.937257573717649 0.12740830110669296 0.04376105322544233 0.3012244380880305 3.6598520574604088 4.127719027396653 4.252996735984734 9.09106652170808 -9.438540548580235 4.547517062557315 -3.554384809701282 -2.461714095555287 0.5161259690237536 -4.348565260417409 -1.0268020020465907
308 3696 0 0 0 -3.6884882197308593 -1.560821626452051 -0.36288272652412673 -1.9372868828529082 0.127511474020869 0.044022971921064594 0.30148906827556887 3.659715590690901 4.129502837755174 4.255048575399562 9.088577016137634 -9.437640776020789 4.5471006960362415 -3.555415628978904 -2.464359360738815 0.5164125607834821 -4.347914113280741 -1.0276192047668826
309 3708 0 0 0 -3.686027775193726 -1.5609693069211683 -0.3633332055316891 -1.936690288452304 0.12701113112618947 0.042953615193599616 0.3005955346562552 3.657743082209549 4.128702284159229 4.256338139987404 9.089680010887545 -9.440703850178238 4.548010828941795 -3.5548080788063032 -2.461937001802607 0.5162289263220639 -4.347507812148232 -1.0299624652385257
310 3720 0 0 0 -3.68556368367999 -1.5611793268869307 -0.36294643894392614 -1.9369903072927062 0.12695883042295056 0.04273177388451575 0.3001405152497135 3.658185306896233 4.128480968325033 4.256497555760313 9.090684161276986 -9.44241835102994 4.548745147227461 -3.5547019810074634 -2.459423391275263 0.5157466927320462 -4.347705548501269 -1.0289077632239818
311 3732 0 0 0 -3.686762711527684 -1.5611740205210345 -0.3625736693798942 -1.9374215616988324 0.12753140716501832 0.04351446565251352 0.30107512163442635 3.658137058403798 4.127692859700997 4.257418865546723 9.088478203712667 -9.441483700039443 4.547726955507856 -3.556039189377757 -2.4608386314464266 0.5155506320807224 -4.348642932601371 -1.0292790537864667
312 3744 0 0 0 -3.6878537403686216 -1.5609085937832186 -0.3626007188405981 -1.9377328844492543 0.12776025622960113 0.042806143262514404 0.30077424746237513 3.659289740625121 4.128500321449771 4.2571746085526305 9.089309239961512 -9.440803400130642 4.547687562441831 -3.5547340714307865 -2.4584253815394983 0.5163034800789166 -4.347965565839822 -1.027069038044098
313 3756 0 0 0 -3.6885567806128856 -1.5609261051737608 -0.36236460674243653 -1.9380199965351557 0.12789240186854217 0.04354864409884101 0.30064250584239816 3.659511344110777 4.1286249994799284 4.255606196455527 9.089677387523066 -9.43892341548457 4.548394508682721 -3.554952243622439 -2.460381244041794 0.5156614340456804 -4.348857727565383 -1.0241654969160507
314 3768 0 0 0 -3.688042748699703 -1.5609345473466374 -0.362306263288324 -1.938006768597447 0.1280105507612627 0.04430106910481617 0.3011192404643447 3.6597095473022496 4.128242173407005 4.256657894798193 9.087631320419819 -9.439361347940983 4.548563752216404 -3.5555732737675005 -2.4612545967811017 0.5154710930703441 -4.349303440726596 -1.023800784661718
315 3780 0 0 0 -3.688855811151716 -1.560752044102731 -0.3623774466066231 -1.9380658002010662 0.12829455035141155 0.043204144654423945 0.3006959248774701 3.6599709648457073 4.1283764603710145 4.256773503745348 9.089723232722097 -9.438928022272416 4.548788880791287 -3.553961955843974 -2.4614923455504636 0.5181504811283774 -4.34980689198584 -1.0254689289045267
316 3792 0 0 0 -3.6894773826462375 -1.560695749116561 -0.36250500964108695 -1.9382764260749974 0.12848984420049162 0.0440580466516615 0.3015839594153942 3.6597969432263464 4.128582392620506 4.256351108946072 9.090515093488445 -9.439637276146168 4.549110346922719 -3.5569575264585525 -2.463343169245614 0.5185309044386333 -4.34833807452023 -1.0258048561671127
317 3804 0 0 0 -3.6892344417683596 -1.5607412303025348 -0.3623967545303694 -1.9388429137276453 0.12864647362710319 0.04394621879522873 0.30158294388911133 3.6601998576512162 4.127723906488756 4.2583028350867895 9.089624139050564 -9.438931901953165 4.548674462660658 -3.55758367050558 -2.4654390669808723 0.5186471819882639 -4.348653062273965 -1.0276709309627299
318 3816 0 0 0 -3.689533509275037 -1.5607586523390358 -0.3621538080647624 -1.9389532726309362 0.12885240122153102 0.04429651456284188 0.3019560321795579 3.660285714364865 4.12773986063929 4.259810246091999 9.088147763920777 -9.440234741151444 4.5501661073885815 -3.5587381217882865 -2.466944988821208 0.5184009082957801 -4.347536795522253 -1.027406860705545
319 3828 0 0 0 -3.6886864937036785 -1.5609383452086996 -0.36185122560571376 -1.9388008286696885 0.1289043556090774 0.04426405006297841 0.301835232872784 3.6595763521962397 4.127618380392221 4.259834481651627 9.08765204692304 -9.440251671025353 4.550169222297577 -3.5594261997612757 -2.467167588256791 0.5172719503017102 -4.346623190793758 -1.0286175903168182
320 3840 0 0 0 -3.688510484101264 -1.5610799078085824 -0.3618920001605251 -1.9383091529132965 0.12877729656253695 0.04443715329885499 0.3012287953836317 3.659325960115537 4.126618924101052 4.260671612093602 9.088218025066045 -9.441390147619057 4.5519010200260395 -3.5613628269156163 -2.4665217129899806 0.5186508415217226 -4.34611114902085 -1.0261447763352547
321 3852 0 0 0 -3.688370885667529 -1.5610056569441335 -0.3620954432346538 -1.9384708004552893 0.12869742162141867 0.04329733408160031 0.29964884402927777 3.661264955194013 4.127377719703736 4.26027903625051 9.089357326711617 -9.440448091003104 4.5521533614678455 -3.5604039430896988 -2.465122239902966 0.5185490022891378 -4.347154149094375 -1.0242184713709854
322 3864 0 0 0 -3.687519724937699 -1.561044218271391 -0.3620275573751082 -1.9382560031709282 0.12849979838516382 0.04355301498453919 0.2999701077342888 3.661007440118537 4.12664328500248 4.261680052381756 9.090251641238018 -9.440811179436212 4.551284756527557 -3.5608634751941386 -2.4661478175180864 0.5191761400772138 -4.349089258026527 -1.0250440162033208
323 3876 0 0 0 -3.6885610217403446 -1.5608053452481874 -0.36219515651499384 -1.9384102040153133 0.12874894379960863 0.04284379500784496 0.3002695315658287 3.6627792126703484 4.12662331370026 4.260840244177717 9.090389288369765 -9.441239291118903 4.55248546723775 -3.5606108177240063 -2.4657025835743296 0.5190923713583533 -4.348374180943784 -1.0250673954787384
324 3888 0 0 0 -3.6877740147294173 -1.561014243608596 -0.3622899377247803 -1.938198882266638 0.12812989203351932 0.04315398677765946 0.299969154563685 3.6619972722677536 4.126787492931438 4.260716279176587 9.088358707097925 -9.441441654875476 4.551622054688496 -3.5608778036450435 -2.466620442565072 0.5176782766721837 -4.347453317702986 -1.0246720276341015
325 3900 0 0 0 -3.6870257394703603 -1.5609962556100037 -0.3622698130274712 -1.9382524308458944 0.1280469012431966 0.04206964137057305 0.2991817062807644 3.662675073742894 4.1255576088834935 4.259781954578081 9.089456052337871 -9.4406661854806 4.552046827928156 -3.5594366413561196 -2.464469998451969 0.517619197287784 -4.34814983741014 -1.025775707050811
326 3912 0 0 0 -3.6876063044379706 -1.5609694221908237 -0.36221995560410647 -1.938302159617919 0.12818373838301209 0.04241449542766967 0.30008160144582924 3.6640732783836363 4.125128561493954 4.259604589604027 9.089019326644864 -9.438844238310825 4.550071969495026 -3.5591528082566866 -2.4645911170090113 0.5180293665741954 -4.349265287035253 -1.0260531450576431
327 3924 0 0 0 -3.6873719839019716 -1.561224462750152 -0.3616827684194922 -1.938216353549839 0.12832796400193416 0.043727288980149354 0.3006085764498542 3.662403591873894 4.124549981481664 4.261246285650754 9.087338778202888 -9.439273728865372 4.549857674705216 -3.5616945338546517 -2.4670284369191657 0.5184243803698182 -4.348959285286938 -1.0268867790791756
328 3936 0 0 0 -3.6874076668708198 -1.5611371481531822 -0.3618990260522142 -1.9385181535406748 0.12824928605899105 0.04409478666344797 0.30153667115566407 3.6614123132669727 4.1243111745362135 4.260769598898315 9.086490974211792 -9.439730980851127 4.5508201363504694 -3.5633785462014465 -2.4684431484218 0.5192530105283751 -4.3488124559509895 -1.0281164096053492
329 3948 0 0 0 -3.6885103069418066 -1.561137279908743 -0.3615874486766624 -1.9387589833291348 0.1284824661577052 0.04526003401840875 0.30301788416371567 3.6614261398050214 4.123750794583714 4.260908675362643 9.085047334053677 -9.438949746059242 4.551172072821306 -3.5625310921737467 -2.4702367512549115 0.519769785659334 -4.349872494279152 -1.0285712676637881
330 3960 0 0 0 -3.689408800424789 -1.5611026573011189 -0.36147202371291337 -1.939143175220789 0.12862810704905606 0.04545640228053744 0.30264651058726083 3.661967948406533 4.124578439575719 4.259825899770979 9.085953607136132 -9.438967254455406 4.550267809120588 -3.5624344678707405 -2.4682965682887996 0.5186172886247857 -4.349630065794688 -1.027047743694111
331 3972 0 0 0 -3.689274648534374 -1.5611215165907406 -0.3615074522594881 -1.9389534402489077 0.12870419291530474 0.045167772367939375 0.30261603379421836 3.6617989045337103 4.1264389132075845 4.259638353503059 9.085861094346718 -9.438701908004214 4.550703037616051 -3.56330907077951 -2.4691701720179418 0.5186222963037587 -4.348475291807496 -1.0273170536890643
332 3984 0 0 0 -3.6898405270399053 -1.5609852030736795 -0.3614917435689332 -1.9391044295319981 0.12883007071590935 0.04501793120359342 0.3022114900312511 3.662198089556032 4.126288254792773 4.259789551042721 9.085642583957267 -9.438246874421285 4.55012009914399 -3.563105652115872 -2.4703970030549325 0.5192525794101777 -4.3491664715108005 -1.0292949831305473
333 3996 0 0 0 -3.6893954553113573 -1.5611199253092676 -0.36163159641219733 -1.938905121501891 0.12862485576927568 0.04498695023463338 0.30225418548996824 3.662034299828715 4.126992099030509 4.2603650882825255 9.084087566918573 -9.438007376937378 4.549837924907957 -3.5616639779477954 -2.4702840071011094 0.5190322144229849 -4.348871052091816 -1.028694477221569
334 4008 0 0 0 -3.6892949047025008 -1.5610808565640075 -0.3614960854868167 -1.9388321873524228 0.12872256009114835 0.04472449880587303 0.30185315108264915 3.662586894891181 4.127296668064707 4.2594975237634625 9.08490353917661 -9.438026379974453 4.550276295769529 -3.5625632012214887 -2.4699717031787256 0.5190836898991488 -4.349879524218922 -1.0281814267305822
335 4020 0 0 0 -3.6888615073107425 -1.5610457327944165 -0.3616126225396367 -1.9386797470926491 0.12856750628907612 0.04434591502428566 0.30123635481735106 3.662213790042461 4.1280018194151475 4.260391196433079 9.085406169633137 -9.43831048960803 4.550434072983326 -3.564025139134529 -2.470806649113853 0.5199591322931651 -4.349796169978234 -1.0294187075301462
336 4032 0 0 0 -3.688515163891657 -1.5612097751878844 -0.36150313160845193 -1.9386705854158106 0.1284842067938571 0.0441621167444386 0.3011323763746516 3.661539283397208 4.1285345623140435 4.260680964270001 9.085029018787756 -9.438968400212254 4.551135460280428 -3.5640244005816073 -2.4717076591956255 0.5205178823755878 -4.349908217911623 -1.0303860089518917
337 4044 0 0 0 -3.688854419902696 -1.5610443555579714 -0.3616868047953375 -1.9389103196372952 0.1284229737936931 0.04381378703010287 0.30056892228620774 3.661220648524651 4.1295975184831475 4.260004209412289 9.085005291570404 -9.438484906307284 4.551030934973215 -3.563613577662555 -2.4706355480346023 0.5194634867249072 -4.3495158970600185 -1.0301289076684728
338 4056 0 0 0 -3.688344852806811 -1.5610687797813338 -0.361794310112669 -1.939132812314453 0.1285286379992576 0.04381567716455499 0.3010879933332781 3.6611921583445097 4.1288278529056335 4.260630332861771 9.085472990429734 -9.438082688729251 4.550661892107808 -3.56434803190324 -2.4707799511858033 0.5199826624524546 -4.349846108181154 -1.0303294306321102
339 4068 0 0 0 -3.6881259659672048 -1.561047837031025 -0.3616239609455879 -1.9389558217429261 0.12852160782389682 0.043955676675085535 0.30036179943268765 3.6609437218543173 4.129402251010372 4.260989056706674 9.086335427978291 -9.438127695485381 4.551089781278226 -3.5645232704355037 -2.472141748586839 0.5192553437625326 -4.35004101680368 -1.031178374370552
340 4080 0 0 0 -3.6883299922112283 -1.5610039438625265 -0.361580231644019 -1.9389980024641111 0.12851774130710403 0.044258755970925136 0.3006064066986275 3.6611031186136294 4.129180767678352 4.259606378375606 9.086263200828977 -9.436743892911698 4.550253230427559 -3.5643335464035752 -2.4715863371242026 0.5186919071427114 -4.349851016425592 -1.029486064312099
341 4092 0 0 0 -3.689169538433669 -1.560859743262598 -0.36174827921204294 -1.9390034169493422 0.1286856405997794 0.0444776127119181 0.3010862437653064 3.6611966499730553 4.129862132059428 4.258949017571206 9.086835121189447 -9.436866706592845 4.55041849455327 -3.563639698518131 -2.4723169902416493 0.5180854909934243 -4.350320744282547 -1.0286367935525176
342 4104 0 0 0 -3.689226146794289 -1.560944291802799 -0.3616680859894524 -1.9388189619460288 0.1286145140740647 0.044823860579490914 0.30126004306328086 3.6618839591947374 4.129336314443467 4.259536460933909 9.085940562664794 -9.437207882078372 4.550858119389563 -3.5632210404380293 -2.4726051414867882 0.5175784087172184 -4.350110385075552 -1.0285871371913666
343 4116 0 0 0 -3.689861983065319 -1.5608618802890808 -0.36190223162852575 -1.9389043368768135 0.12848259909968057 0.04489186282750012 0.30161383061569547 3.6626825407231873 4.130153064781318 4.259252069995473 9.085939116444603 -9.437012316985216 4.550607064049089 -3.5627975913713734 -2.4730577232525714 0.51705374568721 -4.3500808511670375 -1.0284139823080172
344 4128 0 0 0 -3.6907434941526707 -1.5607294987126235 -0.361912500600535 -1.9389778445871302 0.12865932744229283 0.045104310968902404 0.3020513976864018 3.662628276479225 4.131593545825722 4.259071452176494 9.086173095960412 -9.43658736287543 4.549771317627612 -3.563055064953839 -2.473022851314825 0.5166370554272486 -4.349929172961695 -1.0281598161570735
345 4140 0 0 0 -3.6905546219123226 -1.560738557319662 -0.36188892808496664 -1.9391363575670453 0.12867356257823936 0.04516732361194661 0.30179852452260736 3.6618047941821 4.131717179968245 4.2601452276030445 9.085887999039365 -9.436533390945332 4.549663780549482 -3.5635980828626947 -2.4730958872512723 0.5164532903627423 -4.350053940377815 -1.0275262948778399
346 4152 0 0 0 -3.690339147051919 -1.5608015480110375 -0.36180610856551226 -1.9390470372294017 0.12861007033007643 0.045629145809685245 0.3020510420830048 3.6613112735173265 4.132298052459946 4.260702758037809 9.085324739914675 -9.436220820934468 4.54886862736291 -3.5638909210459424 -2.47399041333072 0.5161664930733426 -4.350364509790262 -1.0267320867096494
347 4164 0 0 0 -3.6905098878996276 -1.5608122846999823 -0.3616963079966068 -1.9391922272116449 0.1286202746088241 0.045393179758647394 0.3020857140827072 3.6610756721117523 4.132030558523586 4.26057886137076 9.085737689073213 -9.436278769903016 4.549421425048336 -3.564086399639075 -2.4732340998157065 0.5171211287036905 -4.3505060348192055 -1.0272777379207976
348 4176 0 0 0 -3.6915309685962523 -1.560663840029585 -0.3617908631380735 -1.9395604472689563 0.1288639731675856 0.045710555341922164 0.30253448778663866 3.661835149166876 4.132984777366153 4.259806199947386 9.084785749870498 -9.435622045901962 4.548526038578457 -3.5642339288521483 -2.4729354531563987 0.5164856884152478 -4.349902579300929 -1.0257129216348737
349 4188 0 0 0 -3.690880818899283 -1.5607826121351362 -0.3617087783914164 -1.9395149091342874 0.12886060381036812 0.04555149835208769 0.3024067412849765 3.6614911895059907 4.132566905836195 4.2596978604469 9.085306149716398 -9.435633129574533 4.548415191383915 -3.563534905528818 -2.4711998022699517 0.5160794802827325 -4.349039829945208 -1.0248769868996714
350 4200 0 0 0 -3.691208881411655 -1.5607673027443705 -0.3615986669376053 -1.939509819357842 0.1289846930570228 0.046435919727198155 0.302841041984631 3.6613633478359913 4.132455753162757 4.259752064916567 9.08433708354136 -9.434866918767925 4.547936288714513 -3.564833165605554 -2.474031368133313 0.5172930400711144 -4.349550399821923 -1.0259483412025898
351 4212 0 0 0 -3.6905471858924552 -1.5609149516714 -0.3612745880961599 -1.9397845406296121 0.12915420182588155 0.046585928056208724 0.3029465501327961 3.660709562679713 4.13216763983201 4.260589850237254 9.083639606825399 -9.435671918616626 4.547779983657868 -3.565575652348875 -2.4739961624460807 0.5175961023013104 -4.349954650310202 -1.0265528248489233
352 4224 0 0 0 -3.6904505046709004 -1.5608990002791798 -0.361400826332068 -1.9396943474627701 0.12902673679966903 0.046371631657275814 0.30270032730340435 3.6611593197683026 4.131819907847875 4.259726404534161 9.083707266891297 -9.435171367769712 4.547474222412915 -3.5649334394902565 -2.4744111982762402 0.5175465762049742 -4.3511821679551845 -1.0262025212066956
353 4236 0 0 0 -3.689658398651549 -1.5609766356403336 -0.3614964629557289 -1.9393674264981995 0.12884669261395001 0.04587139218970473 0.3021953475774053 3.6615148482526165 4.132281504995279 4.25942562386357 9.084000796230448 -9.435969761619933 4.547440873506987 -3.5629721736778617 -2.473803044459881 0.5171371702508784 -4.352386233548739 -1.0266275983362394
354 4248 0 0 0 -3.689342728176454 -1.561030650957424 -0.3614679700077313 -1.9393790435644997 0.1287788369481957 0.0457291352632978 0.3018788492320188 3.6602699514054637 4.1323460567710235 4.259368051165059 9.085041886516073 -9.436948186821153 4.547058433304411 -3.5627097920255535 -2.4727671581199826 0.5170324921619119 -4.352261951138515 -1.0266634306701408
355 4260 0 0 0 -3.6888593314961966 -1.5611934574195203 -0.3611164198680794 -1.9394292322475248 0.12888737343383458 0.046475914970398505 0.3025904825390173 3.660485285667789 4.1314603567712185 4.259943684034674 9.083349511906174 -9.436479936397314 4.546935396345287 -3.562722580060243 -2.4745708757754676 0.5174058754843195 -4.352865815586233 -1.0271424607135986
356 4272 0 0 0 -3.689860391874565 -1.5610616060754359 -0.36122449984366406 -1.9397171784375289 0.12892433341053083 0.046861408845171044 0.3028448137743499 3.6606313113827422 4.131305749986567 4.2591262643116785 9.083781329706175 -9.4351515476317 4.546529461014825 -3.563226454373659 -2.4753109990336606 0.5176085473047597 -4.352600366633455 -1.026080143937803
357 4284 0 0 0 -3.690113949271853 -1.5610004029360514 -0.36129626872584186 -1.9396780603433044 0.1288993586588235 0.046901549903692 0.303040180361219 3.6604675683781407 4.131921601941012 4.259169129901874 9.083241026301112 -9.434532194951265 4.545725211912996 -3.562192060393147 -2.475714361934827 0.5173836635307485 -4.3526197432558815 -1.0262117323237758
358 4296 0 0 0 -3.690649004264241 -1.560954829807648 -0.3612757122762105 -1.939865515197083 0.12904439175751492 0.04719917695068431 0.303407551333331 3.6605057943471664 4.131716905362808 4.25775532148192 9.082764164496226 -9.433257598921195 4.545604301967209 -3.561542890252851 -2.4748188136157685 0.5167630259116177 -4.352575733780166 -1.0251330198671775
359 4308 0 0 0 -3.6897689615981433 -1.5610591023413458 -0.36123040738291723 -1.9397016366071722 0.12890313482860222 0.04698683683595938 0.30318667597991206 3.6601416523997514 4.132413807672983 4.257291708616515 9.082687638637374 -9.433724688676678 4.545799170072553 -3.5607901729157003 -2.4744660079868552 0.5166809953821467 -4.35286569398377 -1.0250929542429699
360 4320 0 0 0 -3.6894574409509855 -1.561086922037527 -0.36122856563919237 -1.939531582826765 0.129065440298665 0.046722113047853016 0.3028788262807232 3.6593209395448425 4.1327168967417425 4.257733349745941 9.083151603033686 -9.43489142342328 4.546872112745856 -3.560498660673108 -2.473338283422933 0.5166977167304672 -4.352600372755277 -1.0253479520151068
361 4332 0 0 0 -3.6896006206441587 -1.5610853811186405 -0.3611832290248947 -1.9395782663065555 0.12912599200496816 0.04712079552662843 0.3031464497329556 3.6592239729681006 4.132880039323568 4.25799538717621 9.0825088394559 -9.433827870202707 4.5459305900517215 -3.5607795171791468 -2.4731390906466 0.5161085836236514 -4.352505580675818 -1.0240845874789946
362 4344 0 0 0 -3.689872307399733 -1.561076915454156 -0.3610670363049526 -1.9394841058387713 0.1291784639807225 0.04751103505922348 0.3035208788287642 3.6597505039518885 4.132611798591391 4.258024594569384 9.08197246904573 -9.433234010751205 4.545599169865175 -3.560337651915134 -2.4736436135780986 0.5157445917631094 -4.352765502394543 -1.024428009872985
363 4356 0 0 0 -3.6896388231328414 -1.5611141359591316 -0.3611287362575528 -1.9393909361713833 0.1289049671495286 0.04714776730687173 0.3031928287753524 3.659960852036738 4.133029180668852 4.25802506924018 9.082823973930488 -9.43417935199584 4.54680516528534 -3.561049474925243 -2.473619462047672 0.5159834088831802 -4.352437272779103 -1.0246620256918046
364 4368 0 0 0 -3.6893713501472285 -1.5611643558066406 -0.3610735701447284 -1.9394381919128578 0.12891596579435524 0.047039429634821016 0.30284570234957464 3.659457645618268 4.132757722579248 4.257909926395599 9.083187700258463 -9.43440707000253 4.546800516800239 -3.5612024107216143 -2.472469463233052 0.5150597506000321 -4.352861964127899 -1.0249250763566036
365 4380 0 0 0 -3.690165067971209 -1.5610244428822981 -0.36123305310219056 -1.939387686457091 0.12893698927535927 0.04674946153042295 0.3026468537621608 3.6604759706081293 4.132874469763521 4.256723916768837 9.084008888570356 -9.434060089745383 4.54683056997458 -3.5604336936630867 -2.4712578557262543 0.5145751948569133 -4.35255378188333 -1.025136824945776
366 4392 0 0 0 -3.6905420201864936 -1.5609726765100287 -0.3612567271331386 -1.9395016540821333 0.12898571484839969 0.04658306445514784 0.302713995992642 3.659970981667005 4.1336727404676425 4.256451385225297 9.084221613944713 -9.434074745281071 4.547002054215878 -3.5611299600163018 -2.470907298268082 0.514812668822823 -4.351987021234765 -1.0248819873037391
367 4404 0 0 0 -3.6907602425954154 -1.5609011574624683 -0.3613843522955459 -1.9394508346785928 0.1289332363032028 0.04617977083033512 0.30256684144741935 3.6605198781748176 4.13417050935462 4.256716382013699 9.084536325323773 -9.434293524449192 4.547167670585116 -3.560869688135181 -2.471249286921501 0.5147250619094678 -4.352042896804732 -1.025285943364956
368 4416 0 0 0 -3.691741411469788 -1.5607839416924028 -0.3615322073580066 -1.9395320754584935 0.1288771484083577 0.04627934439026492 0.30276269365489705 3.6606427091836427 4.134047964456003 4.256445139032125 9.085051337705131 -9.433998647598274 4.547572784343306 -3.561548425736282 -2.4718530220866497 0.5148610188628772 -4.351463537509337 -1.025124717830755
369 4428 0 0 0 -3.6917755736109252 -1.5607357633457244 -0.36151714695720616 -1.9397420560132346 0.12901786566597817 0.04621756205540826 0.3026634728778322 3.660971668235697 4.133649391605415 4.256075508754934 9.086051348708157 -9.43387072138383 4.547537769476282 -3.561306550848145 -2.470602158044933 0.5152159457414719 -4.3516211341573765 -1.0242923451384804
370 4440 0 0 0 -3.69180082012448 -1.5607309921714847 -0.36158006759247974 -1.939521582434155 0.1288955087495893 0.045842116062877226 0.30252655700125897 3.661443642306533 4.133645801173179 4.255996195373906 9.086474849616595 -9.434498973683823 4.547971109293928 -3.5612583126646356 -2.4705966649307394 0.5153783680844093 -4.351267223824993 -1.0249633823775306
371 4452 0 0 0 -3.691948364326153 -1.56071745179661 -0.36171588674040217 -1.9395666281739397 0.12872791144771284 0.046317553260202454 0.30291310959438283 3.661417831968359 4.133958061486676 4.2557541293149574 9.085715777770458 -9.433783241475085 4.547772425568397 -3.5611743115307437 -2.4723089683269537 0.5153783470671847 -4.351375918813506 -1.0245647796409387
372 4464 0 0 0 -3.6916566772926 -1.5607085333782313 -0.36174654177315047 -1.9396923816327147 0.12876579394291324 0.04615414729341273 0.3026259639871809 3.661721477848958 4.134171964254614 4.255824623550145 9.085211913781492 -9.43377016725822 4.547656849499199 -3.5617847779575524 -2.4721878032142808 0.5151879195341651 -4.351503284384834 -1.0241429763438652
373 4476 0 0 0 -3.6918589926938097 -1.5607185221825315 -0.3616735087032664 -1.9398262067507899 0.1288986592898506 0.0464933416656479 0.3031025616509756 3.661572104068747 4.134415640379919 4.256027027146222 9.08451630238462 -9.43340079407636 4.5470188093596375 -3.5618820040332935 -2.473452164655459 0.5151185351824465 -4.351769122750708 -1.0238805679973744
374 4488 0 0 0 -3.6916221593576317 -1.5607422396093857 -0.36157887648229603 -1.9398059913888828 0.12888282675081636 0.0465275743553344 0.30303462031053907 3.6615252383191637 4.133920248103654 4.25646133255096 9.084868598299641 -9.433928337385394 4.546992497678881 -3.5621755360524676 -2.4731785687125463 0.515240856864646 -4.352106779627993 -1.0241611535701098
375 4500 0 0 0 -3.6915525131178097 -1.5608308877564419 -0.3614194861742804 -1.939835220017408 0.12889798181398354 0.04695339727354335 0.3030770092731324 3.6611901781243987 4.134174595163721 4.257173119210175 9.084316464271685 -9.433964316563797 4.546796602321753 -3.5626669224444165 -2.474655258555791 0.5150777796655223 -4.3528522954684705 -1.0243351510152092
376 4512 0 0 0 -3.6917513260438186 -1.560868575353989 -0.3613819154439445 -1.939844638253114 0.12887994642269252 0.04714285151777772 0.30319644551531344 3.661225672392601 4.1339044173868915 4.257408803036989 9.084245894568395 -9.433722002466574 4.546373975312061 -3.5624394931253662 -2.4743926678910664 0.5146401982097674 -4.353281386567832 -1.0242834057258712
377 4524 0 0 0 -3.6919483501050383 -1.560811976086736 -0.3614968778891743 -1.9398241658447788 0.12890425933384372 0.047001392247698934 0.3032625385764482 3.6615416038663615 4.133819817343526 4.257458070574238 9.084169217591949 -9.433323912065866 4.546703165442237 -3.56246074900704 -2.474126269810795 0.5146865401133218 -4.352733879449769 -1.0241610815548758
378 4536 0 0 0 -3.69175989371256 -1.560823557104403 -0.3614845620582617 -1.9397972414359717 0.12893583713918913 0.046705662583748385 0.3030748077977344 3.6615057698018925 4.133758258382242 4.258272843535224 9.084670773997097 -9.434357628103086 4.547527686167389 -3.562866822076689 -2.4743019144551957 0.5145682217472277 -4.352346784530798 -1.0255154355837355
379 4548 0 0 0 -3.691943341721565 -1.5607218349749215 -0.3616208768579591 -1.939856461206343 0.1288889996319004 0.046502169560459466 0.302866331204615 3.6618340265954243 4.134061937756775 4.258229012834904 9.08546288494713 -9.4345189700099 4.547997174822184 -3.563123128171111 -2.4744235637219267 0.5143274947794277 -4.351708562246284 -1.025413344137276
380 4560 0 0 0 -3.6918794819182423 -1.5607464264399042 -0.36157198883943775 -1.939876104414916 0.1288896163758526 0.04662395968197436 0.3028582580744257 3.6616933453242413 4.133737735331355 4.258173286828072 9.085016357453222 -9.434383121193521 4.547931278644553 -3.563364343954774 -2.474959422649507 0.514467886847863 -4.351830003241739 -1.025645942496765
381 4572 0 0 0 -3.691963345284299 -1.56071909973049 -0.3616577949059495 -1.9398241886487986 0.12883050334109813 0.046642848581060055 0.3029521604625889 3.661730548841655 4.133751498523846 4.257785789938518 9.083912826795538 -9.433913334311413 4.547939303982608 -3.563239975870779 -2.4754048717272976 0.5144994863000885 -4.351298391489883 -1.0253114020133165
382 4584 0 0 0 -3.69203154028022 -1.5606967183824407 -0.3616915392330958 -1.939843761832114 0.12885422741496477 0.04635800342988006 0.3026439169510988 3.661662405606801 4.133477108518831 4.257438764917979 9.084195083691558 -9.433464572773106 4.547416564338544 -3.563105143082865 -2.4741752575031066 0.5142214204698085 -4.351042783733477 -1.0250078358614632
383 4596 0 0 0 -3.6921237412981363 -1.5607127920779487 -0.36161536560694535 -1.9399198467111358 0.12894272807382423 0.04652225328473555 0.3029722347201638 3.6612330795105015 4.133939116708477 4.257009375016995 9.084327217757492 -9.433553689034316 4.5470962937991395 -3.5627834316942035 -2.473395661123887 0.5140925271058758 -4.350481125177758 -1.0246934119002578
384 4608 0 0 0 -3.6921651296421087 -1.5606900664378776 -0.3615854139032396 -1.9398359674508059 0.1289680348279595 0.046746058626626105 0.30315022099627786 3.6612779264889626 4.133581917623 4.257670816835486 9.083556169937056 -9.434187216332788 4.547227768250373 -3.5629489320342973 -2.474158916809737 0.5142653757159387 -4.350736892537607 -1.0255878994035377
385 4620 0 0 0 -3.692323415442587 -1.5607101458241703 -0.36161214300347394 -1.9397802744314572 0.12892193092920815 0.04678327269765386 0.3030988289846899 3.6612306620052184 4.133187986165327 4.257987971948478 9.08379511971337 -9.434610022450153 4.546982848161297 -3.5623965008616287 -2.473915705296597 0.5143613802557709 -4.350889947288275 -1.0259641913842494
386 4632 0 0 0 -3.692050687698808 -1.5607175890201466 -0.36160614336120434 -1.9398322183808014 0.12900827161957262 0.04666976460050078 0.30326632305886714 3.6611344690593444 4.133190668940254 4.258522904046521 9.083751917247818 -9.43516042883632 4.547051987613339 -3.5627239037574485 -2.474082518750738 0.5148128778904025 -4.350769071482828 -1.0270267455421767
387 4644 0 0 0 -3.691694804919342 -1.5607678400496647 -0.36150367504269343 -1.9396036187268828 0.12907046775293812 0.04644530891166927 0.3030158437812752 3.6612324158235987 4.133229998323405 4.2583454249475965 9.084278986588606 -9.436006543190274 4.547379778994252 -3.5620332715364347 -2.4726915969664547 0.5150505779501715 -4.350870881574897 -1.0272492874792742
388 4656 0 0 0 -3.691807931438767 -1.5607588862924946 -0.3614339164090774 -1.9396182775307171 0.129160543240604 0.04649906124977525 0.30304773841662835 3.6610228635621778 4.133150634100621 4.258517910785514 9.084555772725079 -9.436156466110315 4.547903867365578 -3.5622012304714428 -2.472612168494925 0.5148456957279522 -4.3508493657059875 -1.0277592137234557
389 4668 0 0 0 -3.6916497050969914 -1.5608153306743298 -0.3613825686701482 -1.9396580849049976 0.12913749898264698 0.04651203752286039 0.30309102580157476 3.6613101890484865 4.1331360113687 4.258296711262375 9.08430379694629 -9.436539522883388 4.547768360436029 -3.5620791371576384 -2.4729180150183985 0.5149893290432866 -4.351044890946241 -1.0270676055390966
390 4680 0 0 0 -3.691777125752621 -1.560762146559472 -0.3613755007491005 -1.9398098857281942 0.12919744529599964 0.04652223316747513 0.30295026507952405 3.6611195895949633 4.13325369798544 4.258245924079142 9.084540969586648 -9.436545385725493 4.5479652254478795 -3.5623676810351954 -2.473062219096816 0.515200284633069 -4.3508076231050925 -1.0269351039510959
391 4692 0 0 0 -3.6921317916498513 -1.5607045593939033 -0.36141686448144844 -1.9398847617001136 0.12914638837544276 0.04657156206216462 0.3030229250875294 3.6612649136052497 4.133660393123448 4.257386352701702 9.08493231811705 -9.435812684078847 4.547964138246417 -3.5621500078520825 -2.472781159543634 0.5148675737923758 -4.350296853554615 -1.0261701425141698
392 4704 0 0 0 -3.69192757403555 -1.5607550029587203 -0.3613350122443983 -1.939902400772032 0.12916007004643115 0.04634266701468795 0.3027370903194978 3.661013167320203 4.133631938147047 4.256920746785925 9.085786131233935 -9.436196478411967 4.548258798383129 -3.5621369088549217 -2.471895139610186 0.5147823150811138 -4.3501473062875196 -1.025599652273773
393 4716 0 0 0 -3.6916455765773333 -1.5608080326585647 -0.3613109771333575 -1.939872254695833 0.12909790738487006 0.04654072907401993 0.3028224347866819 3.66044580105525 4.133547758644675 4.257219584161914 9.085288289999482 -9.435976016237435 4.5481938716067125 -3.5625621986280622 -2.4724428637354414 0.5145593797473471 -4.350305000268872 -1.0250873734228614
394 4728 0 0 0 -3.6917624789254955 -1.560751205061986 -0.36135760690345964 -1.9398976948327205 0.12909075962927444 0.04608942769531333 0.30229847827231326 3.6607431195087354 4.134142688645387 4.2570970146337235 9.085821420440212 -9.435938907275645 4.548139384834327 -3.5623623563464255 -2.4717536083762424 0.5148137013847631 -4.350410692221666 -1.0250443769072266
395 4740 0 0 0 -3.691679707739967 -1.5608295125447953 -0.3612416027665817 -1.9399453963790694 0.12914793940477587 0.04628646965695994 0.30235494409222324 3.6605950223107997 4.134308918573598 4.257618493255204 9.085333020108855 -9.435941940397104 4.5482210101420355 -3.5629496843859814 -2.472010249701505 0.5147318318987523 -4.350581269003047 -1.0254499417501668
396 4752 0 0 0 -3.691663345904712 -1.5608474312743155 -0.3612365752291723 -1.9399283795727846 0.12912706444650215 0.04645512146126653 0.3025649259971706 3.660620554920981 4.134193177343944 4.257607539028484 9.085005384658615 -9.435665209750535 4.547662229495442 -3.5630287847159368 -2.47177970214433 0.5147413982682563 -4.350833913330282 -1.0249845183895796
397 4764 0 0 0 -3.691550423000564 -1.560802332144668 -0.36129563355217625 -1.9399636622415843 0.1290936320769679 0.04607401695474939 0.3022262876405431 3.6605639920660904 4.134175426530044 4.257947189467696 9.085124540518452 -9.435964454119897 4.548159622189081 -3.5633661045229883 -2.47146643952921 0.514829567482946 -4.351345592143901 -1.0251021237122862
398 4776 0 0 0 -3.6912341624274703 -1.5608226106309293 -0.3613286525794458 -1.9399132948758475 0.12902560152983675 0.04601594364983808 0.3021597184648501 3.66050526365117 4.134607876551549 4.2578605766822175 9.084995775536163 -9.436314342234803 4.548653877183993 -3.563782920079512 -2.471748674528276 0.5152631005873434 -4.350910595322865 -1.0253882158774836
399 4788 0 0 0 -3.6914190559979563 -1.5608124113109105 -0.361276674689729 -1.940083110684396 0.12910074495994123 0.046086049161361796 0.30224046423177425 3.660241006558164 4.134762265372896 4.258604441409955 9.085198144624584 -9.43677188779541 4.5483446461174495 -3.564050404326898 -2.4717914016395066 0.5152192215317947 -4.3507704673296566 -1.0261634472708325
400 4800 0 0 0 -3.6913833949641224 -1.5608218087633616 -0.3612747516556409 -1.9401175717600279 0.12909182383315068 0.04618781461478718 0.3023421000468491 3.6598012627115732 4.134731873787728 4.258619350266469 9.084822621506563 -9.436639439105168 4.54825622727279 -3.5639712304003184 -2.4714728209415373 0.5151740618881371 -4.350738483590402 -1.0260870321935387
401 4812 0 0 0 -3.6918145460598453 -1.5607484094873962 -0.36139152283326476 -1.9401068342163685 0.12906943226243256 0.04624181745641354 0.3023633411763573 3.6600999333245494 4.134778165720476 4.2579976803023465 9.084808145385008 -9.43604499205424 4.547930814858575 -3.563610735631602 -2.4711423351132047 0.5147961467348974 -4.350144505133692 -1.0257354193667698
402 4824 0 0 0 -3.692033548378118 -1.5607072730424056 -0.3615037159826666 -1.9399924190867777 0.12899590368116187 0.04616264858369681 0.30245669401545183 3.6606104687737444 4.134482321202609 4.257740357552331 9.08554593762783 -9.43625649764675 4.548159863903758 -3.5628525363628776 -2.470813240885625 0.5149514457660771 -4.350164348123668 -1.025738769360785
403 4836 0 0 0 -3.6913917288554705 -1.5607812318180045 -0.36150989227173763 -1.9398362810951184 0.12888432085053877 0.04588743930220411 0.30215429949979944 3.6605741958188314 4.134445912966115 4.25824841798374 9.085696080289184 -9.43662419157152 4.548087374391498 -3.5630242495964235 -2.471073278102033 0.5151099964494762 -4.3506851864229645 -1.0261610839660311
404 4848 0 0 0 -3.6912217812138306 -1.5607936000047924 -0.36141170155402524 -1.9398337692452756 0.12895209279037784 0.04600148327310195 0.30215457567935117 3.660914856600105 4.133990153288979 4.2587907171528325 9.085759526709994 -9.436311880106885 4.548240284025683 -3.562825617314903 -2.4721563952324814 0.5155680720004265 -4.351124960707534 -1.0264523685993312
405 4860 0 0 0 -3.6910849454695516 -1.560826477628752 -0.3614804580190846 -1.939754121404729 0.12885225980520917 0.04620125202172438 0.3021175260403274 3.6609089283934 4.133745602816354 4.259047875592496 9.08542475667568 -9.435863238892988 4.5482846960667445 -3.563255035606228 -2.473298370575008 0.5158938441377476 -4.351467081241292 -1.0268875881408153
406 4872 0 0 0 -3.6912280689675567 -1.5608418569644664 -0.3613992922136533 -1.939824420864492 0.1289502960631532 0.046377132209226596 0.30233934375982735 3.6607120275435587 4.133821289151772 4.259248918509095 9.08494625916914 -9.436005353745864 4.5481774929920835 -3.5637881915484453 -2.4737083504332 0.5157271385065658 -4.351572932749717 -1.0268784831967837
407 4884 0 0 0 -3.691173138097955 -1.5607833672755376 -0.3614719506683563 -1.9397473341749167 0.12893397871336332 0.046084613605554214 0.30208314506375145 3.6608311545027945 4.134359024115759 4.25878949828948 9.08509426340609 -9.436246587445801 4.548171580430783 -3.5632590014170917 -2.4727939575050977 0.5156831532702341 -4.351546866973495 -1.0265909519359844
408 4896 0 0 0 -3.690561503995331 -1.560877386823114 -0.36139640189775324 -1.9397850247422166 0.12894385984924175 0.045896774977263535 0.3017800800305701 3.660541634197096 4.134056160058578 4.259188581154782 9.08526829229126 -9.436402821959504 4.548412702947425 -3.5632598663342936 -2.473235424145585 0.515579026378396 -4.351588614237159 -1.0266013654018251
409 4908 0 0 0 -3.690500499930332 -1.5608584884808967 -0.3615028048545833 -1.9397175576197818 0.12887116026816572 0.04556801226053764 0.30159318182125117 3.660657681158619 4.133966961381939 4.2586331675824765 9.085488748081492 -9.436614101405873 4.548339894618868 -3.5626398192671225 -2.4724808504778655 0.5156154215769269 -4.351919351844521 -1.0266548712064338
410 4920 0 0 0 -3.6908849549715717 -1.5608080643715685 -0.3614933132238787 -1.9397951360709293 0.12894232407856326 0.0456163056458674 0.30174574287523565 3.66071749337116 4.1344320441632325 4.258349333805558 9.08529921965565 -9.436606769565394 4.5484275084184675 -3.5626229349054777 -2.471748696340645 0.5152988053687695 -4.351751115998558 -1.0261629781318695
411 4932 0 0 0 -3.6910261007294496 -1.5607825071419044 -0.36148367148277594 -1.9397705714334013 0.1289463076492988 0.0455208630546321 0.3016545726309072 3.6609156754555716 4.13511223063433 4.258544221175939 9.085500856905936 -9.43673171300111 4.548889786454913 -3.562978359079423 -2.4721300399186785 0.5150492531650008 -4.351564113497791 -1.0263314925349085
412 4944 0 0 0 -3.6909882857885914 -1.56080087192198 -0.36142275346942654 -1.9398065964696818 0.128961420191091 0.045706773271856516 0.30176610097389994 3.660770826426644 4.134890719685123 4.259038549814375 9.085023435101585 -9.436440510639287 4.54888592379353 -3.5627068433615348 -2.47314296602958 0.5152478778912027 -4.352005373216061 -1.026572721225544
413 4956 0 0 0 -3.6915564604128552 -1.5607603329569857 -0.3613987920435642 -1.939912565469913 0.1290483634365468 0.046074562037826096 0.30218301559508953 3.6605633046815926 4.134962943246643 4.258953869426807 9.08500401615754 -9.436484309888664 4.548711307361856 -3.5627456338546746 -2.473229357861524 0.5147584555712621 -4.3516756771082195 -1.0265781839113899
414 4968 0 0 0 -3.6913243436600274 -1.5607594893885217 -0.36143490131735123 -1.939868990541066 0.12900155806435537 0.04578953181264416 0.3018577196398654 3.6606099494705098 4.135142529929233 4.259135773736478 9.085136162685398 -9.43641839634166 4.548675116230877 -3.5629896678866277 -2.4735157605113347 0.5150772967847702 -4.3522334204659385 -1.0268344221458041
415 4980 0 0 0 -3.6912475778986416 -1.560756199741145 -0.36144394133737723 -1.9398749294329893 0.12900322305710327 0.045549729093930166 0.30163158240729043 3.6606733151057456 4.135128689830329 4.259373420889613 9.085424970737154 -9.43659271013964 4.548802568410183 -3.5629941397472997 -2.4730003402838436 0.515254882410864 -4.352456803931507 -1.026735305452661
416 4992 0 0 0 -3.691342507399623 -1.5607254152111745 -0.3614730023572134 -1.9398757615137678 0.12902273555302263 0.04549478880896178 0.30163251868817614 3.660816462492622 4.135271919462792 4.259242214144721 9.085554227715132 -9.436697054758467 4.548802314353061 -3.5630507007088794 -2.472825353366856 0.5152788886995638 -4.352502316369841 -1.0267950215717763
417 5004 0 0 0 -3.6915924634051462 -1.5606931248064844 -0.36150024575476364 -1.9398509476661883 0.1290138980741161 0.045482661214784434 0.3016450300263333 3.6608822372564043 4.135546244981396 4.259073384916133 9.085777429261759 -9.436725598778601 4.549048081988848 -3.5631038804374042 -2.472682596285465 0.5151652295923215 -4.352302773618383 -1.0266633152667464
418 5016 0 0 0 -3.6915017416125204 -1.5607157775496325 -0.3614959882784276 -1.93979545914016 0.1289650167635266 0.04539136612542663 0.3015726945905996 3.660839717559118 4.135368569893782 4.259537354005164 9.085662801134688 -9.437124439305162 4.549341880185785 -3.56338215534948 -2.4729845067905245 0.5151893762698182 -4.352224867807169 -1.0272688651462405
419 5028 0 0 0 -3.6917196408383233 -1.5606995329912399 -0.3614779214742403 -1.939919756424884 0.12901901274243324 0.045539529662307995 0.30170358864577457 3.6606789257228787 4.135598406778952 4.259808471417288 9.085468824743453 -9.437055291985136 4.5493803722018065 -3.5636445793131086 -2.473644015598796 0.5152750954537395 -4.352320418430351 -1.0276445228227533
420 5040 0 0 0 -3.691888934445347 -1.560676071798801 -0.3614768571868482 -1.93999341085378 0.1290684631383608 0.04570301813596486 0.30190304021180614 3.660590109503083 4.135839776762209 4.259796688131632 9.085610861350652 -9.436980147066638 4.54952209956749 -3.5636512457818483 -2.474176056300382 0.5151869228167125 -4.35227390443582 -1.027597449945105
421 5052 0 0 0 -3.6918595690481673 -1.560691872528555 -0.36140342836825035 -1.9399973855563872 0.12910765579038638 0.04565310898695372 0.3017470615994459 3.66053446663991 4.1361068367398275 4.26023499914439 9.085689515102938 -9.437215726275443 4.549463080804203 -3.5637985157722127 -2.474074453869085 0.5151956536905097 -4.35261894768878 -1.0279037423128277
422 5064 0 0 0 -3.691579225611305 -1.5607490630988041 -0.36134500586394697 -1.939963647286155 0.1290772993227548 0.045703839982363145 0.30175689765949265 3.6603804883612105 4.135984085156379 4.260087566072312 9.085604293052755 -9.43720970749604 4.549267283426571 -3.56399729663467 -2.473949509592163 0.5154544758339984 -4.352644147427466 -1.027651022363173
423 5076 0 0 0 -3.69168454276157 -1.5607483082167832 -0.3613272471922145 -1.9399919396462744 0.1290967896128666 0.04589431276115793 0.3019264008628624 3.660486251362141 4.1360224729846955 4.260405671337121 9.085312666392435 -9.437080461609613 4.5494445131374945 -3.5644203141212656 -2.4748635928092657 0.5155571590586642 -4.352506027302115 -1.027860689848755
424 5088 0 0 0 -3.691643227603094 -1.5607614078549255 -0.3613501089111752 -1.9400102202341878 0.12906082887643353 0.045882847158185094 0.3019397998569526 3.6605521862855737 4.13581373428603 4.2606791416498515 9.08526357995717 -9.437043286013077 4.5496007360458774 -3.5645185877801397 -2.475028642213248 0.5157756049125399 -4.352394899091572 -1.0280659061432877
425 5100 0 0 0 -3.691888882548484 -1.560717169538792 -0.36142853945594977 -1.9400128041324516 0.12903318212372264 0.04588180224779312 0.3020071242621552 3.6607799981878126 4.135831596938181 4.260972741173978 9.085202181803712 -9.43692081748803 4.549541504074694 -3.5646691899252456 -2.4753735348652643 0.515765015466043 -4.352290720793075 -1.028111417449185
426 5112 0 0 0 -3.691660350714965 -1.5607444239152837 -0.361395582750512 -1.939959550009297 0.12902578142367954 0.04578572611923176 0.30180218941462483 3.6606631772747087 4.136101242443959 4.2609399736719995 9.085307267193105 -9.437109607292005 4.549689339326003 -3.5645209533642612 -2.475217732443806 0.515817383781268 -4.352354459953228 -1.0280969871798549
427 5124 0 0 0 -3.691770114295547 -1.5607648017257683 -0.36132631573758345 -1.9399879757143317 0.12906418856299567 0.04617072492456562 0.302205838958704 3.66052715721917 4.135987795487912 4.261099589620169 9.084712374685283 -9.437033326555392 4.549530616068481 -3.5648827974922863 -2.4757716914344274 0.5158028118823899 -4.352200761704537 -1.028376066564078
428 5136 0 0 0 -3.691671758041792 -1.560786527707286 -0.3613036631158062 -1.9399665808940745 0.12906439629714672 0.046124934461674615 0.3021767028372326 3.6605149366500602 4.135830007543764 4.260623095414407 9.084563883237852 -9.436879661022223 4.549382953025703 -3.5644973600255683 -2.475157546424845 0.515830944117421 -4.352445716880151 -1.0278470149535708
429 5148 0 0 0 -3.691910433917723 -1.5607892785316029 -0.36127229452848747 -1.940002407162834 0.12910349670395058 0.04636923260892085 0.3024407385381699 3.6606135906550294 4.135972300492316 4.260764562082292 9.084369966831687 -9.436843861479632 4.549017243476995 -3.5642915489510223 -2.475507695120969 0.5158025781721192 -4.352655005511758 -1.028065926180085
430 5160 0 0 0 -3.6920799548673755 -1.5607628739736115 -0.36129319769789897 -1.9400407321504936 0.12910974795278052 0.04644388331180797 0.3025339525555561 3.660801953799381 4.135979721264451 4.260336668539828 9.08420824427198 -9.43651361078318 4.54853181381871 -3.5640380091962975 -2.475157689625528 0.5157075477952278 -4.352657187078767 -1.0277001631558782
431 5172 0 0 0 -3.6923896120210182 -1.5607373135482854 -0.36126531443398996 -1.9401771628605995 0.12917912342917315 0.046596443953600526 0.3026840116230911 3.660775557105538 4.136392217193279 4.260580834874543 9.08409114507833 -9.436501291182848 4.5486650852598025 -3.564224266431396 -2.47552596228361 0.5156527970876568 -4.352682908097689 -1.0277819946126263
432 5184 0 0 0 -3.6925100021582784 -1.5607217025891316 -0.3612854960652998 -1.940219348697734 0.12920192235708758 0.04665876094648548 0.3028232654236305 3.660741836612998 4.136297163939176 4.260577495983976 9.084128588438585 -9.436472659116472 4.548711355303118 -3.563918218499494 -2.4755142453936894 0.5156609444918425 -4.352392648873804 -1.0275375475119526
433 5196 0 0 0 -3.6925899101135857 -1.5607018635271719 -0.36131003169206266 -1.940212743648678 0.12920749982163632 0.04658154260878509 0.3028684095044295 3.6608658651098396 4.136426262682285 4.26039850747023 9.084184023520324 -9.43660221421889 4.548913546187181 -3.563985909627479 -2.4755628461441894 0.5156315721678605 -4.352260038647535 -1.027473964048551
434 5208 0 0 0 -3.6926802464359856 -1.560693211205421 -0.36133632348975636 -1.9402197903747256 0.12919133836724622 0.04655435716316579 0.3028888974186542 3.6608568091332923 4.1362008473435505 4.260514641849921 9.084159732127786 -9.436646734731031 4.548859308026933 -3.5640518700517574 -2.4753445345577845 0.5159241456074828 -4.3523714396039495 -1.0274882824702738
435 5220 0 0 0 -3.69270719462039 -1.560658129758455 -0.36137714604710247 -1.9402358976077265 0.12919781844149586 0.04653471286437266 0.30289311687010934 3.66087282498826 4.1363512965209495 4.260247040656344 9.084369447252087 -9.436816028816253 4.548863341480403 -3.563982238114538 -2.474812914073688 0.5158472962720362 -4.3522654200730235 -1.0272947226659448
436 5232 0 0 0 -3.692625180655289 -1.5607079340601824 -0.3613037725994542 -1.940231721665326 0.12920085167421375 0.046794221410048485 0.3030530743169334 3.66074030711209 4.136211210193788 4.260192554031706 9.083872614391538 -9.43660047235115 4.5488072583399335 -3.563943247041308 -2.47500952768821 0.5157189964993271 -4.352119545219153 -1.0273077033692184
437 5244 0 0 0 -3.6926831626530654 -1.5606775752542297 -0.36134344039242483 -1.9402588899334177 0.12920930631802674 0.04663621423892779 0.3028662399938243 3.6607130563736927 4.136356673110259 4.26010502455964 9.084129911059948 -9.436779169931782 4.548873355219946 -3.5638226617562347 -2.474755817906819 0.5157896693727035 -4.352399907362919 -1.0272688506001033
438 5256 0 0 0 -3.6926458716147867 -1.5606908577723757 -0.3613174214055109 -1.9402514507837438 0.12921590639468383 0.04667936444660979 0.30287515058727765 3.6606425115796593 4.136435465478723 4.260109222288716 9.084093109734361 -9.437144974110875 4.548839198636868 -3.5638044832244273 -2.474737651527861 0.5156953264618838 -4.352465112017494 -1.0276761519834798
439 5268 0 0 0 -3.6926226803819016 -1.5606943450048767 -0.3613143456026378 -1.9402337508418332 0.1291932979155835 0.046661857881672764 0.30284022686372536 3.6607929275880844 4.136628033207075 4.259911976202601 9.084253340265157 -9.437220459344854 4.54888610250756 -3.5638649864566547 -2.474547162365752 0.5160470974499529 -4.352371004877172 -1.0276249135003597
440 5280 0 0 0 -3.69237956859283 -1.5607271909688554 -0.36128162734095703 -1.9401534462648098 0.12918984189500923 0.04658830979744622 0.30269576461548603 3.660652959993201 4.136330241230325 4.2598616993179235 9.08425284041001 -9.437188119039371 4.548482076942248 -3.5638337148574815 -2.4740918801970286 0.516089448430376 -4.352605770365273 -1.027678266116337
441 5292 0 0 0 -3.6924145125295924 -1.5607463165348383 -0.36126025198021233 -1.9402330582419787 0.12919407334248284 0.04660288163688172 0.3027862536359363 3.6606975240572885 4.136122699421757 4.259530817626361 9.084080362673104 -9.437079057134362 4.548250503316126 -3.563653663858186 -2.473706417766605 0.5159893946026237 -4.352481875068708 -1.0274148956823015
442 5304 0 0 0 -3.692456195191838 -1.5607166172092883 -0.36130894595190394 -1.940218939119358 0.12917865686627147 0.046546055794949436 0.30275793164101267 3.660992055505919 4.136069010499535 4.259090407830222 9.084392307554118 -9.437383878267816 4.5483732534170285 -3.5634815095587538 -2.473076093584942 0.5162426178563061 -4.352162435849414 -1.0273352639798528
443 5316 0 0 0 -3.692502423108964 -1.5607236354245715 -0.36128561395155956 -1.9402322464727375 0.1292021119790374 0.046693365725289405 0.3029170792717645 3.660902226606527 4.135940139114794 4.25909366716541 9.084263543262878 -9.437414074986588 4.5483849694363085 -3.5635476234093924 -2.4732611017261075 0.5161429514727204 -4.352101242750599 -1.0275794129362419
444 5328 0 0 0 -3.6926571456520056 -1.5607200720648062 -0.36124229144938447 -1.940301667911857 0.1292493342999027 0.046929074406138645 0.3030948063616328 3.660937607991915 4.1361630343597895 4.259020361049907 9.084129502858948 -9.43724349286965 4.548382798445841 -3.5633784903169774 -2.473452254407589 0.5159656969915021 -4.352198290936513 -1.0274702883808517
445 5340 0 0 0 -3.6925097009633974 -1.560710409361087 -0.3612882992294322 -1.9402294519852137 0.12920879409030128 0.04668176889905429 0.30284285297175934 3.6610640363273537 4.136207993241971 4.258923252341217 9.08441096447205 -9.437401956923914 4.548607878516027 -3.5632824717768203 -2.473183035823539 0.5159393003105788 -4.352160794440131 -1.027561190419631
446 5352 0 0 0 -3.6925472395202577 -1.5607244478385498 -0.361250961975862 -1.9402634116625952 0.12922950920930174 0.046882797885700975 0.3030125457893249 3.660929835545056 4.136224282910345 4.258942552607311 9.08422854772658 -9.437293615935182 4.548406771762484 -3.5635638605746127 -2.473384279502983 0.5157871374025591 -4.35199405939396 -1.027816336373249
447 5364 0 0 0 -3.6925165462385996 -1.5607431337677569 -0.3612176791129323 -1.940274556453615 0.12924845095605803 0.04688305876515078 0.30300442409249095 3.660788835418791 4.136153625945487 4.2588017533879095 9.084238874433103 -9.437357402168997 4.548516962088718 -3.5632277364717257 -2.4729790763395307 0.5156460904675307 -4.352064546888814 -1.0277730093234496
448 5376 0 0 0 -3.6926780148400535 -1.5607173738421893 -0.361254060504295 -1.9402688028499346 0.1292512904822643 0.046923460775906256 0.3031068063780563 3.6609195233489706 4.136442130942925 4.258640479591653 9.084221606050894 -9.437413728495512 4.5486061480444535 -3.563346083513028 -2.472830055312449 0.5156030774597032 -4.351833205079726 -1.0275483842185562
449 5388 0 0 0 -3.692562797936893 -1.560721557523226 -0.3612800055395411 -1.9402285324857267 0.12923077313809458 0.046924119629377 0.30309740755178116 3.6610902092821274 4.136450949090057 4.258419778630373 9.084276648906808 -9.43734993248503 4.548556843043637 -3.5634702985474114 -2.4729213787731172 0.5154610934151701 -4.351824367144724 -1.02744766809956
450 5400 0 0 0 -3.6927802864253816 -1.560683162458296 -0.36132993429976484 -1.94026882999213 0.12922091085028217 0.046943950927362116 0.3031172178383622 3.6612898027387684 4.136620469878604 4.258440445963625 9.0839671260035 -9.437078387639188 4.548847513546413 -3.5639730131517995 -2.473533310936846 0.5153373146963489 -4.351504927743746 -1.0274348178527417
451 5412 0 0 0 -3.6926458338331667 -1.5607179201861636 -0.36131356528664643 -1.940260560715788 0.12919377176479133 0.04708551660021917 0.3032096579867036 3.660987564567822 4.13644142877515 4.258110417387614 9.084065128910684 -9.436824375568657 4.548426499651526 -3.563977251653387 -2.4732477178717733 0.5152567051525871 -4.35142866203254 -1.02733731645851
452 5424 0 0 0 -3.692607708669856 -1.5607148929757624 -0.3613235567637331 -1.9402566716491068 0.12917954445753133 0.04697875649047274 0.30309643067574393 3.66111302961102 4.136154924023807 4.258248541830968 9.084256544914485 -9.436778430106465 4.548657943350732 -3.5645162203049288 -2.473272521321398 0.5154422619039983 -4.3513877283288265 -1.0274000212021388
453 5436 0 0 0 -3.6926228771333474 -1.5607370967724847 -0.36128416204528563 -1.9402052946346529 0.12918451464151207 0.047026909877311784 0.3031961412143524 3.661060009891953 4.136308315053087 4.258393433395881 9.084167730373327 -9.436714596519044 4.548542768186702 -3.564433578444968 -2.473177520428363 0.515508674087264 -4.351523127134955 -1.0275927487348493
454 5448 0 0 0 -3.692599653967143 -1.5607760374942976 -0.36121521816026575 -1.9402193880519083 0.12921770678797445 0.04731929751055677 0.3034255991919596 3.6607376529102718 4.136390712263828 4.2587205754375 9.083889598527549 -9.436883138388596 4.548235429721947 -3.5645305415477164 -2.4736964935306047 0.5156565696958837 -4.351637849594296 -1.0278424532242787
455 5460 0 0 0 -3.692507403412442 -1.5607826504711046 -0.3611830224423222 -1.9401819835195362 0.1292484561586571 0.0472905125064974 0.30342135074949605 3.6607401656124425 4.136396014826878 4.258773036540626 9.083961438937532 -9.436980446375703 4.548223189514204 -3.564422107614685 -2.4735028668786248 0.5156619448158315 -4.3516407474603955 -1.0279389644332086
456 5472 0 0 0 -3.692679127218951 -1.5607809247795565 -0.36115237528634675 -1.9402268275606604 0.12927657346953741 0.04745879490290408 0.30359939992310797 3.6607619040387376 4.136545637903707 4.2585971289665885 9.083666953417765 -9.437011864302152 4.548252019627879 -3.5646047876159876 -2.473757755068503 0.5155380321842485 -4.351753727962223 -1.0281924137194056
457 5484 0 0 0 -3.692533319853447 -1.5607866610527537 -0.36116127955207933 -1.9401768705977713 0.129244320908438 0.0471837056493274 0.3033470075945939 3.6607649820410133 4.136387456209781 4.2587593887882464 9.084032269773338 -9.437295681619021 4.548582730938495 -3.5648999775721273 -2.473895787273659 0.5155910067546556 -4.351822604696201 -1.0286405151253195
458 5496 0 0 0 -3.6926302435694947 -1.5607937529047713 -0.36114351045850646 -1.9402098444210023 0.1292339038134264 0.0472618985055801 0.30340581445873943 3.6606072246498753 4.136441345626851 4.258730647995487 9.083885415843094 -9.437143924912332 4.548527783698877 -3.565086856764952 -2.4742375714540934 0.5155435348045628 -4.351898549211525 -1.0286160452957405
459 5508 0 0 0 -3.6928762470982046 -1.5607829148873398 -0.3611315953241559 -1.9402641686838058 0.12926100551252673 0.04748967255429912 0.3036809127634467 3.660644854437023 4.136671698986635 4.258634308338516 9.083818452580093 -9.437058833408463 4.54849797024523 -3.565230504453632 -2.4743390637169815 0.5154711549440246 -4.351755543062326 -1.0287078344614227
460 5520 0 0 0 -3.6927373600167694 -1.5608213172164456 -0.3610596650325512 -1.9403058769417272 0.1292846863655778 0.04754901535216398 0.30368696029370595 3.6604305311561998 4.136750646775271 4.258672317839471 9.084065733883328 -9.437380600724117 4.54842748885398 -3.5653593102048577 -2.4738193125357295 0.5153660706381045 -4.351792250844052 -1.0287777737209107
461 5532 0 0 0 -3.692917357969123 -1.5607806103027986 -0.36112121471944325 -1.9403373297926965 0.12928799031254457 0.0474810702046035 0.303670586614629 3.66034766680422 4.1368071245571665 4.258517231499856 9.084191422395287 -9.437455409891392 4.548481145763588 -3.5651629269531284 -2.4734799231813667 0.5153144958540965 -4.351777266908252 -1.028621409388623
462 5544 0 0 0 -3.6928215935177744 -1.5607857710236432 -0.36114535137404336 -1.9403278274485025 0.12926274588307302 0.04745040564687579 0.30365210448730867 3.660398281684309 4.136602993367366 4.258534379708806 9.084414664682363 -9.43758321081139 4.548764069721536 -3.56558971539343 -2.4735246087360205 0.5155500471567674 -4.351547907376588 -1.0288127487590246
463 5556 0 0 0 -3.6928319205706712 -1.5607838283305249 -0.36112485347288237 -1.9402866037190973 0.1292850576363353 0.04749124045320014 0.3036549323029775 3.660281122786141 4.136792962737593 4.258617543025352 9.084377563670156 -9.437611128619015 4.54883558282259 -3.565504930493384 -2.4733200817148653 0.5156340974138109 -4.35146900189272 -1.0286399196161866
464 5568 0 0 0 -3.6928597365069082 -1.5607889157585424 -0.36115139930052476 -1.9402030175078924 0.12925631119449218 0.04751416112767632 0.30373017810573283 3.6604528498307185 4.136532458459465 4.258439165495754 9.084119110979913 -9.437453607990683 4.548724260689162 -3.5652615915861854 -2.4732940988814245 0.5156190133783234 -4.351440139426169 -1.0286429494252338
465 5580 0 0 0 -3.692951246100283 -1.5607901953525227 -0.3611556523939153 -1.94024742300386 0.1292509821830941 0.047575129903889984 0.30384457678640664 3.660371662296526 4.1365512507201485 4.258113447092278 9.08382328297563 -9.437075912558557 4.5485018648417785 -3.5651023311347947 -2.4730890972504485 0.5155163924085346 -4.351146160043012 -1.0282375394185226
466 5592 0 0 0 -3.692841750998889 -1.5607927752000825 -0.36113847866128684 -1.94030556926789 0.1292691902720303 0.04749376950826132 0.30370946749942046 3.660280111891098 4.136732629087366 4.258224614372441 9.083971864242798 -9.437202848144835 4.54870018732243 -3.5653347738244032 -2.4731951184678764 0.5153905797718363 -4.351205503920336 -1.0283218044806475
467 5604 0 0 0 -3.6928996996264765 -1.56076845093151 -0.3611456879170311 -1.940300056360607 0.12927759674910996 0.04745307944189073 0.3036103855577517 3.660215038817893 4.136780171491851 4.258142755532873 9.0841794648809 -9.437437189182408 4.548795192431517 -3.5653617884692244 -2.472883039190717 0.515655591459129 -4.3510826748576195 -1.0283723071518718
468 5616 0 0 0 -3.692786286697892 -1.5607852601134167 -0.36113648755744254 -1.940302340256767 0.12927485226968585 0.04740701438432451 0.3035615745072608 3.660189019502586 4.136722800893343 4.258137491484594 9.084178264582254 -9.437442964585292 4.5487611085585025 -3.5655993362420624 -2.473139372186792 0.5155804050907258 -4.351137884255788 -1.0283618865016613
469 5628 0 0 0 -3.6926149763508787 -1.5608059272652044 -0.36111926424584806 -1.9402623458053139 0.1292502577975217 0.04736747574010455 0.3034499209802313 3.660093924673277 4.136705709992724 4.258536922841245 9.083921579526736 -9.43735230539908 4.548681266860737 -3.565631181318871 -2.473414819756322 0.5155172943406494 -4.351182908118756 -1.0284750080382903
470 5640 0 0 0 -3.69262272497376 -1.560791936013499 -0.3611407010453742 -1.940228816476809 0.1292443153649609 0.04728098520838068 0.3033734185041424 3.660287995204217 4.136680484371394 4.258788171640703 9.083881714206646 -9.437475952256408 4.548853031453413 -3.5656723597652977 -2.4735643850449702 0.515548286145677 -4.3511211454397385 -1.0287534732997885
471 5652 0 0 0 -3.692662965339491 -1.56077213145854 -0.3611780916137149 -1.9401899804230183 0.1292320588257163 0.04719444025139643 0.3033015136368251 3.6602976581182083 4.136452113657411 4.25889247815642 9.08419739064315 -9.437487004045064 4.548822139355133 -3.5655206777457193 -2.473327637307954 0.5155604599280597 -4.351253194106846 -1.028707560322865
472 5664 0 0 0 -3.6925524187161596 -1.560779484010238 -0.36118395931480674 -1.9401460281727474 0.12921351658855715 0.047057473732511276 0.30317769430858194 3.660405889423014 4.13641627214815 4.258908856429854 9.08435320637581 -9.437556436480461 4.548972979405419 -3.5656883943045767 -2.4734292992296107 0.5155022175973737 -4.351296291233575 -1.0289369301121098
473 5676 0 0 0 -3.6926621887184465 -1.5607695115366642 -0.36118544046463696 -1.9401558100831695 0.12922261424116982 0.047136544534386225 0.3032803799997831 3.660448243445713 4.136386225298869 4.259015653899231 9.0843360065756 -9.437511769719086 4.549098355621353 -3.5656696878649736 -2.4737846635320344 0.5154598907985587 -4.351180353310806 -1.0288258992658934
474 5688 0 0 0 -3.6925702556913986 -1.560768936391713 -0.3611884173400417 -1.9401432704279908 0.12922132285370783 0.04705790370265628 0.3032003647183716 3.6603788719309596 4.136342492206118 4.258945457811251 9.084418634149532 -9.437437140868875 4.548996360278171 -3.565662742815508 -2.473519759847428 0.5154718099499843 -4.351291869546457 -1.028702825131435
475 5700 0 0 0 -3.692554198869969 -1.5607817611222166 -0.36116052879379473 -1.9401577889668227 0.12924731635912443 0.04711951999324124 0.30323592880797867 3.6604317583524306 4.1363651764376455 4.258746731534037 9.084458803178736 -9.437540189282755 4.548963259790023 -3.565636380981117 -2.4731855999962824 0.5153768997078753 -4.351099379723218 -1.0286327727930127
476 5712 0 0 0 -3.6925434374919264 -1.5607816844663596 -0.3611586537564999 -1.940160408358345 0.1292546049412276 0.047134385938191865 0.3032882396203382 3.66045201749782 4.136294502193721 4.2588969886048496 9.084368033857716 -9.437686796341648 4.549142417674549 -3.56561875351069 -2.4732957201616936 0.5154996718361363 -4.3510910112717065 -1.0287313478131044
477 5724 0 0 0 -3.6926986970444045 -1.5607710776271904 -0.3611634217778275 -1.9401789505277802 0.12926357772873637 0.0472009614904092 0.3033651910316894 3.6604776969470363 4.136426823080387 4.258849821507377 9.084268674804642 -9.437670079583604 4.5491459692056715 -3.565582589984062 -2.473374791125325 0.5153931962239421 -4.350994963930237 -1.0287641552279798
478 5736 0 0 0 -3.6926475297360364 -1.5607861067372235 -0.36113637075730476 -1.9401993058263478 0.12926240104378936 0.04730231068781414 0.3034224202697393 3.6603746714832877 4.136351725519458 4.258870242367431 9.084121447250455 -9.437622481807212 4.549029828305182 -3.5655783304056143 -2.4736612314926028 0.5155524799168999 -4.351174380602256 -1.0288388255333978
479 5748 0 0 0 -3.6927121618421443 -1.5607762724482181 -0.3611326971689473 -1.9402404616631979 0.12927959295832975 0.04728562685424637 0.3033914096649467 3.660406595097264 4.136467781213699 4.258945974013069 9.084211853545877 -9.437634060282837 4.548990498590732 -3.5655964165729186 -2.473743455411177 0.5155428062378544 -4.351250725313491 -1.0288835142426533
480 5760 0 0 0 -3.6926808058278944 -1.5607875631600248 -0.361112997755137 -1.9402426837588196 0.1292828847335507 0.04729632685052552 0.3033773155894566 3.660368587076783 4.1364356099314685 4.258922096191414 9.084193540690869 -9.437786991757273 4.548982195930492 -3.5656601048370384 -2.4736615883171225 0.5155504152429963 -4.35139153296981 -1.0289722243974944
481 5772 0 0 0 -3.6926990735819856 -1.5607756314014363 -0.36113453261323447 -1.9402393128668312 0.12927716194879227 0.04724928595535437 0.3033484516233427 3.660386257217359 4.136408862848465 4.258781161815674 9.084172330995816 -9.43764454238809 4.5489223049497 -3.5654632284588352 -2.4735299389764958 0.5155224641420284 -4.3514994675816565 -1.0287316633231662
482 5784 0 0 0 -3.692752784718709 -1.560760290499787 -0.361152934993804 -1.940245985017215 0.1292791377994808 0.047178796938448946 0.3033123862669275 3.6603873506747897 4.136482749726785 4.258817952878156 9.084195927551681 -9.437618636275044 4.548976715894797 -3.5653718477345757 -2.473597923315404 0.5155498506476116 -4.351566133313016 -1.0286182730970608
483 5796 0 0 0 -3.692743356333027 -1.5607613992319702 -0.361154184086917 -1.9402425926686218 0.12926594668996522 0.04716236474057751 0.30326745076740774 3.6603031466122187 4.1364848284481575 4.258916117568458 9.084180709378494 -9.43758667078651 4.549018409369274 -3.565505182106895 -2.4736704544141013 0.5155291800780774 -4.351565563547894 -1.0286871187207334
484 5808 0 0 0 -3.6927140741443636 -1.560769660095156 -0.3611473538311144 -1.9402564331127998 0.12926891914907565 0.047210559064765 0.30330110744393013 3.6603050007842532 4.136413932484858 4.259135546594043 9.084129093129052 -9.437571468380488 4.549010355776514 -3.5656693964895023 -2.4739667198380553 0.5155739163625639 -4.351545926422309 -1.0288437046435037
485 5820 0 0 0 -3.692725537922775 -1.5607641341091214 -0.3611526011919787 -1.940251193200531 0.12926913159303657 0.04717050227685551 0.30326211799013064 3.660300269434852 4.136548746715322 4.259094457004134 9.084053576419208 -9.43768731878738 4.549046087444899 -3.5655992921023443 -2.4738819283880984 0.5155189001739994 -4.35158366785296 -1.0287753210157808
486 5832 0 0 0 -3.692778458557097 -1.5607669048091162 -0.36112611063369976 -1.9402939511370692 0.1292903568026192 0.04723699033419127 0.3033208816809814 3.660281961575562 4.136554701513605 4.259199488787669 9.084030284995084 -9.437865168352396 4.549092070068394 -3.565738116737987 -2.4740428286834 0.5155798287168372 -4.351525082202878 -1.0289982505097088
487 5844 0 0 0 -3.692741368993869 -1.5607740834984698 -0.361111809949201 -1.940324974488411 0.12928489564112167 0.047254739473254204 0.3032884982238329 3.6602379183997784 4.136604209474357 4.259102771142742 9.084077317106313 -9.437774566882027 4.549115897634968 -3.5657060014234814 -2.4740488409157466 0.5155638696904957 -4.351580374125835 -1.0288358467090626
488 5856 0 0 0 -3.6927948423700743 -1.5607673259130816 -0.36110623622241544 -1.9403729754566423 0.12929560772652232 0.04727637896443049 0.3032843745713355 3.660291035707251 4.136663434653125 4.259086283872636 9.084096638615355 -9.437738469364032 4.549145493485139 -3.5656438407752384 -2.4740505267161326 0.5155182664117061 -4.351608120636498 -1.0287802534834758
489 5868 0 0 0 -3.692738982190971 -1.5607790012536489 -0.3610915930010256 -1.9403627839593087 0.12929328806378063 0.04729565184898184 0.30328394872329034 3.6602774977230927 4.136567122194889 4.259046301380411 9.084160195190018 -9.437817240996235 4.549118535523686 -3.565643818232788 -2.4740196468898943 0.5155963900074623 -4.351680841141393 -1.0288429533228458
490 5880 0 0 0 -3.6927143588493254 -1.5607805279479727 -0.3611021475698436 -1.9403312168257891 0.12928909011671066 0.0472616835597592 0.30329766199807606 3.6602530956196495 4.136569822069743 4.259162663781756 9.0840738390993 -9.43786132783866 4.549150966426869 -3.5655480374490662 -2.474091979612943 0.5157116591588448 -4.35176073985778 -1.0290171514347288
491 5892 0 0 0 -3.6926708497214773 -1.5608026390383227 -0.36105848203534113 -1.9403661984502623 0.12930053274983153 0.047362100282304004 0.3033518614001594 3.6601576456537908 4.136624243607185 4.259028359623481 9.083955030599785 -9.437787748226665 4.549087620857684 -3.5656138483236313 -2.474048706830896 0.5156581471360432 -4.351727045440598 -1.0288184630538995
492 5904 0 0 0 -3.6926117446811393 -1.5608039748592977 -0.3610647613939767 -1.9403588703408081 0.12929393106930978 0.04730722029071016 0.30330269373717167 3.6601527828932356 4.1366580769989225 4.258997680787485 9.084105844609153 -9.437834439643057 4.549154095668165 -3.5655476744686507 -2.4739529628605825 0.5156541256332644 -4.35174947035294 -1.028818405702381
493 5916 0 0 0 -3.6925919649535626 -1.5608062514196401 -0.3610618200960906 -1.9403369396294325 0.1292934731821317 0.047296130212670484 0.3032899610418309 3.660182492339538 4.13660121713516 4.2588993625933576 9.084028409997003 -9.43777010405383 4.549225152996161 -3.565471185550425 -2.4738783656741146 0.5155588892005916 -4.351621536556671 -1.028594817239566
494 5928 0 0 0 -3.692520725023689 -1.5608182026250914 -0.36105067476666847 -1.9403126503145989 0.12929103022952235 0.04727910078407724 0.3032675533226434 3.660151920894341 4.136563260859759 4.258758397515701 9.084092779405939 -9.437805265730166 4.549131010105567 -3.5653224243546986 -2.473645907871175 0.5156104586080168 -4.351711057913165 -1.028540788540141
495 5940 0 0 0 -3.6924411370257046 -1.5608276881321952 -0.36103784776679226 -1.94030022599192 0.1292887314387269 0.04728396026287311 0.30325698217713976 3.6602000140405906 4.136609676801333 4.258692909383807 9.084113766574724 -9.437779236761722 4.549083494567549 -3.565268844141529 -2.473594210649276 0.5156026739890006 -4.351758845356497 -1.028482310528279
496 5952 0 0 0 -3.6925033712173905 -1.560826053465557 -0.3610359465258863 -1.940293038148192 0.12929469278471092 0.047319070277523474 0.3032961636369246 3.660239550856899 4.136639860589738 4.258541110453909 9.084045883378824 -9.43784399275978 4.549057515962124 -3.5652630990432104 -2.4734541065676763 0.5155582709792935 -4.351740486808029 -1.0284493678881337
497 5964 0 0 0 -3.6925656089187013 -1.5608174788947138 -0.3610436304930442 -1.940312846199078 0.12929268895696092 0.047354545179562155 0.3033246744357408 3.6602328856186923 4.136739916392617 4.258381729786502 9.083999619546493 -9.437810527351505 4.549038952621461 -3.5652402164249732 -2.473468165746732 0.5155429123145804 -4.351708734164473 -1.0282962963470543
498 5976 0 0 0 -3.6926486307244017 -1.5608062598860384 -0.3610556460753448 -1.9403240966138389 0.1292946660749287 0.04735470608545131 0.3033550121871823 3.660297333791554 4.136761800930878 4.258396586901703 9.084100273456299 -9.437800996528477 4.549076628013728 -3.5651280131366896 -2.4734526874694143 0.515556018195181 -4.351686751117399 -1.028290400878127
499 5988 0 0 0 -3.692593288135797 -1.5608152404620144 -0.3610505163461462 -1.9403162232034008 0.12928989059009238 0.047317519585637506 0.30331005008832074 3.6602688498275895 4.136726155004471 4.258391795749291 9.084164576384524 -9.437922643730648 4.549127920790758 -3.565189612750717 -2.4733971649416224 0.5155950176971127 -4.351716129499303 -1.028321634284937
500 6000 0 0 0 -3.69267387512411 -1.560808344449288 -0.36104525975920937 -1.9403438067504397 0.12929751782858634 0.04738022880452951 0.3033655519500141 3.660352187021199 4.13682867374448 4.258432383373145 9.084110670365035 -9.437959661541857 4.549161124030081 -3.565323683268203 -2.4734559761239634 0.5155409152413224 -4.351633557837981 -1.0283704948299104
501 6012 0 0 0 -3.6926252766421825 -1.5608220469022578 -0.36102065555251683 -1.9403739021454678 0.12930857995773665 0.04746396873053384 0.3034106236684697 3.6603956351262834 4.136830979955225 4.258282334867527 9.084034747119643 -9.437843892968989 4.549050247272945 -3.565309835960484 -2.473568278179381 0.5154817742554283 -4.351742008810522 -1.0282008042378563
502 6024 0 0 0 -3.692595758690812 -1.560826893777645 -0.3610147716658278 -1.9403679211943072 0.12930990590066072 0.04749310840733254 0.3034343892978313 3.6603458039755905 4.136849518202457 4.258362895699799 9.08405642972084 -9.43781470634898 4.548998880780728 -3.5652845202898273 -2.473659659089089 0.5155394587436142 -4.351809725606684 -1.0282194324797256
503 6036 0 0 0 -3.6927022669997047 -1.560804665408561 -0.36105948436094054 -1.9403523598348826 0.1292933207062269 0.04746982535962248 0.30345049208188596 3.6604269809908474 4.136910567519103 4.2582691929540575 9.083959777031366 -9.43768156238201 4.548970665702091 -3.5652143522389053 -2.473658404101115 0.5154608554887841 -4.351690796307523 -1.0280929519974602
504 6048 0 0 0 -3.69277496682924 -1.5608049287201946 -0.36104767046599984 -1.9403696912175223 0.12930534583624848 0.047558472301671505 0.30353731814702345 3.660401599950979 4.136966773072731 4.258194475518182 9.083905126765607 -9.437698283178179 4.5488845698692 -3.565205259976017 -2.473522963785928 0.5154067943843317 -4.351608132831431 -1.028149975183886
505 6060 0 0 0 -3.6928091898470354 -1.5608026038548952 -0.3610480147620403 -1.9403844125016685 0.12930389223450003 0.04759555786498026 0.30357396940663434 3.6604246552198867 4.137117275338247 4.2582178262719586 9.083872696193275 -9.43774079008234 4.548906010585281 -3.565255777018206 -2.4736408884435743 0.5153895281742745 -4.351550393986572 -1.028188256686897
506 6072 0 0 0 -3.6927913282064475 -1.5608024718468523 -0.361042431242922 -1.9404022829211591 0.1293089952592272 0.047581723109615254 0.30354966994397536 3.6604246310160957 4.137109113423664 4.2581861360257625 9.083905780125693 -9.43781382357992 4.548905525382433 -3.565236882585832 -2.473644193605173 0.5154325152705456 -4.3515919737313355 -1.0281778946639386
507 6084 0 0 0 -3.6927939179503255 -1.5608097285050266 -0.3610351492042912 -1.9404022619195578 0.1293060417309717 0.04760363512361172 0.3035669877527049 3.660305504691669 4.137050373040119 4.258177381901933 9.083882204794747 -9.437760920928714 4.548754432311872 -3.565246776945025 -2.4735764515269834 0.5154231200408212 -4.351628552848029 -1.0280930067699667
508 6096 0 0 0 -3.6927013727106903 -1.5608226675229662 -0.36102159304650383 -1.9403931784801274 0.12929974123755236 0.04758358447642787 0.3035298139541482 3.6602900808771865 4.137031818691675 4.258155588301446 9.083931449712514 -9.437712954965937 4.548771790948734 -3.565229915606723 -2.473540510823924 0.5153925871896885 -4.351615138030097 -1.0279764007403247
509 6108 0 0 0 -3.6927302796057715 -1.5608156970423315 -0.3610338972205353 -1.940379612418655 0.12929970240365246 0.047563891187994665 0.3035208875691224 3.660303301415984 4.137008181805183 4.258204609912687 9.0840375992029 -9.437660317092655 4.548777960175762 -3.5652336890826657 -2.4735510144732173 0.5153629911234086 -4.351681096100545 -1.0280318738613048
510 6120 0 0 0 -3.6926870334968775 -1.560823794665875 -0.3610143305843154 -1.940387117740386 0.1293061206183263 0.047552728531155365 0.3034878026268114 3.6602893062055046 4.136972846897693 4.258146639809339 9.08404056231585 -9.437664504377244 4.548772982874875 -3.5652790649501633 -2.4734388213841556 0.5153837552334941 -4.351665165154357 -1.0280162582545238
511 6132 0 0 0 -3.6927365874574054 -1.560821707521692 -0.36100435716600243 -1.94040849003353 0.12932149410653165 0.04760721293391748 0.30354282927597864 3.66023919063872 4.137082817763673 4.258284123025783 9.083899806503924 -9.437608917252051 4.548762101754025 -3.5653826913263207 -2.473705718881158 0.5153478641105043 -4.351701246293642 -1.0280230003176374
512 6144 0 0 0 -3.6926635609260745 -1.5608271011720003 -0.3609951458717149 -1.9404103519389204 0.12932418148119912 0.047555727056443814 0.30346215186015657 3.660233552008807 4.1370933391036635 4.258419774330413 9.083875927387385 -9.437681758590271 4.548795710694053 -3.565433129402737 -2.473747495665756 0.5153349899003105 -4.351794329640131 -1.0280711235908677
513 6156 0 0 0 -3.692676143269539 -1.5608253981262408 -0.3610058832571395 -1.9404040917222367 0.12931549426137354 0.04752238153345219 0.30344540039991685 3.6601991223880344 4.137045844701047 4.258511958253093 9.08384691184392 -9.437692192780093 4.548842861704625 -3.5653533091389082 -2.473744275445639 0.5153863922463333 -4.351826210322539 -1.0281256175942914
514 6168 0 0 0 -3.69262552312125 -1.5608355216316325 -0.3609942919741085 -1.9403969708228261 0.1293150557152617 0.04753623333143739 0.3034693743714984 3.6601261937858323 4.137015728457713 4.2584018554617415 9.08382123782241 -9.437717880527213 4.548859914497489 -3.565239365856393 -2.473668930680846 0.5154021924006905 -4.351839142010498 -1.028034762028472
515 6180 0 0 0 -3.6927175817536337 -1.5608294688025937 -0.3609864445371169 -1.9404280809978645 0.12932933722085274 0.04762872269436521 0.3035500275136206 3.660100724867499 4.1369780492926465 4.258517978553339 9.083706295824461 -9.437666891591224 4.548777057652596 -3.565378157003977 -2.473891979733966 0.5154356919716656 -4.351854172028829 -1.02808285382451
516 6192 0 0 0 -3.6927322886494762 -1.5608222445239432 -0.3610048777767982 -1.9404215950666357 0.12931861177945156 0.04759523366438442 0.30351999008749464 3.6600907236939313 4.136941437918411 4.258520597922142 9.08369587216977 -9.437648227205186 4.5488606158109945 -3.5655061489433306 -2.4740152528108923 0.5154088115818124 -4.351800158910435 -1.028040753991022
517 6204 0 0 0 -3.6927430684578715 -1.5608248918164176 -0.36100044904497713 -1.9404170057076449 0.12932271831894598 0.047637136248437725 0.30355479657926854 3.6601066165211202 4.136902814419165 4.258556836718492 9.08363405193962 -9.437532548284672 4.548760035372468 -3.565440978322052 -2.4741094205105236 0.5153690258600958 -4.351820569048724 -1.028015461988407
518 6216 0 0 0 -3.692751516493423 -1.5608303477923535 -0.3609949184006635 -1.9404112815643437 0.12931907965358827 0.047659732590191704 0.3035830770492101 3.660039805218852 4.136991546730339 4.2586858327519215 9.083606638928206 -9.437597333476035 4.548794531701451 -3.5656075587649387 -2.4743095491993055 0.5153558309690701 -4.351854078605276 -1.0281743104460523
519 6228 0 0 0 -3.6927236736570963 -1.5608336964912042 -0.3609944519363469 -1.9404080285852188 0.12931401944267595 0.04765699314952096 0.3035737648758269 3.660017905707306 4.1369346732133945 4.258708855400181 9.083601321315511 -9.437502566542475 4.548715206088302 -3.5655737854880543 -2.474301649875283 0.5153751766437855 -4.3519167103877905 -1.0281477968317818
520 6240 0 0 0 -3.6927696696919052 -1.5608292792167275 -0.3609964497253351 -1.940405433815653 0.12931953328951384 0.047676902484107976 0.3036014191427659 3.660032772263133 4.137007570549139 4.258651065063744 9.083567782238383 -9.437505638741237 4.5486359473963365 -3.5654955302146356 -2.4742387760647757 0.5153452994353623 -4.351982452715225 -1.0280883840072106
521 6252 0 0 0 -3.6927000583668095 -1.5608407531288029 -0.3609843024605181 -1.9403987541115735 0.12931748954191266 0.04766321708559481 0.3035864472129714 3.6599944636560515 4.137048296941762 4.2586751793263655 9.083519780477815 -9.43751461798484 4.548707885425309 -3.565560065180343 -2.4742761782606273 0.5153261718049663 -4.351969013989659 -1.0280404388658713
522 6264 0 0 0 -3.6927438342725942 -1.5608332403387277 -0.36099538166812795 -1.9403855363836089 0.1293178028637623 0.047652239673250434 0.30359521872056483 3.6600228715964263 4.1369999415154135 4.258606661461596 9.083592253501543 -9.437477906152962 4.54870731922556 -3.5656166296675886 -2.474199630560496 0.5152681809634793 -4.3519013887669695 -1.0280240080490404
523 6276 0 0 0 -3.6927414528563 -1.56083091043621 -0.360993576629441 -1.9403808087903929 0.1293222076788379 0.04761920266643074 0.3035764012789247 3.6599426945637767 4.137002967319136 4.2586692149752885 9.083532545141331 -9.437542472219423 4.548741380919568 -3.565604934693147 -2.474200147631054 0.5152615168471887 -4.351951203083062 -1.0280839198349943
524 6288 0 0 0 -3.6927504499169888 -1.560824592553215 -0.3610107194102945 -1.9403875617788253 0.12931602674995998 0.04760203706560602 0.3035617997129948 3.6599325267620912 4.136942115680204 4.25869887628023 9.083535196950827 -9.43752596944296 4.548775741160613 -3.5656384004281336 -2.4742178356850535 0.5152836600917752 -4.35191182005727 -1.0281258532409154
525 6300 0 0 0 -3.6927694195035228 -1.560818058809722 -0.36102368077128894 -1.940386253366226 0.1293100094839108 0.04758115652137824 0.3035538561320881 3.659974009567964 4.1369685619435606 4.258617125237082 9.08350681340365 -9.437518452019763 4.548753043911679 -3.5656112539350704 -2.474087552926732 0.5152184983310787 -4.351834739922927 -1.0280026907167494
526 6312 0 0 0 -3.692827225933912 -1.5608119003421181 -0.36102411820657465 -1.9403895574523162 0.12931682177289439 0.04761329723901972 0.3036000264303235 3.6600290087714256 4.136992021555823 4.2584933416165205 9.08355562447802 -9.437513477065352 4.5487122034377085 -3.5656317245266402 -2.474001578053146 0.5151825708728763 -4.3518115299686295 -1.027949471682142
527 6324 0 0 0 -3.6927811915714823 -1.5608153712635415 -0.3610257072245432 -1.940369506705283 0.12930835726661205 0.04755811665124635 0.30353261836493717 3.660001235263925 4.137020705762208 4.258570543760994 9.083674390464628 -9.43754694233159 4.548778621211525 -3.5656639805411903 -2.473982881009433 0.5152039706933546 -4.351810070505392 -1.0279871520168242
528 6336 0 0 0 -3.692781206231502 -1.5608101853683787 -0.3610345381774122 -1.9403670687947152 0.12930621686331187 0.04753403889967011 0.3035075587228361 3.660011439702263 4.137013447158137 4.258599750851902 9.083694985808332 -9.437547403818549 4.5487613673903455 -3.565631661020394 -2.474015875170308 0.5152427406554801 -4.351861126821999 -1.0279589721238396
529 6348 0 0 0 -3.6928306526902164 -1.5608064191765814 -0.36103326281394665 -1.9403662023486274 0.1293144243919767 0.04754264773525522 0.3035444513697943 3.6600197960826737 4.137075689825943 4.2585891987102364 9.083685738455642 -9.43759043440149 4.548800635800323 -3.5656197466230477 -2.473974871660846 0.5152554406196262 -4.3518169192155876 -1.0279329174037386
530 6360 0 0 0 -3.6928032200372805 -1.5608079439853928 -0.3610331443044344 -1.9403686176700252 0.12931006583300084 0.047526231117896896 0.30350663640433917 3.659998680806797 4.137068857732307 4.258619556713869 9.083675936866959 -9.437558644321424 4.5488081507422775 -3.5656004009556566 -2.474024155985243 0.5152362944753984 -4.3518561707902865 -1.0279161526553136
531 6372 0 0 0 -3.692771212888349 -1.5608130932194548 -0.3610246634934407 -1.9403669136452957 0.1293114852756283 0.04751449993158528 0.30348947910481255 3.6599327142251776 4.137072467654945 4.258715383149405 9.083662570886721 -9.437607321763268 4.548837908463142 -3.565555362887048 -2.4740454952497757 0.5152475277748897 -4.351920685850005 -1.0279872070616747
532 6384 0 0 0 -3.692752177977273 -1.560815255300895 -0.36102158040487065 -1.9403664931378342 0.12931410744463376 0.04750403787258982 0.303473085354556 3.6599186038409255 4.13705272962163 4.25867755425268 9.083699619098079 -9.437625460307716 4.548854913524402 -3.565588866374513 -2.4739046674534797 0.5152280715552159 -4.351915926086132 -1.0279412198819862
533 6396 0 0 0 -3.69272738252677 -1.56082135119263 -0.36101123828166465 -1.9403634944113424 0.12931719221494398 0.0475142225157975 0.30347571121838224 3.6598994810994654 4.137040305929452 4.258710645440321 9.083695763179808 -9.437650989164306 4.548857810858594 -3.5655299520247774 -2.473874064138478 0.5152152320851396 -4.351932289944405 -1.027959139160791
534 6408 0 0 0 -3.6926936331859888 -1.5608263230780595 -0.3610056322770664 -1.9403554325201253 0.1293164888833782 0.047503609919464694 0.30346422027084696 3.6598905987146373 4.13705508118384 4.258707860280295 9.083707246657896 -9.43770603779481 4.548854004435033 -3.5655393494853302 -2.4737762714115163 0.5152011929359758 -4.351895390480755 -1.0280534639302368
535 6420 0 0 0 -3.6926985800492926 -1.5608266571535314 -0.3610054842405167 -1.9403557037016064 0.12931481496188432 0.047496157174604314 0.3034614762251202 3.659851881209966 4.137077890059615 4.258758819101744 9.083672871188034 -9.437706228987729 4.548820013838441 -3.56554987776292 -2.4737769219510195 0.5151613164001986 -4.351890248770039 -1.0280804699927033
536 6432 0 0 0 -3.6927154299467055 -1.560822080939165 -0.3610101191925705 -1.940355059624892 0.12931396231550485 0.04747216517983654 0.303441624668647 3.6598536305451748 4.137076101388004 4.2587343921726735 9.08374173822164 -9.437783669685551 4.548886446750659 -3.5655356079354426 -2.4736978546778623 0.515158372169651 -4.351876284196083 -1.0281182658161394
537 6444 0 0 0 -3.692743003831498 -1.5608178259408696 -0.36101435949037747 -1.9403608684343385 0.12931532482691246 0.04749439832030204 0.3034676778401817 3.6598760129550416 4.137038242747266 4.258660646645949 9.083662506799998 -9.437719480886459 4.548849844073706 -3.565447111075756 -2.4736593828536666 0.5151326572832846 -4.351855373852169 -1.0280474075408044
538 6456 0 0 0 -3.692732050910503 -1.560818642360826 -0.36101377154897346 -1.940367098584313 0.12931551513305195 0.0474904718927763 0.30345887713930514 3.6598548725895634 4.13704711069249 4.258607058166645 9.083669342174588 -9.437715368795226 4.548821392539749 -3.565388946957673 -2.4735411328468264 0.5151030674373565 -4.35187088548609 -1.0279498840544012
539 6468 0 0 0 -3.692798465828604 -1.5608119170829553 -0.3610229572695891 -1.9403630639274008 0.12931522385247238 0.047520556238878346 0.3035084266032412 3.659882953728179 4.137084637883926 4.258568307203625 9.083598845951737 -9.437689601769709 4.548814194675534 -3.5654325599673102 -2.473570292808753 0.515043859781304 -4.3517853646832725 -1.0279411844929967
540 6480 0 0 0 -3.692830882942121 -1.5608048803014736 -0.3610325281951871 -1.9403693550450154 0.12931440839651565 0.04751642580071053 0.3035106821496621 3.6599008407597875 4.137017611385376 4.2585880039313535 9.083680487135233 -9.437687649964516 4.548851960192732 -3.5654837937028594 -2.4736048438902363 0.5151234217681726 -4.351781190259312 -1.0279939439951253
541 6492 0 0 0 -3.692844327285367 -1.5607987452147518 -0.3610486680931439 -1.9403532848821596 0.12930411187614713 0.04749175820879674 0.30350813391694065 3.6599082692064298 4.137004188184277 4.258611926081458 9.083673486018371 -9.43761497931343 4.548839441092554 -3.5654932010053355 -2.4736377265323712 0.5151329976548876 -4.35174186514705 -1.0279860740392324
542 6504 0 0 0 -3.6928356880544464 -1.560801710438762 -0.36104541354705527 -1.9403587180793958 0.1293037930288476 0.047510014638688425 0.30351470365305877 3.659872708696583 4.1369514321919265 4.2586267691858515 9.083662087930145 -9.437572194639877 4.5488131437846855 -3.5654597734194846 -2.4736816742142422 0.5151781524258755 -4.351798641553493 -1.027950417360504
543 6516 0 0 0 -3.692863220402836 -1.5607974221173402 -0.36104781280007103 -1.9403741559538998 0.12930888739374413 0.04751811688516555 0.3035244822370313 3.6598338060448175 4.136922150244016 4.258638413669499 9.083629162915392 -9.437521390472067 4.548816698628001 -3.56541460171449 -2.4736908446402435 0.5151716768371432 -4.351837205693977 -1.0278476133458305
544 6528 0 0 0 -3.692868261476076 -1.560799540564609 -0.3610379811132166 -1.9403879472479997 0.12931481492402583 0.04754761402874781 0.30353492766026496 3.659809634924979 4.136910285664765 4.258577415200603 9.083650467877309 -9.437549759877497 4.548837153702262 -3.5654760580895895 -2.473645572074938 0.5152150304685732 -4.351807794900274 -1.0278527134596094
545 6540 0 0 0 -3.6929046538106527 -1.5608017618417986 -0.36104054925033074 -1.940389726924006 0.12931166939460398 0.047619234162666196 0.3036108479290951 3.6598415853879303 4.136886874821378 4.25846954537451 9.083605822690602 -9.437467054808522 4.548703965203476 -3.565440930897304 -2.4736647978704696 0.5151812281387563 -4.3518177660820365 -1.027782452947725
546 6552 0 0 0 -3.692897415274046 -1.5608018372245507 -0.3610365978936937 -1.9404013244409228 0.1293140388104561 0.047611385758960935 0.3035846370983448 3.659781835755966 4.136920596702106 4.258629221665957 9.083616235990768 -9.437517041166068 4.548755886420755 -3.565502037254076 -2.473813007408914 0.5151911671006537 -4.351879848554619 -1.0279025998725828
547 6564 0 0 0 -3.6928875605524873 -1.5608032175231334 -0.36103383098104913 -1.9404109649737564 0.12931638687556335 0.0476155029704399 0.303574192455067 3.659724112332592 4.1369313930847875 4.258722208801293 9.083598985492376 -9.437539006676687 4.5487736775033545 -3.5654817057503965 -2.4738616097548958 0.5151978992193025 -4.351922938095878 -1.027950906008359
548 6576 0 0 0 -3.692886643644959 -1.5607991167528243 -0.36103632065267394 -1.9404197043376348 0.1293196634599564 0.04758444521675648 0.30354505029769024 3.65965084852479 4.136887247297494 4.258801161093199 9.083613633656496 -9.43758108039693 4.548824625073649 -3.565513856280172 -2.4738998086006028 0.5152726369118061 -4.351946740551473 -1.0280152347625386
549 6588 0 0 0 -3.6929196699383424 -1.560797960108625 -0.36104203902788456 -1.9404169399952096 0.12931474380035154 0.047609646351663516 0.3035734295890022 3.659626220393386 4.1368719482038685 4.258879245536462 9.083639852003977 -9.437598305504764 4.548857504558753 -3.565599277478196 -2.4739938575480713 0.5152806784220348 -4.351879574683345 -1.0280924112614258
550 6600 0 0 0 -3.6929145019632568 -1.5608023711868093 -0.3610268165792 -1.9404270688847867 0.1293249591097966 0.04763469226124533 0.3035975086238015 3.659616764240008 4.136925470574063 4.258822190603957 9.083669456644014 -9.437640319327777 4.548819130859359 -3.5655509763403184 -2.473870048965137 0.5152418132030584 -4.351894160069581 -1.0280656446456267
551 6612 0 0 0 -3.692918690566018 -1.560805315926397 -0.3610194268385792 -1.9404298168498035 0.12932825941308715 0.047649852838433156 0.30361603950945315 3.659626294175773 4.136931148010895 4.258892271360735 9.08364508713919 -9.437629900201099 4.54883934587009 -3.5656033597047605 -2.4740227501229812 0.5152670568342813 -4.351947123966696 -1.028066578025594
552 6624 0 0 0 -3.692936928294039 -1.5607977291995572 -0.36103363555230145 -1.940423041601451 0.12932693604880852 0.047615838505707025 0.30360049400402406 3.6596121362596117 4.136879469653466 4.258915839063025 9.083644538784773 -9.437560678734819 4.5488207317178695 -3.5655747256882546 -2.4739942401470176 0.5152633569278882 -4.351887736512143 -1.0280461223511288
553 6636 0 0 0 -3.6929466203601806 -1.560797268170611 -0.3610292815501359 -1.9404293439642486 0.12933102859239223 0.04764730453821691 0.30361818404014573 3.6596373015561716 4.136872913759744 4.258925231676863 9.083584046503708 -9.437524725299317 4.548831220863575 -3.565559803919784 -2.4740940752854286 0.515248567821563 -4.351881762054794 -1.0280047594356234
554 6648 0 0 0 -3.6930168061674395 -1.5607928447819788 -0.36103202705658305 -1.9404499173032368 0.12933487423978318 0.047695016939145955 0.30367656957897265 3.6596280112057853 4.136870735579865 4.258865027026074 9.083606184177313 -9.437529010578142 4.548859626183761 -3.5656008442950644 -2.474223585996553 0.5152649240935537 -4.351885220128917 -1.0279359460833866
555 6660 0 0 0 -3.692972342846988 -1.5607960648836734 -0.3610303405203216 -1.9404364743982965 0.1293326228093437 0.04766679571784128 0.3036427269698208 3.6596216364534437 4.1368163623922385 4.258890249074879 9.083632404915205 -9.43753322228307 4.548881365228983 -3.565606032892849 -2.474175721596942 0.5152737210347035 -4.3518830935518436 -1.0279807875094922
556 6672 0 0 0 -3.6930100893508815 -1.5607848393704657 -0.36104991205154163 -1.9404333170999388 0.12932856915899046 0.04765253891808589 0.3036366110639657 3.6596659943004717 4.1368273497712496 4.258896959954773 9.083660330631771 -9.43752676573981 4.548906800386285 -3.5656531594331162 -2.4741989844027157 0.5152846092249042 -4.351817139013516 -1.028018517060793
557 6684 0 0 0 -3.6929721580679082 -1.560788805550304 -0.36104473281747873 -1.9404362117798957 0.12932590939286026 0.04763362028742421 0.3035984885278706 3.659699933263138 4.1368453379022085 4.258853304163341 9.083687466186205 -9.437556833231852 4.548902021828956 -3.565631155837626 -2.4741594185243514 0.5152663135137892 -4.351822820246245 -1.0279805023456141
558 6696 0 0 0 -3.6929570482374894 -1.5607900767042222 -0.3610405047450628 -1.9404371693430107 0.12932815538024653 0.04762057800534576 0.30358550308709936 3.659679328229494 4.136795499944725 4.258915152393099 9.083740039373096 -9.437551637486917 4.54895646974515 -3.5656417741181574 -2.47413525657866 0.5152486013376352 -4.351843302019193 -1.0279587632684035
559 6708 0 0 0 -3.6929464583185534 -1.5607894909979165 -0.36104131402952944 -1.9404387100795324 0.1293299147234567 0.047606736174359066 0.3035689882287599 3.659674549175624 4.136789089880563 4.258915108964454 9.083784647718504 -9.437614808336626 4.548989085777665 -3.5656437535852814 -2.4740977110301823 0.5152877104183682 -4.351851947778209 -1.027978953589794
560 6720 0 0 0 -3.6929853415194596 -1.5607876291879412 -0.36104178602879045 -1.9404529335888472 0.1293327115899451 0.0476544343010722 0.30361199925032173 3.6596535199146216 4.136770504671014 4.258840645982087 9.083797545354388 -9.437597191162242 4.548967109482423 -3.565615175777472 -2.474067891011518 0.5153302842582329 -4.351852495664694 -1.0279610675764512
561 6732 0 0 0 -3.6930169978385496 -1.5607900559707086 -0.3610373581773936 -1.9404583126962076 0.12933355876527747 0.04769970113820236 0.30366466117445146 3.65964250891928 4.1367655876194895 4.258837077043855 9.083726581870176 -9.437547484776996 4.548932610156314 -3.565606444334651 -2.4741472816140315 0.5153400409407662 -4.35186842127688 -1.0279480404288375
562 6744 0 0 0 -3.693037239514523 -1.560787729827371 -0.3610399480257232 -1.9404647419838719 0.12933242715298784 0.04771876842106491 0.3036797997877434 3.6596420523711015 4.13674501321806 4.258837125119679 9.083734489680706 -9.437519687984222 4.548916543389597 -3.565587441230943 -2.474180744637163 0.515355569288635 -4.351873423199945 -1.0279169470773528
563 6756 0 0 0 -3.6930392755753694 -1.5607913527368653 -0.36103244459631195 -1.9404742227424878 0.12933719638862254 0.047749127697495064 0.303705730712771 3.659576973502618 4.136718036458965 4.25882891223272 9.08373209230823 -9.437563592175076 4.548916447470372 -3.5655842922537717 -2.4740952024633995 0.5153911835216457 -4.351895461221666 -1.0279308945389547
564 6768 0 0 0 -3.6930362941850476 -1.5607916792742746 -0.3610307277522392 -1.940478900932559 0.1293370383285417 0.04776152953154257 0.3037091044021162 3.659558553961902 4.136718163535672 4.258881471151859 9.083684639982126 -9.437561510506127 4.548895462589251 -3.5656063840914407 -2.47413254738138 0.5154029916000485 -4.351897642873484 -1.0279435095622267
565 6780 0 0 0 -3.69304614328448 -1.5607863502803634 -0.3610369333682371 -1.940482664570034 0.12933847479047847 0.04774150736169637 0.3036860565320184 3.6595497836704887 4.136773154831902 4.258878814306967 9.083740426267799 -9.437588311532227 4.54891727678643 -3.5656117917260266 -2.474141343644958 0.5153924971845415 -4.35188469026517 -1.0279939537978373
566 6792 0 0 0 -3.693045001866394 -1.560788817765376 -0.3610315033049537 -1.9404797517236636 0.1293419545838874 0.047751351121110897 0.30369533323549297 3.6595210934487623 4.136768731754118 4.258906254867358 9.083712612258985 -9.437599997769752 4.548969717201585 -3.565650672040426 -2.474187062505794 0.5153669237255136 -4.351871840519223 -1.0280401839722892
567 6804 0 0 0 -3.6930437878967037 -1.5607870480021817 -0.36103388572251355 -1.9404789679846062 0.12934271403320227 0.04774875407952465 0.30369192660114436 3.659542723871137 4.136771113564079 4.258867155261792 9.083674708637249 -9.437545051439068 4.548897251143041 -3.565543454964396 -2.474145980570178 0.5153528388870443 -4.351934626403718 -1.0279938599583212
568 6816 0 0 0 -3.693014282135729 -1.5607938760809277 -0.36102413366495795 -1.9404758194952485 0.12934160107048603 0.04775738511130719 0.30368467069024696 3.6595006807898596 4.136750658731417 4.258887891539809 9.083696870190911 -9.437590483859246 4.54891081652789 -3.565594371157281 -2.474129860280104 0.5153563827873325 -4.351897691781595 -1.028084895712296
569 6828 0 0 0 -3.6930033881993456 -1.560801222682171 -0.36101139736420235 -1.940481459514688 0.129343143987895 0.04779149452373427 0.3037088095068826 3.659476937813442 4.13672470232048 4.258884469817054 9.083720227655524 -9.437595376203536 4.548933309912778 -3.565594675587485 -2.474155636548954 0.5153256108505503 -4.351913526106308 -1.0281023858141594
570 6840 0 0 0 -3.6930297662831237 -1.5607969661580978 -0.3610170104690826 -1.9404844003241373 0.12934362992092388 0.0477905252560356 0.30371736526764576 3.659509301574677 4.1366835008234135 4.258882416913801 9.083748841253827 -9.437581323731589 4.548942162466536 -3.5655433456500973 -2.4741284996252877 0.5153576371552605 -4.351897226617 -1.028075954790756
571 6852 0 0 0 -3.693035747236246 -1.5607940329095171 -0.3610191271935156 -1.940478832661572 0.12934510393475465 0.04777586095209308 0.3037151740343527 3.659534062346296 4.13673828730421 4.258876834686638 9.083737776303144 -9.437596574423237 4.548950573145694 -3.5655646004777726 -2.4741114757440332 0.5153401613630808 -4.351893716094574 -1.0280455837862903
572 6864 0 0 0 -3.6930714312356114 -1.5607939002671238 -0.36101845026944246 -1.9404852791553 0.12934444020615887 0.04781498482799898 0.30375790829185473 3.6595331331513794 4.13672243640648 4.258891906804354 9.083711881351318 -9.43754518336509 4.5489262519664955 -3.5655756710857553 -2.4741721246439448 0.5153276932887779 -4.351877798299441 -1.0280403215038372
573 6876 0 0 0 -3.6930756571126055 -1.5607930699925228 -0.3610192573574194 -1.940485449989132 0.12934566295736571 0.047809598061434436 0.3037523589817297 3.6595283446030007 4.136757097460766 4.258949108050667 9.083686876695301 -9.437548275658148 4.5489531095558995 -3.565590455696461 -2.4742175599318768 0.5153425872436463 -4.3518976333080435 -1.0280252247574646
574 6888 0 0 0 -3.693074090676836 -1.560793550711376 -0.36101825946699756 -1.9404887076495234 0.12934651974245456 0.04781436597199779 0.30375387094834966 3.659520632641456 4.136721782373744 4.25892752727845 9.083727968798565 -9.437538766766261 4.548960614976552 -3.5655967208910533 -2.4741893862936957 0.5153565601559861 -4.3518793452991025 -1.0280024431599106
575 6900 0 0 0 -3.6930600972251026 -1.5607940375606981 -0.36101939528639815 -1.9404912927571756 0.1293438143675167 0.04780759063765034 0.3037399664161489 3.6595146060961787 4.136708338457866 4.25892611921468 9.083728789483676 -9.437533712686852 4.548965614565123 -3.5655778357325687 -2.4742024388860084 0.5153719291537739 -4.351898300036811 -1.0279953293081798
576 6912 0 0 0 -3.6931179101730445 -1.5607869183714367 -0.36102598493934185 -1.94050463502977 0.12934688696561 0.04782852017400359 0.3037695834725602 3.6595017107996757 4.136717639266658 4.258914525170221 9.083700552232553 -9.437537107164294 4.54897443512279 -3.5656227770374125 -2.474231028694204 0.5153766766000214 -4.351861128763418 -1.0280303960873207
577 6924 0 0 0 -3.6930954721760623 -1.5607884373122347 -0.36102553551837907 -1.9405018845395066 0.1293444794442148 0.04781135382234198 0.30374532017886124 3.6594777675764774 4.136705892839654 4.258882378628575 9.083738557526534 -9.437581465913652 4.548989432465732 -3.56557221290727 -2.4741290311897197 0.515402371829609 -4.351834412546852 -1.0280234032356903
578 6936 0 0 0 -3.693071095495873 -1.5607906625579933 -0.3610231024953263 -1.9405003907432232 0.12934497344984433 0.04779365790584015 0.30372454596582793 3.659487203742334 4.1367341725361175 4.258878205951621 9.083759417582398 -9.437626876784005 4.549009700018911 -3.5655770003531475 -2.474085409524708 0.5154135314537795 -4.351841299489195 -1.0280193487945257
579 6948 0 0 0 -3.6930907905198733 -1.5607860819318242 -0.3610287800709616 -1.9405095696658285 0.12934562948452932 0.04779519358984416 0.30372659374706285 3.6594877094328053 4.136730251423887 4.258851864490728 9.083744516260568 -9.437618243717084 4.549018680186356 -3.565584336191644 -2.4740724917148476 0.5154211302722774 -4.35181985359853 -1.0280000517986987
580 6960 0 0 0 -3.693094121959014 -1.560786067519017 -0.3610274158058783 -1.9405075166988337 0.12934691977794163 0.047795432015671255 0.3037300462312107 3.659483437081101 4.136750358736842 4.258905683620812 9.083735002554661 -9.437626734549763 4.549032575930454 -3.5655463187741594 -2.4741155675222894 0.5154256909678628 -4.351837087937137 -1.0280263437051655
581 6972 0 0 0 -3.6931037941751157 -1.56078376191234 -0.3610306172958266 -1.9405117173167443 0.12934538909462157 0.047788636841329474 0.3037196087379312 3.6594544705065974 4.136728590068466 4.2589033109522925 9.083770186984854 -9.437629126294082 4.549047139833059 -3.5655498929200973 -2.47410090013975 0.5154133431044653 -4.351834138456318 -1.028012556950369
582 6984 0 0 0 -3.6930969929011073 -1.5607831857142922 -0.3610316528141801 -1.9405079414104747 0.12934484646363348 0.04777463249982805 0.30370604889293745 3.65947232086734 4.136771805925627 4.258900237289197 9.083796491735402 -9.437657175450589 4.549090202569829 -3.565587974943969 -2.4740924483499276 0.515378252842608 -4.351790724428532 -1.0280212607411674
583 6996 0 0 0 -3.693105999306419 -1.560781378027092 -0.3610341892223435 -1.940505635329214 0.1293441414832491 0.047780450836472324 0.3037146650847073 3.659510524283497 4.136763782155822 4.2588469163951395 9.083788941945652 -9.437596523219218 4.549055213435517 -3.565550853940015 -2.47410315714486 0.5153760018943079 -4.351792813761875 -1.0280094281104435
584 7008 0 0 0 -3.6931067467334184 -1.5607797660550289 -0.36103743500231955 -1.9405092213732404 0.12934310075612537 0.04777271094173379 0.3037032950635762 3.6595036501745737 4.1367856808665335 4.258833865771937 9.083799470584996 -9.437608362845676 4.54905765806604 -3.5655249351752913 -2.4740832986203065 0.5153853066468578 -4.351788463419785 -1.0280036087694555
585 7020 0 0 0 -3.693120851798341 -1.5607812210511505 -0.36103355369377627 -1.9405155367312306 0.12934553746503882 0.04780428905734707 0.3037354917476232 3.659474108423042 4.136778802741958 4.258823791430112 9.083808301132983 -9.437596701309971 4.549039511595533 -3.565541217220213 -2.474100630665925 0.5153892534687732 -4.351781508280601 -1.0280038690860365
586 7032 0 0 0 -3.693119697608246 -1.5607822154780522 -0.3610325947670792 -1.9405148806118937 0.1293454315478543 0.047804637646297804 0.3037373580701899 3.6594643171248373 4.136787536332816 4.258819108079521 9.08381052815789 -9.437592214432254 4.549029925326866 -3.565535005192551 -2.4741136329234688 0.5153821889412723 -4.3517838111264115 -1.0280063460466404
587 7044 0 0 0 -3.693145550200467 -1.560777725106147 -0.3610377072367706 -1.9405162269722842 0.12934666257963143 0.04780369562282629 0.3037426043112422 3.6594746719500533 4.136772628889803 4.25881659823395 9.083818556305287 -9.437570695493555 4.549020923553457 -3.5655216809036996 -2.474099687590204 0.515390992790181 -4.351761854045098 -1.02801771239977
588 7056 0 0 0 -3.693126871518166 -1.5607825714420203 -0.36102868849606384 -1.9405239468565159 0.12934874174791824 0.04781362486814053 0.3037400344600865 3.659439870720466 4.1367777071203875 4.258848334239786 9.083824984580238 -9.437598894052588 4.549021203179053 -3.5655494924501614 -2.474099122409769 0.5153914079232744 -4.3517636689782915 -1.0280698373519739
589 7068 0 0 0 -3.6931234826345274 -1.5607833806755127 -0.3610290776280424 -1.9405176812206693 0.12934747879398617 0.047822961259515816 0.30375232071429414 3.659450948061825 4.136773487539911 4.258856301679277 9.083780815657452 -9.437566568431313 4.548992641895164 -3.5655797555170774 -2.474142014312885 0.5153699109835398 -4.351769125669633 -1.028080641613172
590 7080 0 0 0 -3.6931067649931295 -1.5607827859918288 -0.36103017833606915 -1.9405192641288653 0.1293471560451825 0.04780217067890085 0.30372776776283417 3.659461400196389 4.13678919794324 4.258891503284908 9.083748476656188 -9.437551874028584 4.5489779454118535 -3.5655834224905942 -2.4741636775085847 0.5153530275871405 -4.3518083258508256 -1.0280587343764032
591 7092 0 0 0 -3.693121222568049 -1.5607812592057275 -0.36103111666530124 -1.9405233004174156 0.129348064902076 0.047807269503634814 0.3037310931049704 3.6594431370167486 4.136824631978241 4.258905156331187 9.083751136443366 -9.43758112256651 4.54899451805247 -3.5655666081915145 -2.474172052076743 0.5153668844366117 -4.351792000840625 -1.02808702681801
592 7104 0 0 0 -3.693123835361935 -1.5607830824951419 -0.3610265045064269 -1.9405224604511744 0.1293498591411551 0.0478249075380654 0.3037492131433586 3.659457156535478 4.136843821452481 4.258888443481399 9.083749157745038 -9.43756506320181 4.548959311709377 -3.565544062656078 -2.4741755719858434 0.5153453182971348 -4.351808383299304 -1.028074260861515
593 7116 0 0 0 -3.693140775953278 -1.5607835390690163 -0.3610247461707483 -1.9405260667945763 0.12935131580359324 0.04785117609141269 0.30377649806851953 3.6594605485195175 4.136853556411677 4.258880136105658 9.083723982305143 -9.437565931182764 4.548960572283057 -3.565553049966537 -2.474205967311927 0.5153608550665788 -4.3517810804651855 -1.0280836787383658
594 7128 0 0 0 -3.693105964431614 -1.5607874872529068 -0.36102095024462266 -1.940521320431986 0.12934982823244245 0.04783551309108775 0.3037547500832166 3.659446631750494 4.13683717442126 4.258922000049754 9.083706073427841 -9.437595594100218 4.54898283379306 -3.5655760883592427 -2.474191062577191 0.515361452627024 -4.351764329567394 -1.0280806357573875
595 7140 0 0 0 -3.6931161944980473 -1.5607856650955105 -0.36102282239222616 -1.9405233070406886 0.12934956641881842 0.04783552555856859 0.30375533502814284 3.6594435998782675 4.136860567162399 4.258918426566163 9.083692360821487 -9.437583664919499 4.548967952886729 -3.5655696078337034 -2.474216519490991 0.5153537183770874 -4.351764436825419 -1.0280869191227222
596 7152 0 0 0 -3.6931048072573387 -1.5607899754637002 -0.3610160753501981 -1.9405270954972431 0.1293502477637416 0.04785284456790639 0.3037641171713446 3.6594119602257504 4.136843898883397 4.258944517892919 9.083680512929366 -9.437582058235607 4.548958828231319 -3.565618154325026 -2.4742620604977072 0.5153683986644458 -4.351778956508612 -1.0281107396409794
597 7164 0 0 0 -3.6931044578387726 -1.5607903619903305 -0.36101448076184367 -1.9405332503027344 0.12935109969777303 0.04785715772154518 0.30376027594376015 3.659393948882867 4.136837876722508 4.258967220989942 9.083695537142294 -9.437595005398862 4.548946205067683 -3.5656217990828316 -2.474283040735817 0.5153755048435006 -4.351809025898857 -1.0281142019655125
598 7176 0 0 0 -3.693111492635194 -1.5607940227602375 -0.3610071654299219 -1.940538685545214 0.1293528394766272 0.047889982039851245 0.30378629646858374 3.6593807558525215 4.136838899912946 4.258975489087851 9.0836876044693 -9.437593043580176 4.548933914907478 -3.565643515479522 -2.474323910104903 0.5153848950726153 -4.351806364911592 -1.0281245384905435
599 7188 0 0 0 -3.693106805261262 -1.5607958066379186 -0.36100465070027143 -1.9405368536400853 0.1293524199924364 0.047893637977983405 0.3037878569392629 3.6593836233485977 4.136828618605772 4.258958196499312 9.083692510342733 -9.437593104283385 4.548936751388001 -3.5656295373143205 -2.474328971490609 0.515388082904802 -4.351815617916972 -1.028115989419864
600 7200 0 0 0 -3.6931156996817482 -1.560793100936501 -0.3610091807700888 -1.9405326767251168 0.12935201043602623 0.04788219998493062 0.3037843697415571 3.659390686531116 4.136829263782963 4.258937201095508 9.083691617966066 -9.437591775045068 4.548951024917302 -3.5656300058473476 -2.474325223112229 0.5153900977028915 -4.351831977413789 -1.0281333062264604
601 7212 0 0 0 -3.6931013931032224 -1.5607940538100906 -0.3610060504480531 -1.9405359547476762 0.12935305913685818 0.04787268773014711 0.3037682393515494 3.6593902172927697 4.136845037628747 4.258909783081729 9.083716300843458 -9.437607678878347 4.548954207345653 -3.565623250414621 -2.474280480358795 0.515381324672368 -4.351842930646193 -1.028129156260729
602 7224 0 0 0 -3.6931024383055635 -1.560795820897534 -0.36100245367103057 -1.9405396029769857 0.1293544832602017 0.047889178534384215 0.30378075944005484 3.659375535241159 4.136835780988661 4.258918642445228 9.083711232726426 -9.437583034597486 4.5489346638641734 -3.5656415923490155 -2.4743139530201272 0.5153737768468513 -4.35184001286448 -1.0281147489607387
603 7236 0 0 0 -3.6931118089080717 -1.5607962758973608 -0.3610009158942547 -1.9405443212175395 0.12935514094157213 0.047903119352394545 0.30379082319884954 3.6593451964984496 4.136828942846008 4.25891305478765 9.083725115215492 -9.437596865752626 4.548958803326798 -3.5656392197300737 -2.474314369888384 0.5153784598645816 -4.351842481793063 -1.0281242547192821
604 7248 0 0 0 -3.693128918863904 -1.5607933280467627 -0.3610041850193562 -1.940548653020756 0.12935666309164257 0.04790934074587261 0.30380220424152526 3.6593520446649888 4.136801662911188 4.258908867615272 9.08373250231518 -9.437571144905247 4.548934532947429 -3.5656408200124843 -2.474305981974016 0.5153773855950178 -4.351854176985377 -1.0281267092846393
605 7260 0 0 0 -3.6931168938771677 -1.560795580086921 -0.36100098934631086 -1.940550319263366 0.12935718289283757 0.04791789762916559 0.30380278674263356 3.6593368472426735 4.136801024392036 4.258919377127981 9.083731571742444 -9.43758567922507 4.548927127700822 -3.5656512304820827 -2.4743231391105134 0.5153879666021707 -4.3518723759754785 -1.0281534200606992
606 7272 0 0 0 -3.693117776887023 -1.5607961551085712 -0.36100081535398343 -1.9405497416018018 0.129356916411629 0.0479202529411636 0.3038071448316701 3.659333572559925 4.13677679115466 4.258916360826454 9.083756239744613 -9.43759146792399 4.548942001938128 -3.5656590368762657 -2.4743010577063824 0.5153963208885697 -4.351859239077568 -1.0281847496936785
607 7284 0 0 0 -3.6931071726270464 -1.5607973278972278 -0.3610015272743901 -1.940545148273527 0.12935425929196415 0.04791352932610129 0.303798685307215 3.6593402802776502 4.136771415001807 4.258939699826381 9.08376237367114 -9.437592719511402 4.5489433099620395 -3.5656698023108295 -2.474326252607206 0.5154043162434024 -4.35186012486469 -1.0281914169670754
608 7296 0 0 0 -3.693126073606062 -1.5607969645165847 -0.3610011091183612 -1.9405523643047788 0.1293548986576461 0.04794125875849198 0.30382014523399614 3.659316474698818 4.136782493588888 4.2589296211117915 9.083727094997133 -9.437593594452462 4.548919769808652 -3.5656623519641277 -2.474369120922939 0.5154244131840239 -4.351880027438453 -1.0281908764976584
609 7308 0 0 0 -3.6931151290458284 -1.5607967765744002 -0.36100408621905355 -1.9405483906270313 0.1293514889189064 0.04792987462168179 0.3038060678957287 3.659316031064158 4.136781073848807 4.2589476292977775 9.083719396646122 -9.437590121175894 4.548918355114494 -3.565683289492515 -2.4743718969006183 0.5154162035123893 -4.351881268532898 -1.0281952515200397
610 7320 0 0 0 -3.6931054543549133 -1.560798442502787 -0.3610006714750424 -1.9405472426585273 0.12935277327898756 0.047926648867896264 0.30380226405143473 3.659310239326402 4.136785517305777 4.2589824365862015 9.083723862237548 -9.43759019043407 4.5489096231823805 -3.565684790584394 -2.4744044222049633 0.5154041297614547 -4.351902695818757 -1.0281940897844148
611 7332 0 0 0 -3.693119040221205 -1.5608001110151528 -0.36099584509098387 -1.9405511850712625 0.12935520168225859 0.04795329387714751 0.3038285827187893 3.659309301473261 4.1367856662212965 4.258974045495563 9.083699459417286 -9.43757856723276 4.548897047402212 -3.5657017371136908 -2.4744354467432843 0.515400205530889 -4.351904183466698 -1.028201265634178
612 7344 0 0 0 -3.6931150130824193 -1.5608017420151283 -0.36099243654637747 -1.9405532144026338 0.12935691906420663 0.04795890627307043 0.3038315725450969 3.659320167613403 4.136791129808667 4.2589443559806455 9.08371687178314 -9.437593201598183 4.548902727967384 -3.565658432952459 -2.4743959423185573 0.5154176943646822 -4.351924300054052 -1.0281867538563938
613 7356 0 0 0 -3.693110554136294 -1.5608027475929154 -0.36099066213467745 -1.9405520915944805 0.1293576074321957 0.047958052927964706 0.3038320595511213 3.6593205500187524 4.136773418416007 4.258947356180067 9.083721920666008 -9.437581244156513 4.548889778073211 -3.565645707928073 -2.474386390304097 0.5154227582625811 -4.351953923128309 -1.0281817579182813
614 7368 0 0 0 -3.693130487998081 -1.5608006843377242 -0.36099072782639297 -1.940560636802683 0.12936027695031999 0.0479704234820925 0.30384491752454107 3.659288762697327 4.13677331863289 4.258931718039757 9.083741301332905 -9.437592061689843 4.548902136830758 -3.5656512796764748 -2.4743576038412884 0.5154301821673277 -4.351918660955148 -1.0281836073478288
615 7380 0 0 0 -3.693123147896751 -1.5608022644215263 -0.3609875702572411 -1.940562499572213 0.12936107046866493 0.04797171129038101 0.3038422991343784 3.65928913956824 4.136757129855962 4.25891478252376 9.083767531882726 -9.43759239820832 4.548888086221535 -3.5656363967093627 -2.4743298248503014 0.5154525405367489 -4.351935498022189 -1.0281858859814665
616 7392 0 0 0 -3.693108498045971 -1.5608020920249972 -0.3609909212727233 -1.9405549182543553 0.12935762351604735 0.04795020232608628 0.3038226712990886 3.6592854191079573 4.136755250376745 4.258926591993843 9.083765341095498 -9.437601497369212 4.548902799174414 -3.5656448296584844 -2.4743475157033306 0.5154495955859115 -4.3519443260860555 -1.0282118867451342
617 7404 0 0 0 -3.6931060078084954 -1.5608059062406296 -0.3609834045155305 -1.9405582195782236 0.12935978220836386 0.04797455301760481 0.30383979360623375 3.659273258419498 4.136761846726039 4.258927553666332 9.08376531772861 -9.437606564887218 4.5488956541719 -3.5656658939584625 -2.4743812769601385 0.5154515064188807 -4.351957157756596 -1.028223573160621
618 7416 0 0 0 -3.6931112406805764 -1.560803735844053 -0.3609866016078717 -1.9405580099966044 0.12935990932894895 0.047964663985774085 0.3038342185551792 3.6592781351182984 4.136769415395026 4.258941802887922 9.083766320102436 -9.437600845074243 4.548887770348866 -3.5656641772209263 -2.4743514428668654 0.5154484348454829 -4.351945364236063 -1.0282233001693983
619 7428 0 0 0 -3.6931028767881897 -1.5608043346974965 -0.3609864351293371 -1.9405566156944953 0.1293587169090186 0.04795880638476245 0.30382442003162596 3.6592749434266576 4.1367631540285315 4.258950209699588 9.083759326882088 -9.437603090746142 4.548895474126553 -3.565665096699759 -2.4743574307601266 0.515454798060148 -4.35194905231773 -1.0282385539905272
620 7440 0 0 0 -3.693114726650564 -1.5608027234858188 -0.360988596485318 -1.940560367102583 0.12935883900079592 0.047965300268207826 0.30383040756956586 3.659263567275109 4.13675709368659 4.258961382591447 9.083751512464968 -9.437620056985535 4.548918242221032 -3.5656753293518166 -2.4743582474609176 0.5154663034995364 -4.351928027770794 -1.0282546546091993
621 7452 0 0 0 -3.6931132664096573 -1.5608046637659034 -0.36098493664068715 -1.9405672134079555 0.12935935340361154 0.04798116676330671 0.3038397986446325 3.659255158619374 4.136750277110848 4.258956333468229 9.08375007533072 -9.437601039968973 4.548889915038833 -3.565672197491039 -2.474369064736591 0.5154780125340875 -4.35194491090463 -1.0282394380082784
622 7464 0 0 0 -3.693107922107533 -1.5608069823990653 -0.3609795020049449 -1.9405724388922208 0.12936158476955775 0.04799506546812372 0.3038463064480518 3.659243495911793 4.136742663946287 4.258971671786077 9.083746252192057 -9.437603108201476 4.548885205537557 -3.5656873501496436 -2.4744002603370294 0.5154840132263032 -4.351957922556475 -1.0282373958977156
623 7476 0 0 0 -3.6931132969487668 -1.560807482074495 -0.3609779491314228 -1.9405740186380511 0.12936205073732857 0.048004062402453855 0.3038530959707112 3.659223362322059 4.136744566401883 4.258970004261373 9.083754947675997 -9.43760750408193 4.548872211967953 -3.5656918160085413 -2.4744113834515415 0.5155058680413949 -4.351972644644713 -1.0282394254201541
624 7488 0 0 0 -3.693112925412589 -1.5608095630339887 -0.36097339386542593 -1.9405790080285419 0.12936382632114402 0.048023349725056716 0.3038677036563275 3.6592101149751928 4.1367492376056205 4.258969378507912 9.083748187710153 -9.437608116902053 4.548861726378342 -3.565689980759856 -2.474425368849129 0.5155080947351006 -4.351984527068769 -1.0282480909032448
625 7500 0 0 0 -3.693105123112304 -1.5608111196307684 -0.3609706313643291 -1.9405815752393525 0.1293640581071672 0.04802354873439805 0.3038629677241121 3.6592026047477693 4.136736350583375 4.258991713002416 9.083742352482846 -9.43760601744205 4.54885779810675 -3.565683376057068 -2.4744480409407577 0.5155205939452541 -4.352012834369122 -1.0282497218491735
626 7512 0 0 0 -3.6931049543214813 -1.5608115421655677 -0.36097067315654435 -1.9405788728756823 0.12936441887895422 0.04802743179406012 0.30387058677669737 3.659207416354762 4.136720280298685 4.258994027216779 9.083734071999228 -9.437600244183491 4.5488531018431 -3.56567723128428 -2.4744528566125634 0.5155099396981043 -4.352013958163047 -1.0282636587890928
627 7524 0 0 0 -3.6931050413833844 -1.5608119236406177 -0.36096954127197384 -1.9405801811773198 0.1293648327499771 0.04803375410023053 0.30387351703535365 3.659210660799406 4.136709817150607 4.259022224430756 9.083714922792414 -9.437587663116476 4.548843032302333 -3.56569354310734 -2.4745021472851154 0.5155060418636893 -4.352020152523166 -1.028282626085017
628 7536 0 0 0 -3.693112624806287 -1.5608094800912102 -0.36097357272942543 -1.9405815744999946 0.12936431719940633 0.04802899862019427 0.3038700229018465 3.659204786606832 4.136713357292518 4.25901253009466 9.08372745382365 -9.437604407518098 4.548860545496422 -3.5656886377491794 -2.474467218503709 0.515512931139398 -4.351996622229699 -1.0282790415242216
629 7548 0 0 0 -3.6931177513421694 -1.5608090546693312 -0.36097449076261373 -1.9405853278832277 0.12936414695016196 0.04803539566092112 0.30387394932190265 3.6591923917837543 4.136707028887221 4.259011982076691 9.083753878556836 -9.43761000705716 4.548868858438558 -3.565705824314284 -2.474475250390266 0.5155168804125406 -4.351996472479512 -1.0282802975746992
630 7560 0 0 0 -3.693112328383261 -1.560810188054251 -0.3609728872476632 -1.9405829132401229 0.12936416250345095 0.04803339452259775 0.3038711772223158 3.6591922952545666 4.136713947186499 4.25898941114822 9.083750080444654 -9.437613575853181 4.548871551364269 -3.565707983089614 -2.4744537183395483 0.5155117450832072 -4.351990478990161 -1.0282766395882714
631 7572 0 0 0 -3.6931076878777507 -1.5608113541302926 -0.3609706840415077 -1.940581859192167 0.12936425311271818 0.04803294323113796 0.3038699388862194 3.659199180435313 4.136723681362312 4.2589817667989 9.08375454203651 -9.437623086054092 4.548880149951491 -3.5657183340081664 -2.4744378091183634 0.5155049880112186 -4.351987697510602 -1.0282732341812986
632 7584 0 0 0 -3.6931119197417077 -1.5608094018046161 -0.3609729900901637 -1.9405812656720935 0.12936468962506614 0.04802129038828808 0.30386172879872275 3.659197061073716 4.13673424475156 4.258991641565052 9.083756774672377 -9.437628950159022 4.5488908474593615 -3.5657322948461627 -2.4744418925168925 0.5155038462848363 -4.351974789866067 -1.0282678092671094
633 7596 0 0 0 -3.693107887977511 -1.5608096603992498 -0.3609724858986727 -1.9405837151563974 0.12936480472880463 0.04802180671732574 0.3038586861711331 3.659193083629486 4.136727979791676 4.259022812168877 9.08375173214145 -9.43763237885829 4.548889051656375 -3.5657461482797626 -2.4744758974705197 0.5155120245387227 -4.351990801018453 -1.0282791266637121
634 7608 0 0 0 -3.6931146686982848 -1.5608087251041456 -0.36097356826225674 -1.940584692172946 0.12936500109493185 0.048021839406673504 0.3038609137782031 3.659194257649686 4.136733463083239 4.259020175817638 9.08375325827426 -9.437631456393593 4.5488963981341035 -3.565752338406548 -2.474488586106436 0.5155042759807701 -4.3519816414801085 -1.0282729927249057
635 7620 0 0 0 -3.6931140899854396 -1.5608080596379852 -0.36097407067717907 -1.9405853675139224 0.12936539990667725 0.0480187295579571 0.3038563440851153 3.659189916167727 4.136734482471048 4.259033942681454 9.083755855367851 -9.43763630308268 4.548898435260304 -3.5657496683553482 -2.4744975937505944 0.5155097809687349 -4.351982140269803 -1.0282760683664156
636 7632 0 0 0 -3.6931154490617937 -1.5608086257014182 -0.36097337740471735 -1.9405851295836243 0.12936496304938247 0.04802609455485371 0.3038626178925893 3.659188642655535 4.136739440030255 4.259037852782812 9.083748983855035 -9.437639896956641 4.548896004784774 -3.5657464866559034 -2.474508865638966 0.5155096700338533 -4.3519824833759255 -1.0282834775412968
637 7644 0 0 0 -3.6931143729114106 -1.5608095374512945 -0.36097112437009904 -1.9405877745073246 0.12936592800239746 0.048032246626256575 0.30386609925483027 3.65918283666639 4.136732633445471 4.259043014794839 9.083740656535838 -9.43763335130123 4.548882400849115 -3.5657516616949896 -2.47451556840932 0.5155098503457126 -4.351994172141102 -1.0282841231659732
638 7656 0 0 0 -3.693121009754805 -1.5608086859942933 -0.3609720987739794 -1.940591372661054 0.12936580577888032 0.048036580343237024 0.30386923907830843 3.659175972281872 4.136727756796097 4.259048952455381 9.0837410807176 -9.437629758553854 4.548892826629977 -3.5657590620894624 -2.4745416289486135 0.5155105864702044 -4.351999061732366 -1.028291930608666
639 7668 0 0 0 -3.693108568516921 -1.5608109080275636 -0.3609686226061647 -1.9405931939242778 0.12936591875504166 0.048038919826731405 0.30386532862088933 3.6591686159801413 4.136720830228353 4.259049975375768 9.08375128902347 -9.43763336587029 4.548886590292092 -3.565759633755456 -2.4745469188955536 0.5155182535716323 -4.352015464813168 -1.0283021487273996
640 7680 0 0 0 -3.6931081589231534 -1.5608122258598949 -0.360965073035739 -1.9405960074095903 0.129368009567911 0.048048667993058285 0.30387192266766333 3.659157587897686 4.136712327496432 4.25905941860435 9.083747398111274 -9.437626389367678 4.548872574127692 -3.565772046867309 -2.474549872843968 0.5155183277559102 -4.35202150045131 -1.0283007309430918
641 7692 0 0 0 -3.6931072719691707 -1.560811888899192 -0.36096608016462606 -1.9405942099151605 0.12936746680862052 0.048044693457769294 0.3038683170120196 3.6591600323087126 4.136711890655906 4.259060396688988 9.083750747169585 -9.437619694148767 4.548865108147259 -3.5657776644267285 -2.4745432944950023 0.5155197041069193 -4.352014418205656 -1.0282944123233688
642 7704 0 0 0 -3.693103351376322 -1.5608128130773256 -0.36096428907015 -1.9405955237733936 0.12936775918395632 0.04804517907053775 0.3038663937268101 3.6591580516254507 4.136717400525748 4.259065527039055 9.083754623122172 -9.437629517320978 4.548868981010758 -3.5657916720154796 -2.4745472072762436 0.5155246144824417 -4.352012696799582 -1.0283046456785934
643 7716 0 0 0 -3.693095574604418 -1.560814210882826 -0.360962295853331 -1.940597601591533 0.12936768703254575 0.04804525175473221 0.303861809047078 3.659149273276832 4.136715568991544 4.259062354510369 9.083763622841216 -9.437639456801856 4.548869344669519 -3.5657952148321526 -2.474549571303595 0.5155313212328131 -4.3520264970726865 -1.0283078901380525
644 7728 0 0 0 -3.693092848437391 -1.5608151224838496 -0.3609606621677002 -1.9405993224532994 0.12936817584196666 0.04805082629624301 0.3038644967899043 3.659141492490865 4.136713973872779 4.259064571817227 9.083762834582515 -9.437648231660711 4.5488704490550385 -3.5657911751126963 -2.4745488260413304 0.5155435610638115 -4.352025527459459 -1.0283101541448205
645 7740 0 0 0 -3.693089931682734 -1.5608146504342089 -0.3609621112016209 -1.9405977456716035 0.12936746116194908 0.04804255371858657 0.3038568203047361 3.65913172849676 4.1367067920971055 4.259081476997356 9.083773388999594 -9.437661614915758 4.548886756570456 -3.5657945194609733 -2.4745490599477646 0.5155470453770802 -4.352026316197913 -1.0283263566059686
646 7752 0 0 0 -3.693092573173638 -1.5608132682866571 -0.3609644443779698 -1.9405969225151194 0.1293664220872606 0.04803705626058925 0.3038523395880841 3.659140351478052 4.136711106153679 4.259071211345923 9.083775488101267 -9.437655462097014 4.5488896694473615 -3.5657954778686296 -2.4745370831893787 0.5155472529999494 -4.352006810927216 -1.028326744229307
647 7764 0 0 0 -3.6930971324983566 -1.5608128118503906 -0.3609649375537391 -1.940598533433809 0.12936686334373013 0.04804054148815352 0.30385662613212366 3.6591378840900286 4.136707557782792 4.259072135456571 9.083779701848382 -9.437647267070258 4.548886969650465 -3.5657976307547363 -2.4745488211388182 0.5155473608014844 -4.352006699850948 -1.0283214594841676
648 7776 0 0 0 -3.6930976200386296 -1.5608136068794507 -0.3609629028755514 -1.940600367427869 0.12936779741602075 0.04804843296435906 0.30386245325154343 3.6591396110196985 4.136699859188052 4.259074512537026 9.08378704277505 -9.437645988990779 4.5488896343428875 -3.56579569236553 -2.4745543223709507 0.5155490508843945 -4.3520045310396265 -1.0283235134740647
649 7788 0 0 0 -3.6930969713737984 -1.5608146960483247 -0.36096012620998486 -1.9406046267921262 0.12936879181532523 0.048056337785614155 0.3038646345461789 3.6591198801956866 4.136700648519592 4.259084493151573 9.083781220867493 -9.437654061296628 4.548885609646198 -3.5657970750839327 -2.474564783132998 0.5155515236164963 -4.352008108193437 -1.028330162557904
650 7800 0 0 0 -3.6931023762091884 -1.560813454618847 -0.36096229478472847 -1.940603699581807 0.12936833567593015 0.04805278596910792 0.3038639487488269 3.65912056091547 4.136705946989655 4.259079300444249 9.083778649197441 -9.437655174419776 4.548891858790386 -3.5657869305360186 -2.4745561456898497 0.515551211304573 -4.352005190281006 -1.0283218990217484
651 7812 0 0 0 -3.6931031731320934 -1.560814368512285 -0.36096050298465515 -1.9406049986096578 0.12936887138433092 0.048061226769908344 0.3038713903429511 3.659116211992732 4.136702244822426 4.259063013544104 9.083786582527296 -9.437660325683227 4.5488941491175225 -3.5657878486508454 -2.4745417075529605 0.5155530894612009 -4.352003966468241 -1.0283123569672001
652 7824 0 0 0 -3.693103682319989 -1.5608154192296069 -0.360958636405469 -1.940607127216909 0.129369396207781 0.048070693703082125 0.30387859171117376 3.6591115531485796 4.136696010825983 4.259064053130892 9.083787467652122 -9.437659516693442 4.548891217529539 -3.5657865036281065 -2.474556498327291 0.5155559362449649 -4.352015797460856 -1.0283182216962514
653 7836 0 0 0 -3.6931041198033934 -1.5608166643281551 -0.3609555363993949 -1.940612711200536 0.12937082526535665 0.048083931826607085 0.30388605878926495 3.6590997765895397 4.136685585402024 4.259070851891594 9.083779295832214 -9.437649562657928 4.548878233498641 -3.565792940735507 -2.474580648349435 0.5155617623065095 -4.352027887946926 -1.0283238231312752
654 7848 0 0 0 -3.6931067239590325 -1.5608171515118374 -0.36095442621448137 -1.940616270845535 0.12937108511302203 0.04809268063524968 0.3038915863887859 3.6590851737305217 4.13668127466148 4.259079670384754 9.083780319634691 -9.437656651351045 4.548881296502722 -3.5657976987173514 -2.4745994561307825 0.5155732273237287 -4.352029159573365 -1.0283358604882276
655 7860 0 0 0 -3.6931030644611713 -1.560818134464077 -0.36095225006101134 -1.9406210050697055 0.1293719199961089 0.04809957210743897 0.303891988403126 3.6590738368845397 4.136681665169641 4.259096485690073 9.083769200703065 -9.437659356258786 4.54887674760785 -3.5658104113738487 -2.47461930269805 0.5155812670360478 -4.352034933583815 -1.028331899166486
656 7872 0 0 0 -3.6931004081743612 -1.560817644751232 -0.3609536446890864 -1.940619396730444 0.12937115528872403 0.048092763103990105 0.3038859536360394 3.6590793425537833 4.136678411140663 4.259100316123034 9.0837778713532 -9.437654915331311 4.548877952828011 -3.5658091869946507 -2.4746122229342586 0.5155819049059108 -4.352031572006258 -1.0283242369669268
657 7884 0 0 0 -3.693097750013473 -1.560817144225892 -0.3609547298273929 -1.9406179788354356 0.12937048565460693 0.04808484590582505 0.30387852591459763 3.659084212660339 4.136682939324559 4.259108809105107 9.083775276020681 -9.437656066138054 4.548885048686192 -3.5658139588697657 -2.474623215192373 0.5155737418139771 -4.3520356095918515 -1.0283234993834645
658 7896 0 0 0 -3.6930975939271082 -1.5608183885661258 -0.3609515382073929 -1.9406242649878105 0.1293718876929588 0.04809808154542798 0.30388507609163085 3.6590653995564217 4.1366751724038915 4.259121979491715 9.083773514656949 -9.437659336044847 4.548873171123354 -3.56581112185942 -2.474640754737304 0.5155898966938387 -4.352054132946069 -1.02833125221462
659 7908 0 0 0 -3.6930910849178153 -1.5608207591836656 -0.36094740967114347 -1.940628935566138 0.12937231637541713 0.04811012852961395 0.30388892961837033 3.6590491187432317 4.1366708282793 4.259138671881757 9.08376884217517 -9.437664354770304 4.548870066757559 -3.5658261453711986 -2.4746845991630226 0.5155977865523951 -4.35207025667885 -1.0283477717015508
660 7920 0 0 0 -3.6930888914345497 -1.5608210630982788 -0.36094647316608275 -1.9406312213395989 0.12937302729417977 0.04811123792685027 0.3038876038757865 3.6590375586166473 4.13667328921555 4.259152997807707 9.083771915830084 -9.437669276510258 4.5488671512678085 -3.5658230526146157 -2.474679372406876 0.5156081378709471 -4.352068567901367 -1.0283444081546882
661 7932 0 0 0 -3.6930885067358052 -1.560822529306294 -0.36094354134621337 -1.940635586298728 0.12937405223344833 0.04812544923588491 0.30389647770316364 3.659022289342966 4.136663198786143 4.259165011535534 9.083762775435904 -9.437670810365477 4.548861726417658 -3.5658260541505347 -2.4746969108388934 0.5156174449580543 -4.352078622721825 -1.028341487593668
662 7944 0 0 0 -3.6930833535824377 -1.560823864066357 -0.3609413674003173 -1.940637081606004 0.12937393935754207 0.048129828997259955 0.30389600812474427 3.6590128073461665 4.136659219115778 4.259161614039929 9.08379097068267 -9.437685261586413 4.548874679200349 -3.5658383166958867 -2.474699115899187 0.5156211859341369 -4.352069900794296 -1.0283637482095223
663 7956 0 0 0 -3.6930790798749733 -1.5608251288445896 -0.36093896840556006 -1.9406360408249514 0.12937442361886137 0.04813126916677985 0.3038971331670977 3.6590222419592333 4.136655075799577 4.259152911848052 9.083790815767395 -9.437682262687199 4.548871298713745 -3.5658359401955266 -2.474697282099065 0.5156164843192134 -4.352081318627279 -1.0283638388740222
664 7968 0 0 0 -3.6930753690128957 -1.560826797960503 -0.36093516149943866 -1.9406442372571053 0.12937592397298664 0.04814455108516965 0.30390109784004704 3.6589926171835967 4.136638998892774 4.259152703690877 9.083801449650874 -9.437680050982653 4.54886679311124 -3.565859314671877 -2.474708135240826 0.5156266088245612 -4.352093234227978 -1.0283738680816614
665 7980 0 0 0 -3.69307327216408 -1.5608266662096326 -0.3609347970964199 -1.9406481275417309 0.12937630380213705 0.0481446015947177 0.3038964361782317 3.6589907242530924 4.136642198305549 4.259146857234137 9.083804839390748 -9.437685325662937 4.548865148020552 -3.5658512624548493 -2.4747058882348467 0.5156305159802496 -4.352102364822664 -1.028369111867874
666 7992 0 0 0 -3.6930697445142258 -1.5608271936999323 -0.36093337138627224 -1.9406528890814798 0.12937654730637474 0.048151326650498164 0.3038958180631151 3.658977020919872 4.136636995025618 4.259159427794211 9.083819544586689 -9.437692065202109 4.548873936521512 -3.5658744978631947 -2.474718686296764 0.5156419662395554 -4.352092007388798 -1.0283776041916721
667 8004 0 0 0 -3.693069173688742 -1.560826693934767 -0.36093390037072026 -1.940654034352932 0.1293765427091247 0.04814858204616468 0.3038910097933227 3.6589691945581624 4.13662559800114 4.259166201669538 9.083817634087346 -9.437682020505259 4.5488680193839155 -3.5658703763752917 -2.474709244246508 0.5156449752094461 -4.352084165971603 -1.028366019021316
668 8016 0 0 0 -3.693064570407138 -1.5608302829145508 -0.36092724726602887 -1.9406611772666864 0.12937828011847435 0.04817323095476631 0.3039057804098421 3.658940954516386 4.136624063993243 4.259170536128547 9.08381745362054 -9.437689408678521 4.548867150324193 -3.5658977038264763 -2.474736453708173 0.5156542722811303 -4.352090775430687 -1.0283722019455872
669 8028 0 0 0 -3.6930620135906604 -1.5608310571160837 -0.36092601832141513 -1.9406631046589642 0.1293786030037151 0.048177019314149847 0.3039068332545941 3.6589264736791662 4.136620985037866 4.2591867718362195 9.083815474264908 -9.437697085632667 4.548858130835798 -3.565892142843457 -2.4747281944381734 0.5156659147385162 -4.352094298708254 -1.0283734911178661
670 8040 0 0 0 -3.693056732201767 -1.560832583872644 -0.3609227363443603 -1.94066873437053 0.12937921885988157 0.048185610747605155 0.30390744579483586 3.6589095736510577 4.136610227728529 4.259193939396383 9.083827982454634 -9.437703237870888 4.54885721467169 -3.5659050639211456 -2.474734380341749 0.51567859326274 -4.3521127091287015 -1.0283801978396012
671 8052 0 0 0 -3.693048670037744 -1.560833572578214 -0.36092063455170026 -1.9406733130059803 0.12937935076168183 0.04818889215472197 0.3039015324309235 3.6588907277605056 4.136596259813842 4.259205722662885 9.083855336084886 -9.437719609150413 4.548872017843867 -3.565913413474644 -2.474731899657684 0.5157033062432052 -4.3521047804224615 -1.0283821555294785
672 8064 0 0 0 -3.693054654893584 -1.5608318985000018 -0.3609235209461127 -1.9406729213074774 0.12937873206712483 0.048184881986388935 0.3038995993015394 3.658895531428086 4.136598990805854 4.259203141811717 9.083858099392442 -9.437714731971077 4.548878051141264 -3.5659130247394457 -2.47473216704237 0.5157086032142779 -4.352088640669703 -1.0283754413572477
673 8076 0 0 0 -3.6930475209133253 -1.5608337120094644 -0.3609195530945776 -1.9406812429949247 0.12937999360349273 0.04819526516538848 0.3038992092268483 3.6588742525725966 4.136590969076653 4.259214686532151 9.083870206295057 -9.437720848985093 4.548873808983764 -3.5659269997025276 -2.474756479645334 0.5157253006157287 -4.352114853319662 -1.028374483192677
674 8088 0 0 0 -3.6930382044058074 -1.5608373537620972 -0.36091239768466726 -1.94069082297884 0.12938165813712588 0.048216604796731316 0.30390599787885153 3.6588429597686707 4.136571345242522 4.259251805269706 9.083862589584813 -9.437730884184973 4.548867463213244 -3.5659395880643356 -2.4748128994026404 0.5157546746073521 -4.352148199921147 -1.0283908789729725
675 8100 0 0 0 -3.693030687256275 -1.5608390814158695 -0.36090848434893563 -1.9406945579962174 0.1293829197713947 0.04822179233122664 0.3039041275764098 3.658822045157393 4.136565848134821 4.259272301881988 9.083865229549872 -9.437739605419901 4.548872843064606 -3.5659455869532093 -2.4748180198811696 0.5157669923246122 -4.352156005157889 -1.0283958030983444
676 8112 0 0 0 -3.6930270923805315 -1.5608395077698822 -0.36090897716892484 -1.9406933877859478 0.1293820304829107 0.04821955841809519 0.30390136463121753 3.6588201140962706 4.136565171507805 4.259264483945849 9.083864156421079 -9.43773313542205 4.548869752853842 -3.5659263009668494 -2.4748047723486013 0.5157626088987098 -4.3521565659918515 -1.0283769038969175
677 8124 0 0 0 -3.693035306712397 -1.5608392462329186 -0.3609088524580403 -1.9406949413638037 0.12938254998748322 0.04822820568992691 0.3039104661528312 3.6588134882220342 4.136555737294483 4.259247227375208 9.083885030696495 -9.437742760329499 4.54886505018036 -3.565942487132335 -2.474797103960507 0.5157760448679082 -4.35215527793833 -1.0284009234569977
678 8136 0 0 0 -3.69303100018724 -1.56084074616439 -0.36090600993380517 -1.9407024734913625 0.12938317385418263 0.04824082960615555 0.3039135576029608 3.658793469350602 4.136549805500859 4.259262718378197 9.083884981262061 -9.437753090692755 4.548853754412778 -3.565952863142681 -2.4748082878083943 0.5157986904179412 -4.352167075689739 -1.0284219107613914
679 8148 0 0 0 -3.693028503739841 -1.5608408134495013 -0.360906162196573 -1.9406984433275036 0.12938307550464315 0.048235690061224634 0.3039107365117286 3.658813688463363 4.136562955697375 4.2592478574355335 9.083885021672701 -9.43775790177827 4.548857178696393 -3.5659374491809013 -2.4747930256054196 0.5157915577543633 -4.352161746161593 -1.0284157649138634
680 8160 0 0 0 -3.6930283823556422 -1.56084023876507 -0.3609077960157252 -1.9406956061987688 0.12938218243711477 0.048231878905422895 0.303910344370551 3.6588334475057733 4.136556203278296 4.259222881995132 9.08388477504025 -9.437749023562105 4.548852302261935 -3.5659147449225 -2.474767930835566 0.5157958976464878 -4.352155598987367 -1.0284016596705217
681 8172 0 0 0 -3.693034680624068 -1.5608391773282333 -0.3609083416051365 -1.9406999387788573 0.1293832138222598 0.04823434665493789 0.3039118528837567 3.658821203146937 4.136553392942057 4.259221524178062 9.083900449272374 -9.437758351839019 4.548867544232553 -3.565916095949915 -2.474775921493043 0.5158032572181418 -4.352156542835748 -1.028415616050557
682 8184 0 0 0 -3.693036397012902 -1.560838359233855 -0.36091012170339415 -1.940697579443226 0.12938274532247973 0.04822755504642389 0.30390829684962584 3.658815705253568 4.136556818340605 4.259227711721096 9.083901818779255 -9.437768461227293 4.5488784684788595 -3.565929754877467 -2.4747669720065524 0.5158017645934255 -4.3521465202333065 -1.0284198671071423
683 8196 0 0 0 -3.6930297178876628 -1.5608396770962925 -0.36090672797703865 -1.9407038519085416 0.1293838689652537 0.04823476001346571 0.30390592389578297 3.6587942251653565 4.136559806272781 4.25923787882835 9.083917182740178 -9.43778477233422 4.548885298350352 -3.56594976218715 -2.474776615879326 0.5158145485144421 -4.352144339370654 -1.0284320477897444
684 8208 0 0 0 -3.693023481977292 -1.560842263736985 -0.3609017492242774 -1.9407113930660502 0.1293848602130171 0.04825002033932294 0.30391047581746794 3.658762227551195 4.136553416483929 4.259248036673743 9.083914611592075 -9.437798329570912 4.548883794872243 -3.565963423628572 -2.474789142040833 0.5158233621133268 -4.352145931436089 -1.028441587007174
685 8220 0 0 0 -3.6930263386608146 -1.56084251329339 -0.36090093141225155 -1.940714155129102 0.12938528048731082 0.04825777696764348 0.30391565212714605 3.658763924758588 4.136564807730881 4.25924093024706 9.083912679224571 -9.437796766053584 4.548880562973393 -3.565960641342542 -2.4748093231442487 0.5158113882183339 -4.352136907289308 -1.0284494492914726
686 8232 0 0 0 -3.693020856974095 -1.5608415162071385 -0.36090441026751874 -1.940705528157098 0.12938273504275657 0.04823973207753206 0.30390366565178384 3.6587851675534595 4.1365650474476485 4.259222489675411 9.083931019160678 -9.43780726243024 4.548896163840666 -3.565954998718837 -2.474761635820232 0.5158079032239756 -4.352111741158283 -1.0284679081213501
687 8244 0 0 0 -3.6930238479105926 -1.560843653738544 -0.36090042267236294 -1.9407086482426794 0.12938400974527106 0.04825946332961086 0.30391978889648125 3.6587784480621597 4.136557858905619 4.259212117207037 9.083932855970815 -9.43780849100904 4.548884677365551 -3.565960305408289 -2.4747824643890413 0.5158096261373142 -4.352127127462193 -1.028484754306292
688 8256 0 0 0 -3.6930271235469214 -1.5608430652254248 -0.36090176517951716 -1.9407053234667782 0.12938383832384517 0.048256299540469796 0.3039214581250929 3.6587965445508686 4.136572125467731 4.259217558437325 9.083914091100993 -9.437803733979393 4.548878684209552 -3.5659677950685675 -2.4747880181503357 0.5157997093153704 -4.352120158984854 -1.0284929627248127
689 8268 0 0 0 -3.6930216763444763 -1.5608449384022098 -0.3608976996327775 -1.9407100841158567 0.1293849740507121 0.048264828319825634 0.3039223606100818 3.658765830480919 4.136560840229006 4.259242538049952 9.083921451339267 -9.437823152461863 4.548893838218952 -3.5659911310849797 -2.474803847036102 0.5158094589352825 -4.352109559640109 -1.0285148561959054
690 8280 0 0 0 -3.693025009085602 -1.5608450738098563 -0.3608960267894059 -1.9407164207906613 0.12938655853788855 0.04827420781017268 0.303927912799473 3.658750576301447 4.136551604672943 4.259240908802747 9.083939180169505 -9.437824630395562 4.548889966904193 -3.5659736121547065 -2.474801370154265 0.5158209122038965 -4.35211532557354 -1.0284984830296158
691 8292 0 0 0 -3.693021628725887 -1.5608433342023065 -0.36090021610493117 -1.9407082463076548 0.1293848910702561 0.04825283722556191 0.3039145306414142 3.6587767300292016 4.136563157568865 4.2592253535858795 9.083944545356093 -9.437828356468316 4.548906943582162 -3.5659617458128263 -2.474762735496996 0.5158126976698438 -4.352093811610208 -1.0284890872959305
692 8304 0 0 0 -3.69302940749415 -1.5608414747707748 -0.36090253014952767 -1.940707721416272 0.12938543578885853 0.048248785551380145 0.3039140382049211 3.658790840449924 4.136570217108076 4.259214217376561 9.083955645111114 -9.437824735365071 4.548899991823916 -3.565952394621855 -2.4747440187211045 0.5158106071600432 -4.352084118630061 -1.0284790614878447
693 8316 0 0 0 -3.693031298193504 -1.5608418628870127 -0.3609014894083499 -1.9407090409656196 0.12938575882635045 0.04825454974939538 0.30391872783125085 3.658786820504815 4.136570182266636 4.259220635884073 9.083949073798005 -9.437826633793692 4.548897758415928 -3.565959573006881 -2.474759080730174 0.5158127145474586 -4.352095030435796 -1.0284935970776454
694 8328 0 0 0 -3.693033203133492 -1.5608423573801684 -0.36090033521546083 -1.9407106159995895 0.1293863556106277 0.0482604913313542 0.3039240936627775 3.6587866743791086 4.13657217549625 4.2592218425694055 9.083943474194301 -9.437827275990445 4.548902102588427 -3.565968443029102 -2.474763754260842 0.5158015438260197 -4.352083773105839 -1.0284902145239638
695 8340 0 0 0 -3.693032539978953 -1.5608410762768161 -0.3609034528900845 -1.9407046472820657 0.12938516890637564 0.04824573049622871 0.30391645777690984 3.6588084742262117 4.136568050194362 4.259220569588751 9.083935020658883 -9.437816477094179 4.548899075364924 -3.565960834469367 -2.474756005898295 0.5157957483570058 -4.352090458485311 -1.0284754745209
696 8352 0 0 0 -3.693027326929764 -1.560841088210416 -0.36090325706471216 -1.9407083322576317 0.12938502869888255 0.04824352805896675 0.3039086771194094 3.6587987302645963 4.136572346563715 4.259224229406939 9.083951868621046 -9.43782043063252 4.548905032102314 -3.565970662732784 -2.474761758821137 0.5158169724582679 -4.352094991461814 -1.028475573860542
697 8364 0 0 0 -3.6930305284035048 -1.5608407636243422 -0.36090333609550096 -1.9407089520630485 0.12938544913021244 0.04824456735177388 0.30391009483047704 3.658796285389583 4.1365718693295035 4.25921818114759 9.083963444316687 -9.43782928568718 4.548916574125784 -3.5659715850447546 -2.474755568698518 0.5158180862800158 -4.352096771319167 -1.0284822855000288
698 8376 0 0 0 -3.6930315225348083 -1.56083982875913 -0.3609053307066433 -1.9407097203473023 0.12938449873181412 0.04824302800415043 0.30390778349339614 3.6588010471222607 4.136560012426928 4.259222074240738 9.083967295031076 -9.437815434340436 4.548917386037996 -3.5659859943442105 -2.4747759895129913 0.5158204822337231 -4.352090407552224 -1.0284875879304245
699 8388 0 0 0 -3.6930308141335577 -1.5608399212867838 -0.36090467911127705 -1.9407089425187776 0.1293849939110529 0.04824261113637721 0.30390763587884556 3.6588071803932047 4.136568128460315 4.259239161225797 9.08395373346728 -9.437811100456495 4.548913948899449 -3.5659952288046437 -2.4747978273602924 0.5158164572744163 -4.352085098577029 -1.0284877766763705
700 8400 0 0 0 -3.693031942773983 -1.560839434398309 -0.36090575666038643 -1.9407072577051672 0.12938459808585012 0.0482387691511432 0.3039061217826931 3.658816221083233 4.136560652064069 4.259234386945062 9.08395448082692 -9.43779477173655 4.548904443201035 -3.5659759894508833 -2.47479314750794 0.5158085540871669 -4.3520924952671525 -1.0284667973584607
701 8412 0 0 0 -3.6930309465032702 -1.5608394867698507 -0.360906074630055 -1.9407072059318626 0.12938423604363244 0.04823892293337094 0.3039061032350555 3.658822146276069 4.1365620999398915 4.259247299117122 9.083952342410152 -9.437793445314949 4.548901957488821 -3.5659822976438553 -2.47480806573777 0.5158105014475627 -4.3520896386870715 -1.028471368973937
702 8424 0 0 0 -3.6930290164231194 -1.5608405551351376 -0.360903800612175 -1.9407096309948448 0.12938489740105644 0.04824553482597207 0.30390920361440305 3.6588197646174834 4.13655847653369 4.259249358987185 9.083957286953213 -9.437797855757116 4.548898903069004 -3.565966238155587 -2.4748108912962397 0.5158179207265621 -4.352095368578733 -1.028474497359566
703 8436 0 0 0 -3.693026975345007 -1.5608404159323186 -0.3609049806326508 -1.940704998345992 0.12938395094962293 0.04823877413631629 0.30390659256764874 3.658830348629571 4.136566691621106 4.259244785124064 9.083959903383807 -9.437801217711607 4.5489029758539425 -3.565970688630106 -2.4747966738227514 0.515806291908825 -4.352085858085801 -1.0284829681619718
704 8448 0 0 0 -3.693026434608164 -1.5608416684522215 -0.3609019235026835 -1.9407112313783323 0.12938531727504637 0.0482514001507161 0.30391219826953264 3.6588108702441797 4.136556635908319 4.259261837396709 9.083960594942846 -9.43779972367791 4.548902128118958 -3.565984277254033 -2.4748194493404503 0.5158192617466442 -4.352097035862681 -1.0284860957690176
705 8460 0 0 0 -3.6930305289316254 -1.5608414143138678 -0.36090228924677253 -1.9407108210368262 0.12938545515167593 0.048253992935322294 0.3039168209082203 3.65881260467936 4.136558446126026 4.2592736803926785 9.08395078163429 -9.437796704886043 4.548899079784556 -3.565987682334313 -2.4748397631585495 0.5158132021299577 -4.35209273947326 -1.0284809081237525
706 8472 0 0 0 -3.6930318177094614 -1.5608411280698131 -0.36090254841958896 -1.9407108679327612 0.1293855284709257 0.04825333976072306 0.30391623783573013 3.658806817058513 4.136562701615617 4.259286732277226 9.083954513177135 -9.437817149398361 4.548917329768272 -3.5659957119128256 -2.4748423592982873 0.5158153000519585 -4.352080464827895 -1.0284910786732289
707 8484 0 0 0 -3.6930332887995765 -1.5608399760473066 -0.3609046705458497 -1.9407081718390384 0.12938502687750159 0.04824516738747608 0.30391150526851785 3.6588120955665135 4.13656515393342 4.259278870924758 9.083964605217888 -9.437819473334132 4.548920206516527 -3.565996347604608 -2.4748254253148256 0.5158133025527935 -4.352074945146819 -1.028490376198868
708 8496 0 0 0 -3.693029931851658 -1.5608411448350517 -0.36090250697260107 -1.9407092871862557 0.1293855906171351 0.048249651773105966 0.30391346309294154 3.658810096970051 4.136559280795189 4.259257978397579 9.083975254729125 -9.437826196463806 4.548921742352011 -3.565998407706573 -2.47480876319709 0.5158199847999785 -4.352081342137569 -1.0284851391718925
709 8508 0 0 0 -3.6930261723133424 -1.5608415744929043 -0.36090205105315676 -1.9407105918413943 0.1293852326620899 0.04825007451206592 0.3039101994169039 3.6587990835979034 4.136554550037587 4.259265659608893 9.08398475683412 -9.437835890664735 4.548925625072281 -3.566000410693663 -2.4748039256520515 0.5158330428212895 -4.352075414374719 -1.0284892069513258
710 8520 0 0 0 -3.6930279889801527 -1.5608419076533646 -0.36090107142141586 -1.9407115082377513 0.12938559624948076 0.04825588587411869 0.3039154321768796 3.6587955958129936 4.136553071682852 4.259255556540159 9.083989213407573 -9.437843035674309 4.548927210528895 -3.566001862439943 -2.474807316641316 0.5158303198762939 -4.352068006511573 -1.028501278559908
711 8532 0 0 0 -3.6930264132762325 -1.5608421562279413 -0.3609009000594444 -1.9407119135688977 0.12938540888384298 0.04825651917641779 0.30391480148557376 3.658795673567469 4.136546553219437 4.259274542873105 9.083985604294753 -9.43783702432749 4.548921465893731 -3.5660151227159593 -2.4748306918695038 0.5158372305511382 -4.352072274505119 -1.028508194294126
712 8544 0 0 0 -3.6930257241987285 -1.56084106218735 -0.3609037092499129 -1.940709445961056 0.1293840305434604 0.04824801563449605 0.3039090740214123 3.658813957610502 4.136542613535072 4.25926426875202 9.083990683788452 -9.437823817957657 4.548917642495782 -3.56601394486596 -2.474818838067263 0.5158351208090522 -4.35206810373271 -1.0284923088931355
713 8556 0 0 0 -3.693030331152346 -1.560841256650089 -0.36090306497376157 -1.9407099685820457 0.1293844413678282 0.04825352730208409 0.3039151582412995 3.6588122739345788 4.136537517992715 4.259260292846966 9.083987058698193 -9.437816042742778 4.548913559440287 -3.566008398129824 -2.474817701737659 0.5158353814113178 -4.352072239086034 -1.0284874242178959
714 8568 0 0 0 -3.69303106486672 -1.5608414877864203 -0.3609023376575159 -1.9407098322838272 0.1293849743268997 0.04825522346376675 0.30391743638303104 3.658810885082838 4.136542055516782 4.259257474376872 9.083983058194578 -9.437819316978993 4.548913413379329 -3.5660129166757457 -2.474814787238778 0.5158303899212461 -4.352071384226664 -1.0284910430983354
715 8580 0 0 0 -3.693027687113418 -1.5608420986337332 -0.3609011881679268 -1.940711292676601 0.12938522515623418 0.04825685555435839 0.30391624567347925 3.6588067272083022 4.136546400761726 4.259268376981951 9.083982031837083 -9.437820470540684 4.548913812778616 -3.5660184578217606 -2.474827576198693 0.5158318173942376 -4.352072891067803 -1.0284941824044083
716 8592 0 0 0 -3.6930263445838936 -1.560841505632594 -0.3609023635327947 -1.9407097363443468 0.12938486709357155 0.04824994531125352 0.3039113734898679 3.658814115927407 4.13654612033579 4.259263518901084 9.083990161195617 -9.437816939238234 4.548913455257305 -3.566013630510934 -2.4748162029611396 0.5158318357808619 -4.352071036892737 -1.0284916995034648
717 8604 0 0 0 -3.6930260160221224 -1.5608422698489552 -0.36090061915790306 -1.9407123165526996 0.12938542722309046 0.04825666200165193 0.30391445620517354 3.6588022837649388 4.136539233481627 4.259269212406563 9.08400052155117 -9.437825035407524 4.548917967526285 -3.5660275941892445 -2.4748269048221427 0.5158424031242197 -4.352067427568721 -1.0284998617558714
718 8616 0 0 0 -3.693024834341608 -1.56084243718019 -0.3609003122372756 -1.940712393366945 0.12938551250175617 0.04825536695916402 0.30391299297145224 3.658800196694304 4.136542837874364 4.259273319332802 9.084002028397691 -9.4378311396778 4.548920778174292 -3.566024942738701 -2.4748311709992152 0.515843202360719 -4.352072066851415 -1.028501759026709
719 8628 0 0 0 -3.6930251082168817 -1.5608428913597971 -0.3608993488168667 -1.9407134041442868 0.12938583585395297 0.0482602180462542 0.30391652751890874 3.658798115875688 4.136536487010127 4.259275515150555 9.08400212391941 -9.437830054372577 4.54892183550135 -3.56602795669125 -2.474838356236704 0.5158430711873917 -4.352071060966407 -1.028500899513554
720 8640 0 0 0 -3.6930279335137826 -1.5608427997870262 -0.3608992565403839 -1.9407137169600095 0.12938611214101645 0.0482626739382596 0.30391958263501956 3.658798003581404 4.136537846322403 4.2592671891803775 9.083998332209024 -9.437827341814444 4.548919629379264 -3.5660276347954474 -2.474841227406629 0.5158395619154053 -4.352071168830333 -1.0285021803441896
721 8652 0 0 0 -3.693024502545342 -1.5608437804779287 -0.3608972943294904 -1.940715582424078 0.12938676242767533 0.048266664900276604 0.30392045416062985 3.658789417873161 4.136531220668019 4.259274116931233 9.084002674357702 -9.437829977727223 4.548915016273346 -3.5660386477158936 -2.4748503640790496 0.5158484969982134 -4.352075332134147 -1.028513186769343
722 8664 0 0 0 -3.6930282121415052 -1.5608432222125967 -0.36089791290966067 -1.9407151951375141 0.129386906442732 0.04826628758549743 0.3039214785668669 3.658791729008061 4.136531408355314 4.259273160140559 9.08399984814488 -9.437825752688047 4.548913151903407 -3.566029685316871 -2.474850349380309 0.5158486933177328 -4.352078786488568 -1.0285124621760726
723 8676 0 0 0 -3.6930283524207415 -1.5608429296770696 -0.3608984722168593 -1.9407148999709356 0.1293868001810437 0.04826464969049236 0.30392035139609364 3.6587940276700093 4.136531478763856 4.259275216744835 9.08399780024009 -9.437826974774445 4.548917301710356 -3.566032882798865 -2.474854815500172 0.5158432158383821 -4.352076424478133 -1.0285116113102748
724 8688 0 0 0 -3.693030328720696 -1.560843091891303 -0.36089771774415247 -1.9407163808832193 0.12938737235753459 0.04826809539938887 0.3039228340751481 3.6587814975779733 4.136532388445642 4.259280914293358 9.083996580384524 -9.437836066766678 4.548924433699815 -3.5660433280362254 -2.4748573128408844 0.5158450972638303 -4.352074054303029 -1.0285164038869647
725 8700 0 0 0 -3.6930300484648337 -1.5608440635715797 -0.36089571479212273 -1.9407188553852923 0.12938804464513717 0.04827649753612615 0.3039282541282933 3.6587752877740933 4.136532490359438 4.2592889481989085 9.083993116560109 -9.437835021858431 4.548921158136088 -3.5660476429623245 -2.4748761543057767 0.5158459727449125 -4.3520731660486485 -1.0285205175678624
726 8712 0 0 0 -3.6930279725384305 -1.5608443489546668 -0.3608953859201683 -1.9407185905450197 0.1293880373676881 0.048275593206051834 0.3039272546655462 3.6587738361150284 4.136532309268466 4.259293048712319 9.08398867039633 -9.43783368748723 4.548916197749337 -3.566046291688054 -2.4748779730943613 0.5158458237115648 -4.352080336355366 -1.0285215141042445
727 8724 0 0 0 -3.69302670245318 -1.5608444861067694 -0.3608956321232212 -1.9407157948033134 0.12938761632124202 0.048272066598649056 0.3039262923259093 3.6587810246855814 4.136537130972708 4.259288060271864 9.083984500458977 -9.437834496254286 4.5489153302639185 -3.5660449043098534 -2.474866919254426 0.5158410030599961 -4.352075770013564 -1.0285224899490153
728 8736 0 0 0 -3.6930267302286803 -1.5608443982633873 -0.36089585463096596 -1.9407172016433438 0.12938739866164217 0.04827323231212097 0.303925289412116 3.6587756066032107 4.136533706381072 4.259298640975674 9.08398538264699 -9.437834930760284 4.548917289008377 -3.56604634304963 -2.474879233509533 0.5158431200641533 -4.352072421356311 -1.028525693975348
729 8748 0 0 0 -3.6930291957137467 -1.5608435341364226 -0.3608973718861539 -1.9407155188877718 0.12938712096748262 0.04826914765989252 0.3039240425806862 3.658783693019204 4.136532202769864 4.25929434750953 9.083989381606917 -9.437830654825362 4.548916070804951 -3.566041132922101 -2.4748701066720673 0.5158420836854778 -4.352069736199319 -1.028520244074679
730 8760 0 0 0 -3.693028214692504 -1.5608433920191285 -0.3608973125200445 -1.9407168140658362 0.12938734630108586 0.04826705741333967 0.30392099024937563 3.6587789668025072 4.136529259641771 4.259299498266784 9.083995640539799 -9.43783674618737 4.548924944858867 -3.566038686193927 -2.4748712429265134 0.5158454505806054 -4.352072335672284 -1.0285169994543608
731 8772 0 0 0 -3.6930271010699522 -1.5608430874032035 -0.3608979604463043 -1.9407163212997807 0.12938695857764126 0.04826391695931186 0.3039176700258985 3.6587804093494776 4.136532991366173 4.259298948491119 9.083998861777227 -9.437838790674201 4.548928006617371 -3.5660352246296787 -2.4748635742898206 0.5158462231258546 -4.352066811243184 -1.0285151632983331
732 8784 0 0 0 -3.6930300470075723 -1.5608424324754375 -0.3608989928313082 -1.9407154895015999 0.12938683702377135 0.04826236136294991 0.30391800586018963 3.6587835337012873 4.136533475119694 4.259292912861785 9.083999889776651 -9.437836232212058 4.548927960042246 -3.566030571342621 -2.474858990343594 0.5158441088525535 -4.352064132473636 -1.028513641986984
733 8796 0 0 0 -3.6930299920335146 -1.5608427272029548 -0.3608983430900034 -1.940717199182788 0.12938708649558128 0.04826578383829422 0.3039195616516404 3.6587784425057284 4.13653485001199 4.259292696784589 9.084000338959406 -9.437838989048426 4.5489273383398485 -3.56603531852522 -2.474860361186283 0.5158449061443331 -4.3520608731234125 -1.0285114633837098
734 8808 0 0 0 -3.693030043623114 -1.5608415428378142 -0.360900849246993 -1.9407140524738518 0.12938626737054745 0.04825578142801246 0.30391326255910234 3.6587905030359447 4.136543079123311 4.2592826081106905 9.083999859967973 -9.437840034618148 4.5489311521115825 -3.5660249324921622 -2.474839191297608 0.5158403225938932 -4.352053373802658 -1.028506143948971
735 8820 0 0 0 -3.6930304304480455 -1.5608417044753446 -0.36090025591414265 -1.9407154138760543 0.12938663561082583 0.04825818936404612 0.3039145011569746 3.658787734043733 4.136540226489534 4.2592872755567335 9.084003802976516 -9.437840259533896 4.548932222945778 -3.566032487310742 -2.474846015684943 0.5158432263466596 -4.3520528056276095 -1.0285073605254202
736 8832 0 0 0 -3.693030133368598 -1.5608417467767677 -0.3609002196077241 -1.9407157645329172 0.12938652585105717 0.04825825450140295 0.30391387005085846 3.658783550159911 4.136538559657284 4.259285017626785 9.084008741203483 -9.437843485408298 4.548934505375042 -3.566033978346825 -2.474844905005428 0.5158463171189516 -4.352052463643639 -1.0285120213908403
737 8844 0 0 0 -3.6930297297636896 -1.560841662235725 -0.3609007055396778 -1.9407139399766078 0.12938627025891064 0.04825577542324272 0.3039131691885182 3.658788629242091 4.136538211796297 4.259284119099998 9.084009462568828 -9.437842855784547 4.548933184684527 -3.5660326773395816 -2.4748394017808364 0.5158441699431706 -4.352048335853375 -1.0285149580039796
738 8856 0 0 0 -3.6930290429739108 -1.5608421238279806 -0.36089973222771266 -1.9407152485831114 0.12938658614995738 0.04825854100932515 0.30391450672451015 3.658783981243235 4.136534255026536 4.2592868306714635 9.084012185095588 -9.43784289964057 4.548930328946019 -3.566028660791386 -2.474843981679818 0.5158483891310193 -4.352055818764765 -1.0285177424748635
739 8868 0 0 0 -3.693029833821954 -1.5608426155721928 -0.360898670021742 -1.9407159681686637 0.12938704822233316 0.04826306793026817 0.30391855516730865 3.658781601259246 4.136531131639763 4.2592902939768695 9.08400774360062 -9.437839211342274 4.548927208958712 -3.566028959178341 -2.4748557091199057 0.5158477177769826 -4.352062827035887 -1.0285199827474276
740 8880 0 0 0 -3.693029191527923 -1.560843100971162 -0.36089764108540995 -1.9407165729552949 0.12938741004157567 0.04826621849244949 0.30392047174450415 3.658779001013289 4.1365295147896415 4.259295143612575 9.084007752671603 -9.437842174339188 4.548926805687046 -3.5660338121118076 -2.4748617503675376 0.5158515993547799 -4.352065926615507 -1.028520724838165
741 8892 0 0 0 -3.693029845478073 -1.560843297929632 -0.3608971798219105 -1.9407172676812237 0.1293875787232309 0.04826880981074087 0.30392241322687397 3.6587763226506045 4.136531498277901 4.25929748818948 9.084007743345147 -9.43784418058066 4.548928345572028 -3.5660328554214504 -2.474864264109058 0.5158520884428234 -4.35206790959749 -1.0285233956716062
742 8904 0 0 0 -3.693029063692666 -1.5608431906813756 -0.36089744813335284 -1.9407167393945004 0.12938744912282962 0.04826677156059458 0.30392061105364215 3.6587761914551105 4.136532126971433 4.259301997280555 9.084005497507016 -9.437845669375816 4.548932098433581 -3.5660354424566623 -2.4748666680147355 0.5158502126662067 -4.352065786896762 -1.0285229999846826
743 8916 0 0 0 -3.6930290621630615 -1.5608436742334582 -0.36089631751117585 -1.9407183773672414 0.1293879045743047 0.04827121897618302 0.3039231163368095 3.6587736460012525 4.136529642475418 4.259303855133688 9.084005539943202 -9.437845333236641 4.548931923539688 -3.5660416863911757 -2.474875999750091 0.5158528642485156 -4.352068389250529 -1.0285245326857613
744 8928 0 0 0 -3.693029153293156 -1.56084356745139 -0.36089658332164903 -1.9407179637969294 0.12938783971370077 0.048270882381949334 0.30392327972430605 3.658778619792546 4.136531157504842 4.259298289181318 9.084003883980575 -9.437843795743051 4.548928364946851 -3.5660395195234242 -2.474872831736203 0.5158523033126564 -4.3520693475525 -1.0285241125074374
745 8940 0 0 0 -3.693028625896632 -1.5608437712057377 -0.36089625680975695 -1.9407182141044095 0.12938777599593076 0.04827195786121147 0.3039236302422493 3.6587737251169954 4.136529821610304 4.259300666899224 9.084001825102423 -9.437843382698215 4.5489287926980895 -3.5660422226225186 -2.474874793690264 0.5158511208083327 -4.352069653641796 -1.028522498617179
746 8952 0 0 0 -3.693028657719606 -1.5608444814850153 -0.3608949185560537 -1.9407192068101944 0.12938819223200942 0.04827748747173492 0.3039280716953202 3.658771295678119 4.136527362074052 4.259300231131313 9.083997468172276 -9.437843219866867 4.548924005257852 -3.566046282467025 -2.4748826344250405 0.5158502335403109 -4.352072556771388 -1.0285289199919863
747 8964 0 0 0 -3.693029426439219 -1.560844533076507 -0.36089466204767 -1.940719991456173 0.12938835382372676 0.048278953663081034 0.3039290377244161 3.658768871134141 4.136526591781216 4.259297028211709 9.08400129837172 -9.43784566294384 4.548926080450847 -3.5660456115599253 -2.4748812342572535 0.5158498262193096 -4.352071879334995 -1.0285315859689574
748 8976 0 0 0 -3.6930301249947384 -1.5608444435064739 -0.36089488388072805 -1.9407190622085213 0.12938832244074222 0.048278389364990036 0.30392969577304774 3.6587718165796166 4.136527877098171 4.259292428533197 9.083997759980043 -9.437843211852126 4.548924505484196 -3.566042739395513 -2.4748811428441435 0.5158473118568665 -4.352074731941729 -1.0285295664618312
749 8988 0 0 0 -3.693030325769954 -1.5608447070805251 -0.3608943107939449 -1.9407199020109505 0.12938849511782038 0.04828086068371441 0.30393114283286243 3.6587680942196976 4.136528371284961 4.259295122232378 9.083993638664873 -9.437843762275765 4.548922896878247 -3.566044391911936 -2.4748836333465505 0.5158485904591206 -4.352075176335509 -1.0285317936430536
750 9000 0 0 0 -3.6930306248722573 -1.560844795956114 -0.3608940284359659 -1.9407202295619292 0.12938861493643053 0.04828174404371189 0.3039317734377721 3.65876755666662 4.136527364645634 4.259294265508897 9.083995380689512 -9.437844214956257 4.5489230597214 -3.5660434232489 -2.474884485765034 0.515849572012377 -4.3520768972786295 -1.0285348665211613
751 9012 0 0 0 -3.693030335001064 -1.5608453555032886 -0.36089300481536857 -1.9407211944199667 0.1293887992562222 0.048286134396436864 0.30393469164144443 3.6587637956478045 4.13652609669364 4.2592938875701964 9.083993809360615 -9.437844086335039 4.548922092794698 -3.5660463287214546 -2.4748907528899355 0.51585139990913 -4.352079570268585 -1.0285368453891057
752 9024 0 0 0 -3.69302998339537 -1.5608452757132962 -0.3608930811699857 -1.9407211234244677 0.1293888456810622 0.048285235034236894 0.30393358150605804 3.6587609404135693 4.136526391599235 4.259303109250355 9.083990464414246 -9.4378462863856 4.548924119387361 -3.566047195804053 -2.47489478165619 0.5158526961054155 -4.3520787856855225 -1.0285364869512812
753 9036 0 0 0 -3.693030131221956 -1.5608447211373901 -0.3608941898962152 -1.940719987545049 0.12938852161555203 0.048280665568341645 0.303930510237149 3.6587653559983737 4.136531540887465 4.259299307163977 9.083992353146762 -9.4378479406053 4.548927113230118 -3.5660446436388784 -2.474883690897087 0.5158509974161402 -4.352071590345137 -1.0285341239777934
754 9048 0 0 0 -3.6930294923133395 -1.5608449003459726 -0.36089388385914795 -1.940720034589358 0.12938854156873536 0.048281103529876655 0.30393048073857204 3.6587640066807303 4.136533435805619 4.259297051130537 9.083992131831687 -9.43785047986875 4.548926426134389 -3.566045232608555 -2.474877212047883 0.5158519413991511 -4.352069658923481 -1.0285342835688664
755 9060 0 0 0 -3.693029621179042 -1.5608448438530111 -0.36089389984283116 -1.9407203739027565 0.1293886435968774 0.04828115906851333 0.3039305094662182 3.65876384792463 4.1365317915372435 4.2593000647034565 9.083993046455458 -9.437850003307048 4.548926107896744 -3.5660471995201113 -2.474879741814537 0.5158553924255016 -4.35207156747574 -1.0285356168586643
756 9072 0 0 0 -3.693029092639141 -1.5608444180763614 -0.3608948593493548 -1.9407191871444738 0.12938821340607332 0.04827652971744339 0.30392720349555213 3.658767479960512 4.136533012769084 4.259295623008489 9.08399466425999 -9.437849481023596 4.548927846435384 -3.5660453209406144 -2.474872469134191 0.5158544105054623 -4.352070060475908 -1.0285329334864703
757 9084 0 0 0 -3.6930287807970066 -1.560844439182436 -0.3608948541266892 -1.94071918900736 0.12938817928856347 0.04827609057866668 0.30392661775654467 3.6587664592645672 4.136532299272144 4.259296665429399 9.083996961585068 -9.437850553512183 4.548930375668405 -3.5660453271053534 -2.474873256426876 0.5158540276287227 -4.352070913448949 -1.0285314134849362
758 9096 0 0 0 -3.693029484839853 -1.5608444994699209 -0.360894585093504 -1.9407197557430986 0.12938835045982605 0.048277872528897224 0.30392793673219437 3.6587648622320894 4.136533635562887 4.259299070114471 9.083996457983467 -9.43785241255341 4.548931137533104 -3.566046726758746 -2.474876665984441 0.5158536237967343 -4.35206963358344 -1.0285354400560158
759 9108 0 0 0 -3.6930303289516724 -1.5608443133927352 -0.3608949177986699 -1.9407191530634205 0.12938831942665605 0.04827700691644513 0.30392802360920057 3.658767046397562 4.136534868675486 4.259299954356285 9.083994389051881 -9.437850869354989 4.548930195007728 -3.5660470009784317 -2.474875428595402 0.5158507621350047 -4.352067412675894 -1.0285349749597377
760 9120 0 0 0 -3.693031555496206 -1.5608440360989235 -0.3608954649654497 -1.9407186207899614 0.1293881923811965 0.04827620076748902 0.30392837344081647 3.658770057467444 4.1365354094654165 4.259302419381573 9.083993357419104 -9.437848653941597 4.5489296992625246 -3.5660477941150877 -2.474878558034038 0.5158487817328519 -4.352066359340494 -1.0285334599355578
761 9132 0 0 0 -3.693031215840506 -1.560844360309893 -0.3608947264042438 -1.940719675211806 0.12938844156169158 0.04827882240314978 0.3039295690406907 3.6587678703194406 4.136535784463494 4.2593027771656065 9.083993202711964 -9.437849272827911 4.548928803908354 -3.566049417149999 -2.4748812429857163 0.5158494494956511 -4.352066913488093 -1.028534927843215
762 9144 0 0 0 -3.693030590645127 -1.560844347443006 -0.36089478959784044 -1.9407196237022815 0.12938840281124417 0.048278084767747004 0.3039287681510988 3.6587682649308815 4.136536237806311 4.259303066644873 9.0839942283779 -9.437850339969591 4.54892813816401 -3.5660479058401657 -2.474878337580998 0.5158500308387823 -4.352067512717735 -1.0285348766471205
763 9156 0 0 0 -3.693030355126282 -1.5608445422407433 -0.36089441834070984 -1.940719987410729 0.12938848979176368 0.04827929757460609 0.30392954834747316 3.658767115798758 4.136534918570097 4.259301389735814 9.083998106844636 -9.437852353722004 4.5489294971506276 -3.566049549189542 -2.4748774092696046 0.5158520290360514 -4.35206834105772 -1.0285356202479266
764 9168 0 0 0 -3.6930300871874473 -1.5608444574851708 -0.3608947121916154 -1.9407194771790495 0.12938828279637749 0.048278132442105486 0.3039287228802994 3.658767172102918 4.1365340961721335 4.259300986201586 9.083999962908992 -9.437853498783337 4.5489308679365745 -3.566048952783056 -2.474873492453367 0.5158527463474927 -4.352066875220739 -1.0285354958057789
765 9180 0 0 0 -3.693030994087181 -1.5608445841700558 -0.36089430661218036 -1.9407200487677387 0.12938853401619968 0.04828023637111292 0.30393047619758456 3.6587658026531917 4.1365330407056335 4.259300483244201 9.083999511232697 -9.437853537985639 4.548930732199357 -3.5660515823453047 -2.474877463087134 0.5158533496664961 -4.352066681669066 -1.0285381917934469
766 9192 0 0 0 -3.6930300293088907 -1.5608448758028195 -0.3608937604842104 -1.9407205601275739 0.12938864969109357 0.04828164115900278 0.3039308939701969 3.658764967115286 4.136533200874032 4.2593019392768285 9.083999092567463 -9.437853086939263 4.548929508693647 -3.5660529945020674 -2.4748806086562642 0.515854761873446 -4.352068705416418 -1.0285390701937065
767 9204 0 0 0 -3.693029548740318 -1.5608450403799812 -0.36089345082396335 -1.9407209171296915 0.12938870448262146 0.048282522678822486 0.30393101637263514 3.6587633529899737 4.136531692467597 4.25930555438218 9.083998146516214 -9.437852530417691 4.548928620007085 -3.5660564008978493 -2.474884176441168 0.5158564331625857 -4.352068358422687 -1.0285388733086018
768 9216 0 0 0 -3.693028796616696 -1.5608453239632059 -0.3608929510790601 -1.9407213380781447 0.12938877697053042 0.04828386719965961 0.3039315651971333 3.6587606416508693 4.136531227373054 4.259308722781949 9.083996518918909 -9.437851898490823 4.54892540597519 -3.5660561225099685 -2.4748865110012384 0.5158577467962542 -4.352071190249683 -1.0285402606581375
769 9228 0 0 0 -3.69302794364132 -1.5608455556848126 -0.36089256322331253 -1.9407218532828503 0.12938881302927585 0.04828485964205619 0.30393161447951245 3.658759156642087 4.136531747399872 4.259310619146827 9.083996031319899 -9.43785055128335 4.548923583849631 -3.5660579260952256 -2.474889447461641 0.5158577332138857 -4.352072405074441 -1.0285406996740312
770 9240 0 0 0 -3.6930278030754087 -1.5608456731092437 -0.36089247495899307 -1.940721623382178 0.1293887472688424 0.04828550363767223 0.3039323739151562 3.658760352674787 4.136532608003456 4.259311722919611 9.083995650122594 -9.43785079212847 4.548922311267764 -3.5660578515336283 -2.47489134446527 0.5158569844148961 -4.352073325498292 -1.0285411061404317
771 9252 0 0 0 -3.693028568810023 -1.5608457227223045 -0.36089222669129106 -1.9407224119304103 0.12938891992939025 0.04828714852969575 0.3039335016835046 3.6587595910861133 4.1365322134262925 4.259311339983324 9.083995138266275 -9.437848117980595 4.548920651567256 -3.5660567297253443 -2.4748940047635575 0.515857380377944 -4.352075068526571 -1.0285396747281979
772 9264 0 0 0 -3.6930281036614105 -1.5608457023447377 -0.36089221316124304 -1.9407222818318837 0.1293889515922626 0.0482862553579329 0.3039325982120197 3.6587580900519523 4.136532740330002 4.259312521739631 9.08399584463747 -9.43785171913347 4.5489228409560365 -3.566055421720404 -2.4748914403703552 0.5158580829944875 -4.352073438994842 -1.0285419023877835
773 9276 0 0 0 -3.693027874440017 -1.5608458655786421 -0.36089189791360843 -1.940722721823367 0.12938904269364668 0.04828743797115599 0.3039331730316019 3.658755078037603 4.13653070669505 4.259315481279649 9.08399656981684 -9.437853415737399 4.548924071350253 -3.5660570403996337 -2.474895526231908 0.5158596616145035 -4.352075109729994 -1.0285443369133271
774 9288 0 0 0 -3.693027746787669 -1.5608456036327507 -0.3608925355134329 -1.9407217554282947 0.12938880919023882 0.0482848698346014 0.3039317520729374 3.6587568502339276 4.136531649693112 4.2593139051799564 9.083998326739094 -9.43785409042073 4.548925169224086 -3.5660541897116556 -2.4748903453401545 0.5158585738145514 -4.3520737149949245 -1.0285455847983598
775 9300 0 0 0 -3.693028552339955 -1.5608456416274925 -0.36089237270229474 -1.9407217642594552 0.12938894240727705 0.04828613760070084 0.30393324292053886 3.6587580527375914 4.136531362274545 4.259311267780922 9.08399622917171 -9.43785101278221 4.548922074810805 -3.566052498742078 -2.4748911647664436 0.5158580676798891 -4.352075518351928 -1.02854338645597
776 9312 0 0 0 -3.6930287624167017 -1.560845681587539 -0.36089232347000644 -1.940721577345656 0.12938895916027185 0.04828655011736965 0.30393385289115443 3.6587576114890545 4.1365301240763745 4.259310697621706 9.083995833438813 -9.437850967603305 4.5489212776914725 -3.5660503167808657 -2.4748907646272915 0.5158569605365021 -4.352076555722713 -1.028545073363536
777 9324 0 0 0 -3.6930286862940918 -1.560845742707272 -0.36089222164137247 -1.9407215654557683 0.1293889841623998 0.04828679876659258 0.3039341609611326 3.658758408428235 4.136530449419695 4.2593084013543505 9.083994007334962 -9.43784870842072 4.548918866211994 -3.5660480992792536 -2.4748874569717194 0.5158558184854204 -4.352078001736503 -1.0285427693188836
778 9336 0 0 0 -3.693029672010211 -1.560845456577545 -0.36089269443830957 -1.9407212767283724 0.12938894506063 0.048285593116561366 0.3039337381774938 3.65875934645897 4.136530839542776 4.259305755319364 9.083995161896784 -9.437849573450052 4.54892029468857 -3.5660482841267305 -2.474885151218221 0.5158551549126379 -4.352076574079611 -1.0285415144209529
779 9348 0 0 0 -3.69302991711469 -1.5608453318982731 -0.3608929502834924 -1.9407207083095936 0.12938887569508195 0.04828464528763322 0.30393350539117214 3.658761539943322 4.13653155370065 4.259305274119252 9.083994519734121 -9.437850106189472 4.548922504085812 -3.566048254435934 -2.474883729686616 0.5158533909655387 -4.35207428064146 -1.0285393033722738
780 9360 0 0 0 -3.6930296566345984 -1.5608453234604223 -0.36089295976303626 -1.9407209499296305 0.12938884083194988 0.04828453201100728 0.3039330086657533 3.6587615546005763 4.1365320148301095 4.25930561106049 9.083995893401877 -9.43785079859518 4.548922712577435 -3.5660489686866024 -2.474883284447418 0.5158539390843581 -4.352072992748315 -1.0285386171327044
781 9372 0 0 0 -3.693029736545917 -1.5608453936962334 -0.3608927705502358 -1.940721333761597 0.1293889113794351 0.048285261258079595 0.3039332705216862 3.6587601991708296 4.136531480056166 4.259305565768517 9.083996283906913 -9.437851863551511 4.548923369550994 -3.566050188859343 -2.474882634860649 0.515855214853816 -4.352072662432885 -1.0285388530286796
782 9384 0 0 0 -3.693030047104946 -1.5608455494719895 -0.3608923803212856 -1.9407218869588083 0.12938905432398945 0.048287038220674754 0.3039344971927847 3.6587582328250328 4.136529070386573 4.259307313814432 9.08399567994383 -9.437849639529672 4.548921764698756 -3.5660504387789107 -2.474885594067329 0.5158553965577366 -4.352073104703329 -1.0285375049793157
783 9396 0 0 0 -3.6930299445509083 -1.5608455823270198 -0.36089234636381196 -1.9407219300024185 0.12938903471819385 0.04828718685188714 0.30393448000521184 3.6587578147205955 4.136528146564785 4.259309799909825 9.083994207974623 -9.43784856593141 4.548921740323834 -3.5660507888872717 -2.4748892785950787 0.5158559053734764 -4.352073823258706 -1.028536743025207
784 9408 0 0 0 -3.6930300031876473 -1.5608456509740811 -0.3608922248999157 -1.9407219732993377 0.12938906013865856 0.04828780446975411 0.3039350059947092 3.6587572856332957 4.136526018730755 4.259311804807942 9.083996168595494 -9.437849574029544 4.548922505500484 -3.5660513471251822 -2.4748926958053556 0.515857256076054 -4.352075303958352 -1.0285387442699057
785 9420 0 0 0 -3.6930304532997704 -1.5608455894887014 -0.3608923571588509 -1.9407217257424665 0.1293890325095723 0.048287597158023526 0.30393521393484463 3.658757517515287 4.136526956105574 4.259310931128878 9.083996041834705 -9.437850331275143 4.548922045218633 -3.566050523902992 -2.4748910200948124 0.5158576382936787 -4.352076289173626 -1.0285393145037258
786 9432 0 0 0 -3.693031165029275 -1.560845262048236 -0.3608929133969002 -1.940721386999763 0.12938893330846724 0.04828595043277909 0.3039342400085684 3.658759117977856 4.136526719634177 4.259309243137556 9.083997140406334 -9.437850183839558 4.5489239780716195 -3.5660489563370414 -2.4748874312820455 0.5158572975329354 -4.352073438837345 -1.028537692571813
787 9444 0 0 0 -3.693031159444635 -1.560845320036298 -0.3608928238016466 -1.9407215835614433 0.1293889413967633 0.0482865613491561 0.30393460348578927 3.6587578810664896 4.136526498337343 4.25931238470513 9.083996299967936 -9.437851153971017 4.548924596262183 -3.5660508918616523 -2.474890626020668 0.5158574260076182 -4.3520723639670456 -1.028538427120921
788 9456 0 0 0 -3.693030398357694 -1.5608455262708258 -0.3608924702949078 -1.9407218946579872 0.12938897583318926 0.0482874053894249 0.3039347799298068 3.658756272609842 4.136525559110437 4.259314408696668 9.083994817484692 -9.437850565686727 4.548922813142252 -3.566050548777138 -2.474891885164978 0.5158576655505989 -4.352073472797035 -1.0285376158176502
789 9468 0 0 0 -3.6930306453631765 -1.5608457197379637 -0.3608920461523838 -1.940722400604164 0.1293891284765461 0.04828926466048694 0.3039361071252 3.6587545123320693 4.136524784605717 4.259317096482046 9.08399587252509 -9.437851326356276 4.548922091060726 -3.5660509907015854 -2.47489684430204 0.5158596046538582 -4.3520769272562365 -1.0285405156802696
790 9480 0 0 0 -3.6930314315870585 -1.5608455483928232 -0.36089233639748713 -1.9407219762917864 0.1293891309610899 0.0482885838896376 0.3039362713078586 3.6587558910897267 4.1365261612811155 4.259315882713661 9.083995348099977 -9.43785083436963 4.548922968745309 -3.5660482186285507 -2.4748947485417214 0.5158576582512399 -4.352076261383071 -1.0285399134371238
791 9492 0 0 0 -3.6930310586385695 -1.5608454665240838 -0.36089257532467645 -1.9407216226682187 0.12938896658523352 0.04828738578666105 0.30393527665437575 3.658755709991371 4.136527211911267 4.259316676167414 9.083995566790499 -9.437851402769411 4.548922675158401 -3.5660477024675674 -2.4748918315643316 0.5158583613820155 -4.3520744587920595 -1.0285404840140606
792 9504 0 0 0 -3.6930309313414376 -1.5608455762251432 -0.3608922894825438 -1.940722160791704 0.12938907788380033 0.04828838475821342 0.30393560014902804 3.658754787900061 4.136527029998639 4.259317789530518 9.083996892717321 -9.437851943915858 4.548922928123825 -3.5660491545025126 -2.4748942661517925 0.5158590327959445 -4.352074100550521 -1.0285423941325045
793 9516 0 0 0 -3.6930309932299172 -1.5608456647797226 -0.36089213466075976 -1.940722118498802 0.12938910286808084 0.04828898974958468 0.30393617539052264 3.65875469738931 4.136525728371287 4.259319492716524 9.083996301627344 -9.43785128383757 4.54892174229035 -3.5660505834885416 -2.4748968774621543 0.5158590632228279 -4.352076024657507 -1.028542668127757
794 9528 0 0 0 -3.6930306816936316 -1.5608458077709497 -0.36089188096796465 -1.9407223874061457 0.12938915825550026 0.04828982515793233 0.3039366532796211 3.6587553188763806 4.136526442228635 4.259318231903336 9.083994592548146 -9.437849703450388 4.548919974558954 -3.5660528277266494 -2.474898230923283 0.5158580406634259 -4.3520755471316 -1.0285408499191155
795 9540 0 0 0 -3.6930308818522715 -1.5608460327350115 -0.36089145910753784 -1.940722593366064 0.12938928344931025 0.04829156616990861 0.3039381791498786 3.658754070995073 4.136525225367803 4.259317978787649 9.083992200314203 -9.437848081342082 4.5489178780880755 -3.5660527668894315 -2.474900875361777 0.5158582026619076 -4.352078398848213 -1.0285421231032776
796 9552 0 0 0 -3.6930305167937423 -1.5608460297729965 -0.36089151766551625 -1.9407225750202148 0.12938919888728298 0.0482911927479554 0.30393756988042764 3.6587535604429617 4.136525274453694 4.2593182348823975 9.08399091888038 -9.437846697332583 4.548917578130924 -3.5660560830748427 -2.4749019637494185 0.5158572050539343 -4.3520774727920735 -1.0285417926333027
797 9564 0 0 0 -3.69303060116549 -1.5608460796912225 -0.3608914210274913 -1.9407227044700852 0.12938922051798818 0.048291810967812196 0.30393801815721644 3.6587531336765062 4.136525659199492 4.259318865632173 9.083989374760183 -9.43784646878817 4.548918058283847 -3.5660561013678107 -2.4749045760951303 0.5158567252547697 -4.352077936229014 -1.0285417922325284
798 9576 0 0 0 -3.693030723031763 -1.5608462887719659 -0.3608910398208317 -1.940722880114192 0.12938932651978324 0.04829343047319248 0.3039394471602041 3.6587524992950544 4.136525366976715 4.259318519005487 9.083988648115334 -9.437845809086083 4.548916813437441 -3.566057552448332 -2.4749053055214776 0.5158567860455155 -4.352077995954813 -1.028541712820887
799 9588 0 0 0 -3.6930306883452304 -1.5608463352135655 -0.3608909117784463 -1.9407231610590796 0.12938939095400523 0.048293821636226524 0.30393953902301263 3.658750842418909 4.1365255475034255 4.259319988133101 9.08398848709084 -9.43784763248437 4.548918757215365 -3.5660597096164612 -2.4749074360472103 0.5158572174559722 -4.352077294514978 -1.0285435716471663
800 9600 0 0 0 -3.6930311021250737 -1.5608461311876163 -0.36089127650976954 -1.9407226094555552 0.12938933475971515 0.048292326626852886 0.3039389075863514 3.658753059123958 4.136526775934028 4.259319166065201 9.083987816916942 -9.437847000905206 4.548919087279119 -3.566058989478858 -2.4749063428818974 0.5158562228741304 -4.3520763952351675 -1.0285432168963957
801 9612 0 0 0 -3.6930306359034764 -1.5608461817135755 -0.360891245688649 -1.9407224715225346 0.12938929601162086 0.048292032546620886 0.303938607747121 3.6587531730126326 4.136526900874535 4.2593187419315335 9.083986584921028 -9.437846628201708 4.548917980934657 -3.5660588516225658 -2.4749061032259427 0.5158563131351803 -4.352077626245573 -1.0285434604058301
802 9624 0 0 0 -3.6930308187202185 -1.5608463961898325 -0.3608907492663279 -1.9407230899012302 0.12938950144458794 0.048294355399272 0.3039402856232791 3.6587519579021257 4.136525629126614 4.259319411272305 9.083986732305878 -9.43784575048493 4.548916307336434 -3.5660580072842416 -2.474908514441219 0.5158568856287279 -4.352078973616559 -1.0285446864036965
803 9636 0 0 0 -3.693030553573841 -1.5608464835787035 -0.3608905081275288 -1.9407233560771668 0.12938961622450032 0.0482948082445782 0.3039403382505862 3.658751195240672 4.136526508208177 4.2593208578040205 9.083986194223167 -9.437847013740997 4.548917107016937 -3.566058858887791 -2.4749096501387147 0.5158569503905781 -4.352078470642894 -1.0285455459542199
804 9648 0 0 0 -3.6930308255679334 -1.5608465564013816 -0.36089034106506435 -1.9407235626120014 0.12938969535025938 0.048295717606376284 0.30394107143869564 3.6587509905968023 4.136525779326372 4.259320422014839 9.083984981005385 -9.437846006548392 4.548916292681546 -3.5660590491918147 -2.474910883582406 0.5158563914540365 -4.3520789468570715 -1.0285453811905476
805 9660 0 0 0 -3.6930305246643185 -1.5608465722296447 -0.3608903468513884 -1.9407234930830743 0.12938965470919486 0.048295451465690024 0.303940733696058 3.658750836091908 4.136525283015928 4.259320075092281 9.083984555648028 -9.43784610655485 4.548915982346568 -3.566059513861859 -2.474909374151283 0.5158562329464376 -4.352079176328907 -1.0285449709588201
806 9672 0 0 0 -3.6930307243430542 -1.5608465762411345 -0.36089030556712 -1.9407236393935483 0.12938968771667755 0.04829564565316026 0.30394087309476653 3.6587494768179623 4.13652525341382 4.259321038327554 9.083984568204592 -9.43784638852571 4.548916272877159 -3.566060828503011 -2.4749115330654385 0.5158561653252157 -4.352079804173474 -1.028545998701296
807 9684 0 0 0 -3.6930309858289414 -1.5608466646802284 -0.3608900907072155 -1.940723893729932 0.12938978583210495 0.048296724164556395 0.3039418205640143 3.658749111168351 4.136525584788384 4.259321482054401 9.083985604591014 -9.43784721193717 4.54891581357009 -3.5660612244827425 -2.4749131987688697 0.5158568387378764 -4.352079965547043 -1.0285478623217081
808 9696 0 0 0 -3.6930307566656304 -1.5608467805328217 -0.3608899202797816 -1.9407239540287653 0.12938980358837265 0.04829734940324 0.3039422290610854 3.6587483216843557 4.13652544666219 4.259322469153023 9.083984812670177 -9.437847171634502 4.548915819299085 -3.5660618438129785 -2.4749149148214906 0.515856628613657 -4.352080103513851 -1.0285485269132932
809 9708 0 0 0 -3.6930310189722033 -1.5608469936055933 -0.360889460307089 -1.9407244435016289 0.12938995345239726 0.048299545787079984 0.3039437941469231 3.658746969940125 4.136524569876317 4.259323892133388 9.08398232094316 -9.437845698095824 4.548914039589826 -3.5660629596053646 -2.4749200108669682 0.5158563513894654 -4.352081824499123 -1.028548555140637
810 9720 0 0 0 -3.6930308957354496 -1.5608469385745705 -0.360889582637311 -1.9407243207248894 0.12938989240307358 0.048298982373945205 0.3039432761287057 3.658747762971628 4.136524525937249 4.25932406654603 9.083982861233416 -9.437845395720812 4.548914041587952 -3.566063285830224 -2.4749197912484853 0.5158559820979649 -4.352081332141252 -1.0285491643037195
811 9732 0 0 0 -3.693030788861871 -1.5608469295765828 -0.36088960862452296 -1.9407243362344582 0.12938987894785028 0.04829881194080838 0.30394304642916253 3.658746960602389 4.136524354225226 4.259326161005555 9.083982077680359 -9.437845845317675 4.548915189654244 -3.5660645369906825 -2.4749216406993977 0.5158556397250813 -4.352080834711534 -1.028550126122631
812 9744 0 0 0 -3.6930309760057525 -1.5608468837686946 -0.36088970537245046 -1.940724172029892 0.1293898431958658 0.04829857570567778 0.3039430679312039 3.658747105614051 4.136524879567173 4.259324846195661 9.083982235426841 -9.437846144753797 4.548914670039658 -3.5660627707974273 -2.4749189512492267 0.5158554385021041 -4.352080584006637 -1.028549736461483
813 9756 0 0 0 -3.6930311339000452 -1.5608469781545729 -0.3608894704817072 -1.9407244390215257 0.1293899480241254 0.04829954302484528 0.30394378770761055 3.6587468649468446 4.136524397868274 4.259324759555484 9.083981859103517 -9.43784602740306 4.548913744094758 -3.5660634779975875 -2.4749200872439365 0.5158555189385033 -4.352081260812514 -1.028551292496435
814 9768 0 0 0 -3.693031103818733 -1.5608469606671125 -0.3608894915950288 -1.9407243129161376 0.12938995319021415 0.048299157932472095 0.3039435644623915 3.6587470830967916 4.13652513716967 4.259323419237876 9.08398255202476 -9.437846757193382 4.548913879643091 -3.5660621097252942 -2.474918543426192 0.515855764338535 -4.352081780303302 -1.0285516127910757
815 9780 0 0 0 -3.6930311241932436 -1.5608468807971567 -0.3608896427660203 -1.9407242471942037 0.1293899109967405 0.04829853788826392 0.3039430892823908 3.658747158776637 4.136525142063481 4.259324469686691 9.083984837752551 -9.437848371446481 4.548915820103894 -3.566061831306486 -2.4749180196527383 0.5158563847701112 -4.35208067489775 -1.0285522633502415
816 9792 0 0 0 -3.693031187962064 -1.5608470256516072 -0.3608893421823847 -1.9407244839642817 0.12939001274825654 0.0482997916212301 0.30394406515952554 3.658746443445458 4.136525525268724 4.259325345528993 9.083983700875498 -9.437848125984242 4.5489144965068675 -3.5660612287456894 -2.4749195564916286 0.5158563413495946 -4.352081423840508 -1.0285528952769287
817 9804 0 0 0 -3.6930313039924694 -1.5608468616213347 -0.36088968841529834 -1.9407241751754032 0.1293899057258059 0.04829865400107429 0.3039433460121547 3.658747758885153 4.136525712854628 4.2593237978625575 9.083983633774945 -9.43784697640548 4.548914617551854 -3.5660606591865904 -2.474917909848272 0.5158552688424056 -4.352080258191183 -1.028551875813518
818 9816 0 0 0 -3.693031363350982 -1.5608468430054954 -0.3608897118507143 -1.940724203533637 0.12938990803341877 0.048298613290681164 0.30394328727286296 3.65874818426453 4.136525604652266 4.259323169017764 9.083984277810716 -9.437847102823701 4.548915023581957 -3.5660608595883168 -2.474917702327439 0.5158552956155327 -4.352080336408866 -1.0285517101985064
819 9828 0 0 0 -3.6930312339186377 -1.5608468950744634 -0.3608896291722868 -1.9407242738154835 0.12938990982741227 0.048298901228545646 0.30394341020148924 3.6587475188005247 4.136524668249216 4.259323818409752 9.083984873184455 -9.437847367705793 4.548915047863099 -3.566061157628918 -2.474918764778611 0.5158556356768038 -4.352080655494169 -1.0285527810894406
820 9840 0 0 0 -3.6930312465616426 -1.5608470143034592 -0.3608893757826157 -1.940724507384058 0.12938998953817582 0.048299871297522376 0.3039440636859165 3.6587464156629093 4.1365243178297835 4.259325042584903 9.083983879429445 -9.437847237666027 4.548914415947448 -3.566061845916614 -2.474920857908619 0.5158558163750018 -4.352080912442065 -1.0285540815018448
821 9852 0 0 0 -3.693031305773156 -1.5608469226929533 -0.36088956047358034 -1.9407243050212664 0.1293899435831782 0.048299204012787596 0.30394364440949695 3.658747257643109 4.136524882012319 4.259323973060442 9.083984248592984 -9.4378476010119 4.5489150292202405 -3.5660611946736926 -2.4749184140456126 0.5158551623851559 -4.3520792486421795 -1.0285534851618685
822 9864 0 0 0 -3.693031300407839 -1.5608469243517553 -0.3608895786195991 -1.940724254155132 0.1293899276923889 0.04829919214892901 0.3039436743836759 3.6587471497794453 4.136524629969683 4.259324090648696 9.083984275434705 -9.437847642744451 4.548915232566953 -3.5660612424763682 -2.4749181838514365 0.5158553829852104 -4.352078935756692 -1.0285535795026848
823 9876 0 0 0 -3.6930313593274713 -1.5608468771223076 -0.36088965218068775 -1.940724183028975 0.12938991078917544 0.04829885618211613 0.3039434656608962 3.658747199310091 4.136524481712245 4.25932343556567 9.083984172724726 -9.437847331270428 4.548915256728975 -3.566060384390866 -2.474916847583351 0.5158553575650369 -4.352078912024061 -1.0285531213362484
824 9888 0 0 0 -3.6930312252137427 -1.5608469397529308 -0.3608894956511549 -1.940724461654629 0.1293899736142573 0.04829930857541799 0.3039435858637192 3.65874655234397 4.136524588949324 4.259323308258467 9.08398431569021 -9.437847472174878 4.548915252871361 -3.566060688381131 -2.474917493445416 0.5158557658952833 -4.352078939467464 -1.0285530949174113
825 9900 0 0 0 -3.693031308338267 -1.5608468368411894 -0.36088970763566386 -1.9407242232923905 0.12938991051203835 0.048298434475528486 0.3039430490958366 3.6587468888018484 4.136525396025191 4.259323024758234 9.083984238692926 -9.437847620389459 4.548916041271685 -3.566060224543629 -2.4749160642562575 0.5158555953491358 -4.352078399225349 -1.0285521720776976
826 9912 0 0 0 -3.6930312711152005 -1.5608468367020798 -0.3608896851848947 -1.9407243028063248 0.12938992371033176 0.04829842121348772 0.30394292852747834 3.6587465479027594 4.136525466530259 4.259322290761726 9.08398435811671 -9.437847807260432 4.548916350019923 -3.56606042604408 -2.474915601161341 0.515855645450618 -4.3520781899048 -1.0285519763569673
827 9924 0 0 0 -3.6930312487572676 -1.5608467834675142 -0.36088981258370373 -1.9407241467350285 0.1293898608584424 0.04829789886689323 0.30394255898981615 3.658746984730191 4.136525104253439 4.259322588721808 9.083984387067648 -9.437846930801474 4.548916337153338 -3.56606007864338 -2.4749148941527523 0.5158554865352047 -4.3520779213706895 -1.0285511180243188
828 9936 0 0 0 -3.6930313053527595 -1.560846873558819 -0.3608896209357457 -1.9407243959677882 0.12938992702529298 0.04829878985859567 0.30394317465183157 3.658746218781017 4.1365240705271145 4.259322937034981 9.083984073888347 -9.437846526243792 4.548915419085247 -3.566060924160111 -2.474916862396335 0.5158559305548394 -4.352079362870772 -1.0285516187881076
829 9948 0 0 0 -3.693031261682451 -1.5608467743762275 -0.36088982103491263 -1.9407241917072435 0.12938986128468297 0.048297883752513614 0.3039425275502867 3.65874655758655 4.136524360119138 4.259321503099588 9.08398397085591 -9.437846380003785 4.548915452974771 -3.566059398955959 -2.474914103282519 0.5158558884189572 -4.35207918874998 -1.0285503124237938
830 9960 0 0 0 -3.6930312577954 -1.5608467579915242 -0.36088985253855227 -1.9407241722064328 0.12938985853246532 0.048297780360268265 0.303942457443379 3.658746820549308 4.136524676671883 4.259320781117243 9.083984458529596 -9.437846244115844 4.548914836895114 -3.5660585512380494 -2.4749126142312465 0.5158560828312877 -4.352079071813012 -1.0285497375735038
831 9972 0 0 0 -3.6930314037657994 -1.5608467130165946 -0.36088991799327275 -1.9407241201421666 0.12938985891515395 0.048297619368877734 0.30394238950074776 3.6587469000537522 4.136524885862924 4.2593208356596035 9.083984070040124 -9.43784651528733 4.548915366115953 -3.5660586259268485 -2.4749125849605647 0.5158555300003592 -4.3520786117090875 -1.028549771524323
832 9984 0 0 0 -3.6930312329187522 -1.5608468803162985 -0.36088959444635044 -1.9407244206332461 0.12938994493947492 0.0482987841445019 0.30394309151559645 3.6587455336401282 4.136524263749374 4.259322360891084 9.083983633688328 -9.43784687461807 4.548914958476855 -3.5660602576076843 -2.4749140669817584 0.5158563386124074 -4.352078817138154 -1.028551031558075
833 9996 0 0 0 -3.693031101604265 -1.560846807865456 -0.36088975059834394 -1.940724286376246 0.12938988462726345 0.048298048284411504 0.30394249636062937 3.6587461362996976 4.136524711407133 4.25932159274495 9.083984512774048 -9.437847571555482 4.548915767747534 -3.5660598439890006 -2.4749120245896568 0.5158567575421935 -4.352078187345389 -1.0285506833165259
834 10008 0 0 0 -3.693031229287677 -1.5608468538001352 -0.36088965475622636 -1.9407243423479565 0.1293899173877452 0.04829847838084311 0.3039428929897407 3.658745564125997 4.136524753377361 4.259322290584055 9.08398352488589 -9.437847309416398 4.548915519396456 -3.56606020298116 -2.47491303274895 0.515856566243512 -4.35207839613472 -1.0285508059719877
835 10020 0 0 0 -3.693031121543865 -1.5608468673870102 -0.36088961697519356 -1.940724427220824 0.12938993150240008 0.04829841792232816 0.30394272455722826 3.658744950403024 4.136524384686366 4.259323083569715 9.083984150493329 -9.43784800132701 4.548916410211791 -3.566060876720423 -2.47491367998598 0.5158569367863335 -4.352078289286622 -1.0285514272633138
836 10032 0 0 0 -3.693031136518227 -1.5608468227823473 -0.3608897315087256 -1.9407242764714923 0.12938987922613876 0.048298062180597456 0.3039425239998393 3.658745446091909 4.1365246355930365 4.259323065983443 9.083983895019305 -9.437847704382463 4.5489165887594085 -3.5660610137744064 -2.474913411201224 0.51585631332717 -4.352077555191108 -1.0285513192673785
837 10044 0 0 0 -3.6930311127427347 -1.5608468311257406 -0.36088971877261794 -1.940724279529311 0.12938988659989686 0.048298127859602163 0.3039425704077603 3.6587456278198283 4.136524176163181 4.2593232454672 9.083984292886456 -9.437847787032561 4.548916912869705 -3.566061634518778 -2.474914200060417 0.5158561865049066 -4.352077467279841 -1.028551782352794
838 10056 0 0 0 -3.693031065239902 -1.5608469107342484 -0.36088957137070843 -1.9407244584776757 0.12938991328644714 0.04829878547471958 0.3039429603477824 3.658745057222524 4.136523486128407 4.259323616697648 9.083984230177661 -9.437847362484847 4.548916412649013 -3.5660614618380317 -2.474915270897444 0.5158564524601138 -4.352078264990628 -1.0285513887191144
839 10068 0 0 0 -3.6930310401887607 -1.5608469003401795 -0.360889605588551 -1.940724409721006 0.12938989106008913 0.04829870918133649 0.3039428829657436 3.658745136773593 4.136523457991644 4.259324601045243 9.08398416743014 -9.437847650405974 4.548916902892567 -3.5660620318755702 -2.4749162889913774 0.5158563251609903 -4.352078286025401 -1.028551330903032
840 10080 0 0 0 -3.693031000930082 -1.5608469303671582 -0.3608895508783741 -1.9407244151626362 0.12938990688903837 0.04829883636618313 0.30394298396842384 3.6587448651228716 4.136523648477424 4.259325151554616 9.083983991804867 -9.43784777659647 4.548916973280902 -3.566062261976938 -2.4749163968924988 0.5158562009839767 -4.352077945780692 -1.0285511771925022
841 10092 0 0 0 -3.6930311855331035 -1.5608469592812106 -0.3608894853809607 -1.9407244732223887 0.12938993948056404 0.04829931856999465 0.3039434485384154 3.6587446894436706 4.1365237470379395 4.259325425469228 9.083983430972133 -9.437847583784942 4.548916982148889 -3.5660623520741948 -2.4749169235829176 0.5158558146177107 -4.352077253521006 -1.0285508620707056
842 10104 0 0 0 -3.6930312264713505 -1.5608469587424243 -0.3608894765704959 -1.94072446032511 0.12938995167797734 0.04829932649356087 0.30394349663603465 3.6587447402785562 4.136523499177783 4.25932461020214 9.083982913735383 -9.43784695419808 4.548916317653614 -3.5660619959906645 -2.4749164706987234 0.5158558561837479 -4.352077459133531 -1.028550258731071
843 10116 0 0 0 -3.693031278340437 -1.5608468987176385 -0.36088959074748006 -1.9407243545959778 0.129389925147727 0.04829887289623145 0.3039432174166962 3.6587450579760965 4.1365239513531575 4.2593237804661435 9.083982962551495 -9.437846933327435 4.548916249464727 -3.56606196251669 -2.474915511992244 0.5158555406589549 -4.352077594126969 -1.0285500676135853
844 10128 0 0 0 -3.6930311083787415 -1.5608469249930952 -0.36088955588925137 -1.9407243421087559 0.1293899180791887 0.04829880920070696 0.30394309704883177 3.658744668760238 4.136523818433422 4.25932287843378 9.08398272043702 -9.437847004444874 4.548916098374158 -3.5660617766231915 -2.4749143859565392 0.5158557613042605 -4.352077632195117 -1.0285492611713192
845 10140 0 0 0 -3.6930313711667964 -1.5608468739877648 -0.3608896271848276 -1.9407243457335175 0.12938991521273174 0.04829870417596099 0.303943110772765 3.6587448260858144 4.136523777896587 4.259322436103684 9.083982724595902 -9.437846354855612 4.548916004094753 -3.566061485994724 -2.4749140962282037 0.5158555892144934 -4.352077835920712 -1.0285486254153597
846 10152 0 0 0 -3.693031349598288 -1.560846918939278 -0.3608895238073345 -1.9407244922292588 0.12938995891359967 0.04829911751448786 0.30394335230480407 3.658744385054944 4.136523912102339 4.259322606051629 9.083982188386235 -9.437846198902633 4.548915590311639 -3.566061622007436 -2.474914078183592 0.5158556415134974 -4.352077965366473 -1.0285483862919158
847 10164 0 0 0 -3.693031230739379 -1.560847062936193 -0.36088924022261226 -1.9407247091888946 0.12939004226972603 0.04830010392408797 0.3039440193629823 3.658743604837527 4.136523380562332 4.259323186150105 9.083981701620235 -9.437845814893222 4.548914834624224 -3.566062117253632 -2.4749156282036413 0.5158558130172127 -4.3520785809560785 -1.0285490287900154
848 10176 0 0 0 -3.69303124567433 -1.5608470416466935 -0.36088927234157997 -1.940724665090046 0.12939004589469166 0.04829998031721382 0.3039439601645777 3.658743888830467 4.136523672115699 4.259323395378291 9.0839816254434 -9.437846197194393 4.548915295493347 -3.5660624617664705 -2.4749158665136486 0.5158555247363787 -4.352078157177449 -1.0285496047261038
849 10188 0 0 0 -3.69303113120756 -1.560847040836867 -0.36088928631590084 -1.9407246368028428 0.12939003115534609 0.048299838040583826 0.303943815697088 3.6587440146967327 4.136523374111976 4.259323583316098 9.08398157799687 -9.43784582651966 4.548914985634457 -3.5660620511672776 -2.474915691067691 0.5158557418229783 -4.352078757631901 -1.0285493374243064
850 10200 0 0 0 -3.6930313142522655 -1.5608470164400876 -0.36088932481921576 -1.9407245888239277 0.1293900287847526 0.04829983174525877 0.30394392257238284 3.658744121943359 4.136523186298751 4.259323438418301 9.083981321896584 -9.4378453661131 4.548914650004041 -3.566061521641768 -2.474915605989591 0.5158557172765176 -4.35207907237881 -1.0285489825248437
851 10212 0 0 0 -3.6930312610630693 -1.5608470669537882 -0.36088922685423974 -1.9407246836421264 0.12939005595622052 0.048300201046719254 0.30394413069744847 3.6587439021780073 4.136522975502987 4.259323940115077 9.083980834494465 -9.437845411822792 4.548914426779038 -3.5660621214888106 -2.474916855214685 0.5158559733349193 -4.352079615478497 -1.0285497014942178
852 10224 0 0 0 -3.693031248582937 -1.5608470805957129 -0.36088919721537727 -1.940724737403591 0.1293900656693102 0.048300309541986594 0.303944190209786 3.6587439159207356 4.136523321159962 4.259323596404591 9.083980791439005 -9.437845422079079 4.548914225325739 -3.5660620502446445 -2.4749168591320654 0.515856032130671 -4.352079942828437 -1.0285493360482347
853 10236 0 0 0 -3.69303114027995 -1.5608470937954102 -0.36088918113542406 -1.9407247580439086 0.12939005875817536 0.04830030209937026 0.303944106183647 3.6587437524268993 4.136523147120796 4.2593234996888 9.083981282631013 -9.437845924720625 4.548914608268226 -3.5660620865181993 -2.4749164856021686 0.515856266932888 -4.352079609282512 -1.028549298844678
854 10248 0 0 0 -3.6930313082066815 -1.5608470420655636 -0.36088925363418717 -1.9407247335381081 0.1293900632886427 0.04830011247773382 0.3039440324270875 3.658743996493811 4.13652296220045 4.259323008748186 9.08398136803746 -9.437845656252623 4.548914318782559 -3.5660614814679343 -2.4749156856200885 0.51585608548065 -4.352079446024438 -1.0285489650551813
855 10260 0 0 0 -3.6930312981291937 -1.5608470580107905 -0.3608892306650555 -1.940724724341032 0.12939006240830778 0.0483002230654255 0.30394413109483887 3.658744154039172 4.136522996082947 4.259323267195631 9.083980949340358 -9.43784523636165 4.548913786792025 -3.5660618419459134 -2.4749160894002045 0.5158557146311887 -4.352079342483069 -1.0285489342177006
856 10272 0 0 0 -3.693031303010321 -1.5608471234560257 -0.36088909997642754 -1.9407248358573508 0.12939010114813812 0.04830073850586579 0.30394452067298694 3.658743789804599 4.136522982382218 4.259323686549945 9.083980546947824 -9.437844963702844 4.548913280961608 -3.5660624158666177 -2.4749173386433845 0.5158556580882155 -4.352079806085513 -1.0285491959886532
857 10284 0 0 0 -3.6930312599476296 -1.560847150786947 -0.36088905246527353 -1.940724885579082 0.12939010383929064 0.04830087869034322 0.30394458159166654 3.6587434583264526 4.13652290400291 4.25932424500676 9.083980445655476 -9.437845129216107 4.548913308044316 -3.5660626258381365 -2.4749177961749735 0.515855902309654 -4.352080084432548 -1.0285497531120908
858 10296 0 0 0 -3.693031213276073 -1.5608471289180146 -0.36088909659030644 -1.9407248788560456 0.12939008323055087 0.048300650250215675 0.3039443452262643 3.658743269423827 4.136522869245768 4.259324208933193 9.083980630903286 -9.437845311887585 4.548913673646096 -3.5660630681748535 -2.474917169533489 0.5158559573335781 -4.3520797018665505 -1.028549270544324
859 10308 0 0 0 -3.69303120009062 -1.5608471248943947 -0.36088911433806664 -1.9407248340131016 0.12939007529504165 0.04830057759584175 0.30394431978074554 3.658743402319934 4.136522962071383 4.25932451537513 9.083980714556557 -9.437845355401159 4.54891361559499 -3.566063142664767 -2.4749171871235736 0.5158557553387001 -4.35207950940571 -1.0285491722934557
860 10320 0 0 0 -3.6930311806986396 -1.5608471105269883 -0.3608891236514765 -1.940724848081933 0.12939008409833255 0.04830042529346573 0.30394417206685226 3.658743212269698 4.1365233878765615 4.259324130779509 9.08398108727053 -9.437845780491251 4.548913784868734 -3.566062696567197 -2.474916305727866 0.5158560233723759 -4.352079543733254 -1.028549118087308
861 10332 0 0 0 -3.6930311070609023 -1.5608470803034904 -0.36088919406389536 -1.9407247572651696 0.1293900550520192 0.04830008080187865 0.30394390634962476 3.658743388801849 4.136523378710867 4.259324398303666 9.083981431030844 -9.43784603046058 4.548914048289664 -3.5660624240700387 -2.4749158263070306 0.5158561429356802 -4.352079493813576 -1.0285493395726237
862 10344 0 0 0 -3.693031163587074 -1.560847081724313 -0.36088919253901125 -1.940724732940778 0.1293900593028429 0.04830015183761599 0.30394402782036467 3.6587435683933442 4.136523365655024 4.259323999184563 9.083980806381353 -9.437845433075458 4.548913283487405 -3.5660618854061483 -2.4749155003946317 0.5158558746586647 -4.352079845442987 -1.0285486367308212
863 10356 0 0 0 -3.6930312574914295 -1.5608470678048871 -0.3608892023416029 -1.940724760729944 0.12939006403630884 0.048300165504756985 0.303944034728759 3.658743494418747 4.136523400108348 4.2593240896665545 9.08398086129104 -9.437845347207203 4.54891345025602 -3.566061701812289 -2.4749151254378425 0.5158557902061115 -4.352079478185908 -1.0285481883089436
864 10368 0 0 0 -3.6930312833221417 -1.5608470785398907 -0.3608891816358719 -1.9407247859534877 0.12939006606302825 0.04830027736287443 0.30394410925676196 3.6587433631225417 4.13652330919963 4.259323897927305 9.083980674069336 -9.43784522243227 4.548913146349826 -3.566061711012785 -2.4749150555382955 0.5158559053264861 -4.35207963466829 -1.028548215485549
865 10380 0 0 0 -3.6930312329585364 -1.5608471056120996 -0.3608891359259561 -1.9407248201051983 0.12939007479986042 0.04830045140327355 0.30394421404769445 3.658743321496433 4.136523165111275 4.259323365002037 9.083980701724629 -9.437844970101832 4.548912940363331 -3.566061580657427 -2.4749147049107436 0.5158559676383117 -4.352079763643939 -1.0285480519106662
866 10392 0 0 0 -3.6930312439483695 -1.5608471048388743 -0.36088913300674086 -1.9407248321198152 0.1293900793128383 0.048300503830208466 0.3039442570407458 3.65874346643497 4.136522872150779 4.259323037498065 9.083980515354774 -9.437844422755305 4.548912496291621 -3.5660613730645334 -2.4749146263867248 0.5158559959783614 -4.352080053419592 -1.0285475571681557
867 10404 0 0 0 -3.693031149322306 -1.5608470838270376 -0.3608891907849733 -1.940724757703705 0.12939005112642735 0.04830018933609724 0.30394401226237205 3.658743552186462 4.136522922836407 4.259322744401888 9.083981153171765 -9.437844745502861 4.548912570790599 -3.5660610736938567 -2.4749137663753347 0.5158560730280766 -4.352080015269357 -1.0285477568460302
868 10416 0 0 0 -3.69303126720668 -1.5608471648994628 -0.360889006242722 -1.9407249556365371 0.12939012216418871 0.04830096982855874 0.3039445897129287 3.6587428908661384 4.136522587271819 4.259323212020976 9.083980722567567 -9.43784475476974 4.548912292042259 -3.566061391155195 -2.4749153458025464 0.5158563385221848 -4.352080784489415 -1.0285484586397757
869 10428 0 0 0 -3.6930312319687695 -1.5608472109021099 -0.3608889183072453 -1.9407250126373545 0.129390146738588 0.04830126199185174 0.3039448029344104 3.6587427364664267 4.1365224184498315 4.259323553701082 9.08398019366128 -9.43784451286171 4.548911755802287 -3.566061395871344 -2.4749162103345537 0.5158563967561689 -4.352081508271597 -1.0285486401988253
870 10440 0 0 0 -3.693031172192035 -1.5608472304245993 -0.3608888943483274 -1.9407250092048889 0.12939014472547883 0.04830132414389309 0.30394485196980836 3.6587426392910256 4.136522134760156 4.259323031016954 9.083979836366204 -9.437844148709447 4.548911424473559 -3.5660614317061876 -2.4749157075233343 0.5158562231731225 -4.3520817952713 -1.0285479669045683
871 10452 0 0 0 -3.6930312327674124 -1.5608472282520414 -0.3608888927389252 -1.9407250163244787 0.1293901530238834 0.0483013746733312 0.3039449106405032 3.6587423859362636 4.136522312012283 4.259323159727338 9.083979577464737 -9.437844474976195 4.5489117939092765 -3.5660617031517257 -2.4749155916238763 0.5158562261702065 -4.352081427376997 -1.0285479025892181
872 10464 0 0 0 -3.6930312607100473 -1.560847311155701 -0.3608887293677632 -1.9407251384597624 0.1293902004547241 0.04830203671866546 0.30394540737111075 3.658741648497359 4.136522275520223 4.2593233563836765 9.083978853896712 -9.43784462513627 4.548911633567315 -3.5660621259363707 -2.4749164393507717 0.5158563774828173 -4.352081953717834 -1.0285484923099932
873 10476 0 0 0 -3.6930312817877566 -1.560847353659363 -0.3608886488970471 -1.94072520239156 0.12939022119057822 0.04830237768668779 0.30394567300781383 3.658741340762666 4.136522084462748 4.259323292047396 9.08397884936484 -9.437844752910527 4.548911631163291 -3.5660620111229804 -2.4749168261685175 0.5158565367002659 -4.352082420535757 -1.0285486026850437
874 10488 0 0 0 -3.693031221929849 -1.560847390143435 -0.3608885758541586 -1.9407252667899915 0.12939024100322152 0.04830258929593666 0.30394578339522677 3.658740863680281 4.136522213739392 4.259323455310511 9.083978671161873 -9.437844976937548 4.548911614688564 -3.5660620795653086 -2.4749170739534847 0.5158567603177387 -4.352082598832318 -1.0285491004875476
875 10500 0 0 0 -3.693031317475087 -1.560847298640288 -0.36088875753049754 -1.9407251013215934 0.12939018742751535 0.048301982549281926 0.3039454156670101 3.6587415728384203 4.1365228435982395 4.259323170806421 9.083978784746218 -9.437845040586556 4.5489119930622675 -3.566061088502411 -2.474916683038581 0.5158563829851716 -4.352082429424481 -1.028549293776327
876 10512 0 0 0 -3.693031271043207 -1.5608472610005657 -0.3608888435541544 -1.940725007869314 0.1293901546227022 0.0483016493828499 0.3039451505791752 3.6587417896556698 4.136522893962688 4.259323682375782 9.083979187785372 -9.437845079498185 4.548912178776767 -3.566060934534782 -2.4749163142548753 0.5158563085645808 -4.352081928558429 -1.0285490453080073
877 10524 0 0 0 -3.693031203293427 -1.5608472727529104 -0.36088881753685503 -1.940725053925699 0.1293901637036626 0.0483016424487466 0.3039450874172441 3.658741458922484 4.136522674667052 4.259323918164535 9.083979618314428 -9.437845619614713 4.548912444862883 -3.566060653687642 -2.474916168267881 0.5158567378964721 -4.352082216911263 -1.028549310402334
878 10536 0 0 0 -3.693031199176018 -1.5608472564516835 -0.36088885148286726 -1.940725035402231 0.12939014863779844 0.04830150287349369 0.30394497313165825 3.65874130642873 4.136522683358178 4.259324229533672 9.083979589778536 -9.437845375228473 4.548912318615234 -3.5660604424490687 -2.474915777380985 0.5158568497199506 -4.352081834171933 -1.028548733850328
879 10548 0 0 0 -3.6930313153821714 -1.5608473055525576 -0.36088873939023713 -1.9407251565500514 0.12939019699537616 0.04830205321187134 0.3039454150246866 3.6587409157250357 4.13652221990728 4.25932432917194 9.083979097491115 -9.437845080618144 4.548911846652836 -3.5660602737357054 -2.474917088775097 0.5158569325345815 -4.352082645261405 -1.0285492885125125
880 10560 0 0 0 -3.6930312528321334 -1.5608473213870107 -0.3608887150438587 -1.9407251680693163 0.12939019564575943 0.04830205525981142 0.30394538554550626 3.6587403604350985 4.136522212142605 4.259325055739855 9.08397920907203 -9.437845099215224 4.548912003229993 -3.5660601031185264 -2.474917278542628 0.5158570831022413 -4.352082715724145 -1.0285493858477959
881 10572 0 0 0 -3.693031208676593 -1.5608474124264864 -0.3608885476199966 -1.9407253005627105 0.1293902353845383 0.04830271351453549 0.3039458374834442 3.658739739553291 4.136521873763445 4.25932546995961 9.083979275108236 -9.437845339698445 4.548911732353453 -3.566059814133753 -2.474918418812069 0.5158572816807273 -4.352083328511266 -1.0285500285845275
882 10584 0 0 0 -3.6930312085099914 -1.5608474251097495 -0.3608885307158926 -1.940725309121585 0.12939023427731133 0.04830276957646226 0.30394588675326123 3.6587394248673117 4.1365216072252515 4.259325323296369 9.083979909117634 -9.437845962969048 4.54891217428767 -3.5660596320967266 -2.4749180778236353 0.51585745526164 -4.35208363499991 -1.0285504507428056
883 10596 0 0 0 -3.6930311968862495 -1.5608474714291356 -0.36088844271751835 -1.940725375203629 0.12939025882478442 0.04830313978317719 0.30394615762132465 3.6587391839653205 4.136521273069733 4.259325477314643 9.083979278072709 -9.437845599582399 4.548911664029475 -3.5660592738149917 -2.4749185610515276 0.5158572207651105 -4.352084121547275 -1.0285502844168681
884 10608 0 0 0 -3.6930310993504096 -1.5608475078050663 -0.3608883906053394 -1.9407253468841597 0.12939026788563726 0.04830319974979727 0.3039462193733977 3.658738824062033 4.1365212935688325 4.259325444484972 9.083978799754256 -9.43784578142225 4.548911579181671 -3.5660596549126304 -2.474918900889762 0.5158571996691557 -4.35208442707232 -1.0285508447670255
885 10620 0 0 0 -3.693031066439685 -1.560847470946848 -0.3608884637756869 -1.9407252784147717 0.12939024108297106 0.04830285075657085 0.3039459221764013 3.6587385919055087 4.136521528466584 4.259325618165977 9.083978476741645 -9.437845869337691 4.548911320663567 -3.566058767816135 -2.474917918726328 0.5158573993296465 -4.352084705117298 -1.028550592657539
886 10632 0 0 0 -3.6930310504816584 -1.5608475065681282 -0.3608883885202794 -1.9407253384553713 0.12939026370805926 0.04830311911823388 0.30394608859663663 3.6587385232154084 4.136521193799961 4.259325721440402 9.083978386969388 -9.437846122133685 4.548911537253756 -3.5660589281911554 -2.4749181672471576 0.5158575450030062 -4.352084545136893 -1.0285508875645961
887 10644 0 0 0 -3.693031077177673 -1.5608475737087657 -0.3608882526643563 -1.940725446196177 0.1293903068318784 0.04830363862204112 0.30394648529127427 3.658737986365718 4.136521141762558 4.259325560488062 9.083978221694117 -9.437846422435548 4.548911053974198 -3.5660586568056245 -2.474918894603171 0.5158579511972958 -4.352085733260721 -1.028551584624163
888 10656 0 0 0 -3.693031169059881 -1.5608475431174753 -0.36088831419403017 -1.940725409925184 0.12939028890903748 0.048303543639347746 0.3039464549550485 3.658738302144917 4.136521045610237 4.259325363515555 9.083978891428208 -9.43784669330444 4.548911353822278 -3.566058215538264 -2.4749186494918587 0.5158577341979605 -4.352085635414077 -1.0285519498259899
889 10668 0 0 0 -3.6930312504539655 -1.5608474980353932 -0.36088838597186984 -1.9407253871777268 0.12939027365861902 0.048303349674599316 0.30394631287963597 3.658738575852299 4.136521240072781 4.259325640953344 9.083979392415747 -9.437847155315566 4.548912166739795 -3.56605822032172 -2.4749187094924583 0.5158577967345647 -4.352084655174967 -1.0285523908064456
890 10680 0 0 0 -3.693031278209759 -1.5608475320286264 -0.36088831275166694 -1.9407255055383517 0.12939029662204715 0.048303707798779745 0.3039465204356853 3.6587379989460147 4.136521126863372 4.259326351362171 9.083978953067309 -9.437846895755312 4.548912031134664 -3.5660586209195584 -2.474919876702842 0.5158579216311359 -4.352085250690836 -1.0285529318610778
891 10692 0 0 0 -3.6930312836134176 -1.5608474849365692 -0.36088841925586423 -1.9407253678886016 0.12939025963250012 0.0483032919463656 0.30394626688187387 3.658738212316304 4.136521151650542 4.259326677093012 9.083979111965373 -9.437846578459036 4.548911965047967 -3.566058150555171 -2.474919724459098 0.5158576476031221 -4.3520852393832214 -1.0285526667725888
892 10704 0 0 0 -3.6930312884136836 -1.5608475303922427 -0.36088832597957793 -1.9407254351783796 0.12939029019810058 0.04830364597992223 0.3039465127048903 3.6587377431376638 4.13652127181781 4.259326873036528 9.083978405650797 -9.437846771178254 4.548911988073594 -3.566058448600366 -2.4749205841147095 0.5158578028541455 -4.352086115057813 -1.0285529671362899
893 10716 0 0 0 -3.693031319154106 -1.5608475591307058 -0.36088825761149557 -1.9407254898740212 0.12939031560443431 0.04830387471328884 0.3039466938115714 3.65873752913319 4.136521546749778 4.259325682681365 9.083978094363644 -9.437846687488229 4.548911592556041 -3.566057449508145 -2.4749193519621326 0.5158578676399164 -4.352086406689689 -1.0285526886403649
894 10728 0 0 0 -3.6930313482513863 -1.5608475793019967 -0.36088822790919756 -1.9407255042644536 0.12939031908422924 0.04830402608192441 0.3039468280819677 3.658737043626476 4.1365213860558505 4.259325758078354 9.083977777678621 -9.437846699918149 4.548911369225303 -3.566056555853452 -2.474919304212217 0.5158576456761426 -4.352087013332227 -1.0285528007152118
895 10740 0 0 0 -3.6930312341786142 -1.560847611888415 -0.36088816944456853 -1.9407255300156896 0.12939033440702477 0.04830411763533944 0.30394687269750664 3.658737197798323 4.136521264690138 4.259325106468124 9.083977999541966 -9.437846836854714 4.548911091622104 -3.5660568723321244 -2.4749189112856316 0.5158579367834196 -4.352087345584335 -1.0285527280801843
896 10752 0 0 0 -3.693031226874985 -1.5608476763980463 -0.36088804028178006 -1.940725624484444 0.12939037188684852 0.04830460556307578 0.30394721225483523 3.6587364356392587 4.136521436010553 4.259325758351892 9.083977791505237 -9.437847717101603 4.548911258828667 -3.566057420661513 -2.474919609446831 0.515858605806676 -4.352087463000715 -1.0285533830865212
897 10764 0 0 0 -3.693031208068973 -1.5608477443090867 -0.3608879026524549 -1.940725726439617 0.129390413279897 0.04830511070646655 0.30394757636066183 3.658735967866309 4.136521503314255 4.259326029279768 9.083977140312273 -9.437847426797893 4.548910443797374 -3.5660570825777187 -2.4749197911997185 0.5158588711964515 -4.352088485853903 -1.0285536515652287
898 10776 0 0 0 -3.693031329956669 -1.560847877645685 -0.3608876343309879 -1.9407259381603887 0.1293904945895086 0.04830630508392185 0.30394850508491894 3.6587348793427 4.136521278865308 4.259326503133061 9.08397613127376 -9.437847380230755 4.548909737464585 -3.5660573197671175 -2.47492122715526 0.5158590778207355 -4.352089147430796 -1.0285544193241536
899 10788 0 0 0 -3.6930312906173177 -1.560847761232561 -0.36088786431639625 -1.940725779047849 0.12939042750690088 0.04830539839072729 0.30394780415734596 3.6587357250382935 4.136521284384599 4.2593260900011725 9.083977368163445 -9.43784774593123 4.54891036221876 -3.5660573237884083 -2.474919914974705 0.5158591110646461 -4.3520885887444205 -1.0285540715397945
900 10800 0 0 0 -3.6930311209926434 -1.5608478052812358 -0.36088779281487454 -1.9407258176919213 0.12939043648472764 0.04830552391740819 0.3039478099759403 3.6587351537300705 4.13652126376851 4.259326924068451 9.083977745383537 -9.437848506585434 4.548911056656627 -3.566057424474379 -2.474921000626158 0.5158590196694965 -4.3520884109493565 -1.028555078600673
901 10812 0 0 0 -3.6930312219679324 -1.5608478328344293 -0.36088772572820293 -1.9407259182746117 0.12939046081374406 0.048305883774541175 0.303948071965701 3.6587347781525152 4.136520966900613 4.2593275939941275 9.083977651849915 -9.437848195364074 4.5489110100422145 -3.5660575766599063 -2.474921855260093 0.5158590867030841 -4.352088443322892 -1.0285551868132883
902 10824 0 0 0 -3.6930312723956753 -1.5608478877801972 -0.360887615930799 -1.9407259643240553 0.1293904966455517 0.04830630925016474 0.30394845152805744 3.6587343924287112 4.136521161873522 4.259327529731019 9.083976780832447 -9.437847984352867 4.548910356969853 -3.5660576069646317 -2.4749221638842873 0.5158590180194318 -4.352088924602045 -1.0285554845780351
903 10836 0 0 0 -3.693031182365258 -1.560847935201419 -0.3608875357624915 -1.9407259846050648 0.12939051003583654 0.048306508148468826 0.303948569532894 3.6587338121815645 4.136520953859587 4.259327626746593 9.083976586628852 -9.437848139173463 4.54891019222559 -3.5660573204250046 -2.4749223434219347 0.5158588111437555 -4.352089364669099 -1.0285560516896994
904 10848 0 0 0 -3.693031221969363 -1.5608480261345163 -0.3608873584735832 -1.9407260945160334 0.12939056052716005 0.04830720362060283 0.30394911297226396 3.6587329904617416 4.136521076012723 4.2593284243852825 9.083975323532965 -9.437848021050181 4.548909807997732 -3.566057678674364 -2.474923878295515 0.515858642905687 -4.35209006583296 -1.0285569053926436
905 10860 0 0 0 -3.6930311679572103 -1.560848124414438 -0.3608871617197946 -1.940726274309701 0.129390618765308 0.0483079297853314 0.30394958612099526 3.6587322665583857 4.136520963212289 4.259329346135048 9.083974713154817 -9.437847813029553 4.548909442743553 -3.5660582898360706 -2.474925586173165 0.5158587192836477 -4.352090455458041 -1.028557473644281
906 10872 0 0 0 -3.693031175594299 -1.5608481077431597 -0.3608871955967844 -1.9407262686598699 0.12939060455274431 0.048307817645009014 0.3039494795623788 3.658732208929539 4.13652057052777 4.259329437282887 9.083975375108821 -9.43784804765115 4.54890979835435 -3.5660585581928963 -2.4749256379798266 0.515858933274372 -4.352090376746559 -1.0285575674723373
907 10884 0 0 0 -3.6930311918703795 -1.5608481567358428 -0.3608870989272031 -1.9407263395327783 0.12939063483941685 0.048308181827184965 0.30394976017077335 3.6587317052098816 4.136520709502172 4.2593295546146415 9.083975366445747 -9.437848807629521 4.548910076263881 -3.56605924669609 -2.4749260142658525 0.5158592186295887 -4.352090447418117 -1.0285582349558415
908 10896 0 0 0 -3.6930312235073464 -1.5608481684874593 -0.36088707652544655 -1.9407263635995884 0.12939063816091212 0.04830830685984923 0.30394983920422003 3.658731271106162 4.136520365796607 4.259329630292935 9.083975354591724 -9.437849242541168 4.54891034548003 -3.5660591533638213 -2.4749261983756643 0.5158593590750513 -4.3520907311037655 -1.028558622740487
909 10908 0 0 0 -3.6930312407935655 -1.560848144781526 -0.3608871261684631 -1.9407263331704827 0.12939062081424585 0.048308142996578395 0.30394971097250645 3.6587310207482258 4.136520268841287 4.259329842075168 9.083975731758587 -9.43784967425106 4.548910818772632 -3.5660593936317917 -2.4749264013019294 0.5158596398358608 -4.352090756658893 -1.02855887784441
910 10920 0 0 0 -3.6930312581843623 -1.5608481488308206 -0.3608871161480584 -1.9407263705224653 0.12939062186630898 0.04830823133370833 0.303949752060732 3.6587306576138277 4.136520360466662 4.259330049597248 9.083976327546806 -9.43785034112852 4.548911001471264 -3.5660581451985784 -2.4749264694573525 0.5158600512712272 -4.352091096464646 -1.0285597427549926
911 10932 0 0 0 -3.6930311927503627 -1.5608480635462545 -0.3608872907155916 -1.9407262029629595 0.12939056764087334 0.04830743960883126 0.3039491612752895 3.6587312379859624 4.136520709959332 4.259329455720296 9.083976586114819 -9.437850579236086 4.548911437737416 -3.5660581339417865 -2.474925449691205 0.5158598975004922 -4.352090879271486 -1.028559598880177
912 10944 0 0 0 -3.6930312142186694 -1.5608480450201758 -0.3608873156212985 -1.9407261849436512 0.1293905695605696 0.048307302148956496 0.30394906124379933 3.6587312187973007 4.1365210887360195 4.2593294656444005 9.08397661808064 -9.437850885710466 4.5489116410945485 -3.5660576265973214 -2.4749249529035686 0.5158601032635249 -4.352090765919122 -1.0285597594291582
913 10956 0 0 0 -3.6930310453791595 -1.5608481089124167 -0.36088721003296176 -1.9407262447565305 0.12939058152489535 0.048307559560106544 0.30394916489448515 3.65873042067328 4.13652137532866 4.259329356026116 9.083976595607915 -9.437851495321368 4.548912008835893 -3.566057392934795 -2.474924481807376 0.5158602710021506 -4.3520910469799 -1.028559959398719
914 10968 0 0 0 -3.693031160968517 -1.5608480921536223 -0.36088723305174863 -1.9407262089462867 0.12939058665236533 0.04830755947335938 0.30394925592786737 3.6587309661537146 4.13652107991756 4.259329162793667 9.083976613061528 -9.437850822146665 4.548911401246882 -3.56605689674423 -2.4749241789608383 0.5158600563061113 -4.352091196756808 -1.0285596510219766
915 10980 0 0 0 -3.6930311412369368 -1.5608480799621047 -0.36088726809982635 -1.940726171763837 0.12939056742669125 0.04830742100485019 0.30394914470560097 3.6587309497491227 4.13652107255336 4.259329421979663 9.083976428717712 -9.43785040600186 4.548911327136324 -3.5660572194930786 -2.4749243509931906 0.5158597692097875 -4.3520909737460105 -1.0285590437316983
916 10992 0 0 0 -3.693031168369484 -1.5608481110106007 -0.36088720607222025 -1.9407262418225315 0.12939058440842344 0.04830772580954096 0.3039493645924812 3.658730579116388 4.136521309967518 4.259329767586189 9.083976366114783 -9.437850768824864 4.548911416155107 -3.5660569983247834 -2.474924765327804 0.5158599458324599 -4.352091308090508 -1.0285597300357336
917 11004 0 0 0 -3.6930311008620254 -1.5608481543289745 -0.36088712094950953 -1.9407263159545027 0.12939060891965123 0.04830796286939893 0.3039494908789563 3.65873026890102 4.136521236638421 4.259330444911061 9.08397643884314 -9.43785116081987 4.548911685829451 -3.5660580383554623 -2.4749262263731895 0.5158602245374652 -4.352091430517375 -1.0285608778222044
918 11016 0 0 0 -3.6930310333329786 -1.5608480703629608 -0.3608872912605536 -1.9407261975568555 0.1293905519768498 0.048307253521997356 0.30394892171845833 3.6587309829937116 4.136521108634723 4.259330713094361 9.08397745771565 -9.437851635247574 4.548912300740714 -3.5660581074523177 -2.4749260218270117 0.5158602236283332 -4.352090951985019 -1.0285614198451132
919 11028 0 0 0 -3.69303106595516 -1.5608481265138758 -0.3608871784688794 -1.940726270553763 0.12939058704153317 0.04830773000376262 0.30394930072953497 3.65873055562523 4.136521340949388 4.259331418926501 9.08397668896108 -9.437851597305338 4.548911991216521 -3.566058227692471 -2.474927301499585 0.5158603502809022 -4.352091319107835 -1.0285618151078955
920 11040 0 0 0 -3.693031081792171 -1.5608481444450613 -0.36088714104361674 -1.9407263195500628 0.12939059904592864 0.04830791822456974 0.3039494369548601 3.658730600054323 4.136521281205363 4.259331463623126 9.083976592247764 -9.437851191638115 4.548911480051444 -3.5660584708932266 -2.4749273337903697 0.5158604638379715 -4.352091125668473 -1.0285615029591486
921 11052 0 0 0 -3.6930311162925835 -1.5608481804237058 -0.3608870725555878 -1.940726368191962 0.12939061879735878 0.04830821092902096 0.3039496572836628 3.6587300093020994 4.136521162067358 4.259332195844489 9.08397657100553 -9.437851584439908 4.548911705850547 -3.566058529633982 -2.4749279734579197 0.515860585179583 -4.352091229052755 -1.0285621360177324
922 11064 0 0 0 -3.693031111146197 -1.5608482138354536 -0.3608870031474853 -1.9407264440717789 0.1293906384404111 0.04830846418259757 0.30394981700870793 3.65872956249186 4.136521195648256 4.259332563417683 9.083976404746418 -9.43785198443895 4.5489121090905735 -3.5660588774735533 -2.474928693772502 0.5158606250222749 -4.352091224467213 -1.0285626136666999
923 11076 0 0 0 -3.6930311355488503 -1.5608482499975596 -0.3608869264110666 -1.940726498654569 0.129390665481561 0.04830874344632574 0.30395003687783634 3.658729167211927 4.13652131622011 4.259333080585957 9.083976065316627 -9.437852250279647 4.548911940853632 -3.566058868502042 -2.4749294419379666 0.515860679032532 -4.352091659017181 -1.028563420602969
924 11088 0 0 0 -3.6930311458864553 -1.560848306489782 -0.36088681486141766 -1.9407265908185438 0.12939069587415114 0.048309184348258156 0.3039503395410145 3.65872830153664 4.136521307508577 4.2593336976810034 9.08397566600898 -9.437852789510586 4.548912286140931 -3.5660590201674625 -2.4749304557857985 0.5158609956087465 -4.352091983149275 -1.0285642561866972
925 11100 0 0 0 -3.693031214026013 -1.5608483704256362 -0.3608866746190635 -1.9407267297166526 0.12939075022579627 0.04830977751340345 0.30395079470208675 3.65872780589273 4.136521061401598 4.25933446778506 9.083975137959664 -9.437852607244618 4.548912121898164 -3.5660595938563433 -2.474932069123526 0.5158608444397423 -4.352092177221861 -1.0285646826444377
926 11112 0 0 0 -3.6930311614996283 -1.5608484647901513 -0.36088649867438793 -1.9407268445286137 0.12939079424848415 0.048310407029551077 0.3039512386967871 3.658727015872665 4.136520998634148 4.25933452551085 9.083975034389601 -9.437852948329953 4.5489120060837545 -3.5660595709140885 -2.474932779329959 0.5158611724502702 -4.352092817460447 -1.028565504085806
927 11124 0 0 0 -3.693031093508371 -1.5608484262699431 -0.3608865852571476 -1.9407267397803492 0.129390761778012 0.04831001782638827 0.3039509562201743 3.658727603228421 4.136521127126729 4.259333741142223 9.083974865530841 -9.437852467470401 4.548911689146153 -3.566059431282046 -2.474931900569418 0.5158608272489816 -4.352092692583296 -1.0285648022408183
928 11136 0 0 0 -3.6930310259270533 -1.560848509570281 -0.3608864322959192 -1.9407268449099233 0.12939079538360593 0.04831054777748721 0.30395131101015244 3.658726770482546 4.136520933968825 4.259333970953249 9.083974574942335 -9.437852747167556 4.548911833772229 -3.5660600247729253 -2.4749326202722886 0.5158609803386734 -4.352092844966556 -1.0285650727749738
929 11148 0 0 0 -3.6930311399013167 -1.5608485419512725 -0.360886358939939 -1.9407269197783998 0.12939082318271158 0.04831093727790455 0.303951630494917 3.6587263380188544 4.136520782414787 4.259333996928887 9.083974037305357 -9.437852718813069 4.548911834136414 -3.5660600248886305 -2.4749333784583003 0.5158608833873723 -4.352093180673442 -1.0285650461471383
930 11160 0 0 0 -3.693031072853999 -1.5608486024031973 -0.3608862510973227 -1.9407269851497646 0.12939084492447603 0.04831129254643599 0.3039518496883759 3.658725504337438 4.136520645350258 4.259334510716795 9.08397406264988 -9.437853576628367 4.548912245666929 -3.5660599745026205 -2.474934092676796 0.5158612084891324 -4.352093658789708 -1.0285661810762632
931 11172 0 0 0 -3.693031179432637 -1.5608485770109417 -0.3608862979312244 -1.9407269416317912 0.12939083669893567 0.04831123181498044 0.3039518832497049 3.6587260216887314 4.136520595254022 4.259333750143464 9.083973724612628 -9.4378530378954 4.548911850631526 -3.5660599572489837 -2.474933548699865 0.5158610968314863 -4.3520937188299635 -1.0285655041863493
932 11184 0 0 0 -3.693031069448541 -1.5608486706625728 -0.36088612701201084 -1.9407270578425693 0.1293908728501362 0.04831177653634575 0.3039522102023283 3.658724743437742 4.136520333541869 4.259334499821905 9.083974224880068 -9.437854297531569 4.548912384395892 -3.5660597139203887 -2.4749343064664675 0.5158616805657201 -4.352094194884561 -1.0285671417326547
933 11196 0 0 0 -3.693031148849741 -1.560848731998857 -0.36088600269050686 -1.94072714816183 0.1293909141296235 0.048312350737941594 0.30395267894668254 3.6587242368953885 4.136520189437257 4.259335050646843 9.083973841396196 -9.437854386251974 4.548912135429373 -3.56605976834829 -2.4749349475982907 0.51586189127895 -4.352094260265519 -1.0285674835376104
934 11208 0 0 0 -3.693031101168234 -1.5608487551118742 -0.36088595636341014 -1.9407271918464926 0.12939092629350696 0.04831245506603496 0.30395270320746853 3.6587236620101162 4.136519817768802 4.25933503974117 9.083973929370218 -9.437854918826067 4.548912430988576 -3.566059167188619 -2.4749352613859537 0.5158621046339471 -4.3520952062646465 -1.02856825481271
935 11220 0 0 0 -3.6930310409275435 -1.5608488682547403 -0.3608857342487959 -1.9407273922809678 0.1293909864932933 0.04831326592288412 0.30395322046064394 3.6587221345232557 4.136519640262002 4.259335269673358 9.083973376635317 -9.437855446682835 4.548912564535251 -3.5660592232841024 -2.474936190960385 0.5158625366289069 -4.352096047978561 -1.0285691819594414
936 11232 0 0 0 -3.693031071787416 -1.5608488752751086 -0.36088572656027856 -1.9407273881557083 0.12939098538730284 0.04831331796313457 0.3039532900520373 3.6587219488118317 4.136519872542398 4.259335935088221 9.083973353466337 -9.437855794778464 4.548913002517237 -3.5660596175919244 -2.4749369373937893 0.5158625788657456 -4.352095876456848 -1.0285695031516116
937 11244 0 0 0 -3.693030993058643 -1.56084900738544 -0.3608854694913037 -1.9407275944030775 0.12939105525420105 0.04831426004152726 0.30395392342015215 3.6587208402191767 4.136519768799382 4.259337428584393 9.08397256775332 -9.437855887395553 4.548912594378505 -3.566059813694414 -2.47493885777107 0.5158627498245415 -4.352096462153064 -1.0285704913396114
938 11256 0 0 0 -3.693031056193652 -1.5608490050408526 -0.3608854658301475 -1.9407276318156916 0.1293910635112003 0.0483143802646298 0.3039540169125923 3.658720928996166 4.136519936915128 4.259337688901947 9.083972563514676 -9.43785555582867 4.548911956788947 -3.5660595111920803 -2.4749383098094584 0.5158628333579806 -4.35209615016561 -1.0285698229647613
939 11268 0 0 0 -3.693031083781726 -1.5608489485647883 -0.3608855729907381 -1.9407275423635775 0.1293910393466431 0.048313980428230666 0.3039537667266891 3.6587218526980347 4.136520005259642 4.2593369629268905 9.083972368912075 -9.437854548436617 4.548911400139107 -3.566059712227483 -2.474937170848496 0.5158624447578384 -4.352095564239473 -1.028568476798752
940 11280 0 0 0 -3.6930310947878873 -1.560848991764216 -0.36088548212479066 -1.9407276064042382 0.1293910695073534 0.048314349876821525 0.3039540539967673 3.658721906499692 4.136519731439869 4.25933640710965 9.083971906007966 -9.43785416105745 4.548910682455719 -3.5660595095228267 -2.474936948115121 0.5158625540441506 -4.35209604771705 -1.0285679315953158
941 11292 0 0 0 -3.6930311268363982 -1.5608491475874378 -0.36088517372246137 -1.9407278609879923 0.129391159850261 0.048315557021755204 0.3039549244015398 3.6587203001576776 4.136519355186627 4.259337755403312 9.08397086222617 -9.437854546652526 4.54891059408017 -3.5660598233092555 -2.4749392333334868 0.515862642008464 -4.352096945723716 -1.0285692666964545
942 11304 0 0 0 -3.693031199547289 -1.5608490942901725 -0.3608852783721455 -1.9407277717840696 0.12939113003265282 0.048315240948354474 0.3039547500252191 3.6587209672678287 4.13651929356523 4.259337125487032 9.083970846861776 -9.437853954466853 4.548909935532853 -3.5660589739321398 -2.4749380656823643 0.5158625186669423 -4.352096863009405 -1.028568353863098
943 11316 0 0 0 -3.6930312557628326 -1.5608490899361274 -0.3608852875686545 -1.9407277597615553 0.12939112778929032 0.048315228889600534 0.30395477158815815 3.658720465280576 4.136519699163489 4.2593371300846075 9.083969859607883 -9.437853581364754 4.548910069942125 -3.566059032123908 -2.4749381859252413 0.5158621773325857 -4.352096706471051 -1.0285678843197787
944 11328 0 0 0 -3.693031351473188 -1.5608490005537354 -0.3608854598074704 -1.9407276198980996 0.12939108103008182 0.04831463859929287 0.303954391755478 3.658721095567974 4.136519535052554 4.2593364376669 9.08397042504546 -9.437853157076532 4.548910085145272 -3.5660583735560705 -2.474936654177174 0.5158619929133293 -4.352096507281566 -1.028566955144063
945 11340 0 0 0 -3.6930312932413196 -1.5608490958990773 -0.3608852719666815 -1.940727786388652 0.12939113306117342 0.04831533972905997 0.30395483762370473 3.6587200488233282 4.136519327872359 4.259336486580164 9.083969716998277 -9.437852979968735 4.548909627000269 -3.5660582334589366 -2.474936820764774 0.5158622667956386 -4.352097094635707 -1.0285666146250598
946 11352 0 0 0 -3.69303127018087 -1.5608491987981379 -0.3608850837986307 -1.9407279016156775 0.12939118107878778 0.04831603780720687 0.30395535997697076 3.6587191687892515 4.136518916687852 4.259337663093817 9.083969811611531 -9.437853555354739 4.548909473870287 -3.5660584474202532 -2.4749382689047144 0.5158627627006349 -4.3520979164705595 -1.0285675744415157
947 11364 0 0 0 -3.693031248283806 -1.5608492817336688 -0.3608849178932275 -1.9407280338969728 0.1293912270164716 0.04831664754944454 0.303955782810427 3.6587186169822012 4.136519160164212 4.259338564229088 9.083969087957746 -9.437853288329443 4.548908991408802 -3.566059211621424 -2.4749395858584387 0.5158627248682829 -4.352097867287426 -1.0285679613075658
948 11376 0 0 0 -3.6930312793981783 -1.5608493882630907 -0.36088470718654625 -1.9407282115563227 0.12939129263161997 0.04831749530998587 0.3039564168308407 3.658717757425036 4.136518826015085 4.259339068932642 9.083968514105985 -9.437853543274933 4.548908905729636 -3.5660597764266213 -2.4749414604601845 0.5158628962470331 -4.352098622827419 -1.028569011121752
949 11388 0 0 0 -3.693031233687016 -1.5608494354965827 -0.36088462376019664 -1.9407282745546903 0.12939130828864212 0.04831780683273921 0.30395662049657113 3.6587172431353165 4.136518469389688 4.259339205337202 9.083968485381803 -9.43785397075773 4.548909336410153 -3.566060757834347 -2.474941756429794 0.5158629357762424 -4.352098099031495 -1.0285692869719822
950 11400 0 0 0 -3.693031231705224 -1.560849411189634 -0.36088467157026577 -1.9407282476999288 0.12939129541492184 0.04831763068545846 0.30395648081002075 3.6587173136103184 4.13651843812851 4.259339554583895 9.083968283751407 -9.437853682296655 4.5489092304649015 -3.5660610550889134 -2.474942247411036 0.51586285513905 -4.352098042760937 -1.028569431395335
951 11412 0 0 0 -3.693031214587679 -1.5608495397774955 -0.3608844199685175 -1.940728448240297 0.12939136524509104 0.04831860380506552 0.3039571513231753 3.6587160108592824 4.13651775799696 4.259339891527646 9.08396772123106 -9.437853913395791 4.548909088990863 -3.5660616082468093 -2.474943187835047 0.5158632923421654 -4.352098618095145 -1.0285698493440443
952 11424 0 0 0 -3.6930312805166143 -1.5608495446133641 -0.36088440399004956 -1.9407284595895806 0.12939137421002808 0.048318683961091145 0.3039572473738852 3.658715894269493 4.136517437298091 4.259340480590451 9.083967123973919 -9.437853336962462 4.54890861814671 -3.566061422766626 -2.474943864118008 0.5158629877420134 -4.352099094969744 -1.0285699157293826
953 11436 0 0 0 -3.69303117009156 -1.5608495120950308 -0.3608844784247265 -1.9407283665655082 0.12939134418855117 0.04831829859782708 0.30395695226282743 3.6587165480337696 4.136517554273356 4.259340445703505 9.083967971075387 -9.437853581568872 4.548909044484673 -3.566061691741155 -2.4749436782403857 0.5158630082662485 -4.352098713549487 -1.028570294217208
954 11448 0 0 0 -3.693031081131655 -1.5608496356349408 -0.3608842443457638 -1.9407285343655936 0.12939140259083287 0.048319079673121594 0.30395746234665527 3.658715012688052 4.1365172034191415 4.259341300301687 9.083967595902417 -9.437854115484662 4.548908717220561 -3.56606126921927 -2.4749445733711664 0.5158635811008647 -4.35210007344239 -1.028571324270591
955 11460 0 0 0 -3.6930311504783058 -1.56084975648444 -0.36088400050424685 -1.940728748895692 0.12939147459704317 0.0483201023802684 0.3039581978884017 3.658713400674383 4.136516784285886 4.2593425256345565 9.083966848714972 -9.43785440487214 4.548908707854029 -3.5660617557464196 -2.4749464067886175 0.5158638675343024 -4.352100569580008 -1.0285724644388607
956 11472 0 0 0 -3.693031164853191 -1.560849983033139 -0.36088355806634886 -1.9407290740758663 0.129391599892799 0.048321795028418026 0.30395943112124135 3.658711211480291 4.136516685561874 4.25934405427956 9.083965272088593 -9.437855111384748 4.548908398509211 -3.566063094822569 -2.474949197522076 0.5158641724217613 -4.352101440816246 -1.0285741600906673
957 11484 0 0 0 -3.6930311543022953 -1.5608499162556455 -0.3608836904615723 -1.940728965280794 0.1293915619699232 0.04832127220658613 0.3039590568391298 3.658711978955759 4.136516623757913 4.2593427325610005 9.08396490856967 -9.437853998680174 4.548908227565545 -3.5660634837793377 -2.4749479408589012 0.5158636832492228 -4.352101101862247 -1.0285727214461533
958 11496 0 0 0 -3.693031160352941 -1.5608499811686747 -0.36088356343068423 -1.9407290682241602 0.1293915964675753 0.04832178823249641 0.303959426381114 3.6587112918814833 4.136516280567757 4.25934296064331 9.083964308679974 -9.437854045606336 4.548907970812987 -3.5660634203305044 -2.4749485972189937 0.5158640063351921 -4.35210172229094 -1.028573130642251
959 11508 0 0 0 -3.693031109418897 -1.5608501630140201 -0.3608832126269021 -1.9407293549509275 0.12939168608915635 0.04832311618819117 0.3039603217691558 3.6587091282674873 4.136515751295524 4.259343924761344 9.083963400488772 -9.437854436592687 4.548907703206218 -3.5660632995587696 -2.4749501478117883 0.5158643742838542 -4.352102884447306 -1.028574237408315
960 11520 0 0 0 -3.69303113214779 -1.560850333362985 -0.3608828920451741 -1.9407295481436695 0.1293917698595062 0.048324341357030294 0.30396126029621373 3.658707279982337 4.136515765098969 4.259345089872308 9.083962158412744 -9.437855068447035 4.548907699411377 -3.566063492947592 -2.474951722409683 0.5158643622284643 -4.352103307209012 -1.0285759003232626
961 11532 0 0 0 -3.6930311090953216 -1.5608504844608364 -0.36088260468260164 -1.940729774536951 0.12939184345341512 0.04832543526720569 0.3039620113334083 3.658705293078586 4.13651510157216 4.259346464976248 9.083960890992968 -9.437855174027485 4.548907536417207 -3.566063718950993 -2.474954068372562 0.515864545895822 -4.352104932889261 -1.0285769284800281
962 11544 0 0 0 -3.6930311316515443 -1.5608505923326512 -0.360882395799391 -1.940729946392424 0.12939189764950593 0.048326280527074494 0.3039625880213667 3.658703789673151 4.136514789761398 4.2593477602491925 9.083960506445278 -9.437855550004436 4.548907509723404 -3.56606351817983 -2.474955462014457 0.5158651248907614 -4.352105458974438 -1.0285776938164124
963 11556 0 0 0 -3.6930311493987564 -1.5608506937152502 -0.3608821969962406 -1.9407301199098943 0.12939195221861308 0.04832704914375152 0.30396310851380326 3.6587021412409175 4.136514435856872 4.259348386142281 9.083959992231964 -9.437855895541778 4.548907574810361 -3.566062656411585 -2.4749560092739036 0.51586563171977 -4.352106607455349 -1.0285780475607968
964 11568 0 0 0 -3.6930309919413546 -1.560850997316621 -0.3608816216189859 -1.9407305084129067 0.12939210011146043 0.0483290876782365 0.3039645469538916 3.658699069575367 4.136514126228316 4.259349962755064 9.08395882817477 -9.437857141235286 4.548906994187313 -3.5660632220740016 -2.474958610026497 0.5158665924299094 -4.352108417572733 -1.0285807430042253
965 11580 0 0 0 -3.6930309243639727 -1.5608510636228674 -0.36088150069662744 -1.9407305590233608 0.12939212833136804 0.04832943233207443 0.30396476927197685 3.658697970013226 4.136513997404974 4.259351151025606 9.083958405570925 -9.437857722483425 4.548907141413557 -3.566063033869873 -2.4749591000124096 0.5158671702538111 -4.352108708281113 -1.0285811975542454
966 11592 0 0 0 -3.693030814153035 -1.5608512694634264 -0.3608811174140841 -1.9407308059881405 0.12939222034076814 0.048330737155787354 0.30396565352523885 3.6586949665846467 4.136512987510172 4.259352764079254 9.08395703148785 -9.437858562695167 4.548907411893705 -3.566062408101489 -2.47496165487135 0.5158675898553683 -4.352110647652186 -1.028582734624681
967 11604 0 0 0 -3.693030721504109 -1.5608518856481048 -0.3608799460683079 -1.940731666120218 0.12939252355879682 0.04833523219244537 0.30396886429342423 3.6586887952531115 4.136511633607588 4.259357043142887 9.083953536267238 -9.437860297762482 4.548906509608559 -3.5660640809137982 -2.474969566382622 0.5158686777541304 -4.352114387168936 -1.0285871436988596
968 11616 0 0 0 -3.693030739748664 -1.5608519154360576 -0.3608798776902926 -1.9407317467441736 0.12939255561395074 0.048335519362397335 0.3039690641543795 3.6586883838129163 4.136512127559713 4.259357892563239 9.083954397430482 -9.437861677268268 4.548907302633778 -3.566064914610941 -2.474970611653481 0.5158689334939863 -4.352113764345595 -1.028589035592613
969 11628 0 0 0 -3.6930306954961147 -1.5608517866635716 -0.360880143461147 -1.9407315470207598 0.1293924680080834 0.04833453222874328 0.3039683222483482 3.6586899236549906 4.136512132566033 4.259358426238609 9.083955887091786 -9.4378614187685 4.548907812868624 -3.5660649957883868 -2.4749697802653503 0.5158686213675626 -4.352111783543536 -1.0285880509072678
970 11640 0 0 0 -3.6930308025154917 -1.5608523054639898 -0.3608791215958189 -1.9407323698940107 0.1293927531349231 0.048338549818308534 0.3039711911338004 3.6586832488201178 4.1365109787014225 4.25936265633767 9.083952879304661 -9.437863265554785 4.548907866020549 -3.5660646018884044 -2.4749759247026386 0.5158699174203816 -4.352114719305285 -1.0285928664655755
971 11652 0 0 0 -3.693030884170439 -1.560852425321774 -0.3608788837846588 -1.940732611928434 0.12939281473548317 0.04833954875440951 0.3039718585523671 3.658680741959287 4.136510225473011 4.259363343711212 9.083953080233268 -9.437865054515024 4.548909195669607 -3.5660643992315677 -2.474977112992294 0.5158710254845893 -4.352116259617355 -1.0285949237288952
972 11664 0 0 0 -3.693030827253691 -1.560853103608277 -0.36087758303343576 -1.940733576277532 0.12939316109477278 0.04834443980446979 0.30397533101204505 3.6586723951929176 4.136509194536757 4.259367996503283 9.083949171412206 -9.437868035344524 4.5489093456569325 -3.5660647244830077 -2.4749839714709836 0.5158726470799506 -4.352119914524274 -1.0286000088507108
973 11676 0 0 0 -3.693030904144395 -1.5608535398805545 -0.36087675776962486 -1.9407341955277158 0.12939337876583576 0.048347782945759706 0.30397779930835245 3.6586675878286745 4.136507267979312 4.259369800685052 9.083946231963173 -9.437868336983493 4.5489091837517135 -3.56606644620427 -2.4749885962590144 0.5158726883851031 -4.3521212604611845 -1.0286011619441893
974 11688 0 0 0 -3.6930307987547812 -1.5608542456265342 -0.36087541144892127 -1.9407351890821065 0.12939372112236655 0.048352878771910364 0.30398136571809825 3.6586591524066674 4.136505652004838 4.259375463129377 9.083943834511288 -9.437872860936768 4.548910050896524 -3.56606593475212 -2.474997292237749 0.5158750062483503 -4.352126306814004 -1.0286087839689275
975 11700 0 0 0 -3.69303086907047 -1.5608542856081136 -0.3608753114347884 -1.9407353078598946 0.12939376644058986 0.04835331106967095 0.3039817214400068 3.6586593707842723 4.136505442024476 4.259375503504609 9.083943544618236 -9.437871951254555 4.548908835112407 -3.5660641200612253 -2.4749980632827406 0.5158745172467286 -4.352127690849817 -1.028608437411529
976 11712 0 0 0 -3.693030893782679 -1.5608545315356768 -0.36087482574048363 -1.9407356562203137 0.12939391095957373 0.04835513228356566 0.3039830561380812 3.658657262595604 4.136505521134776 4.259377632127159 9.0839430009995 -9.437872994666217 4.54890793334205 -3.5660642734636943 -2.475001774611381 0.5158751684722305 -4.352130471131108 -1.028612349051927
977 11724 0 0 0 -3.693030729330716 -1.5608546437962867 -0.3608746302080574 -1.9407357621296863 0.12939395167586773 0.048355700241235415 0.30398339719646966 3.658655085126216 4.136503816298846 4.259378304515284 9.08394261700327 -9.437872959679833 4.548908119103209 -3.5660623107204286 -2.4750028912099507 0.5158753905467098 -4.352133505522763 -1.028612639958009
978 11736 0 0 0 -3.693030560038737 -1.560854733756803 -0.3608744724172146 -1.9407358512105504 0.12939398268492924 0.04835610390996207 0.3039836102319825 3.6586536086820867 4.136503760735863 4.259381970010234 9.083944532832092 -9.437875710212708 4.5489104724728735 -3.5660653365673496 -2.4750050294726056 0.5158766645132193 -4.352130248300783 -1.028615287377046
979 11748 0 0 0 -3.693030676251017 -1.5608553737463358 -0.3608732397323194 -1.9407368493721875 0.1293943060163385 0.04836097095274829 0.30398704075153926 3.6586445515463306 4.13650172358539 4.259387991120773 9.083941733809903 -9.437878697633458 4.548911294898867 -3.5660666656164812 -2.475012364288891 0.5158787498866747 -4.352133751678071 -1.028621056263776
980 11760 0 0 0 -3.6930307215477276 -1.560856205136039 -0.36087165761825757 -1.9407379647510936 0.1293947226722957 0.048367014099762115 0.30399142260795536 3.6586338142149475 4.136500701358932 4.25939779344531 9.083936124270572 -9.437882260045344 4.548911362784914 -3.566066906324524 -2.4750241008665483 0.5158803849319628 -4.352138266644954 -1.0286292572437175
981 11772 0 0 0 -3.6930305136364665 -1.5608569034351132 -0.360870335879512 -1.9407389533284938 0.12939504750092057 0.0483718887045082 0.3039947353165634 3.6586244248341644 4.13649963489491 4.25940230929225 9.083933983251555 -9.437888018873075 4.548912733225801 -3.56606547868922 -2.475030320215933 0.515883056578897 -4.352142961579947 -1.0286370626172956
982 11784 0 0 0 -3.6930300817782875 -1.5608585657054646 -0.36086711737887944 -1.9407413496018875 0.12939592420547502 0.04838368538941154 0.3040029959775284 3.658606512532762 4.1364964695093205 4.259419000699369 9.083925523507624 -9.437894170242826 4.54891132776756 -3.566069032538938 -2.4750550036301497 0.515887038267828 -4.352153551508069 -1.0286535771927738
983 11796 0 0 0 -3.6930303177328976 -1.5608592407223798 -0.3608658011778695 -1.9407423533354677 0.12939629625708704 0.04838879965638694 0.3040067356012257 3.658596030563081 4.136495086070898 4.259426535172283 9.083922868487207 -9.437899684343623 4.548914982863476 -3.56606955008416 -2.4750639724224337 0.515889079751657 -4.352156963583763 -1.0286610401201648
984 11808 0 0 0 -3.6930303125614623 -1.5608597147735792 -0.3608649218792404 -1.9407429680102815 0.12939650528007712 0.048392245221619404 0.3040092303498554 3.6585907636359205 4.136493804075652 4.2594315526044335 9.083922502357014 -9.437903398991525 4.548915483545316 -3.566068644938363 -2.475070760798637 0.5158906455236831 -4.35216068861123 -1.028668044793601
985 11820 0 0 0 -3.693029841487194 -1.5608607381593567 -0.3608629858858524 -1.9407443618812699 0.12939699207303051 0.04839902068920253 0.30401373946327725 3.6585761034409607 4.1364902758039035 4.259438871105994 9.08391818119197 -9.437909529305802 4.548917678003937 -3.5660699367285287 -2.4750809465293493 0.5158943521889369 -4.352168830951169 -1.0286776984973642
986 11832 0 0 0 -3.6930296274003407 -1.5608619866428852 -0.3608606289708305 -1.9407460983128306 0.12939758838635454 0.0484079760225452 0.30402002027924135 3.6585603776402777 4.13648858625539 4.2594490407101615 9.083911209094198 -9.437915351557088 4.54891988814515 -3.566070864667849 -2.475097289570213 0.5158958799985842 -4.3521761426716195 -1.0286886842332763
987 11844 0 0 0 -3.6930299567872895 -1.5608631544507108 -0.3608583376026259 -1.9407478700591705 0.12939823123721572 0.04841709889550583 0.304026717477077 3.658548005619602 4.136485574001512 4.259463627535464 9.083906284834969 -9.43792027374198 4.548918954815191 -3.5660727275972675 -2.4751164834763717 0.5158990766472165 -4.352182315972954 -1.0287016444497157
988 11856 0 0 0 -3.693029661213176 -1.560863502684581 -0.36085765682875676 -1.9407485650533298 0.12939838571025514 0.04841933125878457 0.30402781135751894 3.658539124991108 4.136483705825597 4.259468028721357 9.083906720499131 -9.43792515312545 4.548922175980748 -3.5660707807444276 -2.4751196068951846 0.5159014160656729 -4.352183841217459 -1.028707764495272
989 11868 0 0 0 -3.6930297501610077 -1.560865280481631 -0.3608542220015888 -1.9407511301052314 0.12939933253091498 0.04843259027205541 0.30403740825797265 3.6585187988031818 4.136479809135117 4.2594836962273455 9.08389761071659 -9.437930614634713 4.5489214927212025 -3.5660748613104354 -2.4751408174157095 0.515905146033464 -4.352192035601982 -1.0287192853279006
990 11880 0 0 0 -3.69302957744585 -1.560867141758802 -0.36085065665480603 -1.9407539378573733 0.12940026127887352 0.04844611389036131 0.30404680415948343 3.6584941507028437 4.136474498661616 4.259505713795526 9.083892528540405 -9.437943143832975 4.548926348694101 -3.566080638251741 -2.475167875613938 0.5159122623334857 -4.352199430799572 -1.028740968353921
991 11892 0 0 0 -3.6930291034645033 -1.5608684909781199 -0.3608481480035848 -1.9407556590171546 0.129400849009973 0.04845526193940972 0.30405316627761475 3.6584759297182745 4.136472308433066 4.259518323882658 9.083889308772095 -9.43795416916615 4.548927918067487 -3.566080600624552 -2.4751814732132225 0.5159178209883736 -4.352208366684622 -1.0287586150667938
992 11904 0 0 0 -3.6930294681155655 -1.5608709780342744 -0.360843331776038 -1.9407591712237768 0.12940217412821384 0.048474128720783924 0.3040669804082072 3.658449376477523 4.1364665863289956 4.259533280642829 9.08387420378362 -9.43795932728478 4.548922645904895 -3.566082883352884 -2.475209195499201 0.5159217442346862 -4.352225085591684 -1.0287772500943013
993 11916 0 0 0 -3.6930298552306318 -1.5608745984372159 -0.36083635580496287 -1.9407644046094554 0.1294040481599072 0.048501236244496704 0.30408648540936023 3.658404311713538 4.1364574690170715 4.259562426106103 9.083858621038257 -9.437978463386091 4.548925359550624 -3.566084517866821 -2.4752538607358012 0.5159321949314606 -4.35224844442172 -1.0288133089280864
994 11928 0 0 0 -3.693029728449703 -1.560875470008694 -0.3608347349491765 -1.9407656936772257 0.1294044063171564 0.048507541180978365 0.30409060229593154 3.6583890971109834 4.13645246290003 4.259566181054619 9.083856187662963 -9.437986734334277 4.54892891743385 -3.566081796153244 -2.4752584940752933 0.5159369405881347 -4.35225701511909 -1.0288227101551795
995 11940 0 0 0 -3.693029039413985 -1.5608803470044108 -0.36082535771665947 -1.940772722943779 0.12940689315641077 0.04854271495575183 0.30411529079772565 3.658328725299595 4.136442042489419 4.259603266557717 9.083832251127614 -9.438010479395546 4.54892939398626 -3.5660843468628713 -2.4753168183241723 0.5159517295950333 -4.352290156202578 -1.0288691702825232
996 11952 0 0 0 -3.69302918059549 -1.5608856833999993 -0.3608150755029981 -1.9407804678288203 0.12940962171515108 0.048582276123368295 0.3041432978300325 3.6582604928267237 4.136427818938092 4.259650286168846 9.083806393871757 -9.438036692735453 4.548931298863774 -3.566085743184463 -2.4753821004093144 0.5159670505661866 -4.352324552945431 -1.0289226572911152
997 11964 0 0 0 -3.693029109309295 -1.5608892601370512 -0.36080812368892357 -1.9407859205287528 0.12941155725349507 0.0486090737942602 0.3041622451268985 3.658217929505746 4.136419270234601 4.259676783699482 9.083787404786598 -9.438048678304453 4.548926360066964 -3.566084264108736 -2.475421207022817 0.5159758642583382 -4.352346759523945 -1.0289505960448606
998 11976 0 0 0 -3.693028607666852 -1.5608933995997831 -0.36080012892132474 -1.9407920677925286 0.12941369929329294 0.04863907109535848 0.30418302470912045 3.658161701129403 4.136407858399182 4.259707862013108 9.083763782254143 -9.438065520309339 4.548928947929894 -3.5660849325441344 -2.475469850674827 0.5159854135836397 -4.352376755431539 -1.0289853950974526
999 11988 0 0 0 -3.6930286880067738 -1.5608987565328705 -0.3607898603868851 -1.9407998289157866 0.12941640915289487 0.048678762417004626 0.30421136591187636 3.6580963875230466 4.136393974291557 4.259744926729228 9.083734034187364 -9.438085150687366 4.548928030187476 -3.566085359938274 -2.47552688855891 0.5159958944643003 -4.352408308694921 -1.0290238680394537
1000 12000 0 0 0 -3.6930273918521315 -1.5609036017239504 -0.3607806759593377 -1.9408065498806997 0.12941873675934448 0.04871297909457979 0.3042351215288627 3.6580385430967084 4.136384514215401 4.259772429316478 9.083708571745264 -9.438106674241029 4.548928842166866 -3.5660919379461387 -2.4755708278457114 0.5160100067934184 -4.352440132344791 -1.029056274715595
1001 12012 0 0 0 -3.693026255408834 -1.5609033106116714 -0.36078138421931627 -1.9408056786092385 0.12941844694010793 0.048708851001473805 0.30423169450497095 3.6580412688748827 4.136389934550436 4.259778099272924 9.08370191205051 -9.43809957622058 4.548923508290389 -3.5660998604462795 -2.475575403125388 0.5160043717721199 -4.352442070755769 -1.0290597770260423
1002 12024 0 0 0 -3.693024734453827 -1.5609192586400242 -0.36075079333487553 -1.9408292358711656 0.12942640064411953 0.04882496156958467 0.3043124895598274 3.6578351633982193 4.136352513407773 4.259913677862647 9.083640489071795 -9.438182774971706 4.5489387513782225 -3.566109637740666 -2.475758950300854 0.5160547236682353 -4.35253152419207 -1.029208937032671
1003 12036 0 0 0 -3.6930260569295816 -1.5609312247753957 -0.3607275948118354 -1.940846750564028 0.12943270995387016 0.04891526375156603 0.30437756889164536 3.6576916162933686 4.1363176548116 4.259997158792949 9.083576884204282 -9.438228254808934 4.548930286703672 -3.5661104897970266 -2.47588683793453 0.5160910803052624 -4.352609024403977 -1.029302637278717
1004 12048 0 0 0 -3.693024032334442 -1.5609355445200852 -0.36071941384712813 -1.9408527172638357 0.12943468624565302 0.048944347588728884 0.30439707426492046 3.657637318969638 4.136307977097136 4.260026239263856 9.083565199410955 -9.438251650536253 4.548944119687028 -3.566110196079404 -2.4759319359719516 0.5161084272210106 -4.352628344825377 -1.029326943123459
1005 12060 0 0 0 -3.693025043908725 -1.5609353132051609 -0.36071970100365464 -1.9408530050983914 0.12943471100355697 0.04894437459586338 0.3043971447776336 3.6576337231682263 4.136313674359539 4.260043147171628 9.083561654213065 -9.438252567916617 4.548945591548806 -3.5661246460430127 -2.4759369086546075 0.5161106159898977 -4.3526183689756985 -1.0293259254701808
1006 12072 0 0 0 -3.693025733434668 -1.560942860390171 -0.36070494267732756 -1.9408644990551913 0.12943884812234524 0.04900108198766696 0.3044378540778106 3.6575434281979433 4.136290644931626 4.260119760875029 9.083519182771013 -9.438279363029512 4.548950719423324 -3.566149516931369 -2.4760639678178866 0.5161220922172204 -4.352666139513967 -1.0294026231592537
1007 12084 0 0 0 -3.693026288900832 -1.5609405952524074 -0.360709292397704 -1.940861209213844 0.12943770038900068 0.04898517354426035 0.30442706551592674 3.657571534910722 4.136303967967433 4.260103736474985 9.083516444065442 -9.438259989731758 4.548946752346462 -3.566146896285475 -2.4760361931398047 0.5161119546018424 -4.352647877492633 -1.0293662617332282
1008 12096 0 0 0 -3.6930223557008244 -1.5609408889034804 -0.3607091407857569 -1.9408604445820425 0.12943736213475132 0.048981312022876866 0.3044223527091894 3.6575624199287375 4.136311867699398 4.260103881621363 9.083537205672238 -9.43828584683903 4.548961875758045 -3.5661320158596426 -2.476023077619191 0.516124943288269 -4.352655407613152 -1.0293839268774907
1009 12108 0 0 0 -3.693021542747805 -1.560946823675947 -0.36069786744509363 -1.940867899499608 0.1294402702903269 0.049021464821748344 0.30445083057171907 3.657472102314205 4.136309378772841 4.260184576569857 9.08350482147869 -9.43833390685785 4.548975413574142 -3.5661275991525834 -2.476126222396704 0.5161389673577466 -4.352702663816129 -1.029481878080779
1010 12120 0 0 0 -3.6930225147822195 -1.5609442608783342 -0.3607029455667703 -1.940864430922856 0.12943872049579144 0.049002780300785 0.3044369102131753 3.657481828940324 4.136306195028678 4.2601743248203725 9.083544927624182 -9.438355276023776 4.549000177959715 -3.566108779792354 -2.476084219781612 0.5161468883190526 -4.352683229669229 -1.0294842283517356
1011 12132 0 0 0 -3.693021445245251 -1.5609475031744902 -0.36069669655471753 -1.9408691407879144 0.1294403824730685 0.049024585261300005 0.3044517202579149 3.657432062391631 4.136297156534985 4.260208975863224 9.083545344412334 -9.438390795555302 4.549006896406733 -3.5661098031065297 -2.4761199409671684 0.5161687657454855 -4.352710908042271 -1.029543918374788
1012 12144 0 0 0 -3.6930233903219554 -1.5609486419119716 -0.3606944027019251 -1.9408709659788963 0.1294410518883765 0.049035427280245354 0.30446009567944954 3.657412628484911 4.136301883782048 4.260220830979586 9.083543587576822 -9.438408881940463 4.549013185231943 -3.566109557640748 -2.476131519910851 0.5161792196163064 -4.3527157032006025 -1.0295686524558512
1013 12156 0 0 0 -3.6930231324264873 -1.560953065180242 -0.36068581358410995 -1.9408783782745198 0.1294432796246787 0.04906782959797565 0.30448139177385786 3.6573434778142953 4.136286344221938 4.2602782455531445 9.083536486186908 -9.438445910869802 4.549029185726307 -3.5661224874773185 -2.476194789804074 0.5162018628656903 -4.352738484680683 -1.0296255159197212
1014 12168 0 0 0 -3.693024289101149 -1.5609508926865452 -0.3606896147181515 -1.940875954937217 0.12944258352490637 0.04905298362719913 0.30447086467373696 3.657363205502043 4.136293029066015 4.2602811762002295 9.083542232677535 -9.438440046469582 4.549031455247705 -3.5661188277179394 -2.476186415958159 0.5161968096913697 -4.3527230744518 -1.029626195802149
1015 12180 0 0 0 -3.6930272562994944 -1.5609430277078975 -0.3607046011579458 -1.9408646360187292 0.1294386967309637 0.048998033540251125 0.30443312560642827 3.6574499922380177 4.136302519627147 4.260213758203692 9.083558856487572 -9.438386222074525 4.54901466231102 -3.566098952444239 -2.4760803356587697 0.5161745967273477 -4.352685220601639 -1.0295362566845339
1016 12192 0 0 0 -3.6930247206629896 -1.5609485926279951 -0.36069408538939196 -1.9408728191240643 0.12944137384395546 0.049037674362110685 0.30446023164624336 3.6573955910547555 4.136278029088088 4.260244072964198 9.083549626578199 -9.438398344682845 4.549013332288637 -3.56610899935821 -2.4761408259882507 0.5161882382849293 -4.3527092793185 -1.0295676574987298
1017 12204 0 0 0 -3.6930249513463327 -1.560951696125341 -0.36068805211257876 -1.9408777689065455 0.12944300498553793 0.04906049318055607 0.30447559675113467 3.6573429267698887 4.13627063241932 4.260268975097459 9.083541677087968 -9.43842517179283 4.549023928405074 -3.5661050550543467 -2.4761716875762714 0.5161990311635121 -4.3527342785429095 -1.0296049170579364
1018 12216 0 0 0 -3.693025942324708 -1.5609565282307967 -0.3606785778367807 -1.9408853007621494 0.12944565053326143 0.04909706628443051 0.3045012190593985 3.6572693006224952 4.136269519155515 4.260325874892629 9.08354674739307 -9.438484616547864 4.549051250544547 -3.5661029021045936 -2.4762305633289134 0.5162264415172678 -4.352759386329508 -1.029686912830495
1019 12228 0 0 0 -3.6930260865020417 -1.560944608460309 -0.36070167771839745 -1.9408670385220883 0.12943945892247138 0.04900790998502836 0.30443893063943117 3.6574136179897394 4.136296030276504 4.260248619217086 9.083603056613654 -9.438425952603236 4.5490502999050095 -3.566107329578182 -2.4761035056646463 0.5161911149796015 -4.352672909854725 -1.029575871569665
1020 12240 0 0 0 -3.6930266269165664 -1.560938548196981 -0.36071337822354416 -1.9408579443675162 0.12943624532245707 0.04896237986288634 0.3044062704937836 3.6574762831793852 4.136320886717734 4.260197991383388 9.083636550994093 -9.438420481549336 4.549066687727103 -3.5661167120532085 -2.4760272858822256 0.5161799173494498 -4.3526296550307615 -1.0295398142090622
1021 12252 0 0 0 -3.693026527777463 -1.5609414674049633 -0.3607077994984261 -1.9408623866966848 0.1294377161327329 0.04898330095929487 0.304420686177132 3.657428813598207 4.136305691818671 4.260237324382273 9.08363927080242 -9.438456360348479 4.54908369427966 -3.566105040521101 -2.4760822116626735 0.5161944522877427 -4.352657122031485 -1.0296038378372725
1022 12264 0 0 0 -3.6930263389574427 -1.5609399404443292 -0.3607107015974709 -1.9408606997595315 0.12943689200523154 0.04897285842725403 0.3044126522248027 3.6574475486892637 4.1363041968341125 4.26023199064073 9.083669391065447 -9.438462068375554 4.5490871688765555 -3.5660885854766793 -2.4760585557158112 0.5161982316655317 -4.352639141317026 -1.0295979488212026
1023 12276 0 0 0 -3.693024635747645 -1.560944407363936 -0.36070208938598486 -1.9408669293626541 0.12943915173385345 0.04900344765103056 0.30443375895797914 3.65739296171839 4.136297037369686 4.260257404262556 9.083634915861658 -9.438473986197844 4.549081252717169 -3.566089994899882 -2.47611430184023 0.5162026458439651 -4.352673160365055 -1.0296393908698114
1024 12288 0 0 0 -3.6930261789417798 -1.560940020251375 -0.3607104120326936 -1.9408607523811419 0.12943708974196047 0.04897264670106173 0.30441253925928047 3.657444016634114 4.136314522506433 4.260224806210853 9.083651278094305 -9.438460413890438 4.549080271929436 -3.5660757749372474 -2.4760657761345586 0.516187287158615 -4.35264877438922 -1.029600405149395
1025 12300 0 0 0 -3.6930251881386273 -1.5609482730942505 -0.36069455676592266 -1.9408731045502634 0.1294412028838701 0.049033054087451136 0.30445486970504165 3.657346975311631 4.1362931776786205 4.260280011016625 9.083616063869211 -9.438490655640937 4.549080136270438 -3.566081598563528 -2.4761462009758253 0.516211254864991 -4.352689219621281 -1.02965515100203
1026 12312 0 0 0 -3.6930256004467292 -1.5609471006475797 -0.3606969156175588 -1.9408710099319357 0.1294405851165361 0.04902464220901598 0.30444958730676014 3.6573618071674354 4.136285317371463 4.260266185689208 9.083616489173647 -9.438470264950297 4.54906900544754 -3.56608378060075 -2.476121248631821 0.5162046588197823 -4.352686426445251 -1.029619598822417
1027 12324 0 0 0 -3.693026387935111 -1.560939987527229 -0.3607104057388271 -1.940861205288508 0.1294371502439373 0.04897372160546587 0.30441331254209075 3.657448123131933 4.136302081448614 4.260211997229495 9.083658316865357 -9.438448930128011 4.549074810992569 -3.566082038504101 -2.47603706336502 0.5161949271117351 -4.352631401694197 -1.0295605506565808
1028 12336 0 0 0 -3.693026831133656 -1.5609492046492686 -0.3606926307045679 -1.94087523684519 0.1294418198946412 0.049042683521153346 0.3044616852597022 3.6573304205909887 4.136266484882719 4.260299003602754 9.083620750458767 -9.4384940501423 4.549076317795252 -3.566077066765537 -2.47615239030169 0.5162234588959552 -4.352691723984646 -1.0296525293838512
1029 12348 0 0 0 -3.693026508338206 -1.5609459020036418 -0.36069902749969956 -1.9408697213701478 0.1294401484342922 0.04901687533258951 0.3044440997480126 3.657375429214449 4.136268948275371 4.260250279946935 9.083635683367023 -9.438471678590565 4.549070104517252 -3.566075029268413 -2.476099679822383 0.5162172759170635 -4.3526761342504425 -1.0296077170141924
1030 12360 0 0 0 -3.693026307676543 -1.5609466776715608 -0.36069763334666627 -1.9408710981102355 0.1294403523159345 0.049021665962195544 0.3044463219250583 3.657344102757053 4.1362741361904325 4.260275302253129 9.083641470129793 -9.438494626557668 4.549085148113722 -3.5660692303114216 -2.4761122025883675 0.5162238118926246 -4.352678089676168 -1.0296337794823032
1031 12372 0 0 0 -3.693026138084303 -1.5609555631736356 -0.36068064854103793 -1.9408837745693726 0.12944476372334496 0.04908606434387346 0.30449155134318684 3.6572220340289907 4.136253972189661 4.260339036127642 9.083601478022072 -9.438546337134905 4.549102552015139 -3.566085350910956 -2.4762098109880166 0.516246230760681 -4.352724657314999 -1.0297219969474842
1032 12384 0 0 0 -3.693026369640299 -1.5609540130309592 -0.3606834331054448 -1.940881924392144 0.12944412300255467 0.04907466751264255 0.30448288296404613 3.6572274043579553 4.136255953439352 4.260343274431638 9.083616932315227 -9.438551645445836 4.549111917325115 -3.5660552234332807 -2.476193461828319 0.5162443238670195 -4.352714460462046 -1.0297203664794072
1033 12396 0 0 0 -3.6930262837914154 -1.5609573337865632 -0.36067704640553694 -1.9408870646812488 0.12944577540351263 0.049098993463647475 0.30449958970930546 3.657183535558831 4.136239834308121 4.260356171523624 9.08359953941115 -9.43855747722111 4.549102445136651 -3.5660436397955975 -2.4762059224893673 0.5162557544676528 -4.352748220249507 -1.029730261441777
1034 12408 0 0 0 -3.6930267878850054 -1.5609506068319905 -0.3606900309442242 -1.9408771176957804 0.12944226012975607 0.04904930803541503 0.3044644911416246 3.657261804925178 4.136254554529188 4.260299953932401 9.083627158417121 -9.438525241514935 4.5491038207383365 -3.5660389136979123 -2.4761270403847395 0.5162357152840489 -4.352712990675152 -1.0296623706347172
1035 12420 0 0 0 -3.6930269922038956 -1.5609443873301176 -0.3607019290322892 -1.9408689795528409 0.12943908179795421 0.049003389758117785 0.3044305892681597 3.6573200940377295 4.136266400915032 4.260257906161497 9.083670038816503 -9.438512460258577 4.549116751055922 -3.566008686282047 -2.476048343228305 0.5162227594929741 -4.352688868561838 -1.029611208359519
1036 12432 0 0 0 -3.693026610506991 -1.5609473474620161 -0.360696354844898 -1.9408729201903985 0.12944048759018956 0.04902399877432641 0.30444514889206176 3.6572776953463064 4.136257888050845 4.2602893490376275 9.083666436159252 -9.438541432557223 4.549130866134555 -3.566014647622155 -2.4760948350582477 0.5162315355003958 -4.352702116504897 -1.0296527208190087
1037 12444 0 0 0 -3.6930272942770115 -1.560939708353969 -0.3607109692122275 -1.9408622169636505 0.12943664991101436 0.04896863283329573 0.30440582733372823 3.6573705090569026 4.136274349619277 4.260225842390672 9.083707141015795 -9.438510790106896 4.549125673360495 -3.566005649302149 -2.476001322569843 0.5162136350504877 -4.352653536706601 -1.029591357161709
1038 12456 0 0 0 -3.6930262793620123 -1.5609431538641532 -0.36070450177701496 -1.9408669642957928 0.12943823641423824 0.04899225852092838 0.3044218107939277 3.6573190881690647 4.136261173347152 4.2602459125214605 9.083692325800548 -9.438534982967896 4.549140735572103 -3.566003762982694 -2.4760298811325456 0.5162315841398378 -4.352677221396529 -1.0296205679214092
1039 12468 0 0 0 -3.693025409100261 -1.5609452869230447 -0.3607005283191354 -1.9408696833497545 0.1294390719241373 0.04900596220533335 0.30443070452846077 3.6572815352258026 4.136256634810426 4.260285652997216 9.083701181019583 -9.43856724598057 4.549161469697764 -3.5659929682157494 -2.476068262401897 0.5162416415516067 -4.352689645576989 -1.0296638400601656
1040 12480 0 0 0 -3.693024580259825 -1.5609524560260015 -0.3606868322300531 -1.9408797895958523 0.12944258005328577 0.04905644441283088 0.3044656259939409 3.6571767396351396 4.1362378438546346 4.2603453257542805 9.083672752621652 -9.438616346029866 4.549181208546395 -3.565993414712271 -2.4761454916656347 0.5162656201855439 -4.352730981894657 -1.0297371328753406
1041 12492 0 0 0 -3.693023200151498 -1.5609540930569805 -0.3606836355337148 -1.9408825630487625 0.1294434081080443 0.04906708151983281 0.30447199821474885 3.6571503397799408 4.136241787547871 4.26034661369461 9.083665501077782 -9.438634983479549 4.54919222560488 -3.5659709530122568 -2.476151308200866 0.5162707085645164 -4.352737433021029 -1.0297554546654866
1042 12504 0 0 0 -3.6930247329742056 -1.5609507607217559 -0.36069000959931347 -1.9408782316260458 0.12944170265448762 0.049044186365534786 0.3044557161155295 3.657177330816237 4.136248310811453 4.260331286075779 9.083687998941134 -9.438628703465868 4.549198679769628 -3.565950874938442 -2.4761165868010138 0.5162616190419467 -4.35272231368486 -1.0297313718410515
1043 12516 0 0 0 -3.69302441504834 -1.560944285392612 -0.36070233613247393 -1.9408685178692613 0.12943857161735287 0.04899524241593399 0.3044208747206999 3.657252502375155 4.136263329912382 4.260281744613898 9.083723500756037 -9.438610159581316 4.549206336249355 -3.5659560345172996 -2.476044453456156 0.5162515651603061 -4.352678692325946 -1.0296798147090698
1044 12528 0 0 0 -3.6930249816569027 -1.560952052269481 -0.36068730649519687 -1.9408798578560968 0.12944266416805628 0.0490531806550611 0.3044624514920047 3.6571546729472777 4.136246941949292 4.260366116229187 9.083690554441901 -9.438656715197903 4.549208714580403 -3.5659423991427834 -2.4761468973155742 0.5162852596167462 -4.352732832952344 -1.029768694515578
1045 12540 0 0 0 -3.693023287460734 -1.5609545264208504 -0.36068265812993433 -1.9408830126793872 0.12944375990234702 0.04906843474686472 0.3044718843948279 3.657112187961125 4.136246334818083 4.260375503256492 9.083705910977152 -9.438702929367178 4.549239569252311 -3.565949395837334 -2.476173347072875 0.5162956168120918 -4.3527455370429 -1.029818109058328
1046 12552 0 0 0 -3.6930225236204883 -1.560952563452706 -0.36068653286452385 -1.9408800539095616 0.12944261374978533 0.049052219670910724 0.30445961689692497 3.657126574237731 4.136247722224939 4.260384991959413 9.083736604684978 -9.438712824940641 4.549255924800869 -3.565951471157921 -2.4761614862284698 0.5162975721692173 -4.352727656859235 -1.029822172697411
1047 12564 0 0 0 -3.693023791462198 -1.560953309953867 -0.3606851015587046 -1.9408816434901268 0.12944291785185424 0.049057785291173384 0.304462559840669 3.6570830665021683 4.136240166049861 4.260411114400905 9.08374142075291 -9.438735855732777 4.549270159324723 -3.5659318302822802 -2.4761547636312904 0.5163143303014881 -4.352733467718916 -1.0298329041160688
1048 12576 0 0 0 -3.693024524203084 -1.5609570164564779 -0.36067798640602305 -1.9408872924079605 0.12944476697772872 0.04908572818821869 0.30448226933120237 3.6570247781006437 4.136235177624303 4.26043065326439 9.083724803816658 -9.438765170471232 4.549276510257772 -3.5659106206102673 -2.476183121221106 0.5163245562162587 -4.352762790616786 -1.0298709994961524
1049 12588 0 0 0 -3.69302341925962 -1.5609576353249812 -0.36067687714253754 -1.940887997427716 0.1294450347491304 0.049088361365870276 0.3044832660908176 3.6570060065553003 4.1362341278189625 4.260442244552916 9.083726512276613 -9.438783338960425 4.549280590910393 -3.5659158100148556 -2.4761904167301116 0.5163325843509797 -4.352770180317826 -1.0298991543839096
1050 12600 0 0 0 -3.693022719741078 -1.5609616443666248 -0.3606692438214472 -1.9408938415309283 0.12944681245264544 0.04911486949732595 0.3045002309684867 3.6569189810406764 4.136217083421473 4.260508996890485 9.083744061132244 -9.438854002841888 4.5493288767002165 -3.5658877118639176 -2.476257442826048 0.5163557303733436 -4.352800088624068 -1.0299933325986326
1051 12612 0 0 0 -3.6930256139472113 -1.560947842445092 -0.3606958264357051 -1.9408740128497866 0.1294397048774332 0.04901495964744931 0.30442947603972237 3.657060802580136 4.136243461290207 4.260424808719239 9.083816687967996 -9.438822156261622 4.54935326297166 -3.5658617969659536 -2.4761188681505373 0.5163301548626424 -4.352724182626209 -1.0299057009323918
1052 12624 0 0 0 -3.693024679903522 -1.5609497993921462 -0.360691844935383 -1.9408776572543693 0.1294409153267092 0.04902930189707062 0.3044388291659646 3.657043803701753 4.136235186948995 4.26042745541593 9.083791944972445 -9.438802419625695 4.549332238028772 -3.5658744000568348 -2.4761284148469724 0.5163305745870215 -4.352734461990694 -1.0298871052216487
1053 12636 0 0 0 -3.6930224810574486 -1.560960891553481 -0.3606707335781066 -1.9408925798309578 0.12944643834275218 0.049107491338580174 0.3044942502463715 3.65690793920199 4.136202912347685 4.260503781386527 9.083733635667096 -9.43884919053179 4.549330618809842 -3.565868288965695 -2.4762342666158323 0.5163611215188428 -4.352808786441643 -1.029968631251991
1054 12648 0 0 0 -3.6930226538533804 -1.560956528644117 -0.3606790658246932 -1.9408864255914358 0.12944420998725328 0.04907549235630148 0.30447134025032874 3.6569570056316025 4.136209680991137 4.260456411841867 9.083754673791848 -9.43882119864311 4.5493249851033 -3.565859724646134 -2.4761665545085423 0.5163514476366811 -4.352778266290369 -1.0299089999667328
1055 12660 0 0 0 -3.693022703901429 -1.5609638760190359 -0.36066507097252554 -1.9408965576887645 0.12944774759844088 0.04912748149098653 0.30450779129897176 3.6568412965614345 4.136189723075011 4.260519284726916 9.083723747116125 -9.438877722982099 4.549349878842002 -3.565834038966585 -2.4762541040854025 0.5163771200554519 -4.3528381132974845 -1.0299956898009166
1056 12672 0 0 0 -3.6930225680216853 -1.5609625121409767 -0.3606678031883621 -1.94089432223574 0.12944685098297926 0.04911500191208416 0.30449735738701855 3.656817783516338 4.1361972714642095 4.260539676089638 9.08377047845312 -9.438931555769745 4.549387967584996 -3.565799227057387 -2.476233142068742 0.5164000229319128 -4.352833554879699 -1.030036611808521
1057 12684 0 0 0 -3.6930249429355 -1.5609495598338479 -0.36069279562376755 -1.94087540757802 0.12944014023177483 0.04901963541543867 0.3044295590786012 3.6569324681600506 4.136221279610259 4.260454719613659 9.083860836238289 -9.438924028388264 4.549422719049945 -3.5657519781887035 -2.4760820878499388 0.5163768330105174 -4.352768846610118 -1.0299679841494296
1058 12696 0 0 0 -3.6930242708628507 -1.560955203794455 -0.3606820330231514 -1.9408840614279737 0.12944279456045063 0.04905932105142308 0.30445547519397465 3.656828711091504 4.136199425624791 4.260529704443975 9.083862764558171 -9.438983922984878 4.549446159552792 -3.56572401887423 -2.4761389876712996 0.5164198430799349 -4.352815297874745 -1.0300434863108539
1059 12708 0 0 0 -3.6930226518922393 -1.5609578995853859 -0.36067730464524245 -1.9408879212068788 0.12944358326432642 0.049076342426381904 0.30446526316423883 3.656769271721954 4.136178746426827 4.260552684539256 9.08387490358398 -9.439029124261593 4.549472612805467 -3.5657106812512427 -2.4761415347911147 0.5164507931868682 -4.352829631890922 -1.030074705904729
1060 12720 0 0 0 -3.693022450810043 -1.5609592148111882 -0.36067467173275947 -1.9408899604578795 0.12944443315475726 0.04908734397093864 0.3044740382797244 3.656782349366197 4.13619092936102 4.2605557400720855 9.083838649125113 -9.438989939853002 4.549437879894892 -3.5657525529316496 -2.4761633768569635 0.5164387653138176 -4.3528283232013125 -1.03005145230333
1061 12732 0 0 0 -3.6930217544929023 -1.5609578818573986 -0.3606775027172039 -1.9408871337032227 0.1294434264368144 0.049074659399898926 0.30446413858812094 3.6567725645901454 4.136199168338395 4.260556261151839 9.083865988135736 -9.439026556996238 4.549456889095259 -3.5657446392581518 -2.476133292996303 0.5164514844528657 -4.352810006807902 -1.030083373044191
1062 12744 0 0 0 -3.693023478707754 -1.560956572795343 -0.3606798913390583 -1.9408856223517663 0.1294429224267812 0.049067102004871965 0.3044594911229038 3.6567827214824082 4.136201223212541 4.260564020637682 9.083871048387966 -9.43902094230286 4.549459839953206 -3.565731860435687 -2.4761265121241687 0.5164509268958319 -4.3528082833611395 -1.0300705113930513
1063 12756 0 0 0 -3.693023675627398 -1.5609456326414741 -0.3607010052956979 -1.940870358660206 0.12943707810376076 0.048984859929003616 0.3043993043154373 3.656882715539968 4.136235867065225 4.260508407851093 9.08393799225812 -9.439030572354882 4.5495026210554 -3.5656976212327187 -2.4760208268460575 0.5164424895724815 -4.352749741737814 -1.0300286666049794
1064 12768 0 0 0 -3.6930252490100957 -1.5609387581035792 -0.3607140783741844 -1.9408611581862012 0.12943365048784924 0.04893377399509777 0.3043611820723379 3.656911451228754 4.136245874666384 4.260489442360573 9.084011523992533 -9.439067884534548 4.549550878156028 -3.5656386007616607 -2.4759478438598874 0.5164526234895114 -4.352732263368892 -1.030034115898104
1065 12780 0 0 0 -3.6930275612934746 -1.560935851408075 -0.36071958861048525 -1.94085681243172 0.12943221987985912 0.04891240947605663 0.3043462331407281 3.656911318928741 4.136267326354549 4.260518936387619 9.084050075373494 -9.439109522724785 4.549582204682607 -3.565605524834849 -2.4759398944780933 0.516467949149707 -4.352726775082113 -1.0300827630428995
1066 12792 0 0 0 -3.693027558087521 -1.56093694625539 -0.36071731900127957 -1.9408592400522426 0.12943285499480844 0.04892049777095186 0.3043503815243562 3.656873461230433 4.1362376178037605 4.2605183122096495 9.084051332557921 -9.43911068025279 4.5495890338942475 -3.5656031862203124 -2.4759215498657716 0.5164829612291831 -4.352719909074682 -1.0300658953848956
1067 12804 0 0 0 -3.693027824476164 -1.5609375042894869 -0.36071650307769293 -1.9408597965536085 0.12943273718604095 0.04892058856632647 0.30434815615579447 3.6567950383863623 4.136236224963883 4.260579035868946 9.084063560411357 -9.439183237464762 4.54964897198662 -3.565575181377158 -2.475954858536891 0.5165085102281496 -4.352740800291952 -1.030131356786959
1068 12816 0 0 0 -3.693025923421238 -1.5609183886500742 -0.3607539675445839 -1.9408307489780878 0.129422123172063 0.0487740359169782 0.30424224666272776 3.6569910135597694 4.136291603848295 4.260453445377487 9.084164533945717 -9.439135881385116 4.5496765328265365 -3.565523745485553 -2.4757274651500074 0.5164679345592643 -4.352633486897029 -1.0299954039793542
1069 12828 0 0 0 -3.6930263449065404 -1.560920745527879 -0.36074992777070486 -1.9408341089296026 0.1294226162633785 0.048787397212171124 0.3042482805521721 3.6568708227997186 4.1362712123316285 4.260562411873949 9.084213593938973 -9.439251304911163 4.549762264044073 -3.565480688626164 -2.475791521407155 0.516510763731196 -4.35265615261215 -1.0301318549201879
1070 12840 0 0 0 -3.69302531107503 -1.5609274269111155 -0.36073734292571713 -1.940844090567139 0.1294254063708981 0.04882808298840442 0.3042715381825227 3.6566648515708775 4.136231939080396 4.260697399103689 9.084254892499052 -9.43941060287293 4.549870476527781 -3.5654209663638277 -2.4758711168252656 0.516573342599005 -4.352708531585928 -1.0303031227157888
1071 12852 0 0 0 -3.6930290136150514 -1.560916157700193 -0.36075838934568105 -1.9408301496490679 0.12942014330346177 0.0487484166176924 0.3042134449068253 3.656751420884572 4.136264224258836 4.260659816430687 9.084329664426697 -9.439411038410089 4.549908044019533 -3.565383002668126 -2.4757752179362207 0.5165599306801314 -4.352650769230974 -1.0302614263854744
1072 12864 0 0 0 -3.693029850152966 -1.5609161812619796 -0.3607581387766811 -1.940831342965478 0.12942031284379144 0.0487516262854999 0.30421548064355164 3.6567551763013966 4.1362761439079305 4.260643438696516 9.084308785471467 -9.43939559350744 4.549901489210413 -3.5653658189524777 -2.4757641462555355 0.5165469095983453 -4.3526394970700695 -1.0302248218804289
1073 12876 0 0 0 -3.693024721646026 -1.5609306220705115 -0.36073101331452573 -1.9408506333449969 0.12942683469749985 0.04884944980794345 0.3042820257940305 3.6565507128662316 4.136237727022225 4.260754762427168 9.084261897647664 -9.439491590501687 4.5499348373600395 -3.565334118588736 -2.4759096620467975 0.5165968291744962 -4.352736198520657 -1.0303777682627588
1074 12888 0 0 0 -3.693028098851644 -1.560928458851897 -0.36073528736587374 -1.9408484615842216 0.12942542341231322 0.04883177349010778 0.3042661531261043 3.656456291896552 4.1362275407738345 4.260816740799275 9.084345509305862 -9.439610520500302 4.550031329249931 -3.5652604967302666 -2.475866100293843 0.5166413301967197 -4.352715174393685 -1.030451161227318
1075 12900 0 0 0 -3.6930274060504145 -1.5609370841280974 -0.36071873977241015 -1.940861403437048 0.12942971414514312 0.04889407101619633 0.3043082765947185 3.6563186930858764 4.136184805326642 4.260880710526254 9.08431923681078 -9.43968111544023 4.550070315133251 -3.5652649229937827 -2.4759466756887494 0.5166894881941684 -4.3527647568492105 -1.0305266208826425
1076 12912 0 0 0 -3.693026958068985 -1.560925550234275 -0.36074119296674956 -1.9408441283775482 0.1294235343398331 0.04880557905026944 0.30424414084404316 3.6564133008724595 4.136214903780779 4.260819099256278 9.084367408013907 -9.439638441731352 4.550085479490653 -3.5652267934361586 -2.4758029303649747 0.5166644395638771 -4.35269638513887 -1.0304229382104237
1077 12924 0 0 0 -3.6930270209328295 -1.560936176244427 -0.3607205128502256 -1.940860511734152 0.1294289869273353 0.048879036611928085 0.30429204286718964 3.656182184996183 4.136176786580144 4.260971503878118 9.084376201351946 -9.439781371668506 4.550163767110226 -3.5651761572211145 -2.4759435917805597 0.5167419994482992 -4.352789616304725 -1.0306275513433416
1078 12936 0 0 0 -3.693027440196457 -1.560932029549674 -0.36072883814105716 -1.9408560925513594 0.12942614131682517 0.04884506290229616 0.3042628607581326 3.6561258294438526 4.1361805687722635 4.26099498997665 9.084436040527473 -9.439834755011782 4.5502328830878485 -3.5651083630092524 -2.475869752536238 0.5167598300048124 -4.3527555314725035 -1.0306460932537047
1079 12948 0 0 0 -3.6930219992386455 -1.5609367530594724 -0.3607203493617465 -1.940860966007584 0.12942789894207557 0.04887167189194427 0.30428016798938284 3.6560711329247617 4.136159611889821 4.261010377942699 9.084433446449296 -9.439881576790434 4.550250889602401 -3.5650692663770505 -2.475871537434769 0.5167964792050955 -4.352803982270341 -1.0306695145465654
1080 12960 0 0 0 -3.6930186842844943 -1.5609515055480794 -0.3606923778726251 -1.940882590406029 0.12943460542838908 0.04897044684436276 0.30434334583298694 3.655765084335202 4.136110179215752 4.261184081269603 9.084436067081674 -9.440070939863894 4.55036123359638 -3.5649923808377837 -2.47601330648113 0.5168735684346663 -4.35288235842966 -1.0309065088673564
1081 12972 0 0 0 -3.6930209793664526 -1.5609501919012057 -0.36069480562040346 -1.940881782723744 0.12943374706838354 0.048957186703134696 0.3043301934198478 3.655664545318825 4.136110899919758 4.261269437826026 9.084510391967909 -9.44019718257158 4.550469444444143 -3.5648742871929304 -2.4760393153042908 0.5169057597642075 -4.352924257965026 -1.0310147260907918
1082 12984 0 0 0 -3.693021816769281 -1.5609485777601892 -0.3606983176553645 -1.9408803359709264 0.1294320143131027 0.048936577676772515 0.30430825078576035 3.655514480721056 4.136090242321525 4.261409396432856 9.084562416180669 -9.440315088318467 4.550587526599556 -3.5648632431807936 -2.4760711398428557 0.5169572412698576 -4.35291758520128 -1.0311266734373101
1083 12996 0 0 0 -3.6930228272381793 -1.5609484106803502 -0.36069853045768785 -1.940879427125916 0.12943167753242799 0.048926288122220184 0.3042958181956722 3.655356750374926 4.1360902837222655 4.261533361412273 9.084625184583498 -9.440502156548039 4.550735990055241 -3.564763475902186 -2.47610786772167 0.5170376744347879 -4.352951013810165 -1.031308614471094
1084 13008 0 0 0 -3.6930190210923484 -1.5609547524169014 -0.36068670314358187 -1.9408875961059597 0.12943427867150564 0.048963569741537975 0.3043177397067797 3.6552056801772466 4.136078897964469 4.261587841006149 9.084599530656718 -9.440570556050867 4.550750057582053 -3.5646737213889153 -2.476096988723708 0.517076881439304 -4.353010649579696 -1.0313636913009772
1085 13020 0 0 0 -3.6930191540426733 -1.5609788206780635 -0.3606403781431521 -1.9409237598587479 0.12944633989970677 0.04913799627657619 0.3044376984685908 3.6548278244365684 4.136056247970675 4.2618177216695825 9.084532354121416 -9.440779152100152 4.550818678388779 -3.564626696180425 -2.4763875475889647 0.517165487682431 -4.353177814734222 -1.0316886539753598
1086 13032 0 0 0 -3.6930212718073188 -1.5609675555342355 -0.3606623657114262 -1.9409086034171943 0.12943984843064552 0.04905064042953326 0.3043704671619044 3.654826667892433 4.136103516409936 4.261784213882333 9.084659789670201 -9.440878450820003 4.550944926915065 -3.564525525915352 -2.476204308283749 0.5171949681987724 -4.353114884162276 -1.0316667597903086
1087 13044 0 0 0 -3.6930240683000553 -1.5609708058759375 -0.3606567702639817 -1.9409146575915521 0.1294397021395757 0.049050031913020424 0.3043516888663396 3.654278680010901 4.136053695886673 4.262080934499796 9.084839789774703 -9.441373313679243 4.551331155180944 -3.5641389972404585 -2.4762028199074724 0.5174090769645919 -4.353259729244508 -1.0320728682103522
1088 13056 0 0 0 -3.6930200198194276 -1.5609780066393926 -0.36064394108158493 -1.940924256276898 0.12944187323097295 0.04909151788956037 0.3043735241569257 3.6540564447862547 4.135995616935473 4.262167039059624 9.084846686164003 -9.441518609256358 4.551435017419019 -3.564058923982294 -2.4762440939856347 0.5174538809710901 -4.353314006268593 -1.0322218142733843
1089 13068 0 0 0 -3.6930255050908873 -1.560963013920805 -0.36067319318933105 -1.9409030499176017 0.12943311409524513 0.04897086752014586 0.30427962138000114 3.653945716324327 4.1360384900076035 4.262255068208776 9.085060272881904 -9.441741919753472 4.5516655878544805 -3.5638532891907198 -2.4760849526214397 0.5175405806847361 -4.353241177576047 -1.0323461038829818
1090 13080 0 0 0 -3.6930276309747936 -1.5609649705403696 -0.3606703036747476 -1.9409056315823185 0.12943261262861583 0.048972390671512614 0.30427064946369686 3.6536251286527466 4.135992166761047 4.262438174154772 9.085190561366078 -9.442036525275805 4.55189696520915 -3.563647350613638 -2.4761398565163133 0.5176490301581514 -4.353338136622317 -1.0326718348559911
1091 13092 0 0 0 -3.693028237164941 -1.5609718880610182 -0.36065807465326466 -1.94091696715407 0.12943383842286801 0.04899746573283718 0.3042685399563212 3.653051173061908 4.135907210219395 4.262796345918962 9.08537706314603 -9.442566083712663 4.55230872790655 -3.5633639126863614 -2.476210332973342 0.5178807734383334 -4.353449460674378 -1.0331452896734201
1092 13104 0 0 0 -3.6930271046514385 -1.560939048172522 -0.36072197820458296 -1.940868452260981 0.12941581046455497 0.048742053865273284 0.30407809084979814 3.6532214295677243 4.135972758740052 4.26262508090395 9.085589785789137 -9.442615486892176 4.5524550149906755 -3.563175807440922 -2.475775305459681 0.5178668266898376 -4.353300729048097 -1.0329883091448568
1093 13116 0 0 0 -3.6930219427454087 -1.5609474432039918 -0.36070878743272095 -1.9408770601507015 0.1294153033563722 0.04875827585535425 0.30406319040925756 3.652457950351699 4.135930306649114 4.263023451985734 9.08583189717164 -9.443334868620365 4.5529747989990685 -3.562684840756944 -2.4757656854728736 0.5181351267286823 -4.353435443339019 -1.0336289374741419
1094 13128 0 0 0 -3.6930177745056585 -1.560983378492919 -0.3606415013993941 -1.9409257701614442 0.1294308217410201 0.04899181348599998 0.3042137171778889 3.6516160789512546 4.135795034599121 4.263570930820881 9.085811134639144 -9.443877427168445 4.553275770046458 -3.562399284745868 -2.4761857967791405 0.518384638373551 -4.353770956916303 -1.034283090441735
1095 13140 0 0 0 -3.693020573599054 -1.5609556401409477 -0.3606957175785835 -1.9408861715315255 0.12941471913453828 0.048774243591045714 0.30404755218511154 3.6516611217362205 4.135842228662725 4.263670810970484 9.086088331038564 -9.44407492139355 4.553547961129062 -3.56225606716856 -2.4760205971866713 0.518416381487242 -4.353612888381557 -1.0343698653778417
1096 13152 0 0 0 -3.693016782134718 -1.5609543663390892 -0.36069934728677777 -1.9408812133017728 0.12941180621072432 0.048724117349856724 0.30399260559095637 3.651165355944634 4.135886773638057 4.264039931357327 9.086320231291442 -9.444671864845553 4.554066174594493 -3.5619034570793136 -2.476085688638267 0.5185921557099384 -4.353685756119223 -1.034918233894856
1097 13164 0 0 0 -3.6930044324886038 -1.5609656789265451 -0.36067835150533367 -1.9408947417768794 0.12941704155473333 0.04879466090532715 0.3040417685386297 3.6510889152535784 4.135871162888264 4.26400953768583 9.086117813104618 -9.444565491716766 4.553951235901947 -3.5619777269732165 -2.476201877404461 0.5185070288031888 -4.353774599589381 -1.034874922019732
1098 13176 0 0 0 -3.69302214831204 -1.5609397948954113 -0.3607279140607724 -1.9408651672349646 0.12940206236166743 0.04859072024264076 0.30387389047983937 3.6506819020618546 4.135895416257791 4.264425874573602 9.08641466707779 -9.444954808125662 4.554360876056067 -3.561466192668916 -2.475946076694799 0.518677168831183 -4.3537109865714 -1.0350566404368822
1099 13188 0 0 0 -3.6930268860854008 -1.5609514949899463 -0.3607070641079857 -1.9408872007492723 0.12940351108765577 0.04862259234953073 0.3038520240282047 3.6494222873754962 4.135794123686666 4.2650648173296135 9.086931214178014 -9.446126577960415 4.55524668544745 -3.5606727727537346 -2.475938158563912 0.519150268773944 -4.353964097343115 -1.0361705379815864
1100 13200 0 0 0 -3.6930261470626427 -1.560992041597053 -0.360632811121186 -1.940945346679937 0.12941650473827468 0.048839003180117475 0.30394873086842045 3.647485233498623 4.1355734404165965 4.266447906312171 9.087426129756585 -9.447783665560188 4.55642915598266 -3.5597499051837955 -2.47660830748934 0.5198462406292672 -4.354502250146714 -1.03789428638763
1101 13212 0 0 0 -3.6930324583955976 -1.5610214879194741 -0.36057670512332574 -1.9409918197654512 0.12942948934324358 0.04903887034264273 0.3040714268911637 3.6466198796345735 4.13544821133527 4.267009262407919 9.087586517012287 -9.448325840895702 4.556800389485376 -3.5593972173137276 -2.4767784774696726 0.5201326960630612 -4.3546999170590714 -1.0384495401895975
1102 13224 0 0 0 -3.693033670266665 -1.5610113012183966 -0.36059959218979093 -1.9409835821835686 0.12941683661571807 0.04889205176177617 0.3039064753201268 3.6453146933920197 4.13526665333355 4.267730335523184 9.088386033106108 -9.449701287768887 4.557969363621377 -3.5584513160109212 -2.4765180272793024 0.5206886973480445 -4.354797399674519 -1.0395998282495065
1103 13236 0 0 0 -3.6930360225543595 -1.560994539296366 -0.36063606646904195 -1.9409598626121152 0.12940141136655275 0.04871865181509516 0.3037487720345336 3.6445964329087204 4.135331666091738 4.268379687564366 9.088763847611084 -9.450529447012498 4.558763390137133 -3.5578730445415276 -2.476477213808169 0.5209145112135747 -4.354746620284022 -1.040209468556978
1104 13248 0 0 0 -3.693012751898739 -1.5610382756168533 -0.3605568240799933 -1.9410220730176215 0.12941389495962238 0.04891536143869986 0.3038117997866189 3.6423679816455516 4.135132420489051 4.269753542821121 9.089464122666412 -9.452437863177323 4.560177498939318 -3.5568029126272327 -2.476829930159704 0.5217244571377839 -4.355222121073744 -1.0419684837492824
1105 13260 0 0 0 -3.6930065498363334 -1.561009931169371 -0.36061393196141855 -1.940981529793581 0.12939303015739115 0.04862902083783382 0.30355599062656535 3.641523790510437 4.135342840237018 4.270483085487272 9.09023854679632 -9.453729695722755 4.561299622764676 -3.5560221261482248 -2.4765753045471155 0.5221299297051012 -4.355059278345662 -1.0430947174076797
1106 13272 0 0 0 -3.6930158818248002 -1.5610583275267278 -0.3605244387557057 -1.941051857289845 0.12941016514877457 0.048898516896687456 0.3036916105755881 3.639281822831307 4.13506394410192 4.272192287601118 9.090861122676856 -9.455646392172874 4.562702871231941 -3.5549252717935413 -2.4774598261768626 0.5229515933987321 -4.355726485047381 -1.0451513310839433
1107 13284 0 0 0 -3.693022040635981 -1.5610456758778701 -0.3605506729139762 -1.941044734926399 0.12939735122264664 0.048755751938557405 0.3035308639386562 3.638161657485453 4.1350154727626585 4.273213064391324 9.091611945277453 -9.457012988084221 4.563842107220335 -3.554256664039073 -2.477751301533861 0.5233773836385185 -4.355771177218443 -1.0465217954832136
1108 13296 0 0 0 -3.6930764174642947 -1.5609490961717218 -0.36074179335291917 -1.9409255211164531 0.12933216233599737 0.047891598695826924 0.3027784769983306 3.635252156857934 4.135049196754085 4.275041228585778 9.093498553467768 -9.460176402250076 4.566722155710253 -3.5512896645009255 -2.476665574270855 0.5244570803509457 -4.356087665383648 -1.0487565003231698
1109 13308 0 0 0 -3.6930836720883495 -1.5611374265606632 -0.36038629976620845 -1.9411960463923905 0.12941717542228023 0.04918617040477917 0.30363323825042 3.6310990186667014 4.134638428885674 4.277748343168628 9.093372287454418 -9.462888275182543 4.5682735093269065 -3.5504083112471827 -2.479138284109568 0.5255303423314566 -4.357518620567688 -1.0522097078148225
1110 13320 0 0 0 -3.693070028744464 -1.5609819296229461 -0.3606906406729068 -1.9409721044971815 0.12932736068663317 0.04792274050366959 0.30265649601327443 3.631232366273156 4.134865913595028 4.277531794828981 9.094939305794728 -9.463777822521722 4.569578559447057 -3.549102323883302 -2.4771731457049393 0.5256808950988111 -4.3568279779053665 -1.05209881616263
1111 13332 0 0 0 -3.6930758508509984 -1.560944151254563 -0.36077476776821454 -1.94092647717437 0.12928563028738435 0.04745236810174781 0.30216983353469623 3.628017546758418 4.134679869361372 4.279712951561258 9.097000481016744 -9.467430933790155 4.57284149845622 -3.546656891801448 -2.477079982549602 0.5270145404962798 -4.357110811014252 -1.055220066030848
1112 13344 0 0 0 -3.693129260453014 -1.5610375082917556 -0.3605919572604916 -1.94109395137163 0.12933390981364304 0.048143538833675656 0.3026139994820339 3.6253052854590138 4.134442173684003 4.281403274106514 9.09695731324125 -9.469177156627259 4.5739798724337914 -3.545633409096697 -2.478254087126501 0.5276506182173438 -4.357939777850594 -1.0572893808069632
1113 13356 0 0 0 -3.693143425403752 -1.5609937908950884 -0.360684413537554 -1.9410602888205557 0.12928439480681203 0.0474955146747347 0.30188668990040657 3.619474017405601 4.134264221853464 4.285434810454315 9.099995719397002 -9.475298935263876 4.579196140864106 -3.541711700853164 -2.478126098085241 0.5301310645103912 -4.358495437166401 -1.0627238307071647
1114 13368 0 0 0 -3.6932553769310146 -1.5610410257607916 -0.3605937714748144 -1.941153877632214 0.1292993685319522 0.047783935904250584 0.30199815790382595 3.615224668413041 4.133655105069098 4.288871607686885 9.101539619739647 -9.47926704431743 4.58218841408229 -3.539317006984795 -2.479402584671464 0.5317734615691515 -4.359216902410647 -1.0668220804192055
1115 13380 0 0 0 -3.693275429952629 -1.5610278642384035 -0.36062006956713677 -1.9411432797932047 0.12928767981976869 0.047639182601725505 0.3018579674832798 3.614235958083477 4.133280094784471 4.28944015850799 9.101898115851082 -9.479714726208467 4.582566071602694 -3.5386885754162196 -2.4794789301821316 0.5320364240027654 -4.360038299360363 -1.0674178053327268
1116 13392 0 0 0 -3.693287116918783 -1.560913063840895 -0.36084434562363094 -1.9410063484906825 0.12921131391463628 0.046534433988819915 0.30085116631003284 3.610539433115218 4.133216006860017 4.2916557363711165 9.104202944863054 -9.483586062286374 4.585957583305125 -3.5347118941125246 -2.4776101802627024 0.5338493998740731 -4.36045665242023 -1.0703137394097804
1117 13404 0 0 0 -3.69328883560195 -1.560892932938252 -0.36090009785121513 -1.9409937295405144 0.12916070155315512 0.04592398611599698 0.3000886539986724 3.6027609542032097 4.132787262147002 4.29672516074181 9.107905787897042 -9.491163204927378 4.5921060625258 -3.5290895459192044 -2.4773670050443592 0.5366930940293017 -4.362014669220273 -1.0770356013397364
1118 13416 0 0 0 -3.6932299809506497 -1.561034480811287 -0.360646113688163 -1.9412320237491585 0.12919693434949797 0.046648650618796916 0.3003336807332944 3.5955458944985947 4.132377175407234 4.301173134384979 9.110228547974367 -9.497556633041798 4.596535678248953 -3.525083995806939 -2.4782457536389773 0.5394877121336723 -4.363274384755797 -1.0828355608572406
1119 13428 0 0 0 -3.6932856057238155 -1.5609946046322576 -0.3607290122489986 -1.9412466921453564 0.12914739319143043 0.04609644812174774 0.2996380907683644 3.5888703753990656 4.131641052061236 4.30509371819366 9.113506908817975 -9.503428181789822 4.601761759039707 -3.5199475835181024 -2.477209053745575 0.542106001762257 -4.364240064530962 -1.0869537944062801
1120 13440 0 0 0 -3.693288024284053 -1.5610570047367267 -0.36062722204794045 -1.9413013952559188 0.12914428925666321 0.04616093861304085 0.29947627422833567 3.582142875451458 4.131837188199961 4.3115493028172365 9.115770929574085 -9.510596675070737 4.607132808861598 -3.5171139986671447 -2.480830307637161 0.5444886064231267 -4.365926146114103 -1.0951134748585645
1121 13452 0 0 0 -3.693333006922819 -1.5610334595369655 -0.36070488107736054 -1.9413287042142813 0.12905330304416393 0.045172518561170286 0.29811209091318946 3.566094329063227 4.13115349396913 4.322254153409241 9.123048523218667 -9.52629330602075 4.6200948222887295 -3.5075967547546423 -2.4810134314620105 0.5506782920716813 -4.367698227836555 -1.1087733550355539
1122 13464 0 0 0 -3.6932628528129516 -1.5614262041803104 -0.35996812678437295 -1.9419046436656 0.12921806039229194 0.04767525353783777 0.2995889252959601 3.5548830235160183 4.129196491320137 4.328366685430163 9.123926707603054 -9.533586963495331 4.624960984185239 -3.5036500968513797 -2.4837936604512794 0.5546197368852855 -4.370508636197022 -1.1162172093781197
1123 13476 0 0 0 -3.6933011780648384 -1.5610766687534692 -0.3606436393408255 -1.9413922351649116 0.1290365093417 0.045133123715569275 0.2977901303168214 3.5590450735667116 4.129844148152784 4.326440591034935 9.126458244455453 -9.532616388990306 4.625749257797895 -3.5038146191883945 -2.4810354631409894 0.5535406258623166 -4.368249825246034 -1.1145682289004768
1124 13488 0 0 0 -3.693273275761783 -1.5612715472865812 -0.3602933113041951 -1.9416539551844594 0.12909904684944562 0.04621857217622563 0.2983475320321796 3.5510054833223705 4.129527135522016 4.332483364722731 9.128230693477779 -9.539425798931468 4.630304908147365 -3.500462508655814 -2.4841487213558198 0.5560416793378713 -4.3707497454620485 -1.1219085689163102
1125 13500 0 0 0 -3.6933786187961175 -1.5610878108649175 -0.360674728284833 -1.9414755321592634 0.1289338420374662 0.044188903257240474 0.29629300006577597 3.5372969253555873 4.129164985423263 4.341938602453883 9.136189918866037 -9.554812871705632 4.643750253655792 -3.4898109696326705 -2.4848725871858344 0.5612346008827767 -4.373127300704887 -1.1356021586986635
1126 13512 0 0 0 -3.6933426209448728 -1.5610581890557722 -0.3607252629972442 -1.9415079422659463 0.12891719877030153 0.04394560034905043 0.2959870144509299 3.536629542971017 4.129210916685224 4.340855540069933 9.136779375320637 -9.554528116875643 4.64464581124206 -3.4883666980609584 -2.4842874648620743 0.5611885943366147 -4.373307747759986 -1.1346319307520085
1127 13524 0 0 0 -3.6933683914372737 -1.5611972937388732 -0.3604897320187431 -1.9417647867592163 0.12891245825486342 0.044147221112279 0.29549200298129763 3.519100467620066 4.128000940021682 4.353597571112539 9.144136912673611 -9.571174097146379 4.657946427785658 -3.4775772612212386 -2.4870231015466735 0.5674681657007884 -4.376113155114706 -1.1506163305332016
1128 13536 0 0 0 -3.693363232961411 -1.5611669788004277 -0.36058556167932465 -1.9417248789369188 0.12882511504457386 0.04322093522778085 0.2943538062228754 3.5076545626012217 4.1270285722045985 4.361809247000552 9.152003393751952 -9.585320641327433 4.668707254775938 -3.4702227396057945 -2.486812840312865 0.5728788608163496 -4.377323779227788 -1.1626078079928668
1129 13548 0 0 0 -3.6933258576465384 -1.5609597727660818 -0.36104156669555154 -1.941433536930628 0.12861695376352986 0.04064167135651296 0.2917823044749844 3.491743567874648 4.1267728147557055 4.3708192871399145 9.160082770578533 -9.60143186943345 4.6822965463587725 -3.4586377748409682 -2.483695015363071 0.5787493463727595 -4.3790710092581575 -1.1755327446158106
1130 13560 0 0 0 -3.693507387141151 -1.5612152242977255 -0.36054481272045685 -1.9418223212821044 0.12874862013179303 0.04259673478780039 0.2931511215973143 3.48528522199422 4.125807741728011 4.373988008724391 9.158439874226886 -9.604138320121681 4.68379000267446 -3.4568658470518776 -2.486668274731044 0.5792562358826435 -4.381849517595863 -1.1795189387170804
1131 13572 0 0 0 -3.6934725818135696 -1.561053224661427 -0.36084836209062965 -1.9415626291032242 0.128684602517137 0.041609871817963134 0.29262119099321315 3.4919470552780374 4.125326996635775 4.3696808818598365 9.158419674343492 -9.598860319523968 4.680332429899203 -3.4583665870652815 -2.484454066915866 0.5775955979237009 -4.380630546817109 -1.1729383605606756
1132 13584 0 0 0 -3.6934718866858627 -1.5610777220265117 -0.36085465744040046 -1.941617647563755 0.12859171689009094 0.040784038773463586 0.2913155081618164 3.47397195334449 4.123028468037212 4.382875832015046 9.166754626540378 -9.615931478748173 4.695428301031221 -3.448743975887693 -2.486922446305515 0.5843070615472317 -4.382562700880154 -1.1886950331192816
1133 13596 0 0 0 -3.6934332504874385 -1.56130402413897 -0.3604710314794942 -1.941964055776858 0.1286047944245078 0.04157810494342571 0.29122226695850645 3.455900442526444 4.121581690216937 4.394311029520425 9.173462804743234 -9.632575397780217 4.707996543488325 -3.4385610946628806 -2.4890728515407003 0.5908375910638882 -4.386077910795896 -1.204402416749721
1134 13608 0 0 0 -3.6933941090806837 -1.561211410261327 -0.36061957265492484 -1.9418075457536734 0.1286171794361629 0.041568029569905116 0.29171151772087023 3.4702383210849552 4.122535693917533 4.385555317412088 9.167415913675658 -9.6184324628925 4.697353153284393 -3.4480308472090693 -2.4880730446226096 0.5855422263161659 -4.382990947511168 -1.1912430208890337
1135 13620 0 0 0 -3.693383312722956 -1.561346856264467 -0.360421653128897 -1.9420481733316948 0.1285539411971736 0.0412780002583573 0.29054515514650825 3.4453458637217684 4.120651003510356 4.402155803339875 9.177528793998995 -9.641501011121045 4.7160704768210815 -3.4340474691548937 -2.4896736585875647 0.5946265894064444 -4.386206279774425 -1.210977892003626
1136 13632 0 0 0 -3.6935715046069464 -1.5610967600786867 -0.3609416634245596 -1.9417646848732333 0.12832688615961613 0.03862702498072978 0.2879183783642698 3.4282948977962966 4.119893906935776 4.412950916498766 9.187614643132347 -9.659866673260534 4.731921772528795 -3.422192587697302 -2.48616283216003 0.6017550978586768 -4.386539977249787 -1.2249087684497268
1137 13644 0 0 0 -3.693597164138399 -1.56116735591812 -0.3608178656857977 -1.9419195533471536 0.12833389863651748 0.03891569682336967 0.28789561481853493 3.4223975911065825 4.118711758943159 4.417050132015654 9.188045416380216 -9.663703072696606 4.735171741486827 -3.419782844243556 -2.489814773191933 0.6024509895617967 -4.3899969560459935 -1.2307005551540542
1138 13656 0 0 0 -3.693436097789708 -1.561495590714055 -0.3601643453448707 -1.9424303701703627 0.12854065925960045 0.041675543689566275 0.29006610104025154 3.426630622943713 4.118798960578886 4.414541834344143 9.1832064861208 -9.65695982975939 4.728179911869619 -3.4262317786881415 -2.493422447297441 0.6007217942150175 -4.390281425651035 -1.2266359719605306
1139 13668 0 0 0 -3.6935262867773986 -1.5615341165306824 -0.3601076983831728 -1.9425362026197592 0.12851667114633553 0.04182761745162661 0.28993213560148556 3.419893821384534 4.118192377769611 4.417535064277839 9.184164162227708 -9.661931396322707 4.732555038999434 -3.4227899793807146 -2.4933239872198043 0.6023198490896078 -4.390473599575579 -1.23034495883249
1140 13680 0 0 0 -3.6936812387486917 -1.5611948991296578 -0.3607040761488146 -1.9420978891517802 0.12843287492124078 0.04007902568428272 0.28915446549710927 3.434327965337068 4.119523668381446 4.410163545555124 9.180460148619556 -9.651259403726034 4.723737678298479 -3.4289441145772326 -2.492303346387433 0.597789182780017 -4.388575871362099 -1.2212534364087309
1141 13692 0 0 0 -3.6938218948044153 -1.561407713760911 -0.36036288190372995 -1.9424636028924487 0.12838863004356849 0.040134856231913846 0.2880203816981788 3.401145633074971 4.118011800858225 4.432816502892614 9.193077150107841 -9.683836937673146 4.7486668913844206 -3.4112638085817735 -2.4961176878072924 0.6099462971361778 -4.393968196471367 -1.252258453954882
1142 13704 0 0 0 -3.6937228580269887 -1.5607101511191335 -0.3616753384178046 -1.9413418185202393 0.12813209815041549 0.03619072149117693 0.2862005224304395 3.43500182538756 4.11977512713582 4.410244909926492 9.186329602285783 -9.655289972824901 4.729689378371865 -3.42755463254289 -2.486224463169602 0.5989481509240373 -4.384246083170129 -1.223161796763439
1143 13716 0 0 0 -3.693802305949916 -1.561281197191392 -0.36061639293132 -1.9421929632907657 0.12833131380485024 0.03939398616420762 0.287724139216894 3.408553268668495 4.117224975477751 4.42875034878633 9.193322541450852 -9.677940444648803 4.746122625638452 -3.4164034674871218 -2.495587420207411 0.6079530146212953 -4.391288560007976 -1.2472867458308465
1144 13728 0 0 0 -3.6936547739054353 -1.561393960439434 -0.3603981803792381 -1.9423242636858795 0.128399731566009 0.04024658963808683 0.2884314108184524 3.4110137637101534 4.117939280972132 4.4261928548561045 9.190361184354108 -9.673814222321386 4.742063514268801 -3.4175155285930705 -2.4926762308137915 0.607751592547851 -4.38998533910518 -1.2415568908990378
1145 13740 0 0 0 -3.693749816482017 -1.561161179175471 -0.36083884293902224 -1.942049933027683 0.1282869013967965 0.038721868200749215 0.28735582274337523 3.413449341763913 4.1201840524619096 4.424243132234094 9.190453626674689 -9.67279025636073 4.74106991287179 -3.4186504041923946 -2.4893648130830663 0.6070559461011501 -4.387904927978959 -1.2388183731089413
1146 13752 0 0 0 -3.6938837364492123 -1.5612611553483855 -0.3605897498188254 -1.9421593206048366 0.12844687025271506 0.04049426247960321 0.28937592715002064 3.4292236037565873 4.122056494562711 4.414241899899964 9.180312799811958 -9.655923561483549 4.726919318915763 -3.4303765379793862 -2.491030619123724 0.6003549033571114 -4.38612761734661 -1.224842365068878
1147 13764 0 0 0 -3.6938910306592545 -1.5610737767424798 -0.3609851056106235 -1.9419848061613472 0.12825908568385977 0.03812434115185203 0.2868686432496002 3.41232428673649 4.121026611751199 4.426002265722874 9.190287468059665 -9.67404592476622 4.7421502768497845 -3.416544485141621 -2.489014276037899 0.6075105196287781 -4.388289613589709 -1.2392214161741975
1148 13776 0 0 0 -3.6937648422182914 -1.5612053070577405 -0.3608026360869883 -1.9422280102434355 0.12818566932544082 0.03793569011299486 0.28583476535997915 3.3910112134948656 4.117503755099471 4.438083764580476 9.199163139151946 -9.69193191326861 4.756708089413935 -3.402718141908097 -2.487972645675772 0.6147660437780731 -4.392157574928768 -1.2538454547795819
1149 13788 0 0 0 -3.693796070844998 -1.5614866905661493 -0.3602615958736486 -1.9426364661442246 0.12833422681695011 0.04028438721039444 0.28763711703134043 3.3906527331763 4.117293934716299 4.4374793254311 9.194758038667992 -9.689529278783183 4.7539851735639305 -3.4055569407825597 -2.4896010245686044 0.6138698885591966 -4.391929690264578 -1.2514550006174647
1150 13800 0 0 0 -3.693741547784343 -1.5613953021562672 -0.3604746863434615 -1.9424700299530284 0.12822873662804177 0.03905507090854096 0.28642145763943533 3.383220681968099 4.117974045186932 4.442648645905332 9.19926636305662 -9.698117480287141 4.7608814046844605 -3.399083350263026 -2.4878099510331784 0.6171654175335369 -4.392642954454252 -1.2576474635426094
1151 13812 0 0 0 -3.6937092132992926 -1.561338704501397 -0.3606578396625453 -1.9425004971725512 0.1280374478326621 0.037312219976821256 0.2840314158395131 3.358209585343269 4.1165226875107175 4.459963655620376 9.209617120462434 -9.72077798492947 4.780860409132894 -3.384769925816543 -2.4875158107235777 0.6255856884600652 -4.393721121005121 -1.2753088843930867
1152 13824 0 0 0 -3.693678337758658 -1.5613766020903657 -0.36057100623988864 -1.9425355330140517 0.12809544774465623 0.037921336115370054 0.2847563200000509 3.364986793195377 4.1168836043935455 4.456273400572038 9.206603886014317 -9.714621478542082 4.7763112981783 -3.3899951452590282 -2.489899543299091 0.6230056675725429 -4.39287495495692 -1.271947733360429
1153 13836 0 0 0 -3.69381261935727 -1.5612008492745346 -0.3609029473570386 -1.9421928372942847 0.12802923815269304 0.03711591551640114 0.2846253321032785 3.375372571980737 4.117908881845808 4.451681330267284 9.20390984314452 -9.706770892364244 4.770486425738828 -3.3970594565862005 -2.490376284833472 0.6194607277188016 -4.390168360384889 -1.2655872587551127
1154 13848 0 0 0 -3.6938559509922677 -1.5612957401029661 -0.3606997055001061 -1.942306944164016 0.12813041655597857 0.03824324505526672 0.2857825966584162 3.3812500886435277 4.118998489208689 4.44648419237141 9.199136683151167 -9.700393120363323 4.763432889740365 -3.4002206361786116 -2.488933579449501 0.6172225025544922 -4.390679585698784 -1.2599982170491606
1155 13860 0 0 0 -3.693858113378374 -1.5613371496657127 -0.36062116249411047 -1.9423585961062637 0.1281402618756444 0.038296618937979914 0.2856906148560478 3.377096584033667 4.118304754240644 4.449980951697214 9.201085316675846 -9.704553200196203 4.767065099059081 -3.3994557099480054 -2.4907208830159875 0.6189348263146685 -4.391432103042421 -1.264005231230527
1156 13872 0 0 0 -3.69378011072934 -1.5614167842779962 -0.3604534721053954 -1.9425086245084944 0.1281923761996431 0.03867999042634689 0.2858440452999903 3.374362678415072 4.118514802847214 4.45010136472529 9.201991454021647 -9.706757797787757 4.768796542713375 -3.3973629307867124 -2.48988543183049 0.6202998287222619 -4.3917318307519615 -1.2657273753522003
1157 13884 0 0 0 -3.693755024363318 -1.5615957877512134 -0.36013711870847176 -1.9427792560667394 0.12822004982631263 0.03938880807839536 0.2858802986119532 3.3612857528065607 4.1180386917030445 4.456270393106862 9.206254988048093 -9.71833163227699 4.7766618087283295 -3.389462813754629 -2.489053106961918 0.6258067587103892 -4.394633929442333 -1.2755044033788427
1158 13896 0 0 0 -3.6936939447242367 -1.5614314988022564 -0.36041638803494674 -1.9425046330081366 0.12821056315433307 0.03898583385307688 0.2861878178631732 3.3792858319085592 4.119397466498954 4.446150874420237 9.200066127172969 -9.70202394123511 4.764932443683646 -3.4016751313887044 -2.4890789153053148 0.6193552568291697 -4.389993166605446 -1.2606142295446516
1159 13908 0 0 0 -3.693777508791109 -1.5612777923529344 -0.36070678085038704 -1.9423327261233854 0.1281282679651753 0.037853865692074405 0.28526676282143726 3.378016604391359 4.119537989047985 4.446477715124967 9.202495145371135 -9.704659953707903 4.766857095072079 -3.3985672702492296 -2.4859431339932447 0.6205280409366908 -4.389216647975352 -1.2622153264867064
1160 13920 0 0 0 -3.693891738850846 -1.5613857116690377 -0.36050676862036635 -1.942499902567557 0.12816728565306415 0.03861331361328159 0.28571335675462506 3.3733355891001335 4.119115328870321 4.450731989852882 9.204683354460098 -9.709207822834678 4.770392617331139 -3.397218868083861 -2.4882355571267203 0.622221469909644 -4.390151841347574 -1.267540527220389
1161 13932 0 0 0 -3.693920256926395 -1.5613221746399732 -0.36061705205695765 -1.94232425440872 0.1281679705479089 0.038430479250691145 0.2859106553202245 3.3801158784353413 4.120332281470823 4.44632706596155 9.201110966081501 -9.702892040206878 4.765536810659764 -3.4000472378352837 -2.488448355779447 0.6192718430422108 -4.389837834631014 -1.2626374988983868
1162 13944 0 0 0 -3.694017126490146 -1.561437482007654 -0.36043909144454933 -1.9424889313538878 0.12813774605640607 0.038459912232724304 0.2853354671280398 3.3621985030324 4.11908766720129 4.457722299803314 9.208136857349388 -9.720611119943037 4.779243596920751 -3.3903299734240417 -2.490249484052455 0.6262005955651246 -4.393336048583923 -1.2785071702944666
1163 13956 0 0 0 -3.6940837265163573 -1.5615006142664662 -0.360315427449575 -1.9426738833390935 0.1281546961797268 0.03882613695492196 0.28539068357865544 3.356661829013052 4.11925719789637 4.464658906098208 9.211008375414774 -9.727279560240495 4.784047281502507 -3.389059861711248 -2.4952319895437243 0.62796240689367 -4.3938287827330145 -1.285952900479428
1164 13968 0 0 0 -3.6940706105803818 -1.5613294489848013 -0.36062887549351386 -1.9424128543965784 0.12810004220793328 0.03779299876140605 0.28485210439792025 3.363551932214516 4.12010490284791 4.459661840332422 9.20946418034784 -9.722105545133571 4.780349822453162 -3.390378748208373 -2.4923532543559705 0.626039173146144 -4.392479387163063 -1.2802438601570736
1165 13980 0 0 0 -3.6939637653200252 -1.5615025627182342 -0.36030986330854314 -1.9426409302334884 0.12816767221752493 0.03886000259321043 0.2855199956700031 3.3608041758194105 4.120082627627923 4.462459390172674 9.20882069797725 -9.723917373643081 4.781635647187563 -3.391527184492051 -2.495847688948071 0.6268776989844165 -4.393139469414334 -1.2833861870314953
1166 13992 0 0 0 -3.694041396427301 -1.5613771696749263 -0.36055716101628565 -1.9424787937571777 0.128081145918771 0.03782525493609689 0.284629846731548 3.358219902316128 4.120092423455729 4.465099544711427 9.211990587729797 -9.728985914848991 4.785396041659804 -3.3883489135790423 -2.495496560001984 0.6287621256552783 -4.393255308997907 -1.2875821871461754
1167 14004 0 0 0 -3.6939649295989674 -1.561417695562367 -0.3604741831504734 -1.9425582340069034 0.12811463787930005 0.03823813510718697 0.284976174735728 3.3604046000422114 4.120017571966373 4.464501922142892 9.212212217480282 -9.727710038714545 4.783967111889123 -3.390081822467474 -2.496075566882829 0.6283919694641389 -4.392898496719282 -1.2872043647481282
1168 14016 0 0 0 -3.6939159372515933 -1.5615980725982022 -0.3601192635418713 -1.9428466948963277 0.12822041927080235 0.03972756493873536 0.286125892988237 3.361746387825535 4.119814988438504 4.462842638868137 9.208996308440433 -9.724258650479502 4.78069879518658 -3.3926238277964047 -2.4962010524361515 0.6277128688055243 -4.392385939372861 -1.2829357646923492
1169 14028 0 0 0 -3.693908625030584 -1.5614079703890955 -0.36047333683892496 -1.942542519031492 0.12814324322925477 0.03844646084827027 0.28534169663661085 3.3668140878592903 4.1206286903244544 4.4583778374763545 9.208244260584241 -9.720109768177633 4.777675474681884 -3.391668230944817 -2.4915333837720945 0.6268087259300209 -4.391611825352068 -1.277729528183791
1170 14040 0 0 0 -3.69398641243048 -1.5614302495122034 -0.3604272803138985 -1.9426099405023158 0.1281506636210576 0.03855911946095646 0.28531038524710567 3.3631704154638684 4.119769863499334 4.461572316524928 9.210499803965485 -9.724123096249745 4.780903927639737 -3.3900674457011175 -2.492317576429762 0.6283885507566167 -4.391543008397277 -1.2817375296825984
1171 14052 0 0 0 -3.6939973340842553 -1.5615434832520434 -0.360229944473621 -1.9428140078125882 0.12816085143614445 0.038861907325103764 0.2850884465510116 3.3513370706178764 4.119862612335549 4.469348938586669 9.215027309583636 -9.736155888621804 4.789501231114976 -3.3838252701263443 -2.493194334603958 0.63321624157347 -4.393061453029869 -1.2923883322376424
1172 14064 0 0 0 -3.6939710244210024 -1.561352304833221 -0.36056299135232417 -1.9425158135607785 0.12813199555822122 0.03812680962271407 0.2850774765373862 3.3669250288118753 4.121067759174528 4.459957333744516 9.209515075289747 -9.721974530008582 4.7789239707734446 -3.392521507849077 -2.4917962984511375 0.6278907075373832 -4.390520062470205 -1.280444446891152
1173 14076 0 0 0 -3.693924771295259 -1.5615234405939429 -0.36024914029503924 -1.942790443823219 0.12818346885384235 0.03900819212045652 0.28540587044625376 3.35851035081778 4.120373804175012 4.466097202349218 9.211555001168197 -9.728719870298558 4.783741038315146 -3.388273621861277 -2.494088731754433 0.6306413488927121 -4.393212097743168 -1.287386621491413
1174 14088 0 0 0 -3.693941349218095 -1.5613786509467618 -0.36054831513347346 -1.9426056937075353 0.12806548257431213 0.03750613182781974 0.28399456056119843 3.3519855709617015 4.119908685479942 4.469799679453413 9.21572110427283 -9.735761388779288 4.789983490338357 -3.383051827540897 -2.4917554354151705 0.6334044972683972 -4.393585149609975 -1.2930217526880654
1175 14100 0 0 0 -3.6938829279713126 -1.5615499271244542 -0.36024241782270117 -1.9428155246587226 0.12812032310289712 0.03852913236582841 0.2846031780195771 3.347095637555441 4.119531090167901 4.472552347785461 9.214785921520733 -9.738050273833402 4.792014443184773 -3.3821752653938506 -2.4946459583894467 0.6335907008264013 -4.395096163402225 -1.2961314581676804
1176 14112 0 0 0 -3.693938337472821 -1.561493656368931 -0.36036346384840373 -1.9427290544833582 0.12806905808259872 0.03800007618472144 0.28413601952043516 3.3443327387389505 4.119746022850076 4.474216737308672 9.216352537871535 -9.741113108713705 4.794607508247427 -3.378712389912399 -2.494494084945262 0.6337737787581234 -4.395860798673973 -1.2987753700919065
1177 14124 0 0 0 -3.693908645487655 -1.561464612786037 -0.36042533789585934 -1.9426919997085488 0.12804157318720022 0.03769090033023036 0.2838520851286322 3.343771311820263 4.119484910454877 4.473491888799639 9.217749643412679 -9.742405693736929 4.795474934671822 -3.3767639597959462 -2.4919781522244397 0.634906786932025 -4.395808037028706 -1.298952117982858
1178 14136 0 0 0 -3.6939433194636684 -1.5614544129102275 -0.3604374921881818 -1.9426832128270375 0.12804601181403383 0.03776743353189983 0.2839859047371467 3.3459066590836484 4.1195257863959345 4.472466686172824 9.217859328517916 -9.741577244191927 4.79487320027768 -3.3782630680669223 -2.4922919007353643 0.6346053238059155 -4.3947480150641764 -1.2982371575350327
1179 14148 0 0 0 -3.693954097261541 -1.561443029885079 -0.36046346462383566 -1.9427197644525842 0.1280137710031497 0.03742367672871491 0.28348684078594294 3.340595504161311 4.118441209358368 4.475380010451223 9.221461053834053 -9.74730121781789 4.800012043162351 -3.372967377385542 -2.492168144797141 0.6366267184196225 -4.395567638304389 -1.3032035401449946
1180 14160 0 0 0 -3.6939935290131616 -1.5614555724004966 -0.36044712136178597 -1.942774958841424 0.127995873470781 0.037242013480127505 0.2831281379865084 3.3346256384334296 4.1179839895476205 4.4789982354381115 9.223519511264385 -9.752654850702873 4.8043709132832095 -3.369353150477298 -2.4922868525934105 0.6389546779743579 -4.396898210203522 -1.3082136278944767
1181 14172 0 0 0 -3.6939604079607387 -1.561472407413557 -0.36044628494483927 -1.9428212665123477 0.12794984125457068 0.03702021497134216 0.2826715614089674 3.328051994265668 4.116888749340758 4.4832321218224935 9.227368268363477 -9.758220170280419 4.809769107809975 -3.3645630060242304 -2.4919540977399617 0.641238169246712 -4.397232192022937 -1.3128399609900767
1182 14184 0 0 0 -3.6939899102874603 -1.5614103199030864 -0.3605284418745045 -1.9427265115867942 0.1279852983312927 0.037060854122031105 0.28310434472931334 3.338527360236498 4.116499218109068 4.476989753143661 9.22303656248652 -9.747677100251195 4.80139859613363 -3.370419818778046 -2.492183443237326 0.637452478478292 -4.396803674361332 -1.304055750838135
1183 14196 0 0 0 -3.6938432641794186 -1.5614586170409999 -0.3604433422948754 -1.9428649043761739 0.1279842016797025 0.0371864274843072 0.2829497579153375 3.335676717280517 4.116580499517586 4.478590225263124 9.22333154583565 -9.749137113325267 4.802651758702465 -3.3687481238774324 -2.490673040262685 0.6388659973178269 -4.39654760019604 -1.3040288889226028
1184 14208 0 0 0 -3.6938275286234554 -1.5614878379703545 -0.3603850674034629 -1.94296019861789 0.12799276667336656 0.03737019387622314 0.28298175500456657 3.3345440539341373 4.114723173965923 4.477517096141625 9.224276888431017 -9.74917543207214 4.803585412686321 -3.3664762065919125 -2.4882874886510584 0.6396348991237815 -4.396842253059835 -1.3025824167237132
1185 14220 0 0 0 -3.6938776190201628 -1.5615075417475286 -0.36038511512087346 -1.9430198952513609 0.12792520029291934 0.03687921321765241 0.2820922487635485 3.320639878566137 4.113234707045224 4.485346008374261 9.229603783323865 -9.761701370342177 4.813846738642541 -3.357434357636096 -2.487841317956552 0.6445370987985823 -4.399287184047878 -1.3131854134557148
1186 14232 0 0 0 -3.6937474005986424 -1.5616178084020083 -0.3601842901144902 -1.9431353245332113 0.12796413161502262 0.037450593645640406 0.28239809546286543 3.3184175799206796 4.112913128280933 4.486427996860236 9.230608301895238 -9.763266158525424 4.814276755108285 -3.35605604120038 -2.4859686639136904 0.6459609300563166 -4.3991480582864 -1.3139015830561314
1187 14244 0 0 0 -3.693823179284757 -1.5614221382701399 -0.3604977003438738 -1.9427652339791481 0.12800205759456754 0.03720161359850119 0.2832126321672703 3.342550650524701 4.115317260527135 4.471382809350025 9.219754197536332 -9.740988372157139 4.796920943069706 -3.368368684252616 -2.485821847749868 0.6362633594194331 -4.396759761270669 -1.2953487664571401
1188 14256 0 0 0 -3.6936748800230794 -1.5615933603184076 -0.3602084893974761 -1.9430414252910242 0.12800542604283371 0.03772768116139452 0.28301500653733624 3.3292245937697023 4.11385073682544 4.478346696708174 9.22408080791654 -9.75184635088455 4.805787846389806 -3.361877883129684 -2.486437657241903 0.6407804559012946 -4.398676532342342 -1.3047678849903288
1189 14268 0 0 0 -3.6936307315114463 -1.5615401589099998 -0.3602869478458228 -1.942911738335781 0.12802992440453417 0.03780735336109855 0.2834692768714106 3.3402048058529106 4.11504636647852 4.470994133073262 9.220641458834338 -9.743206622017816 4.798383967205248 -3.3680805935431817 -2.4855373900508817 0.636975149022991 -4.396578928143985 -1.2965433603441971
1190 14280 0 0 0 -3.693539382007152 -1.5614723075693417 -0.3603880262011035 -1.9428374481100263 0.1280323127158775 0.037509229816409057 0.28340616985521994 3.347170641060539 4.117032047887157 4.467127565668601 9.218303077392315 -9.738270129150987 4.793046664208864 -3.3706817152705817 -2.485005969806065 0.635473388820115 -4.396786280704753 -1.293551593432106
1191 14292 0 0 0 -3.6935491072117954 -1.5615433914286385 -0.3602290122132001 -1.9429350826903273 0.12810425833271735 0.038395643513361395 0.28431870520377334 3.3539385722628636 4.118171779900682 4.463129738766236 9.213150510513987 -9.730376019739222 4.787817742732891 -3.3769021501882 -2.4872513603140955 0.6323971869339744 -4.394980284822325 -1.287470452014493
1192 14304 0 0 0 -3.6936059763769244 -1.5615846235257191 -0.36014231226016497 -1.9430091033493109 0.12812669710611224 0.03875298903373068 0.28457497507389923 3.3532055024059395 4.116859740823911 4.461889750818619 9.215429775845308 -9.731803610895893 4.789005058295983 -3.373826527328877 -2.4852064673212673 0.6342663378058907 -4.394908880094901 -1.2867600616056827
1193 14316 0 0 0 -3.693499275209112 -1.5615284290374523 -0.36027398520324894 -1.9428632421799898 0.12807649689531228 0.03808992124281077 0.2840533304683124 3.3528791739197565 4.11731738052414 4.462323133077227 9.216010429463427 -9.732497459550945 4.790194025427449 -3.3736112578382462 -2.4835606065640072 0.6344149592646653 -4.393802578571001 -1.2863377069728255
1194 14328 0 0 0 -3.693508043076384 -1.5616106686494993 -0.3601700032600509 -1.9430550650273342 0.12800346684199276 0.037645765019166666 0.28287809612738285 3.3315465533581743 4.115638679248457 4.476453134283501 9.223725816743828 -9.751379956244815 4.806219886514412 -3.3634017589943945 -2.485908351334811 0.6411551881967221 -4.396005194753521 -1.3039875329370092
1195 14340 0 0 0 -3.6935481909208048 -1.5615263507328454 -0.3603187177968905 -1.9430628299116468 0.1279519395890668 0.03685583677187513 0.28200087491067405 3.326679460529471 4.115650753392335 4.478269310816811 9.22619123629972 -9.756224306834572 4.809855878883692 -3.359222021988247 -2.4835920153035977 0.6438382967088334 -4.396540954726394 -1.3076681902391378
1196 14352 0 0 0 -3.6936038139583967 -1.5615083438765751 -0.3603218947405176 -1.9430897672904024 0.12798669118313843 0.03712922532216996 0.28241478520108115 3.332706534115595 4.116868968915407 4.471704156997211 9.222650426918886 -9.749650900670167 4.804877978804423 -3.362615010519091 -2.481727537622404 0.6411243268393981 -4.395321655043178 -1.3009192027667722
1197 14364 0 0 0 -3.693575175741204 -1.5613211740993713 -0.3606518781802251 -1.9428243985381428 0.12793957996362504 0.03617987082257539 0.28203798051679296 3.343491243564953 4.118273367400351 4.464620490996854 9.220424661946163 -9.742227226309355 4.798248841265112 -3.36745914402199 -2.4794605626810755 0.6383752174497973 -4.393160707827583 -1.2935189610019238
1198 14376 0 0 0 -3.693470187144505 -1.5613908653778985 -0.3605108636828822 -1.9429382913093234 0.12799291490502593 0.03676357798796975 0.2824975985979136 3.345446786159283 4.118104966671331 4.4639386660237665 9.218793778112747 -9.740057849013494 4.796687892979309 -3.3695643291666304 -2.481484770672965 0.6373700869895761 -4.393308465848966 -1.2927763277462663
1199 14388 0 0 0 -3.693629892820905 -1.5613110490945414 -0.36064699790172655 -1.9428862902673651 0.1279663483553886 0.03635251218414697 0.28219110978219036 3.3453859271657915 4.119079964839397 4.463563267582082 9.218403915101238 -9.740243963344803 4.796927895674568 -3.3701795168661115 -2.4812383040675545 0.6376206750259497 -4.392905377962289 -1.2929931318536287
1200 14400 0 0 0 -3.6935921258397877 -1.5613722090271018 -0.3605289251798025 -1.9429403672866772 0.12801060716811682 0.0368645661953493 0.28268476245246726 3.34772872931681 4.118498400027109 4.460431123946155 9.21705108414698 -9.73688768033248 4.793925341329256 -3.3697220256731777 -2.478811627174777 0.6373861897966684 -4.393661388802545 -1.2875992928798659
1201 14412 0 0 0 -3.693456311799321 -1.5613761316691663 -0.36054056979083243 -1.9429392662100167 0.12798042978816984 0.036499158473447126 0.2821978220808614 3.343650116817268 4.1183036536677955 4.462725101492564 9.219357570767178 -9.741456033869337 4.796680869970656 -3.36405017708246 -2.4762497239179257 0.6402493255270614 -4.3951518073951155 -1.2910445647603639
1202 14424 0 0 0 -3.69355894604064 -1.5613875204759207 -0.3605272770347568 -1.9430108480281265 0.12795603573452918 0.03628659873153191 0.2817513567628849 3.3358439373242703 4.117119617905285 4.468645349209177 9.224300680444378 -9.750487305622697 4.8040022764949075 -3.359020629910159 -2.476587790311004 0.6442240634147524 -4.3953489222715945 -1.2990400398340505
1203 14436 0 0 0 -3.6937230258988336 -1.5612819105988012 -0.3606932027589218 -1.942829564386519 0.12798297642807555 0.03626679475635667 0.2822986260766238 3.3475138335098547 4.118459394767974 4.462175108532696 9.218874285217634 -9.738821273512416 4.795067846234466 -3.3675852941018434 -2.476110347171565 0.6395102211009227 -4.392402913899021 -1.2896514463084727
1204 14448 0 0 0 -3.6938286247914918 -1.5614266939444732 -0.3604092626392908 -1.9430379628573986 0.12806229668194033 0.03761972669725715 0.2833899467806469 3.3487058596631734 4.118136227847176 4.4608542349226274 9.21766285522436 -9.73752659852404 4.793145883253711 -3.3710442092009707 -2.475814351058623 0.6400828060576355 -4.390881735048244 -1.2875972106359488
1205 14460 0 0 0 -3.6937694035118374 -1.56179335419499 -0.35976473366868317 -1.9436109597704097 0.12812978548178144 0.03927256526188022 0.2837731363297194 3.3259667644260307 4.116875225717916 4.476267295468179 9.222006716470935 -9.754413112565423 4.8069692967101885 -3.361271477126523 -2.482310355773808 0.6463290437337059 -4.395705615862943 -1.304788506534485
1206 14472 0 0 0 -3.6935813551823773 -1.5616263880573569 -0.3601117032135037 -1.943374329784107 0.1280092510434037 0.03772145811687143 0.2824803085104507 3.3259198241164176 4.117073961390108 4.47715435211395 9.222174873389502 -9.754089454876398 4.80754499119287 -3.36149725423851 -2.4807600758869235 0.6451372472112665 -4.393877861789503 -1.303721360214197
1207 14484 0 0 0 -3.6935990878601586 -1.5614504323598486 -0.36044211028230816 -1.9431640332719557 0.12791338321399934 0.036237794749480225 0.28122444530414065 3.323920805303329 4.117895827880107 4.478273090877573 9.224337080431253 -9.756902895811407 4.808955434782197 -3.356986042842724 -2.477554843066461 0.6464297488297919 -4.394149823434632 -1.306036271038742
1208 14496 0 0 0 -3.693759104379474 -1.5614312187653119 -0.36046848107022633 -1.943117866320623 0.1279321478686824 0.0365544638021525 0.2817592411612548 3.3289650566186495 4.117518123961317 4.475571738685171 9.222305164971653 -9.75212797789913 4.805707305187679 -3.360208288284798 -2.4783957217572934 0.6437598905681399 -4.39340461510045 -1.301932083467548
1209 14508 0 0 0 -3.6937703003457414 -1.5614340159891948 -0.360471208652814 -1.9431677144777062 0.12789309418086206 0.036115002442563396 0.28106324760203655 3.3205705511043035 4.117448848194791 4.481272793733552 9.226055358056993 -9.761376425445238 4.81327476854454 -3.355704583199974 -2.4794471224531356 0.64725953401561 -4.394582921124612 -1.310153295030189
1210 14520 0 0 0 -3.6936525177460187 -1.5615400760739013 -0.3602830877599479 -1.9433033336274452 0.1279230915609926 0.03655473825206868 0.2811785816116458 3.3157539546659436 4.116413911449171 4.481926857506924 9.225921163105207 -9.763325419644957 4.81575233614637 -3.35355124846556 -2.479813508529769 0.6477976032517783 -4.396033599714952 -1.3111533655625003
1211 14532 0 0 0 -3.6936270077097366 -1.5615165180100712 -0.36029603678520494 -1.9432549377747779 0.12797239743302002 0.036937081006834946 0.28188032482860265 3.3272950636647103 4.116590564463002 4.476380835622188 9.220341918381429 -9.751187972859798 4.806557055245588 -3.3624635911186695 -2.481652042948148 0.6434891821010866 -4.394640540112749 -1.3019706858386533
1212 14544 0 0 0 -3.6936521227938584 -1.5614211978266401 -0.36044477426134186 -1.9432153625974642 0.12797112810106723 0.03668433824261728 0.2818811635098664 3.334696694922997 4.117484965921016 4.471638608006506 9.219264530862981 -9.745823667208061 4.80123251703139 -3.365466959521674 -2.4786669691756233 0.6420940240778956 -4.392926464882722 -1.295921753218079
1213 14556 0 0 0 -3.693733240843119 -1.5614199774221953 -0.3604279847547322 -1.9432498379687162 0.127989175547534 0.03681000829398534 0.2820279102530266 3.3359165297646403 4.118217792188748 4.469843230706291 9.218361171205224 -9.743519506394705 4.79990586458325 -3.364715602604503 -2.477455635098352 0.641353831794333 -4.392862265814992 -1.2933611575545736
1214 14568 0 0 0 -3.693869822052638 -1.5615605299570483 -0.3601223903629732 -1.9434951471408215 0.12812047532110385 0.03851069382767916 0.28362322003519214 3.34266017752423 4.117870540381906 4.464846866714399 9.214466436276377 -9.736117203397466 4.792770118950812 -3.3690762193748993 -2.476795890452702 0.6393126434219721 -4.39254888948951 -1.285731272103792
1215 14580 0 0 0 -3.693776084064231 -1.561520741362405 -0.36022061524320603 -1.9434362616729426 0.12805862938875484 0.03795809041586227 0.28305788621536426 3.340987028015286 4.117141924383881 4.465424356782163 9.214924493986985 -9.736782743111839 4.794136670260713 -3.366667570508752 -2.4743763668959877 0.6400266288666538 -4.391308199664482 -1.2843700456498488
1216 14592 0 0 0 -3.693692411247545 -1.5615737090793695 -0.36015762222736486 -1.9435569111705868 0.12800880596015576 0.03761548502555564 0.28224655112325 3.3279528368681692 4.116216469379909 4.4734241927535985 9.220405598834917 -9.748953010716633 4.8036964653615986 -3.3589195427219702 -2.475915048422531 0.644580036104714 -4.395010501415548 -1.2964848663629578
1217 14604 0 0 0 -3.6936848948096177 -1.5614049510555132 -0.360454732746826 -1.9432916372925209 0.12797646585376765 0.036706117931346774 0.28189943467875056 3.337142827699702 4.116910237752393 4.467785550228851 9.218521817020653 -9.740999883994132 4.798097396792935 -3.3646876129648047 -2.4740524247529345 0.641102043142394 -4.392261125155632 -1.2896578847087063
1218 14616 0 0 0 -3.6936532407838967 -1.5614889545841595 -0.36029864594879385 -1.9434774562321444 0.12797501505499928 0.036837820610616384 0.28155372661688255 3.3278453227206843 4.115031770804088 4.472836786490579 9.221020318044951 -9.746927803578373 4.804614338009344 -3.3587561766770757 -2.4755923972609497 0.6440667311290973 -4.394825712817085 -1.2954369209587664
1219 14628 0 0 0 -3.6936900895869806 -1.561512087708519 -0.360237931513324 -1.9434775791291092 0.12802466660365625 0.03729818548035802 0.2821477853280042 3.332679936830579 4.115174883952001 4.469626489001398 9.218871934898301 -9.741631083958245 4.801036048329351 -3.362515649167452 -2.4760335756992298 0.6415955544377185 -4.392980119437574 -1.2911481425546634
1220 14640 0 0 0 -3.6937056363244687 -1.5613792893314309 -0.3605141987623155 -1.9432824872416474 0.1279171194802421 0.03615140435639437 0.281174558042499 3.3310708489794725 4.115920477582517 4.470185859442513 9.22188540833845 -9.744875497038763 4.804267660990819 -3.3610862908876693 -2.472930299500079 0.6429917029972588 -4.391354047801589 -1.2921215765222913
1221 14652 0 0 0 -3.693601288865206 -1.5615490283839737 -0.36021135774144164 -1.9436276777180068 0.12792908532748173 0.036777462104087 0.28104368006195857 3.3192715112369005 4.113722387658991 4.476961882454994 9.225715641020168 -9.754050537305398 4.811783108778458 -3.3537048203093724 -2.472583022397313 0.6477453992665104 -4.393700878008395 -1.2995063519382573
1222 14664 0 0 0 -3.693484081703513 -1.5614470675140084 -0.3604160692813138 -1.9435491325058758 0.12784579239622915 0.035641610016311866 0.27989665149224885 3.3154958111299484 4.11422031314302 4.481467632887148 9.230069430726022 -9.761190312908063 4.81687060334272 -3.350639890626337 -2.473666635767884 0.6501902597381958 -4.393837695725259 -1.3069772163196622
1223 14676 0 0 0 -3.6934468323115253 -1.5614767800979914 -0.3603892253491529 -1.9436729608959953 0.12779234356917074 0.035427849631205974 0.2792971450078678 3.306579029764033 4.113954175968604 4.486981509664122 9.233884516107262 -9.768968819877541 4.82262127689298 -3.343649265017824 -2.4701930573634363 0.6541897419928127 -4.394004907837315 -1.3122304067319601
1224 14688 0 0 0 -3.693539552770324 -1.5616794838708608 -0.35998686055301177 -1.943930057753357 0.12790353934749477 0.03697881168324732 0.2804987427503605 3.305688732897156 4.1138502448719425 4.488194819786065 9.23199410724818 -9.76866126947596 4.822560329196868 -3.345186899900936 -2.4732555932554323 0.6545840466171523 -4.394383987246512 -1.31342868679794
1225 14700 0 0 0 -3.69371527423393 -1.561536787694025 -0.3602353523480953 -1.9437866601655325 0.12785683211041582 0.03602138194732449 0.27982292247239016 3.3052371351395893 4.11372388276308 4.489356697049976 9.23431435161847 -9.771073272826564 4.824482248275029 -3.3401578974738264 -2.471621588192777 0.6564515501333896 -4.3950240024899045 -1.3155905056425685
1226 14712 0 0 0 -3.6937275878937705 -1.5614763339645712 -0.36036750963304187 -1.943605234970232 0.1278198299329129 0.03550459304164601 0.27955865709699906 3.3061765676397417 4.113199269981765 4.4878869243954265 9.235930416369165 -9.771285129471256 4.824865231511189 -3.339391127743139 -2.4693366054806423 0.6563563501105744 -4.3946238573753105 -1.3146691401857418
1227 14724 0 0 0 -3.693666021727116 -1.5614727680482703 -0.36038480751412305 -1.9436054742189495 0.12780016248594034 0.035219743088317004 0.2792012214394153 3.303665985053108 4.112088355240393 4.486719198697278 9.23823933033917 -9.773511235306254 4.8279144148612305 -3.337654196827139 -2.4653267130597305 0.6580753755088219 -4.393535471624507 -1.3135431540647753
1228 14736 0 0 0 -3.693493180954278 -1.5613290947009737 -0.36064886962505616 -1.9433941809309034 0.12774961949100916 0.034282150933431184 0.278668938617756 3.3121043886765538 4.1133650339518 4.483023033311285 9.237120871532559 -9.76845827550718 4.8248971205622455 -3.344220498006473 -2.466352900159069 0.6563559088802949 -4.391234829974938 -1.3090942159819532
1229 14748 0 0 0 -3.693383628722464 -1.5614926638386735 -0.3603572870930298 -1.943707799607283 0.12777078669886435 0.0350773675369125 0.27881269067798176 3.3034926825230992 4.111701024451727 4.488041087455268 9.239067649055247 -9.775713137388955 4.830830265553295 -3.341302916233232 -2.4699584980771494 0.6586088723447151 -4.391997404002587 -1.3170686648010512
1230 14760 0 0 0 -3.693517024010325 -1.561312132557393 -0.3606812185006808 -1.9434354394247968 0.12772244457729903 0.03419657491810556 0.2784713772644526 3.311058188181407 4.111271638044202 4.482474865486793 9.236836325285232 -9.768881960547235 4.826380470621898 -3.3456564922182497 -2.4687541624737728 0.6554652752067753 -4.389753848012326 -1.3112760889392847
1231 14772 0 0 0 -3.6934358585787272 -1.5613771968896613 -0.3605904458139176 -1.9435125251212257 0.12770165363614097 0.03431650371721696 0.2783062548485438 3.3057094620156406 4.111377014014975 4.487189355937161 9.239772195759448 -9.775006223274982 4.831308799944515 -3.342644776337233 -2.4709191728095226 0.6579403837528487 -4.391270578913555 -1.3179181045482453
1232 14784 0 0 0 -3.6936467246640565 -1.5614186243314436 -0.36050012754864214 -1.9436905467920926 0.12770494898242213 0.03446963830189888 0.27811534191847487 3.2971250908453156 4.11113229262795 4.4903419807824605 9.240360049211356 -9.780849153324944 4.836458257006919 -3.3373976847221476 -2.4693929363219174 0.6601596589231847 -4.392327660568474 -1.3217217847966964
1233 14796 0 0 0 -3.6935204193970037 -1.561548227052303 -0.3602919184776316 -1.943884944564034 0.12770467128911406 0.034795115523485305 0.2778980896234979 3.286075600261417 4.110206747679484 4.497298368372313 9.244268841309923 -9.791501383716923 4.843784963634034 -3.332448703814899 -2.471987201684014 0.6636886129075098 -4.395637319727816 -1.3324208404562699
1234 14808 0 0 0 -3.6934563054763885 -1.5615801105314253 -0.3601993567253563 -1.9440583493551893 0.1277431063722348 0.035263098603022666 0.2782613099861765 3.2907942862118347 4.110276230033372 4.494090640224019 9.242938774463047 -9.786417810981321 4.839280443324821 -3.332619023182744 -2.469952157711083 0.6624615453868232 -4.395001739534904 -1.326577170310209
1235 14820 0 0 0 -3.6932544138625665 -1.5616691250028822 -0.3600176395439434 -1.944171006057396 0.12782158910480246 0.036205972080939945 0.2791853794406306 3.2994898354708315 4.111059794096712 4.48954109207341 9.2391542030431 -9.779218815872575 4.832206236540793 -3.3393319884694375 -2.470461383336839 0.659195955469156 -4.3934087570683 -1.3211982663927555
1236 14832 0 0 0 -3.6934320237344647 -1.5615966957560394 -0.3601565188727058 -1.9440593052850792 0.12778646619615278 0.03576931275773892 0.27891345074775675 3.2980947191024383 4.1103478466429975 4.489260508809048 9.240999465990093 -9.78057036036863 4.833640382310056 -3.335791467123959 -2.4671007118625754 0.6599460798566619 -4.39260182462588 -1.3211445407489695
1237 14844 0 0 0 -3.693435029290746 -1.5615650368883978 -0.3602518577807341 -1.9440934952596558 0.12767954408425194 0.03478980574833587 0.2775463609443621 3.2847521219076135 4.110747698468853 4.499103110374949 9.249075078117716 -9.796067560588005 4.846217266928337 -3.327241889646456 -2.4681580144244246 0.6660434982237409 -4.393943779392553 -1.336855841623882
1238 14856 0 0 0 -3.693490019654231 -1.5615010752455174 -0.36036114014306914 -1.9441197784472701 0.12764019211436406 0.03429180967351121 0.27701316673447 3.283063708756691 4.110411342443001 4.501304695364028 9.252232217887062 -9.798654968590284 4.849120434568 -3.32426522306941 -2.4678277614728064 0.667539233724349 -4.39433045713566 -1.337791631812975
1239 14868 0 0 0 -3.6933998687636542 -1.5615337666041247 -0.36028800165832875 -1.9442058942093956 0.12768162446713618 0.03481046614784376 0.27756658956124775 3.289877417512946 4.109578039674524 4.493875863839014 9.249946302073843 -9.791992994206863 4.84379147609918 -3.327657472711095 -2.463887201449622 0.6655705321118255 -4.39267482994443 -1.3294255010332632
1240 14880 0 0 0 -3.6934655749318166 -1.5614527788772008 -0.3604259643548899 -1.9440854870226312 0.1276812494362948 0.03462523959444289 0.2777122840778755 3.2960435699243398 4.109103250170404 4.489156358432478 9.249206818926908 -9.788483860655301 4.840033935197956 -3.3287850216810724 -2.46173312967057 0.6648366911875632 -4.391553194257454 -1.3253488562069842
1241 14892 0 0 0 -3.6934593548809707 -1.5615740600053565 -0.36019829519186414 -1.9442164438094527 0.12773737959166692 0.03537094478435505 0.2782183706714601 3.2933958762114726 4.109378179916523 4.491490820289472 9.251542315450948 -9.79244767177949 4.842446798218851 -3.3294992186003536 -2.464269823019758 0.666643037126423 -4.391574858622829 -1.3312351954110235
1242 14904 0 0 0 -3.6932987864794677 -1.5615787343348873 -0.36017924314726174 -1.9442079139339776 0.1277614189955492 0.03534568792679048 0.2782519666488355 3.2957595783506255 4.108779965627726 4.489319036171801 9.25055197717505 -9.78881959134719 4.839962271245745 -3.332746692357532 -2.4643117554286054 0.6655883645531572 -4.392318260860398 -1.3268268109246837
1243 14916 0 0 0 -3.6933284885078783 -1.5614886859264976 -0.3603203314302753 -1.9442246900461366 0.12773552938600852 0.034715100654368766 0.27760638974283824 3.294399147618305 4.108860498600594 4.489725529579918 9.253606263110212 -9.791177145972734 4.84125672610382 -3.3290832650173856 -2.4619552880415054 0.6675956550676688 -4.393021526140625 -1.3291573374634025
1244 14928 0 0 0 -3.6932668023443442 -1.561504082820876 -0.36027821838977947 -1.9443518329433283 0.1277426891992951 0.03471270173737541 0.277398761955568 3.292204257476561 4.108518909747936 4.4887540459291735 9.256672577719433 -9.794693636916339 4.8446629839752156 -3.3266612162560736 -2.45963209473713 0.6696004547719931 -4.392434504005671 -1.3307296831195068
1245 14940 0 0 0 -3.6931960948184894 -1.561312842922272 -0.3606348655060904 -1.9440432098888036 0.1276819340061932 0.03354698440735849 0.2768345110680297 3.301213745730272 4.108396251818566 4.482927228357662 9.254170023133188 -9.7858820595815 4.838730340413431 -3.3329085186867395 -2.45782697827521 0.665601493265162 -4.389849225045777 -1.3209809955207974
1246 14952 0 0 0 -3.693275792860166 -1.5613980963046064 -0.36046527256084904 -1.9441581572998157 0.1277419003493141 0.034287225172375965 0.2774557011550832 3.3013045679075654 4.109499477176368 4.4858265010425304 9.253923976697564 -9.78631023538728 4.8394801298808385 -3.3375294795734693 -2.462831723797774 0.6655892196154527 -4.389418354921158 -1.3239015545983277
1247 14964 0 0 0 -3.6932109353249913 -1.5612937317141742 -0.3606638832141843 -1.9439533475299204 0.12770288912685518 0.033556695968258055 0.2770769893845925 3.306352608149507 4.110636847770501 4.484456517383002 9.254987497075197 -9.784300668218824 4.837865740011434 -3.3400285167254196 -2.463560192810851 0.6656841801890647 -4.38872334950259 -1.3227470787652844
1248 14976 0 0 0 -3.693183983583406 -1.561513977115147 -0.36027957978251773 -1.944289249508326 0.12772788578475125 0.0345092143495201 0.2772221705225413 3.2923377796155244 4.108615945472323 4.492985689857103 9.256975175326936 -9.793484769188467 4.846974165387408 -3.3359198957269847 -2.4683178911016204 0.6682834840214131 -4.391857534147859 -1.3311180092868329
1249 14988 0 0 0 -3.69310760342165 -1.5615693405489723 -0.360203393715289 -1.9443257909885294 0.12769901277730364 0.03433864843411914 0.2767804701129993 3.283969498723014 4.107767643738168 4.495730182909808 9.258893453600399 -9.798249104964624 4.851329084607389 -3.3316680521250293 -2.4661109674072113 0.6702143421825772 -4.392642626908265 -1.3344843472590948
1250 15000 0 0 0 -3.6931595469875886 -1.5614574733662432 -0.36038744538568457 -1.9441209818654146 0.12769446562324133 0.0338123443789219 0.2766989909036416 3.2909561716406226 4.107235342284124 4.487927635299423 9.253894091955816 -9.790242927542948 4.844475153051428 -3.331143394290107 -2.463059805459512 0.6664819152324577 -4.39413572922934 -1.329359374529105
1251 15012 0 0 0 -3.6932098408995144 -1.5613275873341987 -0.3605987097631413 -1.9439141090735854 0.12770521411507907 0.03349496305479297 0.2770174662087103 3.304898780522378 4.107921037837715 4.478635127844252 9.250253148730573 -9.777372556513091 4.8347823905716165 -3.336456248055571 -2.458967205516166 0.6620381826245031 -4.391003859990967 -1.317321801914815
1252 15024 0 0 0 -3.6935424802347865 -1.5615368754807217 -0.36015056218347585 -1.9442499945257978 0.1278775244762634 0.035707418327017446 0.2790223042818163 3.308351043794477 4.10776745130671 4.477251168376037 9.244882681742785 -9.772908400158421 4.829659503828875 -3.337960497253194 -2.4623816776200873 0.659071182339716 -4.391453658122134 -1.3150011068946577
1253 15036 0 0 0 -3.693671411263546 -1.561490838659155 -0.36021577958530754 -1.944120019201923 0.12790099190997722 0.035738975390490965 0.2794278457291491 3.3157091843388122 4.106910490269317 4.469412283671364 9.243642419984972 -9.765816337716123 4.824099821886448 -3.3406046374101193 -2.4587877534425937 0.6572550053986428 -4.390599972247274 -1.3078724925825813
1254 15048 0 0 0 -3.693599481833576 -1.5614253358220542 -0.36036961502756676 -1.9440037270553578 0.12780334036523577 0.03472609107430952 0.27836349762673096 3.310250963901322 4.105804127958823 4.472698735587665 9.246583916589334 -9.770846612650953 4.829746212049411 -3.3388977926560233 -2.458710304366545 0.659008676723103 -4.390761089272219 -1.3120569984417263
1255 15060 0 0 0 -3.693671543547473 -1.5613688479425731 -0.36044954259240525 -1.944021625567055 0.12782627393575874 0.034829726592540126 0.2786913190664768 3.317441922656327 4.105193872911739 4.466496550498208 9.243467525433621 -9.7610764587209 4.82289555491708 -3.340699373083355 -2.456271508737123 0.6542528065468648 -4.389855805160072 -1.3028691951011062
1256 15072 0 0 0 -3.693610129967732 -1.561336558087797 -0.36056189660446114 -1.9440804102126652 0.1276899386865324 0.03363606332678796 0.27701870735541145 3.301042071505335 4.103878992935143 4.477876132243511 9.251477417454682 -9.776642412207913 4.8360552266020544 -3.332036184399388 -2.454933960340343 0.660382228524526 -4.389290762534472 -1.315729976214255
1257 15084 0 0 0 -3.6936568289541665 -1.5613750359966068 -0.3604608360693609 -1.9441671069205078 0.12774105644278463 0.034096859372543906 0.27742688154908934 3.3037253249086724 4.101773602985946 4.471379143667298 9.247447154971326 -9.769125256281761 4.831354786670763 -3.3334016490162264 -2.4506589461455524 0.6578522470109184 -4.388995099526667 -1.3081155180547492
1258 15096 0 0 0 -3.6937077238302383 -1.561602924306392 -0.3600429393437509 -1.944484610833678 0.12783209147825295 0.035598089402190586 0.2783539245026626 3.296156852322039 4.098835493635646 4.476221340990503 9.24776195347177 -9.775580395664038 4.836377281675469 -3.330116106988357 -2.4543255126549703 0.6598161923983967 -4.390236523774537 -1.3148627651166005
1259 15108 0 0 0 -3.6937398101270453 -1.5614066993032967 -0.36035404390638126 -1.944291417854522 0.12781837286482037 0.03494320720770855 0.27836815238978374 3.3132725590097056 4.099916273298069 4.466792039798671 9.241942675701653 -9.75983536024065 4.824264227329435 -3.336424142566883 -2.4529598218599085 0.6533001207582547 -4.389020155442991 -1.3027754517651615
1260 15120 0 0 0 -3.693706548899478 -1.561403989610504 -0.36038665025848954 -1.9443686439600134 0.12774159820395678 0.03419198548914447 0.2772481723476148 3.3015749021973386 4.100673184883714 4.47639963107115 9.244982156824879 -9.771541635916547 4.83338213942599 -3.3314529982834706 -2.4548528486716665 0.65795142128324 -4.390520429739903 -1.3141507457385295
1261 15132 0 0 0 -3.6935867635292783 -1.561506664724236 -0.3602446418593551 -1.9444816318318765 0.12769015288675473 0.03423377579371966 0.27681848402428644 3.290780536757707 4.098462512432521 4.483494579150427 9.248390247286386 -9.777791887232016 4.840052105021038 -3.3241867286286277 -2.454187361080403 0.6621573656891294 -4.393094938446915 -1.317048138185745
1262 15144 0 0 0 -3.693654099109573 -1.5614610188614526 -0.3603134354784676 -1.9444680383542239 0.12767076136456626 0.03398590357239271 0.27663631475908235 3.2937770759314122 4.09887180204423 4.482464170695214 9.243925853453277 -9.77271447309639 4.838270330633019 -3.3290963941763794 -2.455129073084156 0.6608917157920106 -4.3901082800777225 -1.3123255126407745
1263 15156 0 0 0 -3.693543464979407 -1.5615753902946847 -0.3601451245280301 -1.9447048683186259 0.1276069118914779 0.033724543361158175 0.2756230319933788 3.2760714059747182 4.09714052294437 4.494199540060302 9.254272151896055 -9.791348087578932 4.851978156118071 -3.3152609100262733 -2.4565074184391475 0.6687703209890492 -4.3951828646939886 -1.3309293305435987
1264 15168 0 0 0 -3.693521048424353 -1.5617018688132913 -0.3598873892626968 -1.9448783992224419 0.1277000332055205 0.03504999364501747 0.2768933446027532 3.283774651690875 4.094308740451183 4.4860595139033626 9.247042676185195 -9.779325263194833 4.841389016019867 -3.316949207663742 -2.453122594694636 0.6641412275870177 -4.396631321675472 -1.3186883169221326
1265 15180 0 0 0 -3.693512269738687 -1.5616272353593816 -0.36002319011095274 -1.944848206496877 0.12767160205700898 0.03445973821973619 0.27634834504209016 3.2831029544057175 4.095548552370701 4.480990314477785 9.249436027325794 -9.78147015433042 4.842400645017787 -3.3118041317292564 -2.4461737610368313 0.6656205219518678 -4.397708145429265 -1.3166649169961506
1266 15192 0 0 0 -3.693626051604807 -1.5614201254053968 -0.3604198506966551 -1.9444695424480827 0.12758417340367756 0.03320883638589091 0.2756748013717288 3.2880962109487673 4.096387672552116 4.477732429170812 9.253067092331 -9.781870449304789 4.842161699005388 -3.3137269562679883 -2.442916514287004 0.6664245276694177 -4.394980087254174 -1.315995410801711
1267 15204 0 0 0 -3.6938671219645243 -1.5612545006901013 -0.360753292273008 -1.943963879843032 0.12756088903641485 0.03250262268654388 0.2759607965336943 3.2976202677009514 4.0960843697489615 4.473349693112813 9.252904797050785 -9.77843650414247 4.837900966988406 -3.318230757286987 -2.4462066033408356 0.6627002201257679 -4.39555001364083 -1.3162538618057409
1268 15216 0 0 0 -3.693854463532648 -1.5615069795745535 -0.3602780857276345 -1.9444604531049032 0.12761694568747162 0.033786920748752274 0.2763251909695808 3.2859265114432916 4.092245823490955 4.476103885666382 9.251581470924936 -9.78150721139156 4.8432697674120755 -3.3105334600095095 -2.445043191645431 0.6647895249757694 -4.39672824112741 -1.3186955415665156
1269 15228 0 0 0 -3.6939450876405204 -1.5613342406783166 -0.36056369560769397 -1.9441214097856827 0.1276205897368867 0.03316403643893426 0.2765942494629695 3.3043528673960125 4.095007924104108 4.468031205666836 9.242270604630086 -9.763868289902756 4.8300634269153715 -3.3212649806217494 -2.446484173319939 0.6582160804757785 -4.394941880948237 -1.3055841198135532
1270 15240 0 0 0 -3.694076657940571 -1.5614411585084211 -0.3603380369290951 -1.9443354291688242 0.12768532871936752 0.03395668771444897 0.27708217854119604 3.3010686892830967 4.095356126483082 4.47056178797135 9.241354024927809 -9.764496354581922 4.832349263790399 -3.325288211091882 -2.450764811433182 0.6594429054193247 -4.394308432245631 -1.3080820587623025
1271 15252 0 0 0 -3.6940258901042404 -1.5615851192081247 -0.360112624626333 -1.9445846972567586 0.12763817012413786 0.03415108016985844 0.2765732598354004 3.2867004016007395 4.089811640766264 4.477398419196767 9.245210986754763 -9.776090476908257 4.841494586750491 -3.313450931288988 -2.451269973661833 0.6634366695754887 -4.40134494054807 -1.3216567746493704
1272 15264 0 0 0 -3.694164551315388 -1.5615086359898798 -0.36023204321183555 -1.9445310737472263 0.1276062405929359 0.03341654610608952 0.2758974559834992 3.2833839667232985 4.089402855276088 4.477239586941582 9.248031354667145 -9.778088411175968 4.843843218447547 -3.306790672332664 -2.4466095061677646 0.6649465665442803 -4.40111312714552 -1.3227018157077
1273 15276 0 0 0 -3.6943916547123363 -1.5613947741661116 -0.3604008874867393 -1.9445278473538563 0.1275856525107918 0.03271228924866881 0.275300814243843 3.282881381890795 4.088950671794067 4.478667617152009 9.249322602235484 -9.779816311077512 4.845367436147406 -3.3050147364547438 -2.4439309709012114 0.667656511307859 -4.400534876601056 -1.3254859694996772
1274 15288 0 0 0 -3.6944748193646917 -1.561606045743031 -0.36000322388438677 -1.9448144326479149 0.12765477440385847 0.033870485974884255 0.2758887771479234 3.273692687667369 4.087717607918476 4.485468001347575 9.253082807234861 -9.78951556104454 4.853102356240561 -3.2983596371003396 -2.4463721869745307 0.6737026745316855 -4.403877004728776 -1.3350366774848834
1275 15300 0 0 0 -3.694631609115881 -1.5613012000362645 -0.3606078972688509 -1.9443356440022048 0.1274803885929345 0.03162846650384028 0.2743397352178479 3.276368224173119 4.0892690221434735 4.48509778620966 9.256702892785142 -9.79075122516259 4.852962666082886 -3.2990471071398297 -2.4409829383406105 0.6734063596664585 -4.401688274374529 -1.3344554331116998
1276 15312 0 0 0 -3.6946163838247044 -1.5613803212639312 -0.3604880238847506 -1.9444473045249309 0.12747827899889064 0.03225303869256401 0.27469274633996393 3.274375133357801 4.087717258746608 4.488179100184821 9.255893077715472 -9.790969925150645 4.853766130893407 -3.297984834151222 -2.441424306161761 0.6722738889633149 -4.4015026900017 -1.3343955486684016
1277 15324 0 0 0 -3.694232899969639 -1.5613653820036513 -0.3605642571977196 -1.9445223085353889 0.12735844624106943 0.03109361968324396 0.2729810912930405 3.2624832131556594 4.087431753726549 4.491355029466242 9.263765132116523 -9.806454126892735 4.865436395898959 -3.2898330099600996 -2.4398439410834247 0.6780249308813466 -4.404921103718353 -1.3486656020180978
1278 15336 0 0 0 -3.6942034274738274 -1.5614446381803275 -0.3603815364879079 -1.944816547197746 0.1273907211360458 0.0316312351176931 0.27315637620864386 3.263483891578907 4.083438926590065 4.486369319898866 9.263433689990913 -9.801050591501621 4.862041603033075 -3.285752038734938 -2.435373772061952 0.677144258319587 -4.406788042236083 -1.3452923141637056
1279 15348 0 0 0 -3.694240142483082 -1.5615923649100776 -0.36010170737176744 -1.9450852968795023 0.1274487178260527 0.03237570798054461 0.27333636120364346 3.253513638446581 4.083196912274971 4.493917278335181 9.26824059375123 -9.815304676066043 4.8727126730783965 -3.2834953318843394 -2.4398856972958725 0.6827787453359198 -4.408529527053078 -1.3589070016583644
1280 15360 0 0 0 -3.694300949374047 -1.561293412955161 -0.3606177894024032 -1.9447319125721658 0.1273922304472762 0.030814277923247098 0.2726208113215691 3.266509785325287 4.082685512385829 4.481753603277322 9.268501996170492 -9.80657522942958 4.86719753319528 -3.2871063948407446 -2.4307464014910054 0.6825118794799405 -4.404870403765295 -1.3432641178940634
1281 15372 0 0 0 -3.6942075606241778 -1.561547496940238 -0.3602211014713674 -1.9450991328180498 0.1273462079680206 0.0313505313760542 0.2719775934205127 3.2399520576622103 4.082887815841333 4.502100640888364 9.279591604177288 -9.833907393407554 4.886969127935495 -3.2710367013508157 -2.433402826412439 0.6942412813670525 -4.409092369176271 -1.3673887910818365
1282 15384 0 0 0 -3.694322110625198 -1.5615683960422808 -0.3601758773503364 -1.945137441363941 0.12737169690297018 0.03195464542618301 0.2726682201940033 3.245894993414545 4.080195947796733 4.494367448850526 9.27720017662995 -9.829250049485912 4.8826241747705925 -3.275857441205217 -2.431661811815843 0.6922453872829392 -4.408362970641733 -1.3636514031374616
1283 15396 0 0 0 -3.6944500292367475 -1.5613743387367331 -0.3605990831077803 -1.9447751487376264 0.1271947815265806 0.02997276353304724 0.27093710348979944 3.237076872013325 4.081376979016174 4.501168828762996 9.280158634071674 -9.840192267634828 4.892783746242534 -3.270521985701377 -2.433085701310205 0.6945395286664012 -4.407969952881959 -1.3746747505005499
1284 15408 0 0 0 -3.6942964001437963 -1.5613106715379896 -0.360708316492105 -1.944637214938927 0.12720605206940552 0.029786271927322822 0.27109075239101577 3.2472307573885324 4.080814021352789 4.499203964266914 9.281090530351642 -9.836366648159448 4.8874612807993865 -3.2758722741021997 -2.4366028125436663 0.6927125278429931 -4.409907936916987 -1.3760077265395168
1285 15420 0 0 0 -3.694431985018604 -1.5616158522044583 -0.3600810921459386 -1.9450820272232632 0.12742822331884443 0.03264687489751523 0.2735887447062475 3.2539452641295883 4.083337582363383 4.497246300116849 9.267977244646081 -9.82316215344825 4.875792306392962 -3.2826580375226277 -2.4410595448341184 0.6868246758947516 -4.408278951400276 -1.3684140646322271
1286 15432 0 0 0 -3.6944977592060892 -1.5615871483837698 -0.36014818344780375 -1.9450031114871573 0.1273799297492383 0.03214055757597788 0.27316214665449795 3.2524940627278762 4.08293771704013 4.499865193904851 9.268021813849233 -9.825059553186836 4.877310870365023 -3.280986798513623 -2.4413377513072394 0.6884322547471817 -4.408813500078776 -1.3731576705383866
1287 15444 0 0 0 -3.6942077969712903 -1.5616108818123748 -0.3601555349357591 -1.9452020729214805 0.12724388373063203 0.03092834715962716 0.27112182258527234 3.2334281332186 4.0816314174812485 4.511940225009154 9.284147658582896 -9.84892804093156 4.898262034222643 -3.2725086576156146 -2.437102080566842 0.6997405277738079 -4.405668073411472 -1.3912045249707865
1288 15456 0 0 0 -3.694117261145007 -1.5616520255938238 -0.3600353519940688 -1.9454753962110576 0.12725700785680452 0.03091687494848285 0.2706665456070375 3.230137941603926 4.077029397077427 4.5099342713980946 9.282922981856878 -9.844397889414957 4.898018324194462 -3.2636511673631343 -2.4352823801627514 0.6982782729699704 -4.409453335823356 -1.3896229423270785
1289 15468 0 0 0 -3.69426385680252 -1.5615922466801018 -0.3602238362346056 -1.9455839143641898 0.12698226061167814 0.028351679445882932 0.2671362901878938 3.194428036720726 4.071840620895363 4.531475199770559 9.300572998463895 -9.879194609358908 4.925694026523032 -3.2325484637655095 -2.429635307574188 0.7151964428760187 -4.418501402380884 -1.4213438281235309
1290 15480 0 0 0 -3.694345923610928 -1.561844352810686 -0.3597249382974054 -1.945895298151353 0.1271283673978326 0.030299662482945404 0.2686514143649144 3.194150391511967 4.068140640307039 4.524713423515565 9.296415990264522 -9.87340987045244 4.9197924905165715 -3.2294534535533823 -2.4252261920298603 0.7150189404729811 -4.422879001356722 -1.4174432830875063
1291 15492 0 0 0 -3.6947849322840276 -1.5617479893647424 -0.3598617219240204 -1.945916497993418 0.1271233951319992 0.030099053562427536 0.26865677369768876 3.196208191807682 4.067233046385433 4.525440547196914 9.29193260311236 -9.8637159793205 4.916630499519809 -3.230291139093988 -2.4268927577230195 0.7115321936703648 -4.419559413183671 -1.4109004773537501
1292 15504 0 0 0 -3.694538525028302 -1.5618186834921242 -0.35973069427104953 -1.9460000259538262 0.12719127489746032 0.030820210228990876 0.26938506412905405 3.203377318383716 4.0700546933993795 4.522741364093927 9.29296508896082 -9.862001023243225 4.914160936416055 -3.237955882178519 -2.42926636093791 0.7116315314194683 -4.416356082231937 -1.4083038269247519
1293 15516 0 0 0 -3.6945982634479235 -1.5615428786113705 -0.36030112265731373 -1.945531125007635 0.12698074971948545 0.028256631358427108 0.2672963080103266 3.1982564596796292 4.071489099399016 4.530039192300864 9.300305000290999 -9.876097526796446 4.9229656052241095 -3.228615374280295 -2.4303443798939415 0.7171395680102075 -4.419932549864695 -1.4240566198143725
1294 15528 0 0 0 -3.694687888879895 -1.5617938600810282 -0.3598727795338702 -1.9461259761583325 0.12690222650027558 0.028554239779525127 0.2661140231906502 3.1704681521610434 4.063266011338645 4.542158450546255 9.310684358490292 -9.897388532951066 4.943541031355008 -3.2076107157635434 -2.4282295895891464 0.7255261944876847 -4.4251823404551365 -1.4452354085063273
1295 15540 0 0 0 -3.6947395038853412 -1.5617733910989273 -0.3599480796841726 -1.9460502888614277 0.12681417281543234 0.027645048715919687 0.2649843779210851 3.159324892663552 4.06336533464173 4.553070407541005 9.320605100271926 -9.914066388037362 4.954856790414219 -3.1992724408554274 -2.429286395710354 0.7328365907259606 -4.426639628631217 -1.4651175745825136
1296 15552 0 0 0 -3.6947220043156532 -1.56167741452356 -0.3601829316089648 -1.946071920834851 0.1266230133356845 0.025886740269843292 0.26282580725079063 3.1469073101031895 4.056891853307905 4.556231623319576 9.328092294171116 -9.925139275277775 4.966820313481006 -3.185675821495276 -2.4190472809545525 0.741094827748321 -4.427015187982034 -1.4726762837347922
1297 15564 0 0 0 -3.6947462174549264 -1.5615080582312113 -0.3604775227232536 -1.9457146171178892 0.12661421621033478 0.02494626877149547 0.2626315606673029 3.156718445520159 4.060403098275535 4.554830863475312 9.326480198280862 -9.92010319772325 4.964117323152313 -3.192781447985346 -2.424788500606758 0.73731299022009 -4.423604781049145 -1.4741724580462747
1298 15576 0 0 0 -3.694947103955929 -1.5613846719100983 -0.36069816603120924 -1.9454903054463404 0.12663026855582168 0.02484873664365188 0.2630881378888892 3.162971235223186 4.060120954287543 4.553272700386456 9.320176313155285 -9.908285306102659 4.957117752472765 -3.2032178348123836 -2.4266177198135437 0.730066395460959 -4.418892951064727 -1.4612713220843745
1299 15588 0 0 0 -3.695192586007113 -1.5612685125895502 -0.3608962824699942 -1.9451351689524978 0.12669733300654712 0.025255867511181706 0.2644280166043353 3.179420020986855 4.060893918808153 4.546042008030915 9.318940536878378 -9.89757051762767 4.94968390378843 -3.2169692100127927 -2.4305006655911825 0.7249369991723763 -4.411575890744287 -1.4505043111750477
1300 15600 0 0 0 -3.6947419035165434 -1.5615733890878356 -0.3603176075784795 -1.945782139485004 0.12677404855193403 0.02695008080522399 0.26493244442514335 3.173095595009466 4.057693734769293 4.542686996508318 9.322073047883299 -9.902069842470576 4.954695764284678 -3.20958753353219 -2.425417892573883 0.7295188520371118 -4.413869195112478 -1.451851344718739
1301 15612 0 0 0 -3.6947820762417365 -1.5613802803076178 -0.360700601702175 -1.9450810585143963 0.12679504498364752 0.026680630029718308 0.2660378012214451 3.191841418645656 4.0665979983542915 4.537155168319933 9.315268087978504 -9.890368313876774 4.940149110230271 -3.223532371585301 -2.4314791109106917 0.7220219861944034 -4.412576512311048 -1.4392234695174257
1302 15624 0 0 0 -3.694864924921051 -1.5615121566227745 -0.36044968394245036 -1.9452860157562506 0.12685896487201032 0.027782083397815578 0.266909746757319 3.1933308936666043 4.064909485043984 4.534566052195004 9.308276136247743 -9.884394294370205 4.934865393791029 -3.2267760481461383 -2.43353002482321 0.72016207331177 -4.414410625445921 -1.4369114445380153
1303 15636 0 0 0 -3.6948663941935598 -1.5617253166489709 -0.36003924344516536 -1.9455376438508527 0.12694009400917636 0.028649093713193387 0.2672960792379675 3.1872117636256445 4.058256326128995 4.534006258629625 9.315242198553163 -9.890567153377043 4.941780679129253 -3.217507690744002 -2.4331067100257893 0.7252560072321492 -4.419984916811531 -1.4489268736818106
1304 15648 0 0 0 -3.694920640028484 -1.5616766847267523 -0.3601545984185183 -1.9456178959457007 0.12679795667637636 0.02711081333568977 0.2653102615502534 3.172705993068463 4.053933439219577 4.538848579500215 9.324572362850645 -9.904113219188268 4.955522748095357 -3.2013096225568316 -2.4245644559676767 0.7354665894659191 -4.422493137187795 -1.460426245300577
1305 15660 0 0 0 -3.6948602769432624 -1.5615313591847515 -0.3604787907500834 -1.945517515113083 0.12661749618136478 0.025358603759735622 0.2634084652910779 3.1625679439211463 4.0534889768101205 4.5486040451704275 9.333522050745428 -9.920588870631342 4.966389063032702 -3.190875260776872 -2.4233881081757547 0.7418364189275799 -4.424592648064133 -1.4769112031417537
1306 15672 0 0 0 -3.694747815127154 -1.5617199295383504 -0.3600861565966007 -1.9457970163772917 0.12679096070954612 0.027177856876571576 0.2650029484205145 3.1678373198596894 4.0558336807086794 4.544266753315694 9.326582980021842 -9.914756678468189 4.958797736480622 -3.197049218127479 -2.424862076092252 0.7388495878352218 -4.424639330180176 -1.4714603944465787
1307 15684 0 0 0 -3.6949443420743195 -1.5615645940822984 -0.3603422121714634 -1.945625688805409 0.12674652563375 0.026360794869599663 0.2645338243202343 3.171040186732591 4.056638506843793 4.543892191596294 9.324762811148846 -9.911542020137807 4.955584770715252 -3.1955823104589536 -2.4261308864971998 0.7356645551917961 -4.427153887051547 -1.470434686435552
1308 15696 0 0 0 -3.6950098885920086 -1.5614534627013958 -0.36056755716247174 -1.9454991381150168 0.12665647088609902 0.025167200044590596 0.2633934422173884 3.1667789233281587 4.055650084073098 4.547446876604478 9.326072434061642 -9.91580501500065 4.961830528659657 -3.197253908765506 -2.4272107111750865 0.7372678496707107 -4.424111214930328 -1.4753877508818865
1309 15708 0 0 0 -3.695106793843566 -1.5612408195689487 -0.3609631008431005 -1.9450810649397077 0.12657835903213027 0.02372842274685958 0.26259424614913796 3.1709169796375187 4.055562971256176 4.54281976845631 9.329659703945701 -9.915639778430577 4.9629863740587545 -3.1976604341403023 -2.424880197642095 0.738792938234995 -4.424120876544241 -1.4754031791899842
1310 15720 0 0 0 -3.6948530146776766 -1.5614802281949505 -0.3604833251218961 -1.9456124901691354 0.12669509128126127 0.025451411339011416 0.2635020486736989 3.169398953807644 4.052509199414639 4.536329008103004 9.323779291434917 -9.90962010300715 4.958132559750694 -3.1965440762817825 -2.420890500768446 0.7373958223352375 -4.427657921660488 -1.4669379584373723
1311 15732 0 0 0 -3.6948016168821756 -1.5615020116214353 -0.360478145070598 -1.9456851914970354 0.1266093195009618 0.02494263754969547 0.2626057757969872 3.1602316876484164 4.050503672088994 4.544298885144432 9.327597027969958 -9.917501554373013 4.965141489212888 -3.187161874788564 -2.4222701465705154 0.7397847129321051 -4.432512974826333 -1.477611246280038
1312 15744 0 0 0 -3.694907822881777 -1.5617690177065213 -0.3599546115745895 -1.9461831004903687 0.12670438182185909 0.026529505796838822 0.2633754561567847 3.151803227021595 4.045913897760858 4.5429978989552495 9.326442264094744 -9.92004536011727 4.966328066313006 -3.1774226054702823 -2.418036975297378 0.7407096983464002 -4.437722944313521 -1.4822112634678506
1313 15756 0 0 0 -3.6949450318083916 -1.561619188722264 -0.3602450354252823 -1.9460010989512964 0.12662797709176313 0.025517881407646048 0.26261770566817033 3.1524317558039776 4.04822986395555 4.546683388536834 9.32735617032916 -9.921899553464124 4.967059300413174 -3.179002210884383 -2.41982773849836 0.7407521552370185 -4.436777541463767 -1.4829812182845408
1314 15768 0 0 0 -3.694822261347283 -1.5618006989763036 -0.35992503664337894 -1.9461410150838612 0.12669859012878926 0.026680860292384388 0.26351070079661243 3.150722977702471 4.0475246118970905 4.54766312443834 9.330785914860144 -9.92778823589367 4.968806018703283 -3.178671211771505 -2.4199580485198227 0.7429424460157401 -4.436376132200804 -1.4887648980939263
1315 15780 0 0 0 -3.6948372702327545 -1.5618513796610223 -0.35981632142182973 -1.9462959874702355 0.12668760643791088 0.02662645085638817 0.26316310874721344 3.145908925868642 4.0451043190432205 4.5496839002077305 9.332524441015465 -9.931131343610614 4.971607365588668 -3.1689750068414555 -2.4161339405334643 0.745249586379012 -4.438410431333421 -1.4925031322139315
1316 15792 0 0 0 -3.6949714532644014 -1.5619211392563324 -0.3596623596024869 -1.9463349867537763 0.12679324505209116 0.027690565853404916 0.2642847296883193 3.147099977949942 4.047361412483029 4.553901764203324 9.335478764402582 -9.935533682697725 4.970332641285329 -3.1688714158136135 -2.422166941097934 0.7450082973849872 -4.442534647981831 -1.5002638792638083
1317 15804 0 0 0 -3.695404002237865 -1.5618344351839593 -0.359810445925419 -1.9462866378675903 0.12672906015467672 0.02677235373529075 0.2634408938887702 3.1407262664449007 4.0439627617774905 4.554127993529213 9.336885252992184 -9.938509910125266 4.975301597054033 -3.1579087206803154 -2.4164815346169455 0.7488870501995093 -4.444224758442017 -1.503214834700503
1318 15816 0 0 0 -3.6953545528602305 -1.5618335277962299 -0.35980231528041473 -1.9464072509559096 0.12671683730493732 0.026616767253559086 0.2630238924666119 3.1364224960528286 4.042557130497954 4.5551630611573035 9.337204749820362 -9.937842822867434 4.976296110009622 -3.155805065482434 -2.4136679947323545 0.7486965903079701 -4.444007681700321 -1.5017785931703678
1319 15828 0 0 0 -3.6955466743775935 -1.5619613261640954 -0.3595601081626464 -1.9466549960348851 0.12672507173158215 0.027090251223544498 0.2630550325249418 3.1315476639414834 4.035685760121548 4.553879206395026 9.34033568803042 -9.942292868378935 4.980299625054784 -3.1493817341956585 -2.411121580462785 0.7531259870496015 -4.44798832173572 -1.5101709893481048
1320 15840 0 0 0 -3.6952576454620805 -1.561965218273026 -0.3595677300607267 -1.946646409088203 0.12671623455609993 0.02678707870031247 0.2626349631178643 3.1294699978092813 4.035193570258659 4.554820400992058 9.33964725280008 -9.941085284008473 4.981341568080297 -3.1522228509289 -2.4126290228207767 0.7545295049540018 -4.44879075382202 -1.5052260852361843
1321 15852 0 0 0 -3.695218079260809 -1.5618304300984762 -0.35984490530993907 -1.9464616720580932 0.1266206128928175 0.0257183835595989 0.2617461561164083 3.129345840178167 4.036131360148144 4.5560537587511565 9.342362953425381 -9.9441790494023 4.983198100429752 -3.150797853491624 -2.4092909213666247 0.7557633023576009 -4.447261050228949 -1.5064030190221305
1322 15864 0 0 0 -3.695274268657274 -1.5617435402679516 -0.36000500751672043 -1.9464521724960715 0.12655366829513942 0.024950285290111514 0.2609384446243418 3.1272174412491514 4.035707918558258 4.554354395878131 9.342137007615635 -9.942721850984258 4.983941597981467 -3.149718639694692 -2.40499376599297 0.7555634440027464 -4.446482726925232 -1.5045256658332111
1323 15876 0 0 0 -3.695629084433164 -1.5617063218487155 -0.3600835913289429 -1.9464073391459984 0.1264859915023248 0.024332196918371112 0.26031574047761985 3.1214041990331456 4.032849770293411 4.558982589088993 9.346770675507617 -9.950371051328908 4.990828157443998 -3.1422297949620184 -2.4020447269044425 0.7598302905098773 -4.446604792782776 -1.5131053046906695
1324 15888 0 0 0 -3.695710752688483 -1.5616083459234895 -0.3602771822221286 -1.9463098703528419 0.12641555359779671 0.02349624948585026 0.25957686854150464 3.119873740203814 4.03427793496265 4.559632006827758 9.349962182081846 -9.954984421101422 4.9953545217913256 -3.1411673619540506 -2.4012983304480966 0.7614337868894269 -4.444896643520388 -1.517820584597041
1325 15900 0 0 0 -3.6957386940688677 -1.561697013888629 -0.3601335890723196 -1.9465585107578025 0.1263517160038013 0.023131897284012406 0.2584921078672673 3.102668541555425 4.0311821636902065 4.572827058968569 9.356437593311961 -9.970149740091202 5.007521040337758 -3.1251859513490707 -2.4001179759692683 0.7683707500034972 -4.448113031034658 -1.5355944784047428
1326 15912 0 0 0 -3.6955835098931673 -1.5617374568541031 -0.3600605587585392 -1.9465603892368828 0.12639734952438622 0.023557823328740634 0.2589846709974236 3.106127151564182 4.032895033318651 4.5721500418623915 9.353749425354227 -9.964455801745036 5.003491298122431 -3.131009466328474 -2.401152061420539 0.76486847413098 -4.4451809038493915 -1.528429249311263
1327 15924 0 0 0 -3.6957969805470903 -1.56176737352856 -0.3599652757301688 -1.9466592135927496 0.1264602796682231 0.024195509282623883 0.2596649855794309 3.109878736852316 4.032817832871751 4.571286748973878 9.353931887486878 -9.963048992572904 5.002582526617942 -3.133220677656158 -2.403283786040063 0.7652879104425723 -4.4432544040162965 -1.5290175836511182
1328 15936 0 0 0 -3.695883956803702 -1.5616442816196505 -0.3601571330017309 -1.9464910817200833 0.12648298007677308 0.02374693455435235 0.2596825475158643 3.115957644473923 4.0347570588319215 4.567798088243513 9.352443876644344 -9.959936498781953 4.998238581315217 -3.135050096843685 -2.40389402878052 0.7640474290019745 -4.444261463383518 -1.5279251947976298
1329 15948 0 0 0 -3.6958509049142196 -1.5614966213100554 -0.3604629876549624 -1.9462399965556474 0.12637812691952777 0.022375599591795373 0.258518574121797 3.1138082237254583 4.03566165034187 4.571241420644228 9.3594484537129 -9.96844626082869 5.004104050001102 -3.131637839589422 -2.4035373594193308 0.767476067564926 -4.445131449863051 -1.5361436024164552
1330 15960 0 0 0 -3.6957182403942395 -1.561458416327698 -0.3605323754160875 -1.946223001889666 0.12636235520095038 0.022274072708992024 0.2584543453260183 3.116755612662601 4.034948819301422 4.565942956228533 9.357304192849421 -9.963485231571953 5.00052910240904 -3.1317550677508708 -2.399502994190898 0.7652861000253893 -4.443913937823623 -1.5279574593464227
1331 15972 0 0 0 -3.6957204949242852 -1.5614807492577798 -0.36052082065551744 -1.9463681781155033 0.12627580376753747 0.021597760871984506 0.25727245616118677 3.1039587216082998 4.032051166130517 4.573442112911708 9.365095062996126 -9.975139713538745 5.011040213650552 -3.121837480473989 -2.396516166583054 0.770746287906925 -4.444936812292928 -1.5386854980227085
1332 15984 0 0 0 -3.695782831778332 -1.5615708961428638 -0.3603365061633521 -1.9465109446047317 0.1263287294826837 0.022386313462471146 0.2578896440382718 3.103993556791868 4.032550447111653 4.572806614604686 9.36182193151332 -9.973409373485289 5.0089034474223455 -3.1214829354842344 -2.3980345736510853 0.7695649873317225 -4.447112886831134 -1.5376136052233174
1333 15996 0 0 0 -3.695941869354447 -1.5615860791153224 -0.3602947585451136 -1.946573723050499 0.12633812655144688 0.02261909819107237 0.2580802803747224 3.103828594715087 4.030873406900152 4.570743269915355 9.362215113478387 -9.97254825118065 5.009496359773029 -3.1183090210539444 -2.3952029134703743 0.7690200991263911 -4.446446638040153 -1.5364563383787846
1334 16008 0 0 0 -3.69605585124738 -1.5615494187517458 -0.3603322000363238 -1.946682696479888 0.12632356454457738 0.022347200244518174 0.2576537055195567 3.1015420832231593 4.0307648761566455 4.57186757653968 9.36150667255556 -9.973361248332388 5.01016014345353 -3.115513363493327 -2.3943340949333205 0.7700993322525578 -4.447980037976722 -1.5384791579605277
1335 16020 0 0 0 -3.6960870495560307 -1.5616470432393499 -0.3601149056019435 -1.9468577985754465 0.12641804432143147 0.023419327479229382 0.25861333683305415 3.105537620056924 4.031776776146228 4.569460235807268 9.357817493395526 -9.96946445804779 5.004779024315107 -3.1166099210869866 -2.3948092778416816 0.768291357270266 -4.449788763586397 -1.536406123354769
1336 16032 0 0 0 -3.6961249941182186 -1.5617033314533593 -0.36001081014239295 -1.94692284948305 0.12645147187831857 0.023849589063422424 0.2589585864408456 3.1048814667273184 4.031887304363191 4.569058019246574 9.356844556230998 -9.969327047239219 5.004372999348383 -3.117188314227096 -2.3955028421296145 0.7679774394376834 -4.451147059176042 -1.5372428579837951
1337 16044 0 0 0 -3.6961749252310687 -1.5615660013513601 -0.360291406125602 -1.9466993203192442 0.1263575723350544 0.02272764640218472 0.2580936436930632 3.104250336978038 4.030224810459497 4.568692516095486 9.358389867837559 -9.970255229402287 5.006773320026582 -3.116844387864782 -2.3938981525531577 0.7682053044681816 -4.450219893162568 -1.5372911065203732
1338 16056 0 0 0 -3.696074877407155 -1.5615684345627663 -0.3602552585777782 -1.9467240026610495 0.12642114995236445 0.023106029460228474 0.2585846356077398 3.1092234849742586 4.031648246324371 4.564769963564587 9.35482479271863 -9.963791068004657 5.000489648371619 -3.121522295571366 -2.3932426314614954 0.7651615142078021 -4.44963647889589 -1.5293560109870132
1339 16068 0 0 0 -3.6960437106030657 -1.561622771020009 -0.3601389009603303 -1.9468070069023586 0.12646571050158403 0.023675841822815735 0.2590856317540331 3.111324865060064 4.032178289627409 4.5627530035481465 9.35359360070614 -9.962041282194672 4.99840413213158 -3.1229626849970886 -2.393007223317114 0.7643031932437685 -4.449211993259341 -1.527130776813017
1340 16080 0 0 0 -3.696027486709401 -1.561620748835067 -0.36015710717304117 -1.9467474963079563 0.1264573716878089 0.02367739259474749 0.25915434239221025 3.1117391433003965 4.033091443279504 4.562802141094274 9.355815112183487 -9.96381423659655 4.999263941305156 -3.1247152161900313 -2.39334265752018 0.7649643421965661 -4.448715397883678 -1.5274533558674819
1341 16092 0 0 0 -3.695979425344343 -1.5616334313850488 -0.36012808533295054 -1.9468265562254583 0.12647294566778827 0.02386862513489798 0.25927876859623994 3.113146349716887 4.032299043402964 4.559790509966045 9.355849664194167 -9.96120524767174 4.996960944892332 -3.125235435815428 -2.3892166168856646 0.765201196890425 -4.447259313434406 -1.5227080424231276
1342 16104 0 0 0 -3.6959921463207257 -1.5616237732272813 -0.36016393347777986 -1.9469129661203148 0.12640579480981814 0.02327547484438851 0.258383163790748 3.105928455900878 4.028940325198296 4.561801305144115 9.359679832606782 -9.967096227753517 5.002667817362747 -3.118344961677359 -2.3862731634334824 0.7693101210256935 -4.449623384267441 -1.5286043008301904
1343 16116 0 0 0 -3.6959890432679425 -1.561666422041152 -0.36007793501096713 -1.946928646889235 0.1264461631904481 0.02376001786829124 0.2588969470525029 3.1088436161920305 4.029228588312327 4.55992932429158 9.356743954873703 -9.963042164171513 4.999816098621056 -3.1219559929510687 -2.386334325045656 0.7683195501214327 -4.448894137519991 -1.5243159086667502
1344 16128 0 0 0 -3.695959438720571 -1.5616405426497155 -0.3601405950134638 -1.9469607566058094 0.12638890635350095 0.02321436388975575 0.2581371399006534 3.1027955603947457 4.028096959747117 4.562709424517862 9.361649738174615 -9.970560038321878 5.006480339398946 -3.115736724324929 -2.3841690561987368 0.77158073574395 -4.448758818301981 -1.530508065763935
1345 16140 0 0 0 -3.6960208663872223 -1.5617014118531278 -0.3599934952959159 -1.9470304088631158 0.12648162387969528 0.02414308765102595 0.2591367820324823 3.1088716339294247 4.0288763480809155 4.55876030409195 9.35893482420052 -9.965729050938394 5.001883180646642 -3.1205646539857725 -2.385870820110857 0.769970948777218 -4.44883813551097 -1.5272699687031612
1346 16152 0 0 0 -3.696093379187735 -1.5617210731994744 -0.35995134093723286 -1.9471167016656352 0.12647911785275345 0.024131224501323732 0.2589419140050703 3.104995164414884 4.028607560122063 4.561698055214374 9.361113337952476 -9.970975438473117 5.005264013760895 -3.117542485066546 -2.3860034153181653 0.7729854285618025 -4.450141877604026 -1.5343828502207473
1347 16164 0 0 0 -3.696069519440762 -1.561642047472636 -0.36010697561205557 -1.946946004045974 0.1264388916772191 0.023484632653380393 0.25852530961668846 3.106129675956211 4.028821441803599 4.560608447340826 9.361406021200361 -9.970667919243988 5.004347262547293 -3.1169106844262435 -2.385620574258882 0.7724320608403455 -4.451485389523703 -1.5348713581568865
1348 16176 0 0 0 -3.696094381966221 -1.5617273962382803 -0.35996347494434544 -1.9470414955798927 0.12643270451227667 0.023659395080536983 0.2584208779001339 3.100171990294834 4.026656528081208 4.562534908770638 9.362189973307718 -9.974800953574722 5.008140569476984 -3.1129110687160657 -2.384403695008028 0.7745266472308799 -4.45275476094918 -1.5393830515050244
1349 16188 0 0 0 -3.6959359038667365 -1.5616738521972375 -0.36007583682477307 -1.9469556227551401 0.1263923421592491 0.023102726179361537 0.2579189342391575 3.1000879841414353 4.0264941479157175 4.560260830667227 9.364850799927524 -9.975729032222059 5.009382270448279 -3.1122796869534493 -2.3819847552215854 0.7756932578945736 -4.453117419309117 -1.538328065123883
1350 16200 0 0 0 -3.695983902214468 -1.5616934205867914 -0.36002885667560525 -1.9470042092536004 0.12640751771997635 0.0232669229451992 0.2580552518163846 3.100643847985844 4.026708827219579 4.560801902744758 9.36388829185844 -9.975115348222165 5.009043988012896 -3.1116296298543147 -2.3824964960567834 0.775215048363347 -4.453006981936258 -1.5390431849733721
1351 16212 0 0 0 -3.6960322456733175 -1.5617074391730486 -0.35999040602839877 -1.9471298640559234 0.12640302640670836 0.023232255151676658 0.2577919202832072 3.097469481257171 4.0256007705962835 4.562710546485318 9.366491760848971 -9.9805075601611 5.012772629872348 -3.1079271140169107 -2.3813838621067616 0.7784518171846898 -4.454307236716653 -1.5455616912325383
1352 16224 0 0 0 -3.696069049773313 -1.5617015575618254 -0.36000827802535423 -1.9471676411826622 0.12637194805891916 0.02298535265511617 0.25740229046135166 3.0943292591789207 4.023471662883142 4.561526798131806 9.368891077452545 -9.984341844482998 5.0157085345861825 -3.1036749042985896 -2.3774485612844107 0.7812466738127777 -4.455297887980813 -1.5480296838479641
1353 16236 0 0 0 -3.6961913169290987 -1.5617471827069431 -0.35992775328896626 -1.9472434857452532 0.126378284967611 0.023303035599350465 0.25758671715661435 3.092075365527677 4.022675691805014 4.564021660973134 9.369422645784105 -9.986136539038142 5.018119035474852 -3.103734039457988 -2.3784205027509207 0.782815909014178 -4.454236840351108 -1.5502423336160311
1354 16248 0 0 0 -3.696143958584522 -1.5617037296374683 -0.3600270890751303 -1.9471431488235589 0.12634615759531512 0.02294454933785529 0.2573257255935028 3.091341918393682 4.023154152502029 4.565866367398691 9.370483466118575 -9.987101872230038 5.01944359142175 -3.105676691654028 -2.3800718067335334 0.7832637158016936 -4.453651301023044 -1.550103725880465
1355 16260 0 0 0 -3.6961834403685714 -1.5617404464214775 -0.35994457647280725 -1.947066947357437 0.12642592180213627 0.023776342519994987 0.25847757192186804 3.1002177295490707 4.024934365017741 4.560811984425204 9.364985717948631 -9.97824432305483 5.011572643817728 -3.1122571706164246 -2.3823471424422977 0.7785135037229902 -4.452876070628343 -1.5432196635004356
1356 16272 0 0 0 -3.696136274065679 -1.561826273510089 -0.35978119817130527 -1.947275134935376 0.12644124584897923 0.024133746803978753 0.25842589168752716 3.094915625489885 4.023241408719028 4.560504893575044 9.366734891922635 -9.982490199626943 5.015096909143367 -3.107292210703787 -2.3796003028557093 0.7810834427687975 -4.454288472052146 -1.5458251468727895
1357 16284 0 0 0 -3.6962520944737935 -1.5617241459012245 -0.3599763532073612 -1.947105036097777 0.12639572893814965 0.023455764993902593 0.2580222325437653 3.0960852770164093 4.0243322954377785 4.559911020883861 9.36732088894503 -9.98365290621461 5.015854394193193 -3.1063511517874165 -2.3786505017815234 0.7816654686929866 -4.454002736026295 -1.546649870110585
1358 16296 0 0 0 -3.6963033172611524 -1.5617930222768823 -0.35984639289243486 -1.9471502823357176 0.1264328408518028 0.023932297318438527 0.258419770796274 3.0953059037843285 4.023289211805509 4.560454363529718 9.36554049238058 -9.983925587914323 5.01593576650221 -3.1065677621057946 -2.3802089322568443 0.7815028242851081 -4.455477386616295 -1.549754960541743
1359 16308 0 0 0 -3.6962635569688898 -1.561734036715472 -0.35995104153593227 -1.9470739140040656 0.12640895593940954 0.02334751492335133 0.25792201486621286 3.0947637062666393 4.023744073645192 4.558655545933087 9.366096770125576 -9.984773370083184 5.015826214444111 -3.1035110950992113 -2.3774641641641088 0.7824995445811768 -4.457584408611891 -1.5493289567631539
1360 16320 0 0 0 -3.696185853849242 -1.561733870011248 -0.35996126603143463 -1.9470925368478358 0.126393281150659 0.02317165640429416 0.2576676484128157 3.093566652451571 4.0226626462165695 4.557520906172723 9.368559481611905 -9.987168063432254 5.018196639878966 -3.103143393819405 -2.3758269445122373 0.7843510936299819 -4.458014230908648 -1.550138176725519
1361 16332 0 0 0 -3.696166479277143 -1.5618106244071799 -0.35979447792961483 -1.9472469806403865 0.12645555016464027 0.023870838602935315 0.25819482823613016 3.0948400627808694 4.022282664539078 4.555415812694113 9.367074352121154 -9.984344300035957 5.016254207199319 -3.1043744826596793 -2.3746651045845635 0.7843020753845178 -4.456816102147288 -1.5464185195308278
1362 16344 0 0 0 -3.6961460677857154 -1.5617011305012651 -0.3599974995424461 -1.947082070882379 0.1264323795252058 0.023311237462504724 0.2579724486032714 3.099261751717293 4.023497923168683 4.554085314113788 9.366594815429407 -9.98127906690757 5.013443654119334 -3.1075872164446685 -2.373668365127407 0.7830325571707942 -4.455128807250393 -1.5417270401153824
1363 16356 0 0 0 -3.6961684370244847 -1.5616737970713093 -0.3600578058875512 -1.947045233908413 0.12641067317905497 0.02313283518419308 0.25783609633660703 3.098150676181422 4.024638930363715 4.554523304204377 9.367409243546316 -9.983041652187236 5.014830393618997 -3.1058217892895517 -2.3729108354839594 0.7824264697965272 -4.453889443340292 -1.5421616501490252
1364 16368 0 0 0 -3.6962256226652537 -1.5617245675736506 -0.3599537547415962 -1.947075642780834 0.12645275091927466 0.023583753707939702 0.2582646020417319 3.0984893991538653 4.0249775470825915 4.553923282528687 9.367075147711331 -9.98347899046775 5.015130986326581 -3.107605262503861 -2.3742006014638246 0.7828635238770747 -4.453726780421483 -1.5439285397664648
1365 16380 0 0 0 -3.696243575352055 -1.5617412334502092 -0.35992662436745354 -1.9470489080360192 0.12646598311143803 0.023762567662074265 0.25849601156387053 3.09953367862427 4.025078640397964 4.553377454881561 9.367358163654048 -9.984268598022467 5.014864615299294 -3.1076802828658145 -2.3759008965954265 0.7832881000957717 -4.455717088657868 -1.5453522948982388
1366 16392 0 0 0 -3.6963211704686287 -1.561868527104733 -0.3596760063809491 -1.9472915044431318 0.1265170830760561 0.024514231822963008 0.25885804055367556 3.095330868770805 4.022822553099997 4.553469499477438 9.368796176341764 -9.987139529790635 5.017096647162111 -3.103957648265361 -2.3731129618746185 0.7855170693693705 -4.456569519261731 -1.5480601135133074
1367 16404 0 0 0 -3.696318105721829 -1.5618425590574474 -0.3597291210834978 -1.947098792524308 0.12655113362605988 0.024810649130878694 0.25959625662015895 3.103715328257091 4.024852232370701 4.549847633450748 9.364295125277216 -9.978852635049165 5.00981795277106 -3.1122303493889873 -2.375553748802089 0.7811508294055244 -4.4553703236481015 -1.54006716196612
1368 16416 0 0 0 -3.6963580856288747 -1.5618772632004148 -0.3596617897074677 -1.9472707483813019 0.12652373720158716 0.024669429394959277 0.259060144337878 3.096895603265761 4.022086903413865 4.551862419653502 9.367967433476512 -9.98512350692312 5.015702029481157 -3.105330368590443 -2.3727611235156187 0.7853635135696135 -4.456544881029249 -1.5470945452412983
1369 16428 0 0 0 -3.6963534131819875 -1.5618103671546815 -0.3597869400610053 -1.9472087158259341 0.12648901007499114 0.024090448189824396 0.25854825640798756 3.0960267537243764 4.021403248954301 4.550470358800229 9.369929036894277 -9.986660368837432 5.01736296658895 -3.102810341030878 -2.3699939410798194 0.7869588529294868 -4.45690122994019 -1.5474411452487014
1370 16440 0 0 0 -3.6963428026768828 -1.5618097317863753 -0.3597816885366574 -1.9471830393640024 0.12650898471892918 0.02418381528781761 0.25874429072849886 3.0984696960906595 4.022136733085241 4.548953975958169 9.36846389647951 -9.984454631072973 5.016098035802224 -3.105253194418065 -2.3711238298693207 0.7860533545312551 -4.4565016849667165 -1.5454323824192986
1371 16452 0 0 0 -3.6963925350897417 -1.5617559005574548 -0.35987294092280103 -1.9471597319896983 0.12649252777984826 0.023869683154033573 0.2584906546376099 3.099277023706976 4.022351539353412 4.547892600299295 9.370347854285436 -9.985834198890178 5.017328036982991 -3.104595104832189 -2.368864754427268 0.7879182831572271 -4.45568042175058 -1.5454816578567365
1372 16464 0 0 0 -3.6964325719534052 -1.561801400503811 -0.3597949704546173 -1.9472066448390177 0.12649991497725557 0.024093716063560124 0.25859572795753005 3.0971657124443674 4.021215588879722 4.547937294262703 9.37168707260959 -9.988995555617967 5.019172590565447 -3.1029553391760705 -2.367941130957079 0.7893409349368359 -4.456353764857164 -1.549274567509154
1373 16476 0 0 0 -3.696515216796432 -1.5617427862591233 -0.35991367639970856 -1.9470510226351592 0.12647665628284802 0.02370472596598694 0.2584394882102777 3.0973877136340953 4.021701330015794 4.5475628861526305 9.369511076658055 -9.987626253231642 5.018967240513609 -3.104587200810161 -2.3678793611900817 0.7884642976524232 -4.455189277087505 -1.5479687723101072
1374 16488 0 0 0 -3.6965061188639923 -1.5617430911557333 -0.3599077249673523 -1.9469653660946893 0.12651181625863098 0.02401941330828169 0.2589745510726966 3.1018598532994197 4.023590609245202 4.546537850596238 9.366587799253306 -9.983742780038085 5.014963428830805 -3.109150473234848 -2.3713670405635523 0.7855403868099001 -4.455571268428963 -1.5462825834852572
1375 16500 0 0 0 -3.6965079195726926 -1.5616315329474804 -0.36012202090147793 -1.946751926129905 0.12647009755155744 0.02337849672666007 0.25871142533637215 3.106275008449602 4.02446482 4.544587171454917 9.36525314184814 -9.98080330009431 5.012944670031884 -3.112236521473376 -2.3718293822187633 0.7838641599990458 -4.454293022519865 -1.5436015993131196
1376 16512 0 0 0 -3.696530520792103 -1.561693971323939 -0.3600165733301423 -1.94673398263063 0.12650767671988963 0.02393020205143969 0.2593109942502807 3.107338492390697 4.0248086247349155 4.54641744411559 9.363317657926695 -9.980093212057923 5.0117820525333965 -3.115586614142613 -2.374252702056718 0.7826946876469917 -4.453832423206391 -1.5439987828788069
1377 16524 0 0 0 -3.696476451043873 -1.5616203136403684 -0.36015138602380564 -1.9466985563272268 0.12646164966151793 0.023333698015520335 0.25874567220043015 3.1066337053128157 4.025044077332061 4.547892764877734 9.36311333636137 -9.978361549440322 5.010472651314522 -3.115255000945861 -2.3733202642463453 0.7812884305688494 -4.453192764485201 -1.5421364931673798
1378 16536 0 0 0 -3.6964991134949483 -1.5616934531727973 -0.36000014772743905 -1.9467853859291175 0.12652163737238328 0.024039873058153693 0.2593710952799526 3.1085563233222544 4.025409775743793 4.544652325456479 9.36174743082569 -9.978136475350086 5.010078392482135 -3.118285103676691 -2.3723746218333743 0.7825506397008263 -4.452278118165326 -1.5409270654818408
1379 16548 0 0 0 -3.696531841208149 -1.5618212722675544 -0.35975655732162265 -1.9469178296166945 0.12659097350270693 0.025023527117199656 0.26013769518405355 3.1072455665196457 4.025462049773598 4.543973886765376 9.361225131060673 -9.979682865172254 5.0099492453848535 -3.1199678749713597 -2.373523270445487 0.783157942078009 -4.453461006761991 -1.5428819823207274
1380 16560 0 0 0 -3.69660373019045 -1.56179662214603 -0.3598156894495673 -1.946930972947613 0.12653574796012612 0.024506248164903946 0.2594676377065967 3.102835113513482 4.023485050666158 4.544972906423615 9.367466786061637 -9.98764008936549 5.016030197718161 -3.115010545112238 -2.368928405637495 0.788240589055728 -4.454203329660259 -1.5502773043113762
1381 16572 0 0 0 -3.696541394510636 -1.5618687079768832 -0.3596803806262297 -1.9471521022192178 0.1265330326689803 0.024601230032272717 0.2590780513605214 3.096086380297006 4.021859633037568 4.548270627585633 9.370670712309597 -9.994653772022016 5.022022141020916 -3.111204263649996 -2.3685602716497156 0.7930415573355776 -4.455506629492069 -1.5578875219320596
1382 16584 0 0 0 -3.6965043651267053 -1.5617610001426627 -0.35989838665428997 -1.9469629229582435 0.12647438056003427 0.023856664018415297 0.25860882774798827 3.0982822582144007 4.0237151401634 4.549679771096458 9.3712895860751 -9.993657665169438 5.022126241703669 -3.1132505065383302 -2.3704491508179872 0.7909687751234747 -4.452573794213587 -1.555157623429857
1383 16596 0 0 0 -3.696510867936038 -1.5618682238492492 -0.3596940514329284 -1.9472280325642342 0.12648910964130688 0.024291515591752535 0.2585580511879525 3.0925379992851822 4.0205460162067475 4.551334226870833 9.374116807369315 -9.998472544413934 5.026740171735351 -3.1056859235947663 -2.3677944935257624 0.7946344444718001 -4.4544216194396045 -1.5603627915337952
1384 16608 0 0 0 -3.696512437396751 -1.5617505451209486 -0.3599169620676216 -1.9470418139745345 0.1264471186608047 0.0235657725010963 0.25815110888912113 3.0966430536285103 4.0204864911812805 4.546594943297083 9.376078927253491 -9.997662248473562 5.02641672402023 -3.107278579653072 -2.364396480726327 0.7959985857487479 -4.453298286305579 -1.5573444457616918
1385 16620 0 0 0 -3.696614505935732 -1.5617256149540453 -0.3599639511530142 -1.9469945725492641 0.1264242428251503 0.023277876939729616 0.2579062681848267 3.0946573854401986 4.019740831760622 4.546951820891464 9.375493643216277 -9.997086691576671 5.025924676549452 -3.103608628507272 -2.3627291751798816 0.7962849319578316 -4.455355507942249 -1.5560999491468295
1386 16632 0 0 0 -3.696607400247868 -1.5616329115056755 -0.3601423037929962 -1.946834371631961 0.12637970543795154 0.022498161972936248 0.25735003827631664 3.095005979898707 4.020590869200907 4.548431448992208 9.377369454720942 -9.999617446632561 5.028013686171162 -3.1037402623139823 -2.3633952982407274 0.797345276077445 -4.455256521824064 -1.558525494401795
1387 16644 0 0 0 -3.69651744432319 -1.5616017276441052 -0.3602121625658876 -1.9467995211841906 0.12636416402964729 0.0223863319261471 0.25728616545262456 3.0963020822113183 4.022710195044996 4.550077336570599 9.378721597658151 -10.0013735246982 5.028411917948456 -3.104963488899937 -2.365024503453908 0.7973474133069929 -4.454330820280798 -1.5593926682155796
1388 16656 0 0 0 -3.6965971412611642 -1.5616912749739245 -0.36004042865632735 -1.9468168708550748 0.12643876035942436 0.023449546815372167 0.25844983344738187 3.1005365576261346 4.024120167874395 4.55017708853376 9.374747016874009 -9.997577787976137 5.023836440378554 -3.1109002007269835 -2.370644438191243 0.7940475249412604 -4.454323248533978 -1.5586503526916626
1389 16668 0 0 0 -3.696517238757159 -1.5617040487603924 -0.36003721514882125 -1.9468031920005706 0.12641384586282164 0.023258144065819334 0.25816216822044225 3.0982564485175144 4.02367468401911 4.553668765014506 9.378448882646456 -10.003533093810136 5.027541797070745 -3.1090072777281392 -2.3722318774017737 0.7961608140820859 -4.456214228378435 -1.5652557028830387
1390 16680 0 0 0 -3.6965128916529353 -1.5617812599124818 -0.3598731886460492 -1.9469506497758995 0.12648103245728756 0.024185158185882516 0.258971880235688 3.100363124664895 4.02547844586921 4.554555588485095 9.373747032887946 -9.99815865928785 5.021941600647082 -3.1112196392288265 -2.374306348276244 0.7928212379728201 -4.456105291564437 -1.560478553057791
1391 16692 0 0 0 -3.6965538225458405 -1.5617185060111114 -0.3600077712200144 -1.946855028822301 0.12641752841642587 0.023401990630709416 0.2582175720296355 3.0967153823874805 4.023689213300762 4.556142788611855 9.376276522976589 -10.002259050815073 5.026480252786982 -3.109562420409238 -2.3737448460903456 0.7956529313425693 -4.456843364617166 -1.5644671958614196
1392 16704 0 0 0 -3.6965753949655387 -1.5617142093830914 -0.3600062971778 -1.9469858801690905 0.12638710161917135 0.02314904847961795 0.25770803458273966 3.0925738118875787 4.0221938625385585 4.556488067073528 9.377990683961889 -10.005408362152025 5.0292965568866945 -3.103641564225227 -2.3706673662560296 0.7973165690653585 -4.457848902131081 -1.5678565318948432
1393 16716 0 0 0 -3.6966278468416247 -1.5617691752734055 -0.3598893595140101 -1.9470607358938916 0.12642660456085206 0.02357093378723308 0.2580520034018784 3.0924938301014224 4.0214845709815386 4.556807747972939 9.379183517181366 -10.006456609090211 5.0307612754800655 -3.1028791934295143 -2.3729979307301443 0.7974430445362655 -4.458762566538743 -1.5701995287237622
1394 16728 0 0 0 -3.6966693707750835 -1.5618722876778113 -0.3596901755037429 -1.9472427350126846 0.1264579240714435 0.02410187012586236 0.25824161229668285 3.0889573953641833 4.019246233267162 4.5551273923337305 9.38004166722839 -10.009005562154409 5.03335860689261 -3.1002832290577493 -2.370906418282856 0.7997580857949357 -4.460195319991926 -1.572964777486938
1395 16740 0 0 0 -3.696687124155906 -1.5617725191927807 -0.3598852915286352 -1.9471097356486564 0.12639433633959166 0.023236761293803178 0.2575382373030981 3.08790979495796 4.01967939147086 4.559002432234222 9.380226244110919 -10.009222624453681 5.034549624047895 -3.099178964323018 -2.3740212628156545 0.7986462363157699 -4.460576034233934 -1.5744493933935175
1396 16752 0 0 0 -3.696604176435808 -1.5617898555886258 -0.35985731757833017 -1.9471776713557027 0.12638933362899976 0.023207343565325635 0.2573568509039469 3.085597074800427 4.02013139867976 4.56076967707311 9.381001935411707 -10.01136706292238 5.03666857048092 -3.0980755083735936 -2.3737238208280025 0.799100820368511 -4.459722795307042 -1.5755495269055833
1397 16764 0 0 0 -3.6966483984291285 -1.5618686389867262 -0.35969886068851176 -1.9471654357221657 0.1264835972016377 0.024278714011731865 0.25860267439960877 3.0921267537183064 4.022048401428357 4.555386012685639 9.376164464317956 -10.005548391776388 5.030636246301851 -3.105538264795206 -2.375138476197445 0.7970409881285878 -4.459467259183898 -1.5695035721416988
1398 16776 0 0 0 -3.6966851201792608 -1.5617762904502488 -0.3598713110842967 -1.9470092569406559 0.126446348138318 0.02363759520059525 0.2582091248067512 3.0937825918277237 4.023218744642087 4.558797319328757 9.37647112439515 -10.006678786886836 5.032407840150819 -3.108033566750352 -2.379752540697482 0.7975139268405181 -4.458397939993843 -1.5732880684530364
1399 16788 0 0 0 -3.696697603207798 -1.5617997751869406 -0.3598289583655474 -1.9470367217802116 0.12646332774993396 0.023860997013587806 0.25841151136359863 3.094103206258744 4.022991944385355 4.557334439674084 9.377002517832047 -10.005842523211545 5.032085879421184 -3.1095051314079787 -2.378629000294564 0.7978469030645047 -4.458020172350736 -1.571226625372373
1400 16800 0 0 0 -3.6967493939849763 -1.5618224691116698 -0.35978041798647065 -1.9470450396501178 0.12648690302359034 0.02400643316646458 0.25854597673823465 3.0939136588568097 4.021390032998186 4.5543107489197 9.37713791189346 -10.006678340930277 5.0330261594233345 -3.1099711603999327 -2.3774217271569063 0.7992592838715998 -4.459303760965952 -1.5727960020863772
1401 16812 0 0 0 -3.696763478899639 -1.5618568467713398 -0.35971493138006894 -1.947054732581768 0.12651381585683777 0.02434529664649914 0.2589022289305681 3.0957138500382984 4.0205284126369145 4.550526086173697 9.376861437698514 -10.00472490393472 5.031726943318867 -3.110393672166622 -2.3756259179710684 0.799640044296785 -4.459425390210231 -1.57015084299727
1402 16824 0 0 0 -3.6966482640294553 -1.5617766779848983 -0.3598646184587809 -1.9469608460717898 0.12648816624998255 0.02392380397199179 0.2586772202032546 3.0983285964957266 4.022754602388929 4.552885654187233 9.374543172861852 -9.999667238662475 5.028771198954106 -3.113774420618359 -2.3783061077230587 0.796676107284995 -4.456667116069996 -1.5646120103913193
1403 16836 0 0 0 -3.6966891946690663 -1.561804317094237 -0.3598018495643413 -1.9470041259242843 0.12650240238802024 0.02399087940673116 0.2586589854377357 3.096475909250133 4.020852477491664 4.551657254771306 9.374733625890217 -10.000146177637358 5.028669429369723 -3.1097509785679893 -2.3758118211496027 0.7981741491521952 -4.458763766322295 -1.565551501372729
1404 16848 0 0 0 -3.696641543749604 -1.5617944821660519 -0.3598206787723063 -1.9470924649618497 0.1264766458386641 0.02381634632418878 0.25831304533753613 3.093918720170487 4.019914988835534 4.552600572123315 9.375957485163939 -10.000780829290218 5.029926459198493 -3.106292164739108 -2.373931424855556 0.7988159224057335 -4.458546820992681 -1.563977905983093
1405 16860 0 0 0 -3.696581342515336 -1.5617380292642076 -0.3599262200110007 -1.9470196362958705 0.12645815022281526 0.023489197114678024 0.25812399719955204 3.096386589411568 4.021013428449005 4.551939982785073 9.374514527628644 -9.997275280273765 5.027884162099116 -3.1092132472896483 -2.374338698285169 0.7973239753716369 -4.456668282754133 -1.5600980501855295
1406 16872 0 0 0 -3.696526694056762 -1.561757725993121 -0.3598911630783574 -1.9470610004973186 0.12646010459400345 0.023545800453139053 0.2580919577409014 3.0950177237793643 4.021917141041016 4.553579424737992 9.37583603857518 -9.998919835432321 5.028060955985088 -3.107922993706498 -2.3746527400130466 0.7979608942365505 -4.4573769437673425 -1.5619830637366094
1407 16884 0 0 0 -3.6965824749475225 -1.5617952626219924 -0.35980811045468764 -1.9471267946930697 0.12649494673908254 0.0238817666773802 0.25836106232742606 3.095311365808275 4.021654317054173 4.551320053637916 9.376925915929162 -10.000180350379168 5.0279472357611095 -3.1080447542749012 -2.371259155026718 0.8000616849390254 -4.457351366316073 -1.562514244034768
1408 16896 0 0 0 -3.6965687185367884 -1.5617941666227833 -0.3598192836436439 -1.9471144737639257 0.12648672617066095 0.023809845264756622 0.2582682841221226 3.0951986102059466 4.020572282894294 4.550897574501676 9.379235678629122 -10.00280838621946 5.029539367272237 -3.1080537729448463 -2.37020258840622 0.8022550841020865 -4.457923262167547 -1.5644340028783204
1409 16908 0 0 0 -3.696626739683326 -1.5618339310882539 -0.35973963985532226 -1.9471998630819105 0.12650558353555308 0.024169848245166246 0.25851893153765054 3.0947350846275494 4.019864122688271 4.5506359495674005 9.380331887265543 -10.003253402503793 5.029408257566434 -3.1071606883182206 -2.3688236988372777 0.8029227508509541 -4.458033952641695 -1.5648771293705126
1410 16920 0 0 0 -3.6965571273866913 -1.5618469875958187 -0.3597119089993561 -1.9472775432561642 0.12649360647337965 0.02397527446150278 0.25814189530628556 3.0917152207404204 4.019055032759486 4.552247079044797 9.382680437510869 -10.006705601896579 5.033022171844441 -3.1036141872998884 -2.3686674950230584 0.8048457447082678 -4.458516343634412 -1.5688689562326532
1411 16932 0 0 0 -3.6965303161786878 -1.561789151129555 -0.35982707311502926 -1.9471866067843842 0.1264615469592967 0.02342859622597378 0.25770908980089685 3.0917525926307485 4.018684865519405 4.552125710017174 9.383735638785812 -10.007967551346725 5.034486168760016 -3.1023001321120303 -2.3682011517820634 0.8058950236340198 -4.458910841060661 -1.5703827341734296
1412 16944 0 0 0 -3.6965382842518486 -1.5617131529868649 -0.3599789128874728 -1.9471232771461793 0.12640117571773066 0.022576294322886596 0.25685341998246664 3.0894338420780434 4.017162835520624 4.5519466926965935 9.38730912417553 -10.012615434149893 5.039461010427483 -3.0998681484283974 -2.3661608980606363 0.80955589781175 -4.459653243957941 -1.5757631133784684
1413 16956 0 0 0 -3.6966062254435843 -1.5616168179106131 -0.3601680817445811 -1.9469796531094943 0.12634166695099763 0.021797800458291845 0.25624983864756734 3.0893222622504486 4.0166615048934435 4.551885221077575 9.388795626615602 -10.013371840996165 5.041025528914955 -3.0995982776896205 -2.36513381422438 0.8106118481381196 -4.459174078592788 -1.5767576734917523
1414 16968 0 0 0 -3.696651661301586 -1.5616664549251984 -0.36007124185363826 -1.947000317898006 0.12637150110820192 0.02212474287391314 0.2565394338690812 3.0886904410670333 4.016450838628901 4.552423250154925 9.389010657986763 -10.015089983764707 5.042485994209809 -3.1002629366895524 -2.367577889845306 0.8117960823353447 -4.460085720236237 -1.5803260151253307
1415 16980 0 0 0 -3.696734819443918 -1.5616457538664148 -0.3601296779819045 -1.946911905974035 0.12635145165709782 0.022055371858961278 0.25660277275150734 3.089587339035683 4.014516162049097 4.550466010991173 9.389863969692476 -10.014296297214882 5.042672263088458 -3.101364863681777 -2.367152935038993 0.8111681354877582 -4.4602755821871165 -1.5784216533546398
1416 16992 0 0 0 -3.69675446908768 -1.5616399931683131 -0.36013428749242077 -1.9469155378581682 0.12635805288552387 0.022009540028295638 0.2565469758831178 3.0891196834369397 4.014891392646095 4.550401937090353 9.389922350897558 -10.016270548685831 5.043904967808528 -3.100914446537341 -2.3663066559877066 0.8116661349123029 -4.4603928947704174 -1.5803531100232566
1417 17004 0 0 0 -3.696841489893734 -1.5616549050907913 -0.36011219518876636 -1.9469578236644425 0.12633407638962033 0.021755318582628566 0.25611600787122596 3.0844551923403434 4.013748060926888 4.555407376415348 9.394901053443949 -10.023745444099683 5.049832964190783 -3.097644508296045 -2.3672793421253284 0.8163438676855419 -4.4619519218887165 -1.590045435898665
1418 17016 0 0 0 -3.696840657872412 -1.5617182322519363 -0.3600018323734674 -1.9469415310634273 0.12638851194356543 0.022500491236945367 0.2569483020570308 3.0878034076271916 4.015844964027656 4.552872372541675 9.392723339593768 -10.02216186287995 5.048107862124536 -3.103207287743437 -2.3692032777503083 0.8149533208467109 -4.459898539539082 -1.58790661099501
1419 17028 0 0 0 -3.696717569461323 -1.5617414431526075 -0.3599354856777046 -1.9469692103904768 0.12645476113567916 0.022956457680057746 0.2574902006262443 3.092109866375762 4.017652856378519 4.5482094375136155 9.388587063144408 -10.015800990117542 5.0415451217305325 -3.1055746113150753 -2.3670179253918247 0.813040784253126 -4.459791425075814 -1.5788677876872546
1420 17040 0 0 0 -3.6968325355728164 -1.561772474944982 -0.3598617457421667 -1.9470628845739977 0.12648033721015398 0.023238927426522338 0.2576633893437041 3.091497244565131 4.015838879998567 4.5453589032071005 9.39165476249974 -10.018873620247069 5.042448287444816 -3.1013405960368146 -2.3631909292152895 0.8159027824516164 -4.4617475878211525 -1.5821376459964724
1421 17052 0 0 0 -3.6968691898800845 -1.561788079783683 -0.3598349367876782 -1.9470698707064826 0.12648878041657013 0.0233684100273748 0.25778268399598564 3.0917737821960776 4.015920578412691 4.544760638702385 9.39310816931642 -10.021457199905713 5.044252883975935 -3.1020600961860887 -2.363803464907969 0.8178030139576835 -4.462518553656904 -1.5846449312829904
1422 17064 0 0 0 -3.6968106202050866 -1.5617458760796168 -0.35990261883005037 -1.9470157109437405 0.1264918098972852 0.02333418879763143 0.2579200666331844 3.0950544917141523 4.018565948223674 4.546553674146996 9.388249353058946 -10.015165309793543 5.038541799332036 -3.1048812967922563 -2.3671878250833975 0.8128373907658905 -4.462078520431884 -1.5797893842020534
1423 17076 0 0 0 -3.696916854924213 -1.5617940960425023 -0.35981755988041725 -1.9471234399811366 0.12647799588373668 0.02330892749364225 0.2575964202133485 3.089537081978371 4.016031481537829 4.548171256118823 9.392803695311738 -10.022752673090995 5.045413944861758 -3.0994195980257055 -2.366012705705442 0.8174003206507295 -4.4647148156047685 -1.588796935603189
1424 17088 0 0 0 -3.696889938754008 -1.561808520116254 -0.35980462912313693 -1.9470696511369683 0.12648890500026724 0.02345818602780492 0.257820113136131 3.0911802007234956 4.016737120114837 4.5472349204399904 9.392860734130386 -10.023568676760434 5.045895325641885 -3.1030514923106187 -2.3675802426787502 0.8170587752702406 -4.46425498664249 -1.5902085796885699
1425 17100 0 0 0 -3.6967963352380435 -1.5617675921509881 -0.3598950113146369 -1.947035105424866 0.12644456453824265 0.02284293661442383 0.25714425903978577 3.0890364020202186 4.017075634273349 4.548442186384926 9.395608603934274 -10.028949789003045 5.050126732156296 -3.101996725668239 -2.3676655905285595 0.8195984907085666 -4.4649182883936085 -1.5958662075838141
1426 17112 0 0 0 -3.696821125302875 -1.5616893191657362 -0.36003348823676373 -1.9469487563194783 0.12642452125238068 0.022435349607548612 0.25693525149131297 3.0916599919587706 4.0168203360926755 4.545720114228285 9.396816400512868 -10.027131872656874 5.049432597338812 -3.102416364434206 -2.365431422561999 0.8191895430266811 -4.463338037796765 -1.5932295432779584
1427 17124 0 0 0 -3.696711667861274 -1.561688936199778 -0.3600462303762929 -1.9469936676583017 0.126394198076125 0.0222283011566312 0.25658623865925567 3.0891752076713455 4.016039360539287 4.548274622162163 9.397701598870965 -10.027939629465438 5.051183678592157 -3.1005735195210655 -2.367179811803042 0.8185345492148866 -4.463163222179896 -1.5936546358693573
1428 17136 0 0 0 -3.6966869859696425 -1.561773810226808 -0.3598649782444422 -1.9471771742914492 0.1264474955901792 0.0227973805938162 0.25686883066457816 3.087512599843587 4.015658568571669 4.547468411866456 9.396530673272025 -10.028725719952723 5.05159220423293 -3.1007503168138113 -2.3686159535007807 0.8193366071278875 -4.4652375535375874 -1.5959136292271232
1429 17148 0 0 0 -3.6967617709336156 -1.5617839351478415 -0.35985453912490584 -1.9471712703678858 0.1264276378855762 0.022676658146111296 0.2566679398809083 3.0848110224117438 4.014480977111611 4.549449864987758 9.399734420915655 -10.03453106619535 5.055746545335656 -3.09864995654011 -2.3705272949222365 0.8223111414679339 -4.467443386916018 -1.605175994364082
1430 17160 0 0 0 -3.6967194722290255 -1.5618846009582843 -0.35965220219854577 -1.9472790393841093 0.12651100266864732 0.02357621173253029 0.25748044194801256 3.0874396814053315 4.014276552355649 4.546934152394078 9.397863932206455 -10.031372236096464 5.0539288277134276 -3.1023607648017033 -2.3725035190212487 0.8211212299224326 -4.467212306466975 -1.6029331141388192
1431 17172 0 0 0 -3.6967455131298075 -1.5618732724464646 -0.3596817540046893 -1.9472407964455938 0.12650007986214398 0.02351198354090564 0.25746676890473413 3.087383209498825 4.01456089311266 4.547977165693855 9.39642021235948 -10.03026882176988 5.053636695772513 -3.103295366730332 -2.3733131441805027 0.8201665537497802 -4.46609249715779 -1.6025691485821405
1432 17184 0 0 0 -3.696759205184635 -1.5618926777125037 -0.35965163799643207 -1.9473437611922741 0.12646973976385856 0.023350579976902132 0.2570521118432614 3.0828559292822426 4.01227195303001 4.549755540191544 9.397928259910326 -10.033973578974912 5.05731064702942 -3.099188177854556 -2.3714726022538706 0.8228573651728581 -4.466993672296343 -1.6067572127589087
1433 17196 0 0 0 -3.6967752484118215 -1.5618846265435669 -0.3596724002620787 -1.9473283742515397 0.12645353031345563 0.02318222737517149 0.25686285470700804 3.0820362561408694 4.011486406414783 4.550974005713092 9.400242041399466 -10.036611676280154 5.059702219186859 -3.0984934765169987 -2.3720429563616636 0.824912779215821 -4.467619951611985 -1.6108854963095103
1434 17208 0 0 0 -3.696842171926495 -1.5618693547197755 -0.35970861403535265 -1.9473234051262016 0.12642998537399447 0.022954428194172198 0.25659895590006526 3.0801577130021176 4.011767297048461 4.553830550429854 9.40200370154386 -10.039648630045894 5.0624690297175015 -3.098315245884968 -2.372916887480128 0.8261672696854001 -4.466878337231463 -1.6142617375461934
1435 17220 0 0 0 -3.6969308141756927 -1.5618432609628938 -0.35975034537558453 -1.9473314547871852 0.1264250743273648 0.02282127596026129 0.25647045036788807 3.0802732877197334 4.010949318159743 4.55069024115197 9.405250525821494 -10.042954571303458 5.064418784296194 -3.0957504127746525 -2.369937918249742 0.8277179018736286 -4.467885450734176 -1.6169071398988697
1436 17232 0 0 0 -3.6970600466278243 -1.5618404923064686 -0.35976053858862855 -1.9473129895810959 0.12640477315749887 0.022610800464110424 0.25623192271947337 3.077153191902462 4.00990051781571 4.5532754101231125 9.407767944421694 -10.046768792522847 5.067521427677514 -3.0927179616115583 -2.3694296635911245 0.8302723145099941 -4.469008067921395 -1.6222902009717468
1437 17244 0 0 0 -3.6971195649875335 -1.5618546835775933 -0.35973665540371813 -1.9473868131695302 0.12638655243631 0.022397397614727678 0.2558093993211753 3.072917592410968 4.007929642907117 4.5539358843804445 9.414115419686121 -10.054894554683985 5.074726852404181 -3.0890920841320018 -2.3674841074536217 0.8358958889163787 -4.4696281647064735 -1.6305701318475887
1438 17256 0 0 0 -3.6971174992415383 -1.5618096922682192 -0.35983726417124 -1.947355224945738 0.12633751374779473 0.02195887838357799 0.255356709387058 3.071519676892083 4.007857166596679 4.552678283038064 9.41483194086193 -10.055820985339016 5.077320389042242 -3.0882332377806145 -2.364868060808376 0.8366957968565186 -4.467531016939742 -1.6296773137289957
1439 17268 0 0 0 -3.69703140604517 -1.5618254043779523 -0.3598018464795121 -1.9473906746739191 0.1263577088617192 0.02214866575097772 0.25551379286215603 3.073183395988719 4.008232858852017 4.552579471923131 9.414852299020541 -10.05592131408302 5.076793983729617 -3.0904503040157443 -2.3671945466944093 0.8364098100171351 -4.4678490586202635 -1.6304241011753522
1440 17280 0 0 0 -3.6970234598311755 -1.5619034959070108 -0.35966128605736947 -1.947509236443458 0.1263810255974099 0.022434406321580343 0.25551596163554124 3.070140712507602 4.006031507482664 4.5520594061294295 9.419351446410081 -10.0632595077668 5.083041425210671 -3.0896285721081176 -2.3669106936069095 0.841778171278966 -4.469943542836368 -1.6394496898819528
1441 17292 0 0 0 -3.696985722987396 -1.5619077979661182 -0.3596484616357761 -1.9475640033544057 0.12638309154234928 0.02245378103693964 0.25543423292646644 3.0700742392824383 4.007159461016925 4.552718443169284 9.419460890570141 -10.063661882426079 5.084414986577301 -3.0925014073166213 -2.367659127749821 0.8429741402044942 -4.468451914868544 -1.6389065939009018
1442 17304 0 0 0 -3.697011006361515 -1.5618455298162497 -0.3597697038046739 -1.9474543295793032 0.12635754144616887 0.022114626355187822 0.2553019872644547 3.0720286804848835 4.0077598301248605 4.553352673983797 9.419981783587408 -10.062988976786713 5.083124563080912 -3.092797348404984 -2.367575767678965 0.8418585386979494 -4.467438738123145 -1.6383176675665394
1443 17316 0 0 0 -3.6970296676266723 -1.5618689744857004 -0.3597424516554246 -1.9474119288076255 0.12634924158172256 0.022089807214939534 0.2552769465917991 3.07026598735377 4.006857372502907 4.553078061473597 9.418320676130424 -10.062167827490821 5.082877293915555 -3.092198788653141 -2.366453150725806 0.8414919751162042 -4.467986199345904 -1.6386899177846348
1444 17328 0 0 0 -3.697119814772273 -1.56189811786179 -0.35968878613011684 -1.9474767429649877 0.12634818045523988 0.022067459872404577 0.25510392824441436 3.0671576647735352 4.004226136877806 4.5525714188587685 9.42111248067978 -10.066539157410281 5.087282012141341 -3.0880424886162414 -2.364523736936745 0.8453628683598706 -4.469424891909998 -1.6439828160679155
1445 17340 0 0 0 -3.6971768520773436 -1.5618866501788409 -0.3597149548717758 -1.9475093968892092 0.1263179628604624 0.0217934779177287 0.25471841103563575 3.0641100468354043 4.002854556746213 4.553768049744823 9.42172814587083 -10.068915641623526 5.090240662030914 -3.0844187445701268 -2.364530827002108 0.8461996654419156 -4.470835761726745 -1.6472620327052463
1446 17352 0 0 0 -3.6972029954974865 -1.5618569576284747 -0.3597717594552905 -1.94756277696265 0.12626870605559914 0.02129122935590764 0.2540272774963364 3.0593502298302107 4.000502797186429 4.553849034531215 9.424143688953745 -10.072338139230524 5.093851550900926 -3.078741923304729 -2.360552952946749 0.8481637052379616 -4.471523771068698 -1.6501700562482962
1447 17364 0 0 0 -3.697335370217455 -1.561783614035368 -0.35991968619889636 -1.947426354319455 0.12623718515217014 0.02078570848127634 0.25370591539391196 3.0603248052844934 4.000772282516324 4.553976694655914 9.430272200264433 -10.08003231819116 5.098985932289732 -3.0804615954845094 -2.3614259184901267 0.8531023353862358 -4.471902104357684 -1.6597590831668656
1448 17376 0 0 0 -3.6972951025218297 -1.5618621209413024 -0.35977800471576926 -1.947603346211128 0.12624760240960597 0.02106409473488342 0.25364247157526104 3.0564930902583436 3.998858472757908 4.556739840745021 9.43231109340312 -10.083299503150581 5.103442809656763 -3.0773044178466864 -2.3633883046228052 0.8557004910651388 -4.473513380059515 -1.6652828977677248
1449 17388 0 0 0 -3.697337697610797 -1.561804894819236 -0.3598932910013733 -1.9474929656178186 0.12622172687756217 0.020739757846610703 0.25350032701207414 3.057896424511488 3.999718854003529 4.558780638164596 9.431653107518759 -10.083233014234395 5.103675931056929 -3.078448213939408 -2.3655936738709578 0.8557892603379473 -4.473141297546888 -1.6666598802208568
1450 17400 0 0 0 -3.697356001704187 -1.5617813778140301 -0.35994960655542535 -1.947445784754318 0.12620796851224397 0.020408264042782922 0.2531919518179 3.0567828884542103 3.999343157419346 4.559580392393192 9.435997711272297 -10.089993424356487 5.108625683338161 -3.0776964879593547 -2.364741961630097 0.860236720844832 -4.473542923430047 -1.674161097788432
1451 17412 0 0 0 -3.6974708848069207 -1.5617768349256673 -0.3599571304068009 -1.9474572819277822 0.12620007098611769 0.020100233784140453 0.25283201813439893 3.0547188197227997 3.996903950749331 4.556814776215401 9.441567988411574 -10.097223962155837 5.116242485066129 -3.0746693561134375 -2.3610006609403316 0.8658992439667403 -4.472659902674648 -1.6822075011396247
1452 17424 0 0 0 -3.69757851135107 -1.5617953614972295 -0.35993106866291236 -1.94744945333985 0.12620101678211537 0.02018671489478609 0.2528843755412208 3.0535243519912463 3.994907082886698 4.552260263002906 9.442204782995518 -10.097853020804997 5.117454239545696 -3.0735896479485594 -2.3574660827226617 0.8688347201319553 -4.474271914173688 -1.6820620511520972
1453 17436 0 0 0 -3.6975552739309054 -1.5619039797351646 -0.35973326181342535 -1.9476448600085174 0.12622573698459433 0.020667821565256195 0.25294678493131706 3.0488753556220702 3.9938782435112072 4.556717026162051 9.446302441775797 -10.105724034791399 5.123957628340487 -3.073379141593317 -2.3602698157400868 0.8740244405736688 -4.4749067138623655 -1.6940860525930508
1454 17448 0 0 0 -3.6974277041467665 -1.5619078634004553 -0.35970529474003327 -1.9476204115917661 0.12627387393213516 0.020920546315158682 0.25331148885862315 3.053995072418353 3.99428441546623 4.547631934800394 9.446507981552509 -10.103010389657793 5.1211339151388415 -3.076884901307871 -2.3556641589473424 0.8749930009949954 -4.475123577307087 -1.6875092834088525
1455 17460 0 0 0 -3.6974162180804573 -1.5618963962662291 -0.35971036957815744 -1.947628603661116 0.12629476804885384 0.02083383597936489 0.2532171677811426 3.055510073078208 3.9931085013298557 4.544818311311026 9.451346460744412 -10.108170749388407 5.1264146541165525 -3.076371093373037 -2.355737516285366 0.8802984116578452 -4.476082396923145 -1.6935824927012655
1456 17472 0 0 0 -3.69743980821465 -1.5619253566124889 -0.3596730722222244 -1.9476488837745565 0.12628706642041815 0.020989794069285583 0.25327676047299574 3.0539589359946313 3.9937421777512916 4.54750126781111 9.451837210742136 -10.111308744748975 5.127649247646433 -3.0779482866433345 -2.357783431200748 0.8824310161588184 -4.477441082253846 -1.6991470610369739
1457 17484 0 0 0 -3.697415587119209 -1.5619214516514468 -0.3597013947801494 -1.947655109805923 0.1262436483704962 0.02062836168922569 0.2527404444520611 3.0498117264501285 3.9924734915968023 4.548647543391101 9.454017927347905 -10.116472239858986 5.1329638655240295 -3.078567027552675 -2.3566410001275324 0.886004810493587 -4.476948447904414 -1.7051301233276415
1458 17496 0 0 0 -3.6974357482474844 -1.5620019978109274 -0.35954889336309465 -1.9477509684838081 0.12628606019158772 0.021105479863750328 0.2530048948439937 3.0490336915936833 3.989700294781396 4.543117622210852 9.456041397021856 -10.120619650969305 5.134096239041095 -3.0790671690992433 -2.3516318499388498 0.8906916216484575 -4.480373922237031 -1.710674768887726
1459 17508 0 0 0 -3.6975952358950988 -1.5620081490133726 -0.3595515050451454 -1.9478357718497392 0.1262358683187063 0.020769914917538247 0.25241178946840837 3.0425285848976458 3.9882226398232996 4.54852009355903 9.46249260941821 -10.131335115753055 5.143888398119694 -3.07208614779453 -2.351984670159963 0.8962959017752634 -4.480503293337962 -1.7236441865741632
1460 17520 0 0 0 -3.697621675814173 -1.5619566384246466 -0.35965911686312485 -1.9477494970680953 0.12618463619972523 0.019812157972051787 0.2514287871162241 3.0388737052770303 3.98706101589614 4.550912037439226 9.472187975843934 -10.145719462252902 5.155051885852706 -3.0670047402814906 -2.3513381262031534 0.905928580133518 -4.481905559558953 -1.741713884942969
1461 17532 0 0 0 -3.6976052721490356 -1.5620055089332607 -0.3595561864084488 -1.9479603543605148 0.12618800997954502 0.019682505800970317 0.25084916715282035 3.0336168515989637 3.983200912731356 4.547973180892567 9.483301382754961 -10.159169684863032 5.1668170678618495 -3.0620722492868873 -2.3481269978925043 0.9156550075934949 -4.48397977704141 -1.7563196381790012
1462 17544 0 0 0 -3.697716329006249 -1.5619378054972086 -0.35967467138270065 -1.9480167472109422 0.12613008893185446 0.01893866314854139 0.24992012004936312 3.0293408994400495 3.98048102346119 4.542515608912128 9.486956518023801 -10.164236528401931 5.174417979564864 -3.0567456676162927 -2.3386394741208827 0.9217282092080721 -4.481407503018814 -1.7569309650985414
1463 17556 0 0 0 -3.6977863711404586 -1.5618858801222324 -0.35977702641087955 -1.9477778176665415 0.1261475225160395 0.01908969451483832 0.2505883413985265 3.0359013573932705 3.9816375941500253 4.540775228100954 9.482696293382293 -10.156931825265694 5.167898424540644 -3.0624486216950157 -2.3421088054834502 0.9143999442558802 -4.478898506625022 -1.750746782200253
1464 17568 0 0 0 -3.697727181695346 -1.5618067628978014 -0.35992572359151637 -1.9477698907566334 0.12610320499626396 0.018225737280193326 0.24964003672246426 3.035161153481416 3.9775535645249724 4.535948904971928 9.49118186750881 -10.162899906851417 5.176231605825961 -3.0591674541604776 -2.336352979930714 0.9210784575101796 -4.478029310312768 -1.7573283684555387
1465 17580 0 0 0 -3.697943044926381 -1.5619678582501086 -0.35961655654566366 -1.9479721790235174 0.12616750156677736 0.019059403380249768 0.25006071519175577 3.028532429991496 3.9723176328452667 4.53270384497714 9.49395490064416 -10.1701414064591 5.181137977081904 -3.0511095756116617 -2.3323076199672643 0.9267841916245673 -4.4843442683640795 -1.768653505690402
1466 17592 0 0 0 -3.6980146122030924 -1.5620074319509698 -0.3595615097828481 -1.9480845536264033 0.12616215868866232 0.018945554207497505 0.24958557162919193 3.0252860078642647 3.9693306415440395 4.529362852418418 9.506107785488469 -10.187285344173173 5.197170813199494 -3.0511256417456893 -2.329271955324732 0.9407982874950268 -4.4844752738348745 -1.7914862091875465
1467 17604 0 0 0 -3.6980095201792462 -1.5619473296481436 -0.35965875988978535 -1.9481171816171936 0.1261261263769099 0.018199063521851494 0.24870877891448173 3.022233727187054 3.9665195827114004 4.5195891509047 9.510144677416626 -10.190330452604135 5.200560042032769 -3.044370453605675 -2.316013542456979 0.9455584509757518 -4.483810542374364 -1.790086928166778
1468 17616 0 0 0 -3.6980125441301084 -1.5619464448356462 -0.35967069415761704 -1.94806002094328 0.12614927599011297 0.01790134403982572 0.24843165487590377 3.021126047351968 3.9673679854588837 4.524097709504699 9.517852028458023 -10.204031263893384 5.211347764909457 -3.0456766538364284 -2.321606867173063 0.9554831736757903 -4.487025462218391 -1.8065528217536841
1469 17628 0 0 0 -3.69823371973781 -1.5619270017765736 -0.3596988214189252 -1.948234692652392 0.12611753982446236 0.01742564248207538 0.24758501332823063 3.0171924042475187 3.961111348517844 4.514355604944244 9.532138411205693 -10.221216862438945 5.227150309257697 -3.0355636301576343 -2.311063350797705 0.970407699525889 -4.489526685971393 -1.8251177384260249
1470 17640 0 0 0 -3.698017218567352 -1.5618899806756388 -0.359777928663487 -1.9482087915805526 0.12612226574886046 0.017175395791320693 0.24733466840534202 3.0214325377786593 3.962020636627438 4.512278818211059 9.537086024727996 -10.226291600765387 5.231602245491415 -3.043938333387979 -2.3130180250780166 0.9771117123901287 -4.488611203971881 -1.8328718858996131
1471 17652 0 0 0 -3.6977940473360453 -1.5619555587020695 -0.3596471290031989 -1.9483317371862816 0.12619680694199453 0.0180522564231276 0.24819412844272504 3.025794628453191 3.966748693916732 4.517712764460487 9.530015386285278 -10.219343727637716 5.2268881037676005 -3.0547361186585986 -2.3250381200021164 0.9696042065888261 -4.485551137176293 -1.8224673263362505
1472 17664 0 0 0 -3.6979072632368344 -1.5618569980692678 -0.35980769130703627 -1.948204940028932 0.12621686908518556 0.017766919959111352 0.24822592855112438 3.0324656619771715 3.9662286783138603 4.515170602714646 9.538878442568363 -10.226054570042818 5.2318834625410675 -3.0572422848732157 -2.3254761107002566 0.9756976333311234 -4.48375059954143 -1.8311085849007394
1473 17676 0 0 0 -3.6979463086048616 -1.5616524045891462 -0.3602233509523917 -1.9478645860500376 0.12607244931641684 0.015840247391918073 0.24673957944927222 3.030114678857028 3.9659662215247735 4.51831778237514 9.543223308305016 -10.23068150484642 5.236197075952724 -3.0546247233745656 -2.324003466179996 0.9780540970884049 -4.483075339444782 -1.8349498177497658
1474 17688 0 0 0 -3.698024980105085 -1.5617290989677388 -0.36009873196133035 -1.9482308219006121 0.1260034630840567 0.015256487117571028 0.24518489952278222 3.0151114038596982 3.9576970819145614 4.515012679794641 9.556980272910602 -10.254333730583623 5.25568803068225 -3.0405694322117744 -2.3110509242982396 0.9963438390827738 -4.487533674744116 -1.8607308488639829
1475 17700 0 0 0 -3.6980535355751747 -1.5619005041965905 -0.3597326785665457 -1.9484053859980799 0.12618764446276393 0.01715094762534183 0.24709758884509578 3.021786307991951 3.9596193916363482 4.51117469476956 9.548413868587405 -10.244475678991734 5.247286565350512 -3.0530180909176727 -2.315889775705067 0.9907502270076192 -4.485472072486381 -1.8524606275086903
1476 17712 0 0 0 -3.698051249278565 -1.5619694930247412 -0.35958315373842226 -1.9484451797627793 0.12627260265780957 0.018060938149685332 0.24800829733691113 3.0258929488477926 3.961004281446638 4.508447221713205 9.54597317220082 -10.245623009620923 5.245817361206665 -3.060253260770255 -2.3232762179684556 0.9925763988571275 -4.490722607827266 -1.8555714539228512
1477 17724 0 0 0 -3.698155454129583 -1.5619716271573685 -0.3596357823192306 -1.9484458561870965 0.12617958880051736 0.017321567553822647 0.24696804781303777 3.0171440127382914 3.9537723009839905 4.507626548410631 9.557329821089498 -10.25897088117808 5.257487131775092 -3.0525149817019 -2.31687911505087 1.0020181300542437 -4.493949839430082 -1.8729754016388003
1478 17736 0 0 0 -3.698262458874625 -1.5621442148287685 -0.35931808654057024 -1.9486165588924425 0.1262874415409095 0.018522722048991476 0.24787569615324848 3.018145388511854 3.946281952845964 4.494755616636777 9.562403243469078 -10.262933428607768 5.262865348135799 -3.0529047112059224 -2.310140056566479 1.0123839899967415 -4.496925150792212 -1.8789570727604235
1479 17748 0 0 0 -3.69811559399961 -1.5621863638643865 -0.359219437332492 -1.9487918016191723 0.1263532877179276 0.01893827763269831 0.24807517408677965 3.020734396211484 3.9453964241869217 4.491194683301545 9.567485609711358 -10.268405811386113 5.268225806411961 -3.0597184951624774 -2.3086349686370786 1.0193289451009253 -4.491938793502342 -1.8829295409471318
1480 17760 0 0 0 -3.698291249655554 -1.5621187968033152 -0.3593753299027756 -1.9489552286782732 0.12619301892817414 0.016907148947418457 0.24538822458067774 3.0027063580970883 3.938029908392073 4.5008968086537795 9.587679608471298 -10.300014917885338 5.296642167549497 -3.0370016771496355 -2.301887317413281 1.0393578144639486 -4.495502075195405 -1.9186530150200494
1481 17772 0 0 0 -3.698339777184244 -1.5618870709659896 -0.3598576649131002 -1.9486546252439612 0.1260522771213358 0.01468446516134022 0.24340757707870078 3.0015977407352303 3.9353452432512417 4.500228309880265 9.609683038911605 -10.323267230742793 5.315867429000853 -3.036476847184186 -2.2973705578716705 1.0584637399140906 -4.496600187857512 -1.9431572092252773
1482 17784 0 0 0 -3.698373965080835 -1.5619106035198203 -0.3598139416331551 -1.948576012890602 0.12610452982195114 0.015394560556033401 0.24438742087779344 3.008492330866984 3.9407454268421382 4.5059950222194 9.607426318334321 -10.324432368586983 5.316497350848191 -3.0471532930217435 -2.3101492658355576 1.05512261009123 -4.490544013474115 -1.9508175973330009
1483 17796 0 0 0 -3.698171711840743 -1.5619017478974428 -0.3598701311069762 -1.9483809659735853 0.1260934398213202 0.01569651896917729 0.2450605313423213 3.0126310239043064 3.948894226079845 4.513250813846385 9.59683691079406 -10.311480331699098 5.303902187591422 -3.0579092324896644 -2.3190230128192346 1.0413002112980128 -4.485361759382432 -1.938391454732714
1484 17808 0 0 0 -3.6981374307201564 -1.5620451566650915 -0.35961059823044855 -1.948625494017058 0.12617788515530504 0.016472726137292063 0.24535093604103803 3.0101027776158666 3.945118555471206 4.5038021456018065 9.606324180813088 -10.325964898964498 5.31594181527492 -3.0628143228585736 -2.3138138199295533 1.054504610983509 -4.485624067975987 -1.9549059409239724
1485 17820 0 0 0 -3.6981297318676933 -1.5619472266764929 -0.3598032053303149 -1.9484184944189618 0.12612152869027304 0.016107825313432442 0.24550751508389845 3.0132598062967633 3.9502553372382505 4.511827497135102 9.589981690999176 -10.307265354930141 5.304555211345453 -3.0610209199914413 -2.322981515911579 1.035357968561846 -4.4816022474102795 -1.9323728221468586
1486 17832 0 0 0 -3.697999399235837 -1.5619845686135851 -0.3596854047777998 -1.948549473671639 0.12621005906801125 0.016756564289891973 0.2461128600722586 3.0183341105653874 3.9516735877167504 4.50662263654569 9.586334641343838 -10.301569227796993 5.2960482518959155 -3.0613625543567857 -2.3208397793982094 1.0358291272926605 -4.486606766641421 -1.9241594946554914
1487 17844 0 0 0 -3.6982713001723724 -1.561891960560499 -0.3598518102786092 -1.948473284067226 0.1261274788432191 0.015379765921283664 0.24455438057293086 3.0102135721357666 3.9457504228196503 4.508630218138468 9.602083759077473 -10.323543248962517 5.313648526769628 -3.052549597389298 -2.3173773856710804 1.0513786650390002 -4.491880604414153 -1.9541138217512055
1488 17856 0 0 0 -3.6980912241422836 -1.561945619551016 -0.35974726815611036 -1.9487909808753696 0.12609771057490207 0.01491794931193248 0.243309284277401 3.000837141508083 3.938958538717254 4.506896871514174 9.613427866218144 -10.337709538617188 5.325944727784772 -3.0461979587527406 -2.3097529123471254 1.0647084208270097 -4.494555215524879 -1.971971472005328
1489 17868 0 0 0 -3.6979440601124156 -1.5620465719025076 -0.35954572671201795 -1.9490192726366289 0.1261423528827858 0.015568833582338439 0.24364336486963423 3.000497891759379 3.937295065479338 4.503419031917568 9.611862511537058 -10.335986545213846 5.322482384745979 -3.042064522131414 -2.304200580817198 1.0639189815352146 -4.495499980446275 -1.9666322249630004
1490 17880 0 0 0 -3.698016046836786 -1.5620888039335201 -0.35947345677226844 -1.9491456027794674 0.12613818723131237 0.015740704953415282 0.243519093133639 2.9974816991060274 3.932722312095737 4.498859292192474 9.616488194510648 -10.342280328016988 5.326031795991234 -3.0379853829143713 -2.2985495189514014 1.0690085688482527 -4.499817885811316 -1.9724439808539378
1491 17892 0 0 0 -3.6981015860603774 -1.5621949996255995 -0.3592787330930672 -1.9493732846334457 0.12615551304190684 0.016058710463993424 0.2433539968214447 2.9916512590486475 3.9287542700449736 4.498051560222245 9.62565588921167 -10.35397548329514 5.3372344077373866 -3.0332255604783707 -2.297882669622744 1.0802336724458645 -4.503446077792009 -1.986161623045593
1492 17904 0 0 0 -3.698092959882201 -1.5621674404314212 -0.35934605350229887 -1.9492636765389313 0.12615695920157494 0.016062794568114276 0.2435578297041131 2.994338414196053 3.9301418021453776 4.496564735211413 9.621863227152945 -10.350405242193082 5.332238809082485 -3.039851822511961 -2.2989079628261524 1.078594741442981 -4.503128705346201 -1.9825576809742667
1493 17916 0 0 0 -3.698132722540937 -1.5622170938596316 -0.3592417657367455 -1.9494276015179797 0.12617871057477967 0.01634933983612957 0.24353947173796758 2.990965160104024 3.926991935890463 4.492948488577081 9.622687927333603 -10.353028345821738 5.335186645227186 -3.0389211338262547 -2.294776360295154 1.0815754330282237 -4.502646126587366 -1.9855080993337908
1494 17928 0 0 0 -3.698077729341306 -1.5622430901461997 -0.3591979214405776 -1.949379825081 0.12622050067916302 0.016749172312046496 0.24407479993752593 2.994126846460605 3.928815961329964 4.491343955486993 9.619643115831384 -10.347456731479468 5.331717097402683 -3.0468994937137364 -2.299128223051351 1.0779103334901368 -4.500331062351831 -1.982316261283013
1495 17940 0 0 0 -3.6981121328845385 -1.5622397451782792 -0.35917350459705166 -1.94929024043562 0.12625182131982327 0.017132850567964035 0.24477327009190533 2.998514786825459 3.929686760666707 4.490901004355414 9.606626320023235 -10.330261134332215 5.317993536203656 -3.0473249724362317 -2.301317053953751 1.0652529497526022 -4.50034894225157 -1.9657546158307455
1496 17952 0 0 0 -3.6980198495983827 -1.5621601027127408 -0.35932153612879186 -1.9493154387039315 0.1261986282595723 0.01629478363391705 0.2438207714061869 2.996304075747839 3.9296212507124424 4.489472511057039 9.6075981718868 -10.334589910847718 5.324234057708222 -3.049218178201181 -2.3009493620998107 1.066002235670412 -4.49869203426905 -1.971841806781531
1497 17964 0 0 0 -3.698096240566261 -1.5621092264024823 -0.3594455656979712 -1.9493981276740504 0.1260894622037842 0.015186857220546216 0.24226798797302423 2.9877393194594255 3.924834524368104 4.489554546746307 9.623025742530219 -10.354935433117294 5.342620866803114 -3.0416492069137884 -2.2964286803342193 1.0809036229386564 -4.500343495324009 -1.9939720501635632
1498 17976 0 0 0 -3.698022131016549 -1.562008313138353 -0.35963442081944014 -1.949244141766497 0.1260609974659545 0.014453196467702531 0.24175978995592246 2.9899844266861515 3.928111436062573 4.492622960942507 9.628635645111471 -10.363568656393744 5.347776638442211 -3.0436046667392103 -2.3002211027169257 1.0848409422772727 -4.500376103384731 -2.005497751836323
1499 17988 0 0 0 -3.6978645865042914 -1.5621832380105154 -0.35929107612139954 -1.9494076335523522 0.1261934153541002 0.016124878358455736 0.2433239553563083 2.994407880667057 3.930171512336193 4.494372839547916 9.621965713243494 -10.358205442699514 5.341239890116422 -3.0511305851513617 -2.306163879184018 1.0810830440943568 -4.499810018136131 -2.000374171693989
1500 18000 0 0 0 -3.6979768826172625 -1.562148497139397 -0.3593603428764172 -1.9494831900732121 0.12614999671018878 0.015463941834240635 0.24244081898936978 2.989683300321694 3.9265392177722194 4.491701517862523 9.62894331326596 -10.369640549036436 5.351303824553339 -3.0482509486318072 -2.30204160236186 1.0892154402111223 -4.500918365387021 -2.014168134846019
1501 18012 0 0 0 -3.6978470656011386 -1.5622221758858068 -0.35921570549893056 -1.949790810587246 0.12613670361362195 0.015242305867130962 0.24156610157372327 2.980914007724872 3.923337197049661 4.491517186398994 9.633329018196417 -10.379317903208255 5.360029182577511 -3.039657143483667 -2.299952646232577 1.0946604615912392 -4.505253634396064 -2.026526353297666
1502 18024 0 0 0 -3.697778544600108 -1.5622890808624506 -0.35910181318431905 -1.949976395012813 0.1261503298862101 0.015279171014241037 0.24117538653875803 2.9764916345744097 3.9188758081009962 4.487852345500378 9.639452533947416 -10.389107071173477 5.370286447531224 -3.039279664359761 -2.2953224917265143 1.1053135316079101 -4.505769140462326 -2.035197550668044
1503 18036 0 0 0 -3.6976656668859587 -1.562339020923759 -0.3590083194976792 -1.9501951778681046 0.12613273071111872 0.015276958399315234 0.24076162757163141 2.9723415425040853 3.9163525006276267 4.491083751051698 9.644733356587135 -10.393090357762482 5.373290256757986 -3.034131330169446 -2.292405217607379 1.108702916672543 -4.507322628540733 -2.0378424449264583
1504 18048 0 0 0 -3.6974470643503414 -1.5622201553724666 -0.35923999933337636 -1.9501857824805027 0.12604601601353035 0.014151179493238937 0.23960081794896934 2.9717221707639045 3.9158145464208456 4.488650201204777 9.64995668149949 -10.392150992040037 5.371995757484067 -3.0271236401975714 -2.2842956123381937 1.1096391224604731 -4.5072301590163155 -2.0323982686824866
1505 18060 0 0 0 -3.697315933242591 -1.5621656022987458 -0.35934334929252293 -1.9501905863993336 0.12602300038400577 0.013595567983348192 0.23902184386834924 2.972133812419545 3.9163060040959863 4.485680512293111 9.652588079426836 -10.392913111241116 5.375680508728912 -3.026513588271787 -2.284329741578474 1.11171556350224 -4.506199155222505 -2.03427770665097
1506 18072 0 0 0 -3.6974424158768553 -1.5621915937880015 -0.35929905651139005 -1.9503053136657809 0.12600738670447847 0.013524775957276788 0.23869925988280957 2.9682731355214447 3.911796096300447 4.483102349216865 9.658171677045265 -10.39850995311297 5.382138505320092 -3.018319248633884 -2.2791942231628095 1.1173533527732107 -4.5073111913461394 -2.040375075876778
1507 18084 0 0 0 -3.697360267599811 -1.562287865600738 -0.35914302966993467 -1.9506486050407568 0.1259362824285615 0.012835607188192547 0.2370247930969622 2.954269211927839 3.901946467880859 4.476380128097759 9.672421483950238 -10.421153289339408 5.400977953581002 -3.002382269262553 -2.2647207964914697 1.1371679203011706 -4.515770166453829 -2.063498929193678
1508 18096 0 0 0 -3.6974572694360948 -1.562321667551713 -0.3590655585071359 -1.9507088056046111 0.12593103904363784 0.01303336484388386 0.2371512105368893 2.9517691326358926 3.9006237808665087 4.482030459243721 9.666489997683138 -10.412520955871871 5.393679683440009 -2.994971874881227 -2.2656700531437757 1.1316778177170372 -4.519414938224462 -2.054790403125462
1509 18108 0 0 0 -3.6977757649286094 -1.562245759136776 -0.35918787723621776 -1.9504323879641459 0.1259396037200922 0.01290968376082129 0.23758825496129193 2.9554188743708663 3.90359519634552 4.4826889106655585 9.665890449288936 -10.411357839268742 5.391352335707538 -2.995171402849124 -2.2675145976571525 1.1294813371100128 -4.518345940165997 -2.053030372674225
1510 18120 0 0 0 -3.6980055700714973 -1.5622624579864155 -0.35915506667887376 -1.9502652808225398 0.1259948500917114 0.01325870149250836 0.23821668989117573 2.9582580801370035 3.903754556365955 4.4773487805875645 9.672953957193833 -10.421645546508413 5.402592963608709 -3.000165340877237 -2.2706734121163548 1.1348301953237445 -4.515471157035574 -2.066302913243925
1511 18132 0 0 0 -3.6980391534744532 -1.5622614548065676 -0.3591735547055776 -1.9503160302467544 0.12594742371018727 0.012913804538122025 0.23763519988016996 2.953859955555503 3.901211054443612 4.473792906890376 9.675851524777231 -10.425754573942752 5.407102194100289 -2.9934379353333216 -2.2636634373100546 1.1390526502285632 -4.516414379476397 -2.071141248545282
1512 18144 0 0 0 -3.698094874694431 -1.5622549879404064 -0.35916220768276386 -1.9505538526418653 0.125900248265648 0.012123841944996565 0.23624538995851688 2.945667402892653 3.8959128337879347 4.474846617961058 9.688137903082128 -10.447231989373332 5.424527381666808 -2.9815733527805444 -2.2606664533629397 1.1527418214055385 -4.521701631293946 -2.098962285625083
1513 18156 0 0 0 -3.697930522108831 -1.562217819676777 -0.3592366554875235 -1.9504637382491554 0.12586925780916733 0.011993403636286586 0.23630334916759266 2.947594895982357 3.899502921672798 4.477953347565733 9.678875546137832 -10.436962268275654 5.414842637611908 -2.9820095340918904 -2.2639528642610176 1.141843601318967 -4.5204153696093785 -2.0885916102411994
1514 18168 0 0 0 -3.6980199158745526 -1.5621618891306028 -0.359315382627273 -1.9504754510539675 0.12584295419175015 0.01151371186892188 0.23580906783811043 2.946714854642535 3.899056970870655 4.477721419206601 9.686077312565649 -10.443555477596549 5.418657782223798 -2.975998472109397 -2.259073749225069 1.1483945559128588 -4.522854983985368 -2.0910796472835234
1515 18180 0 0 0 -3.6982636840137078 -1.5621461759146014 -0.3593520182627766 -1.950306603813225 0.12586815847456345 0.0117066919542627 0.23635725322219994 2.9500246560703745 3.9017552809433047 4.484728572884977 9.688585854364096 -10.44946812048629 5.421643383143889 -2.9835568893324576 -2.269912435658454 1.150500555834197 -4.523916529288543 -2.10162433504857
1516 18192 0 0 0 -3.698111589433842 -1.562145228372065 -0.3593358012274435 -1.9503603007324923 0.12586961225062532 0.012141560809161468 0.23684304954807514 2.9538193558365142 3.906584068309182 4.487398321064183 9.677597626455087 -10.436420337443995 5.4095024340699736 -2.9872142758660316 -2.271922478973656 1.1388110772118416 -4.519783807062631 -2.084528987022842
1517 18204 0 0 0 -3.698135624092626 -1.5620919477039519 -0.3594357244597316 -1.9502545456035376 0.12584164832919648 0.011939667672530884 0.23685593669031113 2.9557921384803114 3.9099058145287615 4.490182844647359 9.675771743044187 -10.43356235995557 5.406589002558064 -2.987119037199869 -2.2756074359533436 1.1323138812833642 -4.518864504634602 -2.0800500884980986
1518 18216 0 0 0 -3.6980594142140624 -1.5621269352725486 -0.3593284631097117 -1.9502051596141006 0.12597019863110637 0.01329990798659647 0.2386650098312194 2.966189665405676 3.9164213683172333 4.482787594900379 9.65954893844259 -10.408604419110365 5.382962960862881 -2.9934416758934606 -2.272020691726009 1.1167220874931658 -4.517474268711244 -2.0466482885345942
1519 18228 0 0 0 -3.6980128191103603 -1.5622118357081356 -0.3591838981308809 -1.9505807826979007 0.1259285713952741 0.012754725156366702 0.2371539487065279 2.954642270640714 3.9068304497762125 4.476701508310558 9.679968009337621 -10.436579638571441 5.404799325972563 -2.9801289681851055 -2.258020001252791 1.1396117178992293 -4.5236928872521345 -2.075988264514705
1520 18240 0 0 0 -3.6982762871801755 -1.5622124487336775 -0.3592123397705747 -1.950340904710592 0.12593802451040034 0.012923774631073671 0.23771815646080127 2.955753202270345 3.9055076369043276 4.479821218271272 9.68023559359167 -10.438805277853001 5.408804911364145 -2.983105452423956 -2.2634054809360893 1.1401090313312139 -4.5206710038131135 -2.0827517368301107
1521 18252 0 0 0 -3.6983657230432554 -1.562106923486131 -0.3594070389673333 -1.950316147501019 0.12584254648472437 0.011788767960970585 0.23647962815561863 2.9511397285058214 3.9048632547468025 4.481236763679128 9.689002062215444 -10.452270842985056 5.419930941756835 -2.97310857004762 -2.2592337254016095 1.1475438303637524 -4.5213155035683075 -2.0922455457116222
1522 18264 0 0 0 -3.698318243764879 -1.5623026371162987 -0.3590571776481043 -1.9506443936006232 0.12592418124895385 0.012771914161949647 0.2367539947939233 2.945604257042754 3.9003642735618675 4.474289853187798 9.699117793739637 -10.472793902512464 5.435217378459473 -2.9725466470020336 -2.255041306144003 1.1631690681992768 -4.524508239996017 -2.115844201370775
1523 18276 0 0 0 -3.6983154581255433 -1.5622193802477873 -0.35924284362783 -1.9504948985122827 0.12580153906069644 0.011555285373644699 0.2355633643490235 2.9397958155228654 3.8993017806963906 4.482117058183943 9.705667761617153 -10.482216038700278 5.439422501948458 -2.962151394243642 -2.2490860703871474 1.1658061380463403 -4.523863748877729 -2.1236094188624643
1524 18288 0 0 0 -3.6982395487439423 -1.5621932558617124 -0.35928531704635014 -1.9503738582733052 0.12582518709801574 0.011809990410239526 0.23614273006164602 2.946950366187294 3.9019725324916967 4.480968765247626 9.700115346509849 -10.471039325658431 5.430592717613801 -2.9707567542224718 -2.251181917593085 1.1592992989709383 -4.520329142149548 -2.1063041622605967
1525 18300 0 0 0 -3.69829435687611 -1.5621530320229904 -0.35934598555886565 -1.9505466802747617 0.12576958200036228 0.010923353319710147 0.2347327313265601 2.940030668099561 3.8972271137860757 4.474614246196024 9.713579885967457 -10.492593608787528 5.448734241308877 -2.9619160524256984 -2.242852068151161 1.1750563770767064 -4.523175572024138 -2.129432180044015
1526 18312 0 0 0 -3.698371205772944 -1.5621441122322228 -0.3593447786752072 -1.9502380125245664 0.12584254421656055 0.011910271666282442 0.23657433300516179 2.9508175955412677 3.9047923841346077 4.4837597710288 9.697047994338856 -10.469268880495164 5.4267394561009725 -2.9688651183505352 -2.2541153538506253 1.154092938780965 -4.519309062204931 -2.1043376661420057
1527 18324 0 0 0 -3.69822395515617 -1.5621018912905391 -0.3594474867709693 -1.9502589682555378 0.125769221587571 0.011125663452828206 0.23565546437518237 2.9468079498357236 3.903512424923333 4.487150254683815 9.69994446797274 -10.469407113191028 5.428934728384724 -2.9650466510709994 -2.2549261377499765 1.155055000340595 -4.522580174500478 -2.1063075727562253
1528 18336 0 0 0 -3.698358474422999 -1.5620866759733991 -0.35944748554937156 -1.9503897355468292 0.1257618227701886 0.010597096538577955 0.2347966321022045 2.9426309700952284 3.898455738718017 4.489634551174412 9.706758751750403 -10.481301514452307 5.439522268556694 -2.9591977984269153 -2.2617072582249427 1.163149708196645 -4.531751583541237 -2.128396033404737
1529 18348 0 0 0 -3.6985361497330564 -1.562177653423068 -0.3592882551332086 -1.9504829128642862 0.12576791365962905 0.010977840922847787 0.23497384393909107 2.9386166868215278 3.896191572031024 4.492729848186925 9.711641192513223 -10.490551996566028 5.44791436831466 -2.9540326927514045 -2.2615515810624816 1.1673369012087136 -4.530632581432236 -2.1385555169970734
1530 18360 0 0 0 -3.698590250755249 -1.5622044070035475 -0.35922108519290474 -1.9504570651544124 0.1258082744326416 0.011523232965179049 0.2356700981591152 2.9423384655248315 3.8967852403197267 4.490919164456888 9.710688202914103 -10.485128886829607 5.439625817582787 -2.9501599458522283 -2.2586297456542463 1.1656479868255447 -4.535488890734167 -2.129264576614651
1531 18372 0 0 0 -3.698750884188237 -1.562143165669661 -0.3593207210550432 -1.9501531604335987 0.12583685666701724 0.01212560467801644 0.2370362058320382 2.951895322016563 3.9037042316009063 4.4978266223205345 9.699067296807957 -10.472517959004062 5.424945512198356 -2.9570680128759284 -2.2713300668258 1.1490290594062664 -4.533999484415787 -2.119549080235592
1532 18384 0 0 0 -3.698679155944704 -1.5621587233319025 -0.3593279375277001 -1.9503653166146944 0.12579992837372575 0.011666795922473935 0.23598334962672357 2.943903262803438 3.8947620022008413 4.4867120454168665 9.708505953505112 -10.483531957776352 5.436218793597613 -2.9524906827997244 -2.2551632008193927 1.1635287435902495 -4.533844778519537 -2.130960957085508
1533 18396 0 0 0 -3.6986243999076014 -1.5620640233394782 -0.35951122732056456 -1.9502970105026878 0.1257454526961254 0.01071203099357397 0.23505275498238926 2.9428299550295223 3.895049637906031 4.488836765831338 9.713436968880831 -10.490139574745337 5.441117419351028 -2.9511451379960736 -2.254580492365636 1.1686420405025753 -4.534930239377158 -2.135801369823308
1534 18408 0 0 0 -3.6985274498258676 -1.5622094525395431 -0.35923598100543397 -1.9506747728033407 0.12575719222624812 0.011202713791933126 0.23476247968944536 2.9354292647677656 3.892986527594346 4.489854059402826 9.720095909065288 -10.502031307042559 5.449897099243897 -2.9449455793923307 -2.252660207311149 1.1734665582112405 -4.536743311156749 -2.150294182345264
1535 18420 0 0 0 -3.6986329941288103 -1.5622850968141182 -0.35909383463598343 -1.950852277344335 0.1257311026822897 0.011185938732844337 0.23428346252093202 2.927128675658976 3.8887214184476586 4.495835906541198 9.723972508581971 -10.509083325196315 5.457466558189719 -2.9362264437155092 -2.256109227965244 1.1779252442320092 -4.542850971289931 -2.1591559383033627
1536 18432 0 0 0 -3.6987489463702747 -1.5623466937218287 -0.3589611472362283 -1.950998489882323 0.12572046673183404 0.011099662192066474 0.23378651941833267 2.9205225274939943 3.885427967898958 4.498012459668033 9.732091303576809 -10.524860346429543 5.469264501532878 -2.925668626185523 -2.253165447530852 1.186327757665799 -4.544271679688632 -2.1786407100809164
1537 18444 0 0 0 -3.6985242984153484 -1.5623983268694168 -0.3588644687921072 -1.9511638114720393 0.12577364557715967 0.011291623975960462 0.2337058669222279 2.922338149776741 3.8859468353721573 4.49465685213997 9.739592205503714 -10.53468512230545 5.477500227053937 -2.932280857635402 -2.254613691137173 1.1960664526457558 -4.543447015366841 -2.191140883746114
1538 18456 0 0 0 -3.6985901292722483 -1.56241740158324 -0.35881750546148844 -1.951300942613024 0.12575101716652093 0.011136161323663917 0.23324991213496435 2.9166695293138822 3.8823755573163456 4.494960774065326 9.7365768807066 -10.531933261851794 5.475542665280155 -2.9224078024854343 -2.248538616360098 1.1963137330630218 -4.5468762011568105 -2.1879576010985433
1539 18468 0 0 0 -3.6981706109424084 -1.5624505643059337 -0.35875543273298405 -1.9515160912741567 0.1257779470392095 0.011216554968462623 0.23301682111933825 2.9184179825899244 3.8817097395161104 4.489333238037145 9.735208809407178 -10.527387678129418 5.4748205723509535 -2.9301235302623945 -2.246004856462033 1.2009147014469814 -4.543618604368241 -2.177267780353449
1540 18480 0 0 0 -3.698328016294144 -1.5624011209341073 -0.3588547791756321 -1.9514436984159176 0.12574868078062756 0.01074115197110924 0.23258358549113292 2.9159589027524815 3.8801750141520563 4.493327115686779 9.742140119621608 -10.537544285297134 5.4829291000677465 -2.9286279338572143 -2.2507227481003067 1.208495893540792 -4.548118229892948 -2.191615657333175
1541 18492 0 0 0 -3.698108240584859 -1.5624552617078897 -0.3587428211896975 -1.9518110217550257 0.12574154950860988 0.010510703085453928 0.23156594077561302 2.909426046456841 3.8760747543207548 4.488925590885893 9.752993172303475 -10.552071389198844 5.495752863111102 -2.9237751066186224 -2.2430227549470136 1.2219811095041464 -4.549197244614141 -2.204250032623962
1542 18504 0 0 0 -3.6981541529817994 -1.5625069631493256 -0.35867761555036237 -1.9516922743501781 0.12577280487257772 0.010915864995478908 0.2321300483693055 2.9106817645511693 3.8774288707173414 4.489599163798597 9.75255287154043 -10.553741917305759 5.493580768211335 -2.9272852018113604 -2.2439595465812316 1.2214352518523088 -4.550931493902923 -2.2088474607795763
1543 18516 0 0 0 -3.6980987055175643 -1.5626147599662308 -0.35847275154762454 -1.9518602643910061 0.12582359553494402 0.011826371375145434 0.23276787140807528 2.910096542824956 3.876968647974227 4.484991114108605 9.74970058948184 -10.549389684900651 5.489561333343996 -2.927449358487625 -2.2410039044277332 1.219069637596417 -4.551378967032568 -2.2034633110228405
1544 18528 0 0 0 -3.6980511438806474 -1.5625112816161268 -0.358659334830933 -1.9516784247116457 0.12579153883139296 0.011325078852779943 0.23263737173684013 2.9143762634824424 3.8804996761116697 4.487463640233981 9.745095618123822 -10.543557573629101 5.485792148353139 -2.932050157266983 -2.2468111774418364 1.21357710143166 -4.548538089888436 -2.1965254359790567
1545 18540 0 0 0 -3.6982243715484904 -1.5625197211906 -0.3586434516602649 -1.9516354959597608 0.1257689071073262 0.011242747442996505 0.23254924308821268 2.9118804546398365 3.878677176817177 4.4892140355526164 9.74451658751699 -10.542459030085194 5.485334489916673 -2.9261507093234354 -2.24842426848314 1.211308364932532 -4.553565884972553 -2.1993592599573084
1546 18552 0 0 0 -3.698242561098306 -1.562544661956243 -0.358586569413167 -1.9515901708372 0.12581872334239566 0.011788604333581988 0.2333170436845247 2.915871508746233 3.878995117786925 4.4877813787660665 9.7360768168093 -10.532457893794147 5.478947985292152 -2.9322750133302327 -2.2510374350141227 1.2044028935468698 -4.549022165689723 -2.1861340127294433
1547 18564 0 0 0 -3.698461950194463 -1.562593678927546 -0.3584941128609771 -1.9515999542753595 0.1258369588655181 0.012011285091474647 0.23343586185057846 2.912826264585563 3.876737310925903 4.4881171378691525 9.74241428250699 -10.54286461184569 5.485848199301582 -2.932388078655298 -2.252592877660397 1.2110052642979765 -4.551739895133742 -2.1993548507633722
1548 18576 0 0 0 -3.6985079974487127 -1.5627501907436954 -0.35821636541438084 -1.9518346958251418 0.12588569159907312 0.012664937690013551 0.2335202375931455 2.906793416161645 3.873532031203152 4.489541102784576 9.752725334920909 -10.562027226559309 5.502487256540616 -2.933780684301445 -2.257753531017263 1.2224201859545458 -4.553638878270424 -2.2248696122048988
1549 18588 0 0 0 -3.698400014680362 -1.5629471622945894 -0.3578573204172021 -1.952032201232264 0.12599823893875092 0.014370107114363017 0.23499138843306833 2.9085516541639094 3.8736104322129177 4.488564455406049 9.748641400238936 -10.557240944489209 5.498927411660775 -2.942063041295268 -2.263606638088187 1.2205359033195642 -4.553094155984685 -2.2213294876197134
1550 18600 0 0 0 -3.6982395264668915 -1.5630928749906055 -0.357580549709584 -1.9523621447210324 0.12603988562948182 0.014905602363210802 0.23485018375756375 2.902131166564599 3.872038050707955 4.485874209560314 9.749951346723451 -10.565132555258874 5.50448318529212 -2.940620330676107 -2.26086215519519 1.2256917668222294 -4.555567261083306 -2.228124629541022
1551 18612 0 0 0 -3.698277918248428 -1.5632750012568823 -0.35725312671121806 -1.952439319573372 0.12616459483807776 0.01690775703305961 0.23692873898510075 2.9077262884750263 3.8756075763345783 4.489082740939654 9.740866291586933 -10.554299178657782 5.49547736884198 -2.9553170931818857 -2.2714912050439495 1.217493302629181 -4.550655706872288 -2.2210942923115007
1552 18624 0 0 0 -3.698383627038215 -1.563422227730436 -0.35699407586630566 -1.952565796535221 0.1262141475342275 0.01747214431674358 0.2370526994926799 2.903025705670957 3.8712534510073966 4.481137449865239 9.759024226327439 -10.581857313438665 5.515037477914539 -2.9515910213856915 -2.2634581823003375 1.236363008843963 -4.552752399364468 -2.248885207424152
1553 18636 0 0 0 -3.6985671901737596 -1.5634510393593906 -0.35692287457464716 -1.952575648859033 0.1262549381079518 0.01804992868400412 0.2376960757170421 2.9057082606109867 3.871027508639947 4.47620102763924 9.762581326170524 -10.587865739554777 5.517639137152466 -2.9492516019329975 -2.2650037014286615 1.2376923059658607 -4.55707983234087 -2.2545460314348196
1554 18648 0 0 0 -3.698955347395617 -1.5635177778033207 -0.3568179590379654 -1.9527005909421642 0.1262096910031063 0.017800481251995556 0.23700255696573352 2.8954745284799595 3.862504369905473 4.480063890232468 9.772128715267533 -10.601134590677056 5.533973298857913 -2.941464764465861 -2.268356925273683 1.2466710308886253 -4.563039294811236 -2.2802749551647543
1555 18660 0 0 0 -3.699057003862535 -1.5635059788639143 -0.3568634794125307 -1.9525665686407396 0.1261720344737364 0.017581106934579427 0.23696814596432111 2.894270683835655 3.865220776889629 4.480686238180173 9.771336443630185 -10.602175458741192 5.536030896161692 -2.937307358468975 -2.2678426432100918 1.243947541733352 -4.56125760104072 -2.280723908808558
1556 18672 0 0 0 -3.6989800456374047 -1.5635566539220436 -0.35678992761524597 -1.952467387496968 0.12622479464406294 0.018679139673404357 0.23845286414148667 2.902876165453748 3.873119584695641 4.484613681293726 9.76114836429329 -10.588258639701246 5.523680089242271 -2.9489607125384865 -2.274061491142506 1.2319218020271314 -4.5533999250024255 -2.263374442090306
1557 18684 0 0 0 -3.6992363550225407 -1.563704317356354 -0.3565493098649693 -1.9523684669278625 0.12626703738558964 0.020067730721674157 0.24002418381675839 2.903449985310123 3.8759903857676763 4.495907335091938 9.750912240450901 -10.584784346920806 5.5198366060862565 -2.9589209526745917 -2.290122462163171 1.2215557375578983 -4.549840343544817 -2.267114204066866
1558 18696 0 0 0 -3.6993344528103553 -1.5636469318951407 -0.3566298777950618 -1.9522835585379232 0.12626000488271924 0.020246691363104044 0.24051417668984235 2.9092144218603417 3.876646409662366 4.490150587469816 9.747935934457308 -10.573457907957247 5.509477453373812 -2.955928384925245 -2.285259731886142 1.2106944154980501 -4.550326108437766 -2.2515729155309914
1559 18708 0 0 0 -3.699640399619465 -1.5639063441307195 -0.3561437861300957 -1.9526486755664716 0.12633948147771212 0.021836667684975726 0.2413754074223094 2.9023395635746705 3.8746149523321796 4.490140053294665 9.753455046043316 -10.59246274614951 5.522779139493741 -2.9544658732440756 -2.2913232511862662 1.2162246863032056 -4.555761876536793 -2.279635858664312
1560 18720 0 0 0 -3.699797827705079 -1.5638688957152833 -0.35618573987456903 -1.9528461312354584 0.12627007028264414 0.020923214580778986 0.2400571354259405 2.894056765970091 3.8682835705476895 4.487858445631036 9.759110136931023 -10.599849142343436 5.532189445278483 -2.934539315373948 -2.282508119417041 1.224377254656004 -4.560862291615978 -2.286729972694011
1561 18732 0 0 0 -3.6998116804169454 -1.5639384846769504 -0.35603121093296203 -1.9529840388026805 0.12633937270375797 0.021504226044329264 0.24048054976659286 2.8931367861204853 3.8661695100433495 4.483218861001764 9.75760668694292 -10.592676108766803 5.52677648490435 -2.933993157557628 -2.282370601304664 1.2229103617885504 -4.5676722523821995 -2.276707843761943
1562 18744 0 0 0 -3.6994140906953543 -1.5640096791383613 -0.35591626911574487 -1.9531404877789194 0.1263518841902388 0.02204192622581059 0.24079604190973258 2.8959288447016798 3.866187373477023 4.491286667694547 9.755380636783912 -10.588151544722237 5.523687600356807 -2.937639303836911 -2.291745155418848 1.2200589702076525 -4.567312974552098 -2.272279199379505
1563 18756 0 0 0 -3.699707962396954 -1.5641563572449226 -0.355692851507988 -1.9534866651191252 0.1262917485486404 0.021377906047309575 0.23901903870835128 2.877293886089145 3.8535436471476627 4.487614610227546 9.79042965521894 -10.64139742579678 5.5681966859751375 -2.92376579860505 -2.2811606160258813 1.2564512845451452 -4.572608903264629 -2.3380734897039246
1564 18768 0 0 0 -3.6999806720738393 -1.564149622152165 -0.35571856295429766 -1.9536295144624585 0.12622559520188936 0.020468537120205514 0.23762255288993867 2.8691159760822225 3.8447411773632507 4.480030957103241 9.816097723951223 -10.673286476532013 5.596042473486228 -2.9083512526837825 -2.270783398057683 1.2783357479762487 -4.5778374122423005 -2.37399291039498
1565 18780 0 0 0 -3.7001308989427577 -1.564214920441 -0.355621978300427 -1.95352535691358 0.12622147028926056 0.020901157002528068 0.23818021479551793 2.8677751224634203 3.841467831223232 4.481922191688971 9.807838062522476 -10.661917790383551 5.5907831112397535 -2.9070322729985545 -2.2751843398937988 1.2701909637339115 -4.579819016200338 -2.3663527540257094
1566 18792 0 0 0 -3.6999527091810487 -1.5641635992908438 -0.3557500508004385 -1.9533711455964191 0.1261918167997224 0.020862089898268647 0.23844848382326828 2.8732655788256958 3.843225707834932 4.479610256490126 9.800148739126106 -10.645593597720874 5.579358047045876 -2.9122762528337747 -2.2729563380495086 1.263538977301477 -4.576147999249486 -2.3475669274368722
1567 18804 0 0 0 -3.7003197164027473 -1.5641872497319171 -0.35569143521464236 -1.9535634457511253 0.12612031519810474 0.020373921327549102 0.23746774673760518 2.8646497603860763 3.8355051299667067 4.476254127640209 9.81669861588805 -10.663892642838467 5.59535105079989 -2.8941667467001575 -2.261843391630352 1.2773131728955878 -4.580705817296735 -2.367017562802092
1568 18816 0 0 0 -3.7003806351639055 -1.5642245667487091 -0.35563427404581277 -1.9534660805608681 0.12613954492843682 0.020646079946320096 0.23786696623847248 2.864205770441667 3.8359009806962248 4.478515662935323 9.821955017720368 -10.672919914843567 5.595579697378965 -2.888466191950166 -2.25714862362006 1.2836174500431963 -4.5855242445661 -2.3741729137646868
1569 18828 0 0 0 -3.700611563405186 -1.5642654409135064 -0.3555622148044427 -1.9535790593532045 0.12613103117614033 0.02065155358717424 0.23760884604720406 2.8608539590690953 3.83311969494476 4.471678947362843 9.828210940028075 -10.682919360567702 5.6036887414089325 -2.881380924506733 -2.2465533940906353 1.2930197199047897 -4.58662922442883 -2.383252824941672
1570 18840 0 0 0 -3.7006474097265114 -1.564308825776763 -0.3554757092537196 -1.9536115434450898 0.12613829059500986 0.02079224194122707 0.23762742284190005 2.859176337276591 3.835387295029485 4.477335377937769 9.834709325607802 -10.694204398107885 5.610608387595659 -2.8806085441071936 -2.2561669762197103 1.2983194984584716 -4.5904296408375656 -2.396829828552357
1571 18852 0 0 0 -3.700767786649979 -1.5642258364728128 -0.35566351519285777 -1.9536004376972576 0.12602802428962231 0.019533251909342277 0.23612751385861658 2.8515792948953544 3.8292339150014936 4.474969252140842 9.845822289588837 -10.710768297920035 5.624601197106725 -2.86837676993506 -2.248666573122676 1.308516209607776 -4.593145234522196 -2.4157110303231706
1572 18864 0 0 0 -3.70086375526789 -1.564098661100894 -0.3559768327242569 -1.9535370800060259 0.12584037995566716 0.016917440448279333 0.23302479752316527 2.837625209282342 3.8199723900484575 4.4683183611191675 9.873682249184862 -10.750333666574125 5.661297439863854 -2.856401632144639 -2.2350211094031174 1.3386304468301122 -4.597150210006307 -2.4610525404058263
1573 18876 0 0 0 -3.700994331238042 -1.5639132917300824 -0.35631409232429506 -1.953177426111198 0.12575264694495092 0.016060738762340793 0.23285749172054693 2.844016692952684 3.823990218723173 4.467537002300875 9.86059018114509 -10.731481714689789 5.646961319233865 -2.8606922734193048 -2.2349223249646646 1.3250792231652153 -4.592755774332216 -2.436561190341448
1574 18888 0 0 0 -3.7011307831451696 -1.5641418246628196 -0.3558959412117852 -1.9535739846269815 0.1257853855603139 0.01701288935572763 0.2329603013281594 2.835946072985648 3.818012932618125 4.473981058702369 9.87551221394737 -10.75913276088218 5.6727301356265025 -2.8521533189035937 -2.2454155944656766 1.3388169576400724 -4.595360425382385 -2.4752785327178364
1575 18900 0 0 0 -3.7011487941900456 -1.5640723231433362 -0.3559648346064013 -1.953670185459409 0.12575792048428214 0.016412352248288953 0.23228497716005533 2.8336348962094053 3.819224813833939 4.472939193996861 9.869724317251285 -10.752331901567524 5.665705054102441 -2.842467183127862 -2.2406510402343662 1.331377227752073 -4.599660987409263 -2.4618449043555386
1576 18912 0 0 0 -3.701278570300494 -1.5642748214303812 -0.3555849083675437 -1.9538734596829865 0.12589984078752933 0.01835517173093131 0.2340188783737418 2.83549300608319 3.8212481846339617 4.469212293508309 9.865333291756594 -10.7484731705784 5.659909323142034 -2.8529612509129305 -2.2423299118672397 1.3276729377872212 -4.598921000170399 -2.4566290900000762
1577 18924 0 0 0 -3.701034204445388 -1.564202834411447 -0.35572393946907743 -1.9538851222139977 0.12587222080875152 0.017587872447267023 0.23320931716892826 2.8365547269208857 3.8215681617247443 4.469325891023528 9.870672331928589 -10.751090645818005 5.66496362584257 -2.8554901782499087 -2.2446548830138577 1.3269364102323198 -4.5956529897764025 -2.457449594876344
1578 18936 0 0 0 -3.7012469547079934 -1.5641712700369246 -0.3557710469130088 -1.9540407134024935 0.12581362707114566 0.01615149089295322 0.23117512218428343 2.8251309314233093 3.818433275800274 4.469814617307459 9.897086460129545 -10.796406529471097 5.702926551740868 -2.839779458103195 -2.2422115225555324 1.3535948887346478 -4.600823576112183 -2.5090436016379574
1579 18948 0 0 0 -3.7015190501542308 -1.5642801313705392 -0.3556041106114362 -1.9542416813596675 0.12577507899814278 0.015646832828842012 0.22986804800554592 2.811116802292516 3.806791794772887 4.463989607095357 9.920234770508491 -10.824241383620762 5.729125692849667 -2.827105174750981 -2.2335886130478086 1.3758182590776482 -4.6100009886840105 -2.5424570236525623
1580 18960 0 0 0 -3.7014129300419736 -1.564373409736333 -0.3554458563844396 -1.9543789576170574 0.12583772499171522 0.016352664593545594 0.2303648367581518 2.8113070495583723 3.8060391005917538 4.458447765382243 9.929818916526141 -10.836314376968932 5.735219771263152 -2.8217144049115337 -2.2244985048241346 1.3847497472574521 -4.608750812154241 -2.551593435386081
1581 18972 0 0 0 -3.7010977304284567 -1.564314672738587 -0.355615207731141 -1.9542933188689544 0.1257525046883665 0.01559171142049019 0.22957992417393283 2.80838255524802 3.806514738277278 4.469056774888255 9.927948561247852 -10.831599863583106 5.730693652180376 -2.8270014127113527 -2.231271697636371 1.3844677755886412 -4.612289209696069 -2.5498949029959674
1582 18984 0 0 0 -3.7013426290821725 -1.5641871550254276 -0.35589682957500757 -1.9539491850520905 0.1256639104987284 0.015110833019364028 0.229737272964212 2.811604652203916 3.805800297170305 4.475626263260286 9.922500573733064 -10.817250721433865 5.720013692188469 -2.8286023484923017 -2.2376314669165316 1.3723345645597016 -4.610866904601923 -2.5405333462221105
1583 18996 0 0 0 -3.701300872677428 -1.5642752086964484 -0.35576472722209296 -1.9537999292056083 0.12574865688771172 0.01679384620248467 0.23204401747060135 2.821791647635471 3.813253067418306 4.48409819331081 9.899876038463251 -10.788528734531187 5.69829253876494 -2.8438447401018108 -2.252866670731874 1.347520551273355 -4.603054573204185 -2.5113032949715772
1584 19008 0 0 0 -3.701258297061283 -1.5642720254162155 -0.3557810162792001 -1.9537797056391646 0.12575413491538323 0.01704539276416554 0.23252918697037106 2.824202919587776 3.815817398507609 4.489565906816065 9.895117100103962 -10.781454737666493 5.69334912052922 -2.848578724725276 -2.2609951315139574 1.337094656565242 -4.596991184159257 -2.50753008873655
1585 19020 0 0 0 -3.701228406871974 -1.5643323132127964 -0.35565682352246275 -1.9537526705834847 0.12576951845981443 0.018100936120357687 0.23382821638108653 2.829219498527216 3.821549127257514 4.5074851265245846 9.869104449224505 -10.751804745525954 5.671064239163847 -2.857315746298856 -2.2838924601231745 1.3126060259191097 -4.597588503761566 -2.48264010632224
1586 19032 0 0 0 -3.7010440697758824 -1.564368156040275 -0.35567656065157366 -1.9535189113207903 0.12574196489388081 0.01810197040383007 0.23406142938732963 2.831317254379611 3.8213377093926617 4.500130390534369 9.864719377077105 -10.748662832787835 5.670946954940698 -2.8629891668502685 -2.2866379236368783 1.3105808834424961 -4.600147291614634 -2.480585722723724
1587 19044 0 0 0 -3.7011215269402316 -1.5643453748964231 -0.3557194646447207 -1.9531208237578879 0.12579560057219222 0.019319915408777182 0.23634260622960718 2.8444488898793368 3.832182124572752 4.507572316704333 9.843050809103548 -10.718505960882698 5.643802339614255 -2.8713916027895627 -2.3026753402664997 1.2816570006431383 -4.597305114028919 -2.4470195341424104
1588 19056 0 0 0 -3.700896643557523 -1.5641033635793429 -0.3561732383217728 -1.9530864250601634 0.12561735303741672 0.016456757244154893 0.23321808971146485 2.836659760024001 3.823910299544612 4.493815951529778 9.861539238982763 -10.736028298315919 5.655805184615978 -2.851107500014604 -2.2706695233659326 1.302115033223554 -4.599541555238036 -2.453663876682966
1589 19068 0 0 0 -3.7008963918555917 -1.5641614364562875 -0.3560357129922583 -1.953462799722532 0.12563331576480785 0.016802616322603707 0.23296342879846932 2.8323833254402575 3.818945660276631 4.4867194930759045 9.854677194103383 -10.729126209433675 5.649336232818812 -2.837523438823957 -2.2583047322681837 1.3047950760068332 -4.610047148446015 -2.4394628672786003
1590 19080 0 0 0 -3.700908240342675 -1.5641914976657614 -0.3560193141735607 -1.9534058044262776 0.12558283480729882 0.0162643918316118 0.23231609145139404 2.825471696514882 3.816608068828392 4.489339326538989 9.863369545192388 -10.746255666517431 5.667207190476228 -2.830586655925991 -2.2623252370538176 1.308725825952564 -4.610920802334137 -2.4567620985206577
1591 19092 0 0 0 -3.700912828963561 -1.5640457839765745 -0.35631860072598637 -1.9532259887747803 0.1254657675161479 0.014549805535815336 0.23070226105069597 2.8242268363702765 3.8130927720546217 4.483836174076753 9.87727110091858 -10.759550497717468 5.6832770985071175 -2.8294817040126 -2.2579105786741454 1.319543746690675 -4.606268050184938 -2.4691453030253063
1592 19104 0 0 0 -3.7006986741780317 -1.5639643653116018 -0.35637443292456644 -1.9535030886756661 0.1255502722744514 0.014419093465526757 0.23036743521378633 2.8289867679471126 3.813242216657933 4.472306183935073 9.880877179995581 -10.753364775663934 5.673903330464868 -2.822188614349147 -2.242788835766531 1.3238858685236405 -4.610373668632861 -2.458482448660208
1593 19116 0 0 0 -3.7008507075510995 -1.5641705765036982 -0.3559775692475886 -1.9537959992600054 0.12567132499158176 0.016086406168247906 0.23162022142691632 2.82731099833707 3.81208651219659 4.468964646457748 9.879227250435417 -10.755459955401568 5.677300663388385 -2.833431967862377 -2.2428731909288917 1.3268531672515573 -4.603707374481034 -2.4682619241232646
1594 19128 0 0 0 -3.701254119550866 -1.564214766303929 -0.35591203151282247 -1.9537682410998103 0.12566103902432219 0.01607605088002701 0.23148760267477925 2.823919226871316 3.813950747653365 4.472967583597016 9.898838852596427 -10.789351491736504 5.706702885496751 -2.8309257292712453 -2.254782019448601 1.3388319483231137 -4.603406752351099 -2.5086428113394676
1595 19140 0 0 0 -3.7012129044041053 -1.5639182725075906 -0.35643473267205056 -1.9534783245291543 0.1255474900803581 0.01482272702224135 0.23099618728287655 2.832764623189231 3.822521211197774 4.495514466552679 9.881309166318168 -10.761269286258566 5.683400788977979 -2.839671358624229 -2.2734955663817504 1.3147217137637164 -4.597711046155907 -2.4827014314808795
1596 19152 0 0 0 -3.701129908278144 -1.5639896712429502 -0.3563316768502311 -1.9535804189290726 0.1255140931858147 0.014988134058576557 0.23073788709683074 2.8301255330953783 3.8202309208283793 4.496600687256549 9.89138264581166 -10.77961488770983 5.6962432588406005 -2.842454831789458 -2.275785297172415 1.325796376072455 -4.597694254342115 -2.5079698704110784
1597 19164 0 0 0 -3.701314589196479 -1.564116654241992 -0.3560834590230183 -1.9535886987448154 0.12558652094763298 0.01600016433286058 0.23171019758747974 2.827870429965181 3.8223533738756825 4.500216514826135 9.897506301501865 -10.792771487859904 5.700345053540046 -2.841081547254053 -2.277776423570556 1.3333557133685061 -4.599837012803082 -2.5214277415583974
1598 19176 0 0 0 -3.701815413188188 -1.5642627240021691 -0.35585825428682394 -1.953515748154391 0.12561812815171916 0.016963490793907614 0.2327355980569992 2.8240506978479947 3.822936362107635 4.510038915552592 9.898600621970745 -10.800465168379393 5.707491719913567 -2.8429712868402706 -2.284617040275566 1.3352261904025184 -4.598208084358005 -2.535155757054105
1599 19188 0 0 0 -3.7015263251348784 -1.5641356183155897 -0.356083291679188 -1.9535161216528873 0.12552356537142068 0.015636415460647844 0.2313099176035998 2.821789475423788 3.823476596573066 4.517850165555672 9.903218639419363 -10.803434959941917 5.710686572827442 -2.839508357157984 -2.2865278048794018 1.3370272549835893 -4.597598002948335 -2.538730625219416
1600 19200 0 0 0 -3.701542837031 -1.5641756242137288 -0.35600148393435094 -1.9536788577239763 0.12552597262772705 0.015959772718169906 0.2314212588562118 2.8204456603970693 3.8207186365324497 4.5123438123438415 9.897778190088522 -10.796363558374209 5.706360546052377 -2.8335361747420325 -2.278905894633067 1.3297710075762408 -4.595578447049862 -2.528691734015676
1601 19212 0 0 0 -3.701362291216528 -1.5642703067756998 -0.35583082456441306 -1.953934007697084 0.12557675282094263 0.016612808895865482 0.23166104710820667 2.820781291550544 3.820243345809521 4.509704722946614 9.899613779865808 -10.803805392582786 5.712179427821715 -2.8409082600840367 -2.2820797238094066 1.3376931850046025 -4.595344394966884 -2.538037297699673
1602 19224 0 0 0 -3.7014944389408773 -1.5643785967049713 -0.35566418971785146 -1.953956036731614 0.1256318360890866 0.017700422473779173 0.2327910381531751 2.823446116810425 3.8211328575670667 4.506552429559832 9.897367987848481 -10.80167172125278 5.710693798513328 -2.8476482123349465 -2.285491019266017 1.337071207801298 -4.595590773767631 -2.5366493438244464
1603 19236 0 0 0 -3.701713555285885 -1.5644344147266005 -0.35554868124615574 -1.9540358662438169 0.1256512416445258 0.01772902642114576 0.2325666039438916 2.8192757245073023 3.8171445413890273 4.500459539033977 9.907494913971734 -10.819949618894977 5.72461288157989 -2.839632274623038 -2.2812298704828713 1.3497356499888176 -4.602372825913701 -2.5565599783293953
1604 19248 0 0 0 -3.701528358641012 -1.5643920081998275 -0.3556154633721591 -1.9539431743094073 0.12570000582033852 0.01800840657228429 0.2331597062623051 2.825925374663836 3.8197675181392365 4.494337746560956 9.9011616763736 -10.810747758467027 5.717741794932872 -2.848661439368113 -2.281982149494783 1.3445220873589607 -4.598592769306154 -2.54524840019859
1605 19260 0 0 0 -3.701505616101736 -1.5644262148556056 -0.35555135770249297 -1.953982003105525 0.12571992926918807 0.018322902481166584 0.23346221089293742 2.8265324874849473 3.8215704025767274 4.495599472757831 9.902162682908696 -10.8105874053293 5.718777953421972 -2.8472762314851066 -2.282090025689269 1.3439672770321842 -4.596109052805399 -2.542157520758364
1606 19272 0 0 0 -3.701505712827486 -1.5645097635312037 -0.35543752608180856 -1.954117194371255 0.12566467561336803 0.018351801121589604 0.2330376304609759 2.820243386764803 3.816407158923981 4.501936733839514 9.911623107501565 -10.82402314128305 5.7300325113419825 -2.841659838939878 -2.284140651755565 1.3502456256488617 -4.597293433372348 -2.560536768794561
1607 19284 0 0 0 -3.701580746719009 -1.5646356536122508 -0.35521589900827544 -1.9540641717269873 0.12576696722006098 0.019762664741112247 0.2346654209788792 2.8257319047056932 3.8177190556351333 4.500205723077802 9.907295161778434 -10.820866934135962 5.72778281541877 -2.8497536373377974 -2.291307677720156 1.3459109200236623 -4.597226782220757 -2.5572346620527067
1608 19296 0 0 0 -3.70155831253748 -1.5645649554836867 -0.35536981687934016 -1.9539003698245772 0.1257337212627627 0.019055135470191595 0.2341210836070965 2.824574160991481 3.818542480387536 4.502897080195714 9.915663149221851 -10.829796879791601 5.733659595128515 -2.8501146114063545 -2.2898708837702495 1.3536846466590295 -4.597183436411841 -2.5611980609127265
1609 19308 0 0 0 -3.7015062381225454 -1.5645298442869657 -0.3554336675566401 -1.9540700051390751 0.12567553768598866 0.01816402791664764 0.2328215080881466 2.81860696416602 3.8137895587307233 4.498423346171441 9.92809202507228 -10.843545027135304 5.74562244813685 -2.8367020118798565 -2.275244372013834 1.366379479585929 -4.596583034584347 -2.5699394836953457
1610 19320 0 0 0 -3.7016610148873696 -1.5644474197480187 -0.35557926775980797 -1.954072172144266 0.12559176801058833 0.016937390715361468 0.2313862949617272 2.812334106738921 3.8096865727348117 4.499037155737238 9.942780214902927 -10.863625265211507 5.758173655103085 -2.822253002414584 -2.2668927874849762 1.3796542127122375 -4.603106057374472 -2.5912062256681088
1611 19332 0 0 0 -3.7014881534525514 -1.5643519457052597 -0.35581402914088933 -1.9539934300214905 0.12548447039501362 0.015798954497659563 0.23018744241736408 2.8101005504425722 3.807668109330136 4.501694470507679 9.953047609713426 -10.873155484401444 5.765072805174618 -2.8215635711714753 -2.2650088241917783 1.3908310432985582 -4.605191370074358 -2.600697811020443
1612 19344 0 0 0 -3.7016217050338893 -1.5644931012965053 -0.3555433693337108 -1.9541541162118012 0.1255759071410742 0.016801411360720712 0.23091418751763731 2.808231736941925 3.8047268605712072 4.4933464053989525 9.956686485658606 -10.878902669047406 5.770123872503286 -2.8200430383834116 -2.261783221908747 1.397785650423752 -4.610073079699633 -2.6062202406445243
1613 19356 0 0 0 -3.701854844531406 -1.5644603718606584 -0.35563111804284525 -1.954097816671532 0.12550794418996464 0.016463981882145325 0.2305842522557814 2.8061037722941204 3.803957603751483 4.497960999365053 9.962911192781249 -10.888068674051942 5.775929404985733 -2.8112295012737922 -2.261743777151074 1.4016598352304697 -4.613133526184384 -2.617712284223952
1614 19368 0 0 0 -3.701948420795845 -1.5645699053542712 -0.3553990266657586 -1.9539744512548598 0.12565636939416724 0.018616242259452655 0.2333906225687564 2.817509354526039 3.812988089515992 4.5037251160509815 9.935010653267668 -10.853781337136962 5.747280006979315 -2.8270711923642255 -2.279442973030017 1.3737280350866556 -4.610013597320705 -2.585098682301133
1615 19380 0 0 0 -3.701922420957632 -1.564598649162927 -0.3553136424397147 -1.9541814959816197 0.12563705094346364 0.018232854724722036 0.2325423131427966 2.8112884019900064 3.8096833249380286 4.5037252248643656 9.943011603307717 -10.865872312186884 5.7539372131559725 -2.8129165846143196 -2.2697563639675016 1.3837097573053285 -4.615839190457587 -2.5949363591367036
1616 19392 0 0 0 -3.701993200643388 -1.5645160844487862 -0.35547084190606604 -1.9541791828787554 0.1255595443703585 0.01752531783858744 0.2317821716972146 2.810014685945336 3.80924420899448 4.501714451541845 9.946965921401034 -10.868158509587165 5.7523577985047325 -2.8038104957414616 -2.263159129226669 1.3866758464935518 -4.620605903283466 -2.5975088850515857
1617 19404 0 0 0 -3.702041688983143 -1.5644520702194875 -0.3555808967247603 -1.9540442846229824 0.12554760492809966 0.01703398063820357 0.23150788684249396 2.8109810829296635 3.8089897008510682 4.501747249066161 9.947049321127412 -10.86799927485749 5.754470317082047 -2.8051609856477047 -2.266109998170622 1.3847321045641265 -4.618597832298174 -2.5992821479213837
1618 19416 0 0 0 -3.7021223882850673 -1.5644213738458055 -0.35565780617102144 -1.9541175067977479 0.1254773849895157 0.01581749591115543 0.22988443728369945 2.801664238139154 3.803790705903605 4.494782048178508 9.963597237775772 -10.891053474594361 5.773772510223809 -2.787930014213563 -2.2538822024010026 1.4051719171452774 -4.628863636179691 -2.6160422812456616
1619 19428 0 0 0 -3.7020717549984665 -1.5643474668157287 -0.35581000977269356 -1.9541414021193202 0.12537052078529975 0.01463817097934833 0.22842367233800534 2.7977141005169304 3.8017108817053735 4.497721382198755 9.974350371111212 -10.907339908450407 5.783505410076457 -2.7805887801300204 -2.251957812254987 1.4140053465584073 -4.6334555213673925 -2.638345137191714
1620 19440 0 0 0 -3.702162053593856 -1.5642589122831916 -0.3559391049510871 -1.9539743882639629 0.1253714595643908 0.0146176656533355 0.2288781108636621 2.8030414331707183 3.806448691250429 4.503127605045274 9.96221306125749 -10.890308280425014 5.765946734792875 -2.780997142929209 -2.256739600490985 1.39531404599026 -4.631809387526639 -2.6224731066452267
1621 19452 0 0 0 -3.702158768148102 -1.5640686758403128 -0.35628397581901755 -1.9537280548709544 0.12526166235065708 0.012959681644203332 0.2275059030200626 2.8026364413493194 3.8083002543894846 4.505784584728141 9.961339213953984 -10.891041389871951 5.766870345405168 -2.7706831379289016 -2.2570742001057384 1.3932649932017598 -4.636131487507949 -2.6248767828531525
1622 19464 0 0 0 -3.702322276849917 -1.5641891350377577 -0.3560407591020516 -1.9539115339127187 0.1253352748363527 0.01356479924866753 0.22775085670861264 2.798544016223171 3.8069604824951857 4.501754208414562 9.97041069765693 -10.906734038265155 5.779597028012126 -2.76895762792854 -2.254571723812163 1.4049756813827117 -4.636804060907575 -2.6423285994026604
1623 19476 0 0 0 -3.7019977984500145 -1.5641935333669905 -0.35603533625165384 -1.954075111649366 0.1253077424646181 0.013244700444862033 0.22702933535869993 2.796049857044336 3.8051999708629696 4.500566154823151 9.97233891046215 -10.911791671706533 5.786834212988412 -2.7768915908207465 -2.2541431679252133 1.4071627355992926 -4.629682927844427 -2.646010785530559
1624 19488 0 0 0 -3.7020491707330887 -1.564249040067677 -0.3559110542464174 -1.9542272801503566 0.12534753693707273 0.013821173030016518 0.22744886398225772 2.796627142195651 3.803300015915164 4.495230107029715 9.96343174609404 -10.897282554841778 5.779797427340035 -2.7806554507425503 -2.2523914081262895 1.4033134065429689 -4.6285250092007075 -2.627368805375044
1625 19500 0 0 0 -3.70226741811515 -1.564273849910628 -0.3559007463554052 -1.9543004480388113 0.12528623208037792 0.013285957855968356 0.22651133820715436 2.788274309947545 3.797332329862675 4.493666388445117 9.977919925315812 -10.916315953235827 5.7963899120540825 -2.7719415345938394 -2.248499187478671 1.4179755558814782 -4.633992369714327 -2.646235842848307
1626 19512 0 0 0 -3.7021355631806645 -1.5642341863153524 -0.3559585686659127 -1.9542942227596178 0.125289290973235 0.013404127341928081 0.22685202584485045 2.7931400798663266 3.7981089212342782 4.4907921755849936 9.96421176708611 -10.895480786495275 5.780784855192771 -2.7702987223511086 -2.2454093960730797 1.403420878850867 -4.631309389519179 -2.6189669188739804
1627 19524 0 0 0 -3.7021248558254527 -1.5640870250917651 -0.35625469365800333 -1.9542726577032101 0.12514899888201994 0.01142395658198646 0.2246270788987469 2.7862859024564344 3.7926910761415518 4.485285828150223 9.979977837291363 -10.912753595728256 5.79449476983157 -2.755317430434221 -2.230213738260244 1.4179740700339727 -4.636295300822938 -2.636994878007864
1628 19536 0 0 0 -3.7022006266900327 -1.5641323348833835 -0.3561686377109699 -1.9540778349123218 0.12522749308450845 0.012682581495777084 0.22643132888473888 2.793451639721747 3.799681341531509 4.492872770014803 9.969810303814485 -10.899024540636363 5.781321799933288 -2.7672186274833237 -2.2428999461632118 1.404567038717132 -4.632861840561716 -2.625182055695076
1629 19548 0 0 0 -3.7020696917644216 -1.5641652109547288 -0.3561028694383681 -1.9541150967807346 0.1252703448668964 0.013275754058771874 0.22711242946997098 2.7975409083318836 3.8019719518496604 4.487428084882091 9.955772879511319 -10.881857060348363 5.769079816861973 -2.7753018796698803 -2.2433807124257013 1.3941341703397696 -4.631439507077683 -2.603387238404707
1630 19560 0 0 0 -3.7020687193208506 -1.5642644807269752 -0.35590880758028354 -1.954273664105737 0.12532232787844944 0.014036260978234228 0.22764918866965297 2.7980516553484676 3.8000658483894805 4.48242015423649 9.954917288467907 -10.881541563272263 5.766452823098125 -2.7723380885289974 -2.240491102681374 1.395528969209115 -4.63562384521956 -2.601204318136491
1631 19572 0 0 0 -3.7019921531621427 -1.5642767350504279 -0.35588496104265754 -1.954197224613199 0.12537346142476652 0.01455994255425146 0.22846844893697985 2.8029912666952086 3.8021127349583193 4.482180121915116 9.94300068156466 -10.86332488385614 5.753998603863769 -2.7811141087852884 -2.24469540446914 1.382558246697381 -4.63159114101232 -2.584301749827115
1632 19584 0 0 0 -3.7020170046092367 -1.5641467318775653 -0.3560978536308711 -1.9541977248404905 0.12529856245913581 0.01328129328479929 0.22711030685160938 2.7993666311612735 3.798205075111302 4.477684072516375 9.944784386214625 -10.862320524035525 5.755837053727025 -2.7740491499474924 -2.23240359042755 1.386899674799271 -4.631571758604332 -2.575318292016626
1633 19596 0 0 0 -3.7020321101327975 -1.5640666130646685 -0.3562529188407639 -1.9540627027425777 0.12525607359242358 0.012333022430796975 0.22622919854779522 2.796864763421727 3.797281411575248 4.475319472570474 9.952324950098678 -10.872467201583571 5.762498403289294 -2.7693646254629756 -2.228993787946225 1.393461938497848 -4.636499215863619 -2.5850523562951815
1634 19608 0 0 0 -3.7019738780710805 -1.5640503141024091 -0.3562571715635133 -1.954018250278736 0.1252986004766965 0.012834572682207682 0.22698731614917217 2.802003287837216 3.8019784204588825 4.479632517727774 9.946903579352586 -10.864010802178024 5.752576411255799 -2.7751827615061457 -2.233487488818304 1.3877969223980728 -4.634337153685192 -2.5757643107187755
1635 19620 0 0 0 -3.701932025363883 -1.564073650326473 -0.3562081571308595 -1.9540502526115173 0.12530445366906445 0.013002026699223342 0.22710038317167933 2.802638736831657 3.8052960378005367 4.48535768133228 9.949245335327783 -10.870216939324903 5.7554625456291895 -2.774551189719113 -2.2390917312993173 1.3874638138458588 -4.633292805998776 -2.5824113194323384
1636 19632 0 0 0 -3.70194827110595 -1.5641457154385892 -0.3560865340882215 -1.9540971734772243 0.12534406864606 0.013664310682260325 0.2276707960660671 2.8029465601932437 3.806937847731496 4.489402746906513 9.95202250498052 -10.876518587950127 5.758852255691084 -2.780750742054024 -2.243359888646954 1.3914174606514833 -4.631188396317847 -2.5920417328594594
1637 19644 0 0 0 -3.702251613520933 -1.5641970874266728 -0.35599731592954553 -1.9541123664020124 0.12535052899609378 0.013714514605068381 0.2275227316547508 2.7983346348778584 3.8037146346694306 4.485362114695106 9.960935901047211 -10.891733316114514 5.772990072181042 -2.780832619250157 -2.2419044908893944 1.4023119359833374 -4.63178663121639 -2.6092418817630096
1638 19656 0 0 0 -3.702355053494359 -1.5642638246697709 -0.3558834823597452 -1.95410165590247 0.12536849108098355 0.01421811104351375 0.22798712069976487 2.797075117145855 3.803513089010153 4.486321583578044 9.962691647715078 -10.89555412479437 5.77461595933703 -2.779428753786277 -2.2426059934482576 1.4043644222927445 -4.6331059460521145 -2.615067630769569
1639 19668 0 0 0 -3.7024005566450935 -1.5642589318749587 -0.35589036583954875 -1.9540373947203529 0.125367035570599 0.014292609996552463 0.2282384982133458 2.7980884456033457 3.804544377871798 4.489297790405687 9.962165091280141 -10.893543913827719 5.771303582096309 -2.7772302554970305 -2.2425206066003676 1.3998572118680392 -4.630894549949693 -2.6120907041565102
1640 19680 0 0 0 -3.702302860282032 -1.5642900977897858 -0.3558365370740258 -1.9540059017550595 0.1253955281579194 0.014835399558938908 0.22889335936198607 2.8015281989717677 3.806966460031561 4.489550191351623 9.9544606264704 -10.884428117412522 5.763254076867487 -2.7835645465566743 -2.244590236853905 1.3942074016465071 -4.6288252906391545 -2.601308050312595
1641 19692 0 0 0 -3.7024434232132277 -1.5643520732119973 -0.355700700382825 -1.9540899822102307 0.12544627949852022 0.015314443376169416 0.22923068185755704 2.8008848078880924 3.806355434599444 4.485904678372796 9.959866464776482 -10.892704525020168 5.768692514218544 -2.781640357858135 -2.2430538250860232 1.4015291753853956 -4.633298980810006 -2.605599104165816
1642 19704 0 0 0 -3.702268561591414 -1.5643333428606612 -0.35571839998136673 -1.9540674569483694 0.1254738046029162 0.01545800344236551 0.22951431089273638 2.8047620399201483 3.808798381342795 4.485051955758065 9.950545006448339 -10.881007740455068 5.758855343877363 -2.786535768122572 -2.2441894360174377 1.3971442861025203 -4.6330436275277975 -2.5923396045709253
1643 19716 0 0 0 -3.702206035218261 -1.564259300324051 -0.35583833872435405 -1.9539966814413932 0.12547233172560837 0.015166310952412514 0.2294358714047903 2.807449473949587 3.8100259577776034 4.4845906091199765 9.94403578152279 -10.869408495234069 5.749505164025954 -2.7890391771504026 -2.2446841738881718 1.39005180493448 -4.633939424522939 -2.57780726848591
1644 19728 0 0 0 -3.7023206810191307 -1.5642809204913537 -0.35576962267199286 -1.9539351456535794 0.1255375810848445 0.015582459131913378 0.23002102196257582 2.8092790431227472 3.8120406008948846 4.4836485784591185 9.945722209623783 -10.871100137034746 5.749555041337531 -2.7903152236825104 -2.2464272738640494 1.3922616497902125 -4.634367271855896 -2.5803073664128093
1645 19740 0 0 0 -3.7022451405860393 -1.5641902091079123 -0.35595434782703006 -1.9538318600838664 0.12547136041196866 0.014914173630622968 0.22951862473568035 2.809931917256132 3.8127019089027807 4.4883384943378095 9.94419662600793 -10.867794235647308 5.74706914906458 -2.789040625315692 -2.2495033496637076 1.3875593257600893 -4.63404860886116 -2.5783924600631165
1646 19752 0 0 0 -3.7022542551252084 -1.564320598921643 -0.35571476485493086 -1.9540204502230203 0.1255449065104449 0.015914850678637765 0.23021618278970052 2.8089807075382804 3.8118099111897252 4.487488427518002 9.948684314251391 -10.875939110533059 5.751490297193202 -2.793027927525313 -2.2498809249759937 1.394354167821754 -4.634464797741037 -2.5896415624785116
1647 19764 0 0 0 -3.7023132567202035 -1.5643333542269309 -0.35570650976826096 -1.953981517890725 0.12553149991418625 0.016124341443684062 0.2305039486571323 2.8091273245165933 3.813295654791888 4.495166582405076 9.94656705053879 -10.87507731235962 5.751673856587671 -2.793658778691373 -2.256436056714569 1.3915648568584489 -4.633360794096766 -2.5913131015868283
1648 19776 0 0 0 -3.7022357391420284 -1.564264260335284 -0.35580741717239683 -1.9538957840990192 0.1255436120409226 0.015824983928171745 0.23044571680739298 2.8124151294924076 3.8160491517583184 4.497816401239656 9.941297692242973 -10.867519231395033 5.747143299782215 -2.796861474733638 -2.260326444695801 1.386746115416337 -4.631122743647286 -2.582320725059835
1649 19788 0 0 0 -3.7022535163663988 -1.5642797969060127 -0.3557809147656392 -1.9540009100903164 0.12551975501279303 0.015595789057965652 0.22991645109833084 2.808842546591422 3.8139311202062394 4.495279276862739 9.945565359176365 -10.875113233110858 5.75260246698897 -2.792675553715034 -2.254552150062406 1.3944864709081959 -4.632414359559444 -2.587524418108228
1650 19800 0 0 0 -3.7023106202149862 -1.5643329464380615 -0.3557001003826453 -1.9541207194330734 0.12550060095022483 0.015633427544344807 0.22961880312380392 2.8051661661265226 3.8117497368512656 4.493175802559472 9.953568732017356 -10.887346400294115 5.7622807263833 -2.787529650417909 -2.250611879792926 1.4056368877564993 -4.635171804954937 -2.5990152119514622
1651 19812 0 0 0 -3.702306559765374 -1.56436041345219 -0.3556481996350861 -1.9541989685673862 0.12548922207942387 0.015527225079617107 0.22926358888858767 2.80200835985512 3.810857352655923 4.495376990280837 9.956276619907433 -10.893719287716639 5.767318002264524 -2.785106300050842 -2.252643293674086 1.4077715743689223 -4.635960960438037 -2.6105955994194323
1652 19824 0 0 0 -3.702344285035534 -1.5643396498187057 -0.35566174498843883 -1.9540443594511179 0.1255516518268479 0.016148391123678888 0.2303990468695691 2.808915257968815 3.815866117069778 4.49882222348017 9.94643715577844 -10.87796221182603 5.7529212284008615 -2.793188561125272 -2.2591552610686665 1.3974180646579273 -4.63410668198597 -2.592548717011473
1653 19836 0 0 0 -3.702339708225415 -1.5643035095469673 -0.355736133538519 -1.9540644772092501 0.1254957885018879 0.01544035650261426 0.22951852911590453 2.804915278988147 3.814460058941929 4.501185754131226 9.953390359683574 -10.886617490316059 5.760107962812973 -2.7870551064941 -2.25657862666161 1.4041493739145023 -4.636507026005855 -2.600409391599927
1654 19848 0 0 0 -3.7024478407137837 -1.5643594957055598 -0.3556521553629799 -1.9541185059488848 0.12548817993051448 0.015570638130666095 0.22947231265814716 2.802008506276714 3.8105532632279555 4.500822697407672 9.957022273952804 -10.890101368021087 5.764008031222031 -2.7845816179426657 -2.2560172896645305 1.406677121229672 -4.638830294875121 -2.6068914073663927
1655 19860 0 0 0 -3.7023780114461413 -1.5643434483995222 -0.3556564426235818 -1.954069595788214 0.125521617974387 0.015855033286141306 0.2299945826196418 2.8061244786772415 3.814431696729519 4.50514043809059 9.951868659568383 -10.881842059138611 5.756782858644391 -2.790477299303568 -2.2618635832882696 1.3991801830655433 -4.634790893930478 -2.599839189632096
1656 19872 0 0 0 -3.702448264745303 -1.564383871657848 -0.3555897666312945 -1.954177868320101 0.12551335048000856 0.015670975303297183 0.2294774155129714 2.801671536905564 3.8093426915328115 4.498965024122859 9.959478051243737 -10.891821056431384 5.767850619899473 -2.7873219915136422 -2.2576028341104917 1.4083671783380654 -4.637738302423959 -2.6096827153753583
1657 19884 0 0 0 -3.702513888344467 -1.5643291503339862 -0.3556835579756862 -1.954081343784885 0.12549818362240037 0.015456707346659595 0.22944019162550702 2.8026969798250754 3.810922919090296 4.500650369562811 9.95515441175709 -10.886921113681877 5.765031478484148 -2.791012129559732 -2.2627611120358364 1.4027848646798562 -4.6372726558894914 -2.607412077978679
1658 19896 0 0 0 -3.7024481472933415 -1.5643706889406799 -0.3556188713697462 -1.9541587485189134 0.12550331721565436 0.015531572919360147 0.22932576644154934 2.8011185317419574 3.810462079259143 4.501381187925114 9.961261391924188 -10.895729982985623 5.771802174274044 -2.792219142437616 -2.2624773219343943 1.4089841532830463 -4.63623202275152 -2.6170773289064218
1659 19908 0 0 0 -3.7024580632990864 -1.5644411778439566 -0.35547722851236835 -1.9542397154508033 0.12554957786100113 0.016091030219818548 0.22976644262192483 2.8009359458097443 3.812289907602543 4.504914035021993 9.962110640138656 -10.900169878435388 5.774121521366498 -2.7951744895602286 -2.2682175412851118 1.4104422889593689 -4.637438730265337 -2.6251459586549712
1660 19920 0 0 0 -3.7024275883426916 -1.5644101577460243 -0.3555275830798544 -1.9542052292068375 0.1255444764935982 0.01591845427012177 0.22964895223994913 2.8017448435632644 3.8124149678891217 4.501328902884427 9.963096325772375 -10.89952516157572 5.77183371155866 -2.797240322057812 -2.2641904329000417 1.4102345327586872 -4.636769436599347 -2.6212643705185625
1661 19932 0 0 0 -3.7024643205279912 -1.5643669286798412 -0.35559454695870507 -1.954157421957876 0.1255423849884546 0.015797429423918284 0.22966229826131626 2.8031252523884143 3.8122239440875467 4.498333850406652 9.956953632676186 -10.889116732028027 5.763451334096002 -2.8005809668589996 -2.261432851295269 1.4052542322780595 -4.636171243121263 -2.608623494551139
1662 19944 0 0 0 -3.7024169688458697 -1.5643786173187346 -0.3555675492448298 -1.9541039444161967 0.12557502735441559 0.0161054331121923 0.2301661319131598 2.805961877787372 3.8147592328641986 4.4981026328806895 9.949760718735746 -10.880600675653328 5.756677740890043 -2.8049465721112825 -2.264981006033028 1.3978605825672288 -4.635249719866601 -2.6013062506106133
1663 19956 0 0 0 -3.7023669967345256 -1.5644049614116553 -0.35551736107754356 -1.954130020125693 0.1256060005907494 0.016747476604554928 0.23088433639827677 2.8090080886133935 3.8187201698265083 4.504042113039095 9.944503616506122 -10.874834658267693 5.750490287906815 -2.810319279561269 -2.271488272108712 1.391918550630233 -4.632760543302066 -2.5969873672819075
1664 19968 0 0 0 -3.702441833808103 -1.5644975487863362 -0.3553585753105288 -1.9542539307330953 0.1256272429393931 0.017280185645089825 0.23113348073365245 2.8064268365226486 3.8171614657149133 4.503389242464126 9.952264151180739 -10.888661007966865 5.760146957785334 -2.806074896069923 -2.270042456499663 1.3999829728714706 -4.6336922770302476 -2.6146230570831963
1665 19980 0 0 0 -3.702421823074916 -1.5644668092063265 -0.3554382563571438 -1.9542596421018432 0.1255611396494407 0.01645859220588384 0.23012267298746528 2.8014596973236747 3.812157980941941 4.499519017361169 9.95779357705186 -10.89377631955838 5.767794098489599 -2.8017116055964033 -2.262871788452796 1.405464823883111 -4.632350494498452 -2.6179184055356908
1666 19992 0 0 0 -3.7023353054830723 -1.564379265927077 -0.3555768237316523 -1.954217102622815 0.12553754029360156 0.01579633319843385 0.22955127080881876 2.802119258519051 3.8114195183431816 4.498574606303129 9.955571389519832 -10.88761408487423 5.765081072830991 -2.8013256141535625 -2.2607316064626906 1.4016348055009402 -4.629216139241671 -2.6101678438171674
1667 20004 0 0 0 -3.7023375319312657 -1.5644495561433596 -0.3554331862399926 -1.954279682185732 0.12559990179280736 0.01666433208393138 0.23042176718793117 2.8052126678788896 3.814724865652025 4.499083619432817 9.952401858247173 -10.885602316763418 5.762244766981162 -2.8062344294826334 -2.264821268560472 1.3994052531707808 -4.627773620758836 -2.608727164054693
1668 20016 0 0 0 -3.7024557922358152 -1.5644930927522034 -0.35535672821872916 -1.9543676608153804 0.12559761230977998 0.01668895508688857 0.23021419925000977 2.8017999836646883 3.812184538800162 4.499756238781822 9.958825104217453 -10.895653640235041 5.771854135551854 -2.8014369204225553 -2.2652299146151837 1.4054528308718026 -4.628352676211632 -2.623041961982451
1669 20028 0 0 0 -3.7024706213131715 -1.5643898877393048 -0.35556121109956845 -1.954256019368486 0.12551720276124292 0.015646149959296963 0.22924459764620175 2.8002584802482726 3.8120948258397678 4.500758435227957 9.964662470855327 -10.90260835877151 5.7769961602854485 -2.79760981971108 -2.264047415848597 1.4098570893494087 -4.630981289333709 -2.6294274194932417
1670 20040 0 0 0 -3.702481793850071 -1.564382446341835 -0.3555658482737879 -1.9541952215640173 0.12553068826066652 0.015858171392318463 0.22961910409275627 2.8022383871285963 3.814044310626227 4.503508477694438 9.961728316437142 -10.898446308026548 5.771671779883439 -2.7993967693772266 -2.2648122175277132 1.4070513481597335 -4.630685875410494 -2.6222500349658766
1671 20052 0 0 0 -3.702473290650781 -1.5643966048954907 -0.3555358462393681 -1.9541760141051618 0.12555476232902468 0.016127397230095736 0.22997034891716106 2.8036211887986724 3.8154047887308886 4.5048985060084314 9.959905408849815 -10.895705773181039 5.768072990294106 -2.8022641196727553 -2.266215500291748 1.4057851643716508 -4.6312284979265135 -2.6174220391544587
1672 20064 0 0 0 -3.702477584452052 -1.5643999493310654 -0.3555347267243688 -1.9541126173197132 0.12557382118085036 0.016441057476071465 0.23044417364912953 2.8062572599850935 3.8177176647683266 4.508120039855712 9.957155050637425 -10.891991389500202 5.764809612139119 -2.809049200615569 -2.2711424288071074 1.403751739125429 -4.6287595485928685 -2.614483331703764
1673 20076 0 0 0 -3.702518314776266 -1.5643860538036547 -0.35557612869362815 -1.9540999875376994 0.12553721483029248 0.016152511943890394 0.23010575733613947 2.804618455002711 3.816303119482501 4.507093843917865 9.957671871581173 -10.892974052890342 5.766316370387294 -2.8054877640521214 -2.269256831587557 1.403865701132107 -4.630006385021487 -2.616670864029499
1674 20088 0 0 0 -3.702571537680833 -1.5643983681882276 -0.35555999358434304 -1.9541031627404013 0.125533043252085 0.016128773658676133 0.23001523203390467 2.803294786653945 3.8148470725457297 4.50669710460147 9.95967558051839 -10.896851877113404 5.769765446633742 -2.805762947354102 -2.270189503587214 1.4073930488562898 -4.631900577258749 -2.6206024940976076
1675 20100 0 0 0 -3.702508958461378 -1.5643531661835792 -0.35565559582953465 -1.9540599031288302 0.12549303153117397 0.01571719109389915 0.22962904376209628 2.8033834518885516 3.8141380059912695 4.504116717696795 9.959770782858174 -10.895650398825627 5.769164449453397 -2.8020869293724546 -2.265547735789648 1.407323298023745 -4.631926664013899 -2.617046841210297
1676 20112 0 0 0 -3.7025783162639563 -1.564362997336116 -0.355634590200096 -1.954079275289542 0.12549245559525748 0.015715771514700643 0.22958263965424228 2.802303190732834 3.8128531369026843 4.503139063128708 9.961778141740302 -10.897674520438107 5.770818593524856 -2.7989028812395924 -2.263718849806081 1.4095348926825781 -4.633473981572845 -2.617348876891595
1677 20124 0 0 0 -3.7025757875591085 -1.5644377871386188 -0.35550350107314016 -1.9541449028094966 0.12552769734513827 0.016364902241707262 0.23013173827554134 2.8026229361421273 3.8137176034461637 4.505414407285159 9.96070893350397 -10.897830081397034 5.771468696935567 -2.804674413156043 -2.2681703927637407 1.4088597172538806 -4.63115637343298 -2.6193309521271435
1678 20136 0 0 0 -3.7025959170145684 -1.5644637053362729 -0.3554586154763653 -1.9541966641020783 0.12551907328982392 0.016360037600711648 0.2299669433760762 2.80064833573486 3.8133867090737055 4.505855840243901 9.964704563221655 -10.904286260685625 5.776233239244096 -2.802313359031326 -2.2676942294283 1.412373254152757 -4.631817955780129 -2.6264018165442238
1679 20148 0 0 0 -3.7025985585823866 -1.5645006868031153 -0.35538531428529646 -1.9542446286208677 0.12554373668179644 0.016643312321992277 0.23020890346498804 2.8005652793520595 3.812370053273073 4.503978828352668 9.963650740128607 -10.902425309648661 5.775638123660673 -2.802352886819674 -2.2666646536300368 1.4123266207808143 -4.630730467276187 -2.623483044331795
1680 20160 0 0 0 -3.702610467927641 -1.564512475117848 -0.3553645423967502 -1.9542142333984471 0.12555673315547317 0.016941339197579692 0.2305940572176318 2.8021859340767827 3.813353837831767 4.504752079097702 9.959384390781027 -10.898175407247917 5.770638178050631 -2.805060465649788 -2.2681695642300506 1.408922025871535 -4.630933635060098 -2.6187383210277093
1681 20172 0 0 0 -3.7025826779264364 -1.5644695079091044 -0.3554441554269441 -1.9541497998846382 0.12554199301839233 0.016772480497787685 0.2305498102489385 2.8038179858426853 3.8142463168935987 4.505714173894124 9.958828504916054 -10.89654198456978 5.768258753743613 -2.8041642662477795 -2.266976977705585 1.4085004165861947 -4.630247151564306 -2.6152082601811744
1682 20184 0 0 0 -3.7026065532706354 -1.564498869671899 -0.3553853194049392 -1.9541889714427536 0.12555402751185563 0.016893469441317435 0.2305550634070166 2.802456318507073 3.8141743215418704 4.507219547083304 9.963417127158989 -10.902747434448063 5.772330532840935 -2.804225327059925 -2.2673078358245107 1.412971239703611 -4.6312651194399965 -2.620928042831921
1683 20196 0 0 0 -3.7025452471770355 -1.564438033876163 -0.3554973503893585 -1.9541442722510916 0.12552304164746697 0.016418024023814447 0.23016472982784 2.8032197363186935 3.814588344635495 4.507560276134752 9.962549489706452 -10.900332864962918 5.770735429667518 -2.7993625890467633 -2.264757803520925 1.4124379210961713 -4.63205470833958 -2.615674979779189
1684 20208 0 0 0 -3.702556950967592 -1.564457581465528 -0.3554704879172047 -1.954213113771901 0.1255054306855989 0.016323687302896364 0.22986938763352913 2.8004835146817424 3.8127112365155473 4.50814192016147 9.968402930075476 -10.90884393034153 5.777555796651882 -2.7962211599822604 -2.264271227083852 1.4180189275337909 -4.633551626578178 -2.6263798839326156
1685 20220 0 0 0 -3.702612839133867 -1.5644669136186125 -0.35545802541504623 -1.9542180737972745 0.12549627594147106 0.016303199166009072 0.22981496029104787 2.7997906321263875 3.812024704444294 4.508558519025405 9.969959297338571 -10.911041192031808 5.7791323626548134 -2.7929948647391765 -2.264481336120638 1.4190736085878708 -4.635727761758207 -2.6285996245279013
1686 20232 0 0 0 -3.702587763087799 -1.5644396657459294 -0.3555206388696329 -1.954153373920669 0.1254808395802652 0.01612186575499543 0.22973891045332415 2.8002556695771146 3.8125789071995158 4.507032654026643 9.968648235147448 -10.908394749885028 5.7772784874717615 -2.7942012389603423 -2.262453627792484 1.4179340692736586 -4.634756527765037 -2.6245069390051814
1687 20244 0 0 0 -3.70260707765501 -1.5644387825431354 -0.35552789417737457 -1.9541229609424047 0.1254782478459045 0.01621487239388643 0.22988977027706253 2.800978543556533 3.8134020415644043 4.5075273191835405 9.966427446583396 -10.906703411772135 5.7749153869429195 -2.7947733163104176 -2.2638557937798605 1.4165921511254578 -4.6366297949993 -2.6229420878973166
1688 20256 0 0 0 -3.702621634154887 -1.5644533108496186 -0.35551012719140607 -1.9541993381462248 0.12546012700758497 0.016029450566402294 0.22950269677552124 2.7982987085021724 3.811422376161569 4.506095847203632 9.97303026662317 -10.914962632093 5.782211089772954 -2.79017708248418 -2.2605216105974004 1.4238344679356107 -4.637949858971846 -2.6309779884808626
1689 20268 0 0 0 -3.7026150970682683 -1.5644414691685233 -0.35552748941193074 -1.9541837236488242 0.1254598169492481 0.01601002418966414 0.22954623308023034 2.799110573326606 3.810737623932309 4.505034901861825 9.970110430202299 -10.910179388784357 5.777998145417212 -2.7904314230889753 -2.260017009511699 1.4202252394597774 -4.638383532924793 -2.6261276544705745
1690 20280 0 0 0 -3.7026355722494038 -1.5644615470835437 -0.3554876560006951 -1.9542143654508495 0.12547459069794567 0.01622151245831745 0.2297043134958286 2.7994204894335257 3.8106994940783068 4.503327461489465 9.970560792146813 -10.911583054830304 5.778294980561651 -2.791106689388829 -2.2595470502579325 1.4219752548739741 -4.6392221818976065 -2.627322912180179
1691 20292 0 0 0 -3.702630050002625 -1.5645093738953082 -0.3553967567590943 -1.9542726700383812 0.12550087537665994 0.016582799071891554 0.22998512347363714 2.799149099806282 3.8109769843293515 4.503569170147086 9.970319219073163 -10.912618497879402 5.7785143582165635 -2.7905561749672962 -2.260414356225408 1.4220918740056723 -4.63992676174851 -2.628171701149689
1692 20304 0 0 0 -3.7026333986487208 -1.5645311664800534 -0.35535583012205696 -1.9542865937147522 0.12551616071605232 0.016748660844416594 0.23012090116440534 2.7989949281448303 3.8102065884858707 4.5018953650998785 9.970416818118371 -10.912504754736519 5.778749292660521 -2.7917545586804615 -2.2599154452144865 1.4229968758814815 -4.64016690215559 -2.6278472763322953
1693 20316 0 0 0 -3.702607177663746 -1.5644984735456497 -0.35541378458025147 -1.954234418632025 0.12551199835059837 0.016630008080184163 0.23012198805029316 2.800324295495987 3.811733114684683 4.503786292136228 9.97044978015445 -10.912537607182959 5.7777662251272535 -2.791200196947421 -2.2609231406317494 1.422349284487428 -4.64032102733065 -2.628715131241346
1694 20328 0 0 0 -3.7026031908231665 -1.5644957426535517 -0.3554233197501109 -1.9542556568722989 0.12549586082190822 0.01648312410169879 0.22988369111966442 2.799128251203794 3.8118617839548863 4.505339049315528 9.973161665118775 -10.916777141285916 5.78106995128153 -2.790569231914181 -2.261408694547305 1.4252664380408528 -4.640650793347893 -2.6342211103227826
1695 20340 0 0 0 -3.7025750836952773 -1.5644436591909856 -0.3555361331583212 -1.9541725652055764 0.12545612881208892 0.016143707083618047 0.2296705875635631 2.800029540681159 3.812842807486427 4.507525418968886 9.973148823271885 -10.91531416185039 5.779704349551662 -2.789711157635607 -2.2615927721956335 1.4249337856658548 -4.640733456137414 -2.631643754421348
1696 20352 0 0 0 -3.7025833104877273 -1.5644090582852213 -0.35559267898986924 -1.954137241479298 0.12544702852533918 0.015867727138793225 0.22946950810000877 2.800130394129201 3.8127481585123597 4.506303904660072 9.973651603879546 -10.914938500402354 5.779326536532973 -2.7867983765167423 -2.2598463334790506 1.4246404514378324 -4.642061668160815 -2.6305491188260484
1697 20364 0 0 0 -3.7025965718116494 -1.5643927069791654 -0.3556233733316574 -1.9541009666590676 0.1254378808171435 0.015787271500314237 0.22945806994450188 2.8005323557753137 3.8134365443620877 4.507828830290837 9.971611840388757 -10.912569230088554 5.777043149866973 -2.786911861625408 -2.260337251513158 1.4220396211670019 -4.641111731778099 -2.628897615306604
1698 20376 0 0 0 -3.702614089151009 -1.5644147928297247 -0.3555735364012671 -1.9541243865067872 0.12546405265514524 0.016061659478377496 0.22973504228555094 2.8012205363123956 3.8136951839633366 4.506866873178183 9.969177656846234 -10.910304255130347 5.775420686788932 -2.790400794281117 -2.261360570930496 1.4197714611134884 -4.639917384974746 -2.627093959200635
1699 20388 0 0 0 -3.702655691690186 -1.56446727331504 -0.3554746036792557 -1.9541900018929874 0.12548278395531115 0.016378866566678398 0.22991137381607704 2.799965954413083 3.812828808373004 4.505456302369524 9.970136639252125 -10.912150139633031 5.777449346636621 -2.7914061980926923 -2.260842501853224 1.4208124658524104 -4.63910737202819 -2.629232450620967
1700 20400 0 0 0 -3.702655006079393 -1.5644330752959874 -0.35554735847364366 -1.9541596995149557 0.12544897878658046 0.016010996747566973 0.2295639692201634 2.799218967316003 3.812186979064028 4.507045161986966 9.971117151493255 -10.912859114807935 5.778120922490863 -2.7883102237235917 -2.261167913205852 1.4203260943341307 -4.640447039248986 -2.6313944661273867
1701 20412 0 0 0 -3.702637024646558 -1.564396809027165 -0.3556040236460871 -1.9541534699728635 0.12543528635032175 0.015666146289282826 0.22921106309943298 2.7989401801272593 3.812406432190826 4.505654720415445 9.972032189022784 -10.9143835287838 5.779135192244004 -2.7863058036659996 -2.2592794248247094 1.421603897680863 -4.641057529630765 -2.6324890255990674
1702 20424 0 0 0 -3.7026581626644393 -1.5643723597247339 -0.355650949008987 -1.9541290548333037 0.12541630452842178 0.015376470749170435 0.22891560441826744 2.798173629935851 3.812343366154764 4.506193400857396 9.975212949782126 -10.919044580188533 5.782408518802828 -2.78446375726249 -2.2585388086250666 1.4245818853023735 -4.6416665957517225 -2.637316240406736
1703 20436 0 0 0 -3.702672499677269 -1.5643906084998633 -0.35561223839209166 -1.9541174402247161 0.12543709562293387 0.015707651561455493 0.22930696102197481 2.7995215463694234 3.813553251640053 4.506770582987392 9.971946345843145 -10.9150795724619 5.779380966295611 -2.7884363197062028 -2.260524298845877 1.4216492386926707 -4.6399917502128165 -2.633544622304335
1704 20448 0 0 0 -3.702696071729862 -1.5644241274617554 -0.3555535246976973 -1.9541524009709101 0.12545024976316477 0.01591356227838582 0.22944432065254827 2.798869272388988 3.8135444509636804 4.507901951303944 9.973958955952735 -10.918090108637148 5.781871471487673 -2.7882420332435665 -2.262337887242173 1.423503723462276 -4.640797327318271 -2.6376521408820492
1705 20460 0 0 0 -3.702728015393362 -1.564455463277314 -0.35550699504143984 -1.954180492098423 0.12544634468404584 0.016027254761391378 0.2294655183397955 2.7974804120808856 3.8126396899724004 4.508782466074507 9.976660334000309 -10.922155267422662 5.784944221452953 -2.787599739508518 -2.2623125832590207 1.4264537739594005 -4.640988074062091 -2.6428614490830187
1706 20472 0 0 0 -3.7026958106883066 -1.5644306646392672 -0.35555224438376226 -1.9541724250511547 0.12543214872764305 0.01581032194308386 0.22925009639436683 2.797567893600636 3.812803824982042 4.5087068575612115 9.97726334296666 -10.922219906252751 5.784836529969429 -2.787667727099355 -2.261816165781036 1.4269689961293979 -4.640980957676515 -2.6421603230526025
1707 20484 0 0 0 -3.702711030666449 -1.5644245859398431 -0.35556753610884445 -1.9541432909469316 0.12543256564082375 0.015836494695034252 0.2293358014506477 2.798292995077574 3.813745123991332 4.511100693537304 9.979052466908648 -10.924867231808346 5.785717992597592 -2.7886514574829055 -2.26428958249615 1.4283638870624265 -4.641251983394988 -2.646185840984092
1708 20496 0 0 0 -3.7026987427352087 -1.5644218774367709 -0.3555710371000206 -1.9541437873598 0.12543073144265082 0.015783490429520076 0.22926957765129924 2.7981457046241487 3.8137831701901574 4.511299878468316 9.979203811977248 -10.92544790181023 5.786262155169146 -2.7893910655108662 -2.2650434000306015 1.4284858335898394 -4.641556196509963 -2.6479732613986116
1709 20508 0 0 0 -3.7026845827554538 -1.564426287477717 -0.35556273665832744 -1.9541708027138547 0.12543039810910261 0.015829244415833544 0.22929058754497883 2.7981021867233946 3.814492761420407 4.513034958294579 9.978776738960399 -10.925278417767123 5.785804319729489 -2.790095705701783 -2.2664900599337687 1.4274156588915248 -4.641116176355691 -2.648495511021799
1710 20520 0 0 0 -3.7027072979123368 -1.564412415371769 -0.35559150418677693 -1.9541718955348293 0.1254158924312742 0.015634650783273085 0.2290755803307512 2.7974440748875984 3.8139729145516688 4.513475867136582 9.980956887740254 -10.928363917378878 5.7882230296803705 -2.7885276618089376 -2.26720252897351 1.4290169053214477 -4.642349244504894 -2.6533972659435996
1711 20532 0 0 0 -3.702730007956616 -1.564411053055363 -0.35559877863303524 -1.9541764007895124 0.12540026284935019 0.015519690126912795 0.22892012826083602 2.79630358638094 3.812829884544076 4.513005280735201 9.982548492374152 -10.930137622569793 5.79063435321007 -2.786041877148582 -2.2657424474699663 1.4297216437600526 -4.641592185496137 -2.6547723397602803
1712 20544 0 0 0 -3.702711009716206 -1.5644317671644625 -0.35555594051393846 -1.9541861982757767 0.12542497606758857 0.01578620961710618 0.22922785867726975 2.7973882856326067 3.8132821402514647 4.511995455988957 9.979605140608303 -10.926060639699687 5.787683634298361 -2.787696573177275 -2.266223415702223 1.4269668309556385 -4.6410110033864855 -2.6498869586084486
1713 20556 0 0 0 -3.70271505264875 -1.5644567974011299 -0.35550976443220217 -1.9542449946548268 0.12542772954872922 0.015837336226256868 0.22915646764606049 2.7961293581267377 3.8118720635047154 4.510337299887468 9.980609836889233 -10.927468630070711 5.789314279859544 -2.78562317624737 -2.2635214260981744 1.4287536147215611 -4.641012299136428 -2.6501629043995694
1714 20568 0 0 0 -3.7027211238245505 -1.5644821671877716 -0.35545414991301316 -1.9542852379671625 0.12545305880654556 0.01607769836864665 0.22936425997732543 2.796369524887501 3.812111856406126 4.509822257710526 9.979949340059623 -10.927046638012989 5.788438302259782 -2.787122525475593 -2.2634216269824443 1.4287626261611908 -4.640644893748706 -2.64932238739403
1715 20580 0 0 0 -3.7027482666126486 -1.564517072413769 -0.3553877359477721 -1.9542923752446928 0.12547967693002726 0.01646581551518772 0.22976437109445474 2.7971378080026352 3.813806796065035 4.511697306733858 9.979531132311964 -10.92764286660944 5.787575709306528 -2.7893574329638633 -2.266079501913659 1.4284750106382416 -4.640474408810407 -2.649800716585611
1716 20592 0 0 0 -3.7027467262249125 -1.5644950996991271 -0.35543567889433386 -1.9542840149327165 0.12545358076476903 0.01618219396278939 0.22945510053833085 2.796267665917514 3.812976083698838 4.511986896189828 9.982992866150818 -10.931464412132236 5.790727548468834 -2.7866105304013913 -2.264769667092219 1.4315310423474703 -4.6410990494334134 -2.6540750228307965
1717 20604 0 0 0 -3.7027151541648196 -1.5644904801572412 -0.3554499455335178 -1.9542912698127302 0.12544281554520367 0.01606103269274128 0.2292879589750065 2.795854663627978 3.8128898695309985 4.513014841212174 9.985365151523983 -10.935217450826615 5.792739098511142 -2.786954254105606 -2.265237134387631 1.4343132146579527 -4.641833704718164 -2.6589539680513186
1718 20616 0 0 0 -3.7027295119316097 -1.564532659472758 -0.3553681572430008 -1.9543392953538816 0.12546513961197175 0.016358935401324562 0.22949580778488002 2.795413056004373 3.813451423492404 4.515035441323946 9.986775986176433 -10.938285225469038 5.794822813925437 -2.7882733474874417 -2.267596195557994 1.4357748203530873 -4.641556901788995 -2.6635691817239704
1719 20628 0 0 0 -3.702742465953679 -1.5645082757840858 -0.3554266440314926 -1.95431473218464 0.12543138468048753 0.016063236573584005 0.229184663814804 2.794329295403653 3.8126860435378984 4.5159587332107405 9.988315833359009 -10.939523462124331 5.796274265572825 -2.785487732759666 -2.2664970590448745 1.4374634444477734 -4.642650919257148 -2.664146108537607
1720 20640 0 0 0 -3.7027192007006433 -1.5644479931277007 -0.35552747182498634 -1.954247982675653 0.12541451156659683 0.015666993228332805 0.22892423315965812 2.79532187309683 3.8130366144121033 4.513862807386545 9.985450599969173 -10.93421244178128 5.792368869490909 -2.783106580841397 -2.2632113706853505 1.435228026654863 -4.642894427672884 -2.6555421508813777
1721 20652 0 0 0 -3.702707021005134 -1.564440072159752 -0.3555333634535066 -1.9542466368757936 0.12542450704971647 0.015718462568843322 0.22902721387527977 2.79622643336593 3.8137505186480287 4.514008496567108 9.982962885000724 -10.930744351804375 5.789677853426733 -2.7838536868597767 -2.2637493676062355 1.4331903403378305 -4.642535014727033 -2.6515906120140533
1722 20664 0 0 0 -3.7027376341271836 -1.5644259932173357 -0.3555666091783089 -1.9542370837804075 0.12540017302158585 0.015484927423806145 0.2287457612957226 2.795051627322883 3.8131590192328546 4.515430792428179 9.985992205684072 -10.934804279220566 5.792636638396136 -2.7824084924157386 -2.263354772713821 1.436494100444456 -4.643276892203421 -2.6559134105258346
1723 20676 0 0 0 -3.7027360845072455 -1.5644528286907924 -0.35550314820406476 -1.9542740213568117 0.12543419648550272 0.015770503985681725 0.22901538928037296 2.7956449033737742 3.8131185371905034 4.513851134557019 9.98447985041292 -10.932516723912922 5.791131297022404 -2.7841929782600254 -2.2630188209073943 1.435891943625832 -4.6424159675181516 -2.651670451217978
1724 20688 0 0 0 -3.7026924145879523 -1.5644399209915512 -0.35552790844198173 -1.9542248168231982 0.12543845724293645 0.015836075027128 0.229205016949266 2.7972257992635 3.814433126278243 4.51573532220864 9.981202561191237 -10.927953866301376 5.787262042535386 -2.786992649538715 -2.264914420648079 1.4327589055146817 -4.640742724274918 -2.647503726740869
1725 20700 0 0 0 -3.7026838816810086 -1.5644713038558062 -0.3554676780856992 -1.9542798474584342 0.12545255822137136 0.016001720401280364 0.2292617882442235 2.796583373989593 3.814229880946647 4.515110822240418 9.98270826246572 -10.930949511998902 5.789628272111235 -2.7874846625311176 -2.265219635860058 1.4347508369908972 -4.640841148602994 -2.652021641470407
1726 20712 0 0 0 -3.7026841526062406 -1.564471977926685 -0.35546614573646346 -1.954273089465299 0.12544931018300545 0.015994145798774253 0.22923929638462862 2.796516709723944 3.814465382031535 4.5159146304512925 9.984243727056013 -10.93354046139045 5.790815071901742 -2.7863199916748047 -2.2654549068302505 1.4362958727047932 -4.641674985773812 -2.654076367512587
1727 20724 0 0 0 -3.7027253819215082 -1.5644516262551977 -0.3555156371190053 -1.9542497521955196 0.12541700303172837 0.015714201749443366 0.2289315055142481 2.7953161543211626 3.8142398224586618 4.517107755626663 9.987529317558344 -10.938453356590449 5.794643377349875 -2.7838953525449472 -2.2654601029253483 1.4387345522415287 -4.642385582334294 -2.6593031022236806
1728 20736 0 0 0 -3.7027372750201217 -1.5644557988218013 -0.35551055410272514 -1.9542673604072909 0.12540867812861858 0.015651375418448566 0.22880558151980454 2.7943684501722776 3.8128388374030866 4.513868342277364 9.987221660971016 -10.937721777203484 5.795250174665199 -2.78206992594048 -2.2624516100665124 1.4388450593447337 -4.642842868275222 -2.657609833790708
1729 20748 0 0 0 -3.7027883198708604 -1.5644572520737883 -0.3555080091182828 -1.9542650568619666 0.12540462900434113 0.01566569080800837 0.22881792408233076 2.7940504588949797 3.8127308654037693 4.514746267584963 9.987266785721314 -10.938200650331495 5.795559021042245 -2.7821043571919755 -2.26327902768275 1.4393881553616896 -4.643684841479167 -2.6581536723790333
1730 20760 0 0 0 -3.702771137828443 -1.564468717401005 -0.3554907384909347 -1.9542348916123042 0.12542250702021956 0.0159187173183604 0.22917609772370906 2.7956227770982878 3.814403696127436 4.516348457956324 9.985301750616962 -10.935745242260555 5.79351547726156 -2.7855794973026513 -2.2660173597294695 1.4366459285914146 -4.641820885359379 -2.6562635104210606
1731 20772 0 0 0 -3.7027570075142657 -1.5644505693712578 -0.3555304015705302 -1.9542388096924688 0.12540131880416427 0.015670144250852044 0.22889943543686647 2.7948117351953514 3.813186869219581 4.515291421992542 9.986460376088619 -10.936406509044035 5.794521293655847 -2.782911200878319 -2.2642868839048913 1.4370916564373308 -4.6428650529381095 -2.657431377639861
1732 20784 0 0 0 -3.7027226202932817 -1.564418849697624 -0.3555911753511501 -1.954210420170201 0.1253845441456442 0.01544487269351809 0.22871825292873263 2.795203006487265 3.813648446545832 4.515044993905302 9.985951038696376 -10.935538222791356 5.793801241364907 -2.7834855776630745 -2.264071146212453 1.436757918350084 -4.64272216645589 -2.6565270992370533
1733 20796 0 0 0 -3.702742192418263 -1.564433412216618 -0.3555602412631399 -1.9542285425884072 0.12539458446613191 0.015562399486880686 0.22881096558945999 2.7950611850786578 3.813789363331459 4.515285542357738 9.985947987017575 -10.936136384120735 5.7940634045726815 -2.7839320009200987 -2.2649685559944874 1.4367829808460675 -4.6429464947432395 -2.6582366188403266
1734 20808 0 0 0 -3.702742430562688 -1.5644439264792205 -0.3555335447940376 -1.9542283722335374 0.12541403438368093 0.01577333216053442 0.2290617400122688 2.7961728550602483 3.8145177229263028 4.515201037258357 9.983914369520624 -10.933919699699262 5.791488828425249 -2.7860258577319064 -2.265455814981875 1.435742039356724 -4.642863422147129 -2.655855268944976
1735 20820 0 0 0 -3.7027484591290607 -1.5644508389693 -0.3555239551871769 -1.9542263249558312 0.12541705572372897 0.01583588662452774 0.2291298032810295 2.796231893987999 3.8144672352478386 4.51611233710344 9.984195630705045 -10.934427284944679 5.791898747877033 -2.7872531359754142 -2.2669693877107737 1.4355341771681203 -4.642469144766978 -2.6569469451972445
1736 20832 0 0 0 -3.702766308401903 -1.5644452124555066 -0.3555362022605228 -1.9542166700652337 0.12540880020798004 0.015745201108743816 0.22902970681510285 2.7957409272939464 3.814384269462277 4.516466424680447 9.985041953589526 -10.93580112319364 5.793125498156664 -2.786686920059117 -2.2672712761103506 1.4363538447577346 -4.642964147272097 -2.6584035655528875
1737 20844 0 0 0 -3.702775807825593 -1.564461238666755 -0.35551149389626413 -1.954237108720677 0.12541035555297989 0.015830314851410048 0.22907812904962319 2.795367077786964 3.8140057172006636 4.516359446770984 9.985490217050037 -10.936532401936814 5.794091000851745 -2.7866860184865847 -2.2675726518438903 1.4364113106400227 -4.642714283207865 -2.6596628576204
1738 20856 0 0 0 -3.702757648709514 -1.5644535240303359 -0.35553104943265007 -1.9542169742629758 0.12540523568453027 0.015787148465247338 0.22906797211910063 2.795657163814696 3.814320996865843 4.5171414278627795 9.985866245288081 -10.936579393616796 5.794152537295586 -2.78720170955882 -2.267827983068137 1.4369742195945623 -4.642028175933324 -2.6591592881171864
1739 20868 0 0 0 -3.7027772542030597 -1.5644776266529203 -0.3554828249593723 -1.954253017385167 0.12541832710504686 0.015950281242863094 0.22916675370496642 2.795278492671835 3.814370377993015 4.516745972103347 9.987314425910727 -10.939229725105067 5.795456271471432 -2.7872429298216597 -2.2682627509595044 1.438306401372401 -4.643065461908155 -2.663256757624453
1740 20880 0 0 0 -3.7027697851618457 -1.5644604062348213 -0.35551560958468137 -1.9542211904299867 0.1254113886966417 0.0158543591237368 0.22912613485392005 2.7956871305136675 3.8151081487707255 4.518354232867586 9.986720987260446 -10.938258031653634 5.794818991730571 -2.787581532832769 -2.2697842582719687 1.437573050866722 -4.643097441805568 -2.6625519307951753
1741 20892 0 0 0 -3.7027660911464526 -1.5644466768651895 -0.3555348065750388 -1.9542184126557083 0.1254082058000287 0.015758256032841818 0.22903283544209171 2.7957720968554645 3.815404635665781 4.518484200081354 9.986632377673548 -10.938293638013848 5.794637323880895 -2.787309737926539 -2.2699152698536036 1.4376074015881526 -4.643459285171797 -2.662774375541131
1742 20904 0 0 0 -3.7027451704931424 -1.5644129214206373 -0.3556019464637853 -1.9541529184359518 0.12539224337684407 0.01559579415393707 0.2289880963064225 2.7967983983437614 3.816574575780628 4.5196787211765175 9.98505003299466 -10.936118774558805 5.792594759451702 -2.789267309968867 -2.2711523973010594 1.435832378986197 -4.642956396042193 -2.660341782441844
1743 20916 0 0 0 -3.702750645718437 -1.5644055700150752 -0.35561257839283145 -1.9541431924611739 0.125388961341837 0.015544812354006622 0.22894584939368168 2.7967970209966713 3.816727178427008 4.520311581857446 9.985004824700502 -10.935922933915583 5.7922188114622415 -2.78921310721261 -2.2712759700398775 1.436458857862145 -4.6433907726548656 -2.6591681283878983
1744 20928 0 0 0 -3.70275391392848 -1.564413310155315 -0.3555969940217665 -1.9541589523422045 0.12539451680368363 0.01557990923400034 0.22895387748276774 2.7965338487893483 3.8165085216352903 4.520169386132707 9.985868518289623 -10.937059791278497 5.7930729532916105 -2.789413816880111 -2.2711287957011232 1.4377060328641031 -4.643414978805208 -2.6599039262861726
1745 20940 0 0 0 -3.7027526260266588 -1.5644283963840693 -0.35556916769118474 -1.9541724025161062 0.12540335822904689 0.015696900830078565 0.22905193938727075 2.796452919161479 3.816179424975182 4.519485904424069 9.98560700589704 -10.937077732562283 5.793305694216298 -2.7899085703947804 -2.27143918194276 1.4374956145275508 -4.643458274929826 -2.6603441309586016
1746 20952 0 0 0 -3.7027409758159076 -1.5644209937146503 -0.35558070868175384 -1.9541642140261992 0.1254019691732816 0.015663900548405173 0.22903478808202418 2.7967550400525547 3.816605136571077 4.5201898829974745 9.984990475792902 -10.9361270184257 5.7927711517385605 -2.7911355557482618 -2.2724726529445465 1.4370945586268222 -4.643052809032486 -2.6588168618030337
1747 20964 0 0 0 -3.702750378577533 -1.5644138807254389 -0.3555932594390088 -1.9541287603727666 0.12540294962493226 0.015693883942530497 0.22913205618963814 2.797491192533143 3.817782543642827 4.5207715424360755 9.984698057062866 -10.936467282145438 5.791751269469097 -2.7920854624392626 -2.2737590071717677 1.4364473268065803 -4.643869229022924 -2.65901596499271
1748 20976 0 0 0 -3.7027503633385423 -1.5644026035630845 -0.3556143016073765 -1.9541170118025923 0.12539801740072756 0.015586433708635057 0.22904417910358615 2.79729821105558 3.817554591269769 4.520809451115361 9.985145478545025 -10.936917314481844 5.792145805468303 -2.7910154208760414 -2.2733157191176576 1.4367939412438107 -4.644076135599156 -2.658924222453941
1749 20988 0 0 0 -3.7027204147491246 -1.5643916194137184 -0.35563666862881843 -1.9540945524771955 0.1253946849394444 0.015570069924210587 0.22907299371638273 2.7980434858862675 3.8182914037834945 4.520874788507242 9.984033268162737 -10.93504556797389 5.790196979915222 -2.79136972114874 -2.272490136047106 1.4368854116416347 -4.644204378735495 -2.654663490307516
1750 21000 0 0 0 -3.7026848996607087 -1.5643783060097323 -0.35566398679990974 -1.954077945259278 0.1253898929959416 0.015527376291940332 0.22907751129778606 2.798779077297312 3.8188640696167715 4.520956543229395 9.982586694648043 -10.93271229391709 5.788533463937588 -2.792320152001895 -2.273330317668996 1.4347680296576382 -4.6437494388568155 -2.6528812451424364
1751 21012 0 0 0 -3.7026645539760814 -1.5643568502400274 -0.3557030025673011 -1.9540517074982995 0.12538155647445753 0.015405380482015441 0.22900658579852717 2.7993533393002767 3.819677557806895 4.5213527841416035 9.981754771187736 -10.931975139569474 5.78782968807288 -2.792825426565113 -2.2744231908395482 1.4334129507537259 -4.643955949060454 -2.652952589579632
1752 21024 0 0 0 -3.702696759853678 -1.5643852936382407 -0.355657918839569 -1.9540645857639436 0.12538532892080745 0.015583287489897553 0.22913572980773955 2.798730069370545 3.819838763568861 4.523351666846322 9.982570236131773 -10.934535251663497 5.789663549829179 -2.7944781528710854 -2.2769854665102556 1.4343292318597693 -4.643829233255478 -2.6565858757726843
1753 21036 0 0 0 -3.7027504257911246 -1.5644151973674 -0.3555983442641003 -1.954104269786505 0.12539554802566205 0.01575823642842749 0.2292177463992443 2.797795691623252 3.819617956962276 4.523845402635095 9.984002532774392 -10.937923557601769 5.792115277081982 -2.7944130394001836 -2.2781801244914166 1.4355958762083614 -4.644221401691495 -2.6619499813436978
1754 21048 0 0 0 -3.7027337563234313 -1.5644261742904217 -0.3555743697945499 -1.9541503803141134 0.125398474972747 0.015771688178200446 0.22914052532444193 2.7972052146060564 3.8193128225527198 4.523914562836048 9.98383787459387 -10.938102369898127 5.793118364146889 -2.795057430213289 -2.2792857471222847 1.4354814844211758 -4.644430299558911 -2.6626588748378657
1755 21060 0 0 0 -3.702699329200186 -1.5644343110940058 -0.3555696947987831 -1.954155168059766 0.12539738859972155 0.015839772803012592 0.22920695486614412 2.797446915476405 3.8200135996481692 4.524806945405251 9.984105812820564 -10.938864457348414 5.79355300891409 -2.7969629412857158 -2.281681446140047 1.4351331577273716 -4.644826534778403 -2.6643982870927396
1756 21072 0 0 0 -3.702692272647392 -1.5644088992707563 -0.355623234781355 -1.9541190789187828 0.12538059835919985 0.015639842057417832 0.22906604152789334 2.797712992882177 3.819863631337754 4.525381231583788 9.984739699385718 -10.93843138553034 5.793509434602454 -2.796055536611101 -2.2804883499629005 1.4357214988965317 -4.6438943435898725 -2.663666538524931
1757 21084 0 0 0 -3.7027286501637144 -1.5644386074642962 -0.3555651301371759 -1.9541466068092082 0.12539476095855095 0.015842927423071564 0.22921932281825114 2.797112292524785 3.819702593185361 4.525213076314088 9.985257542842433 -10.93977325480139 5.794794322192099 -2.795682806951664 -2.2808202386476077 1.4359191075022693 -4.643339043039087 -2.6656913444057952
1758 21096 0 0 0 -3.702756637952573 -1.5644500877967211 -0.3555415499943453 -1.954203884588769 0.1253883193896796 0.015756792686321568 0.22898611096403396 2.7953435997948524 3.8188671923484856 4.525300577574238 9.989219164899524 -10.945391804590923 5.798587249622598 -2.7925206507258595 -2.2792279496970935 1.4396434046861497 -4.644515999369854 -2.6728023109094896
1759 21108 0 0 0 -3.702773497434261 -1.5644544023303988 -0.3555331556916067 -1.9541792624142305 0.12539522505543443 0.015871489028673788 0.22915772366901518 2.7959925431228263 3.8196953111843044 4.526680686832709 9.989120117579201 -10.945581109377443 5.798305269757447 -2.7935763003705083 -2.280567481013903 1.4394271667252858 -4.643663824564951 -2.672812522059459
1760 21120 0 0 0 -3.702771382191496 -1.5644780653551944 -0.3554939121558842 -1.9542271139920393 0.12539489360911898 0.015932391780581742 0.22909879747580172 2.7949472602722407 3.8184232610735984 4.525601715879136 9.99165780957949 -10.948526819736031 5.800105871287234 -2.791629449070426 -2.2787570224810882 1.442607078285837 -4.645498546229333 -2.6757652255395428
1761 21132 0 0 0 -3.702722932961045 -1.5644343408941286 -0.3555725201775094 -1.954169473584674 0.12538396090845638 0.01569641941325582 0.22898494246324583 2.7961687150635313 3.8191343271182268 4.524964764881485 9.989180639603243 -10.9448529968673 5.7971317693958895 -2.792304947323646 -2.2787855372877956 1.439717125731275 -4.645554228284953 -2.672286984269576
1762 21144 0 0 0 -3.702721849972261 -1.5644282751800507 -0.3555813895668439 -1.9541734578477872 0.12538019168646675 0.015620051975480333 0.22889722244561325 2.7959395088659247 3.819047167960897 4.524921046328525 9.98937811967708 -10.944712953451685 5.797405714806512 -2.790948100795921 -2.2782278070219593 1.4394336671236576 -4.645709817533369 -2.67147453474241
1763 21156 0 0 0 -3.7027310572039265 -1.5644096346439254 -0.3556125227549226 -1.9541514896464267 0.12537553794708264 0.015493648701510144 0.22881086245566895 2.796151235637607 3.819125479744359 4.525545338545812 9.990563386272575 -10.945269578242135 5.79752558054686 -2.78917176288118 -2.277857522594131 1.4404850563714842 -4.646351934709042 -2.6721293883253625
1764 21168 0 0 0 -3.7027198519159943 -1.5643926535717085 -0.3556447260125755 -1.9541408600804828 0.1253635794498034 0.015342246944059498 0.2286729762093913 2.796030211441989 3.8192042592303954 4.525504177558382 9.990315090716717 -10.94481370417427 5.7976116058589575 -2.7887991553512723 -2.277051360801247 1.4401425772587197 -4.645624454716397 -2.671230029571471
1765 21180 0 0 0 -3.7027255281860336 -1.5644019533613436 -0.35562724478953306 -1.954155197847975 0.125366574674866 0.01540194102305852 0.22869870459465988 2.7957673539646613 3.8198536268151275 4.527414140293854 9.99141677242562 -10.94714460946061 5.79904145052897 -2.790121691748454 -2.27943327395453 1.441213559781277 -4.645721468454308 -2.674447655757339
1766 21192 0 0 0 -3.7027698414571777 -1.5644296490628296 -0.35557701702016087 -1.9541778435490496 0.12537683705162447 0.015584861634732374 0.22882910760744102 2.79525420678593 3.8200326319235947 4.528502901778792 9.99316429367312 -10.95048225277546 5.800878598101308 -2.7894034422444327 -2.2808308651362115 1.4425740918993633 -4.646797100865741 -2.679462955957932
1767 21204 0 0 0 -3.7027825121119378 -1.5644516433734525 -0.3555400148138652 -1.9541860811874154 0.1253861204946202 0.0157629138021133 0.22899056056998904 2.7953346258504164 3.8203676583287978 4.529309453809284 9.993439407808633 -10.9515170898706 5.801341026757413 -2.79071817659429 -2.2822052369569206 1.4434767919937563 -4.647055679368744 -2.6808746703402746
1768 21216 0 0 0 -3.702773803083322 -1.5644512550139738 -0.3555388469662124 -1.9541925547982255 0.12538854430405852 0.01576719722543047 0.2289863409699013 2.7953571934811796 3.820853472894133 4.529990680902344 9.993825104939766 -10.952016075499214 5.801538359353155 -2.7912762516128984 -2.2838501202210524 1.44353253916183 -4.647745069638773 -2.6828531613289788
1769 21228 0 0 0 -3.702780004170148 -1.5644507519542477 -0.3555450149701181 -1.9541960146296433 0.1253785571940608 0.015711342165420396 0.2288991644033482 2.794962232975366 3.8205945838676194 4.530927568343313 9.995389884965938 -10.954220551242784 5.803061310677165 -2.7906188408108683 -2.284974015841264 1.4446518378320028 -4.648623800284158 -2.686772769602088
1770 21240 0 0 0 -3.702770991374056 -1.5644486859703575 -0.35554773972065346 -1.9542148014518843 0.1253724472880755 0.015619944688661349 0.22874762956690847 2.7942795180387194 3.8211440491287796 4.531816355272244 9.997215827275973 -10.957278021154487 5.805368183405097 -2.7897051632092733 -2.2861106923528447 1.4458622107125343 -4.6494418441981145 -2.6913600255339762
1771 21252 0 0 0 -3.702753858730127 -1.5644376392800043 -0.35557173112524937 -1.9541729659333473 0.12537388757266626 0.015627603981121712 0.228855358511104 2.7952551755917514 3.8221287314094705 4.533352380912151 9.995530669346419 -10.954811393036778 5.8036151830191125 -2.790839704522155 -2.2874092819682392 1.443909028330348 -4.648251404764659 -2.688439248492632
1772 21264 0 0 0 -3.7027435330977947 -1.5644124882653352 -0.3556151010842487 -1.9541377944000553 0.12537037337788134 0.015477128904685321 0.22877597157979468 2.7957312350188044 3.822113908721347 4.532701276316212 9.99474694367385 -10.95282790123625 5.802512973357143 -2.792348612573282 -2.2868957944717807 1.443774866737799 -4.647365855945736 -2.6858332196232846
1773 21276 0 0 0 -3.702726820116847 -1.5643960268884405 -0.3556389898876727 -1.9541452809402446 0.12536340930243997 0.015332410889163645 0.22861259904719436 2.7955599124554373 3.8222887204050027 4.532765173349775 9.994251524924428 -10.952099850580593 5.801925231634348 -2.7918177933069757 -2.2869533869312075 1.4432742169670576 -4.647952524454103 -2.6847364728276157
1774 21288 0 0 0 -3.702675903189349 -1.5643627890945844 -0.3556983000424293 -1.9541021272566048 0.12535845780655513 0.01521801348750327 0.22860126772711276 2.796977817017975 3.8232828955835414 4.533629124043041 9.992528556430312 -10.94887717857864 5.798945409343598 -2.79265033575229 -2.287485043224044 1.4415645142405014 -4.647657579534466 -2.681766181689389
1775 21300 0 0 0 -3.7026859490666633 -1.564366388449447 -0.35569689377265384 -1.95409266647065 0.12535529067250314 0.015250366729090808 0.2286436628506349 2.7969689512840437 3.824305783250847 4.536544680339026 9.99285118472629 -10.94964922206362 5.799356726841291 -2.7943773195449104 -2.291502851529595 1.4412497107586606 -4.6484644463747635 -2.6847193593763476
1776 21312 0 0 0 -3.702696593100997 -1.5644002751332051 -0.3556351126595559 -1.9541397931593711 0.12536689930274747 0.015442559188763314 0.2287350504862598 2.796263493488941 3.823147223139063 4.534582614349308 9.993746595707062 -10.951096864450685 5.800327672016503 -2.7937180058940547 -2.289678461651834 1.4423778158242129 -4.648566764818098 -2.686146876992731
1777 21324 0 0 0 -3.7026620714168788 -1.5643753570228247 -0.35568062773950115 -1.9540693959402091 0.12536790278312906 0.015468290720429777 0.22891604321081624 2.7983744684454734 3.825613846768571 4.536441055691451 9.990437309032323 -10.947172087766019 5.7962998248645095 -2.797609171786111 -2.293139468420091 1.439164142002534 -4.64825957881628 -2.681906758562116
1778 21336 0 0 0 -3.7026746942793927 -1.564398770837028 -0.35563314912965277 -1.9540831846861721 0.12538782680670313 0.015678870194013615 0.22912660790784725 2.7984930113481976 3.8256011077958028 4.5361958874346 9.989719085823925 -10.94674897841689 5.795642133552612 -2.79815474545613 -2.29333248934839 1.4380417158403898 -4.647875213252159 -2.68224408547514
1779 21348 0 0 0 -3.702680068686834 -1.5643825240092515 -0.35566362166394494 -1.9540533790943613 0.12537863732450372 0.015572684765242274 0.22906279435477656 2.7987160677357474 3.8265458487765014 4.538092828501923 9.99061450798401 -10.948309624653144 5.796466733283995 -2.798735461694942 -2.295370445860791 1.4380143222465824 -4.647579662163082 -2.6848389960270995
1780 21360 0 0 0 -3.70264893654902 -1.5643591601139328 -0.3557089188811142 -1.9540382488197354 0.1253593815991006 0.01539339545422863 0.2288775969444023 2.798806953996679 3.8274032444042927 4.540174868604582 9.992523707779796 -10.951029206009377 5.7977202207227565 -2.7985948295155474 -2.296752908870318 1.4395202056107803 -4.648016648388371 -2.688694003646888
1781 21372 0 0 0 -3.7027254046905136 -1.5643998055633357 -0.3556356832269641 -1.9540985565196674 0.12536196974227645 0.01550657030999024 0.22882003428794223 2.796655359531932 3.826251069833901 4.5393846808689755 9.997252375846454 -10.958477985196346 5.803324146510518 -2.7961780697389047 -2.296135294272986 1.4439017832648011 -4.649428514646143 -2.6975778623759687
1782 21384 0 0 0 -3.702716594770439 -1.5643743050906112 -0.3556872387622426 -1.9540703000246342 0.12534160464484334 0.015290691460382692 0.22861840564327232 2.796502646107692 3.8277522339399934 4.543248568488488 10.00022833921403 -10.963064627061913 5.805680770181372 -2.796208344847501 -2.2990965909584764 1.446446173336829 -4.650612779027555 -2.702372109901116
1783 21396 0 0 0 -3.702703714498855 -1.5643723038518664 -0.3556890732967223 -1.9540586078894844 0.1253434068420889 0.01533031147830296 0.22867478205669706 2.796973398206586 3.8294729824860694 4.545502446445285 9.999103401054365 -10.96306209159569 5.805063595200805 -2.798736943402545 -2.302987370028865 1.444943237479282 -4.6508101657189105 -2.703647684706167
1784 21408 0 0 0 -3.702677964873961 -1.564345254779527 -0.35574322436079986 -1.954000873780736 0.12533215325242134 0.015217133714687156 0.2286709849719562 2.79805402477022 3.8304532184180013 4.546595132362181 9.998283946091075 -10.961701911640404 5.803077290473728 -2.800612631494733 -2.303786802898782 1.4448332573074119 -4.651321359609119 -2.7006695486927397
1785 21420 0 0 0 -3.7027040253078787 -1.5643586147101027 -0.35572424399902847 -1.953994166751425 0.1253362566198591 0.015360937369591663 0.22882871085553907 2.798253814963763 3.8314770946146073 4.54826308655122 9.998715848553665 -10.963126546972783 5.803914284710229 -2.8009066758137107 -2.305431188452052 1.445755609503848 -4.651778639190344 -2.7008515878726915
1786 21432 0 0 0 -3.7026702134197897 -1.5643394065462244 -0.3557673930656955 -1.9539572351049712 0.12532536895973895 0.015273364295435701 0.22882469888953172 2.799025117480171 3.8321212173287518 4.549671005868518 9.999088306308575 -10.962068510084483 5.802996238203629 -2.800861698083969 -2.3056108885597792 1.4453204157345634 -4.651088289489596 -2.6997222795374625
1787 21444 0 0 0 -3.702633742845845 -1.5643458682669782 -0.35575457347258804 -1.9539789963812506 0.12533598636401094 0.015348076377294005 0.2289067909895297 2.799448146631918 3.831480055416085 4.548334294432893 9.996381282822302 -10.95778977127662 5.800482090861359 -2.8021683049484682 -2.3058248512974893 1.4420725933972012 -4.650372716841529 -2.696760964650208
1788 21456 0 0 0 -3.702676820517488 -1.5643745963424276 -0.35570351270229306 -1.9540178391028502 0.1253412903506261 0.015486127749097089 0.22894168694005046 2.7984433585066757 3.83139217968994 4.548529981137201 9.999482528999431 -10.963316322030582 5.803423066467948 -2.801532407938037 -2.306247981667427 1.4448954574640576 -4.652168933526608 -2.7038676421544476
1789 21468 0 0 0 -3.7026886330778144 -1.564377657656058 -0.3557029828650003 -1.9539974416713233 0.12533728190311438 0.01552895212708763 0.22901634691776038 2.798737024598625 3.8321412661492915 4.550129976710072 9.999618018423524 -10.963983606541936 5.804062312619059 -2.8022419294047936 -2.3088656904227616 1.4441637399893672 -4.652122386456385 -2.705759127216682
1790 21480 0 0 0 -3.702714774380421 -1.5643866860559483 -0.35568839783467937 -1.9540147883866454 0.12533332690860235 0.01551845450480805 0.22893392635770832 2.7978399761060997 3.832718097252375 4.55322515406518 10.003738271550825 -10.970267512317344 5.808367506495734 -2.8016788704702096 -2.3114654173196225 1.44868252251408 -4.653409271356064 -2.7143059840834565
1791 21492 0 0 0 -3.702693623430833 -1.564366536902787 -0.35572633508264384 -1.9540225986344923 0.12531803011552603 0.015305181869748904 0.22870189035186259 2.797422066640331 3.832728459846723 4.554090237898806 10.004712676400255 -10.971619125130461 5.810155193437312 -2.800110104380246 -2.3127925094160617 1.447864755173773 -4.653109282491776 -2.7184044519572796
1792 21504 0 0 0 -3.7026776928751572 -1.5643764657357646 -0.35570742761107677 -1.9540896428644858 0.1253093960501581 0.015203557790165228 0.22844482438603514 2.7958492230847214 3.8313723822282246 4.553648825964468 10.008124164164784 -10.975527131514642 5.813639178330017 -2.7972176198423697 -2.309800152213082 1.4520486735083593 -4.6529517543361845 -2.7216865319020007
1793 21516 0 0 0 -3.702668653702621 -1.5643717034250366 -0.35571107028534965 -1.9540610463327495 0.1253210110235702 0.015329090297628195 0.2286594800746276 2.797197287278061 3.832784671044166 4.556815375078518 10.007603471245101 -10.97492190149535 5.811903057355814 -2.8001743247329642 -2.3135198433799578 1.451246435897164 -4.65236030345294 -2.7227963530968347
1794 21528 0 0 0 -3.702679004014506 -1.5644097452126722 -0.3556419601664683 -1.9541202781472489 0.1253327808953219 0.015543799250886265 0.22874549284978737 2.796298843150757 3.8324652815206868 4.5567179453372155 10.01013232418064 -10.979321518982738 5.8148028213261425 -2.80005180781071 -2.3147809154041723 1.4537315321121176 -4.653611482170097 -2.729214881491298
1795 21540 0 0 0 -3.7027003044505795 -1.5644263436703405 -0.3556088245679921 -1.9541438922667818 0.12533865775521977 0.015616691734301507 0.22876284326478055 2.7957353856508105 3.832891435658296 4.557217678243202 10.012766399114843 -10.983965075578435 5.817494039450762 -2.8001358388689463 -2.316638743944317 1.4558546068610458 -4.654874894057994 -2.733651818872092
1796 21552 0 0 0 -3.7026841728020226 -1.564409480737703 -0.35564964208216737 -1.9540953806715906 0.12532742313175874 0.01554615793363773 0.2287691442654449 2.796343523044876 3.8337238981719173 4.559125609657618 10.010669558006333 -10.981594333611861 5.816242604957379 -2.803061278191066 -2.3198445932882854 1.4546261873117974 -4.654877252639016 -2.731949073103621
1797 21564 0 0 0 -3.7027159929780087 -1.5644293912427347 -0.3556224212673701 -1.9541363868291441 0.125316175642356 0.015525185799625026 0.2286346438505104 2.7946795238972046 3.8326709873859435 4.561076130675528 10.016003952420304 -10.989272554001426 5.8211107996802465 -2.7992868518151286 -2.320168777455408 1.4595748808670084 -4.657448100479959 -2.740903489686778
1798 21576 0 0 0 -3.7027335995426185 -1.5643903994948525 -0.3557007093056064 -1.9541044704801371 0.12528490844750476 0.0151153185136026 0.22824357806633805 2.793878378849525 3.8316160203723895 4.559456824245666 10.01882216112894 -10.992004815076298 5.822955396126409 -2.7935280160774942 -2.315650963205451 1.4624621335017727 -4.6591544380883 -2.7416425639218978
1799 21588 0 0 0 -3.7027281796732305 -1.5644001027175582 -0.3556814006763413 -1.9541385589503228 0.125285018714446 0.015104362592521372 0.2281588063380684 2.7932402523864672 3.831764111082178 4.559175611251821 10.019440573031188 -10.994035033724344 5.823738614890114 -2.7936458677061204 -2.3166549952095186 1.4628050188497048 -4.661176173477864 -2.744525946531334
1800 21600 0 0 0 -3.702719973435294 -1.5643971645956867 -0.3557044035569089 -1.9541181672389494 0.12525985708916787 0.014986352627149962 0.2280055019750187 2.792558485388874 3.8342285591151377 4.567651655049367 10.025212127715804 -11.003109051111869 5.830214619817545 -2.7960969650728473 -2.3255687957503564 1.4668683176289194 -4.661706599894122 -2.7574625650318754
1801 21612 0 0 0 -3.702737313045914 -1.5644610849312763 -0.35558714201625385 -1.9541969673452053 0.12528578916142677 0.015477476339107543 0.22835518869299157 2.792202730669494 3.8373493260929425 4.574579698396501 10.030308439358151 -11.01288269062052 5.835843755719007 -2.7998000914344714 -2.335033443019543 1.4717981133286475 -4.66339533596256 -2.773356598806107
1802 21624 0 0 0 -3.7027704152632834 -1.564521798011521 -0.35547591548729285 -1.954272906553118 0.12530534557967468 0.01582507894002044 0.22853562547577286 2.7909084293236432 3.8370492725257836 4.576113460106522 10.034537174823372 -11.019873856080242 5.840296790571499 -2.800762478195929 -2.3374853735063343 1.476280422541494 -4.66484866508489 -2.7838707505865847
1803 21636 0 0 0 -3.7027937675509692 -1.5645122317288196 -0.3554963854922892 -1.9542313200678478 0.12529958272886146 0.015823149350989406 0.2285918920476659 2.7912168027972886 3.83858477297257 4.5816247745251575 10.03748912278532 -11.024729037119474 5.842482637173652 -2.8013786343518605 -2.3414379341794955 1.4783802445074392 -4.664440513646446 -2.790660162977574
1804 21648 0 0 0 -3.702735528808166 -1.5644718561494149 -0.3555644912512238 -1.9541612570441391 0.12530419658059674 0.015722940063081024 0.2286915736158396 2.793503895048839 3.8395230005152303 4.5815000002161765 10.030726408590017 -11.014318456328855 5.835876805829701 -2.806056365609038 -2.34238547326308 1.4719064801925574 -4.661459054892697 -2.778061096405142
1805 21660 0 0 0 -3.7027503834185604 -1.56444616856663 -0.3556161632826272 -1.9541237725531118 0.1252834658071875 0.015458348849365327 0.2284902694303684 2.7930146319940707 3.8378160812403967 4.580713718737113 10.029936235746264 -11.011905750364589 5.834225292258526 -2.801815166988033 -2.3390561514309107 1.471211162152272 -4.662463642798902 -2.7737667720019163
1806 21672 0 0 0 -3.70274850178622 -1.5644400918093035 -0.35564636145189354 -1.9541846841594932 0.1252390267148174 0.015098837978771444 0.22791715918761574 2.7903714019343355 3.838061487520704 4.585842853241155 10.04174187497921 -11.026791690495475 5.843593210552785 -2.79436843850639 -2.339729096122726 1.482695697983938 -4.667796352166486 -2.790524893568233
1807 21684 0 0 0 -3.7027710504809916 -1.5644972378304864 -0.3555445374064104 -1.9543102857844485 0.1252425245668272 0.015278793327308929 0.2277988611534074 2.7877620222727706 3.8383425988780093 4.587669616171825 10.049219415783863 -11.039108704354502 5.851406884189175 -2.791315270940002 -2.341600636268345 1.4905727088036642 -4.671765952389492 -2.805295149083055
1808 21696 0 0 0 -3.7027908278605324 -1.5645233574902526 -0.35550694194543697 -1.9543344507989984 0.12523449403449974 0.015354036261741515 0.22775384470985274 2.7865177809660597 3.83922454059898 4.591926010157422 10.05521487583246 -11.048713713761899 5.8575491054135 -2.7922982708309436 -2.345817088765246 1.4962464116073653 -4.673533168751441 -2.816395600653373
1809 21708 0 0 0 -3.7028163412121597 -1.5644656786362843 -0.3556220171606207 -1.954251097668255 0.12519420795040512 0.014872363710244627 0.22736789713850697 2.7863351407438604 3.842349132935244 4.600050278464771 10.057297895355433 -11.053701600453763 5.860496829744527 -2.7944144673093896 -2.356009908648183 1.496059461568627 -4.6759169126799875 -2.8256387648377452
1810 21720 0 0 0 -3.702762764218872 -1.5644144182662028 -0.3557219256849469 -1.9542833233635233 0.12514837105090107 0.014289507449623751 0.22668688767383502 2.785025982004871 3.842768042429178 4.600520604113021 10.059595374419922 -11.056162000287554 5.862569340094156 -2.7896656461536025 -2.3572729469216283 1.4964081396803735 -4.679855410765284 -2.8319971312756045
1811 21732 0 0 0 -3.70276093724482 -1.564386180624788 -0.35577531784374344 -1.9542609264351534 0.12512688660832386 0.013995160655825954 0.22641799391015535 2.784536022084544 3.842154052544959 4.599628751942761 10.058210845897928 -11.053698110531478 5.861321451954892 -2.7876459241566383 -2.3549696510800153 1.4940130123040765 -4.679397498804021 -2.8297229768460617
1812 21744 0 0 0 -3.70277755043899 -1.5643866742407508 -0.3557912781544933 -1.9541951434108586 0.12511748279762738 0.014061939408036414 0.2265764548238136 2.7852197494569224 3.8430667569704027 4.6019645166062615 10.056740905430976 -11.052512283225125 5.860733630416441 -2.7890081878481547 -2.3589872473466382 1.491659477075597 -4.679858429285831 -2.826610246395478
1813 21756 0 0 0 -3.7028536383645947 -1.5645043841620896 -0.3555737331007475 -1.9543729346782652 0.12515478129587207 0.014687417541641169 0.22684234764215347 2.782181247953634 3.8407474454039487 4.601972432906043 10.06309574659007 -11.063681229902258 5.870009982465385 -2.788821062375071 -2.357848525713145 1.499056218503978 -4.677606802838131 -2.8389700200564003
1814 21768 0 0 0 -3.7029124266949056 -1.5644912532516975 -0.35560985973530396 -1.9544097841452353 0.12510755455871195 0.01422347332503504 0.2261743662061492 2.77868459548542 3.8395368012949005 4.6050050273102645 10.071576659492894 -11.075182020465197 5.87799545905716 -2.7835753276922577 -2.359841472003547 1.5070409848185722 -4.6835546522147595 -2.854635374895657
1815 21780 0 0 0 -3.7029297929020006 -1.5644915574038696 -0.3556167770180812 -1.9544478506128606 0.12508605132992212 0.014082364485308575 0.22590691259034065 2.7772641339824027 3.8402821724495793 4.611553531450862 10.08036869942834 -11.087598175938744 5.885636434815991 -2.78107044782331 -2.365514074647675 1.5143922120717397 -4.687162216539027 -2.8739797855109654
1816 21792 0 0 0 -3.702952958086079 -1.5645004476008741 -0.35561102058743815 -1.9544908850650589 0.12506679632940895 0.013970692705241233 0.2256709674479499 2.775641288243399 3.838881245106062 4.610983328873399 10.082536451431524 -11.08993658840031 5.88833484832505 -2.777358347031125 -2.364327724612057 1.5160879347400993 -4.6893994548586635 -2.8771910869893427
1817 21804 0 0 0 -3.7028756173815185 -1.5644308082854308 -0.3557241740894458 -1.9543882646506843 0.1250714899015234 0.013724295108614195 0.22570286453038513 2.778745121954961 3.8389727450124354 4.6073496609348625 10.070550100334238 -11.071688256692063 5.876700728766059 -2.779423684835504 -2.3623202853814678 1.5044308745300619 -4.686243402373581 -2.8562274837862156
1818 21816 0 0 0 -3.7028572930677437 -1.5644558229653613 -0.35569466770533514 -1.954395354128027 0.1250731532521116 0.013911978365756564 0.2259091664035614 2.7789179641561987 3.837706638205014 4.607445039779304 10.066922610192824 -11.065263937192725 5.872960568806332 -2.7795204354969782 -2.3630435715443183 1.5009841115087272 -4.687338973860334 -2.8503616965494327
1819 21828 0 0 0 -3.702856336555956 -1.564427332211287 -0.3557402480502281 -1.9543260377823486 0.12507860857958306 0.01386929538428649 0.22601058302696353 2.7803655214877856 3.8379041179973123 4.605066690343293 10.063914197007545 -11.060491391517315 5.868372895600482 -2.783014017371977 -2.3618158720006304 1.4980078859892785 -4.68643497510423 -2.8453867518140705
1820 21840 0 0 0 -3.702844139912498 -1.5644453034262655 -0.35571058387682125 -1.9543639921347908 0.1250748879637957 0.01395532100477027 0.2260136520782674 2.7798930900597236 3.8385922932219874 4.6094345139997 10.065905839638111 -11.064522656761516 5.87069588664389 -2.785058520376551 -2.365166513687184 1.5006302145764037 -4.6858726836209526 -2.8507817246814975
1821 21852 0 0 0 -3.702819344746349 -1.564436221180881 -0.35570901142986555 -1.9543596151012366 0.12509899126594173 0.014038897972897344 0.2261733181400326 2.7812113321403973 3.8392529540624274 4.609573108375743 10.062624324530715 -11.059234391662219 5.8679679852401865 -2.78781376604042 -2.3654079549942435 1.4974069463869244 -4.682516691287158 -2.8457967199031136
1822 21864 0 0 0 -3.7028481104419626 -1.564492199806682 -0.3556221212651633 -1.954391369652634 0.1251118199895901 0.01445399694056011 0.2265094964833748 2.7808880824306126 3.8414834753167724 4.617395896550899 10.068081118674643 -11.068784810756148 5.874076703078957 -2.7911433563606938 -2.375654694295215 1.5003536151818753 -4.682815538705601 -2.8605294672621895
1823 21876 0 0 0 -3.7028569570328917 -1.56453211952284 -0.3555583362753177 -1.9543884469149315 0.12512566230915967 0.01483630149467629 0.22687573455009385 2.7813870610385423 3.844282574675221 4.625158747364061 10.070488447382994 -11.074791057423186 5.877024316735506 -2.7950789617197755 -2.3847147659231642 1.5027638026895143 -4.683656137726179 -2.8677542709959694
1824 21888 0 0 0 -3.7028438321211143 -1.5644945168879067 -0.35564259759435857 -1.9543367132054457 0.12508860695942103 0.014512407163422626 0.226589000854962 2.781327445092752 3.8469769751493432 4.633022723252306 10.076787705959907 -11.084052993138107 5.8829471973047225 -2.794077962769896 -2.3914792864066654 1.5067813474923772 -4.684907204740214 -2.881005422868746
1825 21900 0 0 0 -3.7028615442906694 -1.5645266204158697 -0.35558701960879385 -1.954348433502484 0.1250996824903493 0.014810856390666928 0.22685460978783611 2.7815531246130965 3.848761958203626 4.637960108848673 10.080646959498889 -11.090394642510248 5.886290983144525 -2.7962096950854103 -2.3980337936591494 1.5097870919000185 -4.68553368871717 -2.8895279186360296
1826 21912 0 0 0 -3.7028197408040184 -1.5645285404813984 -0.3555971498726277 -1.9544079414737616 0.12507704665944291 0.014592328410059155 0.22648074763780052 2.7797812121612058 3.8487756603118086 4.640313999319663 10.083328501405004 -11.09450504203808 5.889760218816086 -2.794900078250363 -2.4000143036598023 1.5124107872498416 -4.687488788671336 -2.8940498807973425
1827 21924 0 0 0 -3.7028571497786595 -1.5644845281032826 -0.35569445566574753 -1.954340787662614 0.12503079036205364 0.014183373241713251 0.22610680978879535 2.778970796842499 3.8496852250830673 4.643574063255783 10.088726670275207 -11.10114219471246 5.893107118980883 -2.7896045392004476 -2.398976758001179 1.5177310372580053 -4.690384898536647 -2.896544432328424
1828 21936 0 0 0 -3.7029248506443193 -1.564526821967736 -0.35560867975168436 -1.954436051689426 0.12503626308828503 0.01428382455537883 0.22599138395292104 2.7766163744753447 3.8471134563808875 4.6412998651346005 10.09285427681516 -11.10688760968997 5.898505403773982 -2.7879914806658173 -2.395138936954239 1.5222940411566555 -4.689179441601953 -2.902717289955626
1829 21948 0 0 0 -3.7029655727898447 -1.5645576428073367 -0.3555637480338275 -1.9544730593224457 0.12503302505852928 0.014391166923740192 0.2260013128110815 2.775356632303286 3.8455689425519832 4.639824289262501 10.096043006048584 -11.111135334510342 5.903143636300133 -2.7855247658825255 -2.393303618909673 1.5257467671200824 -4.688984562641689 -2.9071061102564433
1830 21960 0 0 0 -3.7029511730354194 -1.5645583429551508 -0.3555614034129731 -1.954533542273551 0.12501724703899664 0.014152904141949972 0.22559323943700046 2.7733261544858236 3.8439340226166974 4.638828709733782 10.099577084769304 -11.116432841623794 5.906800536425161 -2.781376125789516 -2.3916064444864698 1.5304086150424734 -4.6928541068833125 -2.9127057477642433
1831 21972 0 0 0 -3.702930017380894 -1.5645921081072094 -0.35551293779075527 -1.9545732782782692 0.12501992885465527 0.014333591866262074 0.22568627475841938 2.772768912585817 3.844395268646651 4.643713221826323 10.103890998436793 -11.123066775109026 5.909976231812642 -2.7804846460048247 -2.3948667460378252 1.5335872681757503 -4.694470325231726 -2.924500997786808
1832 21984 0 0 0 -3.702973164859502 -1.5645915478097616 -0.35554351588846356 -1.9545890599041547 0.12496540803953651 0.014026371150800888 0.22520610273514904 2.7701166550103107 3.8484629875292233 4.661320401803311 10.120168484517928 -11.149669944930318 5.925566194507331 -2.778199069918677 -2.4109653565130578 1.5472346618685269 -4.701464027281944 -2.962521907199565
1833 21996 0 0 0 -3.702940365537006 -1.5645576699162922 -0.3556380425122957 -1.9545052360509312 0.12491246204523282 0.013703216651762905 0.2249292709068086 2.770091297624697 3.8517189084277557 4.669469682567985 10.124776405900594 -11.157359329773799 5.931095509423425 -2.781217755111184 -2.4207911942079146 1.5501183304313593 -4.702900879133868 -2.973168160395625
1834 22008 0 0 0 -3.702967116377043 -1.56457215141901 -0.355625267682256 -1.954544824488256 0.12488949864115943 0.01358332663764785 0.22465907174966232 2.7679906078405447 3.852680380366574 4.6731879424179645 10.131122196728171 -11.167504037871693 5.937520402978496 -2.7776021211763804 -2.4246284123607658 1.5566262441756955 -4.708119229496303 -2.982054329915561
1835 22020 0 0 0 -3.7029377510016945 -1.5645692684774652 -0.35560148110510864 -1.9545288530896596 0.12494825012161043 0.013922366327635568 0.22518778487080732 2.7710737860280057 3.8552165771848963 4.674191098744717 10.127116077617409 -11.160009576688186 5.931502438754263 -2.781611660178653 -2.427328965842246 1.5516800158003123 -4.7049476966804145 -2.976020384310252
1836 22032 0 0 0 -3.7029844342377443 -1.564579389472595 -0.35558856731413613 -1.9545986719596573 0.1249267995555936 0.013708688825739878 0.22479685658876336 2.7683602902076716 3.8545171418612254 4.676516385760725 10.131882758676154 -11.167633402188782 5.936977738401449 -2.7757425661781205 -2.4272927494599617 1.5553843896933488 -4.706761317584925 -2.9850999677318484
1837 22044 0 0 0 -3.703045920912526 -1.5645974819982618 -0.35557821707611087 -1.954677930453601 0.12487635789928324 0.013375248389378022 0.2241737805600338 2.764196782100621 3.8554821396113326 4.683767647972949 10.14275857354909 -11.185830309681188 5.949438779043125 -2.7690458683090804 -2.433370379166481 1.5644290967565067 -4.711529870290232 -3.009337079398521
1838 22056 0 0 0 -3.7030492789251825 -1.5645733431180935 -0.35561687073203085 -1.9545566718059506 0.12489254106487042 0.01358032528829022 0.22465542612782322 2.7673849016024947 3.8600988965767056 4.688834378995149 10.135658365103453 -11.176852692109948 5.942477180293026 -2.7785578722976187 -2.441851344110339 1.5576515427757536 -4.709383385351127 -2.9977122640445506
1839 22068 0 0 0 -3.703083504597871 -1.564609250901563 -0.35557160257580744 -1.9546183979812772 0.12486997339207048 0.013600454038990325 0.2244631236730944 2.7651352108656395 3.8612547367094616 4.694867389633516 10.143757211873291 -11.19208841305539 5.952663128380817 -2.7779811707711417 -2.4486506318471206 1.5648951630143977 -4.711776721528837 -3.016628813009468
1840 22080 0 0 0 -3.7030374271148006 -1.5645350117500576 -0.3557236812972939 -1.9546143832923955 0.12480064617615792 0.012696647821754692 0.22350124354816464 2.762823383076296 3.8605962096659114 4.695939733386923 10.146310903826844 -11.194466751403002 5.954931963394658 -2.7746703554708296 -2.448133457257304 1.5648141641611764 -4.713769109253363 -3.0228984238702425
1841 22092 0 0 0 -3.7030580569517193 -1.5645922287845704 -0.3556199597834228 -1.9546707431674417 0.12482588648772763 0.01320298174769752 0.22388365965621118 2.763040714252761 3.8640123300868674 4.704490820963876 10.150053491185206 -11.202531173124452 5.960074015672372 -2.7826622950366766 -2.4602578686196397 1.569482786609449 -4.713879862653589 -3.03471677023304
1842 22104 0 0 0 -3.703053463893674 -1.5645772091743853 -0.355675757841759 -1.9546549225970888 0.1247778657580329 0.012936778802496475 0.22354232191449444 2.761745901472401 3.866830046912538 4.712665262038704 10.159967485104769 -11.2157945944708 5.969272737866949 -2.7848374945771646 -2.470034570003712 1.5782377340110458 -4.717179203215042 -3.0512326054088694
1843 22116 0 0 0 -3.702951728377119 -1.564566345436361 -0.35573180233805957 -1.9546096529168788 0.1247446253108529 0.012884792540893707 0.22352927169001832 2.762829615298434 3.8744182146080948 4.732365329165125 10.167946374431924 -11.229780875892128 5.97660775875155 -2.7952315095899567 -2.4932943348463152 1.5843141637713047 -4.7203515605711495 -3.0753115850603003
1844 22128 0 0 0 -3.7030013313111727 -1.5645933288031513 -0.3556741331369555 -1.9546876022678057 0.1247493675886216 0.012889311205000606 0.22336726402690876 2.760662730283974 3.871894908881012 4.729800063622433 10.169918478260367 -11.23309295709443 5.9791416296907 -2.7909406830611907 -2.486557598186494 1.5862757485999286 -4.718714869506825 -3.0786338627371923
1845 22140 0 0 0 -3.7029739574525955 -1.5645982232706102 -0.35566040886151973 -1.9546400300338245 0.12476836049725765 0.013090721706194804 0.22370033194377148 2.7624193915994057 3.8713822801123605 4.725914094442241 10.159785478670013 -11.219365019595054 5.971908814081597 -2.7956272243501754 -2.485035089779166 1.577698238908392 -4.714497618092361 -3.061727877034086
1846 22152 0 0 0 -3.7029658136084573 -1.5645148269072784 -0.35584173075735664 -1.9544528366258531 0.12470637707450577 0.012634706055783096 0.22352268909105022 2.7643544980314245 3.8764037388602475 4.739169034680913 10.163098733603412 -11.223609384256942 5.973639291100286 -2.798550262074282 -2.496194035959113 1.579020279114325 -4.713936615624923 -3.069953674735895
1847 22164 0 0 0 -3.702952728960171 -1.5646149656082056 -0.35569433220117297 -1.9546121267659708 0.12469007016208347 0.012973477698762542 0.22341605987652724 2.7604427056214234 3.8812797821569776 4.760967994694596 10.183938892192458 -11.257830800210547 5.994871746631707 -2.799175029610085 -2.516570370356899 1.5971479315485266 -4.718429414003582 -3.1177230940996226
1848 22176 0 0 0 -3.703039127367583 -1.5646497058004623 -0.35567608765526687 -1.9545828729581851 0.12464976154911794 0.013099701998443902 0.22343367475806866 2.758926570589688 3.8894674343053395 4.783596012352573 10.202074313076213 -11.288819550914972 6.012307436280868 -2.8027552750444773 -2.5395174753398146 1.6127650839880199 -4.724292658382226 -3.1609995904590162
1849 22188 0 0 0 -3.703027662436515 -1.5647044646164556 -0.35558536711049027 -1.9547653628357478 0.1246312566514729 0.013107126729065065 0.2230070827627918 2.7550560382761846 3.891504740197793 4.7907126949470085 10.218276388491933 -11.313708233121371 6.030180951127672 -2.801465798640955 -2.5466494522539183 1.6274591634314917 -4.725224083518572 -3.1959307042322593
1850 22200 0 0 0 -3.7029332537975277 -1.5646161623115997 -0.35573438349282327 -1.954682436521191 0.12462544224983334 0.012708553225686155 0.2229008609241156 2.758314131995396 3.890425570014009 4.781687283253358 10.207086438781115 -11.294151681754485 6.017383620608337 -2.800143451324275 -2.541168412037502 1.6158349740958744 -4.725208512838194 -3.1680351784436063
1851 22212 0 0 0 -3.702980067161828 -1.5646404539378937 -0.3557037609535433 -1.9547279725778999 0.12461254695781365 0.01272648720433527 0.2227664959863868 2.756468033177635 3.893766585838545 4.788209613652551 10.219323775866842 -11.312305834697412 6.029844946373578 -2.8004488950405855 -2.5473139631260997 1.6269977506803133 -4.725299283076147 -3.1884576938016056
1852 22224 0 0 0 -3.7030093895123772 -1.564648744657474 -0.3556755677836654 -1.9547678508759245 0.12461432627619791 0.012688745691230812 0.2226431793032762 2.7552270328354087 3.889658678145282 4.783010103335319 10.219685186987798 -11.310992504672681 6.0309950667698144 -2.7949975941206855 -2.538845004042333 1.6270075634822005 -4.722615411534242 -3.1877663470865354
1853 22236 0 0 0 -3.702958039168209 -1.564540878103971 -0.3559047137166671 -1.9545932154461734 0.12453285097183017 0.011820378437138263 0.22200887324952456 2.7556709823615764 3.885945010077011 4.777035201656959 10.215704108306047 -11.302032060254419 6.0272869716456485 -2.7926178094844567 -2.529989392407459 1.62482724452083 -4.721717172051357 -3.173232455980575
1854 22248 0 0 0 -3.7029154219880596 -1.564518609121561 -0.35594913935856126 -1.954467853477031 0.12454625067503552 0.012148206031515799 0.22265383255028506 2.7598845319996603 3.891970805605825 4.783103685578358 10.205314246993616 -11.288770051510705 6.016635420650869 -2.8042144402838045 -2.538449020341566 1.6150109569610347 -4.717649349774829 -3.1564264705454717
1855 22260 0 0 0 -3.702965335990376 -1.5645566517371154 -0.3558940112577491 -1.954462285971192 0.12456560586509796 0.01259159568789204 0.22313942661746144 2.7609597346760677 3.89437239572393 4.7925032167919275 10.209609962546548 -11.295599920662724 6.020503161687001 -2.807456956172222 -2.5507791820683337 1.6186996656711545 -4.720602358912538 -3.16742358683647
1856 22272 0 0 0 -3.703043239490317 -1.564650266128302 -0.35575079002316284 -1.9546243943230366 0.12454424802804265 0.012845219580353794 0.22293939405860344 2.7565048145524242 3.898055793518956 4.811097010049338 10.227614984604802 -11.325727810178783 6.039470325735602 -2.807454830408145 -2.568084828531457 1.637783200061518 -4.727425537315199 -3.2063726082868445
1857 22284 0 0 0 -3.70306363106837 -1.564625599134268 -0.3557895099564293 -1.9545859443463605 0.12454100804421044 0.012643900090648344 0.2228131693681782 2.7562767983924243 3.892905195363746 4.7980837272401216 10.221606614982218 -11.313584130451458 6.033789894664367 -2.8035370858092374 -2.5517794507609453 1.6327896055551276 -4.72336526939699 -3.189287433192111
1858 22296 0 0 0 -3.703135169033875 -1.5647292468298293 -0.35561511566033815 -1.9546719845349134 0.12456746411575342 0.013259009120079516 0.22316641060874115 2.7543197622314772 3.8990645262051333 4.81308236262196 10.233131044060372 -11.337441816670067 6.048443196584788 -2.8086803605489257 -2.5689572969135868 1.643193862287766 -4.724028388202712 -3.2204591448997775
1859 22308 0 0 0 -3.7030997351971706 -1.5647059306773219 -0.35565819693535106 -1.954631762202511 0.12456490151205044 0.013216577315619675 0.22324080271778934 2.7558452382041168 3.901774567054318 4.816807790351837 10.228324763672292 -11.332466165790288 6.0463070542957995 -2.8120998242676625 -2.578678564367576 1.6360903524330181 -4.724010739935178 -3.2231680773453495
1860 22320 0 0 0 -3.703124925093067 -1.5647105688719924 -0.35567219881328976 -1.9546578104653265 0.12451920482229847 0.013005703557674279 0.22285743756004503 2.7536036290061694 3.907643099887591 4.834715703287041 10.241312032770898 -11.356073602964505 6.058683195970122 -2.8139562998348686 -2.5966548490864754 1.6445548646863675 -4.729782100910718 -3.2610119224368677
1861 22332 0 0 0 -3.7031665395479116 -1.564733776732699 -0.35563728064747707 -1.954617403355609 0.12453098146857049 0.013309751014178802 0.22322255468085364 2.7544458925880284 3.9085115389412683 4.8345738982508495 10.237351368736137 -11.352204417634105 6.054131016024158 -2.8168721809477097 -2.597507925720147 1.641321577045335 -4.731092634049948 -3.2569641256259527
1862 22344 0 0 0 -3.7031835526899455 -1.5647318975879663 -0.3556469346509697 -1.9546947575504812 0.12450437448285077 0.013003797871190588 0.22271868400881267 2.7519192195705107 3.909579738772076 4.842088540407721 10.243625866221583 -11.361854897532652 6.061432747210998 -2.8165075294417656 -2.604066239850069 1.6487369603664521 -4.733268150368467 -3.2680463685863144
1863 22356 0 0 0 -3.7031762994102593 -1.564742760849812 -0.3556703405349011 -1.9547853507224788 0.12442948954899712 0.012554669522518873 0.22190414367503564 2.7475300608588484 3.9164267647886186 4.864927713091415 10.263535528289543 -11.394678345491696 6.081986457225195 -2.8164845086477475 -2.6259311427409964 1.6663891417898746 -4.741781584349017 -3.311497826992257
1864 22368 0 0 0 -3.7031154826299253 -1.5647127745942624 -0.35575315787020484 -1.9547035257470597 0.12439933384641226 0.012452836358643896 0.22193573565180483 2.7491257947292396 3.918973730782474 4.870341131703762 10.263459567222403 -11.393766390852637 6.080260933864134 -2.8213833137236493 -2.6346045674629908 1.6671328362452689 -4.7450978169273235 -3.3122504395776007
1865 22380 0 0 0 -3.7031419411560016 -1.5647504615515135 -0.3557011962022512 -1.9547159444582658 0.12439541134959747 0.012599022584083205 0.22198389627543616 2.748046479103698 3.924673975284173 4.88410822481011 10.272219157705434 -11.4117195514765 6.09000989579391 -2.826435883728016 -2.652011335849786 1.6744941910509412 -4.750370181109119 -3.3382800036506497
1866 22392 0 0 0 -3.7032000978159436 -1.5647022367227126 -0.35581697569110526 -1.954595322077668 0.12434300110831227 0.01235735570302295 0.22188956005632532 2.7487224685081664 3.926661516369963 4.892688799317565 10.274449335161554 -11.414532656979178 6.09244102804048 -2.8310242329282542 -2.6575730479814257 1.678793364340487 -4.747659060423855 -3.340895231173597
1867 22404 0 0 0 -3.703235315210716 -1.564661703362499 -0.3559409471386208 -1.9545309481897062 0.12425325636455645 0.01181995440398485 0.22134195917971206 2.7470229904710832 3.928630429892576 4.904741433329491 10.280802993324208 -11.425009737728614 6.0993516956026355 -2.8259134700927913 -2.6677540833851343 1.6824980884724183 -4.7518088002885825 -3.357875016183324
1868 22416 0 0 0 -3.703144022437005 -1.564680268762777 -0.3559217358669722 -1.9545579436437996 0.12424838056509308 0.011976839908140533 0.22142991705484094 2.7473716526554197 3.932198523678945 4.909080228920858 10.283559338642654 -11.42931432871769 6.1009758131163965 -2.8287102401478137 -2.6712007166075185 1.6863395590337258 -4.75290858078843 -3.357710640333287
1869 22428 0 0 0 -3.703084675397996 -1.564659365613737 -0.3559794664472927 -1.9545415039144025 0.12422282115069816 0.011836780807345114 0.2213028767613711 2.7478157548453965 3.9358833720733375 4.918399252132049 10.28701693165873 -11.43396670761618 6.103246231449225 -2.827154142695513 -2.677460190187719 1.6896483011726873 -4.753249437720463 -3.363485922647371
1870 22440 0 0 0 -3.7031160099949165 -1.5647339835323715 -0.35588156196038173 -1.9544333631164519 0.12425290406102056 0.012847440677061847 0.2225366476181012 2.7513715192970194 3.946805337855794 4.942016655100533 10.286081145964639 -11.44087851510684 6.104864786037248 -2.840165370560413 -2.7083045933672216 1.687130432130438 -4.7546107607836925 -3.3803004640813965
1871 22452 0 0 0 -3.7030507321270356 -1.5646872613212386 -0.3559776371964042 -1.9543041374373828 0.12424742230393189 0.012846188166854736 0.2228261389378297 2.7550053528168004 3.949578830217024 4.94381088826678 10.286450056326144 -11.439778182563305 6.099610434364687 -2.837739750093659 -2.7048851264218308 1.6868400463374522 -4.7549115647283156 -3.374508546577767
1872 22464 0 0 0 -3.703043707256344 -1.5647604495721095 -0.3558590011050927 -1.9543463492807365 0.12427386554238415 0.01347288085091819 0.2233719329972867 2.755224167355649 3.95320247867612 4.955081236758845 10.292637295071021 -11.4509679767142 6.10595140471344 -2.844752614927425 -2.7175071803381377 1.6917852795717532 -4.754055448740617 -3.393398313086191
1873 22476 0 0 0 -3.703046204490529 -1.5646938368354761 -0.3560537550319531 -1.9541804122709658 0.12417048379336947 0.012908715148560507 0.22297349923839158 2.755408424898347 3.959332879018858 4.97451988594705 10.301619998185757 -11.464288707710807 6.113075782134174 -2.838546527803594 -2.7304502455333055 1.6984737391962619 -4.758765477235917 -3.4101961221877968
1874 22488 0 0 0 -3.702935796689494 -1.5646659109558614 -0.35605112376750303 -1.9540793294529433 0.12425700248570258 0.013210502936085305 0.2236845079954065 2.760616192848147 3.952793296411902 4.94614394256538 10.284933738644302 -11.435781073446972 6.094110677689191 -2.8425943061530057 -2.7025469239869278 1.6838999017352605 -4.747377947755553 -3.3683247995051993
1875 22500 0 0 0 -3.7030000730294503 -1.5646533459277876 -0.3561047877633375 -1.9542936422850914 0.1241411129159502 0.0120952203118771 0.22190648781565822 2.7515191700324846 3.9521147617008565 4.960313007214812 10.308216227352535 -11.47029664050975 6.118250589102441 -2.8283938503389687 -2.709345378745905 1.7048980195446837 -4.75668291700498 -3.409332478323509
1876 22512 0 0 0 -3.703012542242559 -1.5647615289789052 -0.3559183168183371 -1.9544949632560116 0.12414592572594113 0.012547610634550814 0.2218189559545082 2.7476693148557167 3.9610643845108546 4.989523663411888 10.328929476650885 -11.506402395625202 6.142737028043027 -2.842945805542961 -2.746464373374785 1.7223580058741532 -4.761254296051586 -3.463518081607755
1877 22524 0 0 0 -3.7030849677092355 -1.5647966906942485 -0.3558885265413087 -1.9545476464791243 0.12409442625352389 0.012441880735850354 0.22144609008356464 2.7443151213590093 3.965288010569995 5.001830063851888 10.343502209838546 -11.531796773315707 6.155290200086934 -2.8392329050649256 -2.7551821448338507 1.7357977212405828 -4.768174213786351 -3.493736794292743
1878 22536 0 0 0 -3.703138748849756 -1.5648986519590087 -0.3557716553297281 -1.9546453925628686 0.12404048457835273 0.012807347249188812 0.22138880796214636 2.740398429364339 3.979987905395328 5.044614856708956 10.367135612938519 -11.578134831978662 6.1815730845688055 -2.8501474190689433 -2.8016010264592888 1.7551701884603146 -4.776609766307781 -3.5639487133096557
1879 22548 0 0 0 -3.703136608170219 -1.5648630405559134 -0.3558758978231655 -1.9545557789029773 0.12398016441133357 0.012428680043147507 0.22102306784865827 2.7399905327205616 3.9836755735591756 5.055487217479794 10.377755271633664 -11.594612255367508 6.188363767936121 -2.8482249335237375 -2.8102950805203557 1.76333341696153 -4.7834842863147955 -3.5867453431060996
1880 22560 0 0 0 -3.7031638589231437 -1.5648708217364624 -0.35586002346614665 -1.9545762099460757 0.1239908572408287 0.01247390330200995 0.22105274481883694 2.739594317622863 3.9839815190012544 5.051809519346558 10.378546886843749 -11.596289677303874 6.188253377056808 -2.846977081312787 -2.8097203248116744 1.7611808484707616 -4.785958446903511 -3.588296481915885
1881 22572 0 0 0 -3.7031890354372488 -1.5647869699791885 -0.3560784700876913 -1.9545594253222034 0.1238262698550799 0.011071485954778948 0.21932479049011605 2.7334207312387955 3.990387263836185 5.083484714220359 10.407952990132737 -11.639994255788404 6.217299379723342 -2.8440500750246924 -2.8374360123271636 1.7824151560478072 -4.792628248856104 -3.6533552279023778
1882 22584 0 0 0 -3.7031892948344476 -1.5647381162898633 -0.35625045914109016 -1.9544127813095933 0.12371275087046078 0.010576404120873933 0.21887883389007032 2.7327888980411617 4.00517598351684 5.118844057919235 10.423748775843505 -11.671311279171029 6.236425421993336 -2.854641385516865 -2.878346782900324 1.793172723526891 -4.798396710489778 -3.6967320007955347
1883 22596 0 0 0 -3.703216471506817 -1.564608156548456 -0.35653860783059066 -1.954283185545548 0.1235689178661308 0.009283162401960254 0.21764996664734435 2.73090572724542 4.01142582940214 5.137457832329235 10.43619136207048 -11.69006750386832 6.246310664901524 -2.8430457066926755 -2.890933561237894 1.80245676200775 -4.808619462719264 -3.7202934266969994
1884 22608 0 0 0 -3.7031783318127713 -1.5647794078888877 -0.35619050118209583 -1.9544745372895858 0.12370501711885093 0.010898605302285992 0.2191152119591918 2.733023104447453 4.00994775184814 5.134438552886179 10.430328595936881 -11.682260137702574 6.240988068925878 -2.846403781187315 -2.891325187231738 1.7968703133615416 -4.805141134781101 -3.7118741316880968
1885 22620 0 0 0 -3.703265480039855 -1.5649021617676895 -0.35595919773900153 -1.954636341262742 0.12376200868233142 0.011656151620001257 0.21961758576315377 2.7310720305664624 4.0057643662112605 5.128814804336049 10.428379775353104 -11.680636115491097 6.241429352908674 -2.8388091763437644 -2.8832261661676655 1.7955657883585254 -4.804390913025612 -3.708979559114287
1886 22632 0 0 0 -3.7031486660974426 -1.5647901577625285 -0.35618796730922425 -1.954487785360853 0.12368914254350198 0.010948819183031028 0.2191238106339235 2.732997843910483 4.012647502841741 5.142453923090467 10.431267029234588 -11.68578628484045 6.240176935307818 -2.8345121065524292 -2.8909956074373975 1.795863177676105 -4.807294888589675 -3.7188981130445993
1887 22644 0 0 0 -3.7031679494121588 -1.5647893836264395 -0.3562661464727167 -1.9544679175239725 0.12358078983810089 0.010573988965314852 0.21854526715420725 2.730290473486948 4.023949276435395 5.17735016596116 10.456686616976436 -11.728707424479701 6.265628902195356 -2.837378451382534 -2.9251837450717746 1.8125701684864213 -4.814401377066968 -3.7806182231649914
1888 22656 0 0 0 -3.7032682269422823 -1.5648729354411115 -0.35611697934854686 -1.954570595698946 0.12358958138820939 0.01086558839631951 0.21849948395847016 2.726580462975061 4.023951383192707 5.185219795249168 10.471355027773322 -11.750775848641247 6.279235461041875 -2.832531894580964 -2.931431967908656 1.8271175811384865 -4.820530088160449 -3.8091187119610974
1889 22668 0 0 0 -3.7031821744028464 -1.5647875049799693 -0.35638362205848906 -1.9543045686843608 0.12346288969099364 0.01041030188832741 0.21837205229248663 2.7293649410848633 4.039545183558052 5.227109076652112 10.487235247978548 -11.78034568886073 6.2955267586094275 -2.847292258579637 -2.974034217483563 1.8388031167734238 -4.823070851852134 -3.8536060383230812
1890 22680 0 0 0 -3.7032562426437936 -1.5648886305648804 -0.35625543928262626 -1.9544564399459359 0.1234120108538417 0.01056477416789354 0.21796315855194512 2.7232577293783438 4.045103662133781 5.251253995324434 10.508548491234366 -11.816647086031537 6.319646639836883 -2.8479378111730336 -2.9990054973411246 1.857303501152898 -4.830737870106085 -3.900522756393384
1891 22692 0 0 0 -3.7033313693581715 -1.565034569822942 -0.3560128517987788 -1.9545634461326165 0.12345247363811913 0.011625529283711557 0.21877683294436023 2.7220585054578064 4.052545037869499 5.277209815139169 10.519176989169013 -11.840596034882724 6.331425366775107 -2.8527835054641604 -3.024252992024358 1.8664547226848094 -4.834946261622068 -3.938211924722764
1892 22704 0 0 0 -3.7033128128849775 -1.5650876185705198 -0.35597264061129785 -1.954692244929893 0.12337781483451539 0.011506553527231367 0.2181640786823492 2.717443524161786 4.066287707265618 5.316327277660511 10.555253364246266 -11.897711351569036 6.362509786236968 -2.85061434542765 -3.0619119496143212 1.8982063951718546 -4.851975337143504 -4.01408067120623
1893 22716 0 0 0 -3.7032607611804536 -1.5649451872804832 -0.356220274264727 -1.9544728771325692 0.12335841516437075 0.010853024085384109 0.21803881869782882 2.7219996756962788 4.064443520762081 5.303997272711486 10.538342216917348 -11.870660406809595 6.343577109334052 -2.850830785685113 -3.0507987277371407 1.882520345865272 -4.849463022285203 -3.9782238298246577
1894 22728 0 0 0 -3.7032007989602427 -1.5648814982474748 -0.35639993789549335 -1.9543510848911991 0.12326520592823405 0.010363650630889717 0.2176375136276648 2.7224406880356535 4.074984238102345 5.332806441831414 10.551914212589542 -11.89337749688956 6.354196614391888 -2.858968937647248 -3.0778917315994305 1.894093713968266 -4.854571568181387 -4.011358598126927
1895 22740 0 0 0 -3.7030832650310623 -1.5648768644700215 -0.35643357590732955 -1.95436361146509 0.12324132036675742 0.010305470962647955 0.21754959155037487 2.722807960721664 4.079355976099225 5.344556083514704 10.559994088859481 -11.90600339467154 6.35912286359723 -2.8528813832010096 -3.0841155335619637 1.8962377667999422 -4.854417723150867 -4.033331810536695
1896 22752 0 0 0 -3.7030480152036263 -1.5648118778974256 -0.35659620229920785 -1.9542383485243495 0.12316765765734446 0.009869727807420908 0.2172250506249258 2.72369431252184 4.092323576943765 5.377425029041262 10.577820904559228 -11.935244105093089 6.3750441994048845 -2.860721072899665 -3.118157922625122 1.9093636798779472 -4.859286779950349 -4.084557919941779
1897 22764 0 0 0 -3.7030923471638855 -1.5649330767477712 -0.35642163796578363 -1.9542240946706577 0.12318733142631473 0.010917827383833166 0.21825650952379475 2.724633917973608 4.103758668282297 5.402594815215174 10.582755890198785 -11.95529266273017 6.382918663672264 -2.8694830944323124 -3.1465396454696513 1.9094135751612966 -4.860254141013887 -4.116235575555679
1898 22776 0 0 0 -3.7030507849560896 -1.5648828392486664 -0.3565357795709214 -1.9541162057563533 0.12314827885587853 0.010633274348921199 0.2181046644611739 2.725857246445351 4.115955539768468 5.430938064590591 10.594535062803821 -11.976087258050882 6.390728136812511 -2.875692721322863 -3.1731183376002066 1.9167254371458256 -4.864796306083425 -4.146721128949511
1899 22788 0 0 0 -3.703151912038174 -1.5649520900773548 -0.35643601275594106 -1.9542271773962698 0.123128984787909 0.010735038332023673 0.21787016529868716 2.7217504419078327 4.1214571114290175 5.450023363163698 10.609996832778267 -12.002668294455368 6.4061651826810655 -2.8744909767755544 -3.188693537896309 1.9304465098285744 -4.870005848665631 -4.17780375223468
1900 22800 0 0 0 -3.703205874249454 -1.5649972806060266 -0.3564053348141374 -1.9543134668650597 0.12306858782270241 0.010564809357001258 0.21735658058624407 2.717249907669717 4.1245718200777 5.47567902540333 10.633914776564907 -12.038048785929957 6.428807152179343 -2.861410313393205 -3.2042905111377253 1.9511142904995609 -4.876028462093321 -4.2292259945896715
1901 22812 0 0 0 -3.7031564539741484 -1.564956554463996 -0.35646401146753903 -1.9541493897888027 0.12311088415511237 0.010851877298918825 0.21809918253028304 2.7228574817434468 4.129585818847463 5.481594034039644 10.618147413178239 -12.020188360353028 6.413891526022085 -2.8730506004105854 -3.2139834077196916 1.938321418503411 -4.873692456290499 -4.2138767970440245
1902 22824 0 0 0 -3.7031189065632977 -1.5648739781977932 -0.3566257798350674 -1.9541567065316923 0.12302635348108146 0.009892252789696325 0.2170280137119123 2.7203610489705055 4.128893221015932 5.483080299929416 10.620845297113483 -12.025413859296098 6.420383660210083 -2.868377271673123 -3.2130468203029117 1.9397799470908101 -4.873705470620156 -4.215468813078615
1903 22836 0 0 0 -3.7030534363970493 -1.5649634698539556 -0.3564560016273068 -1.9541610286532274 0.12311776381388058 0.011206833118118681 0.21851448498628995 2.7254999435994756 4.135725483547048 5.485850030758711 10.606353032921463 -12.00964563977275 6.407755949842851 -2.885367608342173 -3.2251646992191456 1.9249439874847756 -4.868431754074181 -4.207018691476737
1904 22848 0 0 0 -3.7030744504387605 -1.5649621426047937 -0.3565550227888906 -1.9540516793354983 0.12300266664948464 0.01102667474530456 0.2182281778560485 2.7239402431053676 4.155082807392779 5.534333351777933 10.632805817485579 -12.056775047764182 6.432055094605288 -2.8973154251175646 -3.2719669667650857 1.945607862549212 -4.876710585471003 -4.276916235680738
1905 22860 0 0 0 -3.7031049944086187 -1.5649924064999174 -0.3565567185712425 -1.9539563157892275 0.1229577466955529 0.011347843130219226 0.21859462664192914 2.7246525678927935 4.166302723875054 5.567032604949927 10.638453404791838 -12.070265683890769 6.441582324063572 -2.913510601354524 -3.3060812825445747 1.9519695561893322 -4.874178229372209 -4.301014960933733
